county,office,district,party,candidate,votes
Adair,U.S. Senate,,Republican,Andy BARR,2757
Adair,U.S. Senate,,Republican,Daniel CAMERON,1271
Adair,U.S. Senate,,Republican,Michael James FARIS,47
Adair,U.S. Senate,,Republican,George WASHINGTON,62
Adair,U.S. Senate,,Republican,"Valerie ""Dr Val"" FREDRICK",21
Adair,U.S. Senate,,Republican,Anissa CATLETT,24
Adair,U.S. Senate,,Republican,James D. DUNCAN,32
Adair,U.S. Senate,,Republican,Jonathan M. HOLLIDAY,27
Adair,U.S. Senate,,Republican,A. Nick SHELLEY,22
Adair,U.S. Senate,,Republican,Other Donald WENZEL,16
Adair,U.S. Senate,,Republican,Jimmy I. LEON,6
Adair,U.S. Senate,,Republican,Nate MORRIS,160
Allen,U.S. Senate,,Republican,Andy BARR,1906
Allen,U.S. Senate,,Republican,Daniel CAMERON,1084
Allen,U.S. Senate,,Republican,Michael James FARIS,51
Allen,U.S. Senate,,Republican,George WASHINGTON,43
Allen,U.S. Senate,,Republican,"Valerie ""Dr Val"" FREDRICK",31
Allen,U.S. Senate,,Republican,Anissa CATLETT,28
Allen,U.S. Senate,,Republican,James D. DUNCAN,25
Allen,U.S. Senate,,Republican,Jonathan M. HOLLIDAY,28
Allen,U.S. Senate,,Republican,A. Nick SHELLEY,6
Allen,U.S. Senate,,Republican,Other Donald WENZEL,9
Allen,U.S. Senate,,Republican,Jimmy I. LEON,8
Allen,U.S. Senate,,Republican,Nate MORRIS,134
Anderson,U.S. Senate,,Republican,Andy BARR,2625
Anderson,U.S. Senate,,Republican,Daniel CAMERON,912
Anderson,U.S. Senate,,Republican,Michael James FARIS,51
Anderson,U.S. Senate,,Republican,George WASHINGTON,51
Anderson,U.S. Senate,,Republican,"Valerie ""Dr Val"" FREDRICK",37
Anderson,U.S. Senate,,Republican,Anissa CATLETT,37
Anderson,U.S. Senate,,Republican,James D. DUNCAN,31
Anderson,U.S. Senate,,Republican,Jonathan M. HOLLIDAY,22
Anderson,U.S. Senate,,Republican,A. Nick SHELLEY,26
Anderson,U.S. Senate,,Republican,Other Donald WENZEL,9
Anderson,U.S. Senate,,Republican,Jimmy I. LEON,7
Ballard,U.S. Senate,,Republican,Andy BARR,578
Ballard,U.S. Senate,,Republican,Daniel CAMERON,247
Ballard,U.S. Senate,,Republican,Michael James FARIS,13
Ballard,U.S. Senate,,Republican,George WASHINGTON,14
Ballard,U.S. Senate,,Republican,"Valerie ""Dr Val"" FREDRICK",3
Ballard,U.S. Senate,,Republican,Anissa CATLETT,8
Ballard,U.S. Senate,,Republican,James D. DUNCAN,7
Ballard,U.S. Senate,,Republican,Jonathan M. HOLLIDAY,4
Ballard,U.S. Senate,,Republican,A. Nick SHELLEY,3
Ballard,U.S. Senate,,Republican,Other Donald WENZEL,7
Ballard,U.S. Senate,,Republican,Jimmy I. LEON,1
Ballard,U.S. Senate,,Republican,Nate MORRIS,42
Barren,U.S. Senate,,Republican,Andy BARR,3168
Barren,U.S. Senate,,Republican,Daniel CAMERON,1670
Barren,U.S. Senate,,Republican,Michael James FARIS,132
Barren,U.S. Senate,,Republican,George WASHINGTON,43
Barren,U.S. Senate,,Republican,"Valerie ""Dr Val"" FREDRICK",56
Barren,U.S. Senate,,Republican,Anissa CATLETT,31
Barren,U.S. Senate,,Republican,James D. DUNCAN,54
Barren,U.S. Senate,,Republican,Jonathan M. HOLLIDAY,27
Barren,U.S. Senate,,Republican,A. Nick SHELLEY,24
Barren,U.S. Senate,,Republican,Other Donald WENZEL,7
Barren,U.S. Senate,,Republican,Jimmy I. LEON,11
Barren,U.S. Senate,,Republican,Nate MORRIS,228
Bath,U.S. Senate,,Republican,Andy BARR,728
Bath,U.S. Senate,,Republican,Daniel CAMERON,183
Bath,U.S. Senate,,Republican,Michael James FARIS,25
Bath,U.S. Senate,,Republican,George WASHINGTON,13
Bath,U.S. Senate,,Republican,"Valerie ""Dr Val"" FREDRICK",5
Bath,U.S. Senate,,Republican,Anissa CATLETT,4
Bath,U.S. Senate,,Republican,James D. DUNCAN,5
Bath,U.S. Senate,,Republican,Jonathan M. HOLLIDAY,6
Bath,U.S. Senate,,Republican,A. Nick SHELLEY,7
Bath,U.S. Senate,,Republican,Other Donald WENZEL,2
Bath,U.S. Senate,,Republican,Jimmy I. LEON,3
Bell,U.S. Senate,,Republican,Andy BARR,3071
Bell,U.S. Senate,,Republican,Daniel CAMERON,982
Bell,U.S. Senate,,Republican,Michael James FARIS,33
Bell,U.S. Senate,,Republican,George WASHINGTON,123
Bell,U.S. Senate,,Republican,"Valerie ""Dr Val"" FREDRICK",39
Bell,U.S. Senate,,Republican,Anissa CATLETT,21
Bell,U.S. Senate,,Republican,James D. DUNCAN,35
Bell,U.S. Senate,,Republican,Jonathan M. HOLLIDAY,29
Bell,U.S. Senate,,Republican,A. Nick SHELLEY,16
Bell,U.S. Senate,,Republican,Other Donald WENZEL,6
Bell,U.S. Senate,,Republican,Jimmy I. LEON,7
Boone,U.S. Senate,,Republican,Andy BARR,10434
Boone,U.S. Senate,,Republican,Daniel CAMERON,5772
Boone,U.S. Senate,,Republican,Michael James FARIS,1376
Boone,U.S. Senate,,Republican,George WASHINGTON,317
Boone,U.S. Senate,,Republican,"Valerie ""Dr Val"" FREDRICK",270
Boone,U.S. Senate,,Republican,Anissa CATLETT,251
Boone,U.S. Senate,,Republican,James D. DUNCAN,99
Boone,U.S. Senate,,Republican,Jonathan M. HOLLIDAY,109
Boone,U.S. Senate,,Republican,A. Nick SHELLEY,157
Boone,U.S. Senate,,Republican,Other Donald WENZEL,29
Boone,U.S. Senate,,Republican,Jimmy I. LEON,31
Boone,U.S. Senate,,Republican,Nate MORRIS,574
Bourbon,U.S. Senate,,Republican,Andy BARR,1534
Bourbon,U.S. Senate,,Republican,Daniel CAMERON,398
Bourbon,U.S. Senate,,Republican,Michael James FARIS,24
Bourbon,U.S. Senate,,Republican,George WASHINGTON,28
Bourbon,U.S. Senate,,Republican,"Valerie ""Dr Val"" FREDRICK",35
Bourbon,U.S. Senate,,Republican,Anissa CATLETT,16
Bourbon,U.S. Senate,,Republican,James D. DUNCAN,8
Bourbon,U.S. Senate,,Republican,Jonathan M. HOLLIDAY,10
Bourbon,U.S. Senate,,Republican,A. Nick SHELLEY,16
Bourbon,U.S. Senate,,Republican,Other Donald WENZEL,5
Bourbon,U.S. Senate,,Republican,Jimmy I. LEON,5
Bourbon,U.S. Senate,,Republican,Nate MORRIS,70
Boyd,U.S. Senate,,Republican,Andy BARR,2244
Boyd,U.S. Senate,,Republican,Daniel CAMERON,1553
Boyd,U.S. Senate,,Republican,Michael James FARIS,85
Boyd,U.S. Senate,,Republican,George WASHINGTON,86
Boyd,U.S. Senate,,Republican,"Valerie ""Dr Val"" FREDRICK",80
Boyd,U.S. Senate,,Republican,Anissa CATLETT,35
Boyd,U.S. Senate,,Republican,James D. DUNCAN,58
Boyd,U.S. Senate,,Republican,Jonathan M. HOLLIDAY,46
Boyd,U.S. Senate,,Republican,A. Nick SHELLEY,20
Boyd,U.S. Senate,,Republican,Other Donald WENZEL,5
Boyd,U.S. Senate,,Republican,Jimmy I. LEON,7
Boyle,U.S. Senate,,Republican,Andy BARR,1890
Boyle,U.S. Senate,,Republican,Daniel CAMERON,842
Boyle,U.S. Senate,,Republican,Michael James FARIS,53
Boyle,U.S. Senate,,Republican,George WASHINGTON,29
Boyle,U.S. Senate,,Republican,"Valerie ""Dr Val"" FREDRICK",29
Boyle,U.S. Senate,,Republican,Anissa CATLETT,30
Boyle,U.S. Senate,,Republican,James D. DUNCAN,26
Boyle,U.S. Senate,,Republican,Jonathan M. HOLLIDAY,30
Boyle,U.S. Senate,,Republican,A. Nick SHELLEY,10
Boyle,U.S. Senate,,Republican,Other Donald WENZEL,7
Boyle,U.S. Senate,,Republican,Jimmy I. LEON,3
Bracken,U.S. Senate,,Republican,Andy BARR,629
Bracken,U.S. Senate,,Republican,Daniel CAMERON,337
Bracken,U.S. Senate,,Republican,Michael James FARIS,61
Bracken,U.S. Senate,,Republican,George WASHINGTON,20
Bracken,U.S. Senate,,Republican,"Valerie ""Dr Val"" FREDRICK",15
Bracken,U.S. Senate,,Republican,Anissa CATLETT,6
Bracken,U.S. Senate,,Republican,James D. DUNCAN,3
Bracken,U.S. Senate,,Republican,Jonathan M. HOLLIDAY,9
Bracken,U.S. Senate,,Republican,A. Nick SHELLEY,23
Bracken,U.S. Senate,,Republican,Other Donald WENZEL,4
Bracken,U.S. Senate,,Republican,Jimmy I. LEON,1
Breathitt,U.S. Senate,,Republican,Andy BARR,274
Breathitt,U.S. Senate,,Republican,Daniel CAMERON,153
Breathitt,U.S. Senate,,Republican,Michael James FARIS,8
Breathitt,U.S. Senate,,Republican,George WASHINGTON,10
Breathitt,U.S. Senate,,Republican,"Valerie ""Dr Val"" FREDRICK",6
Breathitt,U.S. Senate,,Republican,Anissa CATLETT,3
Breathitt,U.S. Senate,,Republican,James D. DUNCAN,3
Breathitt,U.S. Senate,,Republican,Jonathan M. HOLLIDAY,7
Breathitt,U.S. Senate,,Republican,A. Nick SHELLEY,0
Breathitt,U.S. Senate,,Republican,Other Donald WENZEL,0
Breathitt,U.S. Senate,,Republican,Jimmy I. LEON,0
Breathitt,U.S. Senate,,Republican,Nate MORRIS,22
Breckinridge,U.S. Senate,,Republican,Andy BARR,2044
Breckinridge,U.S. Senate,,Republican,Daniel CAMERON,1446
Breckinridge,U.S. Senate,,Republican,Michael James FARIS,130
Breckinridge,U.S. Senate,,Republican,George WASHINGTON,66
Breckinridge,U.S. Senate,,Republican,"Valerie ""Dr Val"" FREDRICK",37
Breckinridge,U.S. Senate,,Republican,Anissa CATLETT,46
Breckinridge,U.S. Senate,,Republican,James D. DUNCAN,60
Breckinridge,U.S. Senate,,Republican,Jonathan M. HOLLIDAY,35
Breckinridge,U.S. Senate,,Republican,A. Nick SHELLEY,26
Breckinridge,U.S. Senate,,Republican,Other Donald WENZEL,4
Breckinridge,U.S. Senate,,Republican,Jimmy I. LEON,8
Breckinridge,U.S. Senate,,Republican,Nate MORRIS,194
Bullitt,U.S. Senate,,Republican,Andy BARR,4624
Bullitt,U.S. Senate,,Republican,Daniel CAMERON,3109
Bullitt,U.S. Senate,,Republican,Michael James FARIS,184
Bullitt,U.S. Senate,,Republican,George WASHINGTON,88
Bullitt,U.S. Senate,,Republican,"Valerie ""Dr Val"" FREDRICK",76
Bullitt,U.S. Senate,,Republican,Anissa CATLETT,69
Bullitt,U.S. Senate,,Republican,James D. DUNCAN,51
Bullitt,U.S. Senate,,Republican,Jonathan M. HOLLIDAY,43
Bullitt,U.S. Senate,,Republican,A. Nick SHELLEY,35
Bullitt,U.S. Senate,,Republican,Other Donald WENZEL,10
Bullitt,U.S. Senate,,Republican,Jimmy I. LEON,13
Bullitt,U.S. Senate,,Republican,Nate MORRIS,292
Butler,U.S. Senate,,Republican,Andy BARR,1534
Butler,U.S. Senate,,Republican,Daniel CAMERON,702
Butler,U.S. Senate,,Republican,Michael James FARIS,339
Butler,U.S. Senate,,Republican,George WASHINGTON,51
Butler,U.S. Senate,,Republican,"Valerie ""Dr Val"" FREDRICK",34
Butler,U.S. Senate,,Republican,Anissa CATLETT,39
Butler,U.S. Senate,,Republican,James D. DUNCAN,27
Butler,U.S. Senate,,Republican,Jonathan M. HOLLIDAY,21
Butler,U.S. Senate,,Republican,A. Nick SHELLEY,17
Butler,U.S. Senate,,Republican,Other Donald WENZEL,4
Butler,U.S. Senate,,Republican,Jimmy I. LEON,7
Caldwell,U.S. Senate,,Republican,Andy BARR,1155
Caldwell,U.S. Senate,,Republican,Daniel CAMERON,418
Caldwell,U.S. Senate,,Republican,Michael James FARIS,23
Caldwell,U.S. Senate,,Republican,George WASHINGTON,18
Caldwell,U.S. Senate,,Republican,"Valerie ""Dr Val"" FREDRICK",12
Caldwell,U.S. Senate,,Republican,Anissa CATLETT,9
Caldwell,U.S. Senate,,Republican,James D. DUNCAN,20
Caldwell,U.S. Senate,,Republican,Jonathan M. HOLLIDAY,15
Caldwell,U.S. Senate,,Republican,A. Nick SHELLEY,4
Caldwell,U.S. Senate,,Republican,Other Donald WENZEL,13
Caldwell,U.S. Senate,,Republican,Jimmy I. LEON,3
Caldwell,U.S. Senate,,Republican,Nate MORRIS,65
Calloway,U.S. Senate,,Republican,Andy BARR,1868
Calloway,U.S. Senate,,Republican,Daniel CAMERON,848
Calloway,U.S. Senate,,Republican,Michael James FARIS,34
Calloway,U.S. Senate,,Republican,George WASHINGTON,23
Calloway,U.S. Senate,,Republican,"Valerie ""Dr Val"" FREDRICK",46
Calloway,U.S. Senate,,Republican,Anissa CATLETT,20
Calloway,U.S. Senate,,Republican,James D. DUNCAN,32
Calloway,U.S. Senate,,Republican,Jonathan M. HOLLIDAY,17
Calloway,U.S. Senate,,Republican,A. Nick SHELLEY,0
Calloway,U.S. Senate,,Republican,Other Donald WENZEL,9
Calloway,U.S. Senate,,Republican,Jimmy I. LEON,5
Calloway,U.S. Senate,,Republican,Nate MORRIS,128
Campbell,U.S. Senate,,Republican,Andy BARR,6679
Campbell,U.S. Senate,,Republican,Daniel CAMERON,3641
Campbell,U.S. Senate,,Republican,Michael James FARIS,467
Campbell,U.S. Senate,,Republican,George WASHINGTON,250
Campbell,U.S. Senate,,Republican,"Valerie ""Dr Val"" FREDRICK",198
Campbell,U.S. Senate,,Republican,Anissa CATLETT,157
Campbell,U.S. Senate,,Republican,James D. DUNCAN,101
Campbell,U.S. Senate,,Republican,Jonathan M. HOLLIDAY,61
Campbell,U.S. Senate,,Republican,A. Nick SHELLEY,151
Campbell,U.S. Senate,,Republican,Other Donald WENZEL,24
Campbell,U.S. Senate,,Republican,Jimmy I. LEON,16
Carlisle,U.S. Senate,,Republican,Andy BARR,429
Carlisle,U.S. Senate,,Republican,Daniel CAMERON,313
Carlisle,U.S. Senate,,Republican,Michael James FARIS,16
Carlisle,U.S. Senate,,Republican,George WASHINGTON,6
Carlisle,U.S. Senate,,Republican,"Valerie ""Dr Val"" FREDRICK",2
Carlisle,U.S. Senate,,Republican,Anissa CATLETT,4
Carlisle,U.S. Senate,,Republican,James D. DUNCAN,8
Carlisle,U.S. Senate,,Republican,Jonathan M. HOLLIDAY,2
Carlisle,U.S. Senate,,Republican,A. Nick SHELLEY,1
Carlisle,U.S. Senate,,Republican,Other Donald WENZEL,0
Carlisle,U.S. Senate,,Republican,Jimmy I. LEON,0
Carlisle,U.S. Senate,,Republican,Nate MORRIS,36
Carroll,U.S. Senate,,Republican,Andy BARR,453
Carroll,U.S. Senate,,Republican,Daniel CAMERON,367
Carroll,U.S. Senate,,Republican,Michael James FARIS,22
Carroll,U.S. Senate,,Republican,George WASHINGTON,29
Carroll,U.S. Senate,,Republican,"Valerie ""Dr Val"" FREDRICK",11
Carroll,U.S. Senate,,Republican,Anissa CATLETT,11
Carroll,U.S. Senate,,Republican,James D. DUNCAN,7
Carroll,U.S. Senate,,Republican,Jonathan M. HOLLIDAY,7
Carroll,U.S. Senate,,Republican,A. Nick SHELLEY,5
Carroll,U.S. Senate,,Republican,Other Donald WENZEL,2
Carroll,U.S. Senate,,Republican,Jimmy I. LEON,1
Carter,U.S. Senate,,Republican,Andy BARR,1246
Carter,U.S. Senate,,Republican,Daniel CAMERON,495
Carter,U.S. Senate,,Republican,Michael James FARIS,34
Carter,U.S. Senate,,Republican,George WASHINGTON,38
Carter,U.S. Senate,,Republican,"Valerie ""Dr Val"" FREDRICK",19
Carter,U.S. Senate,,Republican,Anissa CATLETT,9
Carter,U.S. Senate,,Republican,James D. DUNCAN,24
Carter,U.S. Senate,,Republican,Jonathan M. HOLLIDAY,27
Carter,U.S. Senate,,Republican,A. Nick SHELLEY,20
Carter,U.S. Senate,,Republican,Other Donald WENZEL,1
Carter,U.S. Senate,,Republican,Jimmy I. LEON,3
Casey,U.S. Senate,,Republican,Andy BARR,2608
Casey,U.S. Senate,,Republican,Daniel CAMERON,1274
Casey,U.S. Senate,,Republican,Michael James FARIS,49
Casey,U.S. Senate,,Republican,George WASHINGTON,71
Casey,U.S. Senate,,Republican,"Valerie ""Dr Val"" FREDRICK",39
Casey,U.S. Senate,,Republican,Anissa CATLETT,23
Casey,U.S. Senate,,Republican,James D. DUNCAN,18
Casey,U.S. Senate,,Republican,Jonathan M. HOLLIDAY,30
Casey,U.S. Senate,,Republican,A. Nick SHELLEY,7
Casey,U.S. Senate,,Republican,Other Donald WENZEL,11
Casey,U.S. Senate,,Republican,Jimmy I. LEON,9
Casey,U.S. Senate,,Republican,Nate MORRIS,154
Christian,U.S. Senate,,Republican,Andy BARR,2738
Christian,U.S. Senate,,Republican,Daniel CAMERON,1058
Christian,U.S. Senate,,Republican,Michael James FARIS,55
Christian,U.S. Senate,,Republican,George WASHINGTON,80
Christian,U.S. Senate,,Republican,"Valerie ""Dr Val"" FREDRICK",51
Christian,U.S. Senate,,Republican,Anissa CATLETT,39
Christian,U.S. Senate,,Republican,James D. DUNCAN,84
Christian,U.S. Senate,,Republican,Jonathan M. HOLLIDAY,34
Christian,U.S. Senate,,Republican,A. Nick SHELLEY,18
Christian,U.S. Senate,,Republican,Other Donald WENZEL,21
Christian,U.S. Senate,,Republican,Jimmy I. LEON,6
Christian,U.S. Senate,,Republican,Nate MORRIS,281
Clark,U.S. Senate,,Republican,Andy BARR,3022
Clark,U.S. Senate,,Republican,Daniel CAMERON,786
Clark,U.S. Senate,,Republican,Michael James FARIS,57
Clark,U.S. Senate,,Republican,George WASHINGTON,34
Clark,U.S. Senate,,Republican,"Valerie ""Dr Val"" FREDRICK",39
Clark,U.S. Senate,,Republican,Anissa CATLETT,40
Clark,U.S. Senate,,Republican,James D. DUNCAN,22
Clark,U.S. Senate,,Republican,Jonathan M. HOLLIDAY,12
Clark,U.S. Senate,,Republican,A. Nick SHELLEY,22
Clark,U.S. Senate,,Republican,Other Donald WENZEL,6
Clark,U.S. Senate,,Republican,Jimmy I. LEON,8
Clay,U.S. Senate,,Republican,Andy BARR,2723
Clay,U.S. Senate,,Republican,Daniel CAMERON,997
Clay,U.S. Senate,,Republican,Michael James FARIS,37
Clay,U.S. Senate,,Republican,George WASHINGTON,68
Clay,U.S. Senate,,Republican,"Valerie ""Dr Val"" FREDRICK",28
Clay,U.S. Senate,,Republican,Anissa CATLETT,16
Clay,U.S. Senate,,Republican,James D. DUNCAN,21
Clay,U.S. Senate,,Republican,Jonathan M. HOLLIDAY,36
Clay,U.S. Senate,,Republican,A. Nick SHELLEY,9
Clay,U.S. Senate,,Republican,Other Donald WENZEL,7
Clay,U.S. Senate,,Republican,Jimmy I. LEON,11
Clay,U.S. Senate,,Republican,Nate MORRIS,193
Clinton,U.S. Senate,,Republican,Andy BARR,2009
Clinton,U.S. Senate,,Republican,Daniel CAMERON,516
Clinton,U.S. Senate,,Republican,Michael James FARIS,37
Clinton,U.S. Senate,,Republican,George WASHINGTON,74
Clinton,U.S. Senate,,Republican,"Valerie ""Dr Val"" FREDRICK",31
Clinton,U.S. Senate,,Republican,Anissa CATLETT,27
Clinton,U.S. Senate,,Republican,James D. DUNCAN,43
Clinton,U.S. Senate,,Republican,Jonathan M. HOLLIDAY,33
Clinton,U.S. Senate,,Republican,A. Nick SHELLEY,25
Clinton,U.S. Senate,,Republican,Other Donald WENZEL,15
Clinton,U.S. Senate,,Republican,Jimmy I. LEON,10
Clinton,U.S. Senate,,Republican,Nate MORRIS,138
Crittenden,U.S. Senate,,Republican,Andy BARR,1223
Crittenden,U.S. Senate,,Republican,Daniel CAMERON,367
Crittenden,U.S. Senate,,Republican,Michael James FARIS,71
Crittenden,U.S. Senate,,Republican,George WASHINGTON,27
Crittenden,U.S. Senate,,Republican,"Valerie ""Dr Val"" FREDRICK",13
Crittenden,U.S. Senate,,Republican,Anissa CATLETT,9
Crittenden,U.S. Senate,,Republican,James D. DUNCAN,70
Crittenden,U.S. Senate,,Republican,Jonathan M. HOLLIDAY,10
Crittenden,U.S. Senate,,Republican,A. Nick SHELLEY,5
Crittenden,U.S. Senate,,Republican,Other Donald WENZEL,5
Crittenden,U.S. Senate,,Republican,Jimmy I. LEON,1
Cumberland,U.S. Senate,,Republican,Andy BARR,1240
Cumberland,U.S. Senate,,Republican,Daniel CAMERON,507
Cumberland,U.S. Senate,,Republican,Michael James FARIS,40
Cumberland,U.S. Senate,,Republican,George WASHINGTON,51
Cumberland,U.S. Senate,,Republican,"Valerie ""Dr Val"" FREDRICK",19
Cumberland,U.S. Senate,,Republican,Anissa CATLETT,19
Cumberland,U.S. Senate,,Republican,James D. DUNCAN,41
Cumberland,U.S. Senate,,Republican,Jonathan M. HOLLIDAY,37
Cumberland,U.S. Senate,,Republican,A. Nick SHELLEY,11
Cumberland,U.S. Senate,,Republican,Other Donald WENZEL,14
Cumberland,U.S. Senate,,Republican,Jimmy I. LEON,7
Cumberland,U.S. Senate,,Republican,Nate MORRIS,130
Daviess,U.S. Senate,,Republican,Andy BARR,4330
Daviess,U.S. Senate,,Republican,Daniel CAMERON,2625
Daviess,U.S. Senate,,Republican,Michael James FARIS,308
Daviess,U.S. Senate,,Republican,George WASHINGTON,83
Daviess,U.S. Senate,,Republican,"Valerie ""Dr Val"" FREDRICK",113
Daviess,U.S. Senate,,Republican,Anissa CATLETT,100
Daviess,U.S. Senate,,Republican,James D. DUNCAN,75
Daviess,U.S. Senate,,Republican,Jonathan M. HOLLIDAY,43
Daviess,U.S. Senate,,Republican,A. Nick SHELLEY,33
Daviess,U.S. Senate,,Republican,Other Donald WENZEL,22
Daviess,U.S. Senate,,Republican,Jimmy I. LEON,15
Daviess,U.S. Senate,,Republican,Nate MORRIS,348
Edmonson,U.S. Senate,,Republican,Andy BARR,1051
Edmonson,U.S. Senate,,Republican,Daniel CAMERON,308
Edmonson,U.S. Senate,,Republican,Michael James FARIS,22
Edmonson,U.S. Senate,,Republican,George WASHINGTON,16
Edmonson,U.S. Senate,,Republican,"Valerie ""Dr Val"" FREDRICK",14
Edmonson,U.S. Senate,,Republican,Anissa CATLETT,13
Edmonson,U.S. Senate,,Republican,James D. DUNCAN,6
Edmonson,U.S. Senate,,Republican,Jonathan M. HOLLIDAY,5
Edmonson,U.S. Senate,,Republican,A. Nick SHELLEY,3
Edmonson,U.S. Senate,,Republican,Other Donald WENZEL,1
Edmonson,U.S. Senate,,Republican,Jimmy I. LEON,0
Elliott,U.S. Senate,,Republican,Andy BARR,159
Elliott,U.S. Senate,,Republican,Nate MORRIS,15
Elliott,U.S. Senate,,Republican,Daniel CAMERON,36
Elliott,U.S. Senate,,Republican,Michael James FARIS,4
Elliott,U.S. Senate,,Republican,George WASHINGTON,7
Elliott,U.S. Senate,,Republican,"Valerie ""Dr Val"" FREDRICK",2
Elliott,U.S. Senate,,Republican,Anissa CATLETT,0
Elliott,U.S. Senate,,Republican,James D. DUNCAN,0
Elliott,U.S. Senate,,Republican,Jonathan M. HOLLIDAY,3
Elliott,U.S. Senate,,Republican,A. Nick SHELLEY,4
Elliott,U.S. Senate,,Republican,Other Donald WENZEL,1
Elliott,U.S. Senate,,Republican,Jimmy I. LEON,1
Estill,U.S. Senate,,Republican,Andy BARR,1897
Estill,U.S. Senate,,Republican,Daniel CAMERON,395
Estill,U.S. Senate,,Republican,Michael James FARIS,48
Estill,U.S. Senate,,Republican,George WASHINGTON,25
Estill,U.S. Senate,,Republican,"Valerie ""Dr Val"" FREDRICK",18
Estill,U.S. Senate,,Republican,Anissa CATLETT,20
Estill,U.S. Senate,,Republican,James D. DUNCAN,13
Estill,U.S. Senate,,Republican,Jonathan M. HOLLIDAY,8
Estill,U.S. Senate,,Republican,A. Nick SHELLEY,7
Estill,U.S. Senate,,Republican,Other Donald WENZEL,4
Estill,U.S. Senate,,Republican,Jimmy I. LEON,6
Estill,U.S. Senate,,Republican,Nate MORRIS,88
Fayette,U.S. Senate,,Republican,Andy BARR,12299
Fayette,U.S. Senate,,Republican,Daniel CAMERON,3799
Fayette,U.S. Senate,,Republican,Michael James FARIS,253
Fayette,U.S. Senate,,Republican,George WASHINGTON,188
Fayette,U.S. Senate,,Republican,"Valerie ""Dr Val"" FREDRICK",268
Fayette,U.S. Senate,,Republican,Anissa CATLETT,351
Fayette,U.S. Senate,,Republican,James D. DUNCAN,151
Fayette,U.S. Senate,,Republican,Jonathan M. HOLLIDAY,159
Fayette,U.S. Senate,,Republican,A. Nick SHELLEY,102
Fayette,U.S. Senate,,Republican,Other Donald WENZEL,40
Fayette,U.S. Senate,,Republican,Jimmy I. LEON,51
Fleming,U.S. Senate,,Republican,Andy BARR,1537
Fleming,U.S. Senate,,Republican,Daniel CAMERON,474
Fleming,U.S. Senate,,Republican,Michael James FARIS,29
Fleming,U.S. Senate,,Republican,George WASHINGTON,18
Fleming,U.S. Senate,,Republican,"Valerie ""Dr Val"" FREDRICK",10
Fleming,U.S. Senate,,Republican,Anissa CATLETT,7
Fleming,U.S. Senate,,Republican,James D. DUNCAN,19
Fleming,U.S. Senate,,Republican,Jonathan M. HOLLIDAY,3
Fleming,U.S. Senate,,Republican,A. Nick SHELLEY,93
Fleming,U.S. Senate,,Republican,Other Donald WENZEL,3
Fleming,U.S. Senate,,Republican,Jimmy I. LEON,1
Fleming,U.S. Senate,,Republican,Nate MORRIS,68
Floyd,U.S. Senate,,Republican,Andy BARR,1188
Floyd,U.S. Senate,,Republican,Daniel CAMERON,735
Floyd,U.S. Senate,,Republican,Michael James FARIS,21
Floyd,U.S. Senate,,Republican,George WASHINGTON,48
Floyd,U.S. Senate,,Republican,"Valerie ""Dr Val"" FREDRICK",19
Floyd,U.S. Senate,,Republican,Anissa CATLETT,6
Floyd,U.S. Senate,,Republican,James D. DUNCAN,12
Floyd,U.S. Senate,,Republican,Jonathan M. HOLLIDAY,24
Floyd,U.S. Senate,,Republican,A. Nick SHELLEY,10
Floyd,U.S. Senate,,Republican,Other Donald WENZEL,6
Floyd,U.S. Senate,,Republican,Jimmy I. LEON,4
Floyd,U.S. Senate,,Republican,Nate MORRIS,113
Franklin,U.S. Senate,,Republican,Andy BARR,2548
Franklin,U.S. Senate,,Republican,Daniel CAMERON,1114
Franklin,U.S. Senate,,Republican,Michael James FARIS,82
Franklin,U.S. Senate,,Republican,George WASHINGTON,48
Franklin,U.S. Senate,,Republican,"Valerie ""Dr Val"" FREDRICK",46
Franklin,U.S. Senate,,Republican,Anissa CATLETT,69
Franklin,U.S. Senate,,Republican,James D. DUNCAN,30
Franklin,U.S. Senate,,Republican,Jonathan M. HOLLIDAY,46
Franklin,U.S. Senate,,Republican,A. Nick SHELLEY,10
Franklin,U.S. Senate,,Republican,Other Donald WENZEL,18
Franklin,U.S. Senate,,Republican,Jimmy I. LEON,7
Fulton,U.S. Senate,,Republican,Andy BARR,231
Fulton,U.S. Senate,,Republican,Daniel CAMERON,53
Fulton,U.S. Senate,,Republican,Michael James FARIS,1
Fulton,U.S. Senate,,Republican,George WASHINGTON,2
Fulton,U.S. Senate,,Republican,"Valerie ""Dr Val"" FREDRICK",2
Fulton,U.S. Senate,,Republican,Anissa CATLETT,0
Fulton,U.S. Senate,,Republican,James D. DUNCAN,5
Fulton,U.S. Senate,,Republican,Jonathan M. HOLLIDAY,4
Fulton,U.S. Senate,,Republican,A. Nick SHELLEY,0
Fulton,U.S. Senate,,Republican,Other Donald WENZEL,0
Fulton,U.S. Senate,,Republican,Jimmy I. LEON,0
Fulton,U.S. Senate,,Republican,Nate MORRIS,18
Gallatin,U.S. Senate,,Republican,Andy BARR,551
Gallatin,U.S. Senate,,Republican,Daniel CAMERON,343
Gallatin,U.S. Senate,,Republican,Michael James FARIS,46
Gallatin,U.S. Senate,,Republican,George WASHINGTON,34
Gallatin,U.S. Senate,,Republican,"Valerie ""Dr Val"" FREDRICK",11
Gallatin,U.S. Senate,,Republican,Anissa CATLETT,6
Gallatin,U.S. Senate,,Republican,James D. DUNCAN,5
Gallatin,U.S. Senate,,Republican,Jonathan M. HOLLIDAY,5
Gallatin,U.S. Senate,,Republican,A. Nick SHELLEY,12
Gallatin,U.S. Senate,,Republican,Other Donald WENZEL,0
Gallatin,U.S. Senate,,Republican,Jimmy I. LEON,0
Gallatin,U.S. Senate,,Republican,Nate MORRIS,41
Garrard,U.S. Senate,,Republican,Andy BARR,1818
Garrard,U.S. Senate,,Republican,Daniel CAMERON,498
Garrard,U.S. Senate,,Republican,Michael James FARIS,31
Garrard,U.S. Senate,,Republican,George WASHINGTON,22
Garrard,U.S. Senate,,Republican,"Valerie ""Dr Val"" FREDRICK",19
Garrard,U.S. Senate,,Republican,Anissa CATLETT,19
Garrard,U.S. Senate,,Republican,James D. DUNCAN,16
Garrard,U.S. Senate,,Republican,Jonathan M. HOLLIDAY,13
Garrard,U.S. Senate,,Republican,A. Nick SHELLEY,9
Garrard,U.S. Senate,,Republican,Other Donald WENZEL,1
Garrard,U.S. Senate,,Republican,Jimmy I. LEON,3
Grant,U.S. Senate,,Republican,Andy BARR,1896
Grant,U.S. Senate,,Republican,Daniel CAMERON,1082
Grant,U.S. Senate,,Republican,Michael James FARIS,120
Grant,U.S. Senate,,Republican,George WASHINGTON,64
Grant,U.S. Senate,,Republican,"Valerie ""Dr Val"" FREDRICK",28
Grant,U.S. Senate,,Republican,Anissa CATLETT,32
Grant,U.S. Senate,,Republican,James D. DUNCAN,17
Grant,U.S. Senate,,Republican,Jonathan M. HOLLIDAY,28
Grant,U.S. Senate,,Republican,A. Nick SHELLEY,34
Grant,U.S. Senate,,Republican,Other Donald WENZEL,3
Grant,U.S. Senate,,Republican,Jimmy I. LEON,8
Graves,U.S. Senate,,Republican,Andy BARR,2611
Graves,U.S. Senate,,Republican,Daniel CAMERON,1214
Graves,U.S. Senate,,Republican,Michael James FARIS,53
Graves,U.S. Senate,,Republican,George WASHINGTON,38
Graves,U.S. Senate,,Republican,"Valerie ""Dr Val"" FREDRICK",27
Graves,U.S. Senate,,Republican,Anissa CATLETT,11
Graves,U.S. Senate,,Republican,James D. DUNCAN,16
Graves,U.S. Senate,,Republican,Jonathan M. HOLLIDAY,29
Graves,U.S. Senate,,Republican,A. Nick SHELLEY,8
Graves,U.S. Senate,,Republican,Other Donald WENZEL,11
Graves,U.S. Senate,,Republican,Jimmy I. LEON,5
Graves,U.S. Senate,,Republican,Nate MORRIS,230
Grayson,U.S. Senate,,Republican,Andy BARR,2154
Grayson,U.S. Senate,,Republican,Daniel CAMERON,1866
Grayson,U.S. Senate,,Republican,Michael James FARIS,254
Grayson,U.S. Senate,,Republican,George WASHINGTON,83
Grayson,U.S. Senate,,Republican,"Valerie ""Dr Val"" FREDRICK",42
Grayson,U.S. Senate,,Republican,Anissa CATLETT,48
Grayson,U.S. Senate,,Republican,James D. DUNCAN,58
Grayson,U.S. Senate,,Republican,Jonathan M. HOLLIDAY,34
Grayson,U.S. Senate,,Republican,A. Nick SHELLEY,26
Grayson,U.S. Senate,,Republican,Other Donald WENZEL,9
Grayson,U.S. Senate,,Republican,Jimmy I. LEON,9
Grayson,U.S. Senate,,Republican,Nate MORRIS,188
Green,U.S. Senate,,Republican,Andy BARR,1356
Green,U.S. Senate,,Republican,Daniel CAMERON,1027
Green,U.S. Senate,,Republican,Michael James FARIS,62
Green,U.S. Senate,,Republican,George WASHINGTON,27
Green,U.S. Senate,,Republican,"Valerie ""Dr Val"" FREDRICK",22
Green,U.S. Senate,,Republican,Anissa CATLETT,23
Green,U.S. Senate,,Republican,James D. DUNCAN,26
Green,U.S. Senate,,Republican,Jonathan M. HOLLIDAY,20
Green,U.S. Senate,,Republican,A. Nick SHELLEY,10
Green,U.S. Senate,,Republican,Other Donald WENZEL,2
Green,U.S. Senate,,Republican,Jimmy I. LEON,4
Greenup,U.S. Senate,,Republican,Andy BARR,2302
Greenup,U.S. Senate,,Republican,Daniel CAMERON,1341
Greenup,U.S. Senate,,Republican,Michael James FARIS,59
Greenup,U.S. Senate,,Republican,George WASHINGTON,80
Greenup,U.S. Senate,,Republican,"Valerie ""Dr Val"" FREDRICK",55
Greenup,U.S. Senate,,Republican,Anissa CATLETT,25
Greenup,U.S. Senate,,Republican,James D. DUNCAN,23
Greenup,U.S. Senate,,Republican,Jonathan M. HOLLIDAY,16
Greenup,U.S. Senate,,Republican,A. Nick SHELLEY,46
Greenup,U.S. Senate,,Republican,Other Donald WENZEL,7
Greenup,U.S. Senate,,Republican,Jimmy I. LEON,10
Hancock,U.S. Senate,,Republican,Andy BARR,808
Hancock,U.S. Senate,,Republican,Daniel CAMERON,374
Hancock,U.S. Senate,,Republican,Michael James FARIS,63
Hancock,U.S. Senate,,Republican,George WASHINGTON,28
Hancock,U.S. Senate,,Republican,"Valerie ""Dr Val"" FREDRICK",11
Hancock,U.S. Senate,,Republican,Anissa CATLETT,17
Hancock,U.S. Senate,,Republican,James D. DUNCAN,23
Hancock,U.S. Senate,,Republican,Jonathan M. HOLLIDAY,9
Hancock,U.S. Senate,,Republican,A. Nick SHELLEY,8
Hancock,U.S. Senate,,Republican,Other Donald WENZEL,7
Hancock,U.S. Senate,,Republican,Jimmy I. LEON,2
Hancock,U.S. Senate,,Republican,Nate MORRIS,106
Hardin,U.S. Senate,,Republican,Andy BARR,3497
Hardin,U.S. Senate,,Republican,Daniel CAMERON,4098
Hardin,U.S. Senate,,Republican,Michael James FARIS,505
Hardin,U.S. Senate,,Republican,George WASHINGTON,70
Hardin,U.S. Senate,,Republican,"Valerie ""Dr Val"" FREDRICK",83
Hardin,U.S. Senate,,Republican,Anissa CATLETT,148
Hardin,U.S. Senate,,Republican,James D. DUNCAN,79
Hardin,U.S. Senate,,Republican,Jonathan M. HOLLIDAY,52
Hardin,U.S. Senate,,Republican,A. Nick SHELLEY,27
Hardin,U.S. Senate,,Republican,Other Donald WENZEL,11
Hardin,U.S. Senate,,Republican,Jimmy I. LEON,15
Hardin,U.S. Senate,,Republican,Nate MORRIS,231
Harlan,U.S. Senate,,Republican,Andy BARR,2837
Harlan,U.S. Senate,,Republican,Daniel CAMERON,1189
Harlan,U.S. Senate,,Republican,Michael James FARIS,66
Harlan,U.S. Senate,,Republican,George WASHINGTON,95
Harlan,U.S. Senate,,Republican,"Valerie ""Dr Val"" FREDRICK",34
Harlan,U.S. Senate,,Republican,Anissa CATLETT,23
Harlan,U.S. Senate,,Republican,James D. DUNCAN,28
Harlan,U.S. Senate,,Republican,Jonathan M. HOLLIDAY,38
Harlan,U.S. Senate,,Republican,A. Nick SHELLEY,10
Harlan,U.S. Senate,,Republican,Other Donald WENZEL,12
Harlan,U.S. Senate,,Republican,Jimmy I. LEON,4
Harrison,U.S. Senate,,Republican,Andy BARR,1385
Harrison,U.S. Senate,,Republican,Daniel CAMERON,487
Harrison,U.S. Senate,,Republican,Michael James FARIS,40
Harrison,U.S. Senate,,Republican,George WASHINGTON,25
Harrison,U.S. Senate,,Republican,"Valerie ""Dr Val"" FREDRICK",12
Harrison,U.S. Senate,,Republican,Anissa CATLETT,9
Harrison,U.S. Senate,,Republican,James D. DUNCAN,11
Harrison,U.S. Senate,,Republican,Jonathan M. HOLLIDAY,11
Harrison,U.S. Senate,,Republican,A. Nick SHELLEY,15
Harrison,U.S. Senate,,Republican,Other Donald WENZEL,6
Harrison,U.S. Senate,,Republican,Jimmy I. LEON,1
Harrison,U.S. Senate,,Republican,Nate MORRIS,50
Hart,U.S. Senate,,Republican,Andy BARR,897
Hart,U.S. Senate,,Republican,Daniel CAMERON,579
Hart,U.S. Senate,,Republican,Michael James FARIS,148
Hart,U.S. Senate,,Republican,George WASHINGTON,19
Hart,U.S. Senate,,Republican,"Valerie ""Dr Val"" FREDRICK",11
Hart,U.S. Senate,,Republican,Anissa CATLETT,16
Hart,U.S. Senate,,Republican,James D. DUNCAN,8
Hart,U.S. Senate,,Republican,Jonathan M. HOLLIDAY,10
Hart,U.S. Senate,,Republican,A. Nick SHELLEY,9
Hart,U.S. Senate,,Republican,Other Donald WENZEL,1
Hart,U.S. Senate,,Republican,Jimmy I. LEON,4
Henderson,U.S. Senate,,Republican,Andy BARR,1799
Henderson,U.S. Senate,,Republican,Daniel CAMERON,898
Henderson,U.S. Senate,,Republican,Michael James FARIS,59
Henderson,U.S. Senate,,Republican,George WASHINGTON,51
Henderson,U.S. Senate,,Republican,"Valerie ""Dr Val"" FREDRICK",40
Henderson,U.S. Senate,,Republican,Anissa CATLETT,31
Henderson,U.S. Senate,,Republican,James D. DUNCAN,43
Henderson,U.S. Senate,,Republican,Jonathan M. HOLLIDAY,25
Henderson,U.S. Senate,,Republican,A. Nick SHELLEY,15
Henderson,U.S. Senate,,Republican,Other Donald WENZEL,8
Henderson,U.S. Senate,,Republican,Jimmy I. LEON,4
Henry,U.S. Senate,,Republican,Andy BARR,1039
Henry,U.S. Senate,,Republican,Daniel CAMERON,1012
Henry,U.S. Senate,,Republican,Michael James FARIS,41
Henry,U.S. Senate,,Republican,George WASHINGTON,43
Henry,U.S. Senate,,Republican,"Valerie ""Dr Val"" FREDRICK",15
Henry,U.S. Senate,,Republican,Anissa CATLETT,14
Henry,U.S. Senate,,Republican,James D. DUNCAN,11
Henry,U.S. Senate,,Republican,Jonathan M. HOLLIDAY,12
Henry,U.S. Senate,,Republican,A. Nick SHELLEY,24
Henry,U.S. Senate,,Republican,Other Donald WENZEL,0
Henry,U.S. Senate,,Republican,Jimmy I. LEON,3
Hickman,U.S. Senate,,Republican,Andy BARR,464
Hickman,U.S. Senate,,Republican,Daniel CAMERON,222
Hickman,U.S. Senate,,Republican,Michael James FARIS,9
Hickman,U.S. Senate,,Republican,George WASHINGTON,11
Hickman,U.S. Senate,,Republican,"Valerie ""Dr Val"" FREDRICK",3
Hickman,U.S. Senate,,Republican,Anissa CATLETT,2
Hickman,U.S. Senate,,Republican,James D. DUNCAN,11
Hickman,U.S. Senate,,Republican,Jonathan M. HOLLIDAY,3
Hickman,U.S. Senate,,Republican,A. Nick SHELLEY,0
Hickman,U.S. Senate,,Republican,Other Donald WENZEL,3
Hickman,U.S. Senate,,Republican,Jimmy I. LEON,0
Hopkins,U.S. Senate,,Republican,Andy BARR,1943
Hopkins,U.S. Senate,,Republican,Daniel CAMERON,830
Hopkins,U.S. Senate,,Republican,Michael James FARIS,47
Hopkins,U.S. Senate,,Republican,George WASHINGTON,40
Hopkins,U.S. Senate,,Republican,"Valerie ""Dr Val"" FREDRICK",35
Hopkins,U.S. Senate,,Republican,Anissa CATLETT,33
Hopkins,U.S. Senate,,Republican,James D. DUNCAN,40
Hopkins,U.S. Senate,,Republican,Jonathan M. HOLLIDAY,14
Hopkins,U.S. Senate,,Republican,A. Nick SHELLEY,5
Hopkins,U.S. Senate,,Republican,Other Donald WENZEL,14
Hopkins,U.S. Senate,,Republican,Jimmy I. LEON,9
Jackson,U.S. Senate,,Republican,Andy BARR,1837
Jackson,U.S. Senate,,Republican,Daniel CAMERON,960
Jackson,U.S. Senate,,Republican,Michael James FARIS,22
Jackson,U.S. Senate,,Republican,George WASHINGTON,50
Jackson,U.S. Senate,,Republican,"Valerie ""Dr Val"" FREDRICK",20
Jackson,U.S. Senate,,Republican,Anissa CATLETT,11
Jackson,U.S. Senate,,Republican,James D. DUNCAN,15
Jackson,U.S. Senate,,Republican,Jonathan M. HOLLIDAY,29
Jackson,U.S. Senate,,Republican,A. Nick SHELLEY,5
Jackson,U.S. Senate,,Republican,Other Donald WENZEL,5
Jackson,U.S. Senate,,Republican,Jimmy I. LEON,3
Jackson,U.S. Senate,,Republican,Nate MORRIS,112
Jefferson,U.S. Senate,,Republican,Andy BARR,23195
Jefferson,U.S. Senate,,Republican,Daniel CAMERON,15482
Jefferson,U.S. Senate,,Republican,Michael James FARIS,580
Jefferson,U.S. Senate,,Republican,George WASHINGTON,452
Jefferson,U.S. Senate,,Republican,"Valerie ""Dr Val"" FREDRICK",603
Jefferson,U.S. Senate,,Republican,Anissa CATLETT,849
Jefferson,U.S. Senate,,Republican,James D. DUNCAN,268
Jefferson,U.S. Senate,,Republican,Jonathan M. HOLLIDAY,514
Jefferson,U.S. Senate,,Republican,A. Nick SHELLEY,171
Jefferson,U.S. Senate,,Republican,Other Donald WENZEL,118
Jefferson,U.S. Senate,,Republican,Jimmy I. LEON,101
Jessamine,U.S. Senate,,Republican,Andy BARR,4045
Jessamine,U.S. Senate,,Republican,Daniel CAMERON,1479
Jessamine,U.S. Senate,,Republican,Michael James FARIS,95
Jessamine,U.S. Senate,,Republican,George WASHINGTON,57
Jessamine,U.S. Senate,,Republican,"Valerie ""Dr Val"" FREDRICK",63
Jessamine,U.S. Senate,,Republican,Anissa CATLETT,64
Jessamine,U.S. Senate,,Republican,James D. DUNCAN,56
Jessamine,U.S. Senate,,Republican,Jonathan M. HOLLIDAY,41
Jessamine,U.S. Senate,,Republican,A. Nick SHELLEY,31
Jessamine,U.S. Senate,,Republican,Other Donald WENZEL,12
Jessamine,U.S. Senate,,Republican,Jimmy I. LEON,13
Johnson,U.S. Senate,,Republican,Andy BARR,2400
Johnson,U.S. Senate,,Republican,Daniel CAMERON,1151
Johnson,U.S. Senate,,Republican,Michael James FARIS,26
Johnson,U.S. Senate,,Republican,George WASHINGTON,79
Johnson,U.S. Senate,,Republican,"Valerie ""Dr Val"" FREDRICK",42
Johnson,U.S. Senate,,Republican,Anissa CATLETT,14
Johnson,U.S. Senate,,Republican,James D. DUNCAN,25
Johnson,U.S. Senate,,Republican,Jonathan M. HOLLIDAY,47
Johnson,U.S. Senate,,Republican,A. Nick SHELLEY,16
Johnson,U.S. Senate,,Republican,Other Donald WENZEL,8
Johnson,U.S. Senate,,Republican,Jimmy I. LEON,10
Johnson,U.S. Senate,,Republican,Nate MORRIS,248
Kenton,U.S. Senate,,Republican,Andy BARR,10416
Kenton,U.S. Senate,,Republican,Daniel CAMERON,5811
Kenton,U.S. Senate,,Republican,Michael James FARIS,667
Kenton,U.S. Senate,,Republican,George WASHINGTON,369
Kenton,U.S. Senate,,Republican,"Valerie ""Dr Val"" FREDRICK",242
Kenton,U.S. Senate,,Republican,Anissa CATLETT,317
Kenton,U.S. Senate,,Republican,James D. DUNCAN,186
Kenton,U.S. Senate,,Republican,Jonathan M. HOLLIDAY,118
Kenton,U.S. Senate,,Republican,A. Nick SHELLEY,330
Kenton,U.S. Senate,,Republican,Other Donald WENZEL,51
Kenton,U.S. Senate,,Republican,Jimmy I. LEON,39
Kenton,U.S. Senate,,Republican,Nate MORRIS (Withdrawn),515
Knott,U.S. Senate,,Republican,Andy BARR,453
Knott,U.S. Senate,,Republican,Daniel CAMERON,188
Knott,U.S. Senate,,Republican,Michael James FARIS,3
Knott,U.S. Senate,,Republican,George WASHINGTON,14
Knott,U.S. Senate,,Republican,"Valerie ""Dr Val"" FREDRICK",2
Knott,U.S. Senate,,Republican,Anissa CATLETT,2
Knott,U.S. Senate,,Republican,James D. DUNCAN,3
Knott,U.S. Senate,,Republican,Jonathan M. HOLLIDAY,12
Knott,U.S. Senate,,Republican,A. Nick SHELLEY,0
Knott,U.S. Senate,,Republican,Other Donald WENZEL,1
Knott,U.S. Senate,,Republican,Jimmy I. LEON,0
Knott,U.S. Senate,,Republican,Nate MORRIS,29
Knox,U.S. Senate,,Republican,Andy BARR,4027
Knox,U.S. Senate,,Republican,Daniel CAMERON,1506
Knox,U.S. Senate,,Republican,Michael James FARIS,61
Knox,U.S. Senate,,Republican,George WASHINGTON,137
Knox,U.S. Senate,,Republican,"Valerie ""Dr Val"" FREDRICK",56
Knox,U.S. Senate,,Republican,Anissa CATLETT,31
Knox,U.S. Senate,,Republican,James D. DUNCAN,31
Knox,U.S. Senate,,Republican,Jonathan M. HOLLIDAY,78
Knox,U.S. Senate,,Republican,A. Nick SHELLEY,20
Knox,U.S. Senate,,Republican,Other Donald WENZEL,6
Knox,U.S. Senate,,Republican,Jimmy I. LEON,8
Knox,U.S. Senate,,Republican,Nate MORRIS,240
Larue,U.S. Senate,,Republican,Andy BARR,869
Larue,U.S. Senate,,Republican,Daniel CAMERON,1253
Larue,U.S. Senate,,Republican,Michael James FARIS,108
Larue,U.S. Senate,,Republican,George WASHINGTON,28
Larue,U.S. Senate,,Republican,"Valerie ""Dr Val"" FREDRICK",17
Larue,U.S. Senate,,Republican,Anissa CATLETT,22
Larue,U.S. Senate,,Republican,James D. DUNCAN,29
Larue,U.S. Senate,,Republican,Jonathan M. HOLLIDAY,10
Larue,U.S. Senate,,Republican,A. Nick SHELLEY,3
Larue,U.S. Senate,,Republican,Other Donald WENZEL,10
Larue,U.S. Senate,,Republican,Jimmy I. LEON,8
Laurel,U.S. Senate,,Republican,Andy BARR,7793
Laurel,U.S. Senate,,Republican,Daniel CAMERON,3284
Laurel,U.S. Senate,,Republican,Michael James FARIS,125
Laurel,U.S. Senate,,Republican,George WASHINGTON,149
Laurel,U.S. Senate,,Republican,"Valerie ""Dr Val"" FREDRICK",93
Laurel,U.S. Senate,,Republican,Anissa CATLETT,78
Laurel,U.S. Senate,,Republican,James D. DUNCAN,63
Laurel,U.S. Senate,,Republican,Jonathan M. HOLLIDAY,132
Laurel,U.S. Senate,,Republican,A. Nick SHELLEY,39
Laurel,U.S. Senate,,Republican,Other Donald WENZEL,34
Laurel,U.S. Senate,,Republican,Jimmy I. LEON,35
Laurel,U.S. Senate,,Republican,Nate MORRIS,521
Lawrence,U.S. Senate,,Republican,Andy BARR,1275
Lawrence,U.S. Senate,,Republican,Daniel CAMERON,636
Lawrence,U.S. Senate,,Republican,Michael James FARIS,28
Lawrence,U.S. Senate,,Republican,George WASHINGTON,78
Lawrence,U.S. Senate,,Republican,"Valerie ""Dr Val"" FREDRICK",37
Lawrence,U.S. Senate,,Republican,Anissa CATLETT,15
Lawrence,U.S. Senate,,Republican,James D. DUNCAN,33
Lawrence,U.S. Senate,,Republican,Jonathan M. HOLLIDAY,36
Lawrence,U.S. Senate,,Republican,A. Nick SHELLEY,16
Lawrence,U.S. Senate,,Republican,Other Donald WENZEL,2
Lawrence,U.S. Senate,,Republican,Jimmy I. LEON,9
Lee,U.S. Senate,,Republican,Andy BARR,1179
Lee,U.S. Senate,,Republican,Daniel CAMERON,277
Lee,U.S. Senate,,Republican,Michael James FARIS,16
Lee,U.S. Senate,,Republican,George WASHINGTON,31
Lee,U.S. Senate,,Republican,"Valerie ""Dr Val"" FREDRICK",18
Lee,U.S. Senate,,Republican,Anissa CATLETT,9
Lee,U.S. Senate,,Republican,James D. DUNCAN,6
Lee,U.S. Senate,,Republican,Jonathan M. HOLLIDAY,11
Lee,U.S. Senate,,Republican,A. Nick SHELLEY,7
Lee,U.S. Senate,,Republican,Other Donald WENZEL,1
Lee,U.S. Senate,,Republican,Jimmy I. LEON,3
Lee,U.S. Senate,,Republican,Nate MORRIS,77
Leslie,U.S. Senate,,Republican,Andy BARR,1602
Leslie,U.S. Senate,,Republican,Nate MORRIS,78
Leslie,U.S. Senate,,Republican,Daniel CAMERON,449
Leslie,U.S. Senate,,Republican,Michael James FARIS,15
Leslie,U.S. Senate,,Republican,George WASHINGTON,26
Leslie,U.S. Senate,,Republican,"Valerie ""Dr Val"" FREDRICK",20
Leslie,U.S. Senate,,Republican,Anissa CATLETT,13
Leslie,U.S. Senate,,Republican,James D. DUNCAN,12
Leslie,U.S. Senate,,Republican,Jonathan M. HOLLIDAY,30
Leslie,U.S. Senate,,Republican,A. Nick SHELLEY,6
Leslie,U.S. Senate,,Republican,Other Donald WENZEL,4
Leslie,U.S. Senate,,Republican,Jimmy I. LEON,3
Letcher,U.S. Senate,,Republican,Andy BARR,1091
Letcher,U.S. Senate,,Republican,Daniel CAMERON,373
Letcher,U.S. Senate,,Republican,Michael James FARIS,28
Letcher,U.S. Senate,,Republican,George WASHINGTON,42
Letcher,U.S. Senate,,Republican,"Valerie ""Dr Val"" FREDRICK",22
Letcher,U.S. Senate,,Republican,Anissa CATLETT,5
Letcher,U.S. Senate,,Republican,James D. DUNCAN,14
Letcher,U.S. Senate,,Republican,Jonathan M. HOLLIDAY,30
Letcher,U.S. Senate,,Republican,A. Nick SHELLEY,8
Letcher,U.S. Senate,,Republican,Other Donald WENZEL,3
Letcher,U.S. Senate,,Republican,Jimmy I. LEON,1
Letcher,U.S. Senate,,Republican,Nate MORRIS,104
Lewis,U.S. Senate,,Republican,Andy BARR,1537
Lewis,U.S. Senate,,Republican,Daniel CAMERON,718
Lewis,U.S. Senate,,Republican,Michael James FARIS,128
Lewis,U.S. Senate,,Republican,George WASHINGTON,98
Lewis,U.S. Senate,,Republican,"Valerie ""Dr Val"" FREDRICK",45
Lewis,U.S. Senate,,Republican,Anissa CATLETT,14
Lewis,U.S. Senate,,Republican,James D. DUNCAN,23
Lewis,U.S. Senate,,Republican,Jonathan M. HOLLIDAY,9
Lewis,U.S. Senate,,Republican,A. Nick SHELLEY,44
Lewis,U.S. Senate,,Republican,Other Donald WENZEL,5
Lewis,U.S. Senate,,Republican,Jimmy I. LEON,10
Lewis,U.S. Senate,,Republican,Nate MORRIS,119
Lincoln,U.S. Senate,,Republican,Andy BARR,1763
Lincoln,U.S. Senate,,Republican,Daniel CAMERON,927
Lincoln,U.S. Senate,,Republican,Michael James FARIS,60
Lincoln,U.S. Senate,,Republican,George WASHINGTON,37
Lincoln,U.S. Senate,,Republican,"Valerie ""Dr Val"" FREDRICK",27
Lincoln,U.S. Senate,,Republican,Anissa CATLETT,16
Lincoln,U.S. Senate,,Republican,James D. DUNCAN,13
Lincoln,U.S. Senate,,Republican,Jonathan M. HOLLIDAY,16
Lincoln,U.S. Senate,,Republican,A. Nick SHELLEY,6
Lincoln,U.S. Senate,,Republican,Other Donald WENZEL,2
Lincoln,U.S. Senate,,Republican,Jimmy I. LEON,1
Lincoln,U.S. Senate,,Republican,Nate MORRIS,73
Livingston,U.S. Senate,,Republican,Andy BARR,1204
Livingston,U.S. Senate,,Republican,Daniel CAMERON,346
Livingston,U.S. Senate,,Republican,Michael James FARIS,51
Livingston,U.S. Senate,,Republican,George WASHINGTON,19
Livingston,U.S. Senate,,Republican,"Valerie ""Dr Val"" FREDRICK",14
Livingston,U.S. Senate,,Republican,Anissa CATLETT,9
Livingston,U.S. Senate,,Republican,James D. DUNCAN,21
Livingston,U.S. Senate,,Republican,Jonathan M. HOLLIDAY,5
Livingston,U.S. Senate,,Republican,A. Nick SHELLEY,2
Livingston,U.S. Senate,,Republican,Other Donald WENZEL,9
Livingston,U.S. Senate,,Republican,Jimmy I. LEON,2
Livingston,U.S. Senate,,Republican,Nate MORRIS,73
Logan,U.S. Senate,,Republican,Andy BARR,1238
Logan,U.S. Senate,,Republican,Daniel CAMERON,694
Logan,U.S. Senate,,Republican,Michael James FARIS,76
Logan,U.S. Senate,,Republican,George WASHINGTON,43
Logan,U.S. Senate,,Republican,"Valerie ""Dr Val"" FREDRICK",24
Logan,U.S. Senate,,Republican,Anissa CATLETT,16
Logan,U.S. Senate,,Republican,James D. DUNCAN,32
Logan,U.S. Senate,,Republican,Jonathan M. HOLLIDAY,37
Logan,U.S. Senate,,Republican,A. Nick SHELLEY,10
Logan,U.S. Senate,,Republican,Other Donald WENZEL,7
Logan,U.S. Senate,,Republican,Jimmy I. LEON,2
Logan,U.S. Senate,,Republican,Nate MORRIS,126
Lyon,U.S. Senate,,Republican,Andy BARR,571
Lyon,U.S. Senate,,Republican,Daniel CAMERON,153
Lyon,U.S. Senate,,Republican,Michael James FARIS,10
Lyon,U.S. Senate,,Republican,George WASHINGTON,6
Lyon,U.S. Senate,,Republican,"Valerie ""Dr Val"" FREDRICK",6
Lyon,U.S. Senate,,Republican,Anissa CATLETT,7
Lyon,U.S. Senate,,Republican,James D. DUNCAN,5
Lyon,U.S. Senate,,Republican,Jonathan M. HOLLIDAY,5
Lyon,U.S. Senate,,Republican,A. Nick SHELLEY,1
Lyon,U.S. Senate,,Republican,Other Donald WENZEL,0
Lyon,U.S. Senate,,Republican,Jimmy I. LEON,0
Madison,U.S. Senate,,Republican,Andy BARR,6732
Madison,U.S. Senate,,Republican,Daniel CAMERON,2242
Madison,U.S. Senate,,Republican,Michael James FARIS,133
Madison,U.S. Senate,,Republican,George WASHINGTON,75
Madison,U.S. Senate,,Republican,"Valerie ""Dr Val"" FREDRICK",110
Madison,U.S. Senate,,Republican,Anissa CATLETT,103
Madison,U.S. Senate,,Republican,James D. DUNCAN,59
Madison,U.S. Senate,,Republican,Jonathan M. HOLLIDAY,69
Madison,U.S. Senate,,Republican,A. Nick SHELLEY,63
Madison,U.S. Senate,,Republican,Other Donald WENZEL,19
Madison,U.S. Senate,,Republican,Jimmy I. LEON,22
Madison,U.S. Senate,,Republican,Nate MORRIS,265
Magoffin,U.S. Senate,,Republican,Andy BARR,1049
Magoffin,U.S. Senate,,Republican,Daniel CAMERON,344
Magoffin,U.S. Senate,,Republican,Michael James FARIS,13
Magoffin,U.S. Senate,,Republican,George WASHINGTON,32
Magoffin,U.S. Senate,,Republican,"Valerie ""Dr Val"" FREDRICK",23
Magoffin,U.S. Senate,,Republican,Anissa CATLETT,7
Magoffin,U.S. Senate,,Republican,James D. DUNCAN,13
Magoffin,U.S. Senate,,Republican,Jonathan M. HOLLIDAY,36
Magoffin,U.S. Senate,,Republican,A. Nick SHELLEY,5
Magoffin,U.S. Senate,,Republican,Other Donald WENZEL,11
Magoffin,U.S. Senate,,Republican,Jimmy I. LEON,10
Magoffin,U.S. Senate,,Republican,Nate MORRIS,58
Marion,U.S. Senate,,Republican,Andy BARR,925
Marion,U.S. Senate,,Republican,Daniel CAMERON,498
Marion,U.S. Senate,,Republican,Michael James FARIS,35
Marion,U.S. Senate,,Republican,George WASHINGTON,16
Marion,U.S. Senate,,Republican,"Valerie ""Dr Val"" FREDRICK",19
Marion,U.S. Senate,,Republican,Anissa CATLETT,15
Marion,U.S. Senate,,Republican,James D. DUNCAN,13
Marion,U.S. Senate,,Republican,Jonathan M. HOLLIDAY,13
Marion,U.S. Senate,,Republican,A. Nick SHELLEY,5
Marion,U.S. Senate,,Republican,Other Donald WENZEL,6
Marion,U.S. Senate,,Republican,Jimmy I. LEON,2
Marshall,U.S. Senate,,Republican,Andy BARR,2554
Marshall,U.S. Senate,,Republican,Daniel CAMERON,1222
Marshall,U.S. Senate,,Republican,Michael James FARIS,41
Marshall,U.S. Senate,,Republican,George WASHINGTON,51
Marshall,U.S. Senate,,Republican,"Valerie ""Dr Val"" FREDRICK",34
Marshall,U.S. Senate,,Republican,Anissa CATLETT,28
Marshall,U.S. Senate,,Republican,James D. DUNCAN,43
Marshall,U.S. Senate,,Republican,Jonathan M. HOLLIDAY,34
Marshall,U.S. Senate,,Republican,A. Nick SHELLEY,7
Marshall,U.S. Senate,,Republican,Other Donald WENZEL,10
Marshall,U.S. Senate,,Republican,Jimmy I. LEON,6
Marshall,U.S. Senate,,Republican,Nate MORRIS,102
Martin,U.S. Senate,,Republican,Andy BARR,1164
Martin,U.S. Senate,,Republican,Daniel CAMERON,586
Martin,U.S. Senate,,Republican,Michael James FARIS,13
Martin,U.S. Senate,,Republican,George WASHINGTON,86
Martin,U.S. Senate,,Republican,"Valerie ""Dr Val"" FREDRICK",33
Martin,U.S. Senate,,Republican,Anissa CATLETT,11
Martin,U.S. Senate,,Republican,James D. DUNCAN,48
Martin,U.S. Senate,,Republican,Jonathan M. HOLLIDAY,41
Martin,U.S. Senate,,Republican,A. Nick SHELLEY,19
Martin,U.S. Senate,,Republican,Other Donald WENZEL,1
Martin,U.S. Senate,,Republican,Jimmy I. LEON,7
Martin,U.S. Senate,,Republican,Nate MORRIS,190
Mason,U.S. Senate,,Republican,Andy BARR,1133
Mason,U.S. Senate,,Republican,Daniel CAMERON,624
Mason,U.S. Senate,,Republican,Michael James FARIS,63
Mason,U.S. Senate,,Republican,George WASHINGTON,37
Mason,U.S. Senate,,Republican,"Valerie ""Dr Val"" FREDRICK",14
Mason,U.S. Senate,,Republican,Anissa CATLETT,17
Mason,U.S. Senate,,Republican,James D. DUNCAN,8
Mason,U.S. Senate,,Republican,Jonathan M. HOLLIDAY,8
Mason,U.S. Senate,,Republican,A. Nick SHELLEY,24
Mason,U.S. Senate,,Republican,Other Donald WENZEL,2
Mason,U.S. Senate,,Republican,Jimmy I. LEON,0
McCracken,U.S. Senate,,Republican,Andy BARR,4009
McCracken,U.S. Senate,,Republican,Daniel CAMERON,1432
McCracken,U.S. Senate,,Republican,Michael James FARIS,52
McCracken,U.S. Senate,,Republican,George WASHINGTON,42
McCracken,U.S. Senate,,Republican,"Valerie ""Dr Val"" FREDRICK",36
McCracken,U.S. Senate,,Republican,Anissa CATLETT,52
McCracken,U.S. Senate,,Republican,James D. DUNCAN,33
McCracken,U.S. Senate,,Republican,Jonathan M. HOLLIDAY,35
McCracken,U.S. Senate,,Republican,A. Nick SHELLEY,15
McCracken,U.S. Senate,,Republican,Other Donald WENZEL,11
McCracken,U.S. Senate,,Republican,Jimmy I. LEON,6
McCracken,U.S. Senate,,Republican,Nate MORRIS,180
McCreary,U.S. Senate,,Republican,Andy BARR,1762
McCreary,U.S. Senate,,Republican,Daniel CAMERON,772
McCreary,U.S. Senate,,Republican,Michael James FARIS,12
McCreary,U.S. Senate,,Republican,George WASHINGTON,66
McCreary,U.S. Senate,,Republican,"Valerie ""Dr Val"" FREDRICK",33
McCreary,U.S. Senate,,Republican,Anissa CATLETT,12
McCreary,U.S. Senate,,Republican,James D. DUNCAN,49
McCreary,U.S. Senate,,Republican,Jonathan M. HOLLIDAY,21
McCreary,U.S. Senate,,Republican,A. Nick SHELLEY,13
McCreary,U.S. Senate,,Republican,Other Donald WENZEL,2
McCreary,U.S. Senate,,Republican,Jimmy I. LEON,9
McCreary,U.S. Senate,,Republican,Nate MORRIS,202
McLean,U.S. Senate,,Republican,Andy BARR,536
McLean,U.S. Senate,,Republican,Daniel CAMERON,230
McLean,U.S. Senate,,Republican,Michael James FARIS,16
McLean,U.S. Senate,,Republican,George WASHINGTON,15
McLean,U.S. Senate,,Republican,"Valerie ""Dr Val"" FREDRICK",4
McLean,U.S. Senate,,Republican,Anissa CATLETT,4
McLean,U.S. Senate,,Republican,James D. DUNCAN,4
McLean,U.S. Senate,,Republican,Jonathan M. HOLLIDAY,1
McLean,U.S. Senate,,Republican,A. Nick SHELLEY,5
McLean,U.S. Senate,,Republican,Other Donald WENZEL,1
McLean,U.S. Senate,,Republican,Jimmy I. LEON,0
Meade,U.S. Senate,,Republican,Andy BARR,1495
Meade,U.S. Senate,,Republican,Daniel CAMERON,1232
Meade,U.S. Senate,,Republican,Michael James FARIS,102
Meade,U.S. Senate,,Republican,George WASHINGTON,46
Meade,U.S. Senate,,Republican,"Valerie ""Dr Val"" FREDRICK",30
Meade,U.S. Senate,,Republican,Anissa CATLETT,28
Meade,U.S. Senate,,Republican,James D. DUNCAN,21
Meade,U.S. Senate,,Republican,Jonathan M. HOLLIDAY,13
Meade,U.S. Senate,,Republican,A. Nick SHELLEY,15
Meade,U.S. Senate,,Republican,Other Donald WENZEL,5
Meade,U.S. Senate,,Republican,Jimmy I. LEON,6
Menifee,U.S. Senate,,Republican,Andy BARR,647
Menifee,U.S. Senate,,Republican,Daniel CAMERON,180
Menifee,U.S. Senate,,Republican,Michael James FARIS,19
Menifee,U.S. Senate,,Republican,George WASHINGTON,15
Menifee,U.S. Senate,,Republican,"Valerie ""Dr Val"" FREDRICK",5
Menifee,U.S. Senate,,Republican,Anissa CATLETT,3
Menifee,U.S. Senate,,Republican,James D. DUNCAN,2
Menifee,U.S. Senate,,Republican,Jonathan M. HOLLIDAY,4
Menifee,U.S. Senate,,Republican,A. Nick SHELLEY,1
Menifee,U.S. Senate,,Republican,Other Donald WENZEL,1
Menifee,U.S. Senate,,Republican,Jimmy I. LEON,0
Menifee,U.S. Senate,,Republican,Nate MORRIS,27
Mercer,U.S. Senate,,Republican,Andy BARR,1565
Mercer,U.S. Senate,,Republican,Daniel CAMERON,654
Mercer,U.S. Senate,,Republican,Michael James FARIS,43
Mercer,U.S. Senate,,Republican,George WASHINGTON,21
Mercer,U.S. Senate,,Republican,"Valerie ""Dr Val"" FREDRICK",19
Mercer,U.S. Senate,,Republican,Anissa CATLETT,27
Mercer,U.S. Senate,,Republican,James D. DUNCAN,16
Mercer,U.S. Senate,,Republican,Jonathan M. HOLLIDAY,38
Mercer,U.S. Senate,,Republican,A. Nick SHELLEY,11
Mercer,U.S. Senate,,Republican,Other Donald WENZEL,3
Mercer,U.S. Senate,,Republican,Jimmy I. LEON,4
Metcalfe,U.S. Senate,,Republican,Andy BARR,938
Metcalfe,U.S. Senate,,Republican,Daniel CAMERON,463
Metcalfe,U.S. Senate,,Republican,Michael James FARIS,29
Metcalfe,U.S. Senate,,Republican,George WASHINGTON,33
Metcalfe,U.S. Senate,,Republican,"Valerie ""Dr Val"" FREDRICK",12
Metcalfe,U.S. Senate,,Republican,Anissa CATLETT,16
Metcalfe,U.S. Senate,,Republican,James D. DUNCAN,22
Metcalfe,U.S. Senate,,Republican,Jonathan M. HOLLIDAY,24
Metcalfe,U.S. Senate,,Republican,A. Nick SHELLEY,11
Metcalfe,U.S. Senate,,Republican,Other Donald WENZEL,11
Metcalfe,U.S. Senate,,Republican,Jimmy I. LEON,1
Metcalfe,U.S. Senate,,Republican,Nate MORRIS,78
Monroe,U.S. Senate,,Republican,Andy BARR,2380
Monroe,U.S. Senate,,Republican,Daniel CAMERON,682
Monroe,U.S. Senate,,Republican,Michael James FARIS,45
Monroe,U.S. Senate,,Republican,George WASHINGTON,119
Monroe,U.S. Senate,,Republican,"Valerie ""Dr Val"" FREDRICK",37
Monroe,U.S. Senate,,Republican,Anissa CATLETT,32
Monroe,U.S. Senate,,Republican,James D. DUNCAN,51
Monroe,U.S. Senate,,Republican,Jonathan M. HOLLIDAY,51
Monroe,U.S. Senate,,Republican,A. Nick SHELLEY,19
Monroe,U.S. Senate,,Republican,Other Donald WENZEL,19
Monroe,U.S. Senate,,Republican,Jimmy I. LEON,11
Montgomery,U.S. Senate,,Republican,Andy BARR,2130
Montgomery,U.S. Senate,,Republican,Daniel CAMERON,631
Montgomery,U.S. Senate,,Republican,Michael James FARIS,78
Montgomery,U.S. Senate,,Republican,George WASHINGTON,26
Montgomery,U.S. Senate,,Republican,"Valerie ""Dr Val"" FREDRICK",15
Montgomery,U.S. Senate,,Republican,Anissa CATLETT,24
Montgomery,U.S. Senate,,Republican,James D. DUNCAN,14
Montgomery,U.S. Senate,,Republican,Jonathan M. HOLLIDAY,10
Montgomery,U.S. Senate,,Republican,A. Nick SHELLEY,16
Montgomery,U.S. Senate,,Republican,Other Donald WENZEL,1
Montgomery,U.S. Senate,,Republican,Jimmy I. LEON,4
Morgan,U.S. Senate,,Republican,Andy BARR,760
Morgan,U.S. Senate,,Republican,Daniel CAMERON,254
Morgan,U.S. Senate,,Republican,Michael James FARIS,18
Morgan,U.S. Senate,,Republican,George WASHINGTON,11
Morgan,U.S. Senate,,Republican,"Valerie ""Dr Val"" FREDRICK",9
Morgan,U.S. Senate,,Republican,Anissa CATLETT,2
Morgan,U.S. Senate,,Republican,James D. DUNCAN,6
Morgan,U.S. Senate,,Republican,Jonathan M. HOLLIDAY,12
Morgan,U.S. Senate,,Republican,A. Nick SHELLEY,4
Morgan,U.S. Senate,,Republican,Other Donald WENZEL,1
Morgan,U.S. Senate,,Republican,Jimmy I. LEON,3
Morgan,U.S. Senate,,Republican,Nate MORRIS,50
Muhlenberg,U.S. Senate,,Republican,Andy BARR,1377
Muhlenberg,U.S. Senate,,Republican,Daniel CAMERON,706
Muhlenberg,U.S. Senate,,Republican,Michael James FARIS,172
Muhlenberg,U.S. Senate,,Republican,George WASHINGTON,32
Muhlenberg,U.S. Senate,,Republican,"Valerie ""Dr Val"" FREDRICK",16
Muhlenberg,U.S. Senate,,Republican,Anissa CATLETT,16
Muhlenberg,U.S. Senate,,Republican,James D. DUNCAN,12
Muhlenberg,U.S. Senate,,Republican,Jonathan M. HOLLIDAY,17
Muhlenberg,U.S. Senate,,Republican,A. Nick SHELLEY,9
Muhlenberg,U.S. Senate,,Republican,Other Donald WENZEL,4
Muhlenberg,U.S. Senate,,Republican,Jimmy I. LEON,3
Muhlenberg,U.S. Senate,,Republican,Nate MORRIS,136
Nelson,U.S. Senate,,Republican,Andy BARR,2376
Nelson,U.S. Senate,,Republican,Daniel CAMERON,2199
Nelson,U.S. Senate,,Republican,Michael James FARIS,126
Nelson,U.S. Senate,,Republican,George WASHINGTON,70
Nelson,U.S. Senate,,Republican,"Valerie ""Dr Val"" FREDRICK",62
Nelson,U.S. Senate,,Republican,Anissa CATLETT,48
Nelson,U.S. Senate,,Republican,James D. DUNCAN,30
Nelson,U.S. Senate,,Republican,Jonathan M. HOLLIDAY,33
Nelson,U.S. Senate,,Republican,A. Nick SHELLEY,41
Nelson,U.S. Senate,,Republican,Other Donald WENZEL,9
Nelson,U.S. Senate,,Republican,Jimmy I. LEON,7
Nelson,U.S. Senate,,Republican,Nate MORRIS,154
Nicholas,U.S. Senate,,Republican,Andy BARR,364
Nicholas,U.S. Senate,,Republican,Daniel CAMERON,83
Nicholas,U.S. Senate,,Republican,Michael James FARIS,5
Nicholas,U.S. Senate,,Republican,George WASHINGTON,5
Nicholas,U.S. Senate,,Republican,"Valerie ""Dr Val"" FREDRICK",5
Nicholas,U.S. Senate,,Republican,Anissa CATLETT,3
Nicholas,U.S. Senate,,Republican,James D. DUNCAN,4
Nicholas,U.S. Senate,,Republican,Jonathan M. HOLLIDAY,0
Nicholas,U.S. Senate,,Republican,A. Nick SHELLEY,4
Nicholas,U.S. Senate,,Republican,Other Donald WENZEL,2
Nicholas,U.S. Senate,,Republican,Jimmy I. LEON,0
Ohio,U.S. Senate,,Republican,Andy BARR,2219
Ohio,U.S. Senate,,Republican,Daniel CAMERON,925
Ohio,U.S. Senate,,Republican,Michael James FARIS,229
Ohio,U.S. Senate,,Republican,George WASHINGTON,92
Ohio,U.S. Senate,,Republican,"Valerie ""Dr Val"" FREDRICK",38
Ohio,U.S. Senate,,Republican,Anissa CATLETT,41
Ohio,U.S. Senate,,Republican,James D. DUNCAN,44
Ohio,U.S. Senate,,Republican,Jonathan M. HOLLIDAY,24
Ohio,U.S. Senate,,Republican,A. Nick SHELLEY,36
Ohio,U.S. Senate,,Republican,Other Donald WENZEL,13
Ohio,U.S. Senate,,Republican,Jimmy I. LEON,3
Oldham,U.S. Senate,,Republican,Andy BARR,4614
Oldham,U.S. Senate,,Republican,Daniel CAMERON,5727
Oldham,U.S. Senate,,Republican,Michael James FARIS,132
Oldham,U.S. Senate,,Republican,George WASHINGTON,163
Oldham,U.S. Senate,,Republican,"Valerie ""Dr Val"" FREDRICK",172
Oldham,U.S. Senate,,Republican,Anissa CATLETT,145
Oldham,U.S. Senate,,Republican,James D. DUNCAN,50
Oldham,U.S. Senate,,Republican,Jonathan M. HOLLIDAY,62
Oldham,U.S. Senate,,Republican,A. Nick SHELLEY,64
Oldham,U.S. Senate,,Republican,Other Donald WENZEL,17
Oldham,U.S. Senate,,Republican,Jimmy I. LEON,12
Oldham,U.S. Senate,,Republican,Nate MORRIS,225
Owen,U.S. Senate,,Republican,Andy BARR,1060
Owen,U.S. Senate,,Republican,Daniel CAMERON,733
Owen,U.S. Senate,,Republican,Michael James FARIS,55
Owen,U.S. Senate,,Republican,George WASHINGTON,39
Owen,U.S. Senate,,Republican,"Valerie ""Dr Val"" FREDRICK",24
Owen,U.S. Senate,,Republican,Anissa CATLETT,10
Owen,U.S. Senate,,Republican,James D. DUNCAN,9
Owen,U.S. Senate,,Republican,Jonathan M. HOLLIDAY,7
Owen,U.S. Senate,,Republican,A. Nick SHELLEY,13
Owen,U.S. Senate,,Republican,Other Donald WENZEL,3
Owen,U.S. Senate,,Republican,Jimmy I. LEON,1
Owsley,U.S. Senate,,Republican,Andy BARR,1004
Owsley,U.S. Senate,,Republican,Daniel CAMERON,185
Owsley,U.S. Senate,,Republican,Michael James FARIS,7
Owsley,U.S. Senate,,Republican,George WASHINGTON,45
Owsley,U.S. Senate,,Republican,"Valerie ""Dr Val"" FREDRICK",12
Owsley,U.S. Senate,,Republican,Anissa CATLETT,4
Owsley,U.S. Senate,,Republican,James D. DUNCAN,6
Owsley,U.S. Senate,,Republican,Jonathan M. HOLLIDAY,9
Owsley,U.S. Senate,,Republican,A. Nick SHELLEY,6
Owsley,U.S. Senate,,Republican,Other Donald WENZEL,1
Owsley,U.S. Senate,,Republican,Jimmy I. LEON,3
Pendleton,U.S. Senate,,Republican,Andy BARR,1453
Pendleton,U.S. Senate,,Republican,Daniel CAMERON,654
Pendleton,U.S. Senate,,Republican,Michael James FARIS,114
Pendleton,U.S. Senate,,Republican,George WASHINGTON,68
Pendleton,U.S. Senate,,Republican,"Valerie ""Dr Val"" FREDRICK",35
Pendleton,U.S. Senate,,Republican,Anissa CATLETT,15
Pendleton,U.S. Senate,,Republican,James D. DUNCAN,8
Pendleton,U.S. Senate,,Republican,Jonathan M. HOLLIDAY,17
Pendleton,U.S. Senate,,Republican,A. Nick SHELLEY,37
Pendleton,U.S. Senate,,Republican,Other Donald WENZEL,30
Pendleton,U.S. Senate,,Republican,Jimmy I. LEON,3
Perry,U.S. Senate,,Republican,Andy BARR,1476
Perry,U.S. Senate,,Republican,Daniel CAMERON,480
Perry,U.S. Senate,,Republican,Michael James FARIS,22
Perry,U.S. Senate,,Republican,George WASHINGTON,47
Perry,U.S. Senate,,Republican,"Valerie ""Dr Val"" FREDRICK",20
Perry,U.S. Senate,,Republican,Anissa CATLETT,10
Perry,U.S. Senate,,Republican,James D. DUNCAN,9
Perry,U.S. Senate,,Republican,Jonathan M. HOLLIDAY,36
Perry,U.S. Senate,,Republican,A. Nick SHELLEY,4
Perry,U.S. Senate,,Republican,Other Donald WENZEL,2
Perry,U.S. Senate,,Republican,Jimmy I. LEON,5
Pike,U.S. Senate,,Republican,Andy BARR,3475
Pike,U.S. Senate,,Republican,Daniel CAMERON,1857
Pike,U.S. Senate,,Republican,Michael James FARIS,104
Pike,U.S. Senate,,Republican,George WASHINGTON,115
Pike,U.S. Senate,,Republican,"Valerie ""Dr Val"" FREDRICK",62
Pike,U.S. Senate,,Republican,Anissa CATLETT,30
Pike,U.S. Senate,,Republican,James D. DUNCAN,30
Pike,U.S. Senate,,Republican,Jonathan M. HOLLIDAY,42
Pike,U.S. Senate,,Republican,A. Nick SHELLEY,16
Pike,U.S. Senate,,Republican,Other Donald WENZEL,3
Pike,U.S. Senate,,Republican,Jimmy I. LEON,7
Pike,U.S. Senate,,Republican,Nate MORRIS,407
Powell,U.S. Senate,,Republican,Andy BARR,1288
Powell,U.S. Senate,,Republican,Daniel CAMERON,358
Powell,U.S. Senate,,Republican,Michael James FARIS,140
Powell,U.S. Senate,,Republican,George WASHINGTON,26
Powell,U.S. Senate,,Republican,"Valerie ""Dr Val"" FREDRICK",14
Powell,U.S. Senate,,Republican,Anissa CATLETT,23
Powell,U.S. Senate,,Republican,James D. DUNCAN,12
Powell,U.S. Senate,,Republican,Jonathan M. HOLLIDAY,8
Powell,U.S. Senate,,Republican,A. Nick SHELLEY,10
Powell,U.S. Senate,,Republican,Other Donald WENZEL,2
Powell,U.S. Senate,,Republican,Jimmy I. LEON,2
Powell,U.S. Senate,,Republican,Nate MORRIS,71
Pulaski,U.S. Senate,,Republican,Andy BARR,7991
Pulaski,U.S. Senate,,Republican,Daniel CAMERON,4154
Pulaski,U.S. Senate,,Republican,Michael James FARIS,132
Pulaski,U.S. Senate,,Republican,George WASHINGTON,202
Pulaski,U.S. Senate,,Republican,"Valerie ""Dr Val"" FREDRICK",122
Pulaski,U.S. Senate,,Republican,Anissa CATLETT,55
Pulaski,U.S. Senate,,Republican,James D. DUNCAN,81
Pulaski,U.S. Senate,,Republican,Jonathan M. HOLLIDAY,98
Pulaski,U.S. Senate,,Republican,A. Nick SHELLEY,28
Pulaski,U.S. Senate,,Republican,Other Donald WENZEL,10
Pulaski,U.S. Senate,,Republican,Jimmy I. LEON,17
Pulaski,U.S. Senate,,Republican,Nate MORRIS,469
Robertson,U.S. Senate,,Republican,Andy BARR,172
Robertson,U.S. Senate,,Republican,Daniel CAMERON,43
Robertson,U.S. Senate,,Republican,Michael James FARIS,2
Robertson,U.S. Senate,,Republican,George WASHINGTON,4
Robertson,U.S. Senate,,Republican,"Valerie ""Dr Val"" FREDRICK",0
Robertson,U.S. Senate,,Republican,Anissa CATLETT,0
Robertson,U.S. Senate,,Republican,James D. DUNCAN,1
Robertson,U.S. Senate,,Republican,Jonathan M. HOLLIDAY,0
Robertson,U.S. Senate,,Republican,A. Nick SHELLEY,1
Robertson,U.S. Senate,,Republican,Other Donald WENZEL,0
Robertson,U.S. Senate,,Republican,Jimmy I. LEON,0
Robertson,U.S. Senate,,Republican,Nate MORRIS,4
Rockcastle,U.S. Senate,,Republican,Andy BARR,2364
Rockcastle,U.S. Senate,,Republican,Daniel CAMERON,1111
Rockcastle,U.S. Senate,,Republican,Michael James FARIS,32
Rockcastle,U.S. Senate,,Republican,George WASHINGTON,49
Rockcastle,U.S. Senate,,Republican,"Valerie ""Dr Val"" FREDRICK",32
Rockcastle,U.S. Senate,,Republican,Anissa CATLETT,21
Rockcastle,U.S. Senate,,Republican,James D. DUNCAN,20
Rockcastle,U.S. Senate,,Republican,Jonathan M. HOLLIDAY,42
Rockcastle,U.S. Senate,,Republican,A. Nick SHELLEY,10
Rockcastle,U.S. Senate,,Republican,Other Donald WENZEL,2
Rockcastle,U.S. Senate,,Republican,Jimmy I. LEON,4
Rockcastle,U.S. Senate,,Republican,Nate MORRIS,119
Rowan,U.S. Senate,,Republican,Andy BARR,895
Rowan,U.S. Senate,,Republican,Daniel CAMERON,308
Rowan,U.S. Senate,,Republican,Michael James FARIS,23
Rowan,U.S. Senate,,Republican,George WASHINGTON,18
Rowan,U.S. Senate,,Republican,"Valerie ""Dr Val"" FREDRICK",17
Rowan,U.S. Senate,,Republican,Anissa CATLETT,13
Rowan,U.S. Senate,,Republican,James D. DUNCAN,15
Rowan,U.S. Senate,,Republican,Jonathan M. HOLLIDAY,6
Rowan,U.S. Senate,,Republican,A. Nick SHELLEY,12
Rowan,U.S. Senate,,Republican,Other Donald WENZEL,3
Rowan,U.S. Senate,,Republican,Jimmy I. LEON,2
Russell,U.S. Senate,,Republican,Andy BARR,3111
Russell,U.S. Senate,,Republican,Daniel CAMERON,1286
Russell,U.S. Senate,,Republican,Michael James FARIS,38
Russell,U.S. Senate,,Republican,George WASHINGTON,75
Russell,U.S. Senate,,Republican,"Valerie ""Dr Val"" FREDRICK",38
Russell,U.S. Senate,,Republican,Anissa CATLETT,45
Russell,U.S. Senate,,Republican,James D. DUNCAN,34
Russell,U.S. Senate,,Republican,Jonathan M. HOLLIDAY,31
Russell,U.S. Senate,,Republican,A. Nick SHELLEY,18
Russell,U.S. Senate,,Republican,Other Donald WENZEL,15
Russell,U.S. Senate,,Republican,Jimmy I. LEON,12
Russell,U.S. Senate,,Republican,Nate MORRIS,197
Scott,U.S. Senate,,Republican,Andy BARR,4027
Scott,U.S. Senate,,Republican,Daniel CAMERON,1387
Scott,U.S. Senate,,Republican,Michael James FARIS,111
Scott,U.S. Senate,,Republican,George WASHINGTON,64
Scott,U.S. Senate,,Republican,"Valerie ""Dr Val"" FREDRICK",71
Scott,U.S. Senate,,Republican,Anissa CATLETT,76
Scott,U.S. Senate,,Republican,James D. DUNCAN,54
Scott,U.S. Senate,,Republican,Jonathan M. HOLLIDAY,56
Scott,U.S. Senate,,Republican,A. Nick SHELLEY,32
Scott,U.S. Senate,,Republican,Other Donald WENZEL,9
Scott,U.S. Senate,,Republican,Jimmy I. LEON,8
Shelby,U.S. Senate,,Republican,Andy BARR,3761
Shelby,U.S. Senate,,Republican,Daniel CAMERON,3507
Shelby,U.S. Senate,,Republican,Michael James FARIS,159
Shelby,U.S. Senate,,Republican,George WASHINGTON,117
Shelby,U.S. Senate,,Republican,"Valerie ""Dr Val"" FREDRICK",64
Shelby,U.S. Senate,,Republican,Anissa CATLETT,65
Shelby,U.S. Senate,,Republican,James D. DUNCAN,29
Shelby,U.S. Senate,,Republican,Jonathan M. HOLLIDAY,40
Shelby,U.S. Senate,,Republican,A. Nick SHELLEY,54
Shelby,U.S. Senate,,Republican,Other Donald WENZEL,8
Shelby,U.S. Senate,,Republican,Jimmy I. LEON,10
Simpson,U.S. Senate,,Republican,Andy BARR,1331
Simpson,U.S. Senate,,Republican,Daniel CAMERON,694
Simpson,U.S. Senate,,Republican,Michael James FARIS,251
Simpson,U.S. Senate,,Republican,George WASHINGTON,45
Simpson,U.S. Senate,,Republican,"Valerie ""Dr Val"" FREDRICK",33
Simpson,U.S. Senate,,Republican,Anissa CATLETT,19
Simpson,U.S. Senate,,Republican,James D. DUNCAN,39
Simpson,U.S. Senate,,Republican,Jonathan M. HOLLIDAY,22
Simpson,U.S. Senate,,Republican,A. Nick SHELLEY,10
Simpson,U.S. Senate,,Republican,Other Donald WENZEL,13
Simpson,U.S. Senate,,Republican,Jimmy I. LEON,5
Spencer,U.S. Senate,,Republican,Andy BARR,1777
Spencer,U.S. Senate,,Republican,Daniel CAMERON,1406
Spencer,U.S. Senate,,Republican,Michael James FARIS,73
Spencer,U.S. Senate,,Republican,George WASHINGTON,56
Spencer,U.S. Senate,,Republican,"Valerie ""Dr Val"" FREDRICK",24
Spencer,U.S. Senate,,Republican,Anissa CATLETT,19
Spencer,U.S. Senate,,Republican,James D. DUNCAN,18
Spencer,U.S. Senate,,Republican,Jonathan M. HOLLIDAY,20
Spencer,U.S. Senate,,Republican,A. Nick SHELLEY,47
Spencer,U.S. Senate,,Republican,Other Donald WENZEL,2
Spencer,U.S. Senate,,Republican,Jimmy I. LEON,4
Taylor,U.S. Senate,,Republican,Andy BARR,2300
Taylor,U.S. Senate,,Republican,Daniel CAMERON,1384
Taylor,U.S. Senate,,Republican,Michael James FARIS,45
Taylor,U.S. Senate,,Republican,George WASHINGTON,34
Taylor,U.S. Senate,,Republican,"Valerie ""Dr Val"" FREDRICK",38
Taylor,U.S. Senate,,Republican,Anissa CATLETT,24
Taylor,U.S. Senate,,Republican,James D. DUNCAN,19
Taylor,U.S. Senate,,Republican,Jonathan M. HOLLIDAY,34
Taylor,U.S. Senate,,Republican,A. Nick SHELLEY,14
Taylor,U.S. Senate,,Republican,Other Donald WENZEL,7
Taylor,U.S. Senate,,Republican,Jimmy I. LEON,7
Todd,U.S. Senate,,Republican,Andy BARR,617
Todd,U.S. Senate,,Republican,Daniel CAMERON,215
Todd,U.S. Senate,,Republican,Michael James FARIS,21
Todd,U.S. Senate,,Republican,George WASHINGTON,26
Todd,U.S. Senate,,Republican,"Valerie ""Dr Val"" FREDRICK",12
Todd,U.S. Senate,,Republican,Anissa CATLETT,6
Todd,U.S. Senate,,Republican,James D. DUNCAN,23
Todd,U.S. Senate,,Republican,Jonathan M. HOLLIDAY,12
Todd,U.S. Senate,,Republican,A. Nick SHELLEY,6
Todd,U.S. Senate,,Republican,Other Donald WENZEL,2
Todd,U.S. Senate,,Republican,Jimmy I. LEON,3
Trigg,U.S. Senate,,Republican,Andy BARR,1506
Trigg,U.S. Senate,,Republican,Daniel CAMERON,615
Trigg,U.S. Senate,,Republican,Michael James FARIS,29
Trigg,U.S. Senate,,Republican,George WASHINGTON,33
Trigg,U.S. Senate,,Republican,"Valerie ""Dr Val"" FREDRICK",47
Trigg,U.S. Senate,,Republican,Anissa CATLETT,35
Trigg,U.S. Senate,,Republican,James D. DUNCAN,53
Trigg,U.S. Senate,,Republican,Jonathan M. HOLLIDAY,20
Trigg,U.S. Senate,,Republican,A. Nick SHELLEY,11
Trigg,U.S. Senate,,Republican,Other Donald WENZEL,4
Trigg,U.S. Senate,,Republican,Jimmy I. LEON,4
Trigg,U.S. Senate,,Republican,Nate MORRIS,124
Trimble,U.S. Senate,,Republican,Andy BARR,522
Trimble,U.S. Senate,,Republican,Daniel CAMERON,589
Trimble,U.S. Senate,,Republican,Michael James FARIS,36
Trimble,U.S. Senate,,Republican,George WASHINGTON,30
Trimble,U.S. Senate,,Republican,"Valerie ""Dr Val"" FREDRICK",26
Trimble,U.S. Senate,,Republican,Anissa CATLETT,9
Trimble,U.S. Senate,,Republican,James D. DUNCAN,10
Trimble,U.S. Senate,,Republican,Jonathan M. HOLLIDAY,5
Trimble,U.S. Senate,,Republican,A. Nick SHELLEY,19
Trimble,U.S. Senate,,Republican,Other Donald WENZEL,0
Trimble,U.S. Senate,,Republican,Jimmy I. LEON,0
Trimble,U.S. Senate,,Republican,Nate MORRIS,31
Union,U.S. Senate,,Republican,Andy BARR,988
Union,U.S. Senate,,Republican,Daniel CAMERON,347
Union,U.S. Senate,,Republican,Michael James FARIS,16
Union,U.S. Senate,,Republican,George WASHINGTON,23
Union,U.S. Senate,,Republican,"Valerie ""Dr Val"" FREDRICK",15
Union,U.S. Senate,,Republican,Anissa CATLETT,13
Union,U.S. Senate,,Republican,James D. DUNCAN,16
Union,U.S. Senate,,Republican,Jonathan M. HOLLIDAY,10
Union,U.S. Senate,,Republican,A. Nick SHELLEY,7
Union,U.S. Senate,,Republican,Other Donald WENZEL,4
Union,U.S. Senate,,Republican,Jimmy I. LEON,6
Warren,U.S. Senate,,Republican,Andy BARR,5724
Warren,U.S. Senate,,Republican,Daniel CAMERON,2522
Warren,U.S. Senate,,Republican,Michael James FARIS,232
Warren,U.S. Senate,,Republican,George WASHINGTON,75
Warren,U.S. Senate,,Republican,"Valerie ""Dr Val"" FREDRICK",107
Warren,U.S. Senate,,Republican,Anissa CATLETT,106
Warren,U.S. Senate,,Republican,James D. DUNCAN,69
Warren,U.S. Senate,,Republican,Jonathan M. HOLLIDAY,33
Warren,U.S. Senate,,Republican,A. Nick SHELLEY,34
Warren,U.S. Senate,,Republican,Other Donald WENZEL,6
Warren,U.S. Senate,,Republican,Jimmy I. LEON,13
Washington,U.S. Senate,,Republican,Andy BARR,716
Washington,U.S. Senate,,Republican,Daniel CAMERON,662
Washington,U.S. Senate,,Republican,Michael James FARIS,51
Washington,U.S. Senate,,Republican,George WASHINGTON,10
Washington,U.S. Senate,,Republican,"Valerie ""Dr Val"" FREDRICK",13
Washington,U.S. Senate,,Republican,Anissa CATLETT,13
Washington,U.S. Senate,,Republican,James D. DUNCAN,10
Washington,U.S. Senate,,Republican,Jonathan M. HOLLIDAY,14
Washington,U.S. Senate,,Republican,A. Nick SHELLEY,2
Washington,U.S. Senate,,Republican,Other Donald WENZEL,3
Washington,U.S. Senate,,Republican,Jimmy I. LEON,2
Washington,U.S. Senate,,Republican,Nate MORRIS,46
Wayne,U.S. Senate,,Republican,Andy BARR,2407
Wayne,U.S. Senate,,Republican,Daniel CAMERON,1064
Wayne,U.S. Senate,,Republican,Michael James FARIS,24
Wayne,U.S. Senate,,Republican,George WASHINGTON,84
Wayne,U.S. Senate,,Republican,"Valerie ""Dr Val"" FREDRICK",44
Wayne,U.S. Senate,,Republican,Anissa CATLETT,22
Wayne,U.S. Senate,,Republican,James D. DUNCAN,24
Wayne,U.S. Senate,,Republican,Jonathan M. HOLLIDAY,31
Wayne,U.S. Senate,,Republican,A. Nick SHELLEY,15
Wayne,U.S. Senate,,Republican,Other Donald WENZEL,5
Wayne,U.S. Senate,,Republican,Jimmy I. LEON,7
Wayne,U.S. Senate,,Republican,Nate MORRIS,156
Webster,U.S. Senate,,Republican,Andy BARR,635
Webster,U.S. Senate,,Republican,Daniel CAMERON,318
Webster,U.S. Senate,,Republican,Michael James FARIS,16
Webster,U.S. Senate,,Republican,George WASHINGTON,16
Webster,U.S. Senate,,Republican,"Valerie ""Dr Val"" FREDRICK",20
Webster,U.S. Senate,,Republican,Anissa CATLETT,9
Webster,U.S. Senate,,Republican,James D. DUNCAN,9
Webster,U.S. Senate,,Republican,Jonathan M. HOLLIDAY,11
Webster,U.S. Senate,,Republican,A. Nick SHELLEY,3
Webster,U.S. Senate,,Republican,Other Donald WENZEL,4
Webster,U.S. Senate,,Republican,Jimmy I. LEON,0
Whitley,U.S. Senate,,Republican,Andy BARR,3810
Whitley,U.S. Senate,,Republican,Daniel CAMERON,1823
Whitley,U.S. Senate,,Republican,Michael James FARIS,43
Whitley,U.S. Senate,,Republican,George WASHINGTON,111
Whitley,U.S. Senate,,Republican,"Valerie ""Dr Val"" FREDRICK",53
Whitley,U.S. Senate,,Republican,Anissa CATLETT,19
Whitley,U.S. Senate,,Republican,James D. DUNCAN,21
Whitley,U.S. Senate,,Republican,Jonathan M. HOLLIDAY,43
Whitley,U.S. Senate,,Republican,A. Nick SHELLEY,44
Whitley,U.S. Senate,,Republican,Other Donald WENZEL,1
Whitley,U.S. Senate,,Republican,Jimmy I. LEON,8
Wolfe,U.S. Senate,,Republican,Andy BARR,180
Wolfe,U.S. Senate,,Republican,Daniel CAMERON,49
Wolfe,U.S. Senate,,Republican,Michael James FARIS,5
Wolfe,U.S. Senate,,Republican,George WASHINGTON,4
Wolfe,U.S. Senate,,Republican,"Valerie ""Dr Val"" FREDRICK",2
Wolfe,U.S. Senate,,Republican,Anissa CATLETT,0
Wolfe,U.S. Senate,,Republican,James D. DUNCAN,4
Wolfe,U.S. Senate,,Republican,Jonathan M. HOLLIDAY,1
Wolfe,U.S. Senate,,Republican,A. Nick SHELLEY,1
Wolfe,U.S. Senate,,Republican,Other Donald WENZEL,2
Wolfe,U.S. Senate,,Republican,Jimmy I. LEON,0
Wolfe,U.S. Senate,,Republican,Nate MORRIS,6
Woodford,U.S. Senate,,Republican,Andy BARR,1989
Woodford,U.S. Senate,,Republican,Daniel CAMERON,621
Woodford,U.S. Senate,,Republican,Michael James FARIS,38
Woodford,U.S. Senate,,Republican,George WASHINGTON,28
Woodford,U.S. Senate,,Republican,"Valerie ""Dr Val"" FREDRICK",23
Woodford,U.S. Senate,,Republican,Anissa CATLETT,51
Woodford,U.S. Senate,,Republican,James D. DUNCAN,32
Woodford,U.S. Senate,,Republican,Jonathan M. HOLLIDAY,15
Woodford,U.S. Senate,,Republican,A. Nick SHELLEY,9
Woodford,U.S. Senate,,Republican,Other Donald WENZEL,4
Woodford,U.S. Senate,,Republican,Jimmy I. LEON,3
Adair,U.S. Senate,,Democratic,Charles BOOKER,183
Adair,U.S. Senate,,Democratic,Amy McGRATH,266
Adair,U.S. Senate,,Democratic,Pamela STEVENSON,37
Adair,U.S. Senate,,Democratic,Dale Lewis ROMANS,22
Adair,U.S. Senate,,Democratic,Logan FORSYTHE,18
Adair,U.S. Senate,,Democratic,Vincent Anthony THOMPSON,11
Adair,U.S. Senate,,Democratic,Joshua BLANTON SR.,15
Allen,U.S. Senate,,Democratic,Charles BOOKER,194
Allen,U.S. Senate,,Democratic,Amy McGRATH,272
Allen,U.S. Senate,,Democratic,Pamela STEVENSON,20
Allen,U.S. Senate,,Democratic,Dale Lewis ROMANS,9
Allen,U.S. Senate,,Democratic,Logan FORSYTHE,19
Allen,U.S. Senate,,Democratic,Vincent Anthony THOMPSON,41
Allen,U.S. Senate,,Democratic,Joshua BLANTON SR.,18
Anderson,U.S. Senate,,Democratic,Charles BOOKER,764
Anderson,U.S. Senate,,Democratic,Amy McGRATH,796
Anderson,U.S. Senate,,Democratic,Pamela STEVENSON,259
Anderson,U.S. Senate,,Democratic,Dale Lewis ROMANS,123
Anderson,U.S. Senate,,Democratic,Logan FORSYTHE,92
Anderson,U.S. Senate,,Democratic,Vincent Anthony THOMPSON,48
Anderson,U.S. Senate,,Democratic,Joshua BLANTON SR.,53
Ballard,U.S. Senate,,Democratic,Charles BOOKER,208
Ballard,U.S. Senate,,Democratic,Amy McGRATH,300
Ballard,U.S. Senate,,Democratic,Pamela STEVENSON,65
Ballard,U.S. Senate,,Democratic,Dale Lewis ROMANS,27
Ballard,U.S. Senate,,Democratic,Logan FORSYTHE,32
Ballard,U.S. Senate,,Democratic,Vincent Anthony THOMPSON,32
Ballard,U.S. Senate,,Democratic,Joshua BLANTON SR.,43
Barren,U.S. Senate,,Democratic,Charles BOOKER,868
Barren,U.S. Senate,,Democratic,Amy McGRATH,1041
Barren,U.S. Senate,,Democratic,Pamela STEVENSON,110
Barren,U.S. Senate,,Democratic,Dale Lewis ROMANS,54
Barren,U.S. Senate,,Democratic,Logan FORSYTHE,89
Barren,U.S. Senate,,Democratic,Vincent Anthony THOMPSON,46
Barren,U.S. Senate,,Democratic,Joshua BLANTON SR.,47
Bath,U.S. Senate,,Democratic,Charles BOOKER,437
Bath,U.S. Senate,,Democratic,Amy McGRATH,704
Bath,U.S. Senate,,Democratic,Pamela STEVENSON,103
Bath,U.S. Senate,,Democratic,Dale Lewis ROMANS,84
Bath,U.S. Senate,,Democratic,Logan FORSYTHE,68
Bath,U.S. Senate,,Democratic,Vincent Anthony THOMPSON,86
Bath,U.S. Senate,,Democratic,Joshua BLANTON SR.,47
Bell,U.S. Senate,,Democratic,Charles BOOKER,227
Bell,U.S. Senate,,Democratic,Amy McGRATH,338
Bell,U.S. Senate,,Democratic,Pamela STEVENSON,30
Bell,U.S. Senate,,Democratic,Dale Lewis ROMANS,13
Bell,U.S. Senate,,Democratic,Logan FORSYTHE,43
Bell,U.S. Senate,,Democratic,Vincent Anthony THOMPSON,60
Bell,U.S. Senate,,Democratic,Joshua BLANTON SR.,38
Boone,U.S. Senate,,Democratic,Charles BOOKER,2109
Boone,U.S. Senate,,Democratic,Amy McGRATH,2620
Boone,U.S. Senate,,Democratic,Pamela STEVENSON,308
Boone,U.S. Senate,,Democratic,Dale Lewis ROMANS,108
Boone,U.S. Senate,,Democratic,Logan FORSYTHE,152
Boone,U.S. Senate,,Democratic,Vincent Anthony THOMPSON,81
Boone,U.S. Senate,,Democratic,Joshua BLANTON SR.,63
Bourbon,U.S. Senate,,Democratic,Charles BOOKER,584
Bourbon,U.S. Senate,,Democratic,Amy McGRATH,755
Bourbon,U.S. Senate,,Democratic,Pamela STEVENSON,174
Bourbon,U.S. Senate,,Democratic,Dale Lewis ROMANS,132
Bourbon,U.S. Senate,,Democratic,Logan FORSYTHE,77
Bourbon,U.S. Senate,,Democratic,Vincent Anthony THOMPSON,33
Bourbon,U.S. Senate,,Democratic,Joshua BLANTON SR.,24
Boyd,U.S. Senate,,Democratic,Charles BOOKER,903
Boyd,U.S. Senate,,Democratic,Amy McGRATH,1149
Boyd,U.S. Senate,,Democratic,Pamela STEVENSON,80
Boyd,U.S. Senate,,Democratic,Dale Lewis ROMANS,43
Boyd,U.S. Senate,,Democratic,Logan FORSYTHE,90
Boyd,U.S. Senate,,Democratic,Vincent Anthony THOMPSON,124
Boyd,U.S. Senate,,Democratic,Joshua BLANTON SR.,204
Boyle,U.S. Senate,,Democratic,Charles BOOKER,1049
Boyle,U.S. Senate,,Democratic,Amy McGRATH,706
Boyle,U.S. Senate,,Democratic,Pamela STEVENSON,121
Boyle,U.S. Senate,,Democratic,Dale Lewis ROMANS,101
Boyle,U.S. Senate,,Democratic,Logan FORSYTHE,71
Boyle,U.S. Senate,,Democratic,Vincent Anthony THOMPSON,26
Boyle,U.S. Senate,,Democratic,Joshua BLANTON SR.,63
Bracken,U.S. Senate,,Democratic,Charles BOOKER,167
Bracken,U.S. Senate,,Democratic,Amy McGRATH,321
Bracken,U.S. Senate,,Democratic,Pamela STEVENSON,38
Bracken,U.S. Senate,,Democratic,Dale Lewis ROMANS,22
Bracken,U.S. Senate,,Democratic,Logan FORSYTHE,22
Bracken,U.S. Senate,,Democratic,Vincent Anthony THOMPSON,42
Bracken,U.S. Senate,,Democratic,Joshua BLANTON SR.,22
Breathitt,U.S. Senate,,Democratic,Charles BOOKER,699
Breathitt,U.S. Senate,,Democratic,Amy McGRATH,1098
Breathitt,U.S. Senate,,Democratic,Pamela STEVENSON,227
Breathitt,U.S. Senate,,Democratic,Dale Lewis ROMANS,90
Breathitt,U.S. Senate,,Democratic,Logan FORSYTHE,119
Breathitt,U.S. Senate,,Democratic,Vincent Anthony THOMPSON,271
Breathitt,U.S. Senate,,Democratic,Joshua BLANTON SR.,221
Breckinridge,U.S. Senate,,Democratic,Charles BOOKER,296
Breckinridge,U.S. Senate,,Democratic,Amy McGRATH,519
Breckinridge,U.S. Senate,,Democratic,Pamela STEVENSON,55
Breckinridge,U.S. Senate,,Democratic,Dale Lewis ROMANS,64
Breckinridge,U.S. Senate,,Democratic,Logan FORSYTHE,42
Breckinridge,U.S. Senate,,Democratic,Vincent Anthony THOMPSON,21
Breckinridge,U.S. Senate,,Democratic,Joshua BLANTON SR.,24
Bullitt,U.S. Senate,,Democratic,Charles BOOKER,1402
Bullitt,U.S. Senate,,Democratic,Amy McGRATH,1779
Bullitt,U.S. Senate,,Democratic,Pamela STEVENSON,177
Bullitt,U.S. Senate,,Democratic,Dale Lewis ROMANS,303
Bullitt,U.S. Senate,,Democratic,Logan FORSYTHE,146
Bullitt,U.S. Senate,,Democratic,Vincent Anthony THOMPSON,123
Bullitt,U.S. Senate,,Democratic,Joshua BLANTON SR.,81
Butler,U.S. Senate,,Democratic,Charles BOOKER,95
Butler,U.S. Senate,,Democratic,Amy McGRATH,136
Butler,U.S. Senate,,Democratic,Pamela STEVENSON,16
Butler,U.S. Senate,,Democratic,Dale Lewis ROMANS,6
Butler,U.S. Senate,,Democratic,Logan FORSYTHE,18
Butler,U.S. Senate,,Democratic,Vincent Anthony THOMPSON,13
Butler,U.S. Senate,,Democratic,Joshua BLANTON SR.,5
Caldwell,U.S. Senate,,Democratic,Charles BOOKER,251
Caldwell,U.S. Senate,,Democratic,Amy McGRATH,305
Caldwell,U.S. Senate,,Democratic,Pamela STEVENSON,45
Caldwell,U.S. Senate,,Democratic,Dale Lewis ROMANS,17
Caldwell,U.S. Senate,,Democratic,Logan FORSYTHE,97
Caldwell,U.S. Senate,,Democratic,Vincent Anthony THOMPSON,22
Caldwell,U.S. Senate,,Democratic,Joshua BLANTON SR.,31
Calloway,U.S. Senate,,Democratic,Charles BOOKER,692
Calloway,U.S. Senate,,Democratic,Amy McGRATH,867
Calloway,U.S. Senate,,Democratic,Pamela STEVENSON,110
Calloway,U.S. Senate,,Democratic,Dale Lewis ROMANS,37
Calloway,U.S. Senate,,Democratic,Logan FORSYTHE,85
Calloway,U.S. Senate,,Democratic,Vincent Anthony THOMPSON,35
Calloway,U.S. Senate,,Democratic,Joshua BLANTON SR.,63
Campbell,U.S. Senate,,Democratic,Charles BOOKER,2649
Campbell,U.S. Senate,,Democratic,Amy McGRATH,3018
Campbell,U.S. Senate,,Democratic,Pamela STEVENSON,259
Campbell,U.S. Senate,,Democratic,Dale Lewis ROMANS,85
Campbell,U.S. Senate,,Democratic,Logan FORSYTHE,157
Campbell,U.S. Senate,,Democratic,Vincent Anthony THOMPSON,77
Campbell,U.S. Senate,,Democratic,Joshua BLANTON SR.,75
Carlisle,U.S. Senate,,Democratic,Charles BOOKER,83
Carlisle,U.S. Senate,,Democratic,Amy McGRATH,163
Carlisle,U.S. Senate,,Democratic,Pamela STEVENSON,21
Carlisle,U.S. Senate,,Democratic,Dale Lewis ROMANS,6
Carlisle,U.S. Senate,,Democratic,Logan FORSYTHE,26
Carlisle,U.S. Senate,,Democratic,Vincent Anthony THOMPSON,22
Carlisle,U.S. Senate,,Democratic,Joshua BLANTON SR.,22
Carroll,U.S. Senate,,Democratic,Charles BOOKER,231
Carroll,U.S. Senate,,Democratic,Amy McGRATH,287
Carroll,U.S. Senate,,Democratic,Pamela STEVENSON,36
Carroll,U.S. Senate,,Democratic,Dale Lewis ROMANS,54
Carroll,U.S. Senate,,Democratic,Logan FORSYTHE,24
Carroll,U.S. Senate,,Democratic,Vincent Anthony THOMPSON,17
Carroll,U.S. Senate,,Democratic,Joshua BLANTON SR.,15
Carter,U.S. Senate,,Democratic,Charles BOOKER,347
Carter,U.S. Senate,,Democratic,Amy McGRATH,447
Carter,U.S. Senate,,Democratic,Pamela STEVENSON,52
Carter,U.S. Senate,,Democratic,Dale Lewis ROMANS,31
Carter,U.S. Senate,,Democratic,Logan FORSYTHE,40
Carter,U.S. Senate,,Democratic,Vincent Anthony THOMPSON,59
Carter,U.S. Senate,,Democratic,Joshua BLANTON SR.,30
Casey,U.S. Senate,,Democratic,Charles BOOKER,111
Casey,U.S. Senate,,Democratic,Amy McGRATH,104
Casey,U.S. Senate,,Democratic,Pamela STEVENSON,17
Casey,U.S. Senate,,Democratic,Dale Lewis ROMANS,5
Casey,U.S. Senate,,Democratic,Logan FORSYTHE,28
Casey,U.S. Senate,,Democratic,Vincent Anthony THOMPSON,4
Casey,U.S. Senate,,Democratic,Joshua BLANTON SR.,7
Christian,U.S. Senate,,Democratic,Charles BOOKER,1287
Christian,U.S. Senate,,Democratic,Amy McGRATH,882
Christian,U.S. Senate,,Democratic,Pamela STEVENSON,281
Christian,U.S. Senate,,Democratic,Dale Lewis ROMANS,41
Christian,U.S. Senate,,Democratic,Logan FORSYTHE,91
Christian,U.S. Senate,,Democratic,Vincent Anthony THOMPSON,101
Christian,U.S. Senate,,Democratic,Joshua BLANTON SR.,192
Clark,U.S. Senate,,Democratic,Charles BOOKER,1283
Clark,U.S. Senate,,Democratic,Amy McGRATH,1089
Clark,U.S. Senate,,Democratic,Pamela STEVENSON,315
Clark,U.S. Senate,,Democratic,Dale Lewis ROMANS,163
Clark,U.S. Senate,,Democratic,Logan FORSYTHE,67
Clark,U.S. Senate,,Democratic,Vincent Anthony THOMPSON,48
Clark,U.S. Senate,,Democratic,Joshua BLANTON SR.,63
Clay,U.S. Senate,,Democratic,Charles BOOKER,78
Clay,U.S. Senate,,Democratic,Amy McGRATH,75
Clay,U.S. Senate,,Democratic,Pamela STEVENSON,4
Clay,U.S. Senate,,Democratic,Dale Lewis ROMANS,4
Clay,U.S. Senate,,Democratic,Logan FORSYTHE,8
Clay,U.S. Senate,,Democratic,Vincent Anthony THOMPSON,10
Clay,U.S. Senate,,Democratic,Joshua BLANTON SR.,2
Clinton,U.S. Senate,,Democratic,Charles BOOKER,38
Clinton,U.S. Senate,,Democratic,Amy McGRATH,55
Clinton,U.S. Senate,,Democratic,Pamela STEVENSON,9
Clinton,U.S. Senate,,Democratic,Dale Lewis ROMANS,2
Clinton,U.S. Senate,,Democratic,Logan FORSYTHE,3
Clinton,U.S. Senate,,Democratic,Vincent Anthony THOMPSON,4
Clinton,U.S. Senate,,Democratic,Joshua BLANTON SR.,6
Crittenden,U.S. Senate,,Democratic,Charles BOOKER,79
Crittenden,U.S. Senate,,Democratic,Amy McGRATH,151
Crittenden,U.S. Senate,,Democratic,Pamela STEVENSON,27
Crittenden,U.S. Senate,,Democratic,Dale Lewis ROMANS,3
Crittenden,U.S. Senate,,Democratic,Logan FORSYTHE,21
Crittenden,U.S. Senate,,Democratic,Vincent Anthony THOMPSON,6
Crittenden,U.S. Senate,,Democratic,Joshua BLANTON SR.,21
Cumberland,U.S. Senate,,Democratic,Charles BOOKER,25
Cumberland,U.S. Senate,,Democratic,Amy McGRATH,48
Cumberland,U.S. Senate,,Democratic,Pamela STEVENSON,7
Cumberland,U.S. Senate,,Democratic,Dale Lewis ROMANS,0
Cumberland,U.S. Senate,,Democratic,Logan FORSYTHE,6
Cumberland,U.S. Senate,,Democratic,Vincent Anthony THOMPSON,0
Cumberland,U.S. Senate,,Democratic,Joshua BLANTON SR.,3
Daviess,U.S. Senate,,Democratic,Charles BOOKER,2596
Daviess,U.S. Senate,,Democratic,Amy McGRATH,3176
Daviess,U.S. Senate,,Democratic,Pamela STEVENSON,321
Daviess,U.S. Senate,,Democratic,Dale Lewis ROMANS,112
Daviess,U.S. Senate,,Democratic,Logan FORSYTHE,231
Daviess,U.S. Senate,,Democratic,Vincent Anthony THOMPSON,157
Daviess,U.S. Senate,,Democratic,Joshua BLANTON SR.,108
Edmonson,U.S. Senate,,Democratic,Charles BOOKER,119
Edmonson,U.S. Senate,,Democratic,Amy McGRATH,157
Edmonson,U.S. Senate,,Democratic,Pamela STEVENSON,11
Edmonson,U.S. Senate,,Democratic,Dale Lewis ROMANS,9
Edmonson,U.S. Senate,,Democratic,Logan FORSYTHE,11
Edmonson,U.S. Senate,,Democratic,Vincent Anthony THOMPSON,7
Edmonson,U.S. Senate,,Democratic,Joshua BLANTON SR.,7
Elliott,U.S. Senate,,Democratic,Charles BOOKER,94
Elliott,U.S. Senate,,Democratic,Amy McGRATH,164
Elliott,U.S. Senate,,Democratic,Pamela STEVENSON,12
Elliott,U.S. Senate,,Democratic,Dale Lewis ROMANS,15
Elliott,U.S. Senate,,Democratic,Logan FORSYTHE,22
Elliott,U.S. Senate,,Democratic,Vincent Anthony THOMPSON,26
Elliott,U.S. Senate,,Democratic,Joshua BLANTON SR.,16
Estill,U.S. Senate,,Democratic,Charles BOOKER,219
Estill,U.S. Senate,,Democratic,Amy McGRATH,237
Estill,U.S. Senate,,Democratic,Pamela STEVENSON,56
Estill,U.S. Senate,,Democratic,Dale Lewis ROMANS,24
Estill,U.S. Senate,,Democratic,Logan FORSYTHE,23
Estill,U.S. Senate,,Democratic,Vincent Anthony THOMPSON,14
Estill,U.S. Senate,,Democratic,Joshua BLANTON SR.,10
Fayette,U.S. Senate,,Democratic,Charles BOOKER,21347
Fayette,U.S. Senate,,Democratic,Amy McGRATH,9504
Fayette,U.S. Senate,,Democratic,Pamela STEVENSON,2923
Fayette,U.S. Senate,,Democratic,Dale Lewis ROMANS,1276
Fayette,U.S. Senate,,Democratic,Logan FORSYTHE,860
Fayette,U.S. Senate,,Democratic,Vincent Anthony THOMPSON,211
Fayette,U.S. Senate,,Democratic,Joshua BLANTON SR.,211
Fleming,U.S. Senate,,Democratic,Charles BOOKER,254
Fleming,U.S. Senate,,Democratic,Amy McGRATH,457
Fleming,U.S. Senate,,Democratic,Pamela STEVENSON,112
Fleming,U.S. Senate,,Democratic,Dale Lewis ROMANS,73
Fleming,U.S. Senate,,Democratic,Logan FORSYTHE,42
Fleming,U.S. Senate,,Democratic,Vincent Anthony THOMPSON,37
Fleming,U.S. Senate,,Democratic,Joshua BLANTON SR.,33
Floyd,U.S. Senate,,Democratic,Charles BOOKER,1121
Floyd,U.S. Senate,,Democratic,Amy McGRATH,1645
Floyd,U.S. Senate,,Democratic,Pamela STEVENSON,184
Floyd,U.S. Senate,,Democratic,Dale Lewis ROMANS,158
Floyd,U.S. Senate,,Democratic,Logan FORSYTHE,122
Floyd,U.S. Senate,,Democratic,Vincent Anthony THOMPSON,297
Floyd,U.S. Senate,,Democratic,Joshua BLANTON SR.,211
Franklin,U.S. Senate,,Democratic,Charles BOOKER,3981
Franklin,U.S. Senate,,Democratic,Amy McGRATH,2879
Franklin,U.S. Senate,,Democratic,Pamela STEVENSON,523
Franklin,U.S. Senate,,Democratic,Dale Lewis ROMANS,427
Franklin,U.S. Senate,,Democratic,Logan FORSYTHE,281
Franklin,U.S. Senate,,Democratic,Vincent Anthony THOMPSON,135
Franklin,U.S. Senate,,Democratic,Joshua BLANTON SR.,268
Fulton,U.S. Senate,,Democratic,Charles BOOKER,188
Fulton,U.S. Senate,,Democratic,Amy McGRATH,252
Fulton,U.S. Senate,,Democratic,Pamela STEVENSON,43
Fulton,U.S. Senate,,Democratic,Dale Lewis ROMANS,18
Fulton,U.S. Senate,,Democratic,Logan FORSYTHE,23
Fulton,U.S. Senate,,Democratic,Vincent Anthony THOMPSON,14
Fulton,U.S. Senate,,Democratic,Joshua BLANTON SR.,41
Gallatin,U.S. Senate,,Democratic,Charles BOOKER,115
Gallatin,U.S. Senate,,Democratic,Amy McGRATH,169
Gallatin,U.S. Senate,,Democratic,Pamela STEVENSON,21
Gallatin,U.S. Senate,,Democratic,Dale Lewis ROMANS,23
Gallatin,U.S. Senate,,Democratic,Logan FORSYTHE,18
Gallatin,U.S. Senate,,Democratic,Vincent Anthony THOMPSON,12
Gallatin,U.S. Senate,,Democratic,Joshua BLANTON SR.,16
Garrard,U.S. Senate,,Democratic,Charles BOOKER,268
Garrard,U.S. Senate,,Democratic,Amy McGRATH,243
Garrard,U.S. Senate,,Democratic,Pamela STEVENSON,41
Garrard,U.S. Senate,,Democratic,Dale Lewis ROMANS,15
Garrard,U.S. Senate,,Democratic,Logan FORSYTHE,16
Garrard,U.S. Senate,,Democratic,Vincent Anthony THOMPSON,7
Garrard,U.S. Senate,,Democratic,Joshua BLANTON SR.,10
Grant,U.S. Senate,,Democratic,Charles BOOKER,332
Grant,U.S. Senate,,Democratic,Amy McGRATH,457
Grant,U.S. Senate,,Democratic,Pamela STEVENSON,48
Grant,U.S. Senate,,Democratic,Dale Lewis ROMANS,32
Grant,U.S. Senate,,Democratic,Logan FORSYTHE,36
Grant,U.S. Senate,,Democratic,Vincent Anthony THOMPSON,29
Grant,U.S. Senate,,Democratic,Joshua BLANTON SR.,27
Graves,U.S. Senate,,Democratic,Charles BOOKER,620
Graves,U.S. Senate,,Democratic,Amy McGRATH,838
Graves,U.S. Senate,,Democratic,Pamela STEVENSON,85
Graves,U.S. Senate,,Democratic,Dale Lewis ROMANS,57
Graves,U.S. Senate,,Democratic,Logan FORSYTHE,86
Graves,U.S. Senate,,Democratic,Vincent Anthony THOMPSON,77
Graves,U.S. Senate,,Democratic,Joshua BLANTON SR.,91
Grayson,U.S. Senate,,Democratic,Charles BOOKER,265
Grayson,U.S. Senate,,Democratic,Amy McGRATH,470
Grayson,U.S. Senate,,Democratic,Pamela STEVENSON,48
Grayson,U.S. Senate,,Democratic,Dale Lewis ROMANS,48
Grayson,U.S. Senate,,Democratic,Logan FORSYTHE,42
Grayson,U.S. Senate,,Democratic,Vincent Anthony THOMPSON,23
Grayson,U.S. Senate,,Democratic,Joshua BLANTON SR.,22
Green,U.S. Senate,,Democratic,Charles BOOKER,110
Green,U.S. Senate,,Democratic,Amy McGRATH,172
Green,U.S. Senate,,Democratic,Pamela STEVENSON,10
Green,U.S. Senate,,Democratic,Dale Lewis ROMANS,12
Green,U.S. Senate,,Democratic,Logan FORSYTHE,20
Green,U.S. Senate,,Democratic,Vincent Anthony THOMPSON,11
Green,U.S. Senate,,Democratic,Joshua BLANTON SR.,7
Greenup,U.S. Senate,,Democratic,Charles BOOKER,586
Greenup,U.S. Senate,,Democratic,Amy McGRATH,794
Greenup,U.S. Senate,,Democratic,Pamela STEVENSON,60
Greenup,U.S. Senate,,Democratic,Dale Lewis ROMANS,35
Greenup,U.S. Senate,,Democratic,Logan FORSYTHE,59
Greenup,U.S. Senate,,Democratic,Vincent Anthony THOMPSON,71
Greenup,U.S. Senate,,Democratic,Joshua BLANTON SR.,62
Hancock,U.S. Senate,,Democratic,Charles BOOKER,231
Hancock,U.S. Senate,,Democratic,Amy McGRATH,479
Hancock,U.S. Senate,,Democratic,Pamela STEVENSON,32
Hancock,U.S. Senate,,Democratic,Dale Lewis ROMANS,47
Hancock,U.S. Senate,,Democratic,Logan FORSYTHE,52
Hancock,U.S. Senate,,Democratic,Vincent Anthony THOMPSON,33
Hancock,U.S. Senate,,Democratic,Joshua BLANTON SR.,17
Hardin,U.S. Senate,,Democratic,Charles BOOKER,2769
Hardin,U.S. Senate,,Democratic,Amy McGRATH,2525
Hardin,U.S. Senate,,Democratic,Pamela STEVENSON,527
Hardin,U.S. Senate,,Democratic,Dale Lewis ROMANS,261
Hardin,U.S. Senate,,Democratic,Logan FORSYTHE,211
Hardin,U.S. Senate,,Democratic,Vincent Anthony THOMPSON,163
Hardin,U.S. Senate,,Democratic,Joshua BLANTON SR.,105
Harlan,U.S. Senate,,Democratic,Charles BOOKER,240
Harlan,U.S. Senate,,Democratic,Amy McGRATH,265
Harlan,U.S. Senate,,Democratic,Pamela STEVENSON,24
Harlan,U.S. Senate,,Democratic,Dale Lewis ROMANS,26
Harlan,U.S. Senate,,Democratic,Logan FORSYTHE,44
Harlan,U.S. Senate,,Democratic,Vincent Anthony THOMPSON,61
Harlan,U.S. Senate,,Democratic,Joshua BLANTON SR.,56
Harrison,U.S. Senate,,Democratic,Charles BOOKER,525
Harrison,U.S. Senate,,Democratic,Amy McGRATH,571
Harrison,U.S. Senate,,Democratic,Pamela STEVENSON,82
Harrison,U.S. Senate,,Democratic,Dale Lewis ROMANS,71
Harrison,U.S. Senate,,Democratic,Logan FORSYTHE,82
Harrison,U.S. Senate,,Democratic,Vincent Anthony THOMPSON,51
Harrison,U.S. Senate,,Democratic,Joshua BLANTON SR.,52
Hart,U.S. Senate,,Democratic,Charles BOOKER,260
Hart,U.S. Senate,,Democratic,Amy McGRATH,406
Hart,U.S. Senate,,Democratic,Pamela STEVENSON,43
Hart,U.S. Senate,,Democratic,Dale Lewis ROMANS,34
Hart,U.S. Senate,,Democratic,Logan FORSYTHE,41
Hart,U.S. Senate,,Democratic,Vincent Anthony THOMPSON,48
Hart,U.S. Senate,,Democratic,Joshua BLANTON SR.,16
Henderson,U.S. Senate,,Democratic,Charles BOOKER,1265
Henderson,U.S. Senate,,Democratic,Amy McGRATH,1812
Henderson,U.S. Senate,,Democratic,Pamela STEVENSON,165
Henderson,U.S. Senate,,Democratic,Dale Lewis ROMANS,95
Henderson,U.S. Senate,,Democratic,Logan FORSYTHE,120
Henderson,U.S. Senate,,Democratic,Vincent Anthony THOMPSON,112
Henderson,U.S. Senate,,Democratic,Joshua BLANTON SR.,129
Henry,U.S. Senate,,Democratic,Charles BOOKER,396
Henry,U.S. Senate,,Democratic,Amy McGRATH,459
Henry,U.S. Senate,,Democratic,Pamela STEVENSON,62
Henry,U.S. Senate,,Democratic,Dale Lewis ROMANS,78
Henry,U.S. Senate,,Democratic,Logan FORSYTHE,36
Henry,U.S. Senate,,Democratic,Vincent Anthony THOMPSON,25
Henry,U.S. Senate,,Democratic,Joshua BLANTON SR.,23
Hickman,U.S. Senate,,Democratic,Charles BOOKER,71
Hickman,U.S. Senate,,Democratic,Amy McGRATH,83
Hickman,U.S. Senate,,Democratic,Pamela STEVENSON,12
Hickman,U.S. Senate,,Democratic,Dale Lewis ROMANS,4
Hickman,U.S. Senate,,Democratic,Logan FORSYTHE,6
Hickman,U.S. Senate,,Democratic,Vincent Anthony THOMPSON,7
Hickman,U.S. Senate,,Democratic,Joshua BLANTON SR.,15
Hopkins,U.S. Senate,,Democratic,Charles BOOKER,984
Hopkins,U.S. Senate,,Democratic,Amy McGRATH,1089
Hopkins,U.S. Senate,,Democratic,Pamela STEVENSON,119
Hopkins,U.S. Senate,,Democratic,Dale Lewis ROMANS,82
Hopkins,U.S. Senate,,Democratic,Logan FORSYTHE,125
Hopkins,U.S. Senate,,Democratic,Vincent Anthony THOMPSON,68
Hopkins,U.S. Senate,,Democratic,Joshua BLANTON SR.,118
Jackson,U.S. Senate,,Democratic,Charles BOOKER,49
Jackson,U.S. Senate,,Democratic,Amy McGRATH,47
Jackson,U.S. Senate,,Democratic,Pamela STEVENSON,6
Jackson,U.S. Senate,,Democratic,Dale Lewis ROMANS,2
Jackson,U.S. Senate,,Democratic,Logan FORSYTHE,6
Jackson,U.S. Senate,,Democratic,Vincent Anthony THOMPSON,9
Jackson,U.S. Senate,,Democratic,Joshua BLANTON SR.,1
Jefferson,U.S. Senate,,Democratic,Charles BOOKER,57558
Jefferson,U.S. Senate,,Democratic,Amy McGRATH,27018
Jefferson,U.S. Senate,,Democratic,Pamela STEVENSON,5876
Jefferson,U.S. Senate,,Democratic,Dale Lewis ROMANS,4718
Jefferson,U.S. Senate,,Democratic,Logan FORSYTHE,1335
Jefferson,U.S. Senate,,Democratic,Vincent Anthony THOMPSON,729
Jefferson,U.S. Senate,,Democratic,Joshua BLANTON SR.,861
Jessamine,U.S. Senate,,Democratic,Charles BOOKER,1387
Jessamine,U.S. Senate,,Democratic,Amy McGRATH,1279
Jessamine,U.S. Senate,,Democratic,Pamela STEVENSON,323
Jessamine,U.S. Senate,,Democratic,Dale Lewis ROMANS,172
Jessamine,U.S. Senate,,Democratic,Logan FORSYTHE,85
Jessamine,U.S. Senate,,Democratic,Vincent Anthony THOMPSON,38
Jessamine,U.S. Senate,,Democratic,Joshua BLANTON SR.,41
Johnson,U.S. Senate,,Democratic,Charles BOOKER,206
Johnson,U.S. Senate,,Democratic,Amy McGRATH,246
Johnson,U.S. Senate,,Democratic,Pamela STEVENSON,20
Johnson,U.S. Senate,,Democratic,Dale Lewis ROMANS,11
Johnson,U.S. Senate,,Democratic,Logan FORSYTHE,30
Johnson,U.S. Senate,,Democratic,Vincent Anthony THOMPSON,49
Johnson,U.S. Senate,,Democratic,Joshua BLANTON SR.,37
Kenton,U.S. Senate,,Democratic,Charles BOOKER,4157
Kenton,U.S. Senate,,Democratic,Amy McGRATH,4477
Kenton,U.S. Senate,,Democratic,Pamela STEVENSON,458
Kenton,U.S. Senate,,Democratic,Dale Lewis ROMANS,169
Kenton,U.S. Senate,,Democratic,Logan FORSYTHE,253
Kenton,U.S. Senate,,Democratic,Vincent Anthony THOMPSON,125
Kenton,U.S. Senate,,Democratic,Joshua BLANTON SR.,110
Knott,U.S. Senate,,Democratic,Charles BOOKER,311
Knott,U.S. Senate,,Democratic,Amy McGRATH,434
Knott,U.S. Senate,,Democratic,Pamela STEVENSON,103
Knott,U.S. Senate,,Democratic,Dale Lewis ROMANS,56
Knott,U.S. Senate,,Democratic,Logan FORSYTHE,45
Knott,U.S. Senate,,Democratic,Vincent Anthony THOMPSON,102
Knott,U.S. Senate,,Democratic,Joshua BLANTON SR.,186
Knox,U.S. Senate,,Democratic,Charles BOOKER,254
Knox,U.S. Senate,,Democratic,Amy McGRATH,272
Knox,U.S. Senate,,Democratic,Pamela STEVENSON,37
Knox,U.S. Senate,,Democratic,Dale Lewis ROMANS,20
Knox,U.S. Senate,,Democratic,Logan FORSYTHE,26
Knox,U.S. Senate,,Democratic,Vincent Anthony THOMPSON,44
Knox,U.S. Senate,,Democratic,Joshua BLANTON SR.,20
Larue,U.S. Senate,,Democratic,Charles BOOKER,335
Larue,U.S. Senate,,Democratic,Amy McGRATH,369
Larue,U.S. Senate,,Democratic,Pamela STEVENSON,60
Larue,U.S. Senate,,Democratic,Dale Lewis ROMANS,59
Larue,U.S. Senate,,Democratic,Logan FORSYTHE,49
Larue,U.S. Senate,,Democratic,Vincent Anthony THOMPSON,36
Larue,U.S. Senate,,Democratic,Joshua BLANTON SR.,28
Laurel,U.S. Senate,,Democratic,Charles BOOKER,629
Laurel,U.S. Senate,,Democratic,Amy McGRATH,599
Laurel,U.S. Senate,,Democratic,Pamela STEVENSON,54
Laurel,U.S. Senate,,Democratic,Dale Lewis ROMANS,42
Laurel,U.S. Senate,,Democratic,Logan FORSYTHE,50
Laurel,U.S. Senate,,Democratic,Vincent Anthony THOMPSON,61
Laurel,U.S. Senate,,Democratic,Joshua BLANTON SR.,32
Lawrence,U.S. Senate,,Democratic,Charles BOOKER,202
Lawrence,U.S. Senate,,Democratic,Amy McGRATH,240
Lawrence,U.S. Senate,,Democratic,Pamela STEVENSON,25
Lawrence,U.S. Senate,,Democratic,Dale Lewis ROMANS,10
Lawrence,U.S. Senate,,Democratic,Logan FORSYTHE,16
Lawrence,U.S. Senate,,Democratic,Vincent Anthony THOMPSON,43
Lawrence,U.S. Senate,,Democratic,Joshua BLANTON SR.,22
Lee,U.S. Senate,,Democratic,Charles BOOKER,70
Lee,U.S. Senate,,Democratic,Amy McGRATH,79
Lee,U.S. Senate,,Democratic,Pamela STEVENSON,5
Lee,U.S. Senate,,Democratic,Dale Lewis ROMANS,8
Lee,U.S. Senate,,Democratic,Logan FORSYTHE,10
Lee,U.S. Senate,,Democratic,Vincent Anthony THOMPSON,12
Lee,U.S. Senate,,Democratic,Joshua BLANTON SR.,9
Leslie,U.S. Senate,,Democratic,Charles BOOKER,23
Leslie,U.S. Senate,,Democratic,Amy McGRATH,27
Leslie,U.S. Senate,,Democratic,Pamela STEVENSON,7
Leslie,U.S. Senate,,Democratic,Dale Lewis ROMANS,2
Leslie,U.S. Senate,,Democratic,Logan FORSYTHE,4
Leslie,U.S. Senate,,Democratic,Vincent Anthony THOMPSON,4
Leslie,U.S. Senate,,Democratic,Joshua BLANTON SR.,2
Letcher,U.S. Senate,,Democratic,Charles BOOKER,455
Letcher,U.S. Senate,,Democratic,Amy McGRATH,445
Letcher,U.S. Senate,,Democratic,Pamela STEVENSON,41
Letcher,U.S. Senate,,Democratic,Dale Lewis ROMANS,33
Letcher,U.S. Senate,,Democratic,Logan FORSYTHE,46
Letcher,U.S. Senate,,Democratic,Vincent Anthony THOMPSON,81
Letcher,U.S. Senate,,Democratic,Joshua BLANTON SR.,46
Lewis,U.S. Senate,,Democratic,Charles BOOKER,69
Lewis,U.S. Senate,,Democratic,Amy McGRATH,104
Lewis,U.S. Senate,,Democratic,Pamela STEVENSON,15
Lewis,U.S. Senate,,Democratic,Dale Lewis ROMANS,6
Lewis,U.S. Senate,,Democratic,Logan FORSYTHE,3
Lewis,U.S. Senate,,Democratic,Vincent Anthony THOMPSON,4
Lewis,U.S. Senate,,Democratic,Joshua BLANTON SR.,3
Lincoln,U.S. Senate,,Democratic,Charles BOOKER,322
Lincoln,U.S. Senate,,Democratic,Amy McGRATH,357
Lincoln,U.S. Senate,,Democratic,Pamela STEVENSON,53
Lincoln,U.S. Senate,,Democratic,Dale Lewis ROMANS,33
Lincoln,U.S. Senate,,Democratic,Logan FORSYTHE,49
Lincoln,U.S. Senate,,Democratic,Vincent Anthony THOMPSON,26
Lincoln,U.S. Senate,,Democratic,Joshua BLANTON SR.,20
Livingston,U.S. Senate,,Democratic,Charles BOOKER,115
Livingston,U.S. Senate,,Democratic,Amy McGRATH,230
Livingston,U.S. Senate,,Democratic,Pamela STEVENSON,31
Livingston,U.S. Senate,,Democratic,Dale Lewis ROMANS,7
Livingston,U.S. Senate,,Democratic,Logan FORSYTHE,47
Livingston,U.S. Senate,,Democratic,Vincent Anthony THOMPSON,21
Livingston,U.S. Senate,,Democratic,Joshua BLANTON SR.,33
Logan,U.S. Senate,,Democratic,Charles BOOKER,434
Logan,U.S. Senate,,Democratic,Amy McGRATH,610
Logan,U.S. Senate,,Democratic,Pamela STEVENSON,62
Logan,U.S. Senate,,Democratic,Dale Lewis ROMANS,39
Logan,U.S. Senate,,Democratic,Logan FORSYTHE,62
Logan,U.S. Senate,,Democratic,Vincent Anthony THOMPSON,40
Logan,U.S. Senate,,Democratic,Joshua BLANTON SR.,81
Lyon,U.S. Senate,,Democratic,Charles BOOKER,111
Lyon,U.S. Senate,,Democratic,Amy McGRATH,193
Lyon,U.S. Senate,,Democratic,Pamela STEVENSON,12
Lyon,U.S. Senate,,Democratic,Dale Lewis ROMANS,6
Lyon,U.S. Senate,,Democratic,Logan FORSYTHE,162
Lyon,U.S. Senate,,Democratic,Vincent Anthony THOMPSON,9
Lyon,U.S. Senate,,Democratic,Joshua BLANTON SR.,10
Madison,U.S. Senate,,Democratic,Charles BOOKER,3270
Madison,U.S. Senate,,Democratic,Amy McGRATH,2102
Madison,U.S. Senate,,Democratic,Pamela STEVENSON,561
Madison,U.S. Senate,,Democratic,Dale Lewis ROMANS,271
Madison,U.S. Senate,,Democratic,Logan FORSYTHE,172
Madison,U.S. Senate,,Democratic,Vincent Anthony THOMPSON,105
Madison,U.S. Senate,,Democratic,Joshua BLANTON SR.,82
Magoffin,U.S. Senate,,Democratic,Charles BOOKER,299
Magoffin,U.S. Senate,,Democratic,Amy McGRATH,402
Magoffin,U.S. Senate,,Democratic,Pamela STEVENSON,31
Magoffin,U.S. Senate,,Democratic,Dale Lewis ROMANS,25
Magoffin,U.S. Senate,,Democratic,Logan FORSYTHE,32
Magoffin,U.S. Senate,,Democratic,Vincent Anthony THOMPSON,70
Magoffin,U.S. Senate,,Democratic,Joshua BLANTON SR.,166
Marion,U.S. Senate,,Democratic,Charles BOOKER,848
Marion,U.S. Senate,,Democratic,Amy McGRATH,1274
Marion,U.S. Senate,,Democratic,Pamela STEVENSON,103
Marion,U.S. Senate,,Democratic,Dale Lewis ROMANS,196
Marion,U.S. Senate,,Democratic,Logan FORSYTHE,65
Marion,U.S. Senate,,Democratic,Vincent Anthony THOMPSON,159
Marion,U.S. Senate,,Democratic,Joshua BLANTON SR.,109
Marshall,U.S. Senate,,Democratic,Charles BOOKER,519
Marshall,U.S. Senate,,Democratic,Amy McGRATH,852
Marshall,U.S. Senate,,Democratic,Pamela STEVENSON,120
Marshall,U.S. Senate,,Democratic,Dale Lewis ROMANS,33
Marshall,U.S. Senate,,Democratic,Logan FORSYTHE,185
Marshall,U.S. Senate,,Democratic,Vincent Anthony THOMPSON,50
Marshall,U.S. Senate,,Democratic,Joshua BLANTON SR.,81
Martin,U.S. Senate,,Democratic,Charles BOOKER,35
Martin,U.S. Senate,,Democratic,Amy McGRATH,55
Martin,U.S. Senate,,Democratic,Pamela STEVENSON,11
Martin,U.S. Senate,,Democratic,Dale Lewis ROMANS,4
Martin,U.S. Senate,,Democratic,Logan FORSYTHE,3
Martin,U.S. Senate,,Democratic,Vincent Anthony THOMPSON,9
Martin,U.S. Senate,,Democratic,Joshua BLANTON SR.,3
Mason,U.S. Senate,,Democratic,Charles BOOKER,629
Mason,U.S. Senate,,Democratic,Amy McGRATH,652
Mason,U.S. Senate,,Democratic,Pamela STEVENSON,78
Mason,U.S. Senate,,Democratic,Dale Lewis ROMANS,54
Mason,U.S. Senate,,Democratic,Logan FORSYTHE,49
Mason,U.S. Senate,,Democratic,Vincent Anthony THOMPSON,38
Mason,U.S. Senate,,Democratic,Joshua BLANTON SR.,42
McCracken,U.S. Senate,,Democratic,Charles BOOKER,1935
McCracken,U.S. Senate,,Democratic,Amy McGRATH,1502
McCracken,U.S. Senate,,Democratic,Pamela STEVENSON,231
McCracken,U.S. Senate,,Democratic,Dale Lewis ROMANS,64
McCracken,U.S. Senate,,Democratic,Logan FORSYTHE,130
McCracken,U.S. Senate,,Democratic,Vincent Anthony THOMPSON,53
McCracken,U.S. Senate,,Democratic,Joshua BLANTON SR.,104
McCreary,U.S. Senate,,Democratic,Charles BOOKER,58
McCreary,U.S. Senate,,Democratic,Amy McGRATH,80
McCreary,U.S. Senate,,Democratic,Pamela STEVENSON,9
McCreary,U.S. Senate,,Democratic,Dale Lewis ROMANS,5
McCreary,U.S. Senate,,Democratic,Logan FORSYTHE,15
McCreary,U.S. Senate,,Democratic,Vincent Anthony THOMPSON,14
McCreary,U.S. Senate,,Democratic,Joshua BLANTON SR.,16
McLean,U.S. Senate,,Democratic,Charles BOOKER,174
McLean,U.S. Senate,,Democratic,Amy McGRATH,298
McLean,U.S. Senate,,Democratic,Pamela STEVENSON,27
McLean,U.S. Senate,,Democratic,Dale Lewis ROMANS,15
McLean,U.S. Senate,,Democratic,Logan FORSYTHE,25
McLean,U.S. Senate,,Democratic,Vincent Anthony THOMPSON,17
McLean,U.S. Senate,,Democratic,Joshua BLANTON SR.,14
Meade,U.S. Senate,,Democratic,Charles BOOKER,488
Meade,U.S. Senate,,Democratic,Amy McGRATH,742
Meade,U.S. Senate,,Democratic,Pamela STEVENSON,77
Meade,U.S. Senate,,Democratic,Dale Lewis ROMANS,94
Meade,U.S. Senate,,Democratic,Logan FORSYTHE,86
Meade,U.S. Senate,,Democratic,Vincent Anthony THOMPSON,33
Meade,U.S. Senate,,Democratic,Joshua BLANTON SR.,32
Menifee,U.S. Senate,,Democratic,Charles BOOKER,204
Menifee,U.S. Senate,,Democratic,Amy McGRATH,337
Menifee,U.S. Senate,,Democratic,Pamela STEVENSON,36
Menifee,U.S. Senate,,Democratic,Dale Lewis ROMANS,33
Menifee,U.S. Senate,,Democratic,Logan FORSYTHE,43
Menifee,U.S. Senate,,Democratic,Vincent Anthony THOMPSON,46
Menifee,U.S. Senate,,Democratic,Joshua BLANTON SR.,33
Mercer,U.S. Senate,,Democratic,Charles BOOKER,633
Mercer,U.S. Senate,,Democratic,Amy McGRATH,604
Mercer,U.S. Senate,,Democratic,Pamela STEVENSON,182
Mercer,U.S. Senate,,Democratic,Dale Lewis ROMANS,100
Mercer,U.S. Senate,,Democratic,Logan FORSYTHE,60
Mercer,U.S. Senate,,Democratic,Vincent Anthony THOMPSON,36
Mercer,U.S. Senate,,Democratic,Joshua BLANTON SR.,25
Metcalfe,U.S. Senate,,Democratic,Charles BOOKER,237
Metcalfe,U.S. Senate,,Democratic,Amy McGRATH,486
Metcalfe,U.S. Senate,,Democratic,Pamela STEVENSON,34
Metcalfe,U.S. Senate,,Democratic,Dale Lewis ROMANS,17
Metcalfe,U.S. Senate,,Democratic,Logan FORSYTHE,31
Metcalfe,U.S. Senate,,Democratic,Vincent Anthony THOMPSON,44
Metcalfe,U.S. Senate,,Democratic,Joshua BLANTON SR.,64
Monroe,U.S. Senate,,Democratic,Charles BOOKER,19
Monroe,U.S. Senate,,Democratic,Amy McGRATH,50
Monroe,U.S. Senate,,Democratic,Pamela STEVENSON,7
Monroe,U.S. Senate,,Democratic,Dale Lewis ROMANS,4
Monroe,U.S. Senate,,Democratic,Logan FORSYTHE,4
Monroe,U.S. Senate,,Democratic,Vincent Anthony THOMPSON,5
Monroe,U.S. Senate,,Democratic,Joshua BLANTON SR.,5
Montgomery,U.S. Senate,,Democratic,Charles BOOKER,701
Montgomery,U.S. Senate,,Democratic,Amy McGRATH,751
Montgomery,U.S. Senate,,Democratic,Pamela STEVENSON,177
Montgomery,U.S. Senate,,Democratic,Dale Lewis ROMANS,119
Montgomery,U.S. Senate,,Democratic,Logan FORSYTHE,60
Montgomery,U.S. Senate,,Democratic,Vincent Anthony THOMPSON,58
Montgomery,U.S. Senate,,Democratic,Joshua BLANTON SR.,42
Morgan,U.S. Senate,,Democratic,Charles BOOKER,352
Morgan,U.S. Senate,,Democratic,Amy McGRATH,493
Morgan,U.S. Senate,,Democratic,Pamela STEVENSON,77
Morgan,U.S. Senate,,Democratic,Dale Lewis ROMANS,61
Morgan,U.S. Senate,,Democratic,Logan FORSYTHE,59
Morgan,U.S. Senate,,Democratic,Vincent Anthony THOMPSON,95
Morgan,U.S. Senate,,Democratic,Joshua BLANTON SR.,81
Muhlenberg,U.S. Senate,,Democratic,Charles BOOKER,902
Muhlenberg,U.S. Senate,,Democratic,Amy McGRATH,981
Muhlenberg,U.S. Senate,,Democratic,Pamela STEVENSON,106
Muhlenberg,U.S. Senate,,Democratic,Dale Lewis ROMANS,64
Muhlenberg,U.S. Senate,,Democratic,Logan FORSYTHE,154
Muhlenberg,U.S. Senate,,Democratic,Vincent Anthony THOMPSON,94
Muhlenberg,U.S. Senate,,Democratic,Joshua BLANTON SR.,66
Nelson,U.S. Senate,,Democratic,Charles BOOKER,1521
Nelson,U.S. Senate,,Democratic,Amy McGRATH,1712
Nelson,U.S. Senate,,Democratic,Pamela STEVENSON,195
Nelson,U.S. Senate,,Democratic,Dale Lewis ROMANS,277
Nelson,U.S. Senate,,Democratic,Logan FORSYTHE,102
Nelson,U.S. Senate,,Democratic,Vincent Anthony THOMPSON,124
Nelson,U.S. Senate,,Democratic,Joshua BLANTON SR.,73
Nicholas,U.S. Senate,,Democratic,Charles BOOKER,281
Nicholas,U.S. Senate,,Democratic,Amy McGRATH,380
Nicholas,U.S. Senate,,Democratic,Pamela STEVENSON,103
Nicholas,U.S. Senate,,Democratic,Dale Lewis ROMANS,59
Nicholas,U.S. Senate,,Democratic,Logan FORSYTHE,43
Nicholas,U.S. Senate,,Democratic,Vincent Anthony THOMPSON,40
Nicholas,U.S. Senate,,Democratic,Joshua BLANTON SR.,32
Ohio,U.S. Senate,,Democratic,Charles BOOKER,286
Ohio,U.S. Senate,,Democratic,Amy McGRATH,466
Ohio,U.S. Senate,,Democratic,Pamela STEVENSON,51
Ohio,U.S. Senate,,Democratic,Dale Lewis ROMANS,33
Ohio,U.S. Senate,,Democratic,Logan FORSYTHE,45
Ohio,U.S. Senate,,Democratic,Vincent Anthony THOMPSON,43
Ohio,U.S. Senate,,Democratic,Joshua BLANTON SR.,14
Oldham,U.S. Senate,,Democratic,Charles BOOKER,2527
Oldham,U.S. Senate,,Democratic,Amy McGRATH,1942
Oldham,U.S. Senate,,Democratic,Pamela STEVENSON,208
Oldham,U.S. Senate,,Democratic,Dale Lewis ROMANS,286
Oldham,U.S. Senate,,Democratic,Logan FORSYTHE,83
Oldham,U.S. Senate,,Democratic,Vincent Anthony THOMPSON,39
Oldham,U.S. Senate,,Democratic,Joshua BLANTON SR.,30
Owen,U.S. Senate,,Democratic,Charles BOOKER,222
Owen,U.S. Senate,,Democratic,Amy McGRATH,246
Owen,U.S. Senate,,Democratic,Pamela STEVENSON,37
Owen,U.S. Senate,,Democratic,Dale Lewis ROMANS,46
Owen,U.S. Senate,,Democratic,Logan FORSYTHE,49
Owen,U.S. Senate,,Democratic,Vincent Anthony THOMPSON,15
Owen,U.S. Senate,,Democratic,Joshua BLANTON SR.,17
Owsley,U.S. Senate,,Democratic,Charles BOOKER,55
Owsley,U.S. Senate,,Democratic,Amy McGRATH,67
Owsley,U.S. Senate,,Democratic,Pamela STEVENSON,14
Owsley,U.S. Senate,,Democratic,Dale Lewis ROMANS,11
Owsley,U.S. Senate,,Democratic,Logan FORSYTHE,7
Owsley,U.S. Senate,,Democratic,Vincent Anthony THOMPSON,9
Owsley,U.S. Senate,,Democratic,Joshua BLANTON SR.,5
Pendleton,U.S. Senate,,Democratic,Charles BOOKER,143
Pendleton,U.S. Senate,,Democratic,Amy McGRATH,301
Pendleton,U.S. Senate,,Democratic,Pamela STEVENSON,24
Pendleton,U.S. Senate,,Democratic,Dale Lewis ROMANS,20
Pendleton,U.S. Senate,,Democratic,Logan FORSYTHE,28
Pendleton,U.S. Senate,,Democratic,Vincent Anthony THOMPSON,20
Pendleton,U.S. Senate,,Democratic,Joshua BLANTON SR.,14
Perry,U.S. Senate,,Democratic,Charles BOOKER,856
Perry,U.S. Senate,,Democratic,Amy McGRATH,961
Perry,U.S. Senate,,Democratic,Pamela STEVENSON,148
Perry,U.S. Senate,,Democratic,Dale Lewis ROMANS,75
Perry,U.S. Senate,,Democratic,Logan FORSYTHE,143
Perry,U.S. Senate,,Democratic,Vincent Anthony THOMPSON,138
Perry,U.S. Senate,,Democratic,Joshua BLANTON SR.,111
Pike,U.S. Senate,,Democratic,Charles BOOKER,1025
Pike,U.S. Senate,,Democratic,Amy McGRATH,1340
Pike,U.S. Senate,,Democratic,Pamela STEVENSON,141
Pike,U.S. Senate,,Democratic,Dale Lewis ROMANS,95
Pike,U.S. Senate,,Democratic,Logan FORSYTHE,141
Pike,U.S. Senate,,Democratic,Vincent Anthony THOMPSON,188
Pike,U.S. Senate,,Democratic,Joshua BLANTON SR.,159
Powell,U.S. Senate,,Democratic,Charles BOOKER,313
Powell,U.S. Senate,,Democratic,Amy McGRATH,397
Powell,U.S. Senate,,Democratic,Pamela STEVENSON,87
Powell,U.S. Senate,,Democratic,Dale Lewis ROMANS,46
Powell,U.S. Senate,,Democratic,Logan FORSYTHE,54
Powell,U.S. Senate,,Democratic,Vincent Anthony THOMPSON,27
Powell,U.S. Senate,,Democratic,Joshua BLANTON SR.,23
Pulaski,U.S. Senate,,Democratic,Charles BOOKER,726
Pulaski,U.S. Senate,,Democratic,Amy McGRATH,590
Pulaski,U.S. Senate,,Democratic,Pamela STEVENSON,69
Pulaski,U.S. Senate,,Democratic,Dale Lewis ROMANS,36
Pulaski,U.S. Senate,,Democratic,Logan FORSYTHE,63
Pulaski,U.S. Senate,,Democratic,Vincent Anthony THOMPSON,56
Pulaski,U.S. Senate,,Democratic,Joshua BLANTON SR.,25
Robertson,U.S. Senate,,Democratic,Charles BOOKER,109
Robertson,U.S. Senate,,Democratic,Amy McGRATH,162
Robertson,U.S. Senate,,Democratic,Pamela STEVENSON,17
Robertson,U.S. Senate,,Democratic,Dale Lewis ROMANS,11
Robertson,U.S. Senate,,Democratic,Logan FORSYTHE,17
Robertson,U.S. Senate,,Democratic,Vincent Anthony THOMPSON,17
Robertson,U.S. Senate,,Democratic,Joshua BLANTON SR.,12
Rockcastle,U.S. Senate,,Democratic,Charles BOOKER,106
Rockcastle,U.S. Senate,,Democratic,Amy McGRATH,95
Rockcastle,U.S. Senate,,Democratic,Pamela STEVENSON,10
Rockcastle,U.S. Senate,,Democratic,Dale Lewis ROMANS,5
Rockcastle,U.S. Senate,,Democratic,Logan FORSYTHE,15
Rockcastle,U.S. Senate,,Democratic,Vincent Anthony THOMPSON,12
Rockcastle,U.S. Senate,,Democratic,Joshua BLANTON SR.,5
Rowan,U.S. Senate,,Democratic,Charles BOOKER,870
Rowan,U.S. Senate,,Democratic,Amy McGRATH,861
Rowan,U.S. Senate,,Democratic,Pamela STEVENSON,95
Rowan,U.S. Senate,,Democratic,Dale Lewis ROMANS,54
Rowan,U.S. Senate,,Democratic,Logan FORSYTHE,94
Rowan,U.S. Senate,,Democratic,Vincent Anthony THOMPSON,53
Rowan,U.S. Senate,,Democratic,Joshua BLANTON SR.,44
Russell,U.S. Senate,,Democratic,Charles BOOKER,142
Russell,U.S. Senate,,Democratic,Amy McGRATH,197
Russell,U.S. Senate,,Democratic,Pamela STEVENSON,31
Russell,U.S. Senate,,Democratic,Dale Lewis ROMANS,19
Russell,U.S. Senate,,Democratic,Logan FORSYTHE,18
Russell,U.S. Senate,,Democratic,Vincent Anthony THOMPSON,8
Russell,U.S. Senate,,Democratic,Joshua BLANTON SR.,18
Scott,U.S. Senate,,Democratic,Charles BOOKER,2337
Scott,U.S. Senate,,Democratic,Amy McGRATH,1793
Scott,U.S. Senate,,Democratic,Pamela STEVENSON,473
Scott,U.S. Senate,,Democratic,Dale Lewis ROMANS,239
Scott,U.S. Senate,,Democratic,Logan FORSYTHE,148
Scott,U.S. Senate,,Democratic,Vincent Anthony THOMPSON,54
Scott,U.S. Senate,,Democratic,Joshua BLANTON SR.,59
Shelby,U.S. Senate,,Democratic,Charles BOOKER,1612
Shelby,U.S. Senate,,Democratic,Amy McGRATH,1319
Shelby,U.S. Senate,,Democratic,Pamela STEVENSON,184
Shelby,U.S. Senate,,Democratic,Dale Lewis ROMANS,295
Shelby,U.S. Senate,,Democratic,Logan FORSYTHE,79
Shelby,U.S. Senate,,Democratic,Vincent Anthony THOMPSON,43
Shelby,U.S. Senate,,Democratic,Joshua BLANTON SR.,68
Simpson,U.S. Senate,,Democratic,Charles BOOKER,360
Simpson,U.S. Senate,,Democratic,Amy McGRATH,342
Simpson,U.S. Senate,,Democratic,Pamela STEVENSON,31
Simpson,U.S. Senate,,Democratic,Dale Lewis ROMANS,11
Simpson,U.S. Senate,,Democratic,Logan FORSYTHE,40
Simpson,U.S. Senate,,Democratic,Vincent Anthony THOMPSON,36
Simpson,U.S. Senate,,Democratic,Joshua BLANTON SR.,60
Spencer,U.S. Senate,,Democratic,Charles BOOKER,394
Spencer,U.S. Senate,,Democratic,Amy McGRATH,406
Spencer,U.S. Senate,,Democratic,Pamela STEVENSON,51
Spencer,U.S. Senate,,Democratic,Dale Lewis ROMANS,102
Spencer,U.S. Senate,,Democratic,Logan FORSYTHE,35
Spencer,U.S. Senate,,Democratic,Vincent Anthony THOMPSON,23
Spencer,U.S. Senate,,Democratic,Joshua BLANTON SR.,28
Taylor,U.S. Senate,,Democratic,Charles BOOKER,449
Taylor,U.S. Senate,,Democratic,Amy McGRATH,536
Taylor,U.S. Senate,,Democratic,Pamela STEVENSON,48
Taylor,U.S. Senate,,Democratic,Dale Lewis ROMANS,72
Taylor,U.S. Senate,,Democratic,Logan FORSYTHE,33
Taylor,U.S. Senate,,Democratic,Vincent Anthony THOMPSON,32
Taylor,U.S. Senate,,Democratic,Joshua BLANTON SR.,35
Todd,U.S. Senate,,Democratic,Charles BOOKER,168
Todd,U.S. Senate,,Democratic,Amy McGRATH,261
Todd,U.S. Senate,,Democratic,Pamela STEVENSON,43
Todd,U.S. Senate,,Democratic,Dale Lewis ROMANS,16
Todd,U.S. Senate,,Democratic,Logan FORSYTHE,41
Todd,U.S. Senate,,Democratic,Vincent Anthony THOMPSON,28
Todd,U.S. Senate,,Democratic,Joshua BLANTON SR.,55
Trigg,U.S. Senate,,Democratic,Charles BOOKER,235
Trigg,U.S. Senate,,Democratic,Amy McGRATH,362
Trigg,U.S. Senate,,Democratic,Pamela STEVENSON,64
Trigg,U.S. Senate,,Democratic,Dale Lewis ROMANS,27
Trigg,U.S. Senate,,Democratic,Logan FORSYTHE,34
Trigg,U.S. Senate,,Democratic,Vincent Anthony THOMPSON,38
Trigg,U.S. Senate,,Democratic,Joshua BLANTON SR.,54
Trimble,U.S. Senate,,Democratic,Charles BOOKER,177
Trimble,U.S. Senate,,Democratic,Amy McGRATH,318
Trimble,U.S. Senate,,Democratic,Pamela STEVENSON,33
Trimble,U.S. Senate,,Democratic,Dale Lewis ROMANS,81
Trimble,U.S. Senate,,Democratic,Logan FORSYTHE,33
Trimble,U.S. Senate,,Democratic,Vincent Anthony THOMPSON,15
Trimble,U.S. Senate,,Democratic,Joshua BLANTON SR.,25
Union,U.S. Senate,,Democratic,Charles BOOKER,226
Union,U.S. Senate,,Democratic,Amy McGRATH,413
Union,U.S. Senate,,Democratic,Pamela STEVENSON,30
Union,U.S. Senate,,Democratic,Dale Lewis ROMANS,19
Union,U.S. Senate,,Democratic,Logan FORSYTHE,32
Union,U.S. Senate,,Democratic,Vincent Anthony THOMPSON,84
Union,U.S. Senate,,Democratic,Joshua BLANTON SR.,38
Warren,U.S. Senate,,Democratic,Charles BOOKER,3396
Warren,U.S. Senate,,Democratic,Amy McGRATH,2642
Warren,U.S. Senate,,Democratic,Pamela STEVENSON,295
Warren,U.S. Senate,,Democratic,Dale Lewis ROMANS,90
Warren,U.S. Senate,,Democratic,Logan FORSYTHE,215
Warren,U.S. Senate,,Democratic,Vincent Anthony THOMPSON,59
Warren,U.S. Senate,,Democratic,Joshua BLANTON SR.,88
Washington,U.S. Senate,,Democratic,Charles BOOKER,348
Washington,U.S. Senate,,Democratic,Amy McGRATH,441
Washington,U.S. Senate,,Democratic,Pamela STEVENSON,39
Washington,U.S. Senate,,Democratic,Dale Lewis ROMANS,75
Washington,U.S. Senate,,Democratic,Logan FORSYTHE,28
Washington,U.S. Senate,,Democratic,Vincent Anthony THOMPSON,24
Washington,U.S. Senate,,Democratic,Joshua BLANTON SR.,29
Wayne,U.S. Senate,,Democratic,Charles BOOKER,171
Wayne,U.S. Senate,,Democratic,Amy McGRATH,235
Wayne,U.S. Senate,,Democratic,Pamela STEVENSON,22
Wayne,U.S. Senate,,Democratic,Dale Lewis ROMANS,13
Wayne,U.S. Senate,,Democratic,Logan FORSYTHE,26
Wayne,U.S. Senate,,Democratic,Vincent Anthony THOMPSON,18
Wayne,U.S. Senate,,Democratic,Joshua BLANTON SR.,11
Webster,U.S. Senate,,Democratic,Charles BOOKER,201
Webster,U.S. Senate,,Democratic,Amy McGRATH,338
Webster,U.S. Senate,,Democratic,Pamela STEVENSON,45
Webster,U.S. Senate,,Democratic,Dale Lewis ROMANS,19
Webster,U.S. Senate,,Democratic,Logan FORSYTHE,21
Webster,U.S. Senate,,Democratic,Vincent Anthony THOMPSON,22
Webster,U.S. Senate,,Democratic,Joshua BLANTON SR.,44
Whitley,U.S. Senate,,Democratic,Charles BOOKER,219
Whitley,U.S. Senate,,Democratic,Amy McGRATH,264
Whitley,U.S. Senate,,Democratic,Pamela STEVENSON,14
Whitley,U.S. Senate,,Democratic,Dale Lewis ROMANS,6
Whitley,U.S. Senate,,Democratic,Logan FORSYTHE,11
Whitley,U.S. Senate,,Democratic,Vincent Anthony THOMPSON,13
Whitley,U.S. Senate,,Democratic,Joshua BLANTON SR.,5
Wolfe,U.S. Senate,,Democratic,Charles BOOKER,265
Wolfe,U.S. Senate,,Democratic,Amy McGRATH,449
Wolfe,U.S. Senate,,Democratic,Pamela STEVENSON,41
Wolfe,U.S. Senate,,Democratic,Dale Lewis ROMANS,53
Wolfe,U.S. Senate,,Democratic,Logan FORSYTHE,63
Wolfe,U.S. Senate,,Democratic,Vincent Anthony THOMPSON,121
Wolfe,U.S. Senate,,Democratic,Joshua BLANTON SR.,56
Woodford,U.S. Senate,,Democratic,Charles BOOKER,1552
Woodford,U.S. Senate,,Democratic,Amy McGRATH,1179
Woodford,U.S. Senate,,Democratic,Pamela STEVENSON,345
Woodford,U.S. Senate,,Democratic,Dale Lewis ROMANS,272
Woodford,U.S. Senate,,Democratic,Logan FORSYTHE,96
Woodford,U.S. Senate,,Democratic,Vincent Anthony THOMPSON,45
Woodford,U.S. Senate,,Democratic,Joshua BLANTON SR.,35
Adair,U.S. House,1,Republican,James R. COMER,3779
Adair,U.S. House,1,Republican,David SIMS,211
Adair,U.S. House,1,Republican,Robert James SUTHERBY,133
Adair,U.S. House,1,Republican,Penny ARCOS,127
Allen,U.S. House,1,Republican,James R. COMER,2893
Allen,U.S. House,1,Republican,David SIMS,177
Allen,U.S. House,1,Republican,Robert James SUTHERBY,100
Allen,U.S. House,1,Republican,Penny ARCOS,90
Anderson,U.S. House,1,Republican,James R. COMER,607
Anderson,U.S. House,1,Republican,David SIMS,65
Anderson,U.S. House,1,Republican,Robert James SUTHERBY,37
Anderson,U.S. House,1,Republican,Penny ARCOS,25
Ballard,U.S. House,1,Republican,James R. COMER,808
Ballard,U.S. House,1,Republican,David SIMS,62
Ballard,U.S. House,1,Republican,Robert James SUTHERBY,23
Ballard,U.S. House,1,Republican,Penny ARCOS,21
Boyle,U.S. House,1,Republican,James R. COMER,2466
Boyle,U.S. House,1,Republican,David SIMS,208
Boyle,U.S. House,1,Republican,Robert James SUTHERBY,105
Boyle,U.S. House,1,Republican,Penny ARCOS,124
Caldwell,U.S. House,1,Republican,James R. COMER,1494
Caldwell,U.S. House,1,Republican,David SIMS,165
Caldwell,U.S. House,1,Republican,Robert James SUTHERBY,39
Caldwell,U.S. House,1,Republican,Penny ARCOS,36
Calloway,U.S. House,1,Republican,James R. COMER,2645
Calloway,U.S. House,1,Republican,David SIMS,131
Calloway,U.S. House,1,Republican,Robert James SUTHERBY,96
Calloway,U.S. House,1,Republican,Penny ARCOS,75
Carlisle,U.S. House,1,Republican,James R. COMER,754
Carlisle,U.S. House,1,Republican,David SIMS,24
Carlisle,U.S. House,1,Republican,Robert James SUTHERBY,17
Carlisle,U.S. House,1,Republican,Penny ARCOS,10
Casey,U.S. House,1,Republican,James R. COMER,3698
Casey,U.S. House,1,Republican,David SIMS,248
Casey,U.S. House,1,Republican,Robert James SUTHERBY,110
Casey,U.S. House,1,Republican,Penny ARCOS,117
Christian,U.S. House,1,Republican,James R. COMER,3772
Christian,U.S. House,1,Republican,David SIMS,266
Christian,U.S. House,1,Republican,Robert James SUTHERBY,214
Christian,U.S. House,1,Republican,Penny ARCOS,135
Clinton,U.S. House,1,Republican,James R. COMER,2545
Clinton,U.S. House,1,Republican,David SIMS,171
Clinton,U.S. House,1,Republican,Robert James SUTHERBY,56
Clinton,U.S. House,1,Republican,Penny ARCOS,85
Crittenden,U.S. House,1,Republican,James R. COMER,1600
Crittenden,U.S. House,1,Republican,David SIMS,114
Crittenden,U.S. House,1,Republican,Robert James SUTHERBY,61
Crittenden,U.S. House,1,Republican,Penny ARCOS,46
Cumberland,U.S. House,1,Republican,James R. COMER,1967
Cumberland,U.S. House,1,Republican,David SIMS,95
Cumberland,U.S. House,1,Republican,Robert James SUTHERBY,63
Cumberland,U.S. House,1,Republican,Penny ARCOS,56
Franklin,U.S. House,1,Republican,James R. COMER,3342
Franklin,U.S. House,1,Republican,David SIMS,265
Franklin,U.S. House,1,Republican,Robert James SUTHERBY,220
Franklin,U.S. House,1,Republican,Penny ARCOS,185
Fulton,U.S. House,1,Republican,James R. COMER,285
Fulton,U.S. House,1,Republican,David SIMS,11
Fulton,U.S. House,1,Republican,Robert James SUTHERBY,4
Fulton,U.S. House,1,Republican,Penny ARCOS,10
Graves,U.S. House,1,Republican,James R. COMER,3789
Graves,U.S. House,1,Republican,David SIMS,212
Graves,U.S. House,1,Republican,Robert James SUTHERBY,84
Graves,U.S. House,1,Republican,Penny ARCOS,75
Henderson,U.S. House,1,Republican,James R. COMER,2640
Henderson,U.S. House,1,Republican,David SIMS,169
Henderson,U.S. House,1,Republican,Robert James SUTHERBY,114
Henderson,U.S. House,1,Republican,Penny ARCOS,107
Hickman,U.S. House,1,Republican,James R. COMER,672
Hickman,U.S. House,1,Republican,David SIMS,32
Hickman,U.S. House,1,Republican,Robert James SUTHERBY,14
Hickman,U.S. House,1,Republican,Penny ARCOS,13
Hopkins,U.S. House,1,Republican,James R. COMER,2619
Hopkins,U.S. House,1,Republican,David SIMS,183
Hopkins,U.S. House,1,Republican,Robert James SUTHERBY,110
Hopkins,U.S. House,1,Republican,Penny ARCOS,108
Livingston,U.S. House,1,Republican,James R. COMER,1504
Livingston,U.S. House,1,Republican,David SIMS,109
Livingston,U.S. House,1,Republican,Robert James SUTHERBY,54
Livingston,U.S. House,1,Republican,Penny ARCOS,37
Logan,U.S. House,1,Republican,James R. COMER,1733
Logan,U.S. House,1,Republican,David SIMS,120
Logan,U.S. House,1,Republican,Robert James SUTHERBY,78
Logan,U.S. House,1,Republican,Penny ARCOS,69
Lyon,U.S. House,1,Republican,James R. COMER,700
Lyon,U.S. House,1,Republican,David SIMS,40
Lyon,U.S. House,1,Republican,Robert James SUTHERBY,13
Lyon,U.S. House,1,Republican,Penny ARCOS,22
Marion,U.S. House,1,Republican,James R. COMER,1306
Marion,U.S. House,1,Republican,David SIMS,145
Marion,U.S. House,1,Republican,Robert James SUTHERBY,54
Marion,U.S. House,1,Republican,Penny ARCOS,41
Marshall,U.S. House,1,Republican,James R. COMER,3613
Marshall,U.S. House,1,Republican,David SIMS,199
Marshall,U.S. House,1,Republican,Robert James SUTHERBY,103
Marshall,U.S. House,1,Republican,Penny ARCOS,121
McCracken,U.S. House,1,Republican,James R. COMER,5182
McCracken,U.S. House,1,Republican,David SIMS,332
McCracken,U.S. House,1,Republican,Robert James SUTHERBY,132
McCracken,U.S. House,1,Republican,Penny ARCOS,162
Metcalfe,U.S. House,1,Republican,James R. COMER,1474
Metcalfe,U.S. House,1,Republican,David SIMS,84
Metcalfe,U.S. House,1,Republican,Robert James SUTHERBY,54
Metcalfe,U.S. House,1,Republican,Penny ARCOS,32
Monroe,U.S. House,1,Republican,James R. COMER,3599
Monroe,U.S. House,1,Republican,David SIMS,104
Monroe,U.S. House,1,Republican,Robert James SUTHERBY,63
Monroe,U.S. House,1,Republican,Penny ARCOS,66
Russell,U.S. House,1,Republican,James R. COMER,4189
Russell,U.S. House,1,Republican,David SIMS,243
Russell,U.S. House,1,Republican,Robert James SUTHERBY,115
Russell,U.S. House,1,Republican,Penny ARCOS,184
Simpson,U.S. House,1,Republican,James R. COMER,2183
Simpson,U.S. House,1,Republican,David SIMS,184
Simpson,U.S. House,1,Republican,Robert James SUTHERBY,101
Simpson,U.S. House,1,Republican,Penny ARCOS,91
Taylor,U.S. House,1,Republican,James R. COMER,3497
Taylor,U.S. House,1,Republican,David SIMS,203
Taylor,U.S. House,1,Republican,Robert James SUTHERBY,106
Taylor,U.S. House,1,Republican,Penny ARCOS,110
Todd,U.S. House,1,Republican,James R. COMER,856
Todd,U.S. House,1,Republican,David SIMS,59
Todd,U.S. House,1,Republican,Robert James SUTHERBY,47
Todd,U.S. House,1,Republican,Penny ARCOS,28
Trigg,U.S. House,1,Republican,James R. COMER,2091
Trigg,U.S. House,1,Republican,David SIMS,141
Trigg,U.S. House,1,Republican,Robert James SUTHERBY,111
Trigg,U.S. House,1,Republican,Penny ARCOS,107
Union,U.S. House,1,Republican,James R. COMER,1273
Union,U.S. House,1,Republican,David SIMS,96
Union,U.S. House,1,Republican,Robert James SUTHERBY,48
Union,U.S. House,1,Republican,Penny ARCOS,52
Washington,U.S. House,1,Republican,James R. COMER,1193
Washington,U.S. House,1,Republican,David SIMS,137
Washington,U.S. House,1,Republican,Robert James SUTHERBY,59
Washington,U.S. House,1,Republican,Penny ARCOS,44
Webster,U.S. House,1,Republican,James R. COMER,910
Webster,U.S. House,1,Republican,David SIMS,63
Webster,U.S. House,1,Republican,Robert James SUTHERBY,36
Webster,U.S. House,1,Republican,Penny ARCOS,34
Barren,U.S. House,2,Republican,S. Brett GUTHRIE,4826
Barren,U.S. House,2,Republican,Joshua M. FERGUSON,382
Barren,U.S. House,2,Republican,"G. ""Shay"" PERRY-ADELMANN",175
Breckinridge,U.S. House,2,Republican,S. Brett GUTHRIE,3404
Breckinridge,U.S. House,2,Republican,Joshua M. FERGUSON,394
Breckinridge,U.S. House,2,Republican,"G. ""Shay"" PERRY-ADELMANN",201
Bullitt,U.S. House,2,Republican,S. Brett GUTHRIE,6701
Bullitt,U.S. House,2,Republican,Joshua M. FERGUSON,919
Bullitt,U.S. House,2,Republican,"G. ""Shay"" PERRY-ADELMANN",514
Butler,U.S. House,2,Republican,S. Brett GUTHRIE,2554
Butler,U.S. House,2,Republican,Joshua M. FERGUSON,245
Butler,U.S. House,2,Republican,"G. ""Shay"" PERRY-ADELMANN",128
Daviess,U.S. House,2,Republican,S. Brett GUTHRIE,6549
Daviess,U.S. House,2,Republican,Joshua M. FERGUSON,745
Daviess,U.S. House,2,Republican,"G. ""Shay"" PERRY-ADELMANN",535
Edmonson,U.S. House,2,Republican,S. Brett GUTHRIE,1338
Edmonson,U.S. House,2,Republican,Joshua M. FERGUSON,78
Edmonson,U.S. House,2,Republican,"G. ""Shay"" PERRY-ADELMANN",44
Grayson,U.S. House,2,Republican,S. Brett GUTHRIE,3881
Grayson,U.S. House,2,Republican,Joshua M. FERGUSON,440
Grayson,U.S. House,2,Republican,"G. ""Shay"" PERRY-ADELMANN",284
Green,U.S. House,2,Republican,S. Brett GUTHRIE,2228
Green,U.S. House,2,Republican,Joshua M. FERGUSON,243
Green,U.S. House,2,Republican,"G. ""Shay"" PERRY-ADELMANN",90
Hancock,U.S. House,2,Republican,S. Brett GUTHRIE,1193
Hancock,U.S. House,2,Republican,Joshua M. FERGUSON,154
Hancock,U.S. House,2,Republican,"G. ""Shay"" PERRY-ADELMANN",60
Hardin,U.S. House,2,Republican,S. Brett GUTHRIE,7179
Hardin,U.S. House,2,Republican,Joshua M. FERGUSON,892
Hardin,U.S. House,2,Republican,"G. ""Shay"" PERRY-ADELMANN",481
Hart,U.S. House,2,Republican,S. Brett GUTHRIE,1483
Hart,U.S. House,2,Republican,Joshua M. FERGUSON,173
Hart,U.S. House,2,Republican,"G. ""Shay"" PERRY-ADELMANN",79
Jefferson,U.S. House,2,Republican,S. Brett GUTHRIE,3559
Jefferson,U.S. House,2,Republican,Joshua M. FERGUSON,364
Jefferson,U.S. House,2,Republican,"G. ""Shay"" PERRY-ADELMANN",281
Larue,U.S. House,2,Republican,S. Brett GUTHRIE,2049
Larue,U.S. House,2,Republican,Joshua M. FERGUSON,212
Larue,U.S. House,2,Republican,"G. ""Shay"" PERRY-ADELMANN",109
Logan,U.S. House,2,Republican,S. Brett GUTHRIE,208
Logan,U.S. House,2,Republican,Joshua M. FERGUSON,25
Logan,U.S. House,2,Republican,"G. ""Shay"" PERRY-ADELMANN",8
McLean,U.S. House,2,Republican,S. Brett GUTHRIE,729
McLean,U.S. House,2,Republican,Joshua M. FERGUSON,64
McLean,U.S. House,2,Republican,"G. ""Shay"" PERRY-ADELMANN",30
Meade,U.S. House,2,Republican,S. Brett GUTHRIE,2466
Meade,U.S. House,2,Republican,Joshua M. FERGUSON,391
Meade,U.S. House,2,Republican,"G. ""Shay"" PERRY-ADELMANN",158
Muhlenberg,U.S. House,2,Republican,S. Brett GUTHRIE,1957
Muhlenberg,U.S. House,2,Republican,Joshua M. FERGUSON,262
Muhlenberg,U.S. House,2,Republican,"G. ""Shay"" PERRY-ADELMANN",104
Nelson,U.S. House,2,Republican,S. Brett GUTHRIE,1593
Nelson,U.S. House,2,Republican,Joshua M. FERGUSON,184
Nelson,U.S. House,2,Republican,"G. ""Shay"" PERRY-ADELMANN",113
Ohio,U.S. House,2,Republican,S. Brett GUTHRIE,3120
Ohio,U.S. House,2,Republican,Joshua M. FERGUSON,471
Ohio,U.S. House,2,Republican,"G. ""Shay"" PERRY-ADELMANN",231
Warren,U.S. House,2,Republican,S. Brett GUTHRIE,8159
Warren,U.S. House,2,Republican,Joshua M. FERGUSON,549
Warren,U.S. House,2,Republican,"G. ""Shay"" PERRY-ADELMANN",338
Barren,U.S. House,2,Democratic,Megan WINGFIELD,808
Barren,U.S. House,2,Democratic,Hank LINDERMAN,399
Barren,U.S. House,2,Democratic,David S. HATFIELD,471
Barren,U.S. House,2,Democratic,William Dakota COMPTON,373
Breckinridge,U.S. House,2,Democratic,Megan WINGFIELD,340
Breckinridge,U.S. House,2,Democratic,Hank LINDERMAN,262
Breckinridge,U.S. House,2,Democratic,David S. HATFIELD,199
Breckinridge,U.S. House,2,Democratic,William Dakota COMPTON,175
Bullitt,U.S. House,2,Democratic,Megan WINGFIELD,1480
Bullitt,U.S. House,2,Democratic,Hank LINDERMAN,760
Bullitt,U.S. House,2,Democratic,David S. HATFIELD,1011
Bullitt,U.S. House,2,Democratic,William Dakota COMPTON,599
Butler,U.S. House,2,Democratic,Megan WINGFIELD,131
Butler,U.S. House,2,Democratic,Hank LINDERMAN,46
Butler,U.S. House,2,Democratic,David S. HATFIELD,44
Butler,U.S. House,2,Democratic,William Dakota COMPTON,61
Daviess,U.S. House,2,Democratic,Megan WINGFIELD,2431
Daviess,U.S. House,2,Democratic,Hank LINDERMAN,1571
Daviess,U.S. House,2,Democratic,David S. HATFIELD,1219
Daviess,U.S. House,2,Democratic,William Dakota COMPTON,986
Edmonson,U.S. House,2,Democratic,Megan WINGFIELD,136
Edmonson,U.S. House,2,Democratic,Hank LINDERMAN,58
Edmonson,U.S. House,2,Democratic,David S. HATFIELD,50
Edmonson,U.S. House,2,Democratic,William Dakota COMPTON,57
Grayson,U.S. House,2,Democratic,Megan WINGFIELD,326
Grayson,U.S. House,2,Democratic,Hank LINDERMAN,235
Grayson,U.S. House,2,Democratic,David S. HATFIELD,203
Grayson,U.S. House,2,Democratic,William Dakota COMPTON,122
Green,U.S. House,2,Democratic,Megan WINGFIELD,129
Green,U.S. House,2,Democratic,Hank LINDERMAN,62
Green,U.S. House,2,Democratic,David S. HATFIELD,77
Green,U.S. House,2,Democratic,William Dakota COMPTON,58
Hancock,U.S. House,2,Democratic,Megan WINGFIELD,322
Hancock,U.S. House,2,Democratic,Hank LINDERMAN,205
Hancock,U.S. House,2,Democratic,David S. HATFIELD,193
Hancock,U.S. House,2,Democratic,William Dakota COMPTON,121
Hardin,U.S. House,2,Democratic,Megan WINGFIELD,2830
Hardin,U.S. House,2,Democratic,Hank LINDERMAN,1300
Hardin,U.S. House,2,Democratic,David S. HATFIELD,1043
Hardin,U.S. House,2,Democratic,William Dakota COMPTON,1029
Hart,U.S. House,2,Democratic,Megan WINGFIELD,274
Hart,U.S. House,2,Democratic,Hank LINDERMAN,227
Hart,U.S. House,2,Democratic,David S. HATFIELD,155
Hart,U.S. House,2,Democratic,William Dakota COMPTON,157
Jefferson,U.S. House,2,Democratic,Megan WINGFIELD,1446
Jefferson,U.S. House,2,Democratic,Hank LINDERMAN,423
Jefferson,U.S. House,2,Democratic,David S. HATFIELD,485
Jefferson,U.S. House,2,Democratic,William Dakota COMPTON,688
Larue,U.S. House,2,Democratic,Megan WINGFIELD,289
Larue,U.S. House,2,Democratic,Hank LINDERMAN,185
Larue,U.S. House,2,Democratic,David S. HATFIELD,231
Larue,U.S. House,2,Democratic,William Dakota COMPTON,182
Logan,U.S. House,2,Democratic,Megan WINGFIELD,42
Logan,U.S. House,2,Democratic,Hank LINDERMAN,10
Logan,U.S. House,2,Democratic,David S. HATFIELD,28
Logan,U.S. House,2,Democratic,William Dakota COMPTON,29
McLean,U.S. House,2,Democratic,Megan WINGFIELD,180
McLean,U.S. House,2,Democratic,Hank LINDERMAN,64
McLean,U.S. House,2,Democratic,David S. HATFIELD,249
McLean,U.S. House,2,Democratic,William Dakota COMPTON,62
Meade,U.S. House,2,Democratic,Megan WINGFIELD,587
Meade,U.S. House,2,Democratic,Hank LINDERMAN,369
Meade,U.S. House,2,Democratic,David S. HATFIELD,262
Meade,U.S. House,2,Democratic,William Dakota COMPTON,283
Muhlenberg,U.S. House,2,Democratic,Megan WINGFIELD,768
Muhlenberg,U.S. House,2,Democratic,Hank LINDERMAN,309
Muhlenberg,U.S. House,2,Democratic,David S. HATFIELD,785
Muhlenberg,U.S. House,2,Democratic,William Dakota COMPTON,351
Nelson,U.S. House,2,Democratic,Megan WINGFIELD,627
Nelson,U.S. House,2,Democratic,Hank LINDERMAN,432
Nelson,U.S. House,2,Democratic,David S. HATFIELD,421
Nelson,U.S. House,2,Democratic,William Dakota COMPTON,208
Ohio,U.S. House,2,Democratic,Megan WINGFIELD,339
Ohio,U.S. House,2,Democratic,Hank LINDERMAN,132
Ohio,U.S. House,2,Democratic,David S. HATFIELD,296
Ohio,U.S. House,2,Democratic,William Dakota COMPTON,136
Warren,U.S. House,2,Democratic,Megan WINGFIELD,2845
Warren,U.S. House,2,Democratic,Hank LINDERMAN,1352
Warren,U.S. House,2,Democratic,David S. HATFIELD,832
Warren,U.S. House,2,Democratic,William Dakota COMPTON,1449
Jefferson,U.S. House,3,Republican,Maria Teresa RODRIGUEZ,15855
Jefferson,U.S. House,3,Republican,David Joseph NICHTER,6807
Jefferson,U.S. House,3,Republican,Daniel COBBLE,5893
Jefferson,U.S. House,3,Republican,Donald PAY,4313
Boone,U.S. House,4,Republican,Ed GALLREIN,10947
Boone,U.S. House,4,Republican,Thomas MASSIE,8962
Bracken,U.S. House,4,Republican,Ed GALLREIN,657
Bracken,U.S. House,4,Republican,Thomas MASSIE,510
Campbell,U.S. House,4,Republican,Ed GALLREIN,6584
Campbell,U.S. House,4,Republican,Thomas MASSIE,5983
Carroll,U.S. House,4,Republican,Ed GALLREIN,557
Carroll,U.S. House,4,Republican,Thomas MASSIE,412
Carter,U.S. House,4,Republican,Ed GALLREIN,214
Carter,U.S. House,4,Republican,Thomas MASSIE,116
Gallatin,U.S. House,4,Republican,Ed GALLREIN,663
Gallatin,U.S. House,4,Republican,Thomas MASSIE,430
Grant,U.S. House,4,Republican,Ed GALLREIN,2133
Grant,U.S. House,4,Republican,Thomas MASSIE,1340
Greenup,U.S. House,4,Republican,Ed GALLREIN,2483
Greenup,U.S. House,4,Republican,Thomas MASSIE,1668
Harrison,U.S. House,4,Republican,Ed GALLREIN,1159
Harrison,U.S. House,4,Republican,Thomas MASSIE,898
Henry,U.S. House,4,Republican,Ed GALLREIN,1336
Henry,U.S. House,4,Republican,Thomas MASSIE,964
Kenton,U.S. House,4,Republican,Ed GALLREIN,10542
Kenton,U.S. House,4,Republican,Thomas MASSIE,9402
Lewis,U.S. House,4,Republican,Ed GALLREIN,1061
Lewis,U.S. House,4,Republican,Thomas MASSIE,1804
Mason,U.S. House,4,Republican,Ed GALLREIN,1001
Mason,U.S. House,4,Republican,Thomas MASSIE,1034
Nelson,U.S. House,4,Republican,Ed GALLREIN,1978
Nelson,U.S. House,4,Republican,Thomas MASSIE,1223
Oldham,U.S. House,4,Republican,Ed GALLREIN,6004
Oldham,U.S. House,4,Republican,Thomas MASSIE,5470
Owen,U.S. House,4,Republican,Ed GALLREIN,1155
Owen,U.S. House,4,Republican,Thomas MASSIE,878
Pendleton,U.S. House,4,Republican,Ed GALLREIN,1543
Pendleton,U.S. House,4,Republican,Thomas MASSIE,1134
Robertson,U.S. House,4,Republican,Ed GALLREIN,137
Robertson,U.S. House,4,Republican,Thomas MASSIE,91
Shelby,U.S. House,4,Republican,Ed GALLREIN,4648
Shelby,U.S. House,4,Republican,Thomas MASSIE,3387
Spencer,U.S. House,4,Republican,Ed GALLREIN,2251
Spencer,U.S. House,4,Republican,Thomas MASSIE,1312
Trimble,U.S. House,4,Republican,Ed GALLREIN,769
Trimble,U.S. House,4,Republican,Thomas MASSIE,521
Boone,U.S. House,4,Democratic,Melissa Claire STRANGE,4001
Boone,U.S. House,4,Democratic,Jesse Russell BREWER,1297
Bracken,U.S. House,4,Democratic,Melissa Claire STRANGE,381
Bracken,U.S. House,4,Democratic,Jesse Russell BREWER,239
Campbell,U.S. House,4,Democratic,Melissa Claire STRANGE,4724
Campbell,U.S. House,4,Democratic,Jesse Russell BREWER,1351
Carroll,U.S. House,4,Democratic,Melissa Claire STRANGE,375
Carroll,U.S. House,4,Democratic,Jesse Russell BREWER,261
Carter,U.S. House,4,Democratic,Melissa Claire STRANGE,50
Carter,U.S. House,4,Democratic,Jesse Russell BREWER,44
Gallatin,U.S. House,4,Democratic,Melissa Claire STRANGE,191
Gallatin,U.S. House,4,Democratic,Jesse Russell BREWER,180
Grant,U.S. House,4,Democratic,Melissa Claire STRANGE,585
Grant,U.S. House,4,Democratic,Jesse Russell BREWER,343
Greenup,U.S. House,4,Democratic,Melissa Claire STRANGE,937
Greenup,U.S. House,4,Democratic,Jesse Russell BREWER,662
Harrison,U.S. House,4,Democratic,Melissa Claire STRANGE,845
Harrison,U.S. House,4,Democratic,Jesse Russell BREWER,513
Henry,U.S. House,4,Democratic,Melissa Claire STRANGE,647
Henry,U.S. House,4,Democratic,Jesse Russell BREWER,358
Kenton,U.S. House,4,Democratic,Melissa Claire STRANGE,7002
Kenton,U.S. House,4,Democratic,Jesse Russell BREWER,2014
Lewis,U.S. House,4,Democratic,Melissa Claire STRANGE,135
Lewis,U.S. House,4,Democratic,Jesse Russell BREWER,59
Mason,U.S. House,4,Democratic,Melissa Claire STRANGE,848
Mason,U.S. House,4,Democratic,Jesse Russell BREWER,458
Nelson,U.S. House,4,Democratic,Melissa Claire STRANGE,1286
Nelson,U.S. House,4,Democratic,Jesse Russell BREWER,607
Oldham,U.S. House,4,Democratic,Melissa Claire STRANGE,3735
Oldham,U.S. House,4,Democratic,Jesse Russell BREWER,974
Owen,U.S. House,4,Democratic,Melissa Claire STRANGE,347
Owen,U.S. House,4,Democratic,Jesse Russell BREWER,262
Pendleton,U.S. House,4,Democratic,Melissa Claire STRANGE,295
Pendleton,U.S. House,4,Democratic,Jesse Russell BREWER,247
Robertson,U.S. House,4,Democratic,Melissa Claire STRANGE,177
Robertson,U.S. House,4,Democratic,Jesse Russell BREWER,142
Shelby,U.S. House,4,Democratic,Melissa Claire STRANGE,2544
Shelby,U.S. House,4,Democratic,Jesse Russell BREWER,843
Spencer,U.S. House,4,Democratic,Melissa Claire STRANGE,641
Spencer,U.S. House,4,Democratic,Jesse Russell BREWER,330
Trimble,U.S. House,4,Democratic,Melissa Claire STRANGE,362
Trimble,U.S. House,4,Democratic,Jesse Russell BREWER,277
Bath,U.S. House,5,Republican,Hal ROGERS,441
Bath,U.S. House,5,Republican,Kevin SMITH,65
Bath,U.S. House,5,Republican,Benjamin HURLEY,49
Bath,U.S. House,5,Republican,Brandon R. MONHOLLEN,30
Bath,U.S. House,5,Republican,Jerry Lee SHELTON,30
Bell,U.S. House,5,Republican,Hal ROGERS,3800
Bell,U.S. House,5,Republican,Kevin SMITH,434
Bell,U.S. House,5,Republican,Benjamin HURLEY,140
Bell,U.S. House,5,Republican,Brandon R. MONHOLLEN,143
Bell,U.S. House,5,Republican,Jerry Lee SHELTON,69
Boyd,U.S. House,5,Republican,Hal ROGERS,2613
Boyd,U.S. House,5,Republican,Kevin SMITH,863
Boyd,U.S. House,5,Republican,Benjamin HURLEY,405
Boyd,U.S. House,5,Republican,Brandon R. MONHOLLEN,151
Boyd,U.S. House,5,Republican,Jerry Lee SHELTON,168
Breathitt,U.S. House,5,Republican,Hal ROGERS,360
Breathitt,U.S. House,5,Republican,Kevin SMITH,62
Breathitt,U.S. House,5,Republican,Benjamin HURLEY,29
Breathitt,U.S. House,5,Republican,Brandon R. MONHOLLEN,9
Breathitt,U.S. House,5,Republican,Jerry Lee SHELTON,11
Carter,U.S. House,5,Republican,Hal ROGERS,1272
Carter,U.S. House,5,Republican,Kevin SMITH,145
Carter,U.S. House,5,Republican,Benjamin HURLEY,120
Carter,U.S. House,5,Republican,Brandon R. MONHOLLEN,63
Carter,U.S. House,5,Republican,Jerry Lee SHELTON,58
Clay,U.S. House,5,Republican,Hal ROGERS,2935
Clay,U.S. House,5,Republican,Kevin SMITH,809
Clay,U.S. House,5,Republican,Benjamin HURLEY,117
Clay,U.S. House,5,Republican,Brandon R. MONHOLLEN,106
Clay,U.S. House,5,Republican,Jerry Lee SHELTON,50
Elliott,U.S. House,5,Republican,Hal ROGERS,162
Elliott,U.S. House,5,Republican,Kevin SMITH,22
Elliott,U.S. House,5,Republican,Benjamin HURLEY,17
Elliott,U.S. House,5,Republican,Brandon R. MONHOLLEN,11
Elliott,U.S. House,5,Republican,Jerry Lee SHELTON,4
Floyd,U.S. House,5,Republican,Hal ROGERS,1723
Floyd,U.S. House,5,Republican,Kevin SMITH,168
Floyd,U.S. House,5,Republican,Benjamin HURLEY,125
Floyd,U.S. House,5,Republican,Brandon R. MONHOLLEN,71
Floyd,U.S. House,5,Republican,Jerry Lee SHELTON,37
Harlan,U.S. House,5,Republican,Hal ROGERS,3554
Harlan,U.S. House,5,Republican,Kevin SMITH,403
Harlan,U.S. House,5,Republican,Benjamin HURLEY,200
Harlan,U.S. House,5,Republican,Brandon R. MONHOLLEN,242
Harlan,U.S. House,5,Republican,Jerry Lee SHELTON,81
Jackson,U.S. House,5,Republican,Hal ROGERS,2298
Jackson,U.S. House,5,Republican,Kevin SMITH,305
Jackson,U.S. House,5,Republican,Benjamin HURLEY,166
Jackson,U.S. House,5,Republican,Brandon R. MONHOLLEN,100
Jackson,U.S. House,5,Republican,Jerry Lee SHELTON,52
Johnson,U.S. House,5,Republican,Hal ROGERS,3344
Johnson,U.S. House,5,Republican,Kevin SMITH,354
Johnson,U.S. House,5,Republican,Benjamin HURLEY,174
Johnson,U.S. House,5,Republican,Brandon R. MONHOLLEN,103
Johnson,U.S. House,5,Republican,Jerry Lee SHELTON,61
Knott,U.S. House,5,Republican,Hal ROGERS,558
Knott,U.S. House,5,Republican,Kevin SMITH,64
Knott,U.S. House,5,Republican,Benjamin HURLEY,43
Knott,U.S. House,5,Republican,Brandon R. MONHOLLEN,18
Knott,U.S. House,5,Republican,Jerry Lee SHELTON,8
Knox,U.S. House,5,Republican,Hal ROGERS,4899
Knox,U.S. House,5,Republican,Kevin SMITH,692
Knox,U.S. House,5,Republican,Benjamin HURLEY,183
Knox,U.S. House,5,Republican,Brandon R. MONHOLLEN,234
Knox,U.S. House,5,Republican,Jerry Lee SHELTON,112
Laurel,U.S. House,5,Republican,Hal ROGERS,8778
Laurel,U.S. House,5,Republican,Kevin SMITH,2003
Laurel,U.S. House,5,Republican,Benjamin HURLEY,505
Laurel,U.S. House,5,Republican,Brandon R. MONHOLLEN,670
Laurel,U.S. House,5,Republican,Jerry Lee SHELTON,145
Lawrence,U.S. House,5,Republican,Hal ROGERS,1807
Lawrence,U.S. House,5,Republican,Kevin SMITH,253
Lawrence,U.S. House,5,Republican,Benjamin HURLEY,139
Lawrence,U.S. House,5,Republican,Brandon R. MONHOLLEN,75
Lawrence,U.S. House,5,Republican,Jerry Lee SHELTON,52
Lee,U.S. House,5,Republican,Hal ROGERS,1212
Lee,U.S. House,5,Republican,Kevin SMITH,217
Lee,U.S. House,5,Republican,Benjamin HURLEY,49
Lee,U.S. House,5,Republican,Brandon R. MONHOLLEN,41
Lee,U.S. House,5,Republican,Jerry Lee SHELTON,43
Leslie,U.S. House,5,Republican,Hal ROGERS,1794
Leslie,U.S. House,5,Republican,Kevin SMITH,248
Leslie,U.S. House,5,Republican,Benjamin HURLEY,60
Leslie,U.S. House,5,Republican,Brandon R. MONHOLLEN,48
Leslie,U.S. House,5,Republican,Jerry Lee SHELTON,35
Letcher,U.S. House,5,Republican,Hal ROGERS,1244
Letcher,U.S. House,5,Republican,Kevin SMITH,244
Letcher,U.S. House,5,Republican,Benjamin HURLEY,108
Letcher,U.S. House,5,Republican,Brandon R. MONHOLLEN,64
Letcher,U.S. House,5,Republican,Jerry Lee SHELTON,38
Lincoln,U.S. House,5,Republican,Hal ROGERS,2029
Lincoln,U.S. House,5,Republican,Kevin SMITH,264
Lincoln,U.S. House,5,Republican,Benjamin HURLEY,135
Lincoln,U.S. House,5,Republican,Brandon R. MONHOLLEN,67
Lincoln,U.S. House,5,Republican,Jerry Lee SHELTON,370
Magoffin,U.S. House,5,Republican,Hal ROGERS,1282
Magoffin,U.S. House,5,Republican,Kevin SMITH,158
Magoffin,U.S. House,5,Republican,Benjamin HURLEY,61
Magoffin,U.S. House,5,Republican,Brandon R. MONHOLLEN,37
Magoffin,U.S. House,5,Republican,Jerry Lee SHELTON,29
Martin,U.S. House,5,Republican,Hal ROGERS,1751
Martin,U.S. House,5,Republican,Kevin SMITH,227
Martin,U.S. House,5,Republican,Benjamin HURLEY,100
Martin,U.S. House,5,Republican,Brandon R. MONHOLLEN,42
Martin,U.S. House,5,Republican,Jerry Lee SHELTON,55
McCreary,U.S. House,5,Republican,Hal ROGERS,2366
McCreary,U.S. House,5,Republican,Kevin SMITH,299
McCreary,U.S. House,5,Republican,Benjamin HURLEY,116
McCreary,U.S. House,5,Republican,Brandon R. MONHOLLEN,96
McCreary,U.S. House,5,Republican,Jerry Lee SHELTON,70
Menifee,U.S. House,5,Republican,Hal ROGERS,673
Menifee,U.S. House,5,Republican,Kevin SMITH,60
Menifee,U.S. House,5,Republican,Benjamin HURLEY,44
Menifee,U.S. House,5,Republican,Brandon R. MONHOLLEN,41
Menifee,U.S. House,5,Republican,Jerry Lee SHELTON,22
Morgan,U.S. House,5,Republican,Hal ROGERS,845
Morgan,U.S. House,5,Republican,Kevin SMITH,153
Morgan,U.S. House,5,Republican,Benjamin HURLEY,39
Morgan,U.S. House,5,Republican,Brandon R. MONHOLLEN,31
Morgan,U.S. House,5,Republican,Jerry Lee SHELTON,13
Owsley,U.S. House,5,Republican,Hal ROGERS,1067
Owsley,U.S. House,5,Republican,Kevin SMITH,123
Owsley,U.S. House,5,Republican,Benjamin HURLEY,43
Owsley,U.S. House,5,Republican,Brandon R. MONHOLLEN,35
Owsley,U.S. House,5,Republican,Jerry Lee SHELTON,43
Perry,U.S. House,5,Republican,Hal ROGERS,1803
Perry,U.S. House,5,Republican,Kevin SMITH,221
Perry,U.S. House,5,Republican,Benjamin HURLEY,119
Perry,U.S. House,5,Republican,Brandon R. MONHOLLEN,48
Perry,U.S. House,5,Republican,Jerry Lee SHELTON,26
Pike,U.S. House,5,Republican,Hal ROGERS,4336
Pike,U.S. House,5,Republican,Kevin SMITH,508
Pike,U.S. House,5,Republican,Benjamin HURLEY,1072
Pike,U.S. House,5,Republican,Brandon R. MONHOLLEN,99
Pike,U.S. House,5,Republican,Jerry Lee SHELTON,84
Pulaski,U.S. House,5,Republican,Hal ROGERS,10605
Pulaski,U.S. House,5,Republican,Kevin SMITH,1375
Pulaski,U.S. House,5,Republican,Benjamin HURLEY,627
Pulaski,U.S. House,5,Republican,Brandon R. MONHOLLEN,289
Pulaski,U.S. House,5,Republican,Jerry Lee SHELTON,264
Rockcastle,U.S. House,5,Republican,Hal ROGERS,3016
Rockcastle,U.S. House,5,Republican,Kevin SMITH,302
Rockcastle,U.S. House,5,Republican,Benjamin HURLEY,117
Rockcastle,U.S. House,5,Republican,Brandon R. MONHOLLEN,83
Rockcastle,U.S. House,5,Republican,Jerry Lee SHELTON,182
Rowan,U.S. House,5,Republican,Hal ROGERS,1028
Rowan,U.S. House,5,Republican,Kevin SMITH,150
Rowan,U.S. House,5,Republican,Benjamin HURLEY,70
Rowan,U.S. House,5,Republican,Brandon R. MONHOLLEN,43
Rowan,U.S. House,5,Republican,Jerry Lee SHELTON,32
Wayne,U.S. House,5,Republican,Hal ROGERS,3001
Wayne,U.S. House,5,Republican,Kevin SMITH,495
Wayne,U.S. House,5,Republican,Benjamin HURLEY,125
Wayne,U.S. House,5,Republican,Brandon R. MONHOLLEN,60
Wayne,U.S. House,5,Republican,Jerry Lee SHELTON,100
Whitley,U.S. House,5,Republican,Hal ROGERS,4776
Whitley,U.S. House,5,Republican,Kevin SMITH,605
Whitley,U.S. House,5,Republican,Benjamin HURLEY,227
Whitley,U.S. House,5,Republican,Brandon R. MONHOLLEN,300
Whitley,U.S. House,5,Republican,Jerry Lee SHELTON,109
Wolfe,U.S. House,5,Republican,Hal ROGERS,182
Wolfe,U.S. House,5,Republican,Kevin SMITH,21
Wolfe,U.S. House,5,Republican,Benjamin HURLEY,13
Wolfe,U.S. House,5,Republican,Brandon R. MONHOLLEN,8
Wolfe,U.S. House,5,Republican,Jerry Lee SHELTON,11
Anderson,U.S. House,6,Republican,Ralph ALVARADO,1776
Anderson,U.S. House,6,Republican,Ryan DOTSON,754
Anderson,U.S. House,6,Republican,Gregory George PLUCINSKI,182
Anderson,U.S. House,6,Republican,Steve SHANNON,187
Anderson,U.S. House,6,Republican,Adam Perez ARQUETTE,68
Bath,U.S. House,6,Republican,Ralph ALVARADO,206
Bath,U.S. House,6,Republican,Ryan DOTSON,81
Bath,U.S. House,6,Republican,Gregory George PLUCINSKI,14
Bath,U.S. House,6,Republican,Steve SHANNON,37
Bath,U.S. House,6,Republican,Adam Perez ARQUETTE,2
Bourbon,U.S. House,6,Republican,Ralph ALVARADO,1070
Bourbon,U.S. House,6,Republican,Ryan DOTSON,715
Bourbon,U.S. House,6,Republican,Gregory George PLUCINSKI,103
Bourbon,U.S. House,6,Republican,Steve SHANNON,112
Bourbon,U.S. House,6,Republican,Adam Perez ARQUETTE,59
Clark,U.S. House,6,Republican,Ralph ALVARADO,2393
Clark,U.S. House,6,Republican,Ryan DOTSON,1366
Clark,U.S. House,6,Republican,Gregory George PLUCINSKI,147
Clark,U.S. House,6,Republican,Steve SHANNON,154
Clark,U.S. House,6,Republican,Adam Perez ARQUETTE,51
Estill,U.S. House,6,Republican,Ralph ALVARADO,1069
Estill,U.S. House,6,Republican,Ryan DOTSON,923
Estill,U.S. House,6,Republican,Gregory George PLUCINSKI,90
Estill,U.S. House,6,Republican,Steve SHANNON,158
Estill,U.S. House,6,Republican,Adam Perez ARQUETTE,49
Fayette,U.S. House,6,Republican,Ralph ALVARADO,10449
Fayette,U.S. House,6,Republican,Ryan DOTSON,3472
Fayette,U.S. House,6,Republican,Gregory George PLUCINSKI,1474
Fayette,U.S. House,6,Republican,Steve SHANNON,1237
Fayette,U.S. House,6,Republican,Adam Perez ARQUETTE,439
Fleming,U.S. House,6,Republican,Ralph ALVARADO,1086
Fleming,U.S. House,6,Republican,Ryan DOTSON,558
Fleming,U.S. House,6,Republican,Gregory George PLUCINSKI,170
Fleming,U.S. House,6,Republican,Steve SHANNON,206
Fleming,U.S. House,6,Republican,Adam Perez ARQUETTE,46
Garrard,U.S. House,6,Republican,Ralph ALVARADO,1464
Garrard,U.S. House,6,Republican,Ryan DOTSON,559
Garrard,U.S. House,6,Republican,Gregory George PLUCINSKI,188
Garrard,U.S. House,6,Republican,Steve SHANNON,113
Garrard,U.S. House,6,Republican,Adam Perez ARQUETTE,46
Jessamine,U.S. House,6,Republican,Ralph ALVARADO,2760
Jessamine,U.S. House,6,Republican,Ryan DOTSON,1282
Jessamine,U.S. House,6,Republican,Gregory George PLUCINSKI,1226
Jessamine,U.S. House,6,Republican,Steve SHANNON,282
Jessamine,U.S. House,6,Republican,Adam Perez ARQUETTE,114
Madison,U.S. House,6,Republican,Ralph ALVARADO,4946
Madison,U.S. House,6,Republican,Ryan DOTSON,2535
Madison,U.S. House,6,Republican,Gregory George PLUCINSKI,838
Madison,U.S. House,6,Republican,Steve SHANNON,641
Madison,U.S. House,6,Republican,Adam Perez ARQUETTE,193
Mercer,U.S. House,6,Republican,Ralph ALVARADO,1392
Mercer,U.S. House,6,Republican,Ryan DOTSON,559
Mercer,U.S. House,6,Republican,Gregory George PLUCINSKI,191
Mercer,U.S. House,6,Republican,Steve SHANNON,136
Mercer,U.S. House,6,Republican,Adam Perez ARQUETTE,49
Montgomery,U.S. House,6,Republican,Ralph ALVARADO,1829
Montgomery,U.S. House,6,Republican,Ryan DOTSON,874
Montgomery,U.S. House,6,Republican,Gregory George PLUCINSKI,138
Montgomery,U.S. House,6,Republican,Steve SHANNON,98
Montgomery,U.S. House,6,Republican,Adam Perez ARQUETTE,30
Nicholas,U.S. House,6,Republican,Ralph ALVARADO,238
Nicholas,U.S. House,6,Republican,Ryan DOTSON,180
Nicholas,U.S. House,6,Republican,Gregory George PLUCINSKI,13
Nicholas,U.S. House,6,Republican,Steve SHANNON,28
Nicholas,U.S. House,6,Republican,Adam Perez ARQUETTE,4
Powell,U.S. House,6,Republican,Ralph ALVARADO,919
Powell,U.S. House,6,Republican,Ryan DOTSON,742
Powell,U.S. House,6,Republican,Gregory George PLUCINSKI,58
Powell,U.S. House,6,Republican,Steve SHANNON,93
Powell,U.S. House,6,Republican,Adam Perez ARQUETTE,28
Scott,U.S. House,6,Republican,Ralph ALVARADO,3097
Scott,U.S. House,6,Republican,Ryan DOTSON,1373
Scott,U.S. House,6,Republican,Gregory George PLUCINSKI,661
Scott,U.S. House,6,Republican,Steve SHANNON,351
Scott,U.S. House,6,Republican,Adam Perez ARQUETTE,109
Woodford,U.S. House,6,Republican,Ralph ALVARADO,1523
Woodford,U.S. House,6,Republican,Ryan DOTSON,924
Woodford,U.S. House,6,Republican,Gregory George PLUCINSKI,177
Woodford,U.S. House,6,Republican,Steve SHANNON,147
Woodford,U.S. House,6,Republican,Adam Perez ARQUETTE,45
Anderson,U.S. House,6,Democratic,Zach DEMBO,647
Anderson,U.S. House,6,Democratic,Cherlynn STEVENSON,540
Anderson,U.S. House,6,Democratic,Erin PETREY,183
Anderson,U.S. House,6,Democratic,David KLOIBER,105
Anderson,U.S. House,6,Democratic,Corey EDWARDS,106
Anderson,U.S. House,6,Democratic,Harvey CARROLL JR.,120
Anderson,U.S. House,6,Democratic,Jimmy Clifton AUSBROOKS,44
Bath,U.S. House,6,Democratic,Zach DEMBO,123
Bath,U.S. House,6,Democratic,Cherlynn STEVENSON,96
Bath,U.S. House,6,Democratic,Erin PETREY,51
Bath,U.S. House,6,Democratic,David KLOIBER,27
Bath,U.S. House,6,Democratic,Corey EDWARDS,24
Bath,U.S. House,6,Democratic,Harvey CARROLL JR.,26
Bath,U.S. House,6,Democratic,Jimmy Clifton AUSBROOKS,13
Bourbon,U.S. House,6,Democratic,Zach DEMBO,781
Bourbon,U.S. House,6,Democratic,Cherlynn STEVENSON,442
Bourbon,U.S. House,6,Democratic,Erin PETREY,227
Bourbon,U.S. House,6,Democratic,David KLOIBER,89
Bourbon,U.S. House,6,Democratic,Corey EDWARDS,87
Bourbon,U.S. House,6,Democratic,Harvey CARROLL JR.,71
Bourbon,U.S. House,6,Democratic,Jimmy Clifton AUSBROOKS,40
Clark,U.S. House,6,Democratic,Zach DEMBO,1178
Clark,U.S. House,6,Democratic,Cherlynn STEVENSON,886
Clark,U.S. House,6,Democratic,Erin PETREY,401
Clark,U.S. House,6,Democratic,David KLOIBER,122
Clark,U.S. House,6,Democratic,Corey EDWARDS,176
Clark,U.S. House,6,Democratic,Harvey CARROLL JR.,92
Clark,U.S. House,6,Democratic,Jimmy Clifton AUSBROOKS,57
Estill,U.S. House,6,Democratic,Zach DEMBO,229
Estill,U.S. House,6,Democratic,Cherlynn STEVENSON,167
Estill,U.S. House,6,Democratic,Erin PETREY,56
Estill,U.S. House,6,Democratic,David KLOIBER,22
Estill,U.S. House,6,Democratic,Corey EDWARDS,27
Estill,U.S. House,6,Democratic,Harvey CARROLL JR.,65
Estill,U.S. House,6,Democratic,Jimmy Clifton AUSBROOKS,13
Fayette,U.S. House,6,Democratic,Zach DEMBO,13871
Fayette,U.S. House,6,Democratic,Cherlynn STEVENSON,11994
Fayette,U.S. House,6,Democratic,Erin PETREY,6076
Fayette,U.S. House,6,Democratic,David KLOIBER,1513
Fayette,U.S. House,6,Democratic,Corey EDWARDS,1285
Fayette,U.S. House,6,Democratic,Harvey CARROLL JR.,528
Fayette,U.S. House,6,Democratic,Jimmy Clifton AUSBROOKS,348
Fleming,U.S. House,6,Democratic,Zach DEMBO,342
Fleming,U.S. House,6,Democratic,Cherlynn STEVENSON,258
Fleming,U.S. House,6,Democratic,Erin PETREY,95
Fleming,U.S. House,6,Democratic,David KLOIBER,69
Fleming,U.S. House,6,Democratic,Corey EDWARDS,82
Fleming,U.S. House,6,Democratic,Harvey CARROLL JR.,90
Fleming,U.S. House,6,Democratic,Jimmy Clifton AUSBROOKS,27
Garrard,U.S. House,6,Democratic,Zach DEMBO,277
Garrard,U.S. House,6,Democratic,Cherlynn STEVENSON,149
Garrard,U.S. House,6,Democratic,Erin PETREY,81
Garrard,U.S. House,6,Democratic,David KLOIBER,18
Garrard,U.S. House,6,Democratic,Corey EDWARDS,27
Garrard,U.S. House,6,Democratic,Harvey CARROLL JR.,24
Garrard,U.S. House,6,Democratic,Jimmy Clifton AUSBROOKS,5
Jessamine,U.S. House,6,Democratic,Zach DEMBO,1370
Jessamine,U.S. House,6,Democratic,Cherlynn STEVENSON,884
Jessamine,U.S. House,6,Democratic,Erin PETREY,539
Jessamine,U.S. House,6,Democratic,David KLOIBER,151
Jessamine,U.S. House,6,Democratic,Corey EDWARDS,126
Jessamine,U.S. House,6,Democratic,Harvey CARROLL JR.,100
Jessamine,U.S. House,6,Democratic,Jimmy Clifton AUSBROOKS,59
Madison,U.S. House,6,Democratic,Zach DEMBO,2525
Madison,U.S. House,6,Democratic,Cherlynn STEVENSON,1815
Madison,U.S. House,6,Democratic,Erin PETREY,1068
Madison,U.S. House,6,Democratic,David KLOIBER,247
Madison,U.S. House,6,Democratic,Corey EDWARDS,346
Madison,U.S. House,6,Democratic,Harvey CARROLL JR.,241
Madison,U.S. House,6,Democratic,Jimmy Clifton AUSBROOKS,101
Mercer,U.S. House,6,Democratic,Zach DEMBO,595
Mercer,U.S. House,6,Democratic,Cherlynn STEVENSON,427
Mercer,U.S. House,6,Democratic,Erin PETREY,319
Mercer,U.S. House,6,Democratic,David KLOIBER,81
Mercer,U.S. House,6,Democratic,Corey EDWARDS,86
Mercer,U.S. House,6,Democratic,Harvey CARROLL JR.,69
Mercer,U.S. House,6,Democratic,Jimmy Clifton AUSBROOKS,35
Montgomery,U.S. House,6,Democratic,Zach DEMBO,822
Montgomery,U.S. House,6,Democratic,Cherlynn STEVENSON,449
Montgomery,U.S. House,6,Democratic,Erin PETREY,214
Montgomery,U.S. House,6,Democratic,David KLOIBER,111
Montgomery,U.S. House,6,Democratic,Corey EDWARDS,99
Montgomery,U.S. House,6,Democratic,Harvey CARROLL JR.,129
Montgomery,U.S. House,6,Democratic,Jimmy Clifton AUSBROOKS,43
Nicholas,U.S. House,6,Democratic,Zach DEMBO,335
Nicholas,U.S. House,6,Democratic,Cherlynn STEVENSON,211
Nicholas,U.S. House,6,Democratic,Erin PETREY,90
Nicholas,U.S. House,6,Democratic,David KLOIBER,95
Nicholas,U.S. House,6,Democratic,Corey EDWARDS,74
Nicholas,U.S. House,6,Democratic,Harvey CARROLL JR.,77
Nicholas,U.S. House,6,Democratic,Jimmy Clifton AUSBROOKS,22
Powell,U.S. House,6,Democratic,Zach DEMBO,291
Powell,U.S. House,6,Democratic,Cherlynn STEVENSON,253
Powell,U.S. House,6,Democratic,Erin PETREY,103
Powell,U.S. House,6,Democratic,David KLOIBER,53
Powell,U.S. House,6,Democratic,Corey EDWARDS,98
Powell,U.S. House,6,Democratic,Harvey CARROLL JR.,89
Powell,U.S. House,6,Democratic,Jimmy Clifton AUSBROOKS,17
Scott,U.S. House,6,Democratic,Zach DEMBO,1731
Scott,U.S. House,6,Democratic,Cherlynn STEVENSON,1923
Scott,U.S. House,6,Democratic,Erin PETREY,693
Scott,U.S. House,6,Democratic,David KLOIBER,219
Scott,U.S. House,6,Democratic,Corey EDWARDS,179
Scott,U.S. House,6,Democratic,Harvey CARROLL JR.,127
Scott,U.S. House,6,Democratic,Jimmy Clifton AUSBROOKS,64
Woodford,U.S. House,6,Democratic,Zach DEMBO,1741
Woodford,U.S. House,6,Democratic,Cherlynn STEVENSON,818
Woodford,U.S. House,6,Democratic,Erin PETREY,507
Woodford,U.S. House,6,Democratic,David KLOIBER,119
Woodford,U.S. House,6,Democratic,Corey EDWARDS,130
Woodford,U.S. House,6,Democratic,Harvey CARROLL JR.,110
Woodford,U.S. House,6,Democratic,Jimmy Clifton AUSBROOKS,52
Jefferson,State Senate,6,Democratic,Christian FURMAN,4276
Jefferson,State Senate,6,Democratic,Chaz STOESS,1174
Oldham,State Senate,6,Democratic,Christian FURMAN,3667
Oldham,State Senate,6,Democratic,Chaz STOESS,1234
Trimble,State Senate,6,Democratic,Christian FURMAN,482
Trimble,State Senate,6,Democratic,Chaz STOESS,183
Hardin,State Senate,10,Republican,Matt DENEEN,6790
Hardin,State Senate,10,Republican,Louis GRIDER,1370
Jefferson,State Senate,10,Republican,Matt DENEEN,82
Jefferson,State Senate,10,Republican,Louis GRIDER,24
Larue,State Senate,14,Republican,Ben MUDD,565
Larue,State Senate,14,Republican,Dallas ROBINSON,1102
Larue,State Senate,14,Republican,James VICTERY,378
Larue,State Senate,14,Republican,Stephen CARNEY,109
Larue,State Senate,14,Republican,Lynn SHELBURNE,59
Larue,State Senate,14,Republican,Brian BAYERS,73
Larue,State Senate,14,Republican,Peggy Brady SMITH,58
Marion,State Senate,14,Republican,Ben MUDD,1038
Marion,State Senate,14,Republican,Dallas ROBINSON,251
Marion,State Senate,14,Republican,James VICTERY,92
Marion,State Senate,14,Republican,Stephen CARNEY,186
Marion,State Senate,14,Republican,Lynn SHELBURNE,16
Marion,State Senate,14,Republican,Brian BAYERS,9
Marion,State Senate,14,Republican,Peggy Brady SMITH,54
Nelson,State Senate,14,Republican,Ben MUDD,1408
Nelson,State Senate,14,Republican,Dallas ROBINSON,1450
Nelson,State Senate,14,Republican,James VICTERY,1300
Nelson,State Senate,14,Republican,Stephen CARNEY,249
Nelson,State Senate,14,Republican,Lynn SHELBURNE,307
Nelson,State Senate,14,Republican,Brian BAYERS,102
Nelson,State Senate,14,Republican,Peggy Brady SMITH,153
Spencer,State Senate,14,Republican,Ben MUDD,695
Spencer,State Senate,14,Republican,Dallas ROBINSON,737
Spencer,State Senate,14,Republican,James VICTERY,251
Spencer,State Senate,14,Republican,Stephen CARNEY,260
Spencer,State Senate,14,Republican,Lynn SHELBURNE,973
Spencer,State Senate,14,Republican,Brian BAYERS,255
Spencer,State Senate,14,Republican,Peggy Brady SMITH,80
Washington,State Senate,14,Republican,Ben MUDD,416
Washington,State Senate,14,Republican,Dallas ROBINSON,219
Washington,State Senate,14,Republican,James VICTERY,67
Washington,State Senate,14,Republican,Stephen CARNEY,772
Washington,State Senate,14,Republican,Lynn SHELBURNE,35
Washington,State Senate,14,Republican,Brian BAYERS,13
Washington,State Senate,14,Republican,Peggy Brady SMITH,23
Larue,State Senate,14,Democratic,Carrie Gribbins TRUITT,461
Larue,State Senate,14,Democratic,Malcolm W. JONES,447
Marion,State Senate,14,Democratic,Carrie Gribbins TRUITT,2453
Marion,State Senate,14,Democratic,Malcolm W. JONES,417
Nelson,State Senate,14,Democratic,Carrie Gribbins TRUITT,2511
Nelson,State Senate,14,Democratic,Malcolm W. JONES,1083
Spencer,State Senate,14,Democratic,Carrie Gribbins TRUITT,685
Spencer,State Senate,14,Democratic,Malcolm W. JONES,282
Washington,State Senate,14,Democratic,Carrie Gribbins TRUITT,698
Washington,State Senate,14,Democratic,Malcolm W. JONES,240
Jefferson,State Senate,26,Republican,Everett C. CORLEY,4960
Jefferson,State Senate,26,Republican,Sheeba JOLLY,1058
Breathitt,State Senate,30,Republican,Brandon D. SMITH,209
Breathitt,State Senate,30,Republican,Billy WESLEY,269
Estill,State Senate,30,Republican,Brandon D. SMITH,664
Estill,State Senate,30,Republican,Billy WESLEY,1889
Lee,State Senate,30,Republican,Brandon D. SMITH,555
Lee,State Senate,30,Republican,Billy WESLEY,1031
Leslie,State Senate,30,Republican,Brandon D. SMITH,1746
Leslie,State Senate,30,Republican,Billy WESLEY,373
Magoffin,State Senate,30,Republican,Brandon D. SMITH,1003
Magoffin,State Senate,30,Republican,Billy WESLEY,406
Morgan,State Senate,30,Republican,Brandon D. SMITH,567
Morgan,State Senate,30,Republican,Billy WESLEY,494
Perry,State Senate,30,Republican,Brandon D. SMITH,1635
Perry,State Senate,30,Republican,Billy WESLEY,615
Powell,State Senate,30,Republican,Brandon D. SMITH,766
Powell,State Senate,30,Republican,Billy WESLEY,1061
Wolfe,State Senate,30,Republican,Brandon D. SMITH,130
Wolfe,State Senate,30,Republican,Billy WESLEY,110
Jefferson,State Senate,36,Republican,Julie Raque ADAMS,9126
Jefferson,State Senate,36,Republican,David J. FARLEY,2220
Jefferson,State Senate,36,Democratic,Sarah Cole McINTOSH,7411
Jefferson,State Senate,36,Democratic,Luke WHITEHEAD,5391
Graves,State Representative,2,Republican,Kim HOLLOWAY,2415
Graves,State Representative,2,Republican,Richard HEATH,1389
Graves,State Representative,2,Republican,Nate COX,521
McCracken,State Representative,2,Republican,Kim HOLLOWAY,611
McCracken,State Representative,2,Republican,Richard HEATH,351
McCracken,State Representative,2,Republican,Nate COX,45
Breckinridge,State Representative,10,Republican,Josh CALLOWAY,2503
Breckinridge,State Representative,10,Republican,Julie CANTWELL,1622
Hardin,State Representative,10,Republican,Josh CALLOWAY,1812
Hardin,State Representative,10,Republican,Julie CANTWELL,731
Daviess,State Representative,14,Republican,Wes PATE,796
Daviess,State Representative,14,Republican,Marty SHEPHARD,296
Hancock,State Representative,14,Republican,Wes PATE,1312
Hancock,State Representative,14,Republican,Marty SHEPHARD,161
Ohio,State Representative,14,Republican,Wes PATE,1745
Ohio,State Representative,14,Republican,Marty SHEPHARD,2375
Green,State Representative,24,Republican,Ryan Dale BIVENS,1407
Green,State Representative,24,Republican,Steven T. CAVEN,1280
Hart,State Representative,24,Republican,Ryan Dale BIVENS,1084
Hart,State Representative,24,Republican,Steven T. CAVEN,671
Larue,State Representative,24,Republican,Ryan Dale BIVENS,1987
Larue,State Representative,24,Republican,Steven T. CAVEN,433
Hardin,State Representative,27,Republican,Joseph REDMON,276
Hardin,State Representative,27,Republican,Rachelle FRAZIER,139
Hardin,State Representative,27,Republican,Paul SMITH,110
Hardin,State Representative,27,Republican,Sandra CARTER,90
Meade,State Representative,27,Republican,Joseph REDMON,1282
Meade,State Representative,27,Republican,Rachelle FRAZIER,915
Meade,State Representative,27,Republican,Paul SMITH,460
Meade,State Representative,27,Republican,Sandra CARTER,353
Jefferson,State Representative,30,Democratic,Mitra SUBEDI,2095
Jefferson,State Representative,30,Democratic,Cassie LYLES,1495
Jefferson,State Representative,30,Democratic,Daniel GROSSBERG,1096
Jefferson,State Representative,33,Democratic,Jennifer HARDIN,2220
Jefferson,State Representative,33,Democratic,Tarah Combs LeBLANC,1208
Oldham,State Representative,33,Democratic,Jennifer HARDIN,614
Oldham,State Representative,33,Democratic,Tarah Combs LeBLANC,309
Shelby,State Representative,33,Democratic,Jennifer HARDIN,96
Shelby,State Representative,33,Democratic,Tarah Combs LeBLANC,27
Jefferson,State Representative,35,Republican,Bret SHULTZ,931
Jefferson,State Representative,35,Republican,Charles JUNGBERT,342
Jefferson,State Representative,36,Republican,John F. HODGSON,3576
Jefferson,State Representative,36,Republican,Rex TOLER,815
Jefferson,State Representative,40,Democratic,Nima KULKARNI,3271
Jefferson,State Representative,40,Democratic,Patrick Bryant DUNEGAN,954
Jefferson,State Representative,43,Democratic,Robert LeVertis BELL,2938
Jefferson,State Representative,43,Democratic,Joi McATEE,2447
Jefferson,State Representative,44,Democratic,Kenya WADE,2465
Jefferson,State Representative,44,Democratic,Beverly CHESTER-BURTON,2460
Jefferson,State Representative,44,Democratic,Jesten S. SLAW,711
Carroll,State Representative,47,Republican,Felicia RABOURN,528
Carroll,State Representative,47,Republican,Mark A. GILKISON,434
Henry,State Representative,47,Republican,Felicia RABOURN,1285
Henry,State Representative,47,Republican,Mark A. GILKISON,943
Owen,State Representative,47,Republican,Felicia RABOURN,1090
Owen,State Representative,47,Republican,Mark A. GILKISON,843
Trimble,State Representative,47,Republican,Felicia RABOURN,804
Trimble,State Representative,47,Republican,Mark A. GILKISON,459
Jefferson,State Representative,48,Democratic,Suhas KULKARNI,3743
Jefferson,State Representative,48,Democratic,Nathan BELLOWS,1393
Oldham,State Representative,48,Democratic,Suhas KULKARNI,427
Oldham,State Representative,48,Democratic,Nathan BELLOWS,220
McCreary,State Representative,52,Republican,Kevin G. JONES,1150
McCreary,State Representative,52,Republican,Michael Jonah NEAL,1592
Pulaski,State Representative,52,Republican,Kevin G. JONES,1279
Pulaski,State Representative,52,Republican,Michael Jonah NEAL,528
Wayne,State Representative,52,Republican,Kevin G. JONES,3000
Wayne,State Representative,52,Republican,Michael Jonah NEAL,802
Jessamine,State Representative,55,Democratic,Katrina A. SEXTON,417
Jessamine,State Representative,55,Democratic,Nathan SAUCEDO,127
Mercer,State Representative,55,Democratic,Katrina A. SEXTON,889
Mercer,State Representative,55,Democratic,Nathan SAUCEDO,802
Washington,State Representative,55,Democratic,Katrina A. SEXTON,525
Washington,State Representative,55,Democratic,Nathan SAUCEDO,418
Oldham,State Representative,59,Democratic,Stephanie WHITE,2635
Oldham,State Representative,59,Democratic,Pandora SEARS,637
Boone,State Representative,63,Republican,Cole CUZICK,371
Boone,State Representative,63,Republican,Kim BANTA,382
Boone,State Representative,63,Republican,Seth Winslow YOUNG,98
Kenton,State Representative,63,Republican,Cole CUZICK,1849
Kenton,State Representative,63,Republican,Kim BANTA,1825
Kenton,State Representative,63,Republican,Seth Winslow YOUNG,337
Kenton,State Representative,64,Republican,Kimberly Poore MOSER,2835
Kenton,State Representative,64,Republican,Scott BERGER,2469
Kenton,State Representative,64,Democratic,William Nick WHALEN,1400
Kenton,State Representative,64,Democratic,Nicholas C. McHARGUE,791
Boone,State Representative,69,Republican,Steven DOAN,946
Boone,State Representative,69,Republican,Jesse FOREMAN,292
Kenton,State Representative,69,Republican,Steven DOAN,1781
Kenton,State Representative,69,Republican,Jesse FOREMAN,466
Boone,State Representative,69,Democratic,Wilanne STANGEL,320
Boone,State Representative,69,Democratic,Bryan G. SNAPP,276
Kenton,State Representative,69,Democratic,Wilanne STANGEL,709
Kenton,State Representative,69,Democratic,Bryan G. SNAPP,620
Bracken,State Representative,70,Republican,Mike FISHER,682
Bracken,State Representative,70,Republican,Travis HUBER,415
Harrison,State Representative,70,Republican,Mike FISHER,1501
Harrison,State Representative,70,Republican,Travis HUBER,486
Mason,State Representative,70,Republican,Mike FISHER,701
Mason,State Representative,70,Republican,Travis HUBER,1215
Robertson,State Representative,70,Republican,Mike FISHER,136
Robertson,State Representative,70,Republican,Travis HUBER,80
Clark,State Representative,73,Republican,Daniel KONSTANTOPOULOS,2558
Clark,State Representative,73,Republican,Les YATES,1444
Fayette,State Representative,73,Republican,Daniel KONSTANTOPOULOS,313
Fayette,State Representative,73,Republican,Les YATES,223
Clark,State Representative,73,Democratic,Chelsea KIRK,1701
Clark,State Representative,73,Democratic,Rory HOULIHAN,1215
Fayette,State Representative,73,Democratic,Chelsea KIRK,525
Fayette,State Representative,73,Democratic,Rory HOULIHAN,162
Bath,State Representative,74,Republican,David F. CHARLES,637
Bath,State Representative,74,Republican,Shannon DENNISTON,221
Bath,State Representative,74,Republican,Aaron WILLIAMS,146
Menifee,State Representative,74,Republican,David F. CHARLES,490
Menifee,State Representative,74,Republican,Shannon DENNISTON,275
Menifee,State Representative,74,Republican,Aaron WILLIAMS,136
Montgomery,State Representative,74,Republican,David F. CHARLES,2097
Montgomery,State Representative,74,Republican,Shannon DENNISTON,602
Montgomery,State Representative,74,Republican,Aaron WILLIAMS,317
Fayette,State Representative,76,Democratic,Anne Gay DONWORTH,3715
Fayette,State Representative,76,Democratic,Jamie PALUMBO,2366
Boone,State Representative,78,Republican,Mark HART,598
Boone,State Representative,78,Republican,Brandon N. MONTANO,244
Campbell,State Representative,78,Republican,Mark HART,866
Campbell,State Representative,78,Republican,Brandon N. MONTANO,223
Kenton,State Representative,78,Republican,Mark HART,1406
Kenton,State Representative,78,Republican,Brandon N. MONTANO,645
Pendleton,State Representative,78,Republican,Mark HART,1982
Pendleton,State Representative,78,Republican,Brandon N. MONTANO,571
Madison,State Representative,81,Republican,Deanna Frazier GORDON,3212
Madison,State Representative,81,Republican,Andrew SIMPSON,1682
Estill,State Representative,91,Republican,Darrell BILLINGS,696
Estill,State Representative,91,Republican,Jeff HENSLEY,1841
Madison,State Representative,91,Republican,Darrell BILLINGS,713
Madison,State Representative,91,Republican,Jeff HENSLEY,482
Powell,State Representative,91,Republican,Darrell BILLINGS,1472
Powell,State Representative,91,Republican,Jeff HENSLEY,460
Floyd,State Representative,95,Republican,Tanner HESTERBERG,1378
Floyd,State Representative,95,Republican,Willie CRASE JR.,816
Pike,State Representative,95,Republican,Tanner HESTERBERG,781
Pike,State Representative,95,Republican,Willie CRASE JR.,276
Daviess,"District Judge, 6th Judicial District",1,,J. Nick PAYNE,4568
Daviess,"District Judge, 6th Judicial District",1,,Lelah ROGERS,4458
Daviess,"District Judge, 6th Judicial District",1,,W. Russell DUTY,2889
Daviess,"District Judge, 6th Judicial District",1,,William C. MATTINGLY,2540
Fayette,"District Judge, 22nd Judicial District",2,,Shannon BROOKS,27793
Fayette,"District Judge, 22nd Judicial District",2,,Alex GARCIA,18350
Fayette,"District Judge, 22nd Judicial District",2,,Aaron F. FALLAHI,3123
Clinton,"District Judge, 40th Judicial District",2,,Athena Cooper BRADSHAW,1048
Clinton,"District Judge, 40th Judicial District",2,,Tom SIMMONS,1564
Clinton,"District Judge, 40th Judicial District",2,,Lee WHITTENBURG,479
Russell,"District Judge, 40th Judicial District",2,,Athena Cooper BRADSHAW,4604
Russell,"District Judge, 40th Judicial District",2,,Tom SIMMONS,512
Russell,"District Judge, 40th Judicial District",2,,Lee WHITTENBURG,301
Wayne,"District Judge, 40th Judicial District",2,,Athena Cooper BRADSHAW,1323
Wayne,"District Judge, 40th Judicial District",2,,Tom SIMMONS,2220
Wayne,"District Judge, 40th Judicial District",2,,Lee WHITTENBURG,959
