county,precinct,office,district,party,candidate,votes,early_voting,election_day,absentee_mail,absentee
Bell,A101,U.S. Senate,,Republican,Daniel CAMERON,52,18,32,1,1
Bell,A101,U.S. Senate,,Republican,Jonathan M. HOLLIDAY,1,1,0,0,0
Bell,A101,U.S. Senate,,Republican,Andy BARR,129,21,99,9,0
Bell,A101,U.S. Senate,,Republican,"Valerie ""Dr Val"" FREDRICK",4,2,2,0,0
Bell,A101,U.S. Senate,,Republican,A. Nick SHELLEY,0,0,0,0,0
Bell,A101,U.S. Senate,,Republican,James D. DUNCAN,1,1,0,0,0
Bell,A101,U.S. Senate,,Republican,Michael James FARIS,1,0,1,0,0
Bell,A101,U.S. Senate,,Republican,Anissa CATLETT,1,1,0,0,0
Bell,A101,U.S. Senate,,Republican,Other Donald WENZEL,1,0,1,0,0
Bell,A101,U.S. Senate,,Republican,Jimmy I. LEON,0,0,0,0,0
Bell,A101,U.S. Senate,,Republican,George WASHINGTON,4,1,3,0,0
Bell,A101,U.S. Senate,,,Under Votes,18,5,12,0,1
Bell,A101,U.S. Senate,,,Over Votes,0,0,0,0,0
Bell,A101,Ballots Cast,,,,245,,,,
Bell,A101,U.S. House,5,Republican,Kevin SMITH,20,5,15,0,0
Bell,A101,U.S. House,5,Republican,Benjamin HURLEY,5,1,3,1,0
Bell,A101,U.S. House,5,Republican,Hal ROGERS,176,45,120,10,1
Bell,A101,U.S. House,5,Republican,Jerry Lee SHELTON,1,0,1,0,0
Bell,A101,U.S. House,5,Republican,Brandon R. MONHOLLEN,9,3,6,0,0
Bell,A101,U.S. House,5,,Under Votes,14,3,10,0,1
Bell,A101,U.S. House,5,,Over Votes,0,0,0,0,0
Bell,A101,Property Valuation Administrator,,,Blake Charles RAMEY,103,27,73,3,0
Bell,A101,Property Valuation Administrator,,,Ben BARNETT,118,28,80,8,2
Bell,A101,Property Valuation Administrator,,,Under Votes,4,2,2,0,0
Bell,A101,Property Valuation Administrator,,,Over Votes,0,0,0,0,0
Bell,A101,County Judge/Executive,,,Rick NELSON,165,44,111,9,1
Bell,A101,County Judge/Executive,,,"Al ""Albey"" BROCK",55,11,42,2,0
Bell,A101,County Judge/Executive,,,Under Votes,4,1,2,0,1
Bell,A101,County Judge/Executive,,,Over Votes,0,0,0,0,0
Bell,A101,Sheriff,,,"George ""Tooter"" HOWARD",92,24,61,7,0
Bell,A101,Sheriff,,,"Mitchell ""Mitch"" WILLIAMS",130,32,92,4,2
Bell,A101,Sheriff,,,Under Votes,3,1,2,0,0
Bell,A101,Sheriff,,,Over Votes,0,0,0,0,0
Bell,A101,Jailer,,,Barb VENABLE,88,17,62,7,2
Bell,A101,Jailer,,,Annie Jean NIERENGARTEN,20,8,12,0,0
Bell,A101,Jailer,,,"Tony ""Hobe"" TIGUE",12,4,8,0,0
Bell,A101,Jailer,,,"Derek ""Fuzz"" JONES",24,6,16,2,0
Bell,A101,Jailer,,,Josh COLLETT,71,19,50,2,0
Bell,A101,Jailer,,,Under Votes,10,3,7,0,0
Bell,A101,Jailer,,,Over Votes,0,0,0,0,0
Bell,A101,Coroner,,,Ethan WARREN,86,16,68,2,0
Bell,A101,Coroner,,,Jay STEELE,132,39,82,9,2
Bell,A101,Coroner,,,Under Votes,7,2,5,0,0
Bell,A101,Coroner,,,Over Votes,0,0,0,0,0
Bell,A101,Magistrate,,,Chris WEBB,9,3,6,0,0
Bell,A101,Magistrate,,,Eddie SAYLOR,109,28,73,7,1
Bell,A101,Magistrate,,,Alan LEE,20,2,18,0,0
Bell,A101,Magistrate,,,Bert MARCUM JR.,23,8,12,2,1
Bell,A101,Magistrate,,,Clint Lonnie SHOFFNER,5,0,5,0,0
Bell,A101,Magistrate,,,Tim PARTIN,38,11,25,2,0
Bell,A101,Magistrate,,,Johnny THOMAS,16,5,11,0,0
Bell,A101,Magistrate,,,Under Votes,5,0,5,0,0
Bell,A101,Magistrate,,,Over Votes,0,0,0,0,0
Bell,A101,U.S. Senate,,Democratic,Vincent Anthony THOMPSON,4,0,3,1,0
Bell,A101,U.S. Senate,,Democratic,Amy McGRATH,7,2,5,0,0
Bell,A101,U.S. Senate,,Democratic,Dale Lewis ROMANS,0,0,0,0,0
Bell,A101,U.S. Senate,,Democratic,Charles BOOKER,7,1,6,0,0
Bell,A101,U.S. Senate,,Democratic,Pamela STEVENSON,0,0,0,0,0
Bell,A101,U.S. Senate,,Democratic,Joshua BLANTON SR.,1,0,1,0,0
Bell,A101,U.S. Senate,,Democratic,Logan FORSYTHE,0,0,0,0,0
Bell,A102,U.S. Senate,,Republican,Daniel CAMERON,35,6,26,3,0
Bell,A102,U.S. Senate,,Republican,Jonathan M. HOLLIDAY,2,0,2,0,0
Bell,A102,U.S. Senate,,Republican,Andy BARR,126,17,102,6,1
Bell,A102,U.S. Senate,,Republican,"Valerie ""Dr Val"" FREDRICK",0,0,0,0,0
Bell,A102,U.S. Senate,,Republican,A. Nick SHELLEY,0,0,0,0,0
Bell,A102,U.S. Senate,,Republican,James D. DUNCAN,1,0,1,0,0
Bell,A102,U.S. Senate,,Republican,Michael James FARIS,2,1,1,0,0
Bell,A102,U.S. Senate,,Republican,Anissa CATLETT,3,0,3,0,0
Bell,A102,U.S. Senate,,Republican,Other Donald WENZEL,1,0,1,0,0
Bell,A102,U.S. Senate,,Republican,Jimmy I. LEON,0,0,0,0,0
Bell,A102,U.S. Senate,,Republican,George WASHINGTON,7,1,6,0,0
Bell,A102,U.S. Senate,,,Under Votes,12,2,8,2,0
Bell,A102,U.S. Senate,,,Over Votes,0,0,0,0,0
Bell,A102,Ballots Cast,,,,226,,,,
Bell,A102,U.S. House,5,Republican,Kevin SMITH,14,3,11,0,0
Bell,A102,U.S. House,5,Republican,Benjamin HURLEY,6,0,6,0,0
Bell,A102,U.S. House,5,Republican,Hal ROGERS,150,19,121,9,1
Bell,A102,U.S. House,5,Republican,Jerry Lee SHELTON,4,0,4,0,0
Bell,A102,U.S. House,5,Republican,Brandon R. MONHOLLEN,8,3,5,0,0
Bell,A102,U.S. House,5,,Under Votes,13,4,7,2,0
Bell,A102,U.S. House,5,,Over Votes,0,0,0,0,0
Bell,A102,Property Valuation Administrator,,,Blake Charles RAMEY,123,19,96,7,1
Bell,A102,Property Valuation Administrator,,,Ben BARNETT,66,10,54,2,0
Bell,A102,Property Valuation Administrator,,,Under Votes,6,0,4,2,0
Bell,A102,Property Valuation Administrator,,,Over Votes,0,0,0,0,0
Bell,A102,County Judge/Executive,,,Rick NELSON,154,19,127,7,1
Bell,A102,County Judge/Executive,,,"Al ""Albey"" BROCK",31,8,21,2,0
Bell,A102,County Judge/Executive,,,Under Votes,3,0,1,2,0
Bell,A102,County Judge/Executive,,,Over Votes,0,0,0,0,0
Bell,A102,Sheriff,,,"George ""Tooter"" HOWARD",164,23,135,6,0
Bell,A102,Sheriff,,,"Mitchell ""Mitch"" WILLIAMS",26,6,16,3,1
Bell,A102,Sheriff,,,Under Votes,5,0,3,2,0
Bell,A102,Sheriff,,,Over Votes,0,0,0,0,0
Bell,A102,Jailer,,,Barb VENABLE,47,7,37,3,0
Bell,A102,Jailer,,,Annie Jean NIERENGARTEN,32,3,29,0,0
Bell,A102,Jailer,,,"Tony ""Hobe"" TIGUE",8,3,5,0,0
Bell,A102,Jailer,,,"Derek ""Fuzz"" JONES",45,5,34,5,1
Bell,A102,Jailer,,,Josh COLLETT,54,9,44,1,0
Bell,A102,Jailer,,,Under Votes,9,2,5,2,0
Bell,A102,Jailer,,,Over Votes,0,0,0,0,0
Bell,A102,Coroner,,,Ethan WARREN,74,12,57,5,0
Bell,A102,Coroner,,,Jay STEELE,116,17,93,5,1
Bell,A102,Coroner,,,Under Votes,5,0,4,1,0
Bell,A102,Coroner,,,Over Votes,0,0,0,0,0
Bell,A102,Magistrate,,,Chris WEBB,5,0,5,0,0
Bell,A102,Magistrate,,,Eddie SAYLOR,63,14,40,9,0
Bell,A102,Magistrate,,,Alan LEE,19,3,16,0,0
Bell,A102,Magistrate,,,Bert MARCUM JR.,61,3,57,0,1
Bell,A102,Magistrate,,,Clint Lonnie SHOFFNER,1,1,0,0,0
Bell,A102,Magistrate,,,Tim PARTIN,18,4,12,2,0
Bell,A102,Magistrate,,,Johnny THOMAS,24,4,20,0,0
Bell,A102,Magistrate,,,Under Votes,4,0,4,0,0
Bell,A102,Magistrate,,,Over Votes,0,0,0,0,0
Bell,A102,U.S. Senate,,Democratic,Vincent Anthony THOMPSON,3,1,2,0,0
Bell,A102,U.S. Senate,,Democratic,Amy McGRATH,11,1,7,1,2
Bell,A102,U.S. Senate,,Democratic,Dale Lewis ROMANS,1,0,1,0,0
Bell,A102,U.S. Senate,,Democratic,Charles BOOKER,7,0,6,0,1
Bell,A102,U.S. Senate,,Democratic,Pamela STEVENSON,3,1,2,0,0
Bell,A102,U.S. Senate,,Democratic,Joshua BLANTON SR.,4,1,3,0,0
Bell,A102,U.S. Senate,,Democratic,Logan FORSYTHE,1,0,1,0,0
Bell,A103,U.S. Senate,,Republican,Daniel CAMERON,37,5,32,0,0
Bell,A103,U.S. Senate,,Republican,Jonathan M. HOLLIDAY,0,0,0,0,0
Bell,A103,U.S. Senate,,Republican,Andy BARR,110,23,78,5,4
Bell,A103,U.S. Senate,,Republican,"Valerie ""Dr Val"" FREDRICK",2,0,2,0,0
Bell,A103,U.S. Senate,,Republican,A. Nick SHELLEY,3,0,2,1,0
Bell,A103,U.S. Senate,,Republican,James D. DUNCAN,1,0,1,0,0
Bell,A103,U.S. Senate,,Republican,Michael James FARIS,2,0,2,0,0
Bell,A103,U.S. Senate,,Republican,Anissa CATLETT,0,0,0,0,0
Bell,A103,U.S. Senate,,Republican,Other Donald WENZEL,0,0,0,0,0
Bell,A103,U.S. Senate,,Republican,Jimmy I. LEON,0,0,0,0,0
Bell,A103,U.S. Senate,,Republican,George WASHINGTON,2,1,1,0,0
Bell,A103,U.S. Senate,,,Under Votes,18,0,18,0,0
Bell,A103,U.S. Senate,,,Over Votes,0,0,0,0,0
Bell,A103,Ballots Cast,,,,196,,,,
Bell,A103,U.S. House,5,Republican,Kevin SMITH,14,2,10,0,2
Bell,A103,U.S. House,5,Republican,Benjamin HURLEY,11,0,11,0,0
Bell,A103,U.S. House,5,Republican,Hal ROGERS,141,30,102,7,2
Bell,A103,U.S. House,5,Republican,Jerry Lee SHELTON,5,1,4,0,0
Bell,A103,U.S. House,5,Republican,Brandon R. MONHOLLEN,0,0,0,0,0
Bell,A103,U.S. House,5,,Under Votes,14,0,14,0,0
Bell,A103,U.S. House,5,,Over Votes,0,0,0,0,0
Bell,A103,Property Valuation Administrator,,,Blake Charles RAMEY,54,6,48,0,0
Bell,A103,Property Valuation Administrator,,,Ben BARNETT,123,27,85,7,4
Bell,A103,Property Valuation Administrator,,,Under Votes,8,0,8,0,0
Bell,A103,Property Valuation Administrator,,,Over Votes,0,0,0,0,0
Bell,A103,County Judge/Executive,,,Rick NELSON,152,25,117,6,4
Bell,A103,County Judge/Executive,,,"Al ""Albey"" BROCK",28,7,21,0,0
Bell,A103,County Judge/Executive,,,Under Votes,0,0,0,0,0
Bell,A103,County Judge/Executive,,,Over Votes,0,0,0,0,0
Bell,A103,Sheriff,,,"George ""Tooter"" HOWARD",127,19,100,4,4
Bell,A103,Sheriff,,,"Mitchell ""Mitch"" WILLIAMS",52,13,36,3,0
Bell,A103,Sheriff,,,Under Votes,6,1,5,0,0
Bell,A103,Sheriff,,,Over Votes,0,0,0,0,0
Bell,A103,Jailer,,,Barb VENABLE,50,14,32,4,0
Bell,A103,Jailer,,,Annie Jean NIERENGARTEN,17,0,17,0,0
Bell,A103,Jailer,,,"Tony ""Hobe"" TIGUE",7,2,5,0,0
Bell,A103,Jailer,,,"Derek ""Fuzz"" JONES",61,9,49,2,1
Bell,A103,Jailer,,,Josh COLLETT,43,6,33,1,3
Bell,A103,Jailer,,,Under Votes,7,2,5,0,0
Bell,A103,Jailer,,,Over Votes,0,0,0,0,0
Bell,A103,Coroner,,,Ethan WARREN,89,16,70,3,0
Bell,A103,Coroner,,,Jay STEELE,92,17,67,4,4
Bell,A103,Coroner,,,Under Votes,4,0,4,0,0
Bell,A103,Coroner,,,Over Votes,0,0,0,0,0
Bell,A103,Magistrate,,,Chris WEBB,21,3,17,1,0
Bell,A103,Magistrate,,,Eddie SAYLOR,40,6,30,4,0
Bell,A103,Magistrate,,,Alan LEE,43,14,28,1,0
Bell,A103,Magistrate,,,Bert MARCUM JR.,60,8,48,1,3
Bell,A103,Magistrate,,,Clint Lonnie SHOFFNER,11,2,9,0,0
Bell,A103,Magistrate,,,Tim PARTIN,6,0,5,0,1
Bell,A103,Magistrate,,,Johnny THOMAS,1,0,1,0,0
Bell,A103,Magistrate,,,Under Votes,3,0,3,0,0
Bell,A103,Magistrate,,,Over Votes,0,0,0,0,0
Bell,A103,U.S. Senate,,Democratic,Vincent Anthony THOMPSON,0,0,0,0,0
Bell,A103,U.S. Senate,,Democratic,Amy McGRATH,6,0,6,0,0
Bell,A103,U.S. Senate,,Democratic,Dale Lewis ROMANS,0,0,0,0,0
Bell,A103,U.S. Senate,,Democratic,Charles BOOKER,3,1,2,0,0
Bell,A103,U.S. Senate,,Democratic,Pamela STEVENSON,0,0,0,0,0
Bell,A103,U.S. Senate,,Democratic,Joshua BLANTON SR.,2,0,2,0,0
Bell,A103,U.S. Senate,,Democratic,Logan FORSYTHE,0,0,0,0,0
Bell,A104,U.S. Senate,,Republican,Daniel CAMERON,28,3,24,1,0
Bell,A104,U.S. Senate,,Republican,Jonathan M. HOLLIDAY,2,0,2,0,0
Bell,A104,U.S. Senate,,Republican,Andy BARR,96,15,69,10,2
Bell,A104,U.S. Senate,,Republican,"Valerie ""Dr Val"" FREDRICK",1,0,1,0,0
Bell,A104,U.S. Senate,,Republican,A. Nick SHELLEY,1,0,1,0,0
Bell,A104,U.S. Senate,,Republican,James D. DUNCAN,2,1,1,0,0
Bell,A104,U.S. Senate,,Republican,Michael James FARIS,2,1,1,0,0
Bell,A104,U.S. Senate,,Republican,Anissa CATLETT,1,0,1,0,0
Bell,A104,U.S. Senate,,Republican,Other Donald WENZEL,0,0,0,0,0
Bell,A104,U.S. Senate,,Republican,Jimmy I. LEON,0,0,0,0,0
Bell,A104,U.S. Senate,,Republican,George WASHINGTON,3,0,3,0,0
Bell,A104,U.S. Senate,,,Under Votes,16,3,13,0,0
Bell,A104,U.S. Senate,,,Over Votes,0,0,0,0,0
Bell,A104,Ballots Cast,,,,176,,,,
Bell,A104,U.S. House,5,Republican,Kevin SMITH,5,2,3,0,0
Bell,A104,U.S. House,5,Republican,Benjamin HURLEY,11,3,8,0,0
Bell,A104,U.S. House,5,Republican,Hal ROGERS,120,15,92,11,2
Bell,A104,U.S. House,5,Republican,Jerry Lee SHELTON,2,0,2,0,0
Bell,A104,U.S. House,5,Republican,Brandon R. MONHOLLEN,5,2,3,0,0
Bell,A104,U.S. House,5,,Under Votes,18,4,14,0,0
Bell,A104,U.S. House,5,,Over Votes,0,0,0,0,0
Bell,A104,Property Valuation Administrator,,,Blake Charles RAMEY,15,1,13,1,0
Bell,A104,Property Valuation Administrator,,,Ben BARNETT,146,25,109,10,2
Bell,A104,Property Valuation Administrator,,,Under Votes,0,0,0,0,0
Bell,A104,Property Valuation Administrator,,,Over Votes,0,0,0,0,0
Bell,A104,County Judge/Executive,,,Rick NELSON,86,15,65,4,2
Bell,A104,County Judge/Executive,,,"Al ""Albey"" BROCK",72,11,54,7,0
Bell,A104,County Judge/Executive,,,Under Votes,1,0,1,0,0
Bell,A104,County Judge/Executive,,,Over Votes,0,0,0,0,0
Bell,A104,Sheriff,,,"George ""Tooter"" HOWARD",57,12,44,0,1
Bell,A104,Sheriff,,,"Mitchell ""Mitch"" WILLIAMS",101,14,75,11,1
Bell,A104,Sheriff,,,Under Votes,3,0,3,0,0
Bell,A104,Sheriff,,,Over Votes,0,0,0,0,0
Bell,A104,Jailer,,,Barb VENABLE,81,12,66,2,1
Bell,A104,Jailer,,,Annie Jean NIERENGARTEN,8,0,6,2,0
Bell,A104,Jailer,,,"Tony ""Hobe"" TIGUE",7,3,4,0,0
Bell,A104,Jailer,,,"Derek ""Fuzz"" JONES",18,3,15,0,0
Bell,A104,Jailer,,,Josh COLLETT,39,5,26,7,1
Bell,A104,Jailer,,,Under Votes,8,3,5,0,0
Bell,A104,Jailer,,,Over Votes,0,0,0,0,0
Bell,A104,Coroner,,,Ethan WARREN,82,14,57,10,1
Bell,A104,Coroner,,,Jay STEELE,76,11,63,1,1
Bell,A104,Coroner,,,Under Votes,3,1,2,0,0
Bell,A104,Coroner,,,Over Votes,0,0,0,0,0
Bell,A104,Magistrate,,,Chris WEBB,9,2,7,0,0
Bell,A104,Magistrate,,,Eddie SAYLOR,48,9,32,5,2
Bell,A104,Magistrate,,,Alan LEE,7,3,4,0,0
Bell,A104,Magistrate,,,Bert MARCUM JR.,15,0,14,1,0
Bell,A104,Magistrate,,,Clint Lonnie SHOFFNER,64,12,47,5,0
Bell,A104,Magistrate,,,Tim PARTIN,12,0,12,0,0
Bell,A104,Magistrate,,,Johnny THOMAS,1,0,1,0,0
Bell,A104,Magistrate,,,Under Votes,4,0,4,0,0
Bell,A104,Magistrate,,,Over Votes,1,0,1,0,0
Bell,A104,U.S. Senate,,Democratic,Vincent Anthony THOMPSON,1,0,1,0,0
Bell,A104,U.S. Senate,,Democratic,Amy McGRATH,6,0,6,0,0
Bell,A104,U.S. Senate,,Democratic,Dale Lewis ROMANS,1,1,0,0,0
Bell,A104,U.S. Senate,,Democratic,Charles BOOKER,7,1,6,0,0
Bell,A104,U.S. Senate,,Democratic,Pamela STEVENSON,0,0,0,0,0
Bell,A104,U.S. Senate,,Democratic,Joshua BLANTON SR.,0,0,0,0,0
Bell,A104,U.S. Senate,,Democratic,Logan FORSYTHE,0,0,0,0,0
Bell,A105,U.S. Senate,,Republican,Daniel CAMERON,37,11,25,1,0
Bell,A105,U.S. Senate,,Republican,Jonathan M. HOLLIDAY,0,0,0,0,0
Bell,A105,U.S. Senate,,Republican,Andy BARR,94,23,67,3,1
Bell,A105,U.S. Senate,,Republican,"Valerie ""Dr Val"" FREDRICK",1,0,1,0,0
Bell,A105,U.S. Senate,,Republican,A. Nick SHELLEY,0,0,0,0,0
Bell,A105,U.S. Senate,,Republican,James D. DUNCAN,1,1,0,0,0
Bell,A105,U.S. Senate,,Republican,Michael James FARIS,0,0,0,0,0
Bell,A105,U.S. Senate,,Republican,Anissa CATLETT,1,0,1,0,0
Bell,A105,U.S. Senate,,Republican,Other Donald WENZEL,0,0,0,0,0
Bell,A105,U.S. Senate,,Republican,Jimmy I. LEON,0,0,0,0,0
Bell,A105,U.S. Senate,,Republican,George WASHINGTON,2,2,0,0,0
Bell,A105,U.S. Senate,,,Under Votes,13,2,11,0,0
Bell,A105,U.S. Senate,,,Over Votes,2,1,1,0,0
Bell,A105,Ballots Cast,,,,181,,,,
Bell,A105,U.S. House,5,Republican,Kevin SMITH,12,1,11,0,0
Bell,A105,U.S. House,5,Republican,Benjamin HURLEY,3,1,2,0,0
Bell,A105,U.S. House,5,Republican,Hal ROGERS,126,37,83,4,2
Bell,A105,U.S. House,5,Republican,Jerry Lee SHELTON,2,2,0,0,0
Bell,A105,U.S. House,5,Republican,Brandon R. MONHOLLEN,4,2,2,0,0
Bell,A105,U.S. House,5,,Under Votes,8,2,6,0,0
Bell,A105,U.S. House,5,,Over Votes,0,0,0,0,0
Bell,A105,Property Valuation Administrator,,,Blake Charles RAMEY,88,30,56,0,2
Bell,A105,Property Valuation Administrator,,,Ben BARNETT,64,15,45,4,0
Bell,A105,Property Valuation Administrator,,,Under Votes,3,0,3,0,0
Bell,A105,Property Valuation Administrator,,,Over Votes,0,0,0,0,0
Bell,A105,County Judge/Executive,,,Rick NELSON,113,29,82,1,1
Bell,A105,County Judge/Executive,,,"Al ""Albey"" BROCK",35,13,18,3,1
Bell,A105,County Judge/Executive,,,Under Votes,3,0,3,0,0
Bell,A105,County Judge/Executive,,,Over Votes,0,0,0,0,0
Bell,A105,Sheriff,,,"George ""Tooter"" HOWARD",82,17,64,0,1
Bell,A105,Sheriff,,,"Mitchell ""Mitch"" WILLIAMS",67,25,37,4,1
Bell,A105,Sheriff,,,Under Votes,6,3,3,0,0
Bell,A105,Sheriff,,,Over Votes,0,0,0,0,0
Bell,A105,Jailer,,,Barb VENABLE,57,14,41,1,1
Bell,A105,Jailer,,,Annie Jean NIERENGARTEN,24,8,16,0,0
Bell,A105,Jailer,,,"Tony ""Hobe"" TIGUE",8,2,6,0,0
Bell,A105,Jailer,,,"Derek ""Fuzz"" JONES",14,6,7,1,0
Bell,A105,Jailer,,,Josh COLLETT,49,14,32,2,1
Bell,A105,Jailer,,,Under Votes,3,1,2,0,0
Bell,A105,Jailer,,,Over Votes,0,0,0,0,0
Bell,A105,Coroner,,,Ethan WARREN,67,22,45,0,0
Bell,A105,Coroner,,,Jay STEELE,85,22,57,4,2
Bell,A105,Coroner,,,Under Votes,3,1,2,0,0
Bell,A105,Coroner,,,Over Votes,0,0,0,0,0
Bell,A105,Magistrate,,,Chris WEBB,15,7,8,0,0
Bell,A105,Magistrate,,,Eddie SAYLOR,53,19,30,3,1
Bell,A105,Magistrate,,,Alan LEE,17,0,17,0,0
Bell,A105,Magistrate,,,Bert MARCUM JR.,26,6,19,0,1
Bell,A105,Magistrate,,,Clint Lonnie SHOFFNER,16,3,13,0,0
Bell,A105,Magistrate,,,Tim PARTIN,13,4,8,1,0
Bell,A105,Magistrate,,,Johnny THOMAS,11,4,7,0,0
Bell,A105,Magistrate,,,Under Votes,4,2,2,0,0
Bell,A105,Magistrate,,,Over Votes,0,0,0,0,0
Bell,A105,U.S. Senate,,Democratic,Vincent Anthony THOMPSON,1,0,1,0,0
Bell,A105,U.S. Senate,,Democratic,Amy McGRATH,11,5,5,1,0
Bell,A105,U.S. Senate,,Democratic,Dale Lewis ROMANS,1,1,0,0,0
Bell,A105,U.S. Senate,,Democratic,Charles BOOKER,8,0,7,1,0
Bell,A105,U.S. Senate,,Democratic,Pamela STEVENSON,1,0,1,0,0
Bell,A105,U.S. Senate,,Democratic,Joshua BLANTON SR.,0,0,0,0,0
Bell,A105,U.S. Senate,,Democratic,Logan FORSYTHE,1,1,0,0,0
Bell,A106,U.S. Senate,,Republican,Daniel CAMERON,63,17,41,5,0
Bell,A106,U.S. Senate,,Republican,Jonathan M. HOLLIDAY,0,0,0,0,0
Bell,A106,U.S. Senate,,Republican,Andy BARR,215,77,128,3,7
Bell,A106,U.S. Senate,,Republican,"Valerie ""Dr Val"" FREDRICK",3,2,1,0,0
Bell,A106,U.S. Senate,,Republican,A. Nick SHELLEY,1,0,1,0,0
Bell,A106,U.S. Senate,,Republican,James D. DUNCAN,6,1,3,1,1
Bell,A106,U.S. Senate,,Republican,Michael James FARIS,0,0,0,0,0
Bell,A106,U.S. Senate,,Republican,Anissa CATLETT,2,0,2,0,0
Bell,A106,U.S. Senate,,Republican,Other Donald WENZEL,0,0,0,0,0
Bell,A106,U.S. Senate,,Republican,Jimmy I. LEON,1,0,1,0,0
Bell,A106,U.S. Senate,,Republican,George WASHINGTON,11,1,6,3,1
Bell,A106,U.S. Senate,,,Under Votes,24,8,11,5,0
Bell,A106,U.S. Senate,,,Over Votes,2,0,1,1,0
Bell,A106,Ballots Cast,,,,372,,,,
Bell,A106,U.S. House,5,Republican,Kevin SMITH,34,10,20,3,1
Bell,A106,U.S. House,5,Republican,Benjamin HURLEY,7,2,5,0,0
Bell,A106,U.S. House,5,Republican,Hal ROGERS,253,88,143,15,7
Bell,A106,U.S. House,5,Republican,Jerry Lee SHELTON,10,1,8,0,1
Bell,A106,U.S. House,5,Republican,Brandon R. MONHOLLEN,12,1,11,0,0
Bell,A106,U.S. House,5,,Under Votes,22,6,15,1,0
Bell,A106,U.S. House,5,,Over Votes,0,0,0,0,0
Bell,A106,Property Valuation Administrator,,,Blake Charles RAMEY,199,69,113,11,6
Bell,A106,Property Valuation Administrator,,,Ben BARNETT,133,37,85,8,3
Bell,A106,Property Valuation Administrator,,,Under Votes,6,2,4,0,0
Bell,A106,Property Valuation Administrator,,,Over Votes,0,0,0,0,0
Bell,A106,County Judge/Executive,,,Rick NELSON,238,72,144,14,8
Bell,A106,County Judge/Executive,,,"Al ""Albey"" BROCK",94,34,54,5,1
Bell,A106,County Judge/Executive,,,Under Votes,1,0,1,0,0
Bell,A106,County Judge/Executive,,,Over Votes,0,0,0,0,0
Bell,A106,Sheriff,,,"George ""Tooter"" HOWARD",187,48,125,8,6
Bell,A106,Sheriff,,,"Mitchell ""Mitch"" WILLIAMS",149,60,75,11,3
Bell,A106,Sheriff,,,Under Votes,2,0,2,0,0
Bell,A106,Sheriff,,,Over Votes,0,0,0,0,0
Bell,A106,Jailer,,,Barb VENABLE,105,37,60,6,2
Bell,A106,Jailer,,,Annie Jean NIERENGARTEN,59,22,35,0,2
Bell,A106,Jailer,,,"Tony ""Hobe"" TIGUE",13,2,9,0,2
Bell,A106,Jailer,,,"Derek ""Fuzz"" JONES",67,16,45,4,2
Bell,A106,Jailer,,,Josh COLLETT,91,30,52,8,1
Bell,A106,Jailer,,,Under Votes,3,1,1,1,0
Bell,A106,Jailer,,,Over Votes,0,0,0,0,0
Bell,A106,Coroner,,,Ethan WARREN,152,55,90,4,3
Bell,A106,Coroner,,,Jay STEELE,182,52,109,15,6
Bell,A106,Coroner,,,Under Votes,4,1,3,0,0
Bell,A106,Coroner,,,Over Votes,0,0,0,0,0
Bell,A106,Magistrate,,,Chris WEBB,22,3,18,0,1
Bell,A106,Magistrate,,,Eddie SAYLOR,101,31,63,5,2
Bell,A106,Magistrate,,,Alan LEE,13,6,7,0,0
Bell,A106,Magistrate,,,Bert MARCUM JR.,42,18,20,3,1
Bell,A106,Magistrate,,,Clint Lonnie SHOFFNER,4,1,2,1,0
Bell,A106,Magistrate,,,Tim PARTIN,151,49,88,10,4
Bell,A106,Magistrate,,,Johnny THOMAS,4,0,3,0,1
Bell,A106,Magistrate,,,Under Votes,1,0,1,0,0
Bell,A106,Magistrate,,,Over Votes,0,0,0,0,0
Bell,A106,U.S. Senate,,Democratic,Vincent Anthony THOMPSON,0,0,0,0,0
Bell,A106,U.S. Senate,,Democratic,Amy McGRATH,20,4,14,1,1
Bell,A106,U.S. Senate,,Democratic,Dale Lewis ROMANS,0,0,0,0,0
Bell,A106,U.S. Senate,,Democratic,Charles BOOKER,9,5,3,1,0
Bell,A106,U.S. Senate,,Democratic,Pamela STEVENSON,0,0,0,0,0
Bell,A106,U.S. Senate,,Democratic,Joshua BLANTON SR.,2,0,2,0,0
Bell,A106,U.S. Senate,,Democratic,Logan FORSYTHE,0,0,0,0,0
Bell,B101,U.S. Senate,,Republican,Daniel CAMERON,12,2,8,2,0
Bell,B101,U.S. Senate,,Republican,Jonathan M. HOLLIDAY,0,0,0,0,0
Bell,B101,U.S. Senate,,Republican,Andy BARR,46,10,32,3,1
Bell,B101,U.S. Senate,,Republican,"Valerie ""Dr Val"" FREDRICK",0,0,0,0,0
Bell,B101,U.S. Senate,,Republican,A. Nick SHELLEY,0,0,0,0,0
Bell,B101,U.S. Senate,,Republican,James D. DUNCAN,0,0,0,0,0
Bell,B101,U.S. Senate,,Republican,Michael James FARIS,2,1,0,1,0
Bell,B101,U.S. Senate,,Republican,Anissa CATLETT,0,0,0,0,0
Bell,B101,U.S. Senate,,Republican,Other Donald WENZEL,0,0,0,0,0
Bell,B101,U.S. Senate,,Republican,Jimmy I. LEON,0,0,0,0,0
Bell,B101,U.S. Senate,,Republican,George WASHINGTON,2,1,0,1,0
Bell,B101,U.S. Senate,,,Under Votes,10,2,6,2,0
Bell,B101,U.S. Senate,,,Over Votes,0,0,0,0,0
Bell,B101,Ballots Cast,,,,94,,,,
Bell,B101,U.S. House,5,Republican,Kevin SMITH,9,4,5,0,0
Bell,B101,U.S. House,5,Republican,Benjamin HURLEY,1,1,0,0,0
Bell,B101,U.S. House,5,Republican,Hal ROGERS,54,10,34,9,1
Bell,B101,U.S. House,5,Republican,Jerry Lee SHELTON,1,0,1,0,0
Bell,B101,U.S. House,5,Republican,Brandon R. MONHOLLEN,2,0,2,0,0
Bell,B101,U.S. House,5,,Under Votes,9,2,6,1,0
Bell,B101,U.S. House,5,,Over Votes,0,0,0,0,0
Bell,B101,Property Valuation Administrator,,,Blake Charles RAMEY,42,12,25,4,1
Bell,B101,Property Valuation Administrator,,,Ben BARNETT,31,5,21,5,0
Bell,B101,Property Valuation Administrator,,,Under Votes,3,0,2,1,0
Bell,B101,Property Valuation Administrator,,,Over Votes,0,0,0,0,0
Bell,B101,County Judge/Executive,,,Rick NELSON,46,11,26,8,1
Bell,B101,County Judge/Executive,,,"Al ""Albey"" BROCK",25,6,17,2,0
Bell,B101,County Judge/Executive,,,Under Votes,4,0,4,0,0
Bell,B101,County Judge/Executive,,,Over Votes,0,0,0,0,0
Bell,B101,Sheriff,,,"George ""Tooter"" HOWARD",31,9,19,3,0
Bell,B101,Sheriff,,,"Mitchell ""Mitch"" WILLIAMS",43,8,28,6,1
Bell,B101,Sheriff,,,Under Votes,2,0,1,1,0
Bell,B101,Sheriff,,,Over Votes,0,0,0,0,0
Bell,B101,Jailer,,,Barb VENABLE,13,3,8,2,0
Bell,B101,Jailer,,,Annie Jean NIERENGARTEN,15,4,9,2,0
Bell,B101,Jailer,,,"Tony ""Hobe"" TIGUE",5,1,4,0,0
Bell,B101,Jailer,,,"Derek ""Fuzz"" JONES",12,2,6,3,1
Bell,B101,Jailer,,,Josh COLLETT,27,6,19,2,0
Bell,B101,Jailer,,,Under Votes,4,1,2,1,0
Bell,B101,Jailer,,,Over Votes,0,0,0,0,0
Bell,B101,Coroner,,,Ethan WARREN,28,6,20,2,0
Bell,B101,Coroner,,,Jay STEELE,46,10,28,7,1
Bell,B101,Coroner,,,Under Votes,2,1,0,1,0
Bell,B101,Coroner,,,Over Votes,0,0,0,0,0
Bell,B101,Magistrate,,,Bruce HENDRICKSON,3,1,2,0,0
Bell,B101,Magistrate,,,Michael CALDWELL,0,0,0,0,0
Bell,B101,Magistrate,,,Joseph Arthur JORDAN,5,0,5,0,0
Bell,B101,Magistrate,,,Jeremy COLLETT,27,8,15,4,0
Bell,B101,Magistrate,,,Charles N. COLLETT,2,1,1,0,0
Bell,B101,Magistrate,,,James GRIFFIN,3,0,3,0,0
Bell,B101,Magistrate,,,Keith Allen COX,13,4,8,1,0
Bell,B101,Magistrate,,,Donny LEFEVERS,22,3,13,5,1
Bell,B101,Magistrate,,,Under Votes,1,0,1,0,0
Bell,B101,Magistrate,,,Over Votes,0,0,0,0,0
Bell,B101,Constable,,,David Lee COX,22,4,14,4,0
Bell,B101,Constable,,,Robert DANIELS,36,11,23,2,0
Bell,B101,Constable,,,Tyler LANKFORD,14,2,9,2,1
Bell,B101,Constable,,,Under Votes,4,0,2,2,0
Bell,B101,Constable,,,Over Votes,0,0,0,0,0
Bell,B101,U.S. Senate,,Democratic,Vincent Anthony THOMPSON,4,0,4,0,0
Bell,B101,U.S. Senate,,Democratic,Amy McGRATH,8,0,5,3,0
Bell,B101,U.S. Senate,,Democratic,Dale Lewis ROMANS,0,0,0,0,0
Bell,B101,U.S. Senate,,Democratic,Charles BOOKER,5,2,3,0,0
Bell,B101,U.S. Senate,,Democratic,Pamela STEVENSON,1,0,1,0,0
Bell,B101,U.S. Senate,,Democratic,Joshua BLANTON SR.,0,0,0,0,0
Bell,B101,U.S. Senate,,Democratic,Logan FORSYTHE,0,0,0,0,0
Bell,B102,U.S. Senate,,Republican,Daniel CAMERON,36,8,24,3,1
Bell,B102,U.S. Senate,,Republican,Jonathan M. HOLLIDAY,1,0,1,0,0
Bell,B102,U.S. Senate,,Republican,Andy BARR,98,22,73,2,1
Bell,B102,U.S. Senate,,Republican,"Valerie ""Dr Val"" FREDRICK",1,1,0,0,0
Bell,B102,U.S. Senate,,Republican,A. Nick SHELLEY,0,0,0,0,0
Bell,B102,U.S. Senate,,Republican,James D. DUNCAN,1,0,1,0,0
Bell,B102,U.S. Senate,,Republican,Michael James FARIS,3,1,2,0,0
Bell,B102,U.S. Senate,,Republican,Anissa CATLETT,0,0,0,0,0
Bell,B102,U.S. Senate,,Republican,Other Donald WENZEL,0,0,0,0,0
Bell,B102,U.S. Senate,,Republican,Jimmy I. LEON,1,0,1,0,0
Bell,B102,U.S. Senate,,Republican,George WASHINGTON,3,0,3,0,0
Bell,B102,U.S. Senate,,,Under Votes,12,3,8,1,0
Bell,B102,U.S. Senate,,,Over Votes,0,0,0,0,0
Bell,B102,Ballots Cast,,,,183,,,,
Bell,B102,U.S. House,5,Republican,Kevin SMITH,15,3,9,1,2
Bell,B102,U.S. House,5,Republican,Benjamin HURLEY,3,2,1,0,0
Bell,B102,U.S. House,5,Republican,Hal ROGERS,122,28,90,4,0
Bell,B102,U.S. House,5,Republican,Jerry Lee SHELTON,1,0,1,0,0
Bell,B102,U.S. House,5,Republican,Brandon R. MONHOLLEN,5,0,5,0,0
Bell,B102,U.S. House,5,,Under Votes,14,3,10,1,0
Bell,B102,U.S. House,5,,Over Votes,0,0,0,0,0
Bell,B102,Property Valuation Administrator,,,Blake Charles RAMEY,79,16,59,3,1
Bell,B102,Property Valuation Administrator,,,Ben BARNETT,74,17,53,3,1
Bell,B102,Property Valuation Administrator,,,Under Votes,7,3,4,0,0
Bell,B102,Property Valuation Administrator,,,Over Votes,0,0,0,0,0
Bell,B102,County Judge/Executive,,,Rick NELSON,93,26,60,5,2
Bell,B102,County Judge/Executive,,,"Al ""Albey"" BROCK",60,9,50,1,0
Bell,B102,County Judge/Executive,,,Under Votes,4,1,3,0,0
Bell,B102,County Judge/Executive,,,Over Votes,1,0,1,0,0
Bell,B102,Sheriff,,,"George ""Tooter"" HOWARD",53,15,35,1,2
Bell,B102,Sheriff,,,"Mitchell ""Mitch"" WILLIAMS",102,20,77,5,0
Bell,B102,Sheriff,,,Under Votes,5,1,4,0,0
Bell,B102,Sheriff,,,Over Votes,0,0,0,0,0
Bell,B102,Jailer,,,Barb VENABLE,33,10,23,0,0
Bell,B102,Jailer,,,Annie Jean NIERENGARTEN,23,6,14,2,1
Bell,B102,Jailer,,,"Tony ""Hobe"" TIGUE",18,6,11,0,1
Bell,B102,Jailer,,,"Derek ""Fuzz"" JONES",18,4,13,1,0
Bell,B102,Jailer,,,Josh COLLETT,66,9,54,3,0
Bell,B102,Jailer,,,Under Votes,2,1,1,0,0
Bell,B102,Jailer,,,Over Votes,0,0,0,0,0
Bell,B102,Coroner,,,Ethan WARREN,57,13,42,1,1
Bell,B102,Coroner,,,Jay STEELE,99,23,71,4,1
Bell,B102,Coroner,,,Under Votes,4,0,3,1,0
Bell,B102,Coroner,,,Over Votes,0,0,0,0,0
Bell,B102,Magistrate,,,Bruce HENDRICKSON,12,3,9,0,0
Bell,B102,Magistrate,,,Michael CALDWELL,3,1,2,0,0
Bell,B102,Magistrate,,,Joseph Arthur JORDAN,1,0,0,0,1
Bell,B102,Magistrate,,,Jeremy COLLETT,86,18,64,3,1
Bell,B102,Magistrate,,,Charles N. COLLETT,1,0,1,0,0
Bell,B102,Magistrate,,,James GRIFFIN,2,1,1,0,0
Bell,B102,Magistrate,,,Keith Allen COX,18,4,14,0,0
Bell,B102,Magistrate,,,Donny LEFEVERS,33,9,22,2,0
Bell,B102,Magistrate,,,Under Votes,4,0,3,1,0
Bell,B102,Magistrate,,,Over Votes,0,0,0,0,0
Bell,B102,Constable,,,David Lee COX,45,13,29,3,0
Bell,B102,Constable,,,Robert DANIELS,95,17,75,1,2
Bell,B102,Constable,,,Tyler LANKFORD,17,6,10,1,0
Bell,B102,Constable,,,Under Votes,3,0,2,1,0
Bell,B102,Constable,,,Over Votes,0,0,0,0,0
Bell,B102,U.S. Senate,,Democratic,Vincent Anthony THOMPSON,2,0,2,0,0
Bell,B102,U.S. Senate,,Democratic,Amy McGRATH,9,2,5,1,1
Bell,B102,U.S. Senate,,Democratic,Dale Lewis ROMANS,0,0,0,0,0
Bell,B102,U.S. Senate,,Democratic,Charles BOOKER,3,0,3,0,0
Bell,B102,U.S. Senate,,Democratic,Pamela STEVENSON,3,0,2,1,0
Bell,B102,U.S. Senate,,Democratic,Joshua BLANTON SR.,2,0,2,0,0
Bell,B102,U.S. Senate,,Democratic,Logan FORSYTHE,4,1,3,0,0
Bell,B103,U.S. Senate,,Republican,Daniel CAMERON,33,8,24,1,0
Bell,B103,U.S. Senate,,Republican,Jonathan M. HOLLIDAY,1,1,0,0,0
Bell,B103,U.S. Senate,,Republican,Andy BARR,116,44,66,4,2
Bell,B103,U.S. Senate,,Republican,"Valerie ""Dr Val"" FREDRICK",2,0,2,0,0
Bell,B103,U.S. Senate,,Republican,A. Nick SHELLEY,0,0,0,0,0
Bell,B103,U.S. Senate,,Republican,James D. DUNCAN,0,0,0,0,0
Bell,B103,U.S. Senate,,Republican,Michael James FARIS,0,0,0,0,0
Bell,B103,U.S. Senate,,Republican,Anissa CATLETT,1,0,0,1,0
Bell,B103,U.S. Senate,,Republican,Other Donald WENZEL,0,0,0,0,0
Bell,B103,U.S. Senate,,Republican,Jimmy I. LEON,0,0,0,0,0
Bell,B103,U.S. Senate,,Republican,George WASHINGTON,2,1,1,0,0
Bell,B103,U.S. Senate,,,Under Votes,13,5,5,2,1
Bell,B103,U.S. Senate,,,Over Votes,0,0,0,0,0
Bell,B103,Ballots Cast,,,,188,,,,
Bell,B103,U.S. House,5,Republican,Kevin SMITH,12,3,7,2,0
Bell,B103,U.S. House,5,Republican,Benjamin HURLEY,2,0,2,0,0
Bell,B103,U.S. House,5,Republican,Hal ROGERS,140,55,77,6,2
Bell,B103,U.S. House,5,Republican,Jerry Lee SHELTON,1,0,1,0,0
Bell,B103,U.S. House,5,Republican,Brandon R. MONHOLLEN,6,2,4,0,0
Bell,B103,U.S. House,5,,Under Votes,13,3,9,0,1
Bell,B103,U.S. House,5,,Over Votes,0,0,0,0,0
Bell,B103,Property Valuation Administrator,,,Blake Charles RAMEY,92,34,53,5,0
Bell,B103,Property Valuation Administrator,,,Ben BARNETT,77,27,45,2,3
Bell,B103,Property Valuation Administrator,,,Under Votes,5,2,2,1,0
Bell,B103,Property Valuation Administrator,,,Over Votes,0,0,0,0,0
Bell,B103,County Judge/Executive,,,Rick NELSON,95,32,55,6,2
Bell,B103,County Judge/Executive,,,"Al ""Albey"" BROCK",73,31,39,2,1
Bell,B103,County Judge/Executive,,,Under Votes,0,0,0,0,0
Bell,B103,County Judge/Executive,,,Over Votes,0,0,0,0,0
Bell,B103,Sheriff,,,"George ""Tooter"" HOWARD",64,25,36,2,1
Bell,B103,Sheriff,,,"Mitchell ""Mitch"" WILLIAMS",106,35,63,6,2
Bell,B103,Sheriff,,,Under Votes,4,3,1,0,0
Bell,B103,Sheriff,,,Over Votes,0,0,0,0,0
Bell,B103,Jailer,,,Barb VENABLE,34,15,18,1,0
Bell,B103,Jailer,,,Annie Jean NIERENGARTEN,36,16,19,1,0
Bell,B103,Jailer,,,"Tony ""Hobe"" TIGUE",2,1,1,0,0
Bell,B103,Jailer,,,"Derek ""Fuzz"" JONES",37,13,20,3,1
Bell,B103,Jailer,,,Josh COLLETT,63,16,42,3,2
Bell,B103,Jailer,,,Under Votes,2,2,0,0,0
Bell,B103,Jailer,,,Over Votes,0,0,0,0,0
Bell,B103,Coroner,,,Ethan WARREN,75,29,41,3,2
Bell,B103,Coroner,,,Jay STEELE,96,32,59,4,1
Bell,B103,Coroner,,,Under Votes,3,2,0,1,0
Bell,B103,Coroner,,,Over Votes,0,0,0,0,0
Bell,B103,Magistrate,,,Bruce HENDRICKSON,21,5,15,1,0
Bell,B103,Magistrate,,,Michael CALDWELL,1,0,1,0,0
Bell,B103,Magistrate,,,Joseph Arthur JORDAN,3,2,1,0,0
Bell,B103,Magistrate,,,Jeremy COLLETT,79,24,53,1,1
Bell,B103,Magistrate,,,Charles N. COLLETT,1,0,1,0,0
Bell,B103,Magistrate,,,James GRIFFIN,4,1,1,1,1
Bell,B103,Magistrate,,,Keith Allen COX,34,21,11,2,0
Bell,B103,Magistrate,,,Donny LEFEVERS,28,8,17,2,1
Bell,B103,Magistrate,,,Under Votes,2,1,0,1,0
Bell,B103,Magistrate,,,Over Votes,1,1,0,0,0
Bell,B103,Constable,,,David Lee COX,58,21,33,3,1
Bell,B103,Constable,,,Robert DANIELS,98,36,57,3,2
Bell,B103,Constable,,,Tyler LANKFORD,12,3,9,0,0
Bell,B103,Constable,,,Under Votes,6,3,1,2,0
Bell,B103,Constable,,,Over Votes,0,0,0,0,0
Bell,B103,U.S. Senate,,Democratic,Vincent Anthony THOMPSON,2,0,2,0,0
Bell,B103,U.S. Senate,,Democratic,Amy McGRATH,6,1,4,1,0
Bell,B103,U.S. Senate,,Democratic,Dale Lewis ROMANS,0,0,0,0,0
Bell,B103,U.S. Senate,,Democratic,Charles BOOKER,4,1,2,1,0
Bell,B103,U.S. Senate,,Democratic,Pamela STEVENSON,0,0,0,0,0
Bell,B103,U.S. Senate,,Democratic,Joshua BLANTON SR.,1,0,1,0,0
Bell,B103,U.S. Senate,,Democratic,Logan FORSYTHE,1,0,1,0,0
Bell,B104,U.S. Senate,,Republican,Daniel CAMERON,29,4,24,1,0
Bell,B104,U.S. Senate,,Republican,Jonathan M. HOLLIDAY,3,2,1,0,0
Bell,B104,U.S. Senate,,Republican,Andy BARR,105,22,75,4,4
Bell,B104,U.S. Senate,,Republican,"Valerie ""Dr Val"" FREDRICK",1,1,0,0,0
Bell,B104,U.S. Senate,,Republican,A. Nick SHELLEY,2,0,2,0,0
Bell,B104,U.S. Senate,,Republican,James D. DUNCAN,1,0,1,0,0
Bell,B104,U.S. Senate,,Republican,Michael James FARIS,1,0,1,0,0
Bell,B104,U.S. Senate,,Republican,Anissa CATLETT,1,1,0,0,0
Bell,B104,U.S. Senate,,Republican,Other Donald WENZEL,0,0,0,0,0
Bell,B104,U.S. Senate,,Republican,Jimmy I. LEON,1,0,1,0,0
Bell,B104,U.S. Senate,,Republican,George WASHINGTON,4,1,3,0,0
Bell,B104,U.S. Senate,,,Under Votes,20,3,15,2,0
Bell,B104,U.S. Senate,,,Over Votes,0,0,0,0,0
Bell,B104,Ballots Cast,,,,202,,,,
Bell,B104,U.S. House,5,Republican,Kevin SMITH,20,3,17,0,0
Bell,B104,U.S. House,5,Republican,Benjamin HURLEY,5,0,5,0,0
Bell,B104,U.S. House,5,Republican,Hal ROGERS,118,26,79,9,4
Bell,B104,U.S. House,5,Republican,Jerry Lee SHELTON,4,0,4,0,0
Bell,B104,U.S. House,5,Republican,Brandon R. MONHOLLEN,4,0,3,1,0
Bell,B104,U.S. House,5,,Under Votes,24,5,17,2,0
Bell,B104,U.S. House,5,,Over Votes,0,0,0,0,0
Bell,B104,Property Valuation Administrator,,,Blake Charles RAMEY,103,23,72,6,2
Bell,B104,Property Valuation Administrator,,,Ben BARNETT,66,10,49,5,2
Bell,B104,Property Valuation Administrator,,,Under Votes,6,1,4,1,0
Bell,B104,Property Valuation Administrator,,,Over Votes,0,0,0,0,0
Bell,B104,County Judge/Executive,,,Rick NELSON,142,31,101,7,3
Bell,B104,County Judge/Executive,,,"Al ""Albey"" BROCK",28,2,20,5,1
Bell,B104,County Judge/Executive,,,Under Votes,3,0,3,0,0
Bell,B104,County Judge/Executive,,,Over Votes,0,0,0,0,0
Bell,B104,Sheriff,,,"George ""Tooter"" HOWARD",112,26,78,5,3
Bell,B104,Sheriff,,,"Mitchell ""Mitch"" WILLIAMS",60,8,45,6,1
Bell,B104,Sheriff,,,Under Votes,3,0,2,1,0
Bell,B104,Sheriff,,,Over Votes,0,0,0,0,0
Bell,B104,Jailer,,,Barb VENABLE,48,7,34,7,0
Bell,B104,Jailer,,,Annie Jean NIERENGARTEN,39,9,25,3,2
Bell,B104,Jailer,,,"Tony ""Hobe"" TIGUE",11,2,8,0,1
Bell,B104,Jailer,,,"Derek ""Fuzz"" JONES",44,13,31,0,0
Bell,B104,Jailer,,,Josh COLLETT,25,2,21,1,1
Bell,B104,Jailer,,,Under Votes,8,1,6,1,0
Bell,B104,Jailer,,,Over Votes,0,0,0,0,0
Bell,B104,Coroner,,,Ethan WARREN,72,14,50,4,4
Bell,B104,Coroner,,,Jay STEELE,99,19,73,7,0
Bell,B104,Coroner,,,Under Votes,4,1,2,1,0
Bell,B104,Coroner,,,Over Votes,0,0,0,0,0
Bell,B104,Magistrate,,,Bruce HENDRICKSON,8,0,7,1,0
Bell,B104,Magistrate,,,Michael CALDWELL,8,2,6,0,0
Bell,B104,Magistrate,,,Joseph Arthur JORDAN,9,3,6,0,0
Bell,B104,Magistrate,,,Jeremy COLLETT,18,2,15,1,0
Bell,B104,Magistrate,,,Charles N. COLLETT,1,0,1,0,0
Bell,B104,Magistrate,,,James GRIFFIN,5,0,5,0,0
Bell,B104,Magistrate,,,Keith Allen COX,83,18,58,3,4
Bell,B104,Magistrate,,,Donny LEFEVERS,40,7,26,7,0
Bell,B104,Magistrate,,,Under Votes,3,2,1,0,0
Bell,B104,Magistrate,,,Over Votes,0,0,0,0,0
Bell,B104,Constable,,,David Lee COX,82,19,55,5,3
Bell,B104,Constable,,,Robert DANIELS,36,4,30,1,1
Bell,B104,Constable,,,Tyler LANKFORD,44,7,34,3,0
Bell,B104,Constable,,,Under Votes,13,4,6,3,0
Bell,B104,Constable,,,Over Votes,0,0,0,0,0
Bell,B104,U.S. Senate,,Democratic,Vincent Anthony THOMPSON,4,0,4,0,0
Bell,B104,U.S. Senate,,Democratic,Amy McGRATH,11,2,9,0,0
Bell,B104,U.S. Senate,,Democratic,Dale Lewis ROMANS,0,0,0,0,0
Bell,B104,U.S. Senate,,Democratic,Charles BOOKER,6,2,3,1,0
Bell,B104,U.S. Senate,,Democratic,Pamela STEVENSON,1,0,1,0,0
Bell,B104,U.S. Senate,,Democratic,Joshua BLANTON SR.,2,0,2,0,0
Bell,B104,U.S. Senate,,Democratic,Logan FORSYTHE,3,0,3,0,0
Bell,B105,U.S. Senate,,Republican,Daniel CAMERON,16,7,8,1,0
Bell,B105,U.S. Senate,,Republican,Jonathan M. HOLLIDAY,1,0,1,0,0
Bell,B105,U.S. Senate,,Republican,Andy BARR,69,19,43,6,1
Bell,B105,U.S. Senate,,Republican,"Valerie ""Dr Val"" FREDRICK",0,0,0,0,0
Bell,B105,U.S. Senate,,Republican,A. Nick SHELLEY,0,0,0,0,0
Bell,B105,U.S. Senate,,Republican,James D. DUNCAN,0,0,0,0,0
Bell,B105,U.S. Senate,,Republican,Michael James FARIS,0,0,0,0,0
Bell,B105,U.S. Senate,,Republican,Anissa CATLETT,1,1,0,0,0
Bell,B105,U.S. Senate,,Republican,Other Donald WENZEL,0,0,0,0,0
Bell,B105,U.S. Senate,,Republican,Jimmy I. LEON,0,0,0,0,0
Bell,B105,U.S. Senate,,Republican,George WASHINGTON,1,1,0,0,0
Bell,B105,U.S. Senate,,,Under Votes,8,0,8,0,0
Bell,B105,U.S. Senate,,,Over Votes,0,0,0,0,0
Bell,B105,Ballots Cast,,,,112,,,,
Bell,B105,U.S. House,5,Republican,Kevin SMITH,10,2,8,0,0
Bell,B105,U.S. House,5,Republican,Benjamin HURLEY,4,0,4,0,0
Bell,B105,U.S. House,5,Republican,Hal ROGERS,72,23,41,7,1
Bell,B105,U.S. House,5,Republican,Jerry Lee SHELTON,1,0,1,0,0
Bell,B105,U.S. House,5,Republican,Brandon R. MONHOLLEN,3,1,2,0,0
Bell,B105,U.S. House,5,,Under Votes,9,2,7,0,0
Bell,B105,U.S. House,5,,Over Votes,0,0,0,0,0
Bell,B105,Property Valuation Administrator,,,Blake Charles RAMEY,49,8,37,4,0
Bell,B105,Property Valuation Administrator,,,Ben BARNETT,50,20,26,3,1
Bell,B105,Property Valuation Administrator,,,Under Votes,0,0,0,0,0
Bell,B105,Property Valuation Administrator,,,Over Votes,0,0,0,0,0
Bell,B105,County Judge/Executive,,,Rick NELSON,56,12,38,5,1
Bell,B105,County Judge/Executive,,,"Al ""Albey"" BROCK",40,16,22,2,0
Bell,B105,County Judge/Executive,,,Under Votes,1,0,1,0,0
Bell,B105,County Judge/Executive,,,Over Votes,0,0,0,0,0
Bell,B105,Sheriff,,,"George ""Tooter"" HOWARD",50,9,36,4,1
Bell,B105,Sheriff,,,"Mitchell ""Mitch"" WILLIAMS",47,19,25,3,0
Bell,B105,Sheriff,,,Under Votes,2,0,2,0,0
Bell,B105,Sheriff,,,Over Votes,0,0,0,0,0
Bell,B105,Jailer,,,Barb VENABLE,27,14,9,3,1
Bell,B105,Jailer,,,Annie Jean NIERENGARTEN,4,0,4,0,0
Bell,B105,Jailer,,,"Tony ""Hobe"" TIGUE",17,4,11,2,0
Bell,B105,Jailer,,,"Derek ""Fuzz"" JONES",19,8,10,1,0
Bell,B105,Jailer,,,Josh COLLETT,29,2,26,1,0
Bell,B105,Jailer,,,Under Votes,3,0,3,0,0
Bell,B105,Jailer,,,Over Votes,0,0,0,0,0
Bell,B105,Coroner,,,Ethan WARREN,34,4,27,2,1
Bell,B105,Coroner,,,Jay STEELE,64,24,35,5,0
Bell,B105,Coroner,,,Under Votes,1,0,1,0,0
Bell,B105,Coroner,,,Over Votes,0,0,0,0,0
Bell,B105,Magistrate,,,Bruce HENDRICKSON,5,1,4,0,0
Bell,B105,Magistrate,,,Michael CALDWELL,0,0,0,0,0
Bell,B105,Magistrate,,,Joseph Arthur JORDAN,5,1,3,1,0
Bell,B105,Magistrate,,,Jeremy COLLETT,12,0,12,0,0
Bell,B105,Magistrate,,,Charles N. COLLETT,1,0,1,0,0
Bell,B105,Magistrate,,,James GRIFFIN,21,4,16,1,0
Bell,B105,Magistrate,,,Keith Allen COX,26,9,15,2,0
Bell,B105,Magistrate,,,Donny LEFEVERS,28,13,11,3,1
Bell,B105,Magistrate,,,Under Votes,1,0,1,0,0
Bell,B105,Magistrate,,,Over Votes,0,0,0,0,0
Bell,B105,Constable,,,David Lee COX,46,15,26,5,0
Bell,B105,Constable,,,Robert DANIELS,31,7,23,1,0
Bell,B105,Constable,,,Tyler LANKFORD,16,6,8,1,1
Bell,B105,Constable,,,Under Votes,6,0,6,0,0
Bell,B105,Constable,,,Over Votes,0,0,0,0,0
Bell,B105,U.S. Senate,,Democratic,Vincent Anthony THOMPSON,2,2,0,0,0
Bell,B105,U.S. Senate,,Democratic,Amy McGRATH,8,0,8,0,0
Bell,B105,U.S. Senate,,Democratic,Dale Lewis ROMANS,0,0,0,0,0
Bell,B105,U.S. Senate,,Democratic,Charles BOOKER,0,0,0,0,0
Bell,B105,U.S. Senate,,Democratic,Pamela STEVENSON,0,0,0,0,0
Bell,B105,U.S. Senate,,Democratic,Joshua BLANTON SR.,1,1,0,0,0
Bell,B105,U.S. Senate,,Democratic,Logan FORSYTHE,2,0,2,0,0
Bell,B106,U.S. Senate,,Republican,Daniel CAMERON,2,0,2,0,0
Bell,B106,U.S. Senate,,Republican,Jonathan M. HOLLIDAY,0,0,0,0,0
Bell,B106,U.S. Senate,,Republican,Andy BARR,7,2,3,2,0
Bell,B106,U.S. Senate,,Republican,"Valerie ""Dr Val"" FREDRICK",0,0,0,0,0
Bell,B106,U.S. Senate,,Republican,A. Nick SHELLEY,0,0,0,0,0
Bell,B106,U.S. Senate,,Republican,James D. DUNCAN,0,0,0,0,0
Bell,B106,U.S. Senate,,Republican,Michael James FARIS,1,0,1,0,0
Bell,B106,U.S. Senate,,Republican,Anissa CATLETT,0,0,0,0,0
Bell,B106,U.S. Senate,,Republican,Other Donald WENZEL,0,0,0,0,0
Bell,B106,U.S. Senate,,Republican,Jimmy I. LEON,0,0,0,0,0
Bell,B106,U.S. Senate,,Republican,George WASHINGTON,0,0,0,0,0
Bell,B106,U.S. Senate,,,Under Votes,0,0,0,0,0
Bell,B106,U.S. Senate,,,Over Votes,0,0,0,0,0
Bell,B106,Ballots Cast,,,,14,,,,
Bell,B106,U.S. House,5,Republican,Kevin SMITH,1,0,1,0,0
Bell,B106,U.S. House,5,Republican,Benjamin HURLEY,0,0,0,0,0
Bell,B106,U.S. House,5,Republican,Hal ROGERS,9,2,5,2,0
Bell,B106,U.S. House,5,Republican,Jerry Lee SHELTON,0,0,0,0,0
Bell,B106,U.S. House,5,Republican,Brandon R. MONHOLLEN,0,0,0,0,0
Bell,B106,U.S. House,5,,Under Votes,0,0,0,0,0
Bell,B106,U.S. House,5,,Over Votes,0,0,0,0,0
Bell,B106,Property Valuation Administrator,,,Blake Charles RAMEY,4,0,3,1,0
Bell,B106,Property Valuation Administrator,,,Ben BARNETT,6,2,3,1,0
Bell,B106,Property Valuation Administrator,,,Under Votes,0,0,0,0,0
Bell,B106,Property Valuation Administrator,,,Over Votes,0,0,0,0,0
Bell,B106,County Judge/Executive,,,Rick NELSON,7,2,4,1,0
Bell,B106,County Judge/Executive,,,"Al ""Albey"" BROCK",3,0,2,1,0
Bell,B106,County Judge/Executive,,,Under Votes,0,0,0,0,0
Bell,B106,County Judge/Executive,,,Over Votes,0,0,0,0,0
Bell,B106,Sheriff,,,"George ""Tooter"" HOWARD",4,1,2,1,0
Bell,B106,Sheriff,,,"Mitchell ""Mitch"" WILLIAMS",5,0,4,1,0
Bell,B106,Sheriff,,,Under Votes,1,1,0,0,0
Bell,B106,Sheriff,,,Over Votes,0,0,0,0,0
Bell,B106,Jailer,,,Barb VENABLE,3,0,1,2,0
Bell,B106,Jailer,,,Annie Jean NIERENGARTEN,1,0,1,0,0
Bell,B106,Jailer,,,"Tony ""Hobe"" TIGUE",2,2,0,0,0
Bell,B106,Jailer,,,"Derek ""Fuzz"" JONES",1,0,1,0,0
Bell,B106,Jailer,,,Josh COLLETT,3,0,3,0,0
Bell,B106,Jailer,,,Under Votes,0,0,0,0,0
Bell,B106,Jailer,,,Over Votes,0,0,0,0,0
Bell,B106,Coroner,,,Ethan WARREN,0,0,0,0,0
Bell,B106,Coroner,,,Jay STEELE,10,2,6,2,0
Bell,B106,Coroner,,,Under Votes,0,0,0,0,0
Bell,B106,Coroner,,,Over Votes,0,0,0,0,0
Bell,B106,Magistrate,,,Bruce HENDRICKSON,3,0,2,1,0
Bell,B106,Magistrate,,,Michael CALDWELL,0,0,0,0,0
Bell,B106,Magistrate,,,Joseph Arthur JORDAN,0,0,0,0,0
Bell,B106,Magistrate,,,Jeremy COLLETT,2,0,2,0,0
Bell,B106,Magistrate,,,Charles N. COLLETT,0,0,0,0,0
Bell,B106,Magistrate,,,James GRIFFIN,1,0,0,1,0
Bell,B106,Magistrate,,,Keith Allen COX,1,0,1,0,0
Bell,B106,Magistrate,,,Donny LEFEVERS,2,1,1,0,0
Bell,B106,Magistrate,,,Under Votes,1,1,0,0,0
Bell,B106,Magistrate,,,Over Votes,0,0,0,0,0
Bell,B106,Constable,,,David Lee COX,5,0,4,1,0
Bell,B106,Constable,,,Robert DANIELS,0,0,0,0,0
Bell,B106,Constable,,,Tyler LANKFORD,4,1,2,1,0
Bell,B106,Constable,,,Under Votes,1,1,0,0,0
Bell,B106,Constable,,,Over Votes,0,0,0,0,0
Bell,B106,U.S. Senate,,Democratic,Vincent Anthony THOMPSON,1,0,1,0,0
Bell,B106,U.S. Senate,,Democratic,Amy McGRATH,1,0,1,0,0
Bell,B106,U.S. Senate,,Democratic,Dale Lewis ROMANS,0,0,0,0,0
Bell,B106,U.S. Senate,,Democratic,Charles BOOKER,1,0,1,0,0
Bell,B106,U.S. Senate,,Democratic,Pamela STEVENSON,0,0,0,0,0
Bell,B106,U.S. Senate,,Democratic,Joshua BLANTON SR.,1,0,1,0,0
Bell,B106,U.S. Senate,,Democratic,Logan FORSYTHE,0,0,0,0,0
Bell,B107,U.S. Senate,,Republican,Daniel CAMERON,62,14,42,3,3
Bell,B107,U.S. Senate,,Republican,Jonathan M. HOLLIDAY,0,0,0,0,0
Bell,B107,U.S. Senate,,Republican,Andy BARR,219,56,136,27,0
Bell,B107,U.S. Senate,,Republican,"Valerie ""Dr Val"" FREDRICK",4,0,2,2,0
Bell,B107,U.S. Senate,,Republican,A. Nick SHELLEY,0,0,0,0,0
Bell,B107,U.S. Senate,,Republican,James D. DUNCAN,0,0,0,0,0
Bell,B107,U.S. Senate,,Republican,Michael James FARIS,4,0,4,0,0
Bell,B107,U.S. Senate,,Republican,Anissa CATLETT,1,0,0,1,0
Bell,B107,U.S. Senate,,Republican,Other Donald WENZEL,1,0,0,0,1
Bell,B107,U.S. Senate,,Republican,Jimmy I. LEON,0,0,0,0,0
Bell,B107,U.S. Senate,,Republican,George WASHINGTON,9,1,7,1,0
Bell,B107,U.S. Senate,,,Under Votes,20,3,13,4,0
Bell,B107,U.S. Senate,,,Over Votes,0,0,0,0,0
Bell,B107,Ballots Cast,,,,353,,,,
Bell,B107,U.S. House,5,Republican,Kevin SMITH,34,4,27,3,0
Bell,B107,U.S. House,5,Republican,Benjamin HURLEY,4,0,4,0,0
Bell,B107,U.S. House,5,Republican,Hal ROGERS,259,68,158,29,4
Bell,B107,U.S. House,5,Republican,Jerry Lee SHELTON,6,0,5,1,0
Bell,B107,U.S. House,5,Republican,Brandon R. MONHOLLEN,11,0,10,1,0
Bell,B107,U.S. House,5,,Under Votes,23,3,16,4,0
Bell,B107,U.S. House,5,,Over Votes,0,0,0,0,0
Bell,B107,Property Valuation Administrator,,,Blake Charles RAMEY,207,48,137,18,4
Bell,B107,Property Valuation Administrator,,,Ben BARNETT,119,26,75,18,0
Bell,B107,Property Valuation Administrator,,,Under Votes,11,1,8,2,0
Bell,B107,Property Valuation Administrator,,,Over Votes,0,0,0,0,0
Bell,B107,County Judge/Executive,,,Rick NELSON,164,40,110,12,2
Bell,B107,County Judge/Executive,,,"Al ""Albey"" BROCK",163,34,101,26,2
Bell,B107,County Judge/Executive,,,Under Votes,5,1,4,0,0
Bell,B107,County Judge/Executive,,,Over Votes,0,0,0,0,0
Bell,B107,Sheriff,,,"George ""Tooter"" HOWARD",160,42,106,9,3
Bell,B107,Sheriff,,,"Mitchell ""Mitch"" WILLIAMS",170,32,108,29,1
Bell,B107,Sheriff,,,Under Votes,7,1,6,0,0
Bell,B107,Sheriff,,,Over Votes,0,0,0,0,0
Bell,B107,Jailer,,,Barb VENABLE,77,24,38,12,3
Bell,B107,Jailer,,,Annie Jean NIERENGARTEN,31,7,24,0,0
Bell,B107,Jailer,,,"Tony ""Hobe"" TIGUE",27,3,22,2,0
Bell,B107,Jailer,,,"Derek ""Fuzz"" JONES",55,18,27,10,0
Bell,B107,Jailer,,,Josh COLLETT,137,22,102,12,1
Bell,B107,Jailer,,,Under Votes,10,1,7,2,0
Bell,B107,Jailer,,,Over Votes,0,0,0,0,0
Bell,B107,Coroner,,,Ethan WARREN,120,31,76,12,1
Bell,B107,Coroner,,,Jay STEELE,209,43,139,24,3
Bell,B107,Coroner,,,Under Votes,8,1,5,2,0
Bell,B107,Coroner,,,Over Votes,0,0,0,0,0
Bell,B107,Magistrate,,,Bruce HENDRICKSON,2,0,1,1,0
Bell,B107,Magistrate,,,Michael CALDWELL,10,2,8,0,0
Bell,B107,Magistrate,,,Joseph Arthur JORDAN,3,0,3,0,0
Bell,B107,Magistrate,,,Jeremy COLLETT,79,17,61,1,0
Bell,B107,Magistrate,,,Charles N. COLLETT,15,2,13,0,0
Bell,B107,Magistrate,,,James GRIFFIN,7,3,4,0,0
Bell,B107,Magistrate,,,Keith Allen COX,60,15,40,2,3
Bell,B107,Magistrate,,,Donny LEFEVERS,158,36,87,34,1
Bell,B107,Magistrate,,,Under Votes,3,0,3,0,0
Bell,B107,Magistrate,,,Over Votes,0,0,0,0,0
Bell,B107,Constable,,,David Lee COX,143,30,94,16,3
Bell,B107,Constable,,,Robert DANIELS,64,14,44,5,1
Bell,B107,Constable,,,Tyler LANKFORD,100,23,63,14,0
Bell,B107,Constable,,,Under Votes,30,8,19,3,0
Bell,B107,Constable,,,Over Votes,0,0,0,0,0
Bell,B107,U.S. Senate,,Democratic,Vincent Anthony THOMPSON,1,0,1,0,0
Bell,B107,U.S. Senate,,Democratic,Amy McGRATH,5,1,4,0,0
Bell,B107,U.S. Senate,,Democratic,Dale Lewis ROMANS,0,0,0,0,0
Bell,B107,U.S. Senate,,Democratic,Charles BOOKER,5,1,3,1,0
Bell,B107,U.S. Senate,,Democratic,Pamela STEVENSON,3,0,3,0,0
Bell,B107,U.S. Senate,,Democratic,Joshua BLANTON SR.,1,0,1,0,0
Bell,B107,U.S. Senate,,Democratic,Logan FORSYTHE,1,1,0,0,0
Bell,B108,U.S. Senate,,Republican,Daniel CAMERON,21,5,11,2,3
Bell,B108,U.S. Senate,,Republican,Jonathan M. HOLLIDAY,0,0,0,0,0
Bell,B108,U.S. Senate,,Republican,Andy BARR,74,26,40,8,0
Bell,B108,U.S. Senate,,Republican,"Valerie ""Dr Val"" FREDRICK",1,1,0,0,0
Bell,B108,U.S. Senate,,Republican,A. Nick SHELLEY,0,0,0,0,0
Bell,B108,U.S. Senate,,Republican,James D. DUNCAN,0,0,0,0,0
Bell,B108,U.S. Senate,,Republican,Michael James FARIS,1,1,0,0,0
Bell,B108,U.S. Senate,,Republican,Anissa CATLETT,0,0,0,0,0
Bell,B108,U.S. Senate,,Republican,Other Donald WENZEL,0,0,0,0,0
Bell,B108,U.S. Senate,,Republican,Jimmy I. LEON,0,0,0,0,0
Bell,B108,U.S. Senate,,Republican,George WASHINGTON,6,1,5,0,0
Bell,B108,U.S. Senate,,,Under Votes,12,3,8,1,0
Bell,B108,U.S. Senate,,,Over Votes,0,0,0,0,0
Bell,B108,Ballots Cast,,,,145,,,,
Bell,B108,U.S. House,5,Republican,Kevin SMITH,10,1,9,0,0
Bell,B108,U.S. House,5,Republican,Benjamin HURLEY,3,0,1,2,0
Bell,B108,U.S. House,5,Republican,Hal ROGERS,88,28,47,10,3
Bell,B108,U.S. House,5,Republican,Jerry Lee SHELTON,1,1,0,0,0
Bell,B108,U.S. House,5,Republican,Brandon R. MONHOLLEN,3,1,2,0,0
Bell,B108,U.S. House,5,,Under Votes,15,6,8,1,0
Bell,B108,U.S. House,5,,Over Votes,0,0,0,0,0
Bell,B108,Property Valuation Administrator,,,Blake Charles RAMEY,70,24,39,6,1
Bell,B108,Property Valuation Administrator,,,Ben BARNETT,44,12,26,4,2
Bell,B108,Property Valuation Administrator,,,Under Votes,6,1,2,3,0
Bell,B108,Property Valuation Administrator,,,Over Votes,0,0,0,0,0
Bell,B108,County Judge/Executive,,,Rick NELSON,75,21,46,6,2
Bell,B108,County Judge/Executive,,,"Al ""Albey"" BROCK",36,12,17,6,1
Bell,B108,County Judge/Executive,,,Under Votes,4,1,2,1,0
Bell,B108,County Judge/Executive,,,Over Votes,0,0,0,0,0
Bell,B108,Sheriff,,,"George ""Tooter"" HOWARD",59,18,37,3,1
Bell,B108,Sheriff,,,"Mitchell ""Mitch"" WILLIAMS",56,17,27,10,2
Bell,B108,Sheriff,,,Under Votes,5,2,3,0,0
Bell,B108,Sheriff,,,Over Votes,0,0,0,0,0
Bell,B108,Jailer,,,Barb VENABLE,20,6,13,1,0
Bell,B108,Jailer,,,Annie Jean NIERENGARTEN,21,5,9,6,1
Bell,B108,Jailer,,,"Tony ""Hobe"" TIGUE",22,5,16,1,0
Bell,B108,Jailer,,,"Derek ""Fuzz"" JONES",16,4,10,2,0
Bell,B108,Jailer,,,Josh COLLETT,38,15,18,3,2
Bell,B108,Jailer,,,Under Votes,3,2,1,0,0
Bell,B108,Jailer,,,Over Votes,0,0,0,0,0
Bell,B108,Coroner,,,Ethan WARREN,49,16,25,8,0
Bell,B108,Coroner,,,Jay STEELE,69,20,41,5,3
Bell,B108,Coroner,,,Under Votes,2,1,1,0,0
Bell,B108,Coroner,,,Over Votes,0,0,0,0,0
Bell,B108,Magistrate,,,Bruce HENDRICKSON,2,0,2,0,0
Bell,B108,Magistrate,,,Michael CALDWELL,3,1,0,2,0
Bell,B108,Magistrate,,,Joseph Arthur JORDAN,7,3,4,0,0
Bell,B108,Magistrate,,,Jeremy COLLETT,24,9,14,1,0
Bell,B108,Magistrate,,,Charles N. COLLETT,2,1,1,0,0
Bell,B108,Magistrate,,,James GRIFFIN,10,1,9,0,0
Bell,B108,Magistrate,,,Keith Allen COX,34,6,22,4,2
Bell,B108,Magistrate,,,Donny LEFEVERS,36,15,14,6,1
Bell,B108,Magistrate,,,Under Votes,2,1,1,0,0
Bell,B108,Magistrate,,,Over Votes,0,0,0,0,0
Bell,B108,Constable,,,David Lee COX,59,19,34,3,3
Bell,B108,Constable,,,Robert DANIELS,21,8,10,3,0
Bell,B108,Constable,,,Tyler LANKFORD,29,7,17,5,0
Bell,B108,Constable,,,Under Votes,11,3,6,2,0
Bell,B108,Constable,,,Over Votes,0,0,0,0,0
Bell,B108,U.S. Senate,,Democratic,Vincent Anthony THOMPSON,3,0,2,1,0
Bell,B108,U.S. Senate,,Democratic,Amy McGRATH,12,1,11,0,0
Bell,B108,U.S. Senate,,Democratic,Dale Lewis ROMANS,1,1,0,0,0
Bell,B108,U.S. Senate,,Democratic,Charles BOOKER,5,1,4,0,0
Bell,B108,U.S. Senate,,Democratic,Pamela STEVENSON,1,0,1,0,0
Bell,B108,U.S. Senate,,Democratic,Joshua BLANTON SR.,1,0,1,0,0
Bell,B108,U.S. Senate,,Democratic,Logan FORSYTHE,2,0,1,0,1
Bell,B109,U.S. Senate,,Republican,Daniel CAMERON,34,4,28,1,1
Bell,B109,U.S. Senate,,Republican,Jonathan M. HOLLIDAY,1,0,1,0,0
Bell,B109,U.S. Senate,,Republican,Andy BARR,132,28,99,5,0
Bell,B109,U.S. Senate,,Republican,"Valerie ""Dr Val"" FREDRICK",0,0,0,0,0
Bell,B109,U.S. Senate,,Republican,A. Nick SHELLEY,0,0,0,0,0
Bell,B109,U.S. Senate,,Republican,James D. DUNCAN,3,0,1,2,0
Bell,B109,U.S. Senate,,Republican,Michael James FARIS,1,1,0,0,0
Bell,B109,U.S. Senate,,Republican,Anissa CATLETT,0,0,0,0,0
Bell,B109,U.S. Senate,,Republican,Other Donald WENZEL,2,0,2,0,0
Bell,B109,U.S. Senate,,Republican,Jimmy I. LEON,0,0,0,0,0
Bell,B109,U.S. Senate,,Republican,George WASHINGTON,7,1,4,2,0
Bell,B109,U.S. Senate,,,Under Votes,14,5,9,0,0
Bell,B109,U.S. Senate,,,Over Votes,0,0,0,0,0
Bell,B109,Ballots Cast,,,,229,,,,
Bell,B109,U.S. House,5,Republican,Kevin SMITH,17,2,15,0,0
Bell,B109,U.S. House,5,Republican,Benjamin HURLEY,5,2,3,0,0
Bell,B109,U.S. House,5,Republican,Hal ROGERS,152,35,110,6,1
Bell,B109,U.S. House,5,Republican,Jerry Lee SHELTON,3,0,3,0,0
Bell,B109,U.S. House,5,Republican,Brandon R. MONHOLLEN,13,0,9,4,0
Bell,B109,U.S. House,5,,Under Votes,17,5,12,0,0
Bell,B109,U.S. House,5,,Over Votes,0,0,0,0,0
Bell,B109,Property Valuation Administrator,,,Blake Charles RAMEY,153,31,113,9,0
Bell,B109,Property Valuation Administrator,,,Ben BARNETT,45,13,31,0,1
Bell,B109,Property Valuation Administrator,,,Under Votes,9,0,8,1,0
Bell,B109,Property Valuation Administrator,,,Over Votes,0,0,0,0,0
Bell,B109,County Judge/Executive,,,Rick NELSON,164,34,120,9,1
Bell,B109,County Judge/Executive,,,"Al ""Albey"" BROCK",41,9,31,1,0
Bell,B109,County Judge/Executive,,,Under Votes,2,1,1,0,0
Bell,B109,County Judge/Executive,,,Over Votes,0,0,0,0,0
Bell,B109,Sheriff,,,"George ""Tooter"" HOWARD",105,17,83,4,1
Bell,B109,Sheriff,,,"Mitchell ""Mitch"" WILLIAMS",97,26,65,6,0
Bell,B109,Sheriff,,,Under Votes,5,1,4,0,0
Bell,B109,Sheriff,,,Over Votes,0,0,0,0,0
Bell,B109,Jailer,,,Barb VENABLE,51,8,40,3,0
Bell,B109,Jailer,,,Annie Jean NIERENGARTEN,51,9,39,2,1
Bell,B109,Jailer,,,"Tony ""Hobe"" TIGUE",17,8,9,0,0
Bell,B109,Jailer,,,"Derek ""Fuzz"" JONES",40,10,30,0,0
Bell,B109,Jailer,,,Josh COLLETT,43,7,31,5,0
Bell,B109,Jailer,,,Under Votes,5,2,3,0,0
Bell,B109,Jailer,,,Over Votes,0,0,0,0,0
Bell,B109,Coroner,,,Ethan WARREN,102,27,70,4,1
Bell,B109,Coroner,,,Jay STEELE,101,16,79,6,0
Bell,B109,Coroner,,,Under Votes,4,1,3,0,0
Bell,B109,Coroner,,,Over Votes,0,0,0,0,0
Bell,B109,Magistrate,,,Bruce HENDRICKSON,13,5,8,0,0
Bell,B109,Magistrate,,,Michael CALDWELL,0,0,0,0,0
Bell,B109,Magistrate,,,Joseph Arthur JORDAN,8,2,5,1,0
Bell,B109,Magistrate,,,Jeremy COLLETT,52,9,42,1,0
Bell,B109,Magistrate,,,Charles N. COLLETT,3,0,3,0,0
Bell,B109,Magistrate,,,James GRIFFIN,23,3,20,0,0
Bell,B109,Magistrate,,,Keith Allen COX,18,3,13,2,0
Bell,B109,Magistrate,,,Donny LEFEVERS,86,21,58,6,1
Bell,B109,Magistrate,,,Under Votes,4,1,3,0,0
Bell,B109,Magistrate,,,Over Votes,0,0,0,0,0
Bell,B109,Constable,,,David Lee COX,60,14,44,2,0
Bell,B109,Constable,,,Robert DANIELS,67,10,55,1,1
Bell,B109,Constable,,,Tyler LANKFORD,65,15,45,5,0
Bell,B109,Constable,,,Under Votes,15,5,8,2,0
Bell,B109,Constable,,,Over Votes,0,0,0,0,0
Bell,B109,U.S. Senate,,Democratic,Vincent Anthony THOMPSON,0,0,0,0,0
Bell,B109,U.S. Senate,,Democratic,Amy McGRATH,10,1,9,0,0
Bell,B109,U.S. Senate,,Democratic,Dale Lewis ROMANS,0,0,0,0,0
Bell,B109,U.S. Senate,,Democratic,Charles BOOKER,6,2,3,1,0
Bell,B109,U.S. Senate,,Democratic,Pamela STEVENSON,0,0,0,0,0
Bell,B109,U.S. Senate,,Democratic,Joshua BLANTON SR.,2,0,2,0,0
Bell,B109,U.S. Senate,,Democratic,Logan FORSYTHE,4,3,1,0,0
Bell,C101,U.S. Senate,,Republican,Daniel CAMERON,20,5,15,0,0
Bell,C101,U.S. Senate,,Republican,Jonathan M. HOLLIDAY,0,0,0,0,0
Bell,C101,U.S. Senate,,Republican,Andy BARR,72,12,52,6,2
Bell,C101,U.S. Senate,,Republican,"Valerie ""Dr Val"" FREDRICK",1,1,0,0,0
Bell,C101,U.S. Senate,,Republican,A. Nick SHELLEY,0,0,0,0,0
Bell,C101,U.S. Senate,,Republican,James D. DUNCAN,1,0,1,0,0
Bell,C101,U.S. Senate,,Republican,Michael James FARIS,0,0,0,0,0
Bell,C101,U.S. Senate,,Republican,Anissa CATLETT,0,0,0,0,0
Bell,C101,U.S. Senate,,Republican,Other Donald WENZEL,0,0,0,0,0
Bell,C101,U.S. Senate,,Republican,Jimmy I. LEON,0,0,0,0,0
Bell,C101,U.S. Senate,,Republican,George WASHINGTON,5,1,4,0,0
Bell,C101,U.S. Senate,,,Under Votes,18,5,12,1,0
Bell,C101,U.S. Senate,,,Over Votes,0,0,0,0,0
Bell,C101,Ballots Cast,,,,153,,,,
Bell,C101,U.S. House,5,Republican,Kevin SMITH,8,3,4,1,0
Bell,C101,U.S. House,5,Republican,Benjamin HURLEY,2,0,2,0,0
Bell,C101,U.S. House,5,Republican,Hal ROGERS,94,17,70,5,2
Bell,C101,U.S. House,5,Republican,Jerry Lee SHELTON,2,0,2,0,0
Bell,C101,U.S. House,5,Republican,Brandon R. MONHOLLEN,0,0,0,0,0
Bell,C101,U.S. House,5,,Under Votes,10,4,5,1,0
Bell,C101,U.S. House,5,,Over Votes,0,0,0,0,0
Bell,C101,Property Valuation Administrator,,,Blake Charles RAMEY,45,6,35,2,2
Bell,C101,Property Valuation Administrator,,,Ben BARNETT,64,16,43,5,0
Bell,C101,Property Valuation Administrator,,,Under Votes,7,2,5,0,0
Bell,C101,Property Valuation Administrator,,,Over Votes,0,0,0,0,0
Bell,C101,County Judge/Executive,,,Rick NELSON,68,12,53,3,0
Bell,C101,County Judge/Executive,,,"Al ""Albey"" BROCK",43,10,27,4,2
Bell,C101,County Judge/Executive,,,Under Votes,3,2,1,0,0
Bell,C101,County Judge/Executive,,,Over Votes,0,0,0,0,0
Bell,C101,Sheriff,,,"George ""Tooter"" HOWARD",34,3,30,1,0
Bell,C101,Sheriff,,,"Mitchell ""Mitch"" WILLIAMS",75,18,49,6,2
Bell,C101,Sheriff,,,Under Votes,7,3,4,0,0
Bell,C101,Sheriff,,,Over Votes,0,0,0,0,0
Bell,C101,Jailer,,,Barb VENABLE,50,11,33,5,1
Bell,C101,Jailer,,,Annie Jean NIERENGARTEN,17,4,11,2,0
Bell,C101,Jailer,,,"Tony ""Hobe"" TIGUE",1,0,1,0,0
Bell,C101,Jailer,,,"Derek ""Fuzz"" JONES",9,4,5,0,0
Bell,C101,Jailer,,,Josh COLLETT,35,3,31,0,1
Bell,C101,Jailer,,,Under Votes,4,2,2,0,0
Bell,C101,Jailer,,,Over Votes,0,0,0,0,0
Bell,C101,Coroner,,,Ethan WARREN,58,10,46,1,1
Bell,C101,Coroner,,,Jay STEELE,52,11,34,6,1
Bell,C101,Coroner,,,Under Votes,6,3,3,0,0
Bell,C101,Coroner,,,Over Votes,0,0,0,0,0
Bell,C101,Magistrate,,,Ben HATFIELD,18,2,14,0,2
Bell,C101,Magistrate,,,"Larry ""Apple"" ADKINS",51,14,36,1,0
Bell,C101,Magistrate,,,Nicklaus Alan SHOFFNER,42,5,31,6,0
Bell,C101,Magistrate,,,Under Votes,5,3,2,0,0
Bell,C101,Magistrate,,,Over Votes,0,0,0,0,0
Bell,C101,U.S. Senate,,Democratic,Vincent Anthony THOMPSON,3,0,3,0,0
Bell,C101,U.S. Senate,,Democratic,Amy McGRATH,13,3,8,2,0
Bell,C101,U.S. Senate,,Democratic,Dale Lewis ROMANS,0,0,0,0,0
Bell,C101,U.S. Senate,,Democratic,Charles BOOKER,9,3,6,0,0
Bell,C101,U.S. Senate,,Democratic,Pamela STEVENSON,1,0,1,0,0
Bell,C101,U.S. Senate,,Democratic,Joshua BLANTON SR.,1,0,0,0,1
Bell,C101,U.S. Senate,,Democratic,Logan FORSYTHE,0,0,0,0,0
Bell,C101,Mayor City of Middlesboro,,,Boone L. BOWLING,98,23,68,5,2
Bell,C101,Mayor City of Middlesboro,,,Travis MOODY,19,2,17,0,0
Bell,C101,Mayor City of Middlesboro,,,Michael ORR,32,5,21,5,1
Bell,C101,Mayor City of Middlesboro,,,Under Votes,4,2,2,0,0
Bell,C101,Mayor City of Middlesboro,,,Over Votes,0,0,0,0,0
Bell,C102,U.S. Senate,,Republican,Daniel CAMERON,38,16,20,1,1
Bell,C102,U.S. Senate,,Republican,Jonathan M. HOLLIDAY,1,1,0,0,0
Bell,C102,U.S. Senate,,Republican,Andy BARR,90,25,59,2,4
Bell,C102,U.S. Senate,,Republican,"Valerie ""Dr Val"" FREDRICK",1,0,1,0,0
Bell,C102,U.S. Senate,,Republican,A. Nick SHELLEY,0,0,0,0,0
Bell,C102,U.S. Senate,,Republican,James D. DUNCAN,2,0,1,1,0
Bell,C102,U.S. Senate,,Republican,Michael James FARIS,1,1,0,0,0
Bell,C102,U.S. Senate,,Republican,Anissa CATLETT,0,0,0,0,0
Bell,C102,U.S. Senate,,Republican,Other Donald WENZEL,0,0,0,0,0
Bell,C102,U.S. Senate,,Republican,Jimmy I. LEON,0,0,0,0,0
Bell,C102,U.S. Senate,,Republican,George WASHINGTON,1,1,0,0,0
Bell,C102,U.S. Senate,,,Under Votes,15,2,12,1,0
Bell,C102,U.S. Senate,,,Over Votes,0,0,0,0,0
Bell,C102,Ballots Cast,,,,189,,,,
Bell,C102,U.S. House,5,Republican,Kevin SMITH,28,9,18,1,0
Bell,C102,U.S. House,5,Republican,Benjamin HURLEY,3,0,2,1,0
Bell,C102,U.S. House,5,Republican,Hal ROGERS,103,36,60,2,5
Bell,C102,U.S. House,5,Republican,Jerry Lee SHELTON,1,1,0,0,0
Bell,C102,U.S. House,5,Republican,Brandon R. MONHOLLEN,2,1,1,0,0
Bell,C102,U.S. House,5,,Under Votes,14,3,10,1,0
Bell,C102,U.S. House,5,,Over Votes,0,0,0,0,0
Bell,C102,Property Valuation Administrator,,,Blake Charles RAMEY,66,25,38,1,2
Bell,C102,Property Valuation Administrator,,,Ben BARNETT,76,25,44,4,3
Bell,C102,Property Valuation Administrator,,,Under Votes,9,0,9,0,0
Bell,C102,Property Valuation Administrator,,,Over Votes,0,0,0,0,0
Bell,C102,County Judge/Executive,,,Rick NELSON,91,31,57,2,1
Bell,C102,County Judge/Executive,,,"Al ""Albey"" BROCK",52,14,32,2,4
Bell,C102,County Judge/Executive,,,Under Votes,4,2,2,0,0
Bell,C102,County Judge/Executive,,,Over Votes,0,0,0,0,0
Bell,C102,Sheriff,,,"George ""Tooter"" HOWARD",46,21,24,1,0
Bell,C102,Sheriff,,,"Mitchell ""Mitch"" WILLIAMS",101,28,64,4,5
Bell,C102,Sheriff,,,Under Votes,4,1,3,0,0
Bell,C102,Sheriff,,,Over Votes,0,0,0,0,0
Bell,C102,Jailer,,,Barb VENABLE,73,26,43,0,4
Bell,C102,Jailer,,,Annie Jean NIERENGARTEN,12,4,8,0,0
Bell,C102,Jailer,,,"Tony ""Hobe"" TIGUE",2,0,1,1,0
Bell,C102,Jailer,,,"Derek ""Fuzz"" JONES",7,3,3,1,0
Bell,C102,Jailer,,,Josh COLLETT,48,15,29,3,1
Bell,C102,Jailer,,,Under Votes,9,2,7,0,0
Bell,C102,Jailer,,,Over Votes,0,0,0,0,0
Bell,C102,Coroner,,,Ethan WARREN,69,22,40,3,4
Bell,C102,Coroner,,,Jay STEELE,75,26,46,2,1
Bell,C102,Coroner,,,Under Votes,7,2,5,0,0
Bell,C102,Coroner,,,Over Votes,0,0,0,0,0
Bell,C102,Magistrate,,,Ben HATFIELD,23,8,14,1,0
Bell,C102,Magistrate,,,"Larry ""Apple"" ADKINS",64,26,37,1,0
Bell,C102,Magistrate,,,Nicklaus Alan SHOFFNER,61,15,38,3,5
Bell,C102,Magistrate,,,Under Votes,3,1,2,0,0
Bell,C102,Magistrate,,,Over Votes,0,0,0,0,0
Bell,C102,U.S. Senate,,Democratic,Vincent Anthony THOMPSON,0,0,0,0,0
Bell,C102,U.S. Senate,,Democratic,Amy McGRATH,16,6,9,1,0
Bell,C102,U.S. Senate,,Democratic,Dale Lewis ROMANS,0,0,0,0,0
Bell,C102,U.S. Senate,,Democratic,Charles BOOKER,15,7,8,0,0
Bell,C102,U.S. Senate,,Democratic,Pamela STEVENSON,0,0,0,0,0
Bell,C102,U.S. Senate,,Democratic,Joshua BLANTON SR.,0,0,0,0,0
Bell,C102,U.S. Senate,,Democratic,Logan FORSYTHE,0,0,0,0,0
Bell,C102,Mayor City of Middlesboro,,,Boone L. BOWLING,136,42,84,5,5
Bell,C102,Mayor City of Middlesboro,,,Travis MOODY,22,11,9,2,0
Bell,C102,Mayor City of Middlesboro,,,Michael ORR,28,9,19,0,0
Bell,C102,Mayor City of Middlesboro,,,Under Votes,3,1,2,0,0
Bell,C102,Mayor City of Middlesboro,,,Over Votes,0,0,0,0,0
Bell,C103,U.S. Senate,,Republican,Daniel CAMERON,30,7,22,1,0
Bell,C103,U.S. Senate,,Republican,Jonathan M. HOLLIDAY,5,2,1,2,0
Bell,C103,U.S. Senate,,Republican,Andy BARR,73,14,53,3,3
Bell,C103,U.S. Senate,,Republican,"Valerie ""Dr Val"" FREDRICK",2,1,1,0,0
Bell,C103,U.S. Senate,,Republican,A. Nick SHELLEY,1,1,0,0,0
Bell,C103,U.S. Senate,,Republican,James D. DUNCAN,1,0,1,0,0
Bell,C103,U.S. Senate,,Republican,Michael James FARIS,1,0,1,0,0
Bell,C103,U.S. Senate,,Republican,Anissa CATLETT,1,0,1,0,0
Bell,C103,U.S. Senate,,Republican,Other Donald WENZEL,0,0,0,0,0
Bell,C103,U.S. Senate,,Republican,Jimmy I. LEON,0,0,0,0,0
Bell,C103,U.S. Senate,,Republican,George WASHINGTON,6,3,1,2,0
Bell,C103,U.S. Senate,,,Under Votes,10,2,5,3,0
Bell,C103,U.S. Senate,,,Over Votes,0,0,0,0,0
Bell,C103,Ballots Cast,,,,178,,,,
Bell,C103,U.S. House,5,Republican,Kevin SMITH,9,2,5,2,0
Bell,C103,U.S. House,5,Republican,Benjamin HURLEY,11,3,8,0,0
Bell,C103,U.S. House,5,Republican,Hal ROGERS,100,23,66,7,4
Bell,C103,U.S. House,5,Republican,Jerry Lee SHELTON,2,0,2,0,0
Bell,C103,U.S. House,5,Republican,Brandon R. MONHOLLEN,5,1,4,0,0
Bell,C103,U.S. House,5,,Under Votes,6,2,4,0,0
Bell,C103,U.S. House,5,,Over Votes,0,0,0,0,0
Bell,C103,Property Valuation Administrator,,,Blake Charles RAMEY,67,20,43,3,1
Bell,C103,Property Valuation Administrator,,,Ben BARNETT,65,10,46,6,3
Bell,C103,Property Valuation Administrator,,,Under Votes,1,1,0,0,0
Bell,C103,Property Valuation Administrator,,,Over Votes,0,0,0,0,0
Bell,C103,County Judge/Executive,,,Rick NELSON,88,15,65,5,3
Bell,C103,County Judge/Executive,,,"Al ""Albey"" BROCK",39,15,20,3,1
Bell,C103,County Judge/Executive,,,Under Votes,2,0,2,0,0
Bell,C103,County Judge/Executive,,,Over Votes,0,0,0,0,0
Bell,C103,Sheriff,,,"George ""Tooter"" HOWARD",52,10,41,1,0
Bell,C103,Sheriff,,,"Mitchell ""Mitch"" WILLIAMS",78,20,46,8,4
Bell,C103,Sheriff,,,Under Votes,3,1,2,0,0
Bell,C103,Sheriff,,,Over Votes,0,0,0,0,0
Bell,C103,Jailer,,,Barb VENABLE,42,10,24,5,3
Bell,C103,Jailer,,,Annie Jean NIERENGARTEN,12,1,11,0,0
Bell,C103,Jailer,,,"Tony ""Hobe"" TIGUE",10,2,5,2,1
Bell,C103,Jailer,,,"Derek ""Fuzz"" JONES",10,4,6,0,0
Bell,C103,Jailer,,,Josh COLLETT,56,14,40,2,0
Bell,C103,Jailer,,,Under Votes,3,0,3,0,0
Bell,C103,Jailer,,,Over Votes,0,0,0,0,0
Bell,C103,Coroner,,,Ethan WARREN,80,18,58,1,3
Bell,C103,Coroner,,,Jay STEELE,51,13,29,8,1
Bell,C103,Coroner,,,Under Votes,2,0,2,0,0
Bell,C103,Coroner,,,Over Votes,0,0,0,0,0
Bell,C103,Magistrate,,,Ben HATFIELD,34,9,25,0,0
Bell,C103,Magistrate,,,"Larry ""Apple"" ADKINS",55,13,33,5,4
Bell,C103,Magistrate,,,Nicklaus Alan SHOFFNER,43,9,30,4,0
Bell,C103,Magistrate,,,Under Votes,1,0,1,0,0
Bell,C103,Magistrate,,,Over Votes,0,0,0,0,0
Bell,C103,U.S. Senate,,Democratic,Vincent Anthony THOMPSON,7,0,4,3,0
Bell,C103,U.S. Senate,,Democratic,Amy McGRATH,19,2,14,2,1
Bell,C103,U.S. Senate,,Democratic,Dale Lewis ROMANS,0,0,0,0,0
Bell,C103,U.S. Senate,,Democratic,Charles BOOKER,6,0,6,0,0
Bell,C103,U.S. Senate,,Democratic,Pamela STEVENSON,3,0,1,2,0
Bell,C103,U.S. Senate,,Democratic,Joshua BLANTON SR.,0,0,0,0,0
Bell,C103,U.S. Senate,,Democratic,Logan FORSYTHE,0,0,0,0,0
Bell,C103,Mayor City of Middlesboro,,,Boone L. BOWLING,116,27,72,14,3
Bell,C103,Mayor City of Middlesboro,,,Travis MOODY,21,4,14,2,1
Bell,C103,Mayor City of Middlesboro,,,Michael ORR,39,4,31,3,1
Bell,C103,Mayor City of Middlesboro,,,Under Votes,2,0,2,0,0
Bell,C103,Mayor City of Middlesboro,,,Over Votes,0,0,0,0,0
Bell,C104,U.S. Senate,,Republican,Daniel CAMERON,22,8,13,1,0
Bell,C104,U.S. Senate,,Republican,Jonathan M. HOLLIDAY,1,0,1,0,0
Bell,C104,U.S. Senate,,Republican,Andy BARR,90,27,56,2,5
Bell,C104,U.S. Senate,,Republican,"Valerie ""Dr Val"" FREDRICK",0,0,0,0,0
Bell,C104,U.S. Senate,,Republican,A. Nick SHELLEY,1,0,1,0,0
Bell,C104,U.S. Senate,,Republican,James D. DUNCAN,1,0,1,0,0
Bell,C104,U.S. Senate,,Republican,Michael James FARIS,3,0,3,0,0
Bell,C104,U.S. Senate,,Republican,Anissa CATLETT,0,0,0,0,0
Bell,C104,U.S. Senate,,Republican,Other Donald WENZEL,0,0,0,0,0
Bell,C104,U.S. Senate,,Republican,Jimmy I. LEON,1,0,1,0,0
Bell,C104,U.S. Senate,,Republican,George WASHINGTON,8,0,7,1,0
Bell,C104,U.S. Senate,,,Under Votes,29,10,18,1,0
Bell,C104,U.S. Senate,,,Over Votes,0,0,0,0,0
Bell,C104,Ballots Cast,,,,203,,,,
Bell,C104,U.S. House,5,Republican,Kevin SMITH,16,5,9,1,1
Bell,C104,U.S. House,5,Republican,Benjamin HURLEY,6,3,3,0,0
Bell,C104,U.S. House,5,Republican,Hal ROGERS,112,33,73,2,4
Bell,C104,U.S. House,5,Republican,Jerry Lee SHELTON,1,0,1,0,0
Bell,C104,U.S. House,5,Republican,Brandon R. MONHOLLEN,4,0,4,0,0
Bell,C104,U.S. House,5,,Under Votes,17,5,10,2,0
Bell,C104,U.S. House,5,,Over Votes,0,0,0,0,0
Bell,C104,Property Valuation Administrator,,,Blake Charles RAMEY,86,24,59,0,3
Bell,C104,Property Valuation Administrator,,,Ben BARNETT,63,19,38,4,2
Bell,C104,Property Valuation Administrator,,,Under Votes,7,3,3,1,0
Bell,C104,Property Valuation Administrator,,,Over Votes,0,0,0,0,0
Bell,C104,County Judge/Executive,,,Rick NELSON,112,34,69,4,5
Bell,C104,County Judge/Executive,,,"Al ""Albey"" BROCK",39,10,28,1,0
Bell,C104,County Judge/Executive,,,Under Votes,1,0,1,0,0
Bell,C104,County Judge/Executive,,,Over Votes,0,0,0,0,0
Bell,C104,Sheriff,,,"George ""Tooter"" HOWARD",59,14,41,2,2
Bell,C104,Sheriff,,,"Mitchell ""Mitch"" WILLIAMS",90,27,58,2,3
Bell,C104,Sheriff,,,Under Votes,7,5,1,1,0
Bell,C104,Sheriff,,,Over Votes,0,0,0,0,0
Bell,C104,Jailer,,,Barb VENABLE,54,18,34,1,1
Bell,C104,Jailer,,,Annie Jean NIERENGARTEN,20,6,12,1,1
Bell,C104,Jailer,,,"Tony ""Hobe"" TIGUE",3,0,3,0,0
Bell,C104,Jailer,,,"Derek ""Fuzz"" JONES",12,5,6,0,1
Bell,C104,Jailer,,,Josh COLLETT,63,17,42,2,2
Bell,C104,Jailer,,,Under Votes,3,0,2,1,0
Bell,C104,Jailer,,,Over Votes,1,0,1,0,0
Bell,C104,Coroner,,,Ethan WARREN,82,20,59,2,1
Bell,C104,Coroner,,,Jay STEELE,68,22,41,2,3
Bell,C104,Coroner,,,Under Votes,6,4,0,1,1
Bell,C104,Coroner,,,Over Votes,0,0,0,0,0
Bell,C104,Magistrate,,,Ben HATFIELD,23,8,13,1,1
Bell,C104,Magistrate,,,"Larry ""Apple"" ADKINS",81,25,51,2,3
Bell,C104,Magistrate,,,Nicklaus Alan SHOFFNER,42,9,31,1,1
Bell,C104,Magistrate,,,Under Votes,10,4,5,1,0
Bell,C104,Magistrate,,,Over Votes,0,0,0,0,0
Bell,C104,U.S. Senate,,Democratic,Vincent Anthony THOMPSON,1,1,0,0,0
Bell,C104,U.S. Senate,,Democratic,Amy McGRATH,11,1,9,1,0
Bell,C104,U.S. Senate,,Democratic,Dale Lewis ROMANS,3,2,1,0,0
Bell,C104,U.S. Senate,,Democratic,Charles BOOKER,10,1,9,0,0
Bell,C104,U.S. Senate,,Democratic,Pamela STEVENSON,1,0,1,0,0
Bell,C104,U.S. Senate,,Democratic,Joshua BLANTON SR.,2,1,1,0,0
Bell,C104,U.S. Senate,,Democratic,Logan FORSYTHE,1,0,1,0,0
Bell,C104,Mayor City of Middlesboro,,,Boone L. BOWLING,100,29,66,2,3
Bell,C104,Mayor City of Middlesboro,,,Travis MOODY,20,4,15,0,1
Bell,C104,Mayor City of Middlesboro,,,Michael ORR,75,18,52,4,1
Bell,C104,Mayor City of Middlesboro,,,Under Votes,8,4,3,1,0
Bell,C104,Mayor City of Middlesboro,,,Over Votes,0,0,0,0,0
Bell,C105,U.S. Senate,,Republican,Daniel CAMERON,21,2,19,0,0
Bell,C105,U.S. Senate,,Republican,Jonathan M. HOLLIDAY,0,0,0,0,0
Bell,C105,U.S. Senate,,Republican,Andy BARR,71,20,49,1,1
Bell,C105,U.S. Senate,,Republican,"Valerie ""Dr Val"" FREDRICK",2,0,2,0,0
Bell,C105,U.S. Senate,,Republican,A. Nick SHELLEY,0,0,0,0,0
Bell,C105,U.S. Senate,,Republican,James D. DUNCAN,1,0,1,0,0
Bell,C105,U.S. Senate,,Republican,Michael James FARIS,2,1,1,0,0
Bell,C105,U.S. Senate,,Republican,Anissa CATLETT,2,1,1,0,0
Bell,C105,U.S. Senate,,Republican,Other Donald WENZEL,0,0,0,0,0
Bell,C105,U.S. Senate,,Republican,Jimmy I. LEON,0,0,0,0,0
Bell,C105,U.S. Senate,,Republican,George WASHINGTON,1,0,1,0,0
Bell,C105,U.S. Senate,,,Under Votes,24,6,15,2,1
Bell,C105,U.S. Senate,,,Over Votes,0,0,0,0,0
Bell,C105,Ballots Cast,,,,166,,,,
Bell,C105,U.S. House,5,Republican,Kevin SMITH,14,3,11,0,0
Bell,C105,U.S. House,5,Republican,Benjamin HURLEY,4,2,2,0,0
Bell,C105,U.S. House,5,Republican,Hal ROGERS,83,20,61,1,1
Bell,C105,U.S. House,5,Republican,Jerry Lee SHELTON,1,0,1,0,0
Bell,C105,U.S. House,5,Republican,Brandon R. MONHOLLEN,4,1,3,0,0
Bell,C105,U.S. House,5,,Under Votes,15,5,8,2,0
Bell,C105,U.S. House,5,,Over Votes,0,0,0,0,0
Bell,C105,Property Valuation Administrator,,,Blake Charles RAMEY,53,12,39,2,0
Bell,C105,Property Valuation Administrator,,,Ben BARNETT,60,18,41,0,1
Bell,C105,Property Valuation Administrator,,,Under Votes,8,1,6,1,0
Bell,C105,Property Valuation Administrator,,,Over Votes,0,0,0,0,0
Bell,C105,County Judge/Executive,,,Rick NELSON,73,16,54,2,1
Bell,C105,County Judge/Executive,,,"Al ""Albey"" BROCK",39,11,28,0,0
Bell,C105,County Judge/Executive,,,Under Votes,6,4,1,1,0
Bell,C105,County Judge/Executive,,,Over Votes,0,0,0,0,0
Bell,C105,Sheriff,,,"George ""Tooter"" HOWARD",29,8,20,1,0
Bell,C105,Sheriff,,,"Mitchell ""Mitch"" WILLIAMS",84,21,61,1,1
Bell,C105,Sheriff,,,Under Votes,8,2,5,1,0
Bell,C105,Sheriff,,,Over Votes,0,0,0,0,0
Bell,C105,Jailer,,,Barb VENABLE,45,13,30,1,1
Bell,C105,Jailer,,,Annie Jean NIERENGARTEN,17,3,14,0,0
Bell,C105,Jailer,,,"Tony ""Hobe"" TIGUE",4,0,4,0,0
Bell,C105,Jailer,,,"Derek ""Fuzz"" JONES",5,2,3,0,0
Bell,C105,Jailer,,,Josh COLLETT,39,9,29,1,0
Bell,C105,Jailer,,,Under Votes,11,4,6,1,0
Bell,C105,Jailer,,,Over Votes,0,0,0,0,0
Bell,C105,Coroner,,,Ethan WARREN,57,16,40,1,0
Bell,C105,Coroner,,,Jay STEELE,54,12,40,1,1
Bell,C105,Coroner,,,Under Votes,10,3,6,1,0
Bell,C105,Coroner,,,Over Votes,0,0,0,0,0
Bell,C105,Magistrate,,,Ben HATFIELD,19,4,15,0,0
Bell,C105,Magistrate,,,"Larry ""Apple"" ADKINS",52,13,38,1,0
Bell,C105,Magistrate,,,Nicklaus Alan SHOFFNER,42,11,29,1,1
Bell,C105,Magistrate,,,Under Votes,8,3,4,1,0
Bell,C105,Magistrate,,,Over Votes,0,0,0,0,0
Bell,C105,U.S. Senate,,Democratic,Vincent Anthony THOMPSON,2,2,0,0,0
Bell,C105,U.S. Senate,,Democratic,Amy McGRATH,21,7,13,1,0
Bell,C105,U.S. Senate,,Democratic,Dale Lewis ROMANS,0,0,0,0,0
Bell,C105,U.S. Senate,,Democratic,Charles BOOKER,9,0,8,1,0
Bell,C105,U.S. Senate,,Democratic,Pamela STEVENSON,1,0,1,0,0
Bell,C105,U.S. Senate,,Democratic,Joshua BLANTON SR.,0,0,0,0,0
Bell,C105,U.S. Senate,,Democratic,Logan FORSYTHE,1,0,1,0,0
Bell,C105,Mayor City of Middlesboro,,,Boone L. BOWLING,125,31,89,3,2
Bell,C105,Mayor City of Middlesboro,,,Travis MOODY,11,3,8,0,0
Bell,C105,Mayor City of Middlesboro,,,Michael ORR,26,5,20,1,0
Bell,C105,Mayor City of Middlesboro,,,Under Votes,4,2,1,1,0
Bell,C105,Mayor City of Middlesboro,,,Over Votes,0,0,0,0,0
Bell,D101,U.S. Senate,,Republican,Daniel CAMERON,30,15,14,1,0
Bell,D101,U.S. Senate,,Republican,Jonathan M. HOLLIDAY,5,0,5,0,0
Bell,D101,U.S. Senate,,Republican,Andy BARR,66,19,41,1,5
Bell,D101,U.S. Senate,,Republican,"Valerie ""Dr Val"" FREDRICK",0,0,0,0,0
Bell,D101,U.S. Senate,,Republican,A. Nick SHELLEY,0,0,0,0,0
Bell,D101,U.S. Senate,,Republican,James D. DUNCAN,0,0,0,0,0
Bell,D101,U.S. Senate,,Republican,Michael James FARIS,0,0,0,0,0
Bell,D101,U.S. Senate,,Republican,Anissa CATLETT,0,0,0,0,0
Bell,D101,U.S. Senate,,Republican,Other Donald WENZEL,0,0,0,0,0
Bell,D101,U.S. Senate,,Republican,Jimmy I. LEON,1,0,1,0,0
Bell,D101,U.S. Senate,,Republican,George WASHINGTON,5,3,1,1,0
Bell,D101,U.S. Senate,,,Under Votes,15,4,9,2,0
Bell,D101,U.S. Senate,,,Over Votes,0,0,0,0,0
Bell,D101,Ballots Cast,,,,161,,,,
Bell,D101,U.S. House,5,Republican,Kevin SMITH,8,3,3,0,2
Bell,D101,U.S. House,5,Republican,Benjamin HURLEY,8,2,5,1,0
Bell,D101,U.S. House,5,Republican,Hal ROGERS,86,32,49,2,3
Bell,D101,U.S. House,5,Republican,Jerry Lee SHELTON,1,0,1,0,0
Bell,D101,U.S. House,5,Republican,Brandon R. MONHOLLEN,4,1,3,0,0
Bell,D101,U.S. House,5,,Under Votes,13,5,6,2,0
Bell,D101,U.S. House,5,,Over Votes,0,0,0,0,0
Bell,D101,Property Valuation Administrator,,,Blake Charles RAMEY,51,15,31,3,2
Bell,D101,Property Valuation Administrator,,,Ben BARNETT,64,28,31,2,3
Bell,D101,Property Valuation Administrator,,,Under Votes,5,0,5,0,0
Bell,D101,Property Valuation Administrator,,,Over Votes,0,0,0,0,0
Bell,D101,County Judge/Executive,,,Rick NELSON,72,22,42,4,4
Bell,D101,County Judge/Executive,,,"Al ""Albey"" BROCK",38,15,21,1,1
Bell,D101,County Judge/Executive,,,Under Votes,4,3,1,0,0
Bell,D101,County Judge/Executive,,,Over Votes,0,0,0,0,0
Bell,D101,Sheriff,,,"George ""Tooter"" HOWARD",23,11,12,0,0
Bell,D101,Sheriff,,,"Mitchell ""Mitch"" WILLIAMS",89,29,51,4,5
Bell,D101,Sheriff,,,Under Votes,8,3,4,1,0
Bell,D101,Sheriff,,,Over Votes,0,0,0,0,0
Bell,D101,Jailer,,,Barb VENABLE,53,24,26,2,1
Bell,D101,Jailer,,,Annie Jean NIERENGARTEN,16,5,9,1,1
Bell,D101,Jailer,,,"Tony ""Hobe"" TIGUE",3,0,3,0,0
Bell,D101,Jailer,,,"Derek ""Fuzz"" JONES",4,1,2,0,1
Bell,D101,Jailer,,,Josh COLLETT,42,13,25,2,2
Bell,D101,Jailer,,,Under Votes,2,0,2,0,0
Bell,D101,Jailer,,,Over Votes,0,0,0,0,0
Bell,D101,Coroner,,,Ethan WARREN,60,14,41,1,4
Bell,D101,Coroner,,,Jay STEELE,57,28,24,4,1
Bell,D101,Coroner,,,Under Votes,3,1,2,0,0
Bell,D101,Coroner,,,Over Votes,0,0,0,0,0
Bell,D101,Magistrate,,,Kevin BARNETT,58,24,28,4,2
Bell,D101,Magistrate,,,Kenny VANOVER,43,13,26,1,3
Bell,D101,Magistrate,,,Glenn WEBB,16,6,10,0,0
Bell,D101,Magistrate,,,Under Votes,3,0,3,0,0
Bell,D101,Magistrate,,,Over Votes,0,0,0,0,0
Bell,D101,U.S. Senate,,Democratic,Vincent Anthony THOMPSON,1,0,1,0,0
Bell,D101,U.S. Senate,,Democratic,Amy McGRATH,17,6,10,1,0
Bell,D101,U.S. Senate,,Democratic,Dale Lewis ROMANS,0,0,0,0,0
Bell,D101,U.S. Senate,,Democratic,Charles BOOKER,11,2,9,0,0
Bell,D101,U.S. Senate,,Democratic,Pamela STEVENSON,3,0,2,1,0
Bell,D101,U.S. Senate,,Democratic,Joshua BLANTON SR.,0,0,0,0,0
Bell,D101,U.S. Senate,,Democratic,Logan FORSYTHE,1,0,1,0,0
Bell,D101,Mayor City of Middlesboro,,,Boone L. BOWLING,112,38,63,5,6
Bell,D101,Mayor City of Middlesboro,,,Travis MOODY,18,2,15,1,0
Bell,D101,Mayor City of Middlesboro,,,Michael ORR,31,11,18,2,0
Bell,D101,Mayor City of Middlesboro,,,Under Votes,0,0,0,0,0
Bell,D101,Mayor City of Middlesboro,,,Over Votes,0,0,0,0,0
Bell,D102,U.S. Senate,,Republican,Daniel CAMERON,16,3,12,0,1
Bell,D102,U.S. Senate,,Republican,Jonathan M. HOLLIDAY,1,0,1,0,0
Bell,D102,U.S. Senate,,Republican,Andy BARR,73,21,48,4,0
Bell,D102,U.S. Senate,,Republican,"Valerie ""Dr Val"" FREDRICK",2,0,1,1,0
Bell,D102,U.S. Senate,,Republican,A. Nick SHELLEY,0,0,0,0,0
Bell,D102,U.S. Senate,,Republican,James D. DUNCAN,1,0,1,0,0
Bell,D102,U.S. Senate,,Republican,Michael James FARIS,1,1,0,0,0
Bell,D102,U.S. Senate,,Republican,Anissa CATLETT,3,1,1,1,0
Bell,D102,U.S. Senate,,Republican,Other Donald WENZEL,0,0,0,0,0
Bell,D102,U.S. Senate,,Republican,Jimmy I. LEON,0,0,0,0,0
Bell,D102,U.S. Senate,,Republican,George WASHINGTON,1,0,1,0,0
Bell,D102,U.S. Senate,,,Under Votes,14,3,11,0,0
Bell,D102,U.S. Senate,,,Over Votes,0,0,0,0,0
Bell,D102,Ballots Cast,,,,145,,,,
Bell,D102,U.S. House,5,Republican,Kevin SMITH,7,2,5,0,0
Bell,D102,U.S. House,5,Republican,Benjamin HURLEY,4,2,2,0,0
Bell,D102,U.S. House,5,Republican,Hal ROGERS,78,20,50,7,1
Bell,D102,U.S. House,5,Republican,Jerry Lee SHELTON,3,1,2,0,0
Bell,D102,U.S. House,5,Republican,Brandon R. MONHOLLEN,2,1,0,1,0
Bell,D102,U.S. House,5,,Under Votes,18,3,15,0,0
Bell,D102,U.S. House,5,,Over Votes,0,0,0,0,0
Bell,D102,Property Valuation Administrator,,,Blake Charles RAMEY,61,17,40,3,1
Bell,D102,Property Valuation Administrator,,,Ben BARNETT,46,11,30,5,0
Bell,D102,Property Valuation Administrator,,,Under Votes,5,1,4,0,0
Bell,D102,Property Valuation Administrator,,,Over Votes,0,0,0,0,0
Bell,D102,County Judge/Executive,,,Rick NELSON,73,19,45,8,1
Bell,D102,County Judge/Executive,,,"Al ""Albey"" BROCK",30,8,22,0,0
Bell,D102,County Judge/Executive,,,Under Votes,4,1,3,0,0
Bell,D102,County Judge/Executive,,,Over Votes,0,0,0,0,0
Bell,D102,Sheriff,,,"George ""Tooter"" HOWARD",46,11,34,1,0
Bell,D102,Sheriff,,,"Mitchell ""Mitch"" WILLIAMS",61,16,37,7,1
Bell,D102,Sheriff,,,Under Votes,5,2,3,0,0
Bell,D102,Sheriff,,,Over Votes,0,0,0,0,0
Bell,D102,Jailer,,,Barb VENABLE,51,14,31,6,0
Bell,D102,Jailer,,,Annie Jean NIERENGARTEN,8,4,3,1,0
Bell,D102,Jailer,,,"Tony ""Hobe"" TIGUE",3,0,3,0,0
Bell,D102,Jailer,,,"Derek ""Fuzz"" JONES",6,1,5,0,0
Bell,D102,Jailer,,,Josh COLLETT,38,8,28,1,1
Bell,D102,Jailer,,,Under Votes,6,2,4,0,0
Bell,D102,Jailer,,,Over Votes,0,0,0,0,0
Bell,D102,Coroner,,,Ethan WARREN,43,16,26,1,0
Bell,D102,Coroner,,,Jay STEELE,65,11,47,6,1
Bell,D102,Coroner,,,Under Votes,4,2,1,1,0
Bell,D102,Coroner,,,Over Votes,0,0,0,0,0
Bell,D102,Magistrate,,,Kevin BARNETT,52,11,36,4,1
Bell,D102,Magistrate,,,Kenny VANOVER,48,13,33,2,0
Bell,D102,Magistrate,,,Glenn WEBB,11,4,5,2,0
Bell,D102,Magistrate,,,Under Votes,1,1,0,0,0
Bell,D102,Magistrate,,,Over Votes,0,0,0,0,0
Bell,D102,U.S. Senate,,Democratic,Vincent Anthony THOMPSON,0,0,0,0,0
Bell,D102,U.S. Senate,,Democratic,Amy McGRATH,16,3,12,1,0
Bell,D102,U.S. Senate,,Democratic,Dale Lewis ROMANS,0,0,0,0,0
Bell,D102,U.S. Senate,,Democratic,Charles BOOKER,9,1,5,3,0
Bell,D102,U.S. Senate,,Democratic,Pamela STEVENSON,2,1,1,0,0
Bell,D102,U.S. Senate,,Democratic,Joshua BLANTON SR.,3,0,3,0,0
Bell,D102,U.S. Senate,,Democratic,Logan FORSYTHE,1,0,1,0,0
Bell,D102,Mayor City of Middlesboro,,,Boone L. BOWLING,79,25,48,5,1
Bell,D102,Mayor City of Middlesboro,,,Travis MOODY,23,0,22,1,0
Bell,D102,Mayor City of Middlesboro,,,Michael ORR,42,8,28,6,0
Bell,D102,Mayor City of Middlesboro,,,Under Votes,1,1,0,0,0
Bell,D102,Mayor City of Middlesboro,,,Over Votes,0,0,0,0,0
Bell,D103,U.S. Senate,,Republican,Daniel CAMERON,32,5,24,1,2
Bell,D103,U.S. Senate,,Republican,Jonathan M. HOLLIDAY,0,0,0,0,0
Bell,D103,U.S. Senate,,Republican,Andy BARR,62,24,35,3,0
Bell,D103,U.S. Senate,,Republican,"Valerie ""Dr Val"" FREDRICK",1,0,1,0,0
Bell,D103,U.S. Senate,,Republican,A. Nick SHELLEY,0,0,0,0,0
Bell,D103,U.S. Senate,,Republican,James D. DUNCAN,1,1,0,0,0
Bell,D103,U.S. Senate,,Republican,Michael James FARIS,1,1,0,0,0
Bell,D103,U.S. Senate,,Republican,Anissa CATLETT,0,0,0,0,0
Bell,D103,U.S. Senate,,Republican,Other Donald WENZEL,0,0,0,0,0
Bell,D103,U.S. Senate,,Republican,Jimmy I. LEON,0,0,0,0,0
Bell,D103,U.S. Senate,,Republican,George WASHINGTON,2,1,1,0,0
Bell,D103,U.S. Senate,,,Under Votes,18,7,9,2,0
Bell,D103,U.S. Senate,,,Over Votes,0,0,0,0,0
Bell,D103,Ballots Cast,,,,157,,,,
Bell,D103,U.S. House,5,Republican,Kevin SMITH,7,5,2,0,0
Bell,D103,U.S. House,5,Republican,Benjamin HURLEY,0,0,0,0,0
Bell,D103,U.S. House,5,Republican,Hal ROGERS,90,26,57,5,2
Bell,D103,U.S. House,5,Republican,Jerry Lee SHELTON,1,0,1,0,0
Bell,D103,U.S. House,5,Republican,Brandon R. MONHOLLEN,3,2,1,0,0
Bell,D103,U.S. House,5,,Under Votes,17,7,10,0,0
Bell,D103,U.S. House,5,,Over Votes,0,0,0,0,0
Bell,D103,Property Valuation Administrator,,,Blake Charles RAMEY,69,26,42,1,0
Bell,D103,Property Valuation Administrator,,,Ben BARNETT,47,13,28,4,2
Bell,D103,Property Valuation Administrator,,,Under Votes,2,1,1,0,0
Bell,D103,Property Valuation Administrator,,,Over Votes,0,0,0,0,0
Bell,D103,County Judge/Executive,,,Rick NELSON,76,26,44,4,2
Bell,D103,County Judge/Executive,,,"Al ""Albey"" BROCK",35,11,23,1,0
Bell,D103,County Judge/Executive,,,Under Votes,5,1,4,0,0
Bell,D103,County Judge/Executive,,,Over Votes,0,0,0,0,0
Bell,D103,Sheriff,,,"George ""Tooter"" HOWARD",47,17,29,1,0
Bell,D103,Sheriff,,,"Mitchell ""Mitch"" WILLIAMS",63,20,37,4,2
Bell,D103,Sheriff,,,Under Votes,8,3,5,0,0
Bell,D103,Sheriff,,,Over Votes,0,0,0,0,0
Bell,D103,Jailer,,,Barb VENABLE,46,14,27,4,1
Bell,D103,Jailer,,,Annie Jean NIERENGARTEN,18,11,6,0,1
Bell,D103,Jailer,,,"Tony ""Hobe"" TIGUE",3,0,3,0,0
Bell,D103,Jailer,,,"Derek ""Fuzz"" JONES",11,2,9,0,0
Bell,D103,Jailer,,,Josh COLLETT,37,12,24,1,0
Bell,D103,Jailer,,,Under Votes,3,1,2,0,0
Bell,D103,Jailer,,,Over Votes,0,0,0,0,0
Bell,D103,Coroner,,,Ethan WARREN,64,23,40,1,0
Bell,D103,Coroner,,,Jay STEELE,50,17,27,4,2
Bell,D103,Coroner,,,Under Votes,4,0,4,0,0
Bell,D103,Coroner,,,Over Votes,0,0,0,0,0
Bell,D103,Magistrate,,,Kevin BARNETT,39,10,25,4,0
Bell,D103,Magistrate,,,Kenny VANOVER,53,15,35,1,2
Bell,D103,Magistrate,,,Glenn WEBB,23,13,10,0,0
Bell,D103,Magistrate,,,Under Votes,2,2,0,0,0
Bell,D103,Magistrate,,,Over Votes,1,0,1,0,0
Bell,D103,U.S. Senate,,Democratic,Vincent Anthony THOMPSON,4,1,3,0,0
Bell,D103,U.S. Senate,,Democratic,Amy McGRATH,14,5,7,1,1
Bell,D103,U.S. Senate,,Democratic,Dale Lewis ROMANS,0,0,0,0,0
Bell,D103,U.S. Senate,,Democratic,Charles BOOKER,11,2,9,0,0
Bell,D103,U.S. Senate,,Democratic,Pamela STEVENSON,1,0,1,0,0
Bell,D103,U.S. Senate,,Democratic,Joshua BLANTON SR.,1,0,1,0,0
Bell,D103,U.S. Senate,,Democratic,Logan FORSYTHE,0,0,0,0,0
Bell,D103,Mayor City of Middlesboro,,,Boone L. BOWLING,100,32,61,6,1
Bell,D103,Mayor City of Middlesboro,,,Travis MOODY,23,8,14,1,0
Bell,D103,Mayor City of Middlesboro,,,Michael ORR,30,9,19,0,2
Bell,D103,Mayor City of Middlesboro,,,Under Votes,4,2,2,0,0
Bell,D103,Mayor City of Middlesboro,,,Over Votes,0,0,0,0,0
Bell,D104,U.S. Senate,,Republican,Daniel CAMERON,9,2,6,1,0
Bell,D104,U.S. Senate,,Republican,Jonathan M. HOLLIDAY,1,0,1,0,0
Bell,D104,U.S. Senate,,Republican,Andy BARR,18,5,13,0,0
Bell,D104,U.S. Senate,,Republican,"Valerie ""Dr Val"" FREDRICK",0,0,0,0,0
Bell,D104,U.S. Senate,,Republican,A. Nick SHELLEY,0,0,0,0,0
Bell,D104,U.S. Senate,,Republican,James D. DUNCAN,0,0,0,0,0
Bell,D104,U.S. Senate,,Republican,Michael James FARIS,0,0,0,0,0
Bell,D104,U.S. Senate,,Republican,Anissa CATLETT,0,0,0,0,0
Bell,D104,U.S. Senate,,Republican,Other Donald WENZEL,1,0,1,0,0
Bell,D104,U.S. Senate,,Republican,Jimmy I. LEON,0,0,0,0,0
Bell,D104,U.S. Senate,,Republican,George WASHINGTON,2,2,0,0,0
Bell,D104,U.S. Senate,,,Under Votes,14,3,9,1,1
Bell,D104,U.S. Senate,,,Over Votes,0,0,0,0,0
Bell,D104,Ballots Cast,,,,74,,,,
Bell,D104,U.S. House,5,Republican,Kevin SMITH,3,0,3,0,0
Bell,D104,U.S. House,5,Republican,Benjamin HURLEY,0,0,0,0,0
Bell,D104,U.S. House,5,Republican,Hal ROGERS,25,7,16,2,0
Bell,D104,U.S. House,5,Republican,Jerry Lee SHELTON,0,0,0,0,0
Bell,D104,U.S. House,5,Republican,Brandon R. MONHOLLEN,2,0,2,0,0
Bell,D104,U.S. House,5,,Under Votes,10,4,6,0,0
Bell,D104,U.S. House,5,,Over Votes,0,0,0,0,0
Bell,D104,Property Valuation Administrator,,,Blake Charles RAMEY,22,7,15,0,0
Bell,D104,Property Valuation Administrator,,,Ben BARNETT,18,4,12,2,0
Bell,D104,Property Valuation Administrator,,,Under Votes,0,0,0,0,0
Bell,D104,Property Valuation Administrator,,,Over Votes,0,0,0,0,0
Bell,D104,County Judge/Executive,,,Rick NELSON,28,7,19,2,0
Bell,D104,County Judge/Executive,,,"Al ""Albey"" BROCK",8,4,4,0,0
Bell,D104,County Judge/Executive,,,Under Votes,2,0,2,0,0
Bell,D104,County Judge/Executive,,,Over Votes,0,0,0,0,0
Bell,D104,Sheriff,,,"George ""Tooter"" HOWARD",12,3,8,1,0
Bell,D104,Sheriff,,,"Mitchell ""Mitch"" WILLIAMS",26,7,18,1,0
Bell,D104,Sheriff,,,Under Votes,2,1,1,0,0
Bell,D104,Sheriff,,,Over Votes,0,0,0,0,0
Bell,D104,Jailer,,,Barb VENABLE,12,3,8,1,0
Bell,D104,Jailer,,,Annie Jean NIERENGARTEN,4,2,2,0,0
Bell,D104,Jailer,,,"Tony ""Hobe"" TIGUE",0,0,0,0,0
Bell,D104,Jailer,,,"Derek ""Fuzz"" JONES",4,0,4,0,0
Bell,D104,Jailer,,,Josh COLLETT,17,6,10,1,0
Bell,D104,Jailer,,,Under Votes,3,0,3,0,0
Bell,D104,Jailer,,,Over Votes,0,0,0,0,0
Bell,D104,Coroner,,,Ethan WARREN,18,5,12,1,0
Bell,D104,Coroner,,,Jay STEELE,18,4,13,1,0
Bell,D104,Coroner,,,Under Votes,3,1,2,0,0
Bell,D104,Coroner,,,Over Votes,1,1,0,0,0
Bell,D104,Magistrate,,,Kevin BARNETT,21,7,12,2,0
Bell,D104,Magistrate,,,Kenny VANOVER,14,4,10,0,0
Bell,D104,Magistrate,,,Glenn WEBB,2,0,2,0,0
Bell,D104,Magistrate,,,Under Votes,3,0,3,0,0
Bell,D104,Magistrate,,,Over Votes,0,0,0,0,0
Bell,D104,U.S. Senate,,Democratic,Vincent Anthony THOMPSON,1,0,1,0,0
Bell,D104,U.S. Senate,,Democratic,Amy McGRATH,8,0,8,0,0
Bell,D104,U.S. Senate,,Democratic,Dale Lewis ROMANS,2,0,1,0,1
Bell,D104,U.S. Senate,,Democratic,Charles BOOKER,9,0,9,0,0
Bell,D104,U.S. Senate,,Democratic,Pamela STEVENSON,0,0,0,0,0
Bell,D104,U.S. Senate,,Democratic,Joshua BLANTON SR.,1,0,1,0,0
Bell,D104,U.S. Senate,,Democratic,Logan FORSYTHE,2,1,1,0,0
Bell,D104,Mayor City of Middlesboro,,,Boone L. BOWLING,52,12,37,1,2
Bell,D104,Mayor City of Middlesboro,,,Travis MOODY,8,0,7,1,0
Bell,D104,Mayor City of Middlesboro,,,Michael ORR,11,0,11,0,0
Bell,D104,Mayor City of Middlesboro,,,Under Votes,3,1,2,0,0
Bell,D104,Mayor City of Middlesboro,,,Over Votes,0,0,0,0,0
Bell,D105,U.S. Senate,,Republican,Daniel CAMERON,41,16,19,3,3
Bell,D105,U.S. Senate,,Republican,Jonathan M. HOLLIDAY,1,0,1,0,0
Bell,D105,U.S. Senate,,Republican,Andy BARR,119,21,94,4,0
Bell,D105,U.S. Senate,,Republican,"Valerie ""Dr Val"" FREDRICK",1,1,0,0,0
Bell,D105,U.S. Senate,,Republican,A. Nick SHELLEY,2,1,1,0,0
Bell,D105,U.S. Senate,,Republican,James D. DUNCAN,0,0,0,0,0
Bell,D105,U.S. Senate,,Republican,Michael James FARIS,0,0,0,0,0
Bell,D105,U.S. Senate,,Republican,Anissa CATLETT,0,0,0,0,0
Bell,D105,U.S. Senate,,Republican,Other Donald WENZEL,0,0,0,0,0
Bell,D105,U.S. Senate,,Republican,Jimmy I. LEON,0,0,0,0,0
Bell,D105,U.S. Senate,,Republican,George WASHINGTON,1,0,1,0,0
Bell,D105,U.S. Senate,,,Under Votes,23,7,13,2,1
Bell,D105,U.S. Senate,,,Over Votes,0,0,0,0,0
Bell,D105,Ballots Cast,,,,260,,,,
Bell,D105,U.S. House,5,Republican,Kevin SMITH,32,11,17,0,4
Bell,D105,U.S. House,5,Republican,Benjamin HURLEY,5,0,5,0,0
Bell,D105,U.S. House,5,Republican,Hal ROGERS,138,27,102,7,2
Bell,D105,U.S. House,5,Republican,Jerry Lee SHELTON,3,1,2,0,0
Bell,D105,U.S. House,5,Republican,Brandon R. MONHOLLEN,2,1,1,0,0
Bell,D105,U.S. House,5,,Under Votes,17,7,9,1,0
Bell,D105,U.S. House,5,,Over Votes,0,0,0,0,0
Bell,D105,Property Valuation Administrator,,,Blake Charles RAMEY,96,18,74,2,2
Bell,D105,Property Valuation Administrator,,,Ben BARNETT,95,29,56,6,4
Bell,D105,Property Valuation Administrator,,,Under Votes,6,0,6,0,0
Bell,D105,Property Valuation Administrator,,,Over Votes,0,0,0,0,0
Bell,D105,County Judge/Executive,,,Rick NELSON,118,33,77,3,5
Bell,D105,County Judge/Executive,,,"Al ""Albey"" BROCK",70,13,52,4,1
Bell,D105,County Judge/Executive,,,Under Votes,4,0,3,1,0
Bell,D105,County Judge/Executive,,,Over Votes,0,0,0,0,0
Bell,D105,Sheriff,,,"George ""Tooter"" HOWARD",82,25,54,0,3
Bell,D105,Sheriff,,,"Mitchell ""Mitch"" WILLIAMS",109,22,77,7,3
Bell,D105,Sheriff,,,Under Votes,5,0,4,1,0
Bell,D105,Sheriff,,,Over Votes,1,0,1,0,0
Bell,D105,Jailer,,,Barb VENABLE,87,25,54,4,4
Bell,D105,Jailer,,,Annie Jean NIERENGARTEN,27,5,21,1,0
Bell,D105,Jailer,,,"Tony ""Hobe"" TIGUE",1,0,1,0,0
Bell,D105,Jailer,,,"Derek ""Fuzz"" JONES",10,1,8,1,0
Bell,D105,Jailer,,,Josh COLLETT,65,16,46,1,2
Bell,D105,Jailer,,,Under Votes,7,0,6,1,0
Bell,D105,Jailer,,,Over Votes,0,0,0,0,0
Bell,D105,Coroner,,,Ethan WARREN,103,31,67,2,3
Bell,D105,Coroner,,,Jay STEELE,88,13,66,6,3
Bell,D105,Coroner,,,Under Votes,6,3,3,0,0
Bell,D105,Coroner,,,Over Votes,0,0,0,0,0
Bell,D105,Magistrate,,,Kevin BARNETT,84,22,53,5,4
Bell,D105,Magistrate,,,Kenny VANOVER,90,22,65,1,2
Bell,D105,Magistrate,,,Glenn WEBB,20,3,16,1,0
Bell,D105,Magistrate,,,Under Votes,3,0,2,1,0
Bell,D105,Magistrate,,,Over Votes,0,0,0,0,0
Bell,D105,U.S. Senate,,Democratic,Vincent Anthony THOMPSON,2,0,2,0,0
Bell,D105,U.S. Senate,,Democratic,Amy McGRATH,17,2,8,5,2
Bell,D105,U.S. Senate,,Democratic,Dale Lewis ROMANS,2,1,0,1,0
Bell,D105,U.S. Senate,,Democratic,Charles BOOKER,21,3,14,2,2
Bell,D105,U.S. Senate,,Democratic,Pamela STEVENSON,2,0,1,1,0
Bell,D105,U.S. Senate,,Democratic,Joshua BLANTON SR.,2,0,2,0,0
Bell,D105,U.S. Senate,,Democratic,Logan FORSYTHE,4,0,4,0,0
Bell,D105,Mayor City of Middlesboro,,,Boone L. BOWLING,171,36,115,12,8
Bell,D105,Mayor City of Middlesboro,,,Travis MOODY,26,4,21,1,0
Bell,D105,Mayor City of Middlesboro,,,Michael ORR,62,18,38,5,1
Bell,D105,Mayor City of Middlesboro,,,Under Votes,1,0,0,0,1
Bell,D105,Mayor City of Middlesboro,,,Over Votes,0,0,0,0,0
Bell,E101,U.S. Senate,,Republican,Daniel CAMERON,46,12,33,1,0
Bell,E101,U.S. Senate,,Republican,Jonathan M. HOLLIDAY,0,0,0,0,0
Bell,E101,U.S. Senate,,Republican,Andy BARR,125,36,81,4,4
Bell,E101,U.S. Senate,,Republican,"Valerie ""Dr Val"" FREDRICK",0,0,0,0,0
Bell,E101,U.S. Senate,,Republican,A. Nick SHELLEY,1,0,1,0,0
Bell,E101,U.S. Senate,,Republican,James D. DUNCAN,1,0,1,0,0
Bell,E101,U.S. Senate,,Republican,Michael James FARIS,0,0,0,0,0
Bell,E101,U.S. Senate,,Republican,Anissa CATLETT,0,0,0,0,0
Bell,E101,U.S. Senate,,Republican,Other Donald WENZEL,0,0,0,0,0
Bell,E101,U.S. Senate,,Republican,Jimmy I. LEON,0,0,0,0,0
Bell,E101,U.S. Senate,,Republican,George WASHINGTON,9,4,5,0,0
Bell,E101,U.S. Senate,,,Under Votes,10,5,3,1,1
Bell,E101,U.S. Senate,,,Over Votes,0,0,0,0,0
Bell,E101,Ballots Cast,,,,222,,,,
Bell,E101,U.S. House,5,Republican,Kevin SMITH,12,4,7,1,0
Bell,E101,U.S. House,5,Republican,Benjamin HURLEY,3,1,2,0,0
Bell,E101,U.S. House,5,Republican,Hal ROGERS,167,49,109,4,5
Bell,E101,U.S. House,5,Republican,Jerry Lee SHELTON,0,0,0,0,0
Bell,E101,U.S. House,5,Republican,Brandon R. MONHOLLEN,6,3,3,0,0
Bell,E101,U.S. House,5,,Under Votes,10,3,6,1,0
Bell,E101,U.S. House,5,,Over Votes,0,0,0,0,0
Bell,E101,Property Valuation Administrator,,,Blake Charles RAMEY,116,36,78,2,0
Bell,E101,Property Valuation Administrator,,,Ben BARNETT,76,22,46,3,5
Bell,E101,Property Valuation Administrator,,,Under Votes,6,2,3,1,0
Bell,E101,Property Valuation Administrator,,,Over Votes,0,0,0,0,0
Bell,E101,County Judge/Executive,,,Rick NELSON,127,40,76,6,5
Bell,E101,County Judge/Executive,,,"Al ""Albey"" BROCK",63,20,43,0,0
Bell,E101,County Judge/Executive,,,Under Votes,5,0,5,0,0
Bell,E101,County Judge/Executive,,,Over Votes,0,0,0,0,0
Bell,E101,Sheriff,,,"George ""Tooter"" HOWARD",96,33,59,3,1
Bell,E101,Sheriff,,,"Mitchell ""Mitch"" WILLIAMS",96,27,63,2,4
Bell,E101,Sheriff,,,Under Votes,6,0,5,1,0
Bell,E101,Sheriff,,,Over Votes,0,0,0,0,0
Bell,E101,Jailer,,,Barb VENABLE,41,6,31,4,0
Bell,E101,Jailer,,,Annie Jean NIERENGARTEN,35,15,19,1,0
Bell,E101,Jailer,,,"Tony ""Hobe"" TIGUE",18,3,15,0,0
Bell,E101,Jailer,,,"Derek ""Fuzz"" JONES",30,13,14,0,3
Bell,E101,Jailer,,,Josh COLLETT,70,21,48,0,1
Bell,E101,Jailer,,,Under Votes,4,2,0,1,1
Bell,E101,Jailer,,,Over Votes,0,0,0,0,0
Bell,E101,Coroner,,,Ethan WARREN,105,31,70,2,2
Bell,E101,Coroner,,,Jay STEELE,90,28,56,4,2
Bell,E101,Coroner,,,Under Votes,3,1,1,0,1
Bell,E101,Coroner,,,Over Votes,0,0,0,0,0
Bell,E101,Magistrate,,,Donnie SPARKS,12,2,10,0,0
Bell,E101,Magistrate,,,Joe HAMMONTREE,76,20,52,3,1
Bell,E101,Magistrate,,,John R. TROSPER,30,11,18,1,0
Bell,E101,Magistrate,,,Ronnie FUSON,57,19,33,2,3
Bell,E101,Magistrate,,,Steven ROBINSON,14,5,9,0,0
Bell,E101,Magistrate,,,Under Votes,9,3,5,0,1
Bell,E101,Magistrate,,,Over Votes,0,0,0,0,0
Bell,E101,U.S. Senate,,Democratic,Vincent Anthony THOMPSON,3,0,2,0,1
Bell,E101,U.S. Senate,,Democratic,Amy McGRATH,8,2,6,0,0
Bell,E101,U.S. Senate,,Democratic,Dale Lewis ROMANS,1,0,1,0,0
Bell,E101,U.S. Senate,,Democratic,Charles BOOKER,6,2,4,0,0
Bell,E101,U.S. Senate,,Democratic,Pamela STEVENSON,1,0,1,0,0
Bell,E101,U.S. Senate,,Democratic,Joshua BLANTON SR.,1,0,1,0,0
Bell,E101,U.S. Senate,,Democratic,Logan FORSYTHE,4,1,3,0,0
Bell,E102,U.S. Senate,,Republican,Daniel CAMERON,46,4,41,1,0
Bell,E102,U.S. Senate,,Republican,Jonathan M. HOLLIDAY,0,0,0,0,0
Bell,E102,U.S. Senate,,Republican,Andy BARR,180,27,143,6,4
Bell,E102,U.S. Senate,,Republican,"Valerie ""Dr Val"" FREDRICK",1,0,1,0,0
Bell,E102,U.S. Senate,,Republican,A. Nick SHELLEY,0,0,0,0,0
Bell,E102,U.S. Senate,,Republican,James D. DUNCAN,4,1,3,0,0
Bell,E102,U.S. Senate,,Republican,Michael James FARIS,2,0,2,0,0
Bell,E102,U.S. Senate,,Republican,Anissa CATLETT,1,0,1,0,0
Bell,E102,U.S. Senate,,Republican,Other Donald WENZEL,0,0,0,0,0
Bell,E102,U.S. Senate,,Republican,Jimmy I. LEON,1,0,1,0,0
Bell,E102,U.S. Senate,,Republican,George WASHINGTON,6,0,6,0,0
Bell,E102,U.S. Senate,,,Under Votes,32,2,29,1,0
Bell,E102,U.S. Senate,,,Over Votes,0,0,0,0,0
Bell,E102,Ballots Cast,,,,319,,,,
Bell,E102,U.S. House,5,Republican,Kevin SMITH,20,0,19,1,0
Bell,E102,U.S. House,5,Republican,Benjamin HURLEY,5,1,4,0,0
Bell,E102,U.S. House,5,Republican,Hal ROGERS,218,28,177,9,4
Bell,E102,U.S. House,5,Republican,Jerry Lee SHELTON,3,0,2,1,0
Bell,E102,U.S. House,5,Republican,Brandon R. MONHOLLEN,9,2,7,0,0
Bell,E102,U.S. House,5,,Under Votes,31,5,25,1,0
Bell,E102,U.S. House,5,,Over Votes,0,0,0,0,0
Bell,E102,Property Valuation Administrator,,,Blake Charles RAMEY,173,22,140,9,2
Bell,E102,Property Valuation Administrator,,,Ben BARNETT,106,13,90,2,1
Bell,E102,Property Valuation Administrator,,,Under Votes,7,1,4,1,1
Bell,E102,Property Valuation Administrator,,,Over Votes,0,0,0,0,0
Bell,E102,County Judge/Executive,,,Rick NELSON,216,26,178,8,4
Bell,E102,County Judge/Executive,,,"Al ""Albey"" BROCK",63,8,51,4,0
Bell,E102,County Judge/Executive,,,Under Votes,4,2,2,0,0
Bell,E102,County Judge/Executive,,,Over Votes,0,0,0,0,0
Bell,E102,Sheriff,,,"George ""Tooter"" HOWARD",130,15,109,6,0
Bell,E102,Sheriff,,,"Mitchell ""Mitch"" WILLIAMS",140,20,112,5,3
Bell,E102,Sheriff,,,Under Votes,16,1,13,1,1
Bell,E102,Sheriff,,,Over Votes,0,0,0,0,0
Bell,E102,Jailer,,,Barb VENABLE,47,8,35,4,0
Bell,E102,Jailer,,,Annie Jean NIERENGARTEN,63,3,58,0,2
Bell,E102,Jailer,,,"Tony ""Hobe"" TIGUE",43,8,34,0,1
Bell,E102,Jailer,,,"Derek ""Fuzz"" JONES",33,4,28,0,1
Bell,E102,Jailer,,,Josh COLLETT,92,12,73,7,0
Bell,E102,Jailer,,,Under Votes,8,1,6,1,0
Bell,E102,Jailer,,,Over Votes,0,0,0,0,0
Bell,E102,Coroner,,,Ethan WARREN,203,23,172,7,1
Bell,E102,Coroner,,,Jay STEELE,77,12,57,5,3
Bell,E102,Coroner,,,Under Votes,6,1,5,0,0
Bell,E102,Coroner,,,Over Votes,0,0,0,0,0
Bell,E102,Magistrate,,,Donnie SPARKS,5,1,4,0,0
Bell,E102,Magistrate,,,Joe HAMMONTREE,49,3,46,0,0
Bell,E102,Magistrate,,,John R. TROSPER,73,10,58,4,1
Bell,E102,Magistrate,,,Ronnie FUSON,145,21,113,8,3
Bell,E102,Magistrate,,,Steven ROBINSON,8,1,7,0,0
Bell,E102,Magistrate,,,Under Votes,6,0,6,0,0
Bell,E102,Magistrate,,,Over Votes,0,0,0,0,0
Bell,E102,U.S. Senate,,Democratic,Vincent Anthony THOMPSON,2,0,2,0,0
Bell,E102,U.S. Senate,,Democratic,Amy McGRATH,12,2,10,0,0
Bell,E102,U.S. Senate,,Democratic,Dale Lewis ROMANS,1,0,1,0,0
Bell,E102,U.S. Senate,,Democratic,Charles BOOKER,10,2,7,1,0
Bell,E102,U.S. Senate,,Democratic,Pamela STEVENSON,0,0,0,0,0
Bell,E102,U.S. Senate,,Democratic,Joshua BLANTON SR.,5,1,4,0,0
Bell,E102,U.S. Senate,,Democratic,Logan FORSYTHE,3,0,3,0,0
Bell,E103,U.S. Senate,,Republican,Daniel CAMERON,49,5,41,2,1
Bell,E103,U.S. Senate,,Republican,Jonathan M. HOLLIDAY,2,0,1,1,0
Bell,E103,U.S. Senate,,Republican,Andy BARR,123,25,95,1,2
Bell,E103,U.S. Senate,,Republican,"Valerie ""Dr Val"" FREDRICK",3,1,2,0,0
Bell,E103,U.S. Senate,,Republican,A. Nick SHELLEY,1,0,1,0,0
Bell,E103,U.S. Senate,,Republican,James D. DUNCAN,1,1,0,0,0
Bell,E103,U.S. Senate,,Republican,Michael James FARIS,1,0,1,0,0
Bell,E103,U.S. Senate,,Republican,Anissa CATLETT,1,0,1,0,0
Bell,E103,U.S. Senate,,Republican,Other Donald WENZEL,0,0,0,0,0
Bell,E103,U.S. Senate,,Republican,Jimmy I. LEON,0,0,0,0,0
Bell,E103,U.S. Senate,,Republican,George WASHINGTON,5,1,3,0,1
Bell,E103,U.S. Senate,,,Under Votes,15,0,13,1,1
Bell,E103,U.S. Senate,,,Over Votes,0,0,0,0,0
Bell,E103,Ballots Cast,,,,232,,,,
Bell,E103,U.S. House,5,Republican,Kevin SMITH,13,2,11,0,0
Bell,E103,U.S. House,5,Republican,Benjamin HURLEY,6,2,3,0,1
Bell,E103,U.S. House,5,Republican,Hal ROGERS,171,27,135,4,5
Bell,E103,U.S. House,5,Republican,Jerry Lee SHELTON,4,1,3,0,0
Bell,E103,U.S. House,5,Republican,Brandon R. MONHOLLEN,6,2,4,0,0
Bell,E103,U.S. House,5,,Under Votes,15,0,14,1,0
Bell,E103,U.S. House,5,,Over Votes,0,0,0,0,0
Bell,E103,Property Valuation Administrator,,,Blake Charles RAMEY,133,22,106,1,4
Bell,E103,Property Valuation Administrator,,,Ben BARNETT,73,12,55,4,2
Bell,E103,Property Valuation Administrator,,,Under Votes,9,0,9,0,0
Bell,E103,Property Valuation Administrator,,,Over Votes,0,0,0,0,0
Bell,E103,County Judge/Executive,,,Rick NELSON,148,25,113,5,5
Bell,E103,County Judge/Executive,,,"Al ""Albey"" BROCK",57,7,49,0,1
Bell,E103,County Judge/Executive,,,Under Votes,6,1,5,0,0
Bell,E103,County Judge/Executive,,,Over Votes,0,0,0,0,0
Bell,E103,Sheriff,,,"George ""Tooter"" HOWARD",84,19,59,3,3
Bell,E103,Sheriff,,,"Mitchell ""Mitch"" WILLIAMS",126,13,108,2,3
Bell,E103,Sheriff,,,Under Votes,5,2,3,0,0
Bell,E103,Sheriff,,,Over Votes,0,0,0,0,0
Bell,E103,Jailer,,,Barb VENABLE,50,8,39,2,1
Bell,E103,Jailer,,,Annie Jean NIERENGARTEN,27,3,23,0,1
Bell,E103,Jailer,,,"Tony ""Hobe"" TIGUE",13,3,8,0,2
Bell,E103,Jailer,,,"Derek ""Fuzz"" JONES",30,3,26,0,1
Bell,E103,Jailer,,,Josh COLLETT,85,16,66,2,1
Bell,E103,Jailer,,,Under Votes,10,1,8,1,0
Bell,E103,Jailer,,,Over Votes,0,0,0,0,0
Bell,E103,Coroner,,,Ethan WARREN,119,20,91,4,4
Bell,E103,Coroner,,,Jay STEELE,93,12,78,1,2
Bell,E103,Coroner,,,Under Votes,3,2,1,0,0
Bell,E103,Coroner,,,Over Votes,0,0,0,0,0
Bell,E103,Magistrate,,,Donnie SPARKS,9,0,8,1,0
Bell,E103,Magistrate,,,Joe HAMMONTREE,122,20,98,0,4
Bell,E103,Magistrate,,,John R. TROSPER,45,7,35,3,0
Bell,E103,Magistrate,,,Ronnie FUSON,24,4,19,1,0
Bell,E103,Magistrate,,,Steven ROBINSON,4,2,1,0,1
Bell,E103,Magistrate,,,Under Votes,11,1,9,0,1
Bell,E103,Magistrate,,,Over Votes,0,0,0,0,0
Bell,E103,U.S. Senate,,Democratic,Vincent Anthony THOMPSON,0,0,0,0,0
Bell,E103,U.S. Senate,,Democratic,Amy McGRATH,10,1,7,2,0
Bell,E103,U.S. Senate,,Democratic,Dale Lewis ROMANS,0,0,0,0,0
Bell,E103,U.S. Senate,,Democratic,Charles BOOKER,5,1,4,0,0
Bell,E103,U.S. Senate,,Democratic,Pamela STEVENSON,0,0,0,0,0
Bell,E103,U.S. Senate,,Democratic,Joshua BLANTON SR.,2,0,2,0,0
Bell,E103,U.S. Senate,,Democratic,Logan FORSYTHE,0,0,0,0,0
Bell,E104,U.S. Senate,,Republican,Daniel CAMERON,30,1,28,1,0
Bell,E104,U.S. Senate,,Republican,Jonathan M. HOLLIDAY,0,0,0,0,0
Bell,E104,U.S. Senate,,Republican,Andy BARR,133,22,107,3,1
Bell,E104,U.S. Senate,,Republican,"Valerie ""Dr Val"" FREDRICK",4,0,4,0,0
Bell,E104,U.S. Senate,,Republican,A. Nick SHELLEY,2,1,1,0,0
Bell,E104,U.S. Senate,,Republican,James D. DUNCAN,2,0,2,0,0
Bell,E104,U.S. Senate,,Republican,Michael James FARIS,0,0,0,0,0
Bell,E104,U.S. Senate,,Republican,Anissa CATLETT,1,0,1,0,0
Bell,E104,U.S. Senate,,Republican,Other Donald WENZEL,0,0,0,0,0
Bell,E104,U.S. Senate,,Republican,Jimmy I. LEON,1,0,1,0,0
Bell,E104,U.S. Senate,,Republican,George WASHINGTON,2,0,2,0,0
Bell,E104,U.S. Senate,,,Under Votes,14,1,11,1,1
Bell,E104,U.S. Senate,,,Over Votes,1,0,1,0,0
Bell,E104,Ballots Cast,,,,221,,,,
Bell,E104,U.S. House,5,Republican,Kevin SMITH,17,4,13,0,0
Bell,E104,U.S. House,5,Republican,Benjamin HURLEY,8,0,7,1,0
Bell,E104,U.S. House,5,Republican,Hal ROGERS,156,17,133,6,0
Bell,E104,U.S. House,5,Republican,Jerry Lee SHELTON,2,0,2,0,0
Bell,E104,U.S. House,5,Republican,Brandon R. MONHOLLEN,1,0,0,0,1
Bell,E104,U.S. House,5,,Under Votes,15,4,10,0,1
Bell,E104,U.S. House,5,,Over Votes,0,0,0,0,0
Bell,E104,Property Valuation Administrator,,,Blake Charles RAMEY,82,10,69,3,0
Bell,E104,Property Valuation Administrator,,,Ben BARNETT,113,15,92,4,2
Bell,E104,Property Valuation Administrator,,,Under Votes,4,0,4,0,0
Bell,E104,Property Valuation Administrator,,,Over Votes,0,0,0,0,0
Bell,E104,County Judge/Executive,,,Rick NELSON,83,10,69,4,0
Bell,E104,County Judge/Executive,,,"Al ""Albey"" BROCK",101,13,84,2,2
Bell,E104,County Judge/Executive,,,Under Votes,6,1,5,0,0
Bell,E104,County Judge/Executive,,,Over Votes,0,0,0,0,0
Bell,E104,Sheriff,,,"George ""Tooter"" HOWARD",60,8,47,5,0
Bell,E104,Sheriff,,,"Mitchell ""Mitch"" WILLIAMS",131,17,110,2,2
Bell,E104,Sheriff,,,Under Votes,8,0,8,0,0
Bell,E104,Sheriff,,,Over Votes,0,0,0,0,0
Bell,E104,Jailer,,,Barb VENABLE,58,7,49,1,1
Bell,E104,Jailer,,,Annie Jean NIERENGARTEN,13,4,8,1,0
Bell,E104,Jailer,,,"Tony ""Hobe"" TIGUE",21,3,17,1,0
Bell,E104,Jailer,,,"Derek ""Fuzz"" JONES",13,2,11,0,0
Bell,E104,Jailer,,,Josh COLLETT,83,8,71,3,1
Bell,E104,Jailer,,,Under Votes,11,1,9,1,0
Bell,E104,Jailer,,,Over Votes,0,0,0,0,0
Bell,E104,Coroner,,,Ethan WARREN,120,17,97,4,2
Bell,E104,Coroner,,,Jay STEELE,71,6,62,3,0
Bell,E104,Coroner,,,Under Votes,8,2,6,0,0
Bell,E104,Coroner,,,Over Votes,0,0,0,0,0
Bell,E104,Magistrate,,,Donnie SPARKS,11,0,11,0,0
Bell,E104,Magistrate,,,Joe HAMMONTREE,150,18,123,7,2
Bell,E104,Magistrate,,,John R. TROSPER,10,0,10,0,0
Bell,E104,Magistrate,,,Ronnie FUSON,13,5,8,0,0
Bell,E104,Magistrate,,,Steven ROBINSON,11,1,10,0,0
Bell,E104,Magistrate,,,Under Votes,4,1,3,0,0
Bell,E104,Magistrate,,,Over Votes,0,0,0,0,0
Bell,E104,U.S. Senate,,Democratic,Vincent Anthony THOMPSON,4,2,2,0,0
Bell,E104,U.S. Senate,,Democratic,Amy McGRATH,8,4,4,0,0
Bell,E104,U.S. Senate,,Democratic,Dale Lewis ROMANS,0,0,0,0,0
Bell,E104,U.S. Senate,,Democratic,Charles BOOKER,5,1,3,1,0
Bell,E104,U.S. Senate,,Democratic,Pamela STEVENSON,1,0,1,0,0
Bell,E104,U.S. Senate,,Democratic,Joshua BLANTON SR.,0,0,0,0,0
Bell,E104,U.S. Senate,,Democratic,Logan FORSYTHE,3,1,1,1,0
Bell,E105,U.S. Senate,,Republican,Daniel CAMERON,55,18,35,1,1
Bell,E105,U.S. Senate,,Republican,Jonathan M. HOLLIDAY,0,0,0,0,0
Bell,E105,U.S. Senate,,Republican,Andy BARR,140,43,87,4,6
Bell,E105,U.S. Senate,,Republican,"Valerie ""Dr Val"" FREDRICK",1,1,0,0,0
Bell,E105,U.S. Senate,,Republican,A. Nick SHELLEY,1,0,1,0,0
Bell,E105,U.S. Senate,,Republican,James D. DUNCAN,2,2,0,0,0
Bell,E105,U.S. Senate,,Republican,Michael James FARIS,1,0,1,0,0
Bell,E105,U.S. Senate,,Republican,Anissa CATLETT,0,0,0,0,0
Bell,E105,U.S. Senate,,Republican,Other Donald WENZEL,0,0,0,0,0
Bell,E105,U.S. Senate,,Republican,Jimmy I. LEON,0,0,0,0,0
Bell,E105,U.S. Senate,,Republican,George WASHINGTON,6,2,4,0,0
Bell,E105,U.S. Senate,,,Under Votes,14,4,7,1,2
Bell,E105,U.S. Senate,,,Over Votes,0,0,0,0,0
Bell,E105,Ballots Cast,,,,275,,,,
Bell,E105,U.S. House,5,Republican,Kevin SMITH,13,4,9,0,0
Bell,E105,U.S. House,5,Republican,Benjamin HURLEY,5,1,4,0,0
Bell,E105,U.S. House,5,Republican,Hal ROGERS,199,64,121,6,8
Bell,E105,U.S. House,5,Republican,Jerry Lee SHELTON,3,0,3,0,0
Bell,E105,U.S. House,5,Republican,Brandon R. MONHOLLEN,8,5,3,0,0
Bell,E105,U.S. House,5,,Under Votes,8,1,6,0,1
Bell,E105,U.S. House,5,,Over Votes,0,0,0,0,0
Bell,E105,Property Valuation Administrator,,,Blake Charles RAMEY,128,36,82,3,7
Bell,E105,Property Valuation Administrator,,,Ben BARNETT,101,36,60,3,2
Bell,E105,Property Valuation Administrator,,,Under Votes,7,3,4,0,0
Bell,E105,Property Valuation Administrator,,,Over Votes,0,0,0,0,0
Bell,E105,County Judge/Executive,,,Rick NELSON,168,56,98,6,8
Bell,E105,County Judge/Executive,,,"Al ""Albey"" BROCK",63,18,44,0,1
Bell,E105,County Judge/Executive,,,Under Votes,4,1,3,0,0
Bell,E105,County Judge/Executive,,,Over Votes,0,0,0,0,0
Bell,E105,Sheriff,,,"George ""Tooter"" HOWARD",112,38,68,3,3
Bell,E105,Sheriff,,,"Mitchell ""Mitch"" WILLIAMS",118,35,74,3,6
Bell,E105,Sheriff,,,Under Votes,6,2,4,0,0
Bell,E105,Sheriff,,,Over Votes,0,0,0,0,0
Bell,E105,Jailer,,,Barb VENABLE,86,27,53,2,4
Bell,E105,Jailer,,,Annie Jean NIERENGARTEN,34,11,19,0,4
Bell,E105,Jailer,,,"Tony ""Hobe"" TIGUE",10,2,8,0,0
Bell,E105,Jailer,,,"Derek ""Fuzz"" JONES",15,6,9,0,0
Bell,E105,Jailer,,,Josh COLLETT,83,26,53,3,1
Bell,E105,Jailer,,,Under Votes,7,3,4,0,0
Bell,E105,Jailer,,,Over Votes,1,0,0,1,0
Bell,E105,Coroner,,,Ethan WARREN,142,45,86,6,5
Bell,E105,Coroner,,,Jay STEELE,89,29,56,0,4
Bell,E105,Coroner,,,Under Votes,5,1,4,0,0
Bell,E105,Coroner,,,Over Votes,0,0,0,0,0
Bell,E105,Magistrate,,,Donnie SPARKS,46,16,27,0,3
Bell,E105,Magistrate,,,Joe HAMMONTREE,54,19,31,2,2
Bell,E105,Magistrate,,,John R. TROSPER,62,17,41,2,2
Bell,E105,Magistrate,,,Ronnie FUSON,22,6,13,2,1
Bell,E105,Magistrate,,,Steven ROBINSON,48,16,31,0,1
Bell,E105,Magistrate,,,Under Votes,4,1,3,0,0
Bell,E105,Magistrate,,,Over Votes,0,0,0,0,0
Bell,E105,U.S. Senate,,Democratic,Vincent Anthony THOMPSON,2,1,1,0,0
Bell,E105,U.S. Senate,,Democratic,Amy McGRATH,17,7,7,3,0
Bell,E105,U.S. Senate,,Democratic,Dale Lewis ROMANS,0,0,0,0,0
Bell,E105,U.S. Senate,,Democratic,Charles BOOKER,15,5,10,0,0
Bell,E105,U.S. Senate,,Democratic,Pamela STEVENSON,1,0,1,0,0
Bell,E105,U.S. Senate,,Democratic,Joshua BLANTON SR.,0,0,0,0,0
Bell,E105,U.S. Senate,,Democratic,Logan FORSYTHE,4,0,4,0,0
