county,precinct,office,district,party,candidate,votes,early_voting,election_day,absentee_mail,absentee
Warren,A101,U.S. Senate,,Republican,Anissa CATLETT,1,0,1,0,0
Warren,A101,U.S. Senate,,Republican,A. Nick SHELLEY,0,0,0,0,0
Warren,A101,U.S. Senate,,Republican,"Valerie ""Dr Val"" FREDRICK",3,1,2,0,0
Warren,A101,U.S. Senate,,Republican,Michael James FARIS,10,2,8,0,0
Warren,A101,U.S. Senate,,Republican,Other Donald WENZEL,0,0,0,0,0
Warren,A101,U.S. Senate,,Republican,Jonathan M. HOLLIDAY,1,0,1,0,0
Warren,A101,U.S. Senate,,Republican,George WASHINGTON,1,0,1,0,0
Warren,A101,U.S. Senate,,Republican,Andy BARR,127,26,99,2,0
Warren,A101,U.S. Senate,,Republican,Daniel CAMERON,69,15,53,1,0
Warren,A101,U.S. Senate,,Republican,Jimmy I. LEON,2,0,2,0,0
Warren,A101,U.S. Senate,,Republican,James D. DUNCAN,3,0,2,1,0
Warren,A101,U.S. Senate,,,Under Votes,5,1,3,1,0
Warren,A101,U.S. Senate,,,Over Votes,0,0,0,0,0
Warren,A101,U.S. House,2,Republican,"G. ""Shay"" PERRY-ADELMANN",15,1,13,1,0
Warren,A101,U.S. House,2,Republican,S. Brett GUTHRIE,193,42,147,4,0
Warren,A101,U.S. House,2,Republican,Joshua M. FERGUSON,11,2,9,0,0
Warren,A101,U.S. House,2,,Under Votes,8,0,8,0,0
Warren,A101,U.S. House,2,,Over Votes,0,0,0,0,0
Warren,A101,Ballots Cast,,,,403,,,,
Warren,A101,Sheriff,,,Brett HIGHTOWER,210,43,164,3,0
Warren,A101,Sheriff,,,Mark HEYUNGS,8,0,7,1,0
Warren,A101,Sheriff,,,Under Votes,9,2,6,1,0
Warren,A101,Sheriff,,,Over Votes,0,0,0,0,0
Warren,A101,Jailer,,,Javen M. ROBERSON,39,7,31,1,0
Warren,A101,Jailer,,,Stephen HARMON,177,36,138,3,0
Warren,A101,Jailer,,,Under Votes,11,2,8,1,0
Warren,A101,Jailer,,,Over Votes,0,0,0,0,0
Warren,A101,U.S. Senate,,Democratic,Logan FORSYTHE,6,1,5,0,0
Warren,A101,U.S. Senate,,Democratic,Amy McGRATH,62,14,46,2,0
Warren,A101,U.S. Senate,,Democratic,Dale Lewis ROMANS,0,0,0,0,0
Warren,A101,U.S. Senate,,Democratic,Joshua BLANTON SR.,1,0,1,0,0
Warren,A101,U.S. Senate,,Democratic,Vincent Anthony THOMPSON,0,0,0,0,0
Warren,A101,U.S. Senate,,Democratic,Charles BOOKER,103,12,91,0,0
Warren,A101,U.S. Senate,,Democratic,Pamela STEVENSON,3,0,3,0,0
Warren,A101,U.S. Senate,,,Under Votes,1,1,0,0,0
Warren,A101,U.S. Senate,,,Over Votes,0,0,0,0,0
Warren,A101,U.S. House,2,Democratic,David S. HATFIELD,22,3,19,0,0
Warren,A101,U.S. House,2,Democratic,Megan WINGFIELD,78,15,61,2,0
Warren,A101,U.S. House,2,Democratic,Hank LINDERMAN,19,3,16,0,0
Warren,A101,U.S. House,2,Democratic,William Dakota COMPTON,48,5,43,0,0
Warren,A101,U.S. House,2,,Under Votes,9,2,7,0,0
Warren,A101,U.S. House,2,,Over Votes,0,0,0,0,0
Warren,A102,U.S. Senate,,Republican,Anissa CATLETT,7,0,6,1,0
Warren,A102,U.S. Senate,,Republican,A. Nick SHELLEY,1,0,1,0,0
Warren,A102,U.S. Senate,,Republican,"Valerie ""Dr Val"" FREDRICK",5,0,5,0,0
Warren,A102,U.S. Senate,,Republican,Michael James FARIS,7,3,4,0,0
Warren,A102,U.S. Senate,,Republican,Other Donald WENZEL,0,0,0,0,0
Warren,A102,U.S. Senate,,Republican,Jonathan M. HOLLIDAY,3,1,2,0,0
Warren,A102,U.S. Senate,,Republican,George WASHINGTON,3,0,3,0,0
Warren,A102,U.S. Senate,,Republican,Andy BARR,257,64,186,7,0
Warren,A102,U.S. Senate,,Republican,Daniel CAMERON,96,24,71,1,0
Warren,A102,U.S. Senate,,Republican,Jimmy I. LEON,2,1,1,0,0
Warren,A102,U.S. Senate,,Republican,James D. DUNCAN,3,1,2,0,0
Warren,A102,U.S. Senate,,,Under Votes,9,5,4,0,0
Warren,A102,U.S. Senate,,,Over Votes,0,0,0,0,0
Warren,A102,U.S. House,2,Republican,"G. ""Shay"" PERRY-ADELMANN",12,1,10,1,0
Warren,A102,U.S. House,2,Republican,S. Brett GUTHRIE,354,92,254,8,0
Warren,A102,U.S. House,2,Republican,Joshua M. FERGUSON,29,6,23,0,0
Warren,A102,U.S. House,2,,Under Votes,5,1,4,0,0
Warren,A102,U.S. House,2,,Over Votes,0,0,0,0,0
Warren,A102,Ballots Cast,,,,754,,,,
Warren,A102,Sheriff,,,Brett HIGHTOWER,364,94,264,6,0
Warren,A102,Sheriff,,,Mark HEYUNGS,30,4,23,3,0
Warren,A102,Sheriff,,,Under Votes,6,2,4,0,0
Warren,A102,Sheriff,,,Over Votes,0,0,0,0,0
Warren,A102,Jailer,,,Javen M. ROBERSON,95,15,79,1,0
Warren,A102,Jailer,,,Stephen HARMON,283,83,192,8,0
Warren,A102,Jailer,,,Under Votes,22,2,20,0,0
Warren,A102,Jailer,,,Over Votes,0,0,0,0,0
Warren,A102,U.S. Senate,,Democratic,Logan FORSYTHE,8,2,6,0,0
Warren,A102,U.S. Senate,,Democratic,Amy McGRATH,130,41,88,0,1
Warren,A102,U.S. Senate,,Democratic,Dale Lewis ROMANS,5,0,4,1,0
Warren,A102,U.S. Senate,,Democratic,Joshua BLANTON SR.,3,0,3,0,0
Warren,A102,U.S. Senate,,Democratic,Vincent Anthony THOMPSON,1,1,0,0,0
Warren,A102,U.S. Senate,,Democratic,Charles BOOKER,190,41,148,1,0
Warren,A102,U.S. Senate,,Democratic,Pamela STEVENSON,14,5,8,0,1
Warren,A102,U.S. Senate,,,Under Votes,3,1,2,0,0
Warren,A102,U.S. Senate,,,Over Votes,0,0,0,0,0
Warren,A102,U.S. House,2,Democratic,David S. HATFIELD,40,8,32,0,0
Warren,A102,U.S. House,2,Democratic,Megan WINGFIELD,147,38,109,0,0
Warren,A102,U.S. House,2,Democratic,Hank LINDERMAN,73,20,51,1,1
Warren,A102,U.S. House,2,Democratic,William Dakota COMPTON,79,20,57,1,1
Warren,A102,U.S. House,2,,Under Votes,15,5,10,0,0
Warren,A102,U.S. House,2,,Over Votes,0,0,0,0,0
Warren,A103,U.S. Senate,,Republican,Anissa CATLETT,1,1,0,0,0
Warren,A103,U.S. Senate,,Republican,A. Nick SHELLEY,1,0,1,0,0
Warren,A103,U.S. Senate,,Republican,"Valerie ""Dr Val"" FREDRICK",3,0,3,0,0
Warren,A103,U.S. Senate,,Republican,Michael James FARIS,8,1,7,0,0
Warren,A103,U.S. Senate,,Republican,Other Donald WENZEL,0,0,0,0,0
Warren,A103,U.S. Senate,,Republican,Jonathan M. HOLLIDAY,0,0,0,0,0
Warren,A103,U.S. Senate,,Republican,George WASHINGTON,1,0,1,0,0
Warren,A103,U.S. Senate,,Republican,Andy BARR,252,80,162,5,5
Warren,A103,U.S. Senate,,Republican,Daniel CAMERON,90,35,53,1,1
Warren,A103,U.S. Senate,,Republican,Jimmy I. LEON,0,0,0,0,0
Warren,A103,U.S. Senate,,Republican,James D. DUNCAN,2,1,1,0,0
Warren,A103,U.S. Senate,,,Under Votes,3,1,2,0,0
Warren,A103,U.S. Senate,,,Over Votes,0,0,0,0,0
Warren,A103,U.S. House,2,Republican,"G. ""Shay"" PERRY-ADELMANN",4,2,2,0,0
Warren,A103,U.S. House,2,Republican,S. Brett GUTHRIE,344,116,216,6,6
Warren,A103,U.S. House,2,Republican,Joshua M. FERGUSON,13,4,9,0,0
Warren,A103,U.S. House,2,,Under Votes,9,1,8,0,0
Warren,A103,U.S. House,2,,Over Votes,0,0,0,0,0
Warren,A103,Ballots Cast,,,,607,,,,
Warren,A103,Sheriff,,,Brett HIGHTOWER,335,115,212,4,4
Warren,A103,Sheriff,,,Mark HEYUNGS,28,8,16,2,2
Warren,A103,Sheriff,,,Under Votes,7,0,7,0,0
Warren,A103,Sheriff,,,Over Votes,0,0,0,0,0
Warren,A103,Jailer,,,Javen M. ROBERSON,66,18,46,0,2
Warren,A103,Jailer,,,Stephen HARMON,277,98,169,6,4
Warren,A103,Jailer,,,Under Votes,27,7,20,0,0
Warren,A103,Jailer,,,Over Votes,0,0,0,0,0
Warren,A103,U.S. Senate,,Democratic,Logan FORSYTHE,4,1,3,0,0
Warren,A103,U.S. Senate,,Democratic,Amy McGRATH,105,36,65,3,1
Warren,A103,U.S. Senate,,Democratic,Dale Lewis ROMANS,4,2,2,0,0
Warren,A103,U.S. Senate,,Democratic,Joshua BLANTON SR.,4,1,3,0,0
Warren,A103,U.S. Senate,,Democratic,Vincent Anthony THOMPSON,3,0,3,0,0
Warren,A103,U.S. Senate,,Democratic,Charles BOOKER,102,21,79,2,0
Warren,A103,U.S. Senate,,Democratic,Pamela STEVENSON,13,4,8,1,0
Warren,A103,U.S. Senate,,,Under Votes,2,1,1,0,0
Warren,A103,U.S. Senate,,,Over Votes,0,0,0,0,0
Warren,A103,U.S. House,2,Democratic,David S. HATFIELD,30,2,26,2,0
Warren,A103,U.S. House,2,Democratic,Megan WINGFIELD,108,26,78,3,1
Warren,A103,U.S. House,2,Democratic,Hank LINDERMAN,43,19,24,0,0
Warren,A103,U.S. House,2,Democratic,William Dakota COMPTON,48,17,30,1,0
Warren,A103,U.S. House,2,,Under Votes,8,2,6,0,0
Warren,A103,U.S. House,2,,Over Votes,0,0,0,0,0
Warren,A104A,U.S. Senate,,Republican,Anissa CATLETT,0,0,0,0,0
Warren,A104A,U.S. Senate,,Republican,A. Nick SHELLEY,1,0,1,0,0
Warren,A104A,U.S. Senate,,Republican,"Valerie ""Dr Val"" FREDRICK",3,0,1,2,0
Warren,A104A,U.S. Senate,,Republican,Michael James FARIS,1,0,1,0,0
Warren,A104A,U.S. Senate,,Republican,Other Donald WENZEL,0,0,0,0,0
Warren,A104A,U.S. Senate,,Republican,Jonathan M. HOLLIDAY,0,0,0,0,0
Warren,A104A,U.S. Senate,,Republican,George WASHINGTON,0,0,0,0,0
Warren,A104A,U.S. Senate,,Republican,Andy BARR,61,15,43,3,0
Warren,A104A,U.S. Senate,,Republican,Daniel CAMERON,21,6,15,0,0
Warren,A104A,U.S. Senate,,Republican,Jimmy I. LEON,0,0,0,0,0
Warren,A104A,U.S. Senate,,Republican,James D. DUNCAN,2,0,2,0,0
Warren,A104A,U.S. Senate,,,Under Votes,0,0,0,0,0
Warren,A104A,U.S. Senate,,,Over Votes,0,0,0,0,0
Warren,A104A,U.S. House,2,Republican,"G. ""Shay"" PERRY-ADELMANN",8,0,6,2,0
Warren,A104A,U.S. House,2,Republican,S. Brett GUTHRIE,77,21,53,3,0
Warren,A104A,U.S. House,2,Republican,Joshua M. FERGUSON,3,1,2,0,0
Warren,A104A,U.S. House,2,,Under Votes,2,0,2,0,0
Warren,A104A,U.S. House,2,,Over Votes,0,0,0,0,0
Warren,A104A,Ballots Cast,,,,226,,,,
Warren,A104A,Sheriff,,,Brett HIGHTOWER,76,20,53,3,0
Warren,A104A,Sheriff,,,Mark HEYUNGS,10,2,6,2,0
Warren,A104A,Sheriff,,,Under Votes,4,0,4,0,0
Warren,A104A,Sheriff,,,Over Votes,0,0,0,0,0
Warren,A104A,Jailer,,,Javen M. ROBERSON,12,4,8,0,0
Warren,A104A,Jailer,,,Stephen HARMON,69,18,46,5,0
Warren,A104A,Jailer,,,Under Votes,9,0,9,0,0
Warren,A104A,Jailer,,,Over Votes,0,0,0,0,0
Warren,A104A,U.S. Senate,,Democratic,Logan FORSYTHE,1,0,1,0,0
Warren,A104A,U.S. Senate,,Democratic,Amy McGRATH,47,19,27,1,0
Warren,A104A,U.S. Senate,,Democratic,Dale Lewis ROMANS,0,0,0,0,0
Warren,A104A,U.S. Senate,,Democratic,Joshua BLANTON SR.,2,1,1,0,0
Warren,A104A,U.S. Senate,,Democratic,Vincent Anthony THOMPSON,0,0,0,0,0
Warren,A104A,U.S. Senate,,Democratic,Charles BOOKER,82,16,62,2,2
Warren,A104A,U.S. Senate,,Democratic,Pamela STEVENSON,4,0,4,0,0
Warren,A104A,U.S. Senate,,,Under Votes,0,0,0,0,0
Warren,A104A,U.S. Senate,,,Over Votes,0,0,0,0,0
Warren,A104A,U.S. House,2,Democratic,David S. HATFIELD,14,6,7,1,0
Warren,A104A,U.S. House,2,Democratic,Megan WINGFIELD,67,18,45,2,2
Warren,A104A,U.S. House,2,Democratic,Hank LINDERMAN,30,7,23,0,0
Warren,A104A,U.S. House,2,Democratic,William Dakota COMPTON,19,4,15,0,0
Warren,A104A,U.S. House,2,,Under Votes,6,1,5,0,0
Warren,A104A,U.S. House,2,,Over Votes,0,0,0,0,0
Warren,A105A,U.S. Senate,,Republican,Anissa CATLETT,2,1,1,0,0
Warren,A105A,U.S. Senate,,Republican,A. Nick SHELLEY,0,0,0,0,0
Warren,A105A,U.S. Senate,,Republican,"Valerie ""Dr Val"" FREDRICK",3,1,2,0,0
Warren,A105A,U.S. Senate,,Republican,Michael James FARIS,3,0,3,0,0
Warren,A105A,U.S. Senate,,Republican,Other Donald WENZEL,0,0,0,0,0
Warren,A105A,U.S. Senate,,Republican,Jonathan M. HOLLIDAY,4,0,4,0,0
Warren,A105A,U.S. Senate,,Republican,George WASHINGTON,1,0,1,0,0
Warren,A105A,U.S. Senate,,Republican,Andy BARR,80,18,61,1,0
Warren,A105A,U.S. Senate,,Republican,Daniel CAMERON,38,3,33,2,0
Warren,A105A,U.S. Senate,,Republican,Jimmy I. LEON,0,0,0,0,0
Warren,A105A,U.S. Senate,,Republican,James D. DUNCAN,1,1,0,0,0
Warren,A105A,U.S. Senate,,,Under Votes,4,0,4,0,0
Warren,A105A,U.S. Senate,,,Over Votes,0,0,0,0,0
Warren,A105A,U.S. House,2,Republican,"G. ""Shay"" PERRY-ADELMANN",5,2,3,0,0
Warren,A105A,U.S. House,2,Republican,S. Brett GUTHRIE,117,18,96,3,0
Warren,A105A,U.S. House,2,Republican,Joshua M. FERGUSON,12,3,9,0,0
Warren,A105A,U.S. House,2,,Under Votes,5,1,4,0,0
Warren,A105A,U.S. House,2,,Over Votes,0,0,0,0,0
Warren,A105A,Ballots Cast,,,,306,,,,
Warren,A105A,Sheriff,,,Brett HIGHTOWER,129,23,103,3,0
Warren,A105A,Sheriff,,,Mark HEYUNGS,8,1,7,0,0
Warren,A105A,Sheriff,,,Under Votes,2,0,2,0,0
Warren,A105A,Sheriff,,,Over Votes,0,0,0,0,0
Warren,A105A,Jailer,,,Javen M. ROBERSON,14,4,9,1,0
Warren,A105A,Jailer,,,Stephen HARMON,116,19,95,2,0
Warren,A105A,Jailer,,,Under Votes,9,1,8,0,0
Warren,A105A,Jailer,,,Over Votes,0,0,0,0,0
Warren,A105A,U.S. Senate,,Democratic,Logan FORSYTHE,5,1,3,1,0
Warren,A105A,U.S. Senate,,Democratic,Amy McGRATH,70,16,51,3,0
Warren,A105A,U.S. Senate,,Democratic,Dale Lewis ROMANS,4,0,4,0,0
Warren,A105A,U.S. Senate,,Democratic,Joshua BLANTON SR.,0,0,0,0,0
Warren,A105A,U.S. Senate,,Democratic,Vincent Anthony THOMPSON,1,0,1,0,0
Warren,A105A,U.S. Senate,,Democratic,Charles BOOKER,79,9,69,1,0
Warren,A105A,U.S. Senate,,Democratic,Pamela STEVENSON,7,2,4,1,0
Warren,A105A,U.S. Senate,,,Under Votes,1,1,0,0,0
Warren,A105A,U.S. Senate,,,Over Votes,0,0,0,0,0
Warren,A105A,U.S. House,2,Democratic,David S. HATFIELD,10,1,8,1,0
Warren,A105A,U.S. House,2,Democratic,Megan WINGFIELD,62,6,54,2,0
Warren,A105A,U.S. House,2,Democratic,Hank LINDERMAN,45,11,34,0,0
Warren,A105A,U.S. House,2,Democratic,William Dakota COMPTON,40,9,28,3,0
Warren,A105A,U.S. House,2,,Under Votes,10,2,8,0,0
Warren,A105A,U.S. House,2,,Over Votes,0,0,0,0,0
Warren,A106A,U.S. Senate,,Republican,Anissa CATLETT,3,0,3,0,0
Warren,A106A,U.S. Senate,,Republican,A. Nick SHELLEY,3,2,1,0,0
Warren,A106A,U.S. Senate,,Republican,"Valerie ""Dr Val"" FREDRICK",3,0,3,0,0
Warren,A106A,U.S. Senate,,Republican,Michael James FARIS,5,1,2,2,0
Warren,A106A,U.S. Senate,,Republican,Other Donald WENZEL,0,0,0,0,0
Warren,A106A,U.S. Senate,,Republican,Jonathan M. HOLLIDAY,0,0,0,0,0
Warren,A106A,U.S. Senate,,Republican,George WASHINGTON,2,0,2,0,0
Warren,A106A,U.S. Senate,,Republican,Andy BARR,153,35,111,6,1
Warren,A106A,U.S. Senate,,Republican,Daniel CAMERON,75,25,47,0,3
Warren,A106A,U.S. Senate,,Republican,Jimmy I. LEON,1,0,0,1,0
Warren,A106A,U.S. Senate,,Republican,James D. DUNCAN,3,1,2,0,0
Warren,A106A,U.S. Senate,,,Under Votes,7,1,6,0,0
Warren,A106A,U.S. Senate,,,Over Votes,0,0,0,0,0
Warren,A106A,U.S. House,2,Republican,"G. ""Shay"" PERRY-ADELMANN",10,2,8,0,0
Warren,A106A,U.S. House,2,Republican,S. Brett GUTHRIE,229,59,157,9,4
Warren,A106A,U.S. House,2,Republican,Joshua M. FERGUSON,12,3,9,0,0
Warren,A106A,U.S. House,2,,Under Votes,12,2,10,0,0
Warren,A106A,U.S. House,2,,Over Votes,0,0,0,0,0
Warren,A106A,Ballots Cast,,,,452,,,,
Warren,A106A,Sheriff,,,Brett HIGHTOWER,249,64,172,9,4
Warren,A106A,Sheriff,,,Mark HEYUNGS,10,1,9,0,0
Warren,A106A,Sheriff,,,Under Votes,4,1,3,0,0
Warren,A106A,Sheriff,,,Over Votes,0,0,0,0,0
Warren,A106A,Jailer,,,Javen M. ROBERSON,30,10,17,3,0
Warren,A106A,Jailer,,,Stephen HARMON,220,55,156,5,4
Warren,A106A,Jailer,,,Under Votes,13,1,11,1,0
Warren,A106A,Jailer,,,Over Votes,0,0,0,0,0
Warren,A106A,U.S. Senate,,Democratic,Logan FORSYTHE,2,1,1,0,0
Warren,A106A,U.S. Senate,,Democratic,Amy McGRATH,89,37,50,2,0
Warren,A106A,U.S. Senate,,Democratic,Dale Lewis ROMANS,1,0,1,0,0
Warren,A106A,U.S. Senate,,Democratic,Joshua BLANTON SR.,4,1,2,1,0
Warren,A106A,U.S. Senate,,Democratic,Vincent Anthony THOMPSON,1,1,0,0,0
Warren,A106A,U.S. Senate,,Democratic,Charles BOOKER,83,22,60,1,0
Warren,A106A,U.S. Senate,,Democratic,Pamela STEVENSON,6,2,4,0,0
Warren,A106A,U.S. Senate,,,Under Votes,3,1,2,0,0
Warren,A106A,U.S. Senate,,,Over Votes,0,0,0,0,0
Warren,A106A,U.S. House,2,Democratic,David S. HATFIELD,14,7,6,1,0
Warren,A106A,U.S. House,2,Democratic,Megan WINGFIELD,70,27,43,0,0
Warren,A106A,U.S. House,2,Democratic,Hank LINDERMAN,40,14,25,1,0
Warren,A106A,U.S. House,2,Democratic,William Dakota COMPTON,51,14,35,2,0
Warren,A106A,U.S. House,2,,Under Votes,14,3,11,0,0
Warren,A106A,U.S. House,2,,Over Votes,0,0,0,0,0
Warren,A107A,U.S. Senate,,Republican,Anissa CATLETT,1,0,1,0,0
Warren,A107A,U.S. Senate,,Republican,A. Nick SHELLEY,0,0,0,0,0
Warren,A107A,U.S. Senate,,Republican,"Valerie ""Dr Val"" FREDRICK",0,0,0,0,0
Warren,A107A,U.S. Senate,,Republican,Michael James FARIS,1,0,1,0,0
Warren,A107A,U.S. Senate,,Republican,Other Donald WENZEL,0,0,0,0,0
Warren,A107A,U.S. Senate,,Republican,Jonathan M. HOLLIDAY,1,1,0,0,0
Warren,A107A,U.S. Senate,,Republican,George WASHINGTON,1,0,1,0,0
Warren,A107A,U.S. Senate,,Republican,Andy BARR,96,39,53,2,2
Warren,A107A,U.S. Senate,,Republican,Daniel CAMERON,41,13,28,0,0
Warren,A107A,U.S. Senate,,Republican,Jimmy I. LEON,0,0,0,0,0
Warren,A107A,U.S. Senate,,Republican,James D. DUNCAN,0,0,0,0,0
Warren,A107A,U.S. Senate,,,Under Votes,0,0,0,0,0
Warren,A107A,U.S. Senate,,,Over Votes,0,0,0,0,0
Warren,A107A,U.S. House,2,Republican,"G. ""Shay"" PERRY-ADELMANN",6,4,2,0,0
Warren,A107A,U.S. House,2,Republican,S. Brett GUTHRIE,134,49,81,2,2
Warren,A107A,U.S. House,2,Republican,Joshua M. FERGUSON,1,0,1,0,0
Warren,A107A,U.S. House,2,,Under Votes,1,0,1,0,0
Warren,A107A,U.S. House,2,,Over Votes,0,0,0,0,0
Warren,A107A,Ballots Cast,,,,209,,,,
Warren,A107A,Sheriff,,,Brett HIGHTOWER,135,50,81,2,2
Warren,A107A,Sheriff,,,Mark HEYUNGS,5,2,3,0,0
Warren,A107A,Sheriff,,,Under Votes,2,1,1,0,0
Warren,A107A,Sheriff,,,Over Votes,0,0,0,0,0
Warren,A107A,Jailer,,,Javen M. ROBERSON,7,4,2,1,0
Warren,A107A,Jailer,,,Stephen HARMON,124,48,73,1,2
Warren,A107A,Jailer,,,Under Votes,11,1,10,0,0
Warren,A107A,Jailer,,,Over Votes,0,0,0,0,0
Warren,A107A,U.S. Senate,,Democratic,Logan FORSYTHE,0,0,0,0,0
Warren,A107A,U.S. Senate,,Democratic,Amy McGRATH,39,16,20,3,0
Warren,A107A,U.S. Senate,,Democratic,Dale Lewis ROMANS,0,0,0,0,0
Warren,A107A,U.S. Senate,,Democratic,Joshua BLANTON SR.,2,2,0,0,0
Warren,A107A,U.S. Senate,,Democratic,Vincent Anthony THOMPSON,0,0,0,0,0
Warren,A107A,U.S. Senate,,Democratic,Charles BOOKER,20,7,10,3,0
Warren,A107A,U.S. Senate,,Democratic,Pamela STEVENSON,6,3,2,1,0
Warren,A107A,U.S. Senate,,,Under Votes,0,0,0,0,0
Warren,A107A,U.S. Senate,,,Over Votes,0,0,0,0,0
Warren,A107A,U.S. House,2,Democratic,David S. HATFIELD,2,0,2,0,0
Warren,A107A,U.S. House,2,Democratic,Megan WINGFIELD,22,8,11,3,0
Warren,A107A,U.S. House,2,Democratic,Hank LINDERMAN,14,10,4,0,0
Warren,A107A,U.S. House,2,Democratic,William Dakota COMPTON,25,10,11,4,0
Warren,A107A,U.S. House,2,,Under Votes,4,0,4,0,0
Warren,A107A,U.S. House,2,,Over Votes,0,0,0,0,0
Warren,B101A,U.S. Senate,,Republican,Anissa CATLETT,1,1,0,0,0
Warren,B101A,U.S. Senate,,Republican,A. Nick SHELLEY,0,0,0,0,0
Warren,B101A,U.S. Senate,,Republican,"Valerie ""Dr Val"" FREDRICK",1,1,0,0,0
Warren,B101A,U.S. Senate,,Republican,Michael James FARIS,4,1,3,0,0
Warren,B101A,U.S. Senate,,Republican,Other Donald WENZEL,0,0,0,0,0
Warren,B101A,U.S. Senate,,Republican,Jonathan M. HOLLIDAY,0,0,0,0,0
Warren,B101A,U.S. Senate,,Republican,George WASHINGTON,1,0,1,0,0
Warren,B101A,U.S. Senate,,Republican,Andy BARR,49,6,40,3,0
Warren,B101A,U.S. Senate,,Republican,Daniel CAMERON,24,0,24,0,0
Warren,B101A,U.S. Senate,,Republican,Jimmy I. LEON,1,0,1,0,0
Warren,B101A,U.S. Senate,,Republican,James D. DUNCAN,0,0,0,0,0
Warren,B101A,U.S. Senate,,,Under Votes,1,0,1,0,0
Warren,B101A,U.S. Senate,,,Over Votes,0,0,0,0,0
Warren,B101A,U.S. House,2,Republican,"G. ""Shay"" PERRY-ADELMANN",4,2,2,0,0
Warren,B101A,U.S. House,2,Republican,S. Brett GUTHRIE,70,6,61,3,0
Warren,B101A,U.S. House,2,Republican,Joshua M. FERGUSON,8,1,7,0,0
Warren,B101A,U.S. House,2,,Under Votes,1,0,1,0,0
Warren,B101A,U.S. House,2,,Over Votes,0,0,0,0,0
Warren,B101A,Ballots Cast,,,,295,,,,
Warren,B101A,Sheriff,,,Brett HIGHTOWER,72,9,60,3,0
Warren,B101A,Sheriff,,,Mark HEYUNGS,9,0,9,0,0
Warren,B101A,Sheriff,,,Under Votes,2,0,2,0,0
Warren,B101A,Sheriff,,,Over Votes,0,0,0,0,0
Warren,B101A,Jailer,,,Javen M. ROBERSON,23,2,21,0,0
Warren,B101A,Jailer,,,Stephen HARMON,55,7,45,3,0
Warren,B101A,Jailer,,,Under Votes,5,0,5,0,0
Warren,B101A,Jailer,,,Over Votes,0,0,0,0,0
Warren,B101A,U.S. Senate,,Democratic,Logan FORSYTHE,2,0,2,0,0
Warren,B101A,U.S. Senate,,Democratic,Amy McGRATH,62,15,42,3,2
Warren,B101A,U.S. Senate,,Democratic,Dale Lewis ROMANS,2,1,0,1,0
Warren,B101A,U.S. Senate,,Democratic,Joshua BLANTON SR.,1,0,1,0,0
Warren,B101A,U.S. Senate,,Democratic,Vincent Anthony THOMPSON,0,0,0,0,0
Warren,B101A,U.S. Senate,,Democratic,Charles BOOKER,136,11,122,3,0
Warren,B101A,U.S. Senate,,Democratic,Pamela STEVENSON,8,4,3,1,0
Warren,B101A,U.S. Senate,,,Under Votes,1,0,1,0,0
Warren,B101A,U.S. Senate,,,Over Votes,0,0,0,0,0
Warren,B101A,U.S. House,2,Democratic,David S. HATFIELD,11,1,9,1,0
Warren,B101A,U.S. House,2,Democratic,Megan WINGFIELD,99,15,83,1,0
Warren,B101A,U.S. House,2,Democratic,Hank LINDERMAN,33,6,25,2,0
Warren,B101A,U.S. House,2,Democratic,William Dakota COMPTON,64,9,49,4,2
Warren,B101A,U.S. House,2,,Under Votes,5,0,5,0,0
Warren,B101A,U.S. House,2,,Over Votes,0,0,0,0,0
Warren,B102A,U.S. Senate,,Republican,Anissa CATLETT,0,0,0,0,0
Warren,B102A,U.S. Senate,,Republican,A. Nick SHELLEY,0,0,0,0,0
Warren,B102A,U.S. Senate,,Republican,"Valerie ""Dr Val"" FREDRICK",0,0,0,0,0
Warren,B102A,U.S. Senate,,Republican,Michael James FARIS,0,0,0,0,0
Warren,B102A,U.S. Senate,,Republican,Other Donald WENZEL,0,0,0,0,0
Warren,B102A,U.S. Senate,,Republican,Jonathan M. HOLLIDAY,0,0,0,0,0
Warren,B102A,U.S. Senate,,Republican,George WASHINGTON,0,0,0,0,0
Warren,B102A,U.S. Senate,,Republican,Andy BARR,8,2,6,0,0
Warren,B102A,U.S. Senate,,Republican,Daniel CAMERON,5,0,5,0,0
Warren,B102A,U.S. Senate,,Republican,Jimmy I. LEON,0,0,0,0,0
Warren,B102A,U.S. Senate,,Republican,James D. DUNCAN,0,0,0,0,0
Warren,B102A,U.S. Senate,,,Under Votes,1,0,1,0,0
Warren,B102A,U.S. Senate,,,Over Votes,0,0,0,0,0
Warren,B102A,U.S. House,2,Republican,"G. ""Shay"" PERRY-ADELMANN",0,0,0,0,0
Warren,B102A,U.S. House,2,Republican,S. Brett GUTHRIE,12,2,10,0,0
Warren,B102A,U.S. House,2,Republican,Joshua M. FERGUSON,0,0,0,0,0
Warren,B102A,U.S. House,2,,Under Votes,2,0,2,0,0
Warren,B102A,U.S. House,2,,Over Votes,0,0,0,0,0
Warren,B102A,Ballots Cast,,,,61,,,,
Warren,B102A,Sheriff,,,Brett HIGHTOWER,13,2,11,0,0
Warren,B102A,Sheriff,,,Mark HEYUNGS,1,0,1,0,0
Warren,B102A,Sheriff,,,Under Votes,0,0,0,0,0
Warren,B102A,Sheriff,,,Over Votes,0,0,0,0,0
Warren,B102A,Jailer,,,Javen M. ROBERSON,0,0,0,0,0
Warren,B102A,Jailer,,,Stephen HARMON,13,2,11,0,0
Warren,B102A,Jailer,,,Under Votes,1,0,1,0,0
Warren,B102A,Jailer,,,Over Votes,0,0,0,0,0
Warren,B102A,U.S. Senate,,Democratic,Logan FORSYTHE,0,0,0,0,0
Warren,B102A,U.S. Senate,,Democratic,Amy McGRATH,13,8,4,1,0
Warren,B102A,U.S. Senate,,Democratic,Dale Lewis ROMANS,0,0,0,0,0
Warren,B102A,U.S. Senate,,Democratic,Joshua BLANTON SR.,0,0,0,0,0
Warren,B102A,U.S. Senate,,Democratic,Vincent Anthony THOMPSON,0,0,0,0,0
Warren,B102A,U.S. Senate,,Democratic,Charles BOOKER,32,1,29,2,0
Warren,B102A,U.S. Senate,,Democratic,Pamela STEVENSON,2,0,2,0,0
Warren,B102A,U.S. Senate,,,Under Votes,0,0,0,0,0
Warren,B102A,U.S. Senate,,,Over Votes,0,0,0,0,0
Warren,B102A,U.S. House,2,Democratic,David S. HATFIELD,4,1,3,0,0
Warren,B102A,U.S. House,2,Democratic,Megan WINGFIELD,19,2,17,0,0
Warren,B102A,U.S. House,2,Democratic,Hank LINDERMAN,7,3,2,2,0
Warren,B102A,U.S. House,2,Democratic,William Dakota COMPTON,15,3,11,1,0
Warren,B102A,U.S. House,2,,Under Votes,2,0,2,0,0
Warren,B102A,U.S. House,2,,Over Votes,0,0,0,0,0
Warren,B103A,U.S. Senate,,Republican,Anissa CATLETT,3,2,0,1,0
Warren,B103A,U.S. Senate,,Republican,A. Nick SHELLEY,0,0,0,0,0
Warren,B103A,U.S. Senate,,Republican,"Valerie ""Dr Val"" FREDRICK",2,0,1,1,0
Warren,B103A,U.S. Senate,,Republican,Michael James FARIS,0,0,0,0,0
Warren,B103A,U.S. Senate,,Republican,Other Donald WENZEL,0,0,0,0,0
Warren,B103A,U.S. Senate,,Republican,Jonathan M. HOLLIDAY,1,0,1,0,0
Warren,B103A,U.S. Senate,,Republican,George WASHINGTON,0,0,0,0,0
Warren,B103A,U.S. Senate,,Republican,Andy BARR,19,9,10,0,0
Warren,B103A,U.S. Senate,,Republican,Daniel CAMERON,10,0,10,0,0
Warren,B103A,U.S. Senate,,Republican,Jimmy I. LEON,0,0,0,0,0
Warren,B103A,U.S. Senate,,Republican,James D. DUNCAN,1,0,1,0,0
Warren,B103A,U.S. Senate,,,Under Votes,0,0,0,0,0
Warren,B103A,U.S. Senate,,,Over Votes,0,0,0,0,0
Warren,B103A,U.S. House,2,Republican,"G. ""Shay"" PERRY-ADELMANN",4,2,2,0,0
Warren,B103A,U.S. House,2,Republican,S. Brett GUTHRIE,27,9,17,1,0
Warren,B103A,U.S. House,2,Republican,Joshua M. FERGUSON,7,1,5,1,0
Warren,B103A,U.S. House,2,,Under Votes,0,0,0,0,0
Warren,B103A,U.S. House,2,,Over Votes,0,0,0,0,0
Warren,B103A,Ballots Cast,,,,184,,,,
Warren,B103A,Sheriff,,,Brett HIGHTOWER,27,7,18,2,0
Warren,B103A,Sheriff,,,Mark HEYUNGS,10,4,6,0,0
Warren,B103A,Sheriff,,,Under Votes,1,1,0,0,0
Warren,B103A,Sheriff,,,Over Votes,0,0,0,0,0
Warren,B103A,Jailer,,,Javen M. ROBERSON,12,5,6,1,0
Warren,B103A,Jailer,,,Stephen HARMON,23,6,16,1,0
Warren,B103A,Jailer,,,Under Votes,3,1,2,0,0
Warren,B103A,Jailer,,,Over Votes,0,0,0,0,0
Warren,B103A,U.S. Senate,,Democratic,Logan FORSYTHE,6,0,6,0,0
Warren,B103A,U.S. Senate,,Democratic,Amy McGRATH,33,7,25,1,0
Warren,B103A,U.S. Senate,,Democratic,Dale Lewis ROMANS,1,1,0,0,0
Warren,B103A,U.S. Senate,,Democratic,Joshua BLANTON SR.,1,0,1,0,0
Warren,B103A,U.S. Senate,,Democratic,Vincent Anthony THOMPSON,2,0,2,0,0
Warren,B103A,U.S. Senate,,Democratic,Charles BOOKER,90,13,68,9,0
Warren,B103A,U.S. Senate,,Democratic,Pamela STEVENSON,11,5,5,1,0
Warren,B103A,U.S. Senate,,,Under Votes,2,0,2,0,0
Warren,B103A,U.S. Senate,,,Over Votes,0,0,0,0,0
Warren,B103A,U.S. House,2,Democratic,David S. HATFIELD,25,6,17,2,0
Warren,B103A,U.S. House,2,Democratic,Megan WINGFIELD,65,11,48,6,0
Warren,B103A,U.S. House,2,Democratic,Hank LINDERMAN,23,5,17,1,0
Warren,B103A,U.S. House,2,Democratic,William Dakota COMPTON,26,2,22,2,0
Warren,B103A,U.S. House,2,,Under Votes,6,1,5,0,0
Warren,B103A,U.S. House,2,,Over Votes,1,1,0,0,0
Warren,B104A,U.S. Senate,,Republican,Anissa CATLETT,0,0,0,0,0
Warren,B104A,U.S. Senate,,Republican,A. Nick SHELLEY,0,0,0,0,0
Warren,B104A,U.S. Senate,,Republican,"Valerie ""Dr Val"" FREDRICK",0,0,0,0,0
Warren,B104A,U.S. Senate,,Republican,Michael James FARIS,0,0,0,0,0
Warren,B104A,U.S. Senate,,Republican,Other Donald WENZEL,0,0,0,0,0
Warren,B104A,U.S. Senate,,Republican,Jonathan M. HOLLIDAY,0,0,0,0,0
Warren,B104A,U.S. Senate,,Republican,George WASHINGTON,0,0,0,0,0
Warren,B104A,U.S. Senate,,Republican,Andy BARR,3,0,3,0,0
Warren,B104A,U.S. Senate,,Republican,Daniel CAMERON,2,0,2,0,0
Warren,B104A,U.S. Senate,,Republican,Jimmy I. LEON,0,0,0,0,0
Warren,B104A,U.S. Senate,,Republican,James D. DUNCAN,1,0,1,0,0
Warren,B104A,U.S. Senate,,,Under Votes,0,0,0,0,0
Warren,B104A,U.S. Senate,,,Over Votes,0,0,0,0,0
Warren,B104A,U.S. House,2,Republican,"G. ""Shay"" PERRY-ADELMANN",0,0,0,0,0
Warren,B104A,U.S. House,2,Republican,S. Brett GUTHRIE,2,0,2,0,0
Warren,B104A,U.S. House,2,Republican,Joshua M. FERGUSON,2,0,2,0,0
Warren,B104A,U.S. House,2,,Under Votes,2,0,2,0,0
Warren,B104A,U.S. House,2,,Over Votes,0,0,0,0,0
Warren,B104A,Ballots Cast,,,,82,,,,
Warren,B104A,Sheriff,,,Brett HIGHTOWER,3,0,3,0,0
Warren,B104A,Sheriff,,,Mark HEYUNGS,2,0,2,0,0
Warren,B104A,Sheriff,,,Under Votes,1,0,1,0,0
Warren,B104A,Sheriff,,,Over Votes,0,0,0,0,0
Warren,B104A,Jailer,,,Javen M. ROBERSON,4,0,4,0,0
Warren,B104A,Jailer,,,Stephen HARMON,1,0,1,0,0
Warren,B104A,Jailer,,,Under Votes,1,0,1,0,0
Warren,B104A,Jailer,,,Over Votes,0,0,0,0,0
Warren,B104A,U.S. Senate,,Democratic,Logan FORSYTHE,1,1,0,0,0
Warren,B104A,U.S. Senate,,Democratic,Amy McGRATH,23,5,17,1,0
Warren,B104A,U.S. Senate,,Democratic,Dale Lewis ROMANS,0,0,0,0,0
Warren,B104A,U.S. Senate,,Democratic,Joshua BLANTON SR.,0,0,0,0,0
Warren,B104A,U.S. Senate,,Democratic,Vincent Anthony THOMPSON,1,1,0,0,0
Warren,B104A,U.S. Senate,,Democratic,Charles BOOKER,46,10,33,3,0
Warren,B104A,U.S. Senate,,Democratic,Pamela STEVENSON,5,0,5,0,0
Warren,B104A,U.S. Senate,,,Under Votes,0,0,0,0,0
Warren,B104A,U.S. Senate,,,Over Votes,0,0,0,0,0
Warren,B104A,U.S. House,2,Democratic,David S. HATFIELD,13,2,9,2,0
Warren,B104A,U.S. House,2,Democratic,Megan WINGFIELD,33,6,26,1,0
Warren,B104A,U.S. House,2,Democratic,Hank LINDERMAN,10,3,7,0,0
Warren,B104A,U.S. House,2,Democratic,William Dakota COMPTON,12,4,7,1,0
Warren,B104A,U.S. House,2,,Under Votes,8,2,6,0,0
Warren,B104A,U.S. House,2,,Over Votes,0,0,0,0,0
Warren,B105,U.S. Senate,,Republican,Anissa CATLETT,0,0,0,0,0
Warren,B105,U.S. Senate,,Republican,A. Nick SHELLEY,0,0,0,0,0
Warren,B105,U.S. Senate,,Republican,"Valerie ""Dr Val"" FREDRICK",1,1,0,0,0
Warren,B105,U.S. Senate,,Republican,Michael James FARIS,0,0,0,0,0
Warren,B105,U.S. Senate,,Republican,Other Donald WENZEL,0,0,0,0,0
Warren,B105,U.S. Senate,,Republican,Jonathan M. HOLLIDAY,0,0,0,0,0
Warren,B105,U.S. Senate,,Republican,George WASHINGTON,0,0,0,0,0
Warren,B105,U.S. Senate,,Republican,Andy BARR,11,3,8,0,0
Warren,B105,U.S. Senate,,Republican,Daniel CAMERON,2,0,1,1,0
Warren,B105,U.S. Senate,,Republican,Jimmy I. LEON,0,0,0,0,0
Warren,B105,U.S. Senate,,Republican,James D. DUNCAN,0,0,0,0,0
Warren,B105,U.S. Senate,,,Under Votes,0,0,0,0,0
Warren,B105,U.S. Senate,,,Over Votes,0,0,0,0,0
Warren,B105,U.S. House,2,Republican,"G. ""Shay"" PERRY-ADELMANN",1,1,0,0,0
Warren,B105,U.S. House,2,Republican,S. Brett GUTHRIE,12,3,8,1,0
Warren,B105,U.S. House,2,Republican,Joshua M. FERGUSON,1,0,1,0,0
Warren,B105,U.S. House,2,,Under Votes,0,0,0,0,0
Warren,B105,U.S. House,2,,Over Votes,0,0,0,0,0
Warren,B105,Ballots Cast,,,,94,,,,
Warren,B105,Sheriff,,,Brett HIGHTOWER,13,4,8,1,0
Warren,B105,Sheriff,,,Mark HEYUNGS,1,0,1,0,0
Warren,B105,Sheriff,,,Under Votes,0,0,0,0,0
Warren,B105,Sheriff,,,Over Votes,0,0,0,0,0
Warren,B105,Jailer,,,Javen M. ROBERSON,6,0,5,1,0
Warren,B105,Jailer,,,Stephen HARMON,8,4,4,0,0
Warren,B105,Jailer,,,Under Votes,0,0,0,0,0
Warren,B105,Jailer,,,Over Votes,0,0,0,0,0
Warren,B105,U.S. Senate,,Democratic,Logan FORSYTHE,2,1,1,0,0
Warren,B105,U.S. Senate,,Democratic,Amy McGRATH,22,9,11,1,1
Warren,B105,U.S. Senate,,Democratic,Dale Lewis ROMANS,1,1,0,0,0
Warren,B105,U.S. Senate,,Democratic,Joshua BLANTON SR.,1,0,1,0,0
Warren,B105,U.S. Senate,,Democratic,Vincent Anthony THOMPSON,0,0,0,0,0
Warren,B105,U.S. Senate,,Democratic,Charles BOOKER,49,9,40,0,0
Warren,B105,U.S. Senate,,Democratic,Pamela STEVENSON,5,2,3,0,0
Warren,B105,U.S. Senate,,,Under Votes,0,0,0,0,0
Warren,B105,U.S. Senate,,,Over Votes,0,0,0,0,0
Warren,B105,U.S. House,2,Democratic,David S. HATFIELD,6,1,5,0,0
Warren,B105,U.S. House,2,Democratic,Megan WINGFIELD,33,6,27,0,0
Warren,B105,U.S. House,2,Democratic,Hank LINDERMAN,18,7,10,0,1
Warren,B105,U.S. House,2,Democratic,William Dakota COMPTON,14,4,9,1,0
Warren,B105,U.S. House,2,,Under Votes,9,4,5,0,0
Warren,B105,U.S. House,2,,Over Votes,0,0,0,0,0
Warren,B106A,U.S. Senate,,Republican,Anissa CATLETT,1,0,1,0,0
Warren,B106A,U.S. Senate,,Republican,A. Nick SHELLEY,0,0,0,0,0
Warren,B106A,U.S. Senate,,Republican,"Valerie ""Dr Val"" FREDRICK",0,0,0,0,0
Warren,B106A,U.S. Senate,,Republican,Michael James FARIS,1,0,1,0,0
Warren,B106A,U.S. Senate,,Republican,Other Donald WENZEL,0,0,0,0,0
Warren,B106A,U.S. Senate,,Republican,Jonathan M. HOLLIDAY,0,0,0,0,0
Warren,B106A,U.S. Senate,,Republican,George WASHINGTON,0,0,0,0,0
Warren,B106A,U.S. Senate,,Republican,Andy BARR,8,1,5,0,2
Warren,B106A,U.S. Senate,,Republican,Daniel CAMERON,3,0,3,0,0
Warren,B106A,U.S. Senate,,Republican,Jimmy I. LEON,0,0,0,0,0
Warren,B106A,U.S. Senate,,Republican,James D. DUNCAN,0,0,0,0,0
Warren,B106A,U.S. Senate,,,Under Votes,0,0,0,0,0
Warren,B106A,U.S. Senate,,,Over Votes,0,0,0,0,0
Warren,B106A,U.S. House,2,Republican,"G. ""Shay"" PERRY-ADELMANN",2,0,2,0,0
Warren,B106A,U.S. House,2,Republican,S. Brett GUTHRIE,9,1,6,0,2
Warren,B106A,U.S. House,2,Republican,Joshua M. FERGUSON,1,0,1,0,0
Warren,B106A,U.S. House,2,,Under Votes,1,0,1,0,0
Warren,B106A,U.S. House,2,,Over Votes,0,0,0,0,0
Warren,B106A,Ballots Cast,,,,37,,,,
Warren,B106A,Sheriff,,,Brett HIGHTOWER,13,1,10,0,2
Warren,B106A,Sheriff,,,Mark HEYUNGS,0,0,0,0,0
Warren,B106A,Sheriff,,,Under Votes,0,0,0,0,0
Warren,B106A,Sheriff,,,Over Votes,0,0,0,0,0
Warren,B106A,Jailer,,,Javen M. ROBERSON,3,0,3,0,0
Warren,B106A,Jailer,,,Stephen HARMON,10,1,7,0,2
Warren,B106A,Jailer,,,Under Votes,0,0,0,0,0
Warren,B106A,Jailer,,,Over Votes,0,0,0,0,0
Warren,B106A,U.S. Senate,,Democratic,Logan FORSYTHE,0,0,0,0,0
Warren,B106A,U.S. Senate,,Democratic,Amy McGRATH,5,1,4,0,0
Warren,B106A,U.S. Senate,,Democratic,Dale Lewis ROMANS,0,0,0,0,0
Warren,B106A,U.S. Senate,,Democratic,Joshua BLANTON SR.,0,0,0,0,0
Warren,B106A,U.S. Senate,,Democratic,Vincent Anthony THOMPSON,1,0,1,0,0
Warren,B106A,U.S. Senate,,Democratic,Charles BOOKER,17,5,12,0,0
Warren,B106A,U.S. Senate,,Democratic,Pamela STEVENSON,1,0,1,0,0
Warren,B106A,U.S. Senate,,,Under Votes,0,0,0,0,0
Warren,B106A,U.S. Senate,,,Over Votes,0,0,0,0,0
Warren,B106A,U.S. House,2,Democratic,David S. HATFIELD,3,0,3,0,0
Warren,B106A,U.S. House,2,Democratic,Megan WINGFIELD,14,4,10,0,0
Warren,B106A,U.S. House,2,Democratic,Hank LINDERMAN,4,2,2,0,0
Warren,B106A,U.S. House,2,Democratic,William Dakota COMPTON,3,0,3,0,0
Warren,B106A,U.S. House,2,,Under Votes,0,0,0,0,0
Warren,B106A,U.S. House,2,,Over Votes,0,0,0,0,0
Warren,B107A,U.S. Senate,,Republican,Anissa CATLETT,0,0,0,0,0
Warren,B107A,U.S. Senate,,Republican,A. Nick SHELLEY,0,0,0,0,0
Warren,B107A,U.S. Senate,,Republican,"Valerie ""Dr Val"" FREDRICK",0,0,0,0,0
Warren,B107A,U.S. Senate,,Republican,Michael James FARIS,0,0,0,0,0
Warren,B107A,U.S. Senate,,Republican,Other Donald WENZEL,0,0,0,0,0
Warren,B107A,U.S. Senate,,Republican,Jonathan M. HOLLIDAY,0,0,0,0,0
Warren,B107A,U.S. Senate,,Republican,George WASHINGTON,0,0,0,0,0
Warren,B107A,U.S. Senate,,Republican,Andy BARR,0,0,0,0,0
Warren,B107A,U.S. Senate,,Republican,Daniel CAMERON,0,0,0,0,0
Warren,B107A,U.S. Senate,,Republican,Jimmy I. LEON,0,0,0,0,0
Warren,B107A,U.S. Senate,,Republican,James D. DUNCAN,0,0,0,0,0
Warren,B107A,U.S. Senate,,,Under Votes,0,0,0,0,0
Warren,B107A,U.S. Senate,,,Over Votes,0,0,0,0,0
Warren,B107A,U.S. House,2,Republican,"G. ""Shay"" PERRY-ADELMANN",0,0,0,0,0
Warren,B107A,U.S. House,2,Republican,S. Brett GUTHRIE,0,0,0,0,0
Warren,B107A,U.S. House,2,Republican,Joshua M. FERGUSON,0,0,0,0,0
Warren,B107A,U.S. House,2,,Under Votes,0,0,0,0,0
Warren,B107A,U.S. House,2,,Over Votes,0,0,0,0,0
Warren,B107A,Ballots Cast,,,,0,,,,
Warren,B107A,Sheriff,,,Brett HIGHTOWER,0,0,0,0,0
Warren,B107A,Sheriff,,,Mark HEYUNGS,0,0,0,0,0
Warren,B107A,Sheriff,,,Under Votes,0,0,0,0,0
Warren,B107A,Sheriff,,,Over Votes,0,0,0,0,0
Warren,B107A,Jailer,,,Javen M. ROBERSON,0,0,0,0,0
Warren,B107A,Jailer,,,Stephen HARMON,0,0,0,0,0
Warren,B107A,Jailer,,,Under Votes,0,0,0,0,0
Warren,B107A,Jailer,,,Over Votes,0,0,0,0,0
Warren,B107A,U.S. Senate,,Democratic,Logan FORSYTHE,0,0,0,0,0
Warren,B107A,U.S. Senate,,Democratic,Amy McGRATH,0,0,0,0,0
Warren,B107A,U.S. Senate,,Democratic,Dale Lewis ROMANS,0,0,0,0,0
Warren,B107A,U.S. Senate,,Democratic,Joshua BLANTON SR.,0,0,0,0,0
Warren,B107A,U.S. Senate,,Democratic,Vincent Anthony THOMPSON,0,0,0,0,0
Warren,B107A,U.S. Senate,,Democratic,Charles BOOKER,0,0,0,0,0
Warren,B107A,U.S. Senate,,Democratic,Pamela STEVENSON,0,0,0,0,0
Warren,B107A,U.S. Senate,,,Under Votes,0,0,0,0,0
Warren,B107A,U.S. Senate,,,Over Votes,0,0,0,0,0
Warren,B107A,U.S. House,2,Democratic,David S. HATFIELD,0,0,0,0,0
Warren,B107A,U.S. House,2,Democratic,Megan WINGFIELD,0,0,0,0,0
Warren,B107A,U.S. House,2,Democratic,Hank LINDERMAN,0,0,0,0,0
Warren,B107A,U.S. House,2,Democratic,William Dakota COMPTON,0,0,0,0,0
Warren,B107A,U.S. House,2,,Under Votes,0,0,0,0,0
Warren,B107A,U.S. House,2,,Over Votes,0,0,0,0,0
Warren,B108A,U.S. Senate,,Republican,Anissa CATLETT,1,0,1,0,0
Warren,B108A,U.S. Senate,,Republican,A. Nick SHELLEY,0,0,0,0,0
Warren,B108A,U.S. Senate,,Republican,"Valerie ""Dr Val"" FREDRICK",1,0,1,0,0
Warren,B108A,U.S. Senate,,Republican,Michael James FARIS,1,0,1,0,0
Warren,B108A,U.S. Senate,,Republican,Other Donald WENZEL,0,0,0,0,0
Warren,B108A,U.S. Senate,,Republican,Jonathan M. HOLLIDAY,0,0,0,0,0
Warren,B108A,U.S. Senate,,Republican,George WASHINGTON,3,0,3,0,0
Warren,B108A,U.S. Senate,,Republican,Andy BARR,16,1,15,0,0
Warren,B108A,U.S. Senate,,Republican,Daniel CAMERON,5,2,3,0,0
Warren,B108A,U.S. Senate,,Republican,Jimmy I. LEON,0,0,0,0,0
Warren,B108A,U.S. Senate,,Republican,James D. DUNCAN,0,0,0,0,0
Warren,B108A,U.S. Senate,,,Under Votes,0,0,0,0,0
Warren,B108A,U.S. Senate,,,Over Votes,0,0,0,0,0
Warren,B108A,U.S. House,2,Republican,"G. ""Shay"" PERRY-ADELMANN",3,0,3,0,0
Warren,B108A,U.S. House,2,Republican,S. Brett GUTHRIE,20,2,18,0,0
Warren,B108A,U.S. House,2,Republican,Joshua M. FERGUSON,5,1,4,0,0
Warren,B108A,U.S. House,2,,Under Votes,1,0,1,0,0
Warren,B108A,U.S. House,2,,Over Votes,0,0,0,0,0
Warren,B108A,Ballots Cast,,,,80,,,,
Warren,B108A,Sheriff,,,Brett HIGHTOWER,23,2,21,0,0
Warren,B108A,Sheriff,,,Mark HEYUNGS,4,1,3,0,0
Warren,B108A,Sheriff,,,Under Votes,2,0,2,0,0
Warren,B108A,Sheriff,,,Over Votes,0,0,0,0,0
Warren,B108A,Jailer,,,Javen M. ROBERSON,6,0,6,0,0
Warren,B108A,Jailer,,,Stephen HARMON,20,3,17,0,0
Warren,B108A,Jailer,,,Under Votes,3,0,3,0,0
Warren,B108A,Jailer,,,Over Votes,0,0,0,0,0
Warren,B108A,U.S. Senate,,Democratic,Logan FORSYTHE,4,2,2,0,0
Warren,B108A,U.S. Senate,,Democratic,Amy McGRATH,9,0,9,0,0
Warren,B108A,U.S. Senate,,Democratic,Dale Lewis ROMANS,1,1,0,0,0
Warren,B108A,U.S. Senate,,Democratic,Joshua BLANTON SR.,0,0,0,0,0
Warren,B108A,U.S. Senate,,Democratic,Vincent Anthony THOMPSON,1,0,1,0,0
Warren,B108A,U.S. Senate,,Democratic,Charles BOOKER,32,4,25,3,0
Warren,B108A,U.S. Senate,,Democratic,Pamela STEVENSON,4,2,2,0,0
Warren,B108A,U.S. Senate,,,Under Votes,0,0,0,0,0
Warren,B108A,U.S. Senate,,,Over Votes,0,0,0,0,0
Warren,B108A,U.S. House,2,Democratic,David S. HATFIELD,9,4,5,0,0
Warren,B108A,U.S. House,2,Democratic,Megan WINGFIELD,22,3,17,2,0
Warren,B108A,U.S. House,2,Democratic,Hank LINDERMAN,14,1,12,1,0
Warren,B108A,U.S. House,2,Democratic,William Dakota COMPTON,5,1,4,0,0
Warren,B108A,U.S. House,2,,Under Votes,1,0,1,0,0
Warren,B108A,U.S. House,2,,Over Votes,0,0,0,0,0
Warren,B109,U.S. Senate,,Republican,Anissa CATLETT,1,0,1,0,0
Warren,B109,U.S. Senate,,Republican,A. Nick SHELLEY,0,0,0,0,0
Warren,B109,U.S. Senate,,Republican,"Valerie ""Dr Val"" FREDRICK",0,0,0,0,0
Warren,B109,U.S. Senate,,Republican,Michael James FARIS,1,0,1,0,0
Warren,B109,U.S. Senate,,Republican,Other Donald WENZEL,0,0,0,0,0
Warren,B109,U.S. Senate,,Republican,Jonathan M. HOLLIDAY,0,0,0,0,0
Warren,B109,U.S. Senate,,Republican,George WASHINGTON,2,0,2,0,0
Warren,B109,U.S. Senate,,Republican,Andy BARR,7,2,5,0,0
Warren,B109,U.S. Senate,,Republican,Daniel CAMERON,3,1,2,0,0
Warren,B109,U.S. Senate,,Republican,Jimmy I. LEON,0,0,0,0,0
Warren,B109,U.S. Senate,,Republican,James D. DUNCAN,2,0,2,0,0
Warren,B109,U.S. Senate,,,Under Votes,1,0,1,0,0
Warren,B109,U.S. Senate,,,Over Votes,0,0,0,0,0
Warren,B109,U.S. House,2,Republican,"G. ""Shay"" PERRY-ADELMANN",3,1,2,0,0
Warren,B109,U.S. House,2,Republican,S. Brett GUTHRIE,11,2,9,0,0
Warren,B109,U.S. House,2,Republican,Joshua M. FERGUSON,1,0,1,0,0
Warren,B109,U.S. House,2,,Under Votes,2,0,2,0,0
Warren,B109,U.S. House,2,,Over Votes,0,0,0,0,0
Warren,B109,Ballots Cast,,,,46,,,,
Warren,B109,Sheriff,,,Brett HIGHTOWER,12,3,9,0,0
Warren,B109,Sheriff,,,Mark HEYUNGS,4,0,4,0,0
Warren,B109,Sheriff,,,Under Votes,1,0,1,0,0
Warren,B109,Sheriff,,,Over Votes,0,0,0,0,0
Warren,B109,Jailer,,,Javen M. ROBERSON,9,1,8,0,0
Warren,B109,Jailer,,,Stephen HARMON,8,2,6,0,0
Warren,B109,Jailer,,,Under Votes,0,0,0,0,0
Warren,B109,Jailer,,,Over Votes,0,0,0,0,0
Warren,B109,U.S. Senate,,Democratic,Logan FORSYTHE,0,0,0,0,0
Warren,B109,U.S. Senate,,Democratic,Amy McGRATH,10,4,6,0,0
Warren,B109,U.S. Senate,,Democratic,Dale Lewis ROMANS,0,0,0,0,0
Warren,B109,U.S. Senate,,Democratic,Joshua BLANTON SR.,0,0,0,0,0
Warren,B109,U.S. Senate,,Democratic,Vincent Anthony THOMPSON,0,0,0,0,0
Warren,B109,U.S. Senate,,Democratic,Charles BOOKER,18,3,15,0,0
Warren,B109,U.S. Senate,,Democratic,Pamela STEVENSON,1,1,0,0,0
Warren,B109,U.S. Senate,,,Under Votes,0,0,0,0,0
Warren,B109,U.S. Senate,,,Over Votes,0,0,0,0,0
Warren,B109,U.S. House,2,Democratic,David S. HATFIELD,1,0,1,0,0
Warren,B109,U.S. House,2,Democratic,Megan WINGFIELD,20,4,16,0,0
Warren,B109,U.S. House,2,Democratic,Hank LINDERMAN,5,2,3,0,0
Warren,B109,U.S. House,2,Democratic,William Dakota COMPTON,3,2,1,0,0
Warren,B109,U.S. House,2,,Under Votes,0,0,0,0,0
Warren,B109,U.S. House,2,,Over Votes,0,0,0,0,0
Warren,B110,U.S. Senate,,Republican,Anissa CATLETT,0,0,0,0,0
Warren,B110,U.S. Senate,,Republican,A. Nick SHELLEY,0,0,0,0,0
Warren,B110,U.S. Senate,,Republican,"Valerie ""Dr Val"" FREDRICK",0,0,0,0,0
Warren,B110,U.S. Senate,,Republican,Michael James FARIS,0,0,0,0,0
Warren,B110,U.S. Senate,,Republican,Other Donald WENZEL,0,0,0,0,0
Warren,B110,U.S. Senate,,Republican,Jonathan M. HOLLIDAY,0,0,0,0,0
Warren,B110,U.S. Senate,,Republican,George WASHINGTON,0,0,0,0,0
Warren,B110,U.S. Senate,,Republican,Andy BARR,14,1,12,1,0
Warren,B110,U.S. Senate,,Republican,Daniel CAMERON,3,0,3,0,0
Warren,B110,U.S. Senate,,Republican,Jimmy I. LEON,0,0,0,0,0
Warren,B110,U.S. Senate,,Republican,James D. DUNCAN,0,0,0,0,0
Warren,B110,U.S. Senate,,,Under Votes,0,0,0,0,0
Warren,B110,U.S. Senate,,,Over Votes,0,0,0,0,0
Warren,B110,U.S. House,2,Republican,"G. ""Shay"" PERRY-ADELMANN",1,0,1,0,0
Warren,B110,U.S. House,2,Republican,S. Brett GUTHRIE,16,1,14,1,0
Warren,B110,U.S. House,2,Republican,Joshua M. FERGUSON,0,0,0,0,0
Warren,B110,U.S. House,2,,Under Votes,1,0,1,0,0
Warren,B110,U.S. House,2,,Over Votes,0,0,0,0,0
Warren,B110,Ballots Cast,,,,80,,,,
Warren,B110,Sheriff,,,Brett HIGHTOWER,14,0,13,1,0
Warren,B110,Sheriff,,,Mark HEYUNGS,4,1,3,0,0
Warren,B110,Sheriff,,,Under Votes,0,0,0,0,0
Warren,B110,Sheriff,,,Over Votes,0,0,0,0,0
Warren,B110,Jailer,,,Javen M. ROBERSON,5,0,5,0,0
Warren,B110,Jailer,,,Stephen HARMON,13,1,11,1,0
Warren,B110,Jailer,,,Under Votes,0,0,0,0,0
Warren,B110,Jailer,,,Over Votes,0,0,0,0,0
Warren,B110,U.S. Senate,,Democratic,Logan FORSYTHE,4,1,3,0,0
Warren,B110,U.S. Senate,,Democratic,Amy McGRATH,22,4,18,0,0
Warren,B110,U.S. Senate,,Democratic,Dale Lewis ROMANS,1,0,1,0,0
Warren,B110,U.S. Senate,,Democratic,Joshua BLANTON SR.,1,0,1,0,0
Warren,B110,U.S. Senate,,Democratic,Vincent Anthony THOMPSON,0,0,0,0,0
Warren,B110,U.S. Senate,,Democratic,Charles BOOKER,31,4,26,1,0
Warren,B110,U.S. Senate,,Democratic,Pamela STEVENSON,3,0,3,0,0
Warren,B110,U.S. Senate,,,Under Votes,0,0,0,0,0
Warren,B110,U.S. Senate,,,Over Votes,0,0,0,0,0
Warren,B110,U.S. House,2,Democratic,David S. HATFIELD,10,0,10,0,0
Warren,B110,U.S. House,2,Democratic,Megan WINGFIELD,32,5,26,1,0
Warren,B110,U.S. House,2,Democratic,Hank LINDERMAN,7,0,7,0,0
Warren,B110,U.S. House,2,Democratic,William Dakota COMPTON,9,2,7,0,0
Warren,B110,U.S. House,2,,Under Votes,4,2,2,0,0
Warren,B110,U.S. House,2,,Over Votes,0,0,0,0,0
Warren,B111A,U.S. Senate,,Republican,Anissa CATLETT,0,0,0,0,0
Warren,B111A,U.S. Senate,,Republican,A. Nick SHELLEY,1,0,1,0,0
Warren,B111A,U.S. Senate,,Republican,"Valerie ""Dr Val"" FREDRICK",0,0,0,0,0
Warren,B111A,U.S. Senate,,Republican,Michael James FARIS,1,1,0,0,0
Warren,B111A,U.S. Senate,,Republican,Other Donald WENZEL,0,0,0,0,0
Warren,B111A,U.S. Senate,,Republican,Jonathan M. HOLLIDAY,0,0,0,0,0
Warren,B111A,U.S. Senate,,Republican,George WASHINGTON,0,0,0,0,0
Warren,B111A,U.S. Senate,,Republican,Andy BARR,10,4,6,0,0
Warren,B111A,U.S. Senate,,Republican,Daniel CAMERON,6,1,5,0,0
Warren,B111A,U.S. Senate,,Republican,Jimmy I. LEON,0,0,0,0,0
Warren,B111A,U.S. Senate,,Republican,James D. DUNCAN,1,0,1,0,0
Warren,B111A,U.S. Senate,,,Under Votes,0,0,0,0,0
Warren,B111A,U.S. Senate,,,Over Votes,0,0,0,0,0
Warren,B111A,U.S. House,2,Republican,"G. ""Shay"" PERRY-ADELMANN",0,0,0,0,0
Warren,B111A,U.S. House,2,Republican,S. Brett GUTHRIE,16,4,12,0,0
Warren,B111A,U.S. House,2,Republican,Joshua M. FERGUSON,3,1,2,0,0
Warren,B111A,U.S. House,2,,Under Votes,1,1,0,0,0
Warren,B111A,U.S. House,2,,Over Votes,0,0,0,0,0
Warren,B111A,Ballots Cast,,,,68,,,,
Warren,B111A,Sheriff,,,Brett HIGHTOWER,20,6,14,0,0
Warren,B111A,Sheriff,,,Mark HEYUNGS,0,0,0,0,0
Warren,B111A,Sheriff,,,Under Votes,0,0,0,0,0
Warren,B111A,Sheriff,,,Over Votes,0,0,0,0,0
Warren,B111A,Jailer,,,Javen M. ROBERSON,6,1,5,0,0
Warren,B111A,Jailer,,,Stephen HARMON,13,4,9,0,0
Warren,B111A,Jailer,,,Under Votes,1,1,0,0,0
Warren,B111A,Jailer,,,Over Votes,0,0,0,0,0
Warren,B111A,U.S. Senate,,Democratic,Logan FORSYTHE,1,0,1,0,0
Warren,B111A,U.S. Senate,,Democratic,Amy McGRATH,15,2,12,1,0
Warren,B111A,U.S. Senate,,Democratic,Dale Lewis ROMANS,2,1,1,0,0
Warren,B111A,U.S. Senate,,Democratic,Joshua BLANTON SR.,0,0,0,0,0
Warren,B111A,U.S. Senate,,Democratic,Vincent Anthony THOMPSON,0,0,0,0,0
Warren,B111A,U.S. Senate,,Democratic,Charles BOOKER,29,2,26,1,0
Warren,B111A,U.S. Senate,,Democratic,Pamela STEVENSON,1,0,1,0,0
Warren,B111A,U.S. Senate,,,Under Votes,0,0,0,0,0
Warren,B111A,U.S. Senate,,,Over Votes,0,0,0,0,0
Warren,B111A,U.S. House,2,Democratic,David S. HATFIELD,3,0,2,1,0
Warren,B111A,U.S. House,2,Democratic,Megan WINGFIELD,26,3,23,0,0
Warren,B111A,U.S. House,2,Democratic,Hank LINDERMAN,9,1,7,1,0
Warren,B111A,U.S. House,2,Democratic,William Dakota COMPTON,8,1,7,0,0
Warren,B111A,U.S. House,2,,Under Votes,2,0,2,0,0
Warren,B111A,U.S. House,2,,Over Votes,0,0,0,0,0
Warren,C101A,U.S. Senate,,Republican,Anissa CATLETT,0,0,0,0,0
Warren,C101A,U.S. Senate,,Republican,A. Nick SHELLEY,1,0,1,0,0
Warren,C101A,U.S. Senate,,Republican,"Valerie ""Dr Val"" FREDRICK",2,0,2,0,0
Warren,C101A,U.S. Senate,,Republican,Michael James FARIS,0,0,0,0,0
Warren,C101A,U.S. Senate,,Republican,Other Donald WENZEL,0,0,0,0,0
Warren,C101A,U.S. Senate,,Republican,Jonathan M. HOLLIDAY,0,0,0,0,0
Warren,C101A,U.S. Senate,,Republican,George WASHINGTON,1,0,1,0,0
Warren,C101A,U.S. Senate,,Republican,Andy BARR,40,5,33,1,1
Warren,C101A,U.S. Senate,,Republican,Daniel CAMERON,24,4,18,2,0
Warren,C101A,U.S. Senate,,Republican,Jimmy I. LEON,0,0,0,0,0
Warren,C101A,U.S. Senate,,Republican,James D. DUNCAN,0,0,0,0,0
Warren,C101A,U.S. Senate,,,Under Votes,0,0,0,0,0
Warren,C101A,U.S. Senate,,,Over Votes,0,0,0,0,0
Warren,C101A,U.S. House,2,Republican,"G. ""Shay"" PERRY-ADELMANN",2,0,2,0,0
Warren,C101A,U.S. House,2,Republican,S. Brett GUTHRIE,61,8,49,3,1
Warren,C101A,U.S. House,2,Republican,Joshua M. FERGUSON,5,1,4,0,0
Warren,C101A,U.S. House,2,,Under Votes,1,0,1,0,0
Warren,C101A,U.S. House,2,,Over Votes,0,0,0,0,0
Warren,C101A,Ballots Cast,,,,155,,,,
Warren,C101A,Sheriff,,,Brett HIGHTOWER,67,9,54,3,1
Warren,C101A,Sheriff,,,Mark HEYUNGS,2,0,2,0,0
Warren,C101A,Sheriff,,,Under Votes,0,0,0,0,0
Warren,C101A,Sheriff,,,Over Votes,0,0,0,0,0
Warren,C101A,Jailer,,,Javen M. ROBERSON,6,1,5,0,0
Warren,C101A,Jailer,,,Stephen HARMON,59,8,48,2,1
Warren,C101A,Jailer,,,Under Votes,4,0,3,1,0
Warren,C101A,Jailer,,,Over Votes,0,0,0,0,0
Warren,C101A,Constable,,,Pat DAWKINS,15,3,11,0,1
Warren,C101A,Constable,,,D. Bruce PATTERSON,23,2,20,1,0
Warren,C101A,Constable,,,Michael Lee COX,12,0,11,1,0
Warren,C101A,Constable,,,Under Votes,19,4,14,1,0
Warren,C101A,Constable,,,Over Votes,0,0,0,0,0
Warren,C101A,U.S. Senate,,Democratic,Logan FORSYTHE,3,0,3,0,0
Warren,C101A,U.S. Senate,,Democratic,Amy McGRATH,41,15,22,4,0
Warren,C101A,U.S. Senate,,Democratic,Dale Lewis ROMANS,0,0,0,0,0
Warren,C101A,U.S. Senate,,Democratic,Joshua BLANTON SR.,0,0,0,0,0
Warren,C101A,U.S. Senate,,Democratic,Vincent Anthony THOMPSON,1,1,0,0,0
Warren,C101A,U.S. Senate,,Democratic,Charles BOOKER,38,5,32,1,0
Warren,C101A,U.S. Senate,,Democratic,Pamela STEVENSON,3,2,1,0,0
Warren,C101A,U.S. Senate,,,Under Votes,0,0,0,0,0
Warren,C101A,U.S. Senate,,,Over Votes,0,0,0,0,0
Warren,C101A,U.S. House,2,Democratic,David S. HATFIELD,7,1,5,1,0
Warren,C101A,U.S. House,2,Democratic,Megan WINGFIELD,33,5,25,3,0
Warren,C101A,U.S. House,2,Democratic,Hank LINDERMAN,29,11,18,0,0
Warren,C101A,U.S. House,2,Democratic,William Dakota COMPTON,14,6,7,1,0
Warren,C101A,U.S. House,2,,Under Votes,3,0,3,0,0
Warren,C101A,U.S. House,2,,Over Votes,0,0,0,0,0
Warren,C102A,U.S. Senate,,Republican,Anissa CATLETT,0,0,0,0,0
Warren,C102A,U.S. Senate,,Republican,A. Nick SHELLEY,0,0,0,0,0
Warren,C102A,U.S. Senate,,Republican,"Valerie ""Dr Val"" FREDRICK",2,1,1,0,0
Warren,C102A,U.S. Senate,,Republican,Michael James FARIS,1,0,1,0,0
Warren,C102A,U.S. Senate,,Republican,Other Donald WENZEL,0,0,0,0,0
Warren,C102A,U.S. Senate,,Republican,Jonathan M. HOLLIDAY,0,0,0,0,0
Warren,C102A,U.S. Senate,,Republican,George WASHINGTON,0,0,0,0,0
Warren,C102A,U.S. Senate,,Republican,Andy BARR,17,5,12,0,0
Warren,C102A,U.S. Senate,,Republican,Daniel CAMERON,14,0,14,0,0
Warren,C102A,U.S. Senate,,Republican,Jimmy I. LEON,0,0,0,0,0
Warren,C102A,U.S. Senate,,Republican,James D. DUNCAN,0,0,0,0,0
Warren,C102A,U.S. Senate,,,Under Votes,1,0,1,0,0
Warren,C102A,U.S. Senate,,,Over Votes,0,0,0,0,0
Warren,C102A,U.S. House,2,Republican,"G. ""Shay"" PERRY-ADELMANN",0,0,0,0,0
Warren,C102A,U.S. House,2,Republican,S. Brett GUTHRIE,32,5,27,0,0
Warren,C102A,U.S. House,2,Republican,Joshua M. FERGUSON,2,1,1,0,0
Warren,C102A,U.S. House,2,,Under Votes,1,0,1,0,0
Warren,C102A,U.S. House,2,,Over Votes,0,0,0,0,0
Warren,C102A,Ballots Cast,,,,122,,,,
Warren,C102A,Sheriff,,,Brett HIGHTOWER,30,6,24,0,0
Warren,C102A,Sheriff,,,Mark HEYUNGS,2,0,2,0,0
Warren,C102A,Sheriff,,,Under Votes,3,0,3,0,0
Warren,C102A,Sheriff,,,Over Votes,0,0,0,0,0
Warren,C102A,Jailer,,,Javen M. ROBERSON,6,0,6,0,0
Warren,C102A,Jailer,,,Stephen HARMON,28,6,22,0,0
Warren,C102A,Jailer,,,Under Votes,1,0,1,0,0
Warren,C102A,Jailer,,,Over Votes,0,0,0,0,0
Warren,C102A,Constable,,,Pat DAWKINS,8,2,6,0,0
Warren,C102A,Constable,,,D. Bruce PATTERSON,11,1,10,0,0
Warren,C102A,Constable,,,Michael Lee COX,11,2,9,0,0
Warren,C102A,Constable,,,Under Votes,5,1,4,0,0
Warren,C102A,Constable,,,Over Votes,0,0,0,0,0
Warren,C102A,U.S. Senate,,Democratic,Logan FORSYTHE,2,0,1,1,0
Warren,C102A,U.S. Senate,,Democratic,Amy McGRATH,27,9,17,1,0
Warren,C102A,U.S. Senate,,Democratic,Dale Lewis ROMANS,1,0,0,1,0
Warren,C102A,U.S. Senate,,Democratic,Joshua BLANTON SR.,3,0,3,0,0
Warren,C102A,U.S. Senate,,Democratic,Vincent Anthony THOMPSON,0,0,0,0,0
Warren,C102A,U.S. Senate,,Democratic,Charles BOOKER,50,5,45,0,0
Warren,C102A,U.S. Senate,,Democratic,Pamela STEVENSON,4,0,2,2,0
Warren,C102A,U.S. Senate,,,Under Votes,0,0,0,0,0
Warren,C102A,U.S. Senate,,,Over Votes,0,0,0,0,0
Warren,C102A,U.S. House,2,Democratic,David S. HATFIELD,9,3,6,0,0
Warren,C102A,U.S. House,2,Democratic,Megan WINGFIELD,36,2,30,4,0
Warren,C102A,U.S. House,2,Democratic,Hank LINDERMAN,14,3,11,0,0
Warren,C102A,U.S. House,2,Democratic,William Dakota COMPTON,20,5,15,0,0
Warren,C102A,U.S. House,2,,Under Votes,8,1,6,1,0
Warren,C102A,U.S. House,2,,Over Votes,0,0,0,0,0
Warren,C103A,U.S. Senate,,Republican,Anissa CATLETT,0,0,0,0,0
Warren,C103A,U.S. Senate,,Republican,A. Nick SHELLEY,0,0,0,0,0
Warren,C103A,U.S. Senate,,Republican,"Valerie ""Dr Val"" FREDRICK",0,0,0,0,0
Warren,C103A,U.S. Senate,,Republican,Michael James FARIS,0,0,0,0,0
Warren,C103A,U.S. Senate,,Republican,Other Donald WENZEL,0,0,0,0,0
Warren,C103A,U.S. Senate,,Republican,Jonathan M. HOLLIDAY,2,0,2,0,0
Warren,C103A,U.S. Senate,,Republican,George WASHINGTON,0,0,0,0,0
Warren,C103A,U.S. Senate,,Republican,Andy BARR,5,0,4,0,1
Warren,C103A,U.S. Senate,,Republican,Daniel CAMERON,4,0,3,0,1
Warren,C103A,U.S. Senate,,Republican,Jimmy I. LEON,0,0,0,0,0
Warren,C103A,U.S. Senate,,Republican,James D. DUNCAN,0,0,0,0,0
Warren,C103A,U.S. Senate,,,Under Votes,0,0,0,0,0
Warren,C103A,U.S. Senate,,,Over Votes,0,0,0,0,0
Warren,C103A,U.S. House,2,Republican,"G. ""Shay"" PERRY-ADELMANN",0,0,0,0,0
Warren,C103A,U.S. House,2,Republican,S. Brett GUTHRIE,12,0,10,0,2
Warren,C103A,U.S. House,2,Republican,Joshua M. FERGUSON,1,0,1,0,0
Warren,C103A,U.S. House,2,,Under Votes,0,0,0,0,0
Warren,C103A,U.S. House,2,,Over Votes,0,0,0,0,0
Warren,C103A,Ballots Cast,,,,46,,,,
Warren,C103A,Sheriff,,,Brett HIGHTOWER,11,0,9,0,2
Warren,C103A,Sheriff,,,Mark HEYUNGS,2,0,2,0,0
Warren,C103A,Sheriff,,,Under Votes,0,0,0,0,0
Warren,C103A,Sheriff,,,Over Votes,0,0,0,0,0
Warren,C103A,Jailer,,,Javen M. ROBERSON,7,0,5,0,2
Warren,C103A,Jailer,,,Stephen HARMON,5,0,5,0,0
Warren,C103A,Jailer,,,Under Votes,1,0,1,0,0
Warren,C103A,Jailer,,,Over Votes,0,0,0,0,0
Warren,C103A,Constable,,,Pat DAWKINS,3,0,3,0,0
Warren,C103A,Constable,,,D. Bruce PATTERSON,2,0,2,0,0
Warren,C103A,Constable,,,Michael Lee COX,6,0,4,0,2
Warren,C103A,Constable,,,Under Votes,2,0,2,0,0
Warren,C103A,Constable,,,Over Votes,0,0,0,0,0
Warren,C103A,U.S. Senate,,Democratic,Logan FORSYTHE,1,0,1,0,0
Warren,C103A,U.S. Senate,,Democratic,Amy McGRATH,11,1,10,0,0
Warren,C103A,U.S. Senate,,Democratic,Dale Lewis ROMANS,1,0,1,0,0
Warren,C103A,U.S. Senate,,Democratic,Joshua BLANTON SR.,1,1,0,0,0
Warren,C103A,U.S. Senate,,Democratic,Vincent Anthony THOMPSON,0,0,0,0,0
Warren,C103A,U.S. Senate,,Democratic,Charles BOOKER,18,6,11,1,0
Warren,C103A,U.S. Senate,,Democratic,Pamela STEVENSON,1,0,1,0,0
Warren,C103A,U.S. Senate,,,Under Votes,0,0,0,0,0
Warren,C103A,U.S. Senate,,,Over Votes,0,0,0,0,0
Warren,C103A,U.S. House,2,Democratic,David S. HATFIELD,0,0,0,0,0
Warren,C103A,U.S. House,2,Democratic,Megan WINGFIELD,17,6,11,0,0
Warren,C103A,U.S. House,2,Democratic,Hank LINDERMAN,2,0,2,0,0
Warren,C103A,U.S. House,2,Democratic,William Dakota COMPTON,12,2,9,1,0
Warren,C103A,U.S. House,2,,Under Votes,2,0,2,0,0
Warren,C103A,U.S. House,2,,Over Votes,0,0,0,0,0
Warren,C104A,U.S. Senate,,Republican,Anissa CATLETT,2,0,2,0,0
Warren,C104A,U.S. Senate,,Republican,A. Nick SHELLEY,0,0,0,0,0
Warren,C104A,U.S. Senate,,Republican,"Valerie ""Dr Val"" FREDRICK",3,1,2,0,0
Warren,C104A,U.S. Senate,,Republican,Michael James FARIS,5,0,3,2,0
Warren,C104A,U.S. Senate,,Republican,Other Donald WENZEL,0,0,0,0,0
Warren,C104A,U.S. Senate,,Republican,Jonathan M. HOLLIDAY,0,0,0,0,0
Warren,C104A,U.S. Senate,,Republican,George WASHINGTON,0,0,0,0,0
Warren,C104A,U.S. Senate,,Republican,Andy BARR,94,22,71,1,0
Warren,C104A,U.S. Senate,,Republican,Daniel CAMERON,59,13,46,0,0
Warren,C104A,U.S. Senate,,Republican,Jimmy I. LEON,0,0,0,0,0
Warren,C104A,U.S. Senate,,Republican,James D. DUNCAN,0,0,0,0,0
Warren,C104A,U.S. Senate,,,Under Votes,1,0,1,0,0
Warren,C104A,U.S. Senate,,,Over Votes,0,0,0,0,0
Warren,C104A,U.S. House,2,Republican,"G. ""Shay"" PERRY-ADELMANN",3,1,2,0,0
Warren,C104A,U.S. House,2,Republican,S. Brett GUTHRIE,158,34,121,3,0
Warren,C104A,U.S. House,2,Republican,Joshua M. FERGUSON,6,1,5,0,0
Warren,C104A,U.S. House,2,,Under Votes,3,0,3,0,0
Warren,C104A,U.S. House,2,,Over Votes,0,0,0,0,0
Warren,C104A,Ballots Cast,,,,405,,,,
Warren,C104A,Sheriff,,,Brett HIGHTOWER,154,36,115,3,0
Warren,C104A,Sheriff,,,Mark HEYUNGS,11,0,11,0,0
Warren,C104A,Sheriff,,,Under Votes,5,0,5,0,0
Warren,C104A,Sheriff,,,Over Votes,0,0,0,0,0
Warren,C104A,Jailer,,,Javen M. ROBERSON,32,5,26,1,0
Warren,C104A,Jailer,,,Stephen HARMON,124,29,93,2,0
Warren,C104A,Jailer,,,Under Votes,14,2,12,0,0
Warren,C104A,Jailer,,,Over Votes,0,0,0,0,0
Warren,C104A,Constable,,,Pat DAWKINS,30,5,25,0,0
Warren,C104A,Constable,,,D. Bruce PATTERSON,44,12,31,1,0
Warren,C104A,Constable,,,Michael Lee COX,28,7,19,2,0
Warren,C104A,Constable,,,Under Votes,68,12,56,0,0
Warren,C104A,Constable,,,Over Votes,0,0,0,0,0
Warren,C104A,U.S. Senate,,Democratic,Logan FORSYTHE,9,1,8,0,0
Warren,C104A,U.S. Senate,,Democratic,Amy McGRATH,93,24,65,4,0
Warren,C104A,U.S. Senate,,Democratic,Dale Lewis ROMANS,3,1,2,0,0
Warren,C104A,U.S. Senate,,Democratic,Joshua BLANTON SR.,2,1,1,0,0
Warren,C104A,U.S. Senate,,Democratic,Vincent Anthony THOMPSON,1,0,1,0,0
Warren,C104A,U.S. Senate,,Democratic,Charles BOOKER,115,20,87,8,0
Warren,C104A,U.S. Senate,,Democratic,Pamela STEVENSON,10,3,7,0,0
Warren,C104A,U.S. Senate,,,Under Votes,2,0,2,0,0
Warren,C104A,U.S. Senate,,,Over Votes,0,0,0,0,0
Warren,C104A,U.S. House,2,Democratic,David S. HATFIELD,19,2,17,0,0
Warren,C104A,U.S. House,2,Democratic,Megan WINGFIELD,78,10,64,4,0
Warren,C104A,U.S. House,2,Democratic,Hank LINDERMAN,67,16,47,4,0
Warren,C104A,U.S. House,2,Democratic,William Dakota COMPTON,59,19,36,4,0
Warren,C104A,U.S. House,2,,Under Votes,12,3,9,0,0
Warren,C104A,U.S. House,2,,Over Votes,0,0,0,0,0
Warren,C105,U.S. Senate,,Republican,Anissa CATLETT,1,0,1,0,0
Warren,C105,U.S. Senate,,Republican,A. Nick SHELLEY,0,0,0,0,0
Warren,C105,U.S. Senate,,Republican,"Valerie ""Dr Val"" FREDRICK",1,0,1,0,0
Warren,C105,U.S. Senate,,Republican,Michael James FARIS,0,0,0,0,0
Warren,C105,U.S. Senate,,Republican,Other Donald WENZEL,0,0,0,0,0
Warren,C105,U.S. Senate,,Republican,Jonathan M. HOLLIDAY,0,0,0,0,0
Warren,C105,U.S. Senate,,Republican,George WASHINGTON,0,0,0,0,0
Warren,C105,U.S. Senate,,Republican,Andy BARR,18,0,17,1,0
Warren,C105,U.S. Senate,,Republican,Daniel CAMERON,9,3,5,0,1
Warren,C105,U.S. Senate,,Republican,Jimmy I. LEON,0,0,0,0,0
Warren,C105,U.S. Senate,,Republican,James D. DUNCAN,0,0,0,0,0
Warren,C105,U.S. Senate,,,Under Votes,0,0,0,0,0
Warren,C105,U.S. Senate,,,Over Votes,0,0,0,0,0
Warren,C105,U.S. House,2,Republican,"G. ""Shay"" PERRY-ADELMANN",2,0,2,0,0
Warren,C105,U.S. House,2,Republican,S. Brett GUTHRIE,21,2,17,1,1
Warren,C105,U.S. House,2,Republican,Joshua M. FERGUSON,6,1,5,0,0
Warren,C105,U.S. House,2,,Under Votes,0,0,0,0,0
Warren,C105,U.S. House,2,,Over Votes,0,0,0,0,0
Warren,C105,Ballots Cast,,,,128,,,,
Warren,C105,Sheriff,,,Brett HIGHTOWER,25,2,21,1,1
Warren,C105,Sheriff,,,Mark HEYUNGS,4,1,3,0,0
Warren,C105,Sheriff,,,Under Votes,0,0,0,0,0
Warren,C105,Sheriff,,,Over Votes,0,0,0,0,0
Warren,C105,Jailer,,,Javen M. ROBERSON,10,2,7,0,1
Warren,C105,Jailer,,,Stephen HARMON,18,1,16,1,0
Warren,C105,Jailer,,,Under Votes,1,0,1,0,0
Warren,C105,Jailer,,,Over Votes,0,0,0,0,0
Warren,C105,Constable,,,Pat DAWKINS,12,2,8,1,1
Warren,C105,Constable,,,D. Bruce PATTERSON,8,0,8,0,0
Warren,C105,Constable,,,Michael Lee COX,5,1,4,0,0
Warren,C105,Constable,,,Under Votes,4,0,4,0,0
Warren,C105,Constable,,,Over Votes,0,0,0,0,0
Warren,C105,U.S. Senate,,Democratic,Logan FORSYTHE,2,0,2,0,0
Warren,C105,U.S. Senate,,Democratic,Amy McGRATH,25,7,18,0,0
Warren,C105,U.S. Senate,,Democratic,Dale Lewis ROMANS,1,0,1,0,0
Warren,C105,U.S. Senate,,Democratic,Joshua BLANTON SR.,0,0,0,0,0
Warren,C105,U.S. Senate,,Democratic,Vincent Anthony THOMPSON,2,0,2,0,0
Warren,C105,U.S. Senate,,Democratic,Charles BOOKER,63,6,55,2,0
Warren,C105,U.S. Senate,,Democratic,Pamela STEVENSON,6,4,2,0,0
Warren,C105,U.S. Senate,,,Under Votes,0,0,0,0,0
Warren,C105,U.S. Senate,,,Over Votes,0,0,0,0,0
Warren,C105,U.S. House,2,Democratic,David S. HATFIELD,8,1,7,0,0
Warren,C105,U.S. House,2,Democratic,Megan WINGFIELD,53,8,44,1,0
Warren,C105,U.S. House,2,Democratic,Hank LINDERMAN,15,3,11,1,0
Warren,C105,U.S. House,2,Democratic,William Dakota COMPTON,20,4,16,0,0
Warren,C105,U.S. House,2,,Under Votes,3,1,2,0,0
Warren,C105,U.S. House,2,,Over Votes,0,0,0,0,0
Warren,C106A,U.S. Senate,,Republican,Anissa CATLETT,0,0,0,0,0
Warren,C106A,U.S. Senate,,Republican,A. Nick SHELLEY,2,0,2,0,0
Warren,C106A,U.S. Senate,,Republican,"Valerie ""Dr Val"" FREDRICK",1,0,1,0,0
Warren,C106A,U.S. Senate,,Republican,Michael James FARIS,5,2,3,0,0
Warren,C106A,U.S. Senate,,Republican,Other Donald WENZEL,1,0,1,0,0
Warren,C106A,U.S. Senate,,Republican,Jonathan M. HOLLIDAY,0,0,0,0,0
Warren,C106A,U.S. Senate,,Republican,George WASHINGTON,2,0,2,0,0
Warren,C106A,U.S. Senate,,Republican,Andy BARR,167,47,119,1,0
Warren,C106A,U.S. Senate,,Republican,Daniel CAMERON,57,16,38,3,0
Warren,C106A,U.S. Senate,,Republican,Jimmy I. LEON,1,1,0,0,0
Warren,C106A,U.S. Senate,,Republican,James D. DUNCAN,1,0,1,0,0
Warren,C106A,U.S. Senate,,,Under Votes,0,0,0,0,0
Warren,C106A,U.S. Senate,,,Over Votes,1,1,0,0,0
Warren,C106A,U.S. House,2,Republican,"G. ""Shay"" PERRY-ADELMANN",5,2,3,0,0
Warren,C106A,U.S. House,2,Republican,S. Brett GUTHRIE,225,63,159,3,0
Warren,C106A,U.S. House,2,Republican,Joshua M. FERGUSON,12,4,7,1,0
Warren,C106A,U.S. House,2,,Under Votes,2,0,2,0,0
Warren,C106A,U.S. House,2,,Over Votes,0,0,0,0,0
Warren,C106A,Ballots Cast,,,,481,,,,
Warren,C106A,Sheriff,,,Brett HIGHTOWER,231,65,162,4,0
Warren,C106A,Sheriff,,,Mark HEYUNGS,10,4,6,0,0
Warren,C106A,Sheriff,,,Under Votes,3,0,3,0,0
Warren,C106A,Sheriff,,,Over Votes,0,0,0,0,0
Warren,C106A,Jailer,,,Javen M. ROBERSON,52,20,32,0,0
Warren,C106A,Jailer,,,Stephen HARMON,182,48,130,4,0
Warren,C106A,Jailer,,,Under Votes,10,1,9,0,0
Warren,C106A,Jailer,,,Over Votes,0,0,0,0,0
Warren,C106A,Constable,,,Pat DAWKINS,45,17,26,2,0
Warren,C106A,Constable,,,D. Bruce PATTERSON,87,22,65,0,0
Warren,C106A,Constable,,,Michael Lee COX,49,11,37,1,0
Warren,C106A,Constable,,,Under Votes,63,19,43,1,0
Warren,C106A,Constable,,,Over Votes,0,0,0,0,0
Warren,C106A,U.S. Senate,,Democratic,Logan FORSYTHE,7,2,5,0,0
Warren,C106A,U.S. Senate,,Democratic,Amy McGRATH,89,41,44,4,0
Warren,C106A,U.S. Senate,,Democratic,Dale Lewis ROMANS,3,2,1,0,0
Warren,C106A,U.S. Senate,,Democratic,Joshua BLANTON SR.,5,2,2,1,0
Warren,C106A,U.S. Senate,,Democratic,Vincent Anthony THOMPSON,2,0,0,2,0
Warren,C106A,U.S. Senate,,Democratic,Charles BOOKER,118,39,75,4,0
Warren,C106A,U.S. Senate,,Democratic,Pamela STEVENSON,11,3,8,0,0
Warren,C106A,U.S. Senate,,,Under Votes,2,0,2,0,0
Warren,C106A,U.S. Senate,,,Over Votes,0,0,0,0,0
Warren,C106A,U.S. House,2,Democratic,David S. HATFIELD,29,8,17,4,0
Warren,C106A,U.S. House,2,Democratic,Megan WINGFIELD,100,32,64,4,0
Warren,C106A,U.S. House,2,Democratic,Hank LINDERMAN,50,25,23,2,0
Warren,C106A,U.S. House,2,Democratic,William Dakota COMPTON,47,19,27,1,0
Warren,C106A,U.S. House,2,,Under Votes,11,5,6,0,0
Warren,C106A,U.S. House,2,,Over Votes,0,0,0,0,0
Warren,C107,U.S. Senate,,Republican,Anissa CATLETT,8,1,6,1,0
Warren,C107,U.S. Senate,,Republican,A. Nick SHELLEY,1,0,1,0,0
Warren,C107,U.S. Senate,,Republican,"Valerie ""Dr Val"" FREDRICK",6,2,4,0,0
Warren,C107,U.S. Senate,,Republican,Michael James FARIS,15,5,10,0,0
Warren,C107,U.S. Senate,,Republican,Other Donald WENZEL,0,0,0,0,0
Warren,C107,U.S. Senate,,Republican,Jonathan M. HOLLIDAY,2,1,1,0,0
Warren,C107,U.S. Senate,,Republican,George WASHINGTON,2,0,2,0,0
Warren,C107,U.S. Senate,,Republican,Andy BARR,310,83,223,4,0
Warren,C107,U.S. Senate,,Republican,Daniel CAMERON,152,42,110,0,0
Warren,C107,U.S. Senate,,Republican,Jimmy I. LEON,0,0,0,0,0
Warren,C107,U.S. Senate,,Republican,James D. DUNCAN,3,1,2,0,0
Warren,C107,U.S. Senate,,,Under Votes,3,0,3,0,0
Warren,C107,U.S. Senate,,,Over Votes,0,0,0,0,0
Warren,C107,U.S. House,2,Republican,"G. ""Shay"" PERRY-ADELMANN",22,2,19,1,0
Warren,C107,U.S. House,2,Republican,S. Brett GUTHRIE,450,125,320,5,0
Warren,C107,U.S. House,2,Republican,Joshua M. FERGUSON,25,6,19,0,0
Warren,C107,U.S. House,2,,Under Votes,13,4,9,0,0
Warren,C107,U.S. House,2,,Over Votes,0,0,0,0,0
Warren,C107,Ballots Cast,,,,779,,,,
Warren,C107,Sheriff,,,Brett HIGHTOWER,479,130,344,5,0
Warren,C107,Sheriff,,,Mark HEYUNGS,24,6,17,1,0
Warren,C107,Sheriff,,,Under Votes,7,1,6,0,0
Warren,C107,Sheriff,,,Over Votes,0,0,0,0,0
Warren,C107,Jailer,,,Javen M. ROBERSON,77,14,62,1,0
Warren,C107,Jailer,,,Stephen HARMON,409,118,286,5,0
Warren,C107,Jailer,,,Under Votes,24,5,19,0,0
Warren,C107,Jailer,,,Over Votes,0,0,0,0,0
Warren,C107,Constable,,,Pat DAWKINS,69,21,45,3,0
Warren,C107,Constable,,,D. Bruce PATTERSON,213,54,158,1,0
Warren,C107,Constable,,,Michael Lee COX,86,27,57,2,0
Warren,C107,Constable,,,Under Votes,142,35,107,0,0
Warren,C107,Constable,,,Over Votes,0,0,0,0,0
Warren,C107,U.S. Senate,,Democratic,Logan FORSYTHE,15,3,11,1,0
Warren,C107,U.S. Senate,,Democratic,Amy McGRATH,92,39,48,5,0
Warren,C107,U.S. Senate,,Democratic,Dale Lewis ROMANS,6,0,6,0,0
Warren,C107,U.S. Senate,,Democratic,Joshua BLANTON SR.,2,1,1,0,0
Warren,C107,U.S. Senate,,Democratic,Vincent Anthony THOMPSON,4,2,2,0,0
Warren,C107,U.S. Senate,,Democratic,Charles BOOKER,137,28,106,3,0
Warren,C107,U.S. Senate,,Democratic,Pamela STEVENSON,13,4,8,1,0
Warren,C107,U.S. Senate,,,Under Votes,0,0,0,0,0
Warren,C107,U.S. Senate,,,Over Votes,0,0,0,0,0
Warren,C107,U.S. House,2,Democratic,David S. HATFIELD,40,16,22,2,0
Warren,C107,U.S. House,2,Democratic,Megan WINGFIELD,121,26,90,5,0
Warren,C107,U.S. House,2,Democratic,Hank LINDERMAN,44,15,28,1,0
Warren,C107,U.S. House,2,Democratic,William Dakota COMPTON,48,14,33,1,0
Warren,C107,U.S. House,2,,Under Votes,16,6,9,1,0
Warren,C107,U.S. House,2,,Over Votes,0,0,0,0,0
Warren,C108A,U.S. Senate,,Republican,Anissa CATLETT,0,0,0,0,0
Warren,C108A,U.S. Senate,,Republican,A. Nick SHELLEY,0,0,0,0,0
Warren,C108A,U.S. Senate,,Republican,"Valerie ""Dr Val"" FREDRICK",0,0,0,0,0
Warren,C108A,U.S. Senate,,Republican,Michael James FARIS,0,0,0,0,0
Warren,C108A,U.S. Senate,,Republican,Other Donald WENZEL,0,0,0,0,0
Warren,C108A,U.S. Senate,,Republican,Jonathan M. HOLLIDAY,0,0,0,0,0
Warren,C108A,U.S. Senate,,Republican,George WASHINGTON,0,0,0,0,0
Warren,C108A,U.S. Senate,,Republican,Andy BARR,0,0,0,0,0
Warren,C108A,U.S. Senate,,Republican,Daniel CAMERON,0,0,0,0,0
Warren,C108A,U.S. Senate,,Republican,Jimmy I. LEON,0,0,0,0,0
Warren,C108A,U.S. Senate,,Republican,James D. DUNCAN,0,0,0,0,0
Warren,C108A,U.S. Senate,,,Under Votes,0,0,0,0,0
Warren,C108A,U.S. Senate,,,Over Votes,0,0,0,0,0
Warren,C108A,U.S. House,2,Republican,"G. ""Shay"" PERRY-ADELMANN",0,0,0,0,0
Warren,C108A,U.S. House,2,Republican,S. Brett GUTHRIE,0,0,0,0,0
Warren,C108A,U.S. House,2,Republican,Joshua M. FERGUSON,0,0,0,0,0
Warren,C108A,U.S. House,2,,Under Votes,0,0,0,0,0
Warren,C108A,U.S. House,2,,Over Votes,0,0,0,0,0
Warren,C108A,Ballots Cast,,,,0,,,,
Warren,C108A,Sheriff,,,Brett HIGHTOWER,0,0,0,0,0
Warren,C108A,Sheriff,,,Mark HEYUNGS,0,0,0,0,0
Warren,C108A,Sheriff,,,Under Votes,0,0,0,0,0
Warren,C108A,Sheriff,,,Over Votes,0,0,0,0,0
Warren,C108A,Jailer,,,Javen M. ROBERSON,0,0,0,0,0
Warren,C108A,Jailer,,,Stephen HARMON,0,0,0,0,0
Warren,C108A,Jailer,,,Under Votes,0,0,0,0,0
Warren,C108A,Jailer,,,Over Votes,0,0,0,0,0
Warren,C108A,Constable,,,Pat DAWKINS,0,0,0,0,0
Warren,C108A,Constable,,,D. Bruce PATTERSON,0,0,0,0,0
Warren,C108A,Constable,,,Michael Lee COX,0,0,0,0,0
Warren,C108A,Constable,,,Under Votes,0,0,0,0,0
Warren,C108A,Constable,,,Over Votes,0,0,0,0,0
Warren,C108A,U.S. Senate,,Democratic,Logan FORSYTHE,0,0,0,0,0
Warren,C108A,U.S. Senate,,Democratic,Amy McGRATH,0,0,0,0,0
Warren,C108A,U.S. Senate,,Democratic,Dale Lewis ROMANS,0,0,0,0,0
Warren,C108A,U.S. Senate,,Democratic,Joshua BLANTON SR.,0,0,0,0,0
Warren,C108A,U.S. Senate,,Democratic,Vincent Anthony THOMPSON,0,0,0,0,0
Warren,C108A,U.S. Senate,,Democratic,Charles BOOKER,0,0,0,0,0
Warren,C108A,U.S. Senate,,Democratic,Pamela STEVENSON,0,0,0,0,0
Warren,C108A,U.S. Senate,,,Under Votes,0,0,0,0,0
Warren,C108A,U.S. Senate,,,Over Votes,0,0,0,0,0
Warren,C108A,U.S. House,2,Democratic,David S. HATFIELD,0,0,0,0,0
Warren,C108A,U.S. House,2,Democratic,Megan WINGFIELD,0,0,0,0,0
Warren,C108A,U.S. House,2,Democratic,Hank LINDERMAN,0,0,0,0,0
Warren,C108A,U.S. House,2,Democratic,William Dakota COMPTON,0,0,0,0,0
Warren,C108A,U.S. House,2,,Under Votes,0,0,0,0,0
Warren,C108A,U.S. House,2,,Over Votes,0,0,0,0,0
Warren,C109A,U.S. Senate,,Republican,Anissa CATLETT,2,1,0,0,1
Warren,C109A,U.S. Senate,,Republican,A. Nick SHELLEY,0,0,0,0,0
Warren,C109A,U.S. Senate,,Republican,"Valerie ""Dr Val"" FREDRICK",2,1,1,0,0
Warren,C109A,U.S. Senate,,Republican,Michael James FARIS,1,0,1,0,0
Warren,C109A,U.S. Senate,,Republican,Other Donald WENZEL,0,0,0,0,0
Warren,C109A,U.S. Senate,,Republican,Jonathan M. HOLLIDAY,1,0,1,0,0
Warren,C109A,U.S. Senate,,Republican,George WASHINGTON,0,0,0,0,0
Warren,C109A,U.S. Senate,,Republican,Andy BARR,36,6,30,0,0
Warren,C109A,U.S. Senate,,Republican,Daniel CAMERON,13,3,10,0,0
Warren,C109A,U.S. Senate,,Republican,Jimmy I. LEON,0,0,0,0,0
Warren,C109A,U.S. Senate,,Republican,James D. DUNCAN,0,0,0,0,0
Warren,C109A,U.S. Senate,,,Under Votes,0,0,0,0,0
Warren,C109A,U.S. Senate,,,Over Votes,0,0,0,0,0
Warren,C109A,U.S. House,2,Republican,"G. ""Shay"" PERRY-ADELMANN",5,1,3,0,1
Warren,C109A,U.S. House,2,Republican,S. Brett GUTHRIE,45,7,38,0,0
Warren,C109A,U.S. House,2,Republican,Joshua M. FERGUSON,6,3,3,0,0
Warren,C109A,U.S. House,2,,Under Votes,0,0,0,0,0
Warren,C109A,U.S. House,2,,Over Votes,0,0,0,0,0
Warren,C109A,Ballots Cast,,,,136,,,,
Warren,C109A,Sheriff,,,Brett HIGHTOWER,46,9,37,0,0
Warren,C109A,Sheriff,,,Mark HEYUNGS,8,2,6,0,0
Warren,C109A,Sheriff,,,Under Votes,2,0,1,0,1
Warren,C109A,Sheriff,,,Over Votes,0,0,0,0,0
Warren,C109A,Jailer,,,Javen M. ROBERSON,7,0,6,0,1
Warren,C109A,Jailer,,,Stephen HARMON,44,9,35,0,0
Warren,C109A,Jailer,,,Under Votes,5,2,3,0,0
Warren,C109A,Jailer,,,Over Votes,0,0,0,0,0
Warren,C109A,Constable,,,Pat DAWKINS,11,2,9,0,0
Warren,C109A,Constable,,,D. Bruce PATTERSON,27,6,20,0,1
Warren,C109A,Constable,,,Michael Lee COX,6,0,6,0,0
Warren,C109A,Constable,,,Under Votes,12,3,9,0,0
Warren,C109A,Constable,,,Over Votes,0,0,0,0,0
Warren,C109A,U.S. Senate,,Democratic,Logan FORSYTHE,1,0,1,0,0
Warren,C109A,U.S. Senate,,Democratic,Amy McGRATH,36,9,27,0,0
Warren,C109A,U.S. Senate,,Democratic,Dale Lewis ROMANS,1,1,0,0,0
Warren,C109A,U.S. Senate,,Democratic,Joshua BLANTON SR.,1,0,1,0,0
Warren,C109A,U.S. Senate,,Democratic,Vincent Anthony THOMPSON,0,0,0,0,0
Warren,C109A,U.S. Senate,,Democratic,Charles BOOKER,38,9,28,0,1
Warren,C109A,U.S. Senate,,Democratic,Pamela STEVENSON,3,0,3,0,0
Warren,C109A,U.S. Senate,,,Under Votes,0,0,0,0,0
Warren,C109A,U.S. Senate,,,Over Votes,0,0,0,0,0
Warren,C109A,U.S. House,2,Democratic,David S. HATFIELD,4,2,2,0,0
Warren,C109A,U.S. House,2,Democratic,Megan WINGFIELD,34,4,29,0,1
Warren,C109A,U.S. House,2,Democratic,Hank LINDERMAN,18,5,13,0,0
Warren,C109A,U.S. House,2,Democratic,William Dakota COMPTON,17,3,14,0,0
Warren,C109A,U.S. House,2,,Under Votes,6,4,2,0,0
Warren,C109A,U.S. House,2,,Over Votes,1,1,0,0,0
Warren,D101D,U.S. Senate,,Republican,Anissa CATLETT,0,0,0,0,0
Warren,D101D,U.S. Senate,,Republican,A. Nick SHELLEY,1,0,1,0,0
Warren,D101D,U.S. Senate,,Republican,"Valerie ""Dr Val"" FREDRICK",4,0,4,0,0
Warren,D101D,U.S. Senate,,Republican,Michael James FARIS,1,0,1,0,0
Warren,D101D,U.S. Senate,,Republican,Other Donald WENZEL,0,0,0,0,0
Warren,D101D,U.S. Senate,,Republican,Jonathan M. HOLLIDAY,1,0,1,0,0
Warren,D101D,U.S. Senate,,Republican,George WASHINGTON,3,0,3,0,0
Warren,D101D,U.S. Senate,,Republican,Andy BARR,145,25,118,2,0
Warren,D101D,U.S. Senate,,Republican,Daniel CAMERON,63,18,45,0,0
Warren,D101D,U.S. Senate,,Republican,Jimmy I. LEON,2,0,2,0,0
Warren,D101D,U.S. Senate,,Republican,James D. DUNCAN,3,0,3,0,0
Warren,D101D,U.S. Senate,,,Under Votes,1,0,1,0,0
Warren,D101D,U.S. Senate,,,Over Votes,1,0,1,0,0
Warren,D101D,U.S. House,2,Republican,"G. ""Shay"" PERRY-ADELMANN",10,1,9,0,0
Warren,D101D,U.S. House,2,Republican,S. Brett GUTHRIE,197,40,155,2,0
Warren,D101D,U.S. House,2,Republican,Joshua M. FERGUSON,21,3,18,0,0
Warren,D101D,U.S. House,2,,Under Votes,3,0,3,0,0
Warren,D101D,U.S. House,2,,Over Votes,0,0,0,0,0
Warren,D101D,Ballots Cast,,,,401,,,,
Warren,D101D,Sheriff,,,Brett HIGHTOWER,219,41,176,2,0
Warren,D101D,Sheriff,,,Mark HEYUNGS,12,3,9,0,0
Warren,D101D,Sheriff,,,Under Votes,0,0,0,0,0
Warren,D101D,Sheriff,,,Over Votes,0,0,0,0,0
Warren,D101D,Jailer,,,Javen M. ROBERSON,56,12,42,2,0
Warren,D101D,Jailer,,,Stephen HARMON,163,31,132,0,0
Warren,D101D,Jailer,,,Under Votes,12,1,11,0,0
Warren,D101D,Jailer,,,Over Votes,0,0,0,0,0
Warren,D101D,Magistrate,,,Rex A. McWHORTER,90,17,73,0,0
Warren,D101D,Magistrate,,,Terry HENDRICK,136,26,108,2,0
Warren,D101D,Magistrate,,,Under Votes,5,1,4,0,0
Warren,D101D,Magistrate,,,Over Votes,0,0,0,0,0
Warren,D101D,U.S. Senate,,Democratic,Logan FORSYTHE,9,3,5,1,0
Warren,D101D,U.S. Senate,,Democratic,Amy McGRATH,67,12,53,2,0
Warren,D101D,U.S. Senate,,Democratic,Dale Lewis ROMANS,2,2,0,0,0
Warren,D101D,U.S. Senate,,Democratic,Joshua BLANTON SR.,1,0,1,0,0
Warren,D101D,U.S. Senate,,Democratic,Vincent Anthony THOMPSON,2,0,2,0,0
Warren,D101D,U.S. Senate,,Democratic,Charles BOOKER,80,8,71,1,0
Warren,D101D,U.S. Senate,,Democratic,Pamela STEVENSON,6,0,6,0,0
Warren,D101D,U.S. Senate,,,Under Votes,3,0,3,0,0
Warren,D101D,U.S. Senate,,,Over Votes,0,0,0,0,0
Warren,D101D,U.S. House,2,Democratic,David S. HATFIELD,32,3,27,2,0
Warren,D101D,U.S. House,2,Democratic,Megan WINGFIELD,56,8,46,2,0
Warren,D101D,U.S. House,2,Democratic,Hank LINDERMAN,31,8,23,0,0
Warren,D101D,U.S. House,2,Democratic,William Dakota COMPTON,39,6,33,0,0
Warren,D101D,U.S. House,2,,Under Votes,12,0,12,0,0
Warren,D101D,U.S. House,2,,Over Votes,0,0,0,0,0
Warren,D102E,U.S. Senate,,Republican,Anissa CATLETT,2,0,2,0,0
Warren,D102E,U.S. Senate,,Republican,A. Nick SHELLEY,0,0,0,0,0
Warren,D102E,U.S. Senate,,Republican,"Valerie ""Dr Val"" FREDRICK",1,1,0,0,0
Warren,D102E,U.S. Senate,,Republican,Michael James FARIS,1,0,1,0,0
Warren,D102E,U.S. Senate,,Republican,Other Donald WENZEL,0,0,0,0,0
Warren,D102E,U.S. Senate,,Republican,Jonathan M. HOLLIDAY,1,0,1,0,0
Warren,D102E,U.S. Senate,,Republican,George WASHINGTON,1,1,0,0,0
Warren,D102E,U.S. Senate,,Republican,Andy BARR,89,28,61,0,0
Warren,D102E,U.S. Senate,,Republican,Daniel CAMERON,31,4,24,3,0
Warren,D102E,U.S. Senate,,Republican,Jimmy I. LEON,0,0,0,0,0
Warren,D102E,U.S. Senate,,Republican,James D. DUNCAN,1,0,1,0,0
Warren,D102E,U.S. Senate,,,Under Votes,3,0,3,0,0
Warren,D102E,U.S. Senate,,,Over Votes,0,0,0,0,0
Warren,D102E,U.S. House,2,Republican,"G. ""Shay"" PERRY-ADELMANN",4,1,3,0,0
Warren,D102E,U.S. House,2,Republican,S. Brett GUTHRIE,129,34,91,4,0
Warren,D102E,U.S. House,2,Republican,Joshua M. FERGUSON,3,0,3,0,0
Warren,D102E,U.S. House,2,,Under Votes,1,0,1,0,0
Warren,D102E,U.S. House,2,,Over Votes,0,0,0,0,0
Warren,D102E,Ballots Cast,,,,211,,,,
Warren,D102E,Sheriff,,,Brett HIGHTOWER,131,35,92,4,0
Warren,D102E,Sheriff,,,Mark HEYUNGS,6,0,6,0,0
Warren,D102E,Sheriff,,,Under Votes,0,0,0,0,0
Warren,D102E,Sheriff,,,Over Votes,0,0,0,0,0
Warren,D102E,Jailer,,,Javen M. ROBERSON,22,3,19,0,0
Warren,D102E,Jailer,,,Stephen HARMON,111,32,75,4,0
Warren,D102E,Jailer,,,Under Votes,4,0,4,0,0
Warren,D102E,Jailer,,,Over Votes,0,0,0,0,0
Warren,D102E,Magistrate,,,Rex A. McWHORTER,37,6,31,0,0
Warren,D102E,Magistrate,,,Terry HENDRICK,96,28,64,4,0
Warren,D102E,Magistrate,,,Under Votes,4,1,3,0,0
Warren,D102E,Magistrate,,,Over Votes,0,0,0,0,0
Warren,D102E,U.S. Senate,,Democratic,Logan FORSYTHE,1,1,0,0,0
Warren,D102E,U.S. Senate,,Democratic,Amy McGRATH,36,8,26,2,0
Warren,D102E,U.S. Senate,,Democratic,Dale Lewis ROMANS,2,1,1,0,0
Warren,D102E,U.S. Senate,,Democratic,Joshua BLANTON SR.,0,0,0,0,0
Warren,D102E,U.S. Senate,,Democratic,Vincent Anthony THOMPSON,0,0,0,0,0
Warren,D102E,U.S. Senate,,Democratic,Charles BOOKER,34,11,23,0,0
Warren,D102E,U.S. Senate,,Democratic,Pamela STEVENSON,1,0,1,0,0
Warren,D102E,U.S. Senate,,,Under Votes,0,0,0,0,0
Warren,D102E,U.S. Senate,,,Over Votes,0,0,0,0,0
Warren,D102E,U.S. House,2,Democratic,David S. HATFIELD,13,3,10,0,0
Warren,D102E,U.S. House,2,Democratic,Megan WINGFIELD,28,9,18,1,0
Warren,D102E,U.S. House,2,Democratic,Hank LINDERMAN,16,5,11,0,0
Warren,D102E,U.S. House,2,Democratic,William Dakota COMPTON,13,3,9,1,0
Warren,D102E,U.S. House,2,,Under Votes,4,1,3,0,0
Warren,D102E,U.S. House,2,,Over Votes,0,0,0,0,0
Warren,D103,U.S. Senate,,Republican,Anissa CATLETT,1,0,0,1,0
Warren,D103,U.S. Senate,,Republican,A. Nick SHELLEY,2,0,2,0,0
Warren,D103,U.S. Senate,,Republican,"Valerie ""Dr Val"" FREDRICK",1,0,1,0,0
Warren,D103,U.S. Senate,,Republican,Michael James FARIS,3,1,2,0,0
Warren,D103,U.S. Senate,,Republican,Other Donald WENZEL,0,0,0,0,0
Warren,D103,U.S. Senate,,Republican,Jonathan M. HOLLIDAY,0,0,0,0,0
Warren,D103,U.S. Senate,,Republican,George WASHINGTON,1,0,1,0,0
Warren,D103,U.S. Senate,,Republican,Andy BARR,69,11,57,0,1
Warren,D103,U.S. Senate,,Republican,Daniel CAMERON,31,3,28,0,0
Warren,D103,U.S. Senate,,Republican,Jimmy I. LEON,0,0,0,0,0
Warren,D103,U.S. Senate,,Republican,James D. DUNCAN,3,0,3,0,0
Warren,D103,U.S. Senate,,,Under Votes,3,0,3,0,0
Warren,D103,U.S. Senate,,,Over Votes,1,1,0,0,0
Warren,D103,U.S. House,2,Republican,"G. ""Shay"" PERRY-ADELMANN",2,0,2,0,0
Warren,D103,U.S. House,2,Republican,S. Brett GUTHRIE,103,17,84,1,1
Warren,D103,U.S. House,2,Republican,Joshua M. FERGUSON,8,0,8,0,0
Warren,D103,U.S. House,2,,Under Votes,4,0,4,0,0
Warren,D103,U.S. House,2,,Over Votes,0,0,0,0,0
Warren,D103,Ballots Cast,,,,302,,,,
Warren,D103,Sheriff,,,Brett HIGHTOWER,104,16,86,1,1
Warren,D103,Sheriff,,,Mark HEYUNGS,12,1,11,0,0
Warren,D103,Sheriff,,,Under Votes,1,0,1,0,0
Warren,D103,Sheriff,,,Over Votes,0,0,0,0,0
Warren,D103,Jailer,,,Javen M. ROBERSON,22,2,20,0,0
Warren,D103,Jailer,,,Stephen HARMON,89,14,73,1,1
Warren,D103,Jailer,,,Under Votes,6,1,5,0,0
Warren,D103,Jailer,,,Over Votes,0,0,0,0,0
Warren,D103,Magistrate,,,Rex A. McWHORTER,56,9,47,0,0
Warren,D103,Magistrate,,,Terry HENDRICK,52,6,44,1,1
Warren,D103,Magistrate,,,Under Votes,8,1,7,0,0
Warren,D103,Magistrate,,,Over Votes,1,1,0,0,0
Warren,D103,U.S. Senate,,Democratic,Logan FORSYTHE,4,1,1,2,0
Warren,D103,U.S. Senate,,Democratic,Amy McGRATH,51,10,38,3,0
Warren,D103,U.S. Senate,,Democratic,Dale Lewis ROMANS,0,0,0,0,0
Warren,D103,U.S. Senate,,Democratic,Joshua BLANTON SR.,0,0,0,0,0
Warren,D103,U.S. Senate,,Democratic,Vincent Anthony THOMPSON,2,0,2,0,0
Warren,D103,U.S. Senate,,Democratic,Charles BOOKER,121,19,100,2,0
Warren,D103,U.S. Senate,,Democratic,Pamela STEVENSON,5,2,3,0,0
Warren,D103,U.S. Senate,,,Under Votes,1,0,1,0,0
Warren,D103,U.S. Senate,,,Over Votes,1,0,1,0,0
Warren,D103,U.S. House,2,Democratic,David S. HATFIELD,20,4,14,2,0
Warren,D103,U.S. House,2,Democratic,Megan WINGFIELD,86,14,72,0,0
Warren,D103,U.S. House,2,Democratic,Hank LINDERMAN,25,4,19,2,0
Warren,D103,U.S. House,2,Democratic,William Dakota COMPTON,45,6,36,3,0
Warren,D103,U.S. House,2,,Under Votes,9,4,5,0,0
Warren,D103,U.S. House,2,,Over Votes,0,0,0,0,0
Warren,D104C,U.S. Senate,,Republican,Anissa CATLETT,3,0,3,0,0
Warren,D104C,U.S. Senate,,Republican,A. Nick SHELLEY,0,0,0,0,0
Warren,D104C,U.S. Senate,,Republican,"Valerie ""Dr Val"" FREDRICK",3,0,3,0,0
Warren,D104C,U.S. Senate,,Republican,Michael James FARIS,14,5,9,0,0
Warren,D104C,U.S. Senate,,Republican,Other Donald WENZEL,0,0,0,0,0
Warren,D104C,U.S. Senate,,Republican,Jonathan M. HOLLIDAY,5,1,4,0,0
Warren,D104C,U.S. Senate,,Republican,George WASHINGTON,4,1,3,0,0
Warren,D104C,U.S. Senate,,Republican,Andy BARR,77,15,60,2,0
Warren,D104C,U.S. Senate,,Republican,Daniel CAMERON,46,9,36,1,0
Warren,D104C,U.S. Senate,,Republican,Jimmy I. LEON,0,0,0,0,0
Warren,D104C,U.S. Senate,,Republican,James D. DUNCAN,3,0,2,0,1
Warren,D104C,U.S. Senate,,,Under Votes,1,0,1,0,0
Warren,D104C,U.S. Senate,,,Over Votes,0,0,0,0,0
Warren,D104C,U.S. House,2,Republican,"G. ""Shay"" PERRY-ADELMANN",15,4,10,0,1
Warren,D104C,U.S. House,2,Republican,S. Brett GUTHRIE,118,22,92,4,0
Warren,D104C,U.S. House,2,Republican,Joshua M. FERGUSON,25,5,20,0,0
Warren,D104C,U.S. House,2,,Under Votes,7,0,7,0,0
Warren,D104C,U.S. House,2,,Over Votes,0,0,0,0,0
Warren,D104C,Ballots Cast,,,,399,,,,
Warren,D104C,Sheriff,,,Brett HIGHTOWER,135,28,105,2,0
Warren,D104C,Sheriff,,,Mark HEYUNGS,27,3,21,2,1
Warren,D104C,Sheriff,,,Under Votes,3,0,3,0,0
Warren,D104C,Sheriff,,,Over Votes,0,0,0,0,0
Warren,D104C,Jailer,,,Javen M. ROBERSON,54,9,44,1,0
Warren,D104C,Jailer,,,Stephen HARMON,105,22,79,3,1
Warren,D104C,Jailer,,,Under Votes,6,0,6,0,0
Warren,D104C,Jailer,,,Over Votes,0,0,0,0,0
Warren,D104C,Magistrate,,,Rex A. McWHORTER,77,14,60,3,0
Warren,D104C,Magistrate,,,Terry HENDRICK,76,17,58,0,1
Warren,D104C,Magistrate,,,Under Votes,12,0,11,1,0
Warren,D104C,Magistrate,,,Over Votes,0,0,0,0,0
Warren,D104C,U.S. Senate,,Democratic,Logan FORSYTHE,7,0,7,0,0
Warren,D104C,U.S. Senate,,Democratic,Amy McGRATH,69,16,52,1,0
Warren,D104C,U.S. Senate,,Democratic,Dale Lewis ROMANS,3,0,3,0,0
Warren,D104C,U.S. Senate,,Democratic,Joshua BLANTON SR.,1,0,1,0,0
Warren,D104C,U.S. Senate,,Democratic,Vincent Anthony THOMPSON,2,0,2,0,0
Warren,D104C,U.S. Senate,,Democratic,Charles BOOKER,135,21,112,1,1
Warren,D104C,U.S. Senate,,Democratic,Pamela STEVENSON,15,8,7,0,0
Warren,D104C,U.S. Senate,,,Under Votes,2,0,2,0,0
Warren,D104C,U.S. Senate,,,Over Votes,0,0,0,0,0
Warren,D104C,U.S. House,2,Democratic,David S. HATFIELD,20,3,16,1,0
Warren,D104C,U.S. House,2,Democratic,Megan WINGFIELD,96,16,79,0,1
Warren,D104C,U.S. House,2,Democratic,Hank LINDERMAN,48,6,42,0,0
Warren,D104C,U.S. House,2,Democratic,William Dakota COMPTON,61,16,44,1,0
Warren,D104C,U.S. House,2,,Under Votes,9,4,5,0,0
Warren,D104C,U.S. House,2,,Over Votes,0,0,0,0,0
Warren,D105,U.S. Senate,,Republican,Anissa CATLETT,0,0,0,0,0
Warren,D105,U.S. Senate,,Republican,A. Nick SHELLEY,1,0,1,0,0
Warren,D105,U.S. Senate,,Republican,"Valerie ""Dr Val"" FREDRICK",2,0,2,0,0
Warren,D105,U.S. Senate,,Republican,Michael James FARIS,5,1,4,0,0
Warren,D105,U.S. Senate,,Republican,Other Donald WENZEL,0,0,0,0,0
Warren,D105,U.S. Senate,,Republican,Jonathan M. HOLLIDAY,0,0,0,0,0
Warren,D105,U.S. Senate,,Republican,George WASHINGTON,0,0,0,0,0
Warren,D105,U.S. Senate,,Republican,Andy BARR,90,20,68,2,0
Warren,D105,U.S. Senate,,Republican,Daniel CAMERON,41,12,28,1,0
Warren,D105,U.S. Senate,,Republican,Jimmy I. LEON,0,0,0,0,0
Warren,D105,U.S. Senate,,Republican,James D. DUNCAN,1,0,1,0,0
Warren,D105,U.S. Senate,,,Under Votes,1,1,0,0,0
Warren,D105,U.S. Senate,,,Over Votes,0,0,0,0,0
Warren,D105,U.S. House,2,Republican,"G. ""Shay"" PERRY-ADELMANN",4,2,2,0,0
Warren,D105,U.S. House,2,Republican,S. Brett GUTHRIE,130,29,98,3,0
Warren,D105,U.S. House,2,Republican,Joshua M. FERGUSON,10,2,8,0,0
Warren,D105,U.S. House,2,,Under Votes,2,1,1,0,0
Warren,D105,U.S. House,2,,Over Votes,0,0,0,0,0
Warren,D105,Ballots Cast,,,,222,,,,
Warren,D105,Sheriff,,,Brett HIGHTOWER,139,33,103,3,0
Warren,D105,Sheriff,,,Mark HEYUNGS,6,1,5,0,0
Warren,D105,Sheriff,,,Under Votes,1,0,1,0,0
Warren,D105,Sheriff,,,Over Votes,0,0,0,0,0
Warren,D105,Jailer,,,Javen M. ROBERSON,30,7,22,1,0
Warren,D105,Jailer,,,Stephen HARMON,111,27,83,1,0
Warren,D105,Jailer,,,Under Votes,5,0,4,1,0
Warren,D105,Jailer,,,Over Votes,0,0,0,0,0
Warren,D105,Magistrate,,,Rex A. McWHORTER,46,13,33,0,0
Warren,D105,Magistrate,,,Terry HENDRICK,94,19,72,3,0
Warren,D105,Magistrate,,,Under Votes,6,2,4,0,0
Warren,D105,Magistrate,,,Over Votes,0,0,0,0,0
Warren,D105,U.S. Senate,,Democratic,Logan FORSYTHE,2,0,2,0,0
Warren,D105,U.S. Senate,,Democratic,Amy McGRATH,33,12,17,3,1
Warren,D105,U.S. Senate,,Democratic,Dale Lewis ROMANS,2,1,1,0,0
Warren,D105,U.S. Senate,,Democratic,Joshua BLANTON SR.,1,0,1,0,0
Warren,D105,U.S. Senate,,Democratic,Vincent Anthony THOMPSON,3,0,3,0,0
Warren,D105,U.S. Senate,,Democratic,Charles BOOKER,23,3,20,0,0
Warren,D105,U.S. Senate,,Democratic,Pamela STEVENSON,7,1,6,0,0
Warren,D105,U.S. Senate,,,Under Votes,5,1,4,0,0
Warren,D105,U.S. Senate,,,Over Votes,0,0,0,0,0
Warren,D105,U.S. House,2,Democratic,David S. HATFIELD,11,3,8,0,0
Warren,D105,U.S. House,2,Democratic,Megan WINGFIELD,28,8,17,3,0
Warren,D105,U.S. House,2,Democratic,Hank LINDERMAN,10,2,7,0,1
Warren,D105,U.S. House,2,Democratic,William Dakota COMPTON,20,4,16,0,0
Warren,D105,U.S. House,2,,Under Votes,7,1,6,0,0
Warren,D105,U.S. House,2,,Over Votes,0,0,0,0,0
Warren,D106,U.S. Senate,,Republican,Anissa CATLETT,4,2,2,0,0
Warren,D106,U.S. Senate,,Republican,A. Nick SHELLEY,1,1,0,0,0
Warren,D106,U.S. Senate,,Republican,"Valerie ""Dr Val"" FREDRICK",1,0,1,0,0
Warren,D106,U.S. Senate,,Republican,Michael James FARIS,8,0,8,0,0
Warren,D106,U.S. Senate,,Republican,Other Donald WENZEL,0,0,0,0,0
Warren,D106,U.S. Senate,,Republican,Jonathan M. HOLLIDAY,0,0,0,0,0
Warren,D106,U.S. Senate,,Republican,George WASHINGTON,3,1,2,0,0
Warren,D106,U.S. Senate,,Republican,Andy BARR,165,31,132,0,2
Warren,D106,U.S. Senate,,Republican,Daniel CAMERON,91,23,68,0,0
Warren,D106,U.S. Senate,,Republican,Jimmy I. LEON,0,0,0,0,0
Warren,D106,U.S. Senate,,Republican,James D. DUNCAN,0,0,0,0,0
Warren,D106,U.S. Senate,,,Under Votes,3,1,2,0,0
Warren,D106,U.S. Senate,,,Over Votes,0,0,0,0,0
Warren,D106,U.S. House,2,Republican,"G. ""Shay"" PERRY-ADELMANN",10,2,8,0,0
Warren,D106,U.S. House,2,Republican,S. Brett GUTHRIE,255,53,200,0,2
Warren,D106,U.S. House,2,Republican,Joshua M. FERGUSON,13,3,10,0,0
Warren,D106,U.S. House,2,,Under Votes,4,2,2,0,0
Warren,D106,U.S. House,2,,Over Votes,0,0,0,0,0
Warren,D106,Ballots Cast,,,,409,,,,
Warren,D106,Sheriff,,,Brett HIGHTOWER,259,54,203,0,2
Warren,D106,Sheriff,,,Mark HEYUNGS,17,5,12,0,0
Warren,D106,Sheriff,,,Under Votes,6,1,5,0,0
Warren,D106,Sheriff,,,Over Votes,0,0,0,0,0
Warren,D106,Jailer,,,Javen M. ROBERSON,47,9,38,0,0
Warren,D106,Jailer,,,Stephen HARMON,214,49,163,0,2
Warren,D106,Jailer,,,Under Votes,21,2,19,0,0
Warren,D106,Jailer,,,Over Votes,0,0,0,0,0
Warren,D106,Magistrate,,,Rex A. McWHORTER,152,32,118,0,2
Warren,D106,Magistrate,,,Terry HENDRICK,119,26,93,0,0
Warren,D106,Magistrate,,,Under Votes,11,2,9,0,0
Warren,D106,Magistrate,,,Over Votes,0,0,0,0,0
Warren,D106,U.S. Senate,,Democratic,Logan FORSYTHE,2,0,2,0,0
Warren,D106,U.S. Senate,,Democratic,Amy McGRATH,56,15,35,6,0
Warren,D106,U.S. Senate,,Democratic,Dale Lewis ROMANS,0,0,0,0,0
Warren,D106,U.S. Senate,,Democratic,Joshua BLANTON SR.,6,1,5,0,0
Warren,D106,U.S. Senate,,Democratic,Vincent Anthony THOMPSON,1,0,1,0,0
Warren,D106,U.S. Senate,,Democratic,Charles BOOKER,56,8,46,2,0
Warren,D106,U.S. Senate,,Democratic,Pamela STEVENSON,5,1,4,0,0
Warren,D106,U.S. Senate,,,Under Votes,1,0,1,0,0
Warren,D106,U.S. Senate,,,Over Votes,0,0,0,0,0
Warren,D106,U.S. House,2,Democratic,David S. HATFIELD,17,2,14,1,0
Warren,D106,U.S. House,2,Democratic,Megan WINGFIELD,49,12,35,2,0
Warren,D106,U.S. House,2,Democratic,Hank LINDERMAN,33,4,26,3,0
Warren,D106,U.S. House,2,Democratic,William Dakota COMPTON,22,6,14,2,0
Warren,D106,U.S. House,2,,Under Votes,6,1,5,0,0
Warren,D106,U.S. House,2,,Over Votes,0,0,0,0,0
Warren,D107,U.S. Senate,,Republican,Anissa CATLETT,0,0,0,0,0
Warren,D107,U.S. Senate,,Republican,A. Nick SHELLEY,1,0,1,0,0
Warren,D107,U.S. Senate,,Republican,"Valerie ""Dr Val"" FREDRICK",0,0,0,0,0
Warren,D107,U.S. Senate,,Republican,Michael James FARIS,3,0,3,0,0
Warren,D107,U.S. Senate,,Republican,Other Donald WENZEL,0,0,0,0,0
Warren,D107,U.S. Senate,,Republican,Jonathan M. HOLLIDAY,0,0,0,0,0
Warren,D107,U.S. Senate,,Republican,George WASHINGTON,1,0,1,0,0
Warren,D107,U.S. Senate,,Republican,Andy BARR,80,18,59,2,1
Warren,D107,U.S. Senate,,Republican,Daniel CAMERON,28,1,27,0,0
Warren,D107,U.S. Senate,,Republican,Jimmy I. LEON,0,0,0,0,0
Warren,D107,U.S. Senate,,Republican,James D. DUNCAN,1,0,1,0,0
Warren,D107,U.S. Senate,,,Under Votes,3,0,3,0,0
Warren,D107,U.S. Senate,,,Over Votes,0,0,0,0,0
Warren,D107,U.S. House,2,Republican,"G. ""Shay"" PERRY-ADELMANN",2,1,1,0,0
Warren,D107,U.S. House,2,Republican,S. Brett GUTHRIE,110,18,89,2,1
Warren,D107,U.S. House,2,Republican,Joshua M. FERGUSON,4,0,4,0,0
Warren,D107,U.S. House,2,,Under Votes,5,1,4,0,0
Warren,D107,U.S. House,2,,Over Votes,0,0,0,0,0
Warren,D107,Ballots Cast,,,,215,,,,
Warren,D107,Sheriff,,,Brett HIGHTOWER,111,19,89,2,1
Warren,D107,Sheriff,,,Mark HEYUNGS,6,1,5,0,0
Warren,D107,Sheriff,,,Under Votes,4,0,4,0,0
Warren,D107,Sheriff,,,Over Votes,0,0,0,0,0
Warren,D107,Jailer,,,Javen M. ROBERSON,22,6,16,0,0
Warren,D107,Jailer,,,Stephen HARMON,89,14,72,2,1
Warren,D107,Jailer,,,Under Votes,10,0,10,0,0
Warren,D107,Jailer,,,Over Votes,0,0,0,0,0
Warren,D107,Magistrate,,,Rex A. McWHORTER,81,11,68,2,0
Warren,D107,Magistrate,,,Terry HENDRICK,30,8,21,0,1
Warren,D107,Magistrate,,,Under Votes,10,1,9,0,0
Warren,D107,Magistrate,,,Over Votes,0,0,0,0,0
Warren,D107,U.S. Senate,,Democratic,Logan FORSYTHE,2,0,2,0,0
Warren,D107,U.S. Senate,,Democratic,Amy McGRATH,23,7,15,1,0
Warren,D107,U.S. Senate,,Democratic,Dale Lewis ROMANS,0,0,0,0,0
Warren,D107,U.S. Senate,,Democratic,Joshua BLANTON SR.,0,0,0,0,0
Warren,D107,U.S. Senate,,Democratic,Vincent Anthony THOMPSON,1,0,1,0,0
Warren,D107,U.S. Senate,,Democratic,Charles BOOKER,66,8,57,1,0
Warren,D107,U.S. Senate,,Democratic,Pamela STEVENSON,0,0,0,0,0
Warren,D107,U.S. Senate,,,Under Votes,2,0,2,0,0
Warren,D107,U.S. Senate,,,Over Votes,0,0,0,0,0
Warren,D107,U.S. House,2,Democratic,David S. HATFIELD,5,1,4,0,0
Warren,D107,U.S. House,2,Democratic,Megan WINGFIELD,49,8,40,1,0
Warren,D107,U.S. House,2,Democratic,Hank LINDERMAN,20,3,17,0,0
Warren,D107,U.S. House,2,Democratic,William Dakota COMPTON,17,2,14,1,0
Warren,D107,U.S. House,2,,Under Votes,3,1,2,0,0
Warren,D107,U.S. House,2,,Over Votes,0,0,0,0,0
Warren,D108,U.S. Senate,,Republican,Anissa CATLETT,5,0,5,0,0
Warren,D108,U.S. Senate,,Republican,A. Nick SHELLEY,0,0,0,0,0
Warren,D108,U.S. Senate,,Republican,"Valerie ""Dr Val"" FREDRICK",4,0,2,2,0
Warren,D108,U.S. Senate,,Republican,Michael James FARIS,7,0,7,0,0
Warren,D108,U.S. Senate,,Republican,Other Donald WENZEL,0,0,0,0,0
Warren,D108,U.S. Senate,,Republican,Jonathan M. HOLLIDAY,0,0,0,0,0
Warren,D108,U.S. Senate,,Republican,George WASHINGTON,4,0,4,0,0
Warren,D108,U.S. Senate,,Republican,Andy BARR,242,47,188,4,3
Warren,D108,U.S. Senate,,Republican,Daniel CAMERON,113,13,100,0,0
Warren,D108,U.S. Senate,,Republican,Jimmy I. LEON,0,0,0,0,0
Warren,D108,U.S. Senate,,Republican,James D. DUNCAN,3,2,1,0,0
Warren,D108,U.S. Senate,,,Under Votes,2,0,2,0,0
Warren,D108,U.S. Senate,,,Over Votes,0,0,0,0,0
Warren,D108,U.S. House,2,Republican,"G. ""Shay"" PERRY-ADELMANN",13,2,11,0,0
Warren,D108,U.S. House,2,Republican,S. Brett GUTHRIE,339,58,273,5,3
Warren,D108,U.S. House,2,Republican,Joshua M. FERGUSON,27,4,22,1,0
Warren,D108,U.S. House,2,,Under Votes,6,1,5,0,0
Warren,D108,U.S. House,2,,Over Votes,0,0,0,0,0
Warren,D108,Ballots Cast,,,,596,,,,
Warren,D108,Sheriff,,,Brett HIGHTOWER,343,61,274,5,3
Warren,D108,Sheriff,,,Mark HEYUNGS,38,4,33,1,0
Warren,D108,Sheriff,,,Under Votes,4,0,4,0,0
Warren,D108,Sheriff,,,Over Votes,0,0,0,0,0
Warren,D108,Jailer,,,Javen M. ROBERSON,55,4,50,1,0
Warren,D108,Jailer,,,Stephen HARMON,316,61,247,5,3
Warren,D108,Jailer,,,Under Votes,14,0,14,0,0
Warren,D108,Jailer,,,Over Votes,0,0,0,0,0
Warren,D108,Magistrate,,,Rex A. McWHORTER,255,40,211,2,2
Warren,D108,Magistrate,,,Terry HENDRICK,118,22,91,4,1
Warren,D108,Magistrate,,,Under Votes,12,3,9,0,0
Warren,D108,Magistrate,,,Over Votes,0,0,0,0,0
Warren,D108,U.S. Senate,,Democratic,Logan FORSYTHE,9,4,5,0,0
Warren,D108,U.S. Senate,,Democratic,Amy McGRATH,94,23,70,1,0
Warren,D108,U.S. Senate,,Democratic,Dale Lewis ROMANS,4,1,3,0,0
Warren,D108,U.S. Senate,,Democratic,Joshua BLANTON SR.,2,0,2,0,0
Warren,D108,U.S. Senate,,Democratic,Vincent Anthony THOMPSON,4,1,3,0,0
Warren,D108,U.S. Senate,,Democratic,Charles BOOKER,81,15,65,1,0
Warren,D108,U.S. Senate,,Democratic,Pamela STEVENSON,12,5,7,0,0
Warren,D108,U.S. Senate,,,Under Votes,5,1,4,0,0
Warren,D108,U.S. Senate,,,Over Votes,0,0,0,0,0
Warren,D108,U.S. House,2,Democratic,David S. HATFIELD,24,5,19,0,0
Warren,D108,U.S. House,2,Democratic,Megan WINGFIELD,79,18,61,0,0
Warren,D108,U.S. House,2,Democratic,Hank LINDERMAN,46,9,37,0,0
Warren,D108,U.S. House,2,Democratic,William Dakota COMPTON,48,15,32,1,0
Warren,D108,U.S. House,2,,Under Votes,14,3,10,1,0
Warren,D108,U.S. House,2,,Over Votes,0,0,0,0,0
Warren,D109,U.S. Senate,,Republican,Anissa CATLETT,0,0,0,0,0
Warren,D109,U.S. Senate,,Republican,A. Nick SHELLEY,0,0,0,0,0
Warren,D109,U.S. Senate,,Republican,"Valerie ""Dr Val"" FREDRICK",0,0,0,0,0
Warren,D109,U.S. Senate,,Republican,Michael James FARIS,1,0,1,0,0
Warren,D109,U.S. Senate,,Republican,Other Donald WENZEL,0,0,0,0,0
Warren,D109,U.S. Senate,,Republican,Jonathan M. HOLLIDAY,0,0,0,0,0
Warren,D109,U.S. Senate,,Republican,George WASHINGTON,0,0,0,0,0
Warren,D109,U.S. Senate,,Republican,Andy BARR,5,1,4,0,0
Warren,D109,U.S. Senate,,Republican,Daniel CAMERON,3,1,2,0,0
Warren,D109,U.S. Senate,,Republican,Jimmy I. LEON,0,0,0,0,0
Warren,D109,U.S. Senate,,Republican,James D. DUNCAN,0,0,0,0,0
Warren,D109,U.S. Senate,,,Under Votes,0,0,0,0,0
Warren,D109,U.S. Senate,,,Over Votes,0,0,0,0,0
Warren,D109,U.S. House,2,Republican,"G. ""Shay"" PERRY-ADELMANN",0,0,0,0,0
Warren,D109,U.S. House,2,Republican,S. Brett GUTHRIE,8,2,6,0,0
Warren,D109,U.S. House,2,Republican,Joshua M. FERGUSON,1,0,1,0,0
Warren,D109,U.S. House,2,,Under Votes,0,0,0,0,0
Warren,D109,U.S. House,2,,Over Votes,0,0,0,0,0
Warren,D109,Ballots Cast,,,,18,,,,
Warren,D109,Sheriff,,,Brett HIGHTOWER,8,2,6,0,0
Warren,D109,Sheriff,,,Mark HEYUNGS,1,0,1,0,0
Warren,D109,Sheriff,,,Under Votes,0,0,0,0,0
Warren,D109,Sheriff,,,Over Votes,0,0,0,0,0
Warren,D109,Jailer,,,Javen M. ROBERSON,3,0,3,0,0
Warren,D109,Jailer,,,Stephen HARMON,6,2,4,0,0
Warren,D109,Jailer,,,Under Votes,0,0,0,0,0
Warren,D109,Jailer,,,Over Votes,0,0,0,0,0
Warren,D109,Magistrate,,,Rex A. McWHORTER,3,1,2,0,0
Warren,D109,Magistrate,,,Terry HENDRICK,5,1,4,0,0
Warren,D109,Magistrate,,,Under Votes,1,0,1,0,0
Warren,D109,Magistrate,,,Over Votes,0,0,0,0,0
Warren,D109,U.S. Senate,,Democratic,Logan FORSYTHE,0,0,0,0,0
Warren,D109,U.S. Senate,,Democratic,Amy McGRATH,3,0,3,0,0
Warren,D109,U.S. Senate,,Democratic,Dale Lewis ROMANS,0,0,0,0,0
Warren,D109,U.S. Senate,,Democratic,Joshua BLANTON SR.,0,0,0,0,0
Warren,D109,U.S. Senate,,Democratic,Vincent Anthony THOMPSON,0,0,0,0,0
Warren,D109,U.S. Senate,,Democratic,Charles BOOKER,6,2,4,0,0
Warren,D109,U.S. Senate,,Democratic,Pamela STEVENSON,0,0,0,0,0
Warren,D109,U.S. Senate,,,Under Votes,0,0,0,0,0
Warren,D109,U.S. Senate,,,Over Votes,0,0,0,0,0
Warren,D109,U.S. House,2,Democratic,David S. HATFIELD,0,0,0,0,0
Warren,D109,U.S. House,2,Democratic,Megan WINGFIELD,5,1,4,0,0
Warren,D109,U.S. House,2,Democratic,Hank LINDERMAN,2,1,1,0,0
Warren,D109,U.S. House,2,Democratic,William Dakota COMPTON,1,0,1,0,0
Warren,D109,U.S. House,2,,Under Votes,1,0,1,0,0
Warren,D109,U.S. House,2,,Over Votes,0,0,0,0,0
Warren,D110,U.S. Senate,,Republican,Anissa CATLETT,4,0,4,0,0
Warren,D110,U.S. Senate,,Republican,A. Nick SHELLEY,0,0,0,0,0
Warren,D110,U.S. Senate,,Republican,"Valerie ""Dr Val"" FREDRICK",3,0,3,0,0
Warren,D110,U.S. Senate,,Republican,Michael James FARIS,2,0,2,0,0
Warren,D110,U.S. Senate,,Republican,Other Donald WENZEL,0,0,0,0,0
Warren,D110,U.S. Senate,,Republican,Jonathan M. HOLLIDAY,1,0,1,0,0
Warren,D110,U.S. Senate,,Republican,George WASHINGTON,2,0,2,0,0
Warren,D110,U.S. Senate,,Republican,Andy BARR,215,42,169,4,0
Warren,D110,U.S. Senate,,Republican,Daniel CAMERON,58,16,42,0,0
Warren,D110,U.S. Senate,,Republican,Jimmy I. LEON,0,0,0,0,0
Warren,D110,U.S. Senate,,Republican,James D. DUNCAN,1,0,1,0,0
Warren,D110,U.S. Senate,,,Under Votes,2,1,1,0,0
Warren,D110,U.S. Senate,,,Over Votes,0,0,0,0,0
Warren,D110,U.S. House,2,Republican,"G. ""Shay"" PERRY-ADELMANN",8,3,5,0,0
Warren,D110,U.S. House,2,Republican,S. Brett GUTHRIE,269,54,211,4,0
Warren,D110,U.S. House,2,Republican,Joshua M. FERGUSON,8,2,6,0,0
Warren,D110,U.S. House,2,,Under Votes,8,2,6,0,0
Warren,D110,U.S. House,2,,Over Votes,0,0,0,0,0
Warren,D110,Ballots Cast,,,,436,,,,
Warren,D110,Sheriff,,,Brett HIGHTOWER,263,55,204,4,0
Warren,D110,Sheriff,,,Mark HEYUNGS,22,5,17,0,0
Warren,D110,Sheriff,,,Under Votes,7,1,6,0,0
Warren,D110,Sheriff,,,Over Votes,1,0,1,0,0
Warren,D110,Jailer,,,Javen M. ROBERSON,37,4,33,0,0
Warren,D110,Jailer,,,Stephen HARMON,233,54,177,2,0
Warren,D110,Jailer,,,Under Votes,23,3,18,2,0
Warren,D110,Jailer,,,Over Votes,0,0,0,0,0
Warren,D110,Magistrate,,,Rex A. McWHORTER,221,40,177,4,0
Warren,D110,Magistrate,,,Terry HENDRICK,62,20,42,0,0
Warren,D110,Magistrate,,,Under Votes,10,1,9,0,0
Warren,D110,Magistrate,,,Over Votes,0,0,0,0,0
Warren,D110,U.S. Senate,,Democratic,Logan FORSYTHE,2,0,2,0,0
Warren,D110,U.S. Senate,,Democratic,Amy McGRATH,82,30,48,4,0
Warren,D110,U.S. Senate,,Democratic,Dale Lewis ROMANS,5,0,5,0,0
Warren,D110,U.S. Senate,,Democratic,Joshua BLANTON SR.,2,1,1,0,0
Warren,D110,U.S. Senate,,Democratic,Vincent Anthony THOMPSON,1,0,1,0,0
Warren,D110,U.S. Senate,,Democratic,Charles BOOKER,45,14,31,0,0
Warren,D110,U.S. Senate,,Democratic,Pamela STEVENSON,5,2,3,0,0
Warren,D110,U.S. Senate,,,Under Votes,1,0,1,0,0
Warren,D110,U.S. Senate,,,Over Votes,0,0,0,0,0
Warren,D110,U.S. House,2,Democratic,David S. HATFIELD,12,5,6,1,0
Warren,D110,U.S. House,2,Democratic,Megan WINGFIELD,50,11,38,1,0
Warren,D110,U.S. House,2,Democratic,Hank LINDERMAN,34,15,19,0,0
Warren,D110,U.S. House,2,Democratic,William Dakota COMPTON,31,8,22,1,0
Warren,D110,U.S. House,2,,Under Votes,16,8,7,1,0
Warren,D110,U.S. House,2,,Over Votes,0,0,0,0,0
Warren,E101,U.S. Senate,,Republican,Anissa CATLETT,4,0,4,0,0
Warren,E101,U.S. Senate,,Republican,A. Nick SHELLEY,0,0,0,0,0
Warren,E101,U.S. Senate,,Republican,"Valerie ""Dr Val"" FREDRICK",3,0,3,0,0
Warren,E101,U.S. Senate,,Republican,Michael James FARIS,7,1,6,0,0
Warren,E101,U.S. Senate,,Republican,Other Donald WENZEL,0,0,0,0,0
Warren,E101,U.S. Senate,,Republican,Jonathan M. HOLLIDAY,3,0,3,0,0
Warren,E101,U.S. Senate,,Republican,George WASHINGTON,4,0,4,0,0
Warren,E101,U.S. Senate,,Republican,Andy BARR,190,38,151,1,0
Warren,E101,U.S. Senate,,Republican,Daniel CAMERON,83,12,71,0,0
Warren,E101,U.S. Senate,,Republican,Jimmy I. LEON,0,0,0,0,0
Warren,E101,U.S. Senate,,Republican,James D. DUNCAN,4,0,4,0,0
Warren,E101,U.S. Senate,,,Under Votes,4,1,3,0,0
Warren,E101,U.S. Senate,,,Over Votes,0,0,0,0,0
Warren,E101,U.S. House,2,Republican,"G. ""Shay"" PERRY-ADELMANN",8,0,8,0,0
Warren,E101,U.S. House,2,Republican,S. Brett GUTHRIE,268,49,218,1,0
Warren,E101,U.S. House,2,Republican,Joshua M. FERGUSON,23,1,22,0,0
Warren,E101,U.S. House,2,,Under Votes,9,2,7,0,0
Warren,E101,U.S. House,2,,Over Votes,0,0,0,0,0
Warren,E101,Ballots Cast,,,,450,,,,
Warren,E101,Sheriff,,,Brett HIGHTOWER,267,45,221,1,0
Warren,E101,Sheriff,,,Mark HEYUNGS,35,5,30,0,0
Warren,E101,Sheriff,,,Under Votes,6,2,4,0,0
Warren,E101,Sheriff,,,Over Votes,0,0,0,0,0
Warren,E101,Jailer,,,Javen M. ROBERSON,100,16,84,0,0
Warren,E101,Jailer,,,Stephen HARMON,192,34,157,1,0
Warren,E101,Jailer,,,Under Votes,16,2,14,0,0
Warren,E101,Jailer,,,Over Votes,0,0,0,0,0
Warren,E101,U.S. Senate,,Democratic,Logan FORSYTHE,7,0,7,0,0
Warren,E101,U.S. Senate,,Democratic,Amy McGRATH,55,17,38,0,0
Warren,E101,U.S. Senate,,Democratic,Dale Lewis ROMANS,3,0,3,0,0
Warren,E101,U.S. Senate,,Democratic,Joshua BLANTON SR.,3,0,3,0,0
Warren,E101,U.S. Senate,,Democratic,Vincent Anthony THOMPSON,1,0,1,0,0
Warren,E101,U.S. Senate,,Democratic,Charles BOOKER,63,6,55,2,0
Warren,E101,U.S. Senate,,Democratic,Pamela STEVENSON,9,2,6,1,0
Warren,E101,U.S. Senate,,,Under Votes,1,0,1,0,0
Warren,E101,U.S. Senate,,,Over Votes,0,0,0,0,0
Warren,E101,U.S. House,2,Democratic,David S. HATFIELD,20,3,17,0,0
Warren,E101,U.S. House,2,Democratic,Megan WINGFIELD,51,8,42,1,0
Warren,E101,U.S. House,2,Democratic,Hank LINDERMAN,27,5,21,1,0
Warren,E101,U.S. House,2,Democratic,William Dakota COMPTON,38,5,32,1,0
Warren,E101,U.S. House,2,,Under Votes,6,4,2,0,0
Warren,E101,U.S. House,2,,Over Votes,0,0,0,0,0
Warren,E102,U.S. Senate,,Republican,Anissa CATLETT,1,1,0,0,0
Warren,E102,U.S. Senate,,Republican,A. Nick SHELLEY,0,0,0,0,0
Warren,E102,U.S. Senate,,Republican,"Valerie ""Dr Val"" FREDRICK",1,0,1,0,0
Warren,E102,U.S. Senate,,Republican,Michael James FARIS,7,0,7,0,0
Warren,E102,U.S. Senate,,Republican,Other Donald WENZEL,0,0,0,0,0
Warren,E102,U.S. Senate,,Republican,Jonathan M. HOLLIDAY,0,0,0,0,0
Warren,E102,U.S. Senate,,Republican,George WASHINGTON,0,0,0,0,0
Warren,E102,U.S. Senate,,Republican,Andy BARR,101,22,77,2,0
Warren,E102,U.S. Senate,,Republican,Daniel CAMERON,50,7,43,0,0
Warren,E102,U.S. Senate,,Republican,Jimmy I. LEON,0,0,0,0,0
Warren,E102,U.S. Senate,,Republican,James D. DUNCAN,1,0,1,0,0
Warren,E102,U.S. Senate,,,Under Votes,1,0,1,0,0
Warren,E102,U.S. Senate,,,Over Votes,0,0,0,0,0
Warren,E102,U.S. House,2,Republican,"G. ""Shay"" PERRY-ADELMANN",6,2,4,0,0
Warren,E102,U.S. House,2,Republican,S. Brett GUTHRIE,149,26,121,2,0
Warren,E102,U.S. House,2,Republican,Joshua M. FERGUSON,6,2,4,0,0
Warren,E102,U.S. House,2,,Under Votes,5,1,4,0,0
Warren,E102,U.S. House,2,,Over Votes,0,0,0,0,0
Warren,E102,Ballots Cast,,,,253,,,,
Warren,E102,Sheriff,,,Brett HIGHTOWER,150,29,119,2,0
Warren,E102,Sheriff,,,Mark HEYUNGS,8,2,6,0,0
Warren,E102,Sheriff,,,Under Votes,8,0,8,0,0
Warren,E102,Sheriff,,,Over Votes,0,0,0,0,0
Warren,E102,Jailer,,,Javen M. ROBERSON,66,14,50,2,0
Warren,E102,Jailer,,,Stephen HARMON,93,17,76,0,0
Warren,E102,Jailer,,,Under Votes,7,0,7,0,0
Warren,E102,Jailer,,,Over Votes,0,0,0,0,0
Warren,E102,U.S. Senate,,Democratic,Logan FORSYTHE,2,0,2,0,0
Warren,E102,U.S. Senate,,Democratic,Amy McGRATH,41,18,22,1,0
Warren,E102,U.S. Senate,,Democratic,Dale Lewis ROMANS,2,1,1,0,0
Warren,E102,U.S. Senate,,Democratic,Joshua BLANTON SR.,6,1,5,0,0
Warren,E102,U.S. Senate,,Democratic,Vincent Anthony THOMPSON,1,0,1,0,0
Warren,E102,U.S. Senate,,Democratic,Charles BOOKER,30,5,25,0,0
Warren,E102,U.S. Senate,,Democratic,Pamela STEVENSON,4,2,2,0,0
Warren,E102,U.S. Senate,,,Under Votes,1,0,1,0,0
Warren,E102,U.S. Senate,,,Over Votes,0,0,0,0,0
Warren,E102,U.S. House,2,Democratic,David S. HATFIELD,14,3,11,0,0
Warren,E102,U.S. House,2,Democratic,Megan WINGFIELD,27,11,16,0,0
Warren,E102,U.S. House,2,Democratic,Hank LINDERMAN,27,11,16,0,0
Warren,E102,U.S. House,2,Democratic,William Dakota COMPTON,14,2,11,1,0
Warren,E102,U.S. House,2,,Under Votes,5,0,5,0,0
Warren,E102,U.S. House,2,,Over Votes,0,0,0,0,0
Warren,E103,U.S. Senate,,Republican,Anissa CATLETT,0,0,0,0,0
Warren,E103,U.S. Senate,,Republican,A. Nick SHELLEY,1,0,1,0,0
Warren,E103,U.S. Senate,,Republican,"Valerie ""Dr Val"" FREDRICK",1,0,1,0,0
Warren,E103,U.S. Senate,,Republican,Michael James FARIS,1,0,1,0,0
Warren,E103,U.S. Senate,,Republican,Other Donald WENZEL,0,0,0,0,0
Warren,E103,U.S. Senate,,Republican,Jonathan M. HOLLIDAY,0,0,0,0,0
Warren,E103,U.S. Senate,,Republican,George WASHINGTON,1,0,1,0,0
Warren,E103,U.S. Senate,,Republican,Andy BARR,67,19,46,0,2
Warren,E103,U.S. Senate,,Republican,Daniel CAMERON,18,5,13,0,0
Warren,E103,U.S. Senate,,Republican,Jimmy I. LEON,1,0,1,0,0
Warren,E103,U.S. Senate,,Republican,James D. DUNCAN,1,0,1,0,0
Warren,E103,U.S. Senate,,,Under Votes,2,2,0,0,0
Warren,E103,U.S. Senate,,,Over Votes,0,0,0,0,0
Warren,E103,U.S. House,2,Republican,"G. ""Shay"" PERRY-ADELMANN",0,0,0,0,0
Warren,E103,U.S. House,2,Republican,S. Brett GUTHRIE,87,24,61,0,2
Warren,E103,U.S. House,2,Republican,Joshua M. FERGUSON,8,2,6,0,0
Warren,E103,U.S. House,2,,Under Votes,3,1,2,0,0
Warren,E103,U.S. House,2,,Over Votes,0,0,0,0,0
Warren,E103,Ballots Cast,,,,214,,,,
Warren,E103,Sheriff,,,Brett HIGHTOWER,88,26,60,0,2
Warren,E103,Sheriff,,,Mark HEYUNGS,5,1,4,0,0
Warren,E103,Sheriff,,,Under Votes,5,0,5,0,0
Warren,E103,Sheriff,,,Over Votes,0,0,0,0,0
Warren,E103,Jailer,,,Javen M. ROBERSON,22,7,15,0,0
Warren,E103,Jailer,,,Stephen HARMON,73,20,51,0,2
Warren,E103,Jailer,,,Under Votes,3,0,3,0,0
Warren,E103,Jailer,,,Over Votes,0,0,0,0,0
Warren,E103,U.S. Senate,,Democratic,Logan FORSYTHE,1,0,1,0,0
Warren,E103,U.S. Senate,,Democratic,Amy McGRATH,32,7,19,6,0
Warren,E103,U.S. Senate,,Democratic,Dale Lewis ROMANS,5,0,5,0,0
Warren,E103,U.S. Senate,,Democratic,Joshua BLANTON SR.,1,0,1,0,0
Warren,E103,U.S. Senate,,Democratic,Vincent Anthony THOMPSON,0,0,0,0,0
Warren,E103,U.S. Senate,,Democratic,Charles BOOKER,74,17,56,1,0
Warren,E103,U.S. Senate,,Democratic,Pamela STEVENSON,2,0,2,0,0
Warren,E103,U.S. Senate,,,Under Votes,1,0,1,0,0
Warren,E103,U.S. Senate,,,Over Votes,0,0,0,0,0
Warren,E103,U.S. House,2,Democratic,David S. HATFIELD,12,1,11,0,0
Warren,E103,U.S. House,2,Democratic,Megan WINGFIELD,53,6,45,2,0
Warren,E103,U.S. House,2,Democratic,Hank LINDERMAN,15,3,10,2,0
Warren,E103,U.S. House,2,Democratic,William Dakota COMPTON,32,13,16,3,0
Warren,E103,U.S. House,2,,Under Votes,4,1,3,0,0
Warren,E103,U.S. House,2,,Over Votes,0,0,0,0,0
Warren,E104A,U.S. Senate,,Republican,Anissa CATLETT,3,1,2,0,0
Warren,E104A,U.S. Senate,,Republican,A. Nick SHELLEY,1,0,1,0,0
Warren,E104A,U.S. Senate,,Republican,"Valerie ""Dr Val"" FREDRICK",3,0,3,0,0
Warren,E104A,U.S. Senate,,Republican,Michael James FARIS,6,0,6,0,0
Warren,E104A,U.S. Senate,,Republican,Other Donald WENZEL,1,1,0,0,0
Warren,E104A,U.S. Senate,,Republican,Jonathan M. HOLLIDAY,0,0,0,0,0
Warren,E104A,U.S. Senate,,Republican,George WASHINGTON,0,0,0,0,0
Warren,E104A,U.S. Senate,,Republican,Andy BARR,29,8,21,0,0
Warren,E104A,U.S. Senate,,Republican,Daniel CAMERON,17,7,10,0,0
Warren,E104A,U.S. Senate,,Republican,Jimmy I. LEON,0,0,0,0,0
Warren,E104A,U.S. Senate,,Republican,James D. DUNCAN,1,0,1,0,0
Warren,E104A,U.S. Senate,,,Under Votes,2,0,2,0,0
Warren,E104A,U.S. Senate,,,Over Votes,0,0,0,0,0
Warren,E104A,U.S. House,2,Republican,"G. ""Shay"" PERRY-ADELMANN",9,1,8,0,0
Warren,E104A,U.S. House,2,Republican,S. Brett GUTHRIE,47,14,32,1,0
Warren,E104A,U.S. House,2,Republican,Joshua M. FERGUSON,8,2,6,0,0
Warren,E104A,U.S. House,2,,Under Votes,2,0,2,0,0
Warren,E104A,U.S. House,2,,Over Votes,0,0,0,0,0
Warren,E104A,Ballots Cast,,,,226,,,,
Warren,E104A,Sheriff,,,Brett HIGHTOWER,63,17,45,1,0
Warren,E104A,Sheriff,,,Mark HEYUNGS,2,0,2,0,0
Warren,E104A,Sheriff,,,Under Votes,1,0,1,0,0
Warren,E104A,Sheriff,,,Over Votes,0,0,0,0,0
Warren,E104A,Jailer,,,Javen M. ROBERSON,16,3,13,0,0
Warren,E104A,Jailer,,,Stephen HARMON,43,13,29,1,0
Warren,E104A,Jailer,,,Under Votes,7,1,6,0,0
Warren,E104A,Jailer,,,Over Votes,0,0,0,0,0
Warren,E104A,U.S. Senate,,Democratic,Logan FORSYTHE,4,2,2,0,0
Warren,E104A,U.S. Senate,,Democratic,Amy McGRATH,46,14,30,1,1
Warren,E104A,U.S. Senate,,Democratic,Dale Lewis ROMANS,0,0,0,0,0
Warren,E104A,U.S. Senate,,Democratic,Joshua BLANTON SR.,0,0,0,0,0
Warren,E104A,U.S. Senate,,Democratic,Vincent Anthony THOMPSON,1,0,1,0,0
Warren,E104A,U.S. Senate,,Democratic,Charles BOOKER,104,16,87,1,0
Warren,E104A,U.S. Senate,,Democratic,Pamela STEVENSON,5,2,3,0,0
Warren,E104A,U.S. Senate,,,Under Votes,0,0,0,0,0
Warren,E104A,U.S. Senate,,,Over Votes,0,0,0,0,0
Warren,E104A,U.S. House,2,Democratic,David S. HATFIELD,19,4,15,0,0
Warren,E104A,U.S. House,2,Democratic,Megan WINGFIELD,82,16,64,1,1
Warren,E104A,U.S. House,2,Democratic,Hank LINDERMAN,20,6,14,0,0
Warren,E104A,U.S. House,2,Democratic,William Dakota COMPTON,34,6,28,0,0
Warren,E104A,U.S. House,2,,Under Votes,5,2,2,1,0
Warren,E104A,U.S. House,2,,Over Votes,0,0,0,0,0
Warren,E105,U.S. Senate,,Republican,Anissa CATLETT,6,1,3,2,0
Warren,E105,U.S. Senate,,Republican,A. Nick SHELLEY,2,0,2,0,0
Warren,E105,U.S. Senate,,Republican,"Valerie ""Dr Val"" FREDRICK",3,0,3,0,0
Warren,E105,U.S. Senate,,Republican,Michael James FARIS,27,11,16,0,0
Warren,E105,U.S. Senate,,Republican,Other Donald WENZEL,0,0,0,0,0
Warren,E105,U.S. Senate,,Republican,Jonathan M. HOLLIDAY,0,0,0,0,0
Warren,E105,U.S. Senate,,Republican,George WASHINGTON,5,0,5,0,0
Warren,E105,U.S. Senate,,Republican,Andy BARR,244,64,180,0,0
Warren,E105,U.S. Senate,,Republican,Daniel CAMERON,93,15,78,0,0
Warren,E105,U.S. Senate,,Republican,Jimmy I. LEON,0,0,0,0,0
Warren,E105,U.S. Senate,,Republican,James D. DUNCAN,3,0,3,0,0
Warren,E105,U.S. Senate,,,Under Votes,6,1,5,0,0
Warren,E105,U.S. Senate,,,Over Votes,0,0,0,0,0
Warren,E105,U.S. House,2,Republican,"G. ""Shay"" PERRY-ADELMANN",17,4,12,1,0
Warren,E105,U.S. House,2,Republican,S. Brett GUTHRIE,349,85,263,1,0
Warren,E105,U.S. House,2,Republican,Joshua M. FERGUSON,26,3,23,0,0
Warren,E105,U.S. House,2,,Under Votes,9,2,7,0,0
Warren,E105,U.S. House,2,,Over Votes,0,0,0,0,0
Warren,E105,Ballots Cast,,,,639,,,,
Warren,E105,Sheriff,,,Brett HIGHTOWER,363,88,273,2,0
Warren,E105,Sheriff,,,Mark HEYUNGS,36,6,30,0,0
Warren,E105,Sheriff,,,Under Votes,2,0,2,0,0
Warren,E105,Sheriff,,,Over Votes,0,0,0,0,0
Warren,E105,Jailer,,,Javen M. ROBERSON,81,12,68,1,0
Warren,E105,Jailer,,,Stephen HARMON,306,81,224,1,0
Warren,E105,Jailer,,,Under Votes,14,1,13,0,0
Warren,E105,Jailer,,,Over Votes,0,0,0,0,0
Warren,E105,U.S. Senate,,Democratic,Logan FORSYTHE,13,2,10,1,0
Warren,E105,U.S. Senate,,Democratic,Amy McGRATH,118,29,80,9,0
Warren,E105,U.S. Senate,,Democratic,Dale Lewis ROMANS,3,0,3,0,0
Warren,E105,U.S. Senate,,Democratic,Joshua BLANTON SR.,3,0,3,0,0
Warren,E105,U.S. Senate,,Democratic,Vincent Anthony THOMPSON,4,1,3,0,0
Warren,E105,U.S. Senate,,Democratic,Charles BOOKER,81,15,66,0,0
Warren,E105,U.S. Senate,,Democratic,Pamela STEVENSON,11,2,9,0,0
Warren,E105,U.S. Senate,,,Under Votes,5,0,5,0,0
Warren,E105,U.S. Senate,,,Over Votes,0,0,0,0,0
Warren,E105,U.S. House,2,Democratic,David S. HATFIELD,41,8,33,0,0
Warren,E105,U.S. House,2,Democratic,Megan WINGFIELD,82,14,62,6,0
Warren,E105,U.S. House,2,Democratic,Hank LINDERMAN,64,17,43,4,0
Warren,E105,U.S. House,2,Democratic,William Dakota COMPTON,36,8,28,0,0
Warren,E105,U.S. House,2,,Under Votes,15,2,13,0,0
Warren,E105,U.S. House,2,,Over Votes,0,0,0,0,0
Warren,E106,U.S. Senate,,Republican,Anissa CATLETT,4,0,4,0,0
Warren,E106,U.S. Senate,,Republican,A. Nick SHELLEY,4,2,2,0,0
Warren,E106,U.S. Senate,,Republican,"Valerie ""Dr Val"" FREDRICK",2,0,2,0,0
Warren,E106,U.S. Senate,,Republican,Michael James FARIS,3,0,3,0,0
Warren,E106,U.S. Senate,,Republican,Other Donald WENZEL,2,1,1,0,0
Warren,E106,U.S. Senate,,Republican,Jonathan M. HOLLIDAY,0,0,0,0,0
Warren,E106,U.S. Senate,,Republican,George WASHINGTON,1,0,1,0,0
Warren,E106,U.S. Senate,,Republican,Andy BARR,191,46,142,1,2
Warren,E106,U.S. Senate,,Republican,Daniel CAMERON,74,27,46,1,0
Warren,E106,U.S. Senate,,Republican,Jimmy I. LEON,0,0,0,0,0
Warren,E106,U.S. Senate,,Republican,James D. DUNCAN,4,0,4,0,0
Warren,E106,U.S. Senate,,,Under Votes,1,0,1,0,0
Warren,E106,U.S. Senate,,,Over Votes,0,0,0,0,0
Warren,E106,U.S. House,2,Republican,"G. ""Shay"" PERRY-ADELMANN",12,3,9,0,0
Warren,E106,U.S. House,2,Republican,S. Brett GUTHRIE,259,68,185,4,2
Warren,E106,U.S. House,2,Republican,Joshua M. FERGUSON,18,4,14,0,0
Warren,E106,U.S. House,2,,Under Votes,6,1,5,0,0
Warren,E106,U.S. House,2,,Over Votes,0,0,0,0,0
Warren,E106,Ballots Cast,,,,495,,,,
Warren,E106,Sheriff,,,Brett HIGHTOWER,256,65,186,4,1
Warren,E106,Sheriff,,,Mark HEYUNGS,31,7,23,0,1
Warren,E106,Sheriff,,,Under Votes,8,4,4,0,0
Warren,E106,Sheriff,,,Over Votes,0,0,0,0,0
Warren,E106,Jailer,,,Javen M. ROBERSON,67,15,49,2,1
Warren,E106,Jailer,,,Stephen HARMON,216,57,156,2,1
Warren,E106,Jailer,,,Under Votes,12,4,8,0,0
Warren,E106,Jailer,,,Over Votes,0,0,0,0,0
Warren,E106,U.S. Senate,,Democratic,Logan FORSYTHE,6,0,6,0,0
Warren,E106,U.S. Senate,,Democratic,Amy McGRATH,99,40,58,1,0
Warren,E106,U.S. Senate,,Democratic,Dale Lewis ROMANS,5,4,1,0,0
Warren,E106,U.S. Senate,,Democratic,Joshua BLANTON SR.,0,0,0,0,0
Warren,E106,U.S. Senate,,Democratic,Vincent Anthony THOMPSON,4,1,3,0,0
Warren,E106,U.S. Senate,,Democratic,Charles BOOKER,76,11,62,3,0
Warren,E106,U.S. Senate,,Democratic,Pamela STEVENSON,6,0,6,0,0
Warren,E106,U.S. Senate,,,Under Votes,4,0,4,0,0
Warren,E106,U.S. Senate,,,Over Votes,0,0,0,0,0
Warren,E106,U.S. House,2,Democratic,David S. HATFIELD,26,9,17,0,0
Warren,E106,U.S. House,2,Democratic,Megan WINGFIELD,70,17,52,1,0
Warren,E106,U.S. House,2,Democratic,Hank LINDERMAN,33,10,22,1,0
Warren,E106,U.S. House,2,Democratic,William Dakota COMPTON,54,18,34,2,0
Warren,E106,U.S. House,2,,Under Votes,17,2,15,0,0
Warren,E106,U.S. House,2,,Over Votes,0,0,0,0,0
Warren,E107,U.S. Senate,,Republican,Anissa CATLETT,0,0,0,0,0
Warren,E107,U.S. Senate,,Republican,A. Nick SHELLEY,0,0,0,0,0
Warren,E107,U.S. Senate,,Republican,"Valerie ""Dr Val"" FREDRICK",0,0,0,0,0
Warren,E107,U.S. Senate,,Republican,Michael James FARIS,1,1,0,0,0
Warren,E107,U.S. Senate,,Republican,Other Donald WENZEL,0,0,0,0,0
Warren,E107,U.S. Senate,,Republican,Jonathan M. HOLLIDAY,0,0,0,0,0
Warren,E107,U.S. Senate,,Republican,George WASHINGTON,0,0,0,0,0
Warren,E107,U.S. Senate,,Republican,Andy BARR,22,6,14,0,2
Warren,E107,U.S. Senate,,Republican,Daniel CAMERON,4,0,4,0,0
Warren,E107,U.S. Senate,,Republican,Jimmy I. LEON,0,0,0,0,0
Warren,E107,U.S. Senate,,Republican,James D. DUNCAN,2,0,2,0,0
Warren,E107,U.S. Senate,,,Under Votes,0,0,0,0,0
Warren,E107,U.S. Senate,,,Over Votes,0,0,0,0,0
Warren,E107,U.S. House,2,Republican,"G. ""Shay"" PERRY-ADELMANN",0,0,0,0,0
Warren,E107,U.S. House,2,Republican,S. Brett GUTHRIE,26,6,18,0,2
Warren,E107,U.S. House,2,Republican,Joshua M. FERGUSON,3,0,3,0,0
Warren,E107,U.S. House,2,,Under Votes,1,1,0,0,0
Warren,E107,U.S. House,2,,Over Votes,0,0,0,0,0
Warren,E107,Ballots Cast,,,,77,,,,
Warren,E107,Sheriff,,,Brett HIGHTOWER,27,6,19,0,2
Warren,E107,Sheriff,,,Mark HEYUNGS,2,1,1,0,0
Warren,E107,Sheriff,,,Under Votes,1,0,1,0,0
Warren,E107,Sheriff,,,Over Votes,0,0,0,0,0
Warren,E107,Jailer,,,Javen M. ROBERSON,11,2,8,0,1
Warren,E107,Jailer,,,Stephen HARMON,18,5,12,0,1
Warren,E107,Jailer,,,Under Votes,1,0,1,0,0
Warren,E107,Jailer,,,Over Votes,0,0,0,0,0
Warren,E107,U.S. Senate,,Democratic,Logan FORSYTHE,1,0,1,0,0
Warren,E107,U.S. Senate,,Democratic,Amy McGRATH,14,5,8,1,0
Warren,E107,U.S. Senate,,Democratic,Dale Lewis ROMANS,1,0,1,0,0
Warren,E107,U.S. Senate,,Democratic,Joshua BLANTON SR.,1,0,1,0,0
Warren,E107,U.S. Senate,,Democratic,Vincent Anthony THOMPSON,0,0,0,0,0
Warren,E107,U.S. Senate,,Democratic,Charles BOOKER,27,1,26,0,0
Warren,E107,U.S. Senate,,Democratic,Pamela STEVENSON,3,0,3,0,0
Warren,E107,U.S. Senate,,,Under Votes,0,0,0,0,0
Warren,E107,U.S. Senate,,,Over Votes,0,0,0,0,0
Warren,E107,U.S. House,2,Democratic,David S. HATFIELD,5,0,5,0,0
Warren,E107,U.S. House,2,Democratic,Megan WINGFIELD,22,2,19,1,0
Warren,E107,U.S. House,2,Democratic,Hank LINDERMAN,11,0,11,0,0
Warren,E107,U.S. House,2,Democratic,William Dakota COMPTON,6,3,3,0,0
Warren,E107,U.S. House,2,,Under Votes,3,1,2,0,0
Warren,E107,U.S. House,2,,Over Votes,0,0,0,0,0
Warren,F101,U.S. Senate,,Republican,Anissa CATLETT,4,1,3,0,0
Warren,F101,U.S. Senate,,Republican,A. Nick SHELLEY,0,0,0,0,0
Warren,F101,U.S. Senate,,Republican,"Valerie ""Dr Val"" FREDRICK",4,1,3,0,0
Warren,F101,U.S. Senate,,Republican,Michael James FARIS,5,1,4,0,0
Warren,F101,U.S. Senate,,Republican,Other Donald WENZEL,0,0,0,0,0
Warren,F101,U.S. Senate,,Republican,Jonathan M. HOLLIDAY,1,1,0,0,0
Warren,F101,U.S. Senate,,Republican,George WASHINGTON,3,0,3,0,0
Warren,F101,U.S. Senate,,Republican,Andy BARR,121,40,80,1,0
Warren,F101,U.S. Senate,,Republican,Daniel CAMERON,58,16,42,0,0
Warren,F101,U.S. Senate,,Republican,Jimmy I. LEON,0,0,0,0,0
Warren,F101,U.S. Senate,,Republican,James D. DUNCAN,2,0,2,0,0
Warren,F101,U.S. Senate,,,Under Votes,2,0,2,0,0
Warren,F101,U.S. Senate,,,Over Votes,0,0,0,0,0
Warren,F101,U.S. House,2,Republican,"G. ""Shay"" PERRY-ADELMANN",9,0,9,0,0
Warren,F101,U.S. House,2,Republican,S. Brett GUTHRIE,175,56,116,3,0
Warren,F101,U.S. House,2,Republican,Joshua M. FERGUSON,19,5,14,0,0
Warren,F101,U.S. House,2,,Under Votes,3,0,3,0,0
Warren,F101,U.S. House,2,,Over Votes,0,0,0,0,0
Warren,F101,Ballots Cast,,,,319,,,,
Warren,F101,Sheriff,,,Brett HIGHTOWER,182,57,122,3,0
Warren,F101,Sheriff,,,Mark HEYUNGS,23,4,19,0,0
Warren,F101,Sheriff,,,Under Votes,1,0,1,0,0
Warren,F101,Sheriff,,,Over Votes,0,0,0,0,0
Warren,F101,Jailer,,,Javen M. ROBERSON,55,7,47,1,0
Warren,F101,Jailer,,,Stephen HARMON,143,54,87,2,0
Warren,F101,Jailer,,,Under Votes,8,0,8,0,0
Warren,F101,Jailer,,,Over Votes,0,0,0,0,0
Warren,F101,Magistrate,,,Justin GEARLDS,123,35,86,2,0
Warren,F101,Magistrate,,,Rod HUTCHESON,42,12,30,0,0
Warren,F101,Magistrate,,,Ron A. CUMMINGS,31,12,18,1,0
Warren,F101,Magistrate,,,Under Votes,10,2,8,0,0
Warren,F101,Magistrate,,,Over Votes,0,0,0,0,0
Warren,F101,U.S. Senate,,Democratic,Logan FORSYTHE,4,2,2,0,0
Warren,F101,U.S. Senate,,Democratic,Amy McGRATH,39,8,29,2,0
Warren,F101,U.S. Senate,,Democratic,Dale Lewis ROMANS,2,1,1,0,0
Warren,F101,U.S. Senate,,Democratic,Joshua BLANTON SR.,4,0,4,0,0
Warren,F101,U.S. Senate,,Democratic,Vincent Anthony THOMPSON,0,0,0,0,0
Warren,F101,U.S. Senate,,Democratic,Charles BOOKER,57,12,44,1,0
Warren,F101,U.S. Senate,,Democratic,Pamela STEVENSON,7,3,4,0,0
Warren,F101,U.S. Senate,,,Under Votes,0,0,0,0,0
Warren,F101,U.S. Senate,,,Over Votes,0,0,0,0,0
Warren,F101,U.S. House,2,Democratic,David S. HATFIELD,21,3,18,0,0
Warren,F101,U.S. House,2,Democratic,Megan WINGFIELD,51,14,35,2,0
Warren,F101,U.S. House,2,Democratic,Hank LINDERMAN,19,5,14,0,0
Warren,F101,U.S. House,2,Democratic,William Dakota COMPTON,19,3,15,1,0
Warren,F101,U.S. House,2,,Under Votes,3,1,2,0,0
Warren,F101,U.S. House,2,,Over Votes,0,0,0,0,0
Warren,F102,U.S. Senate,,Republican,Anissa CATLETT,4,0,4,0,0
Warren,F102,U.S. Senate,,Republican,A. Nick SHELLEY,2,0,2,0,0
Warren,F102,U.S. Senate,,Republican,"Valerie ""Dr Val"" FREDRICK",1,1,0,0,0
Warren,F102,U.S. Senate,,Republican,Michael James FARIS,2,1,1,0,0
Warren,F102,U.S. Senate,,Republican,Other Donald WENZEL,0,0,0,0,0
Warren,F102,U.S. Senate,,Republican,Jonathan M. HOLLIDAY,0,0,0,0,0
Warren,F102,U.S. Senate,,Republican,George WASHINGTON,1,0,1,0,0
Warren,F102,U.S. Senate,,Republican,Andy BARR,52,21,31,0,0
Warren,F102,U.S. Senate,,Republican,Daniel CAMERON,30,7,23,0,0
Warren,F102,U.S. Senate,,Republican,Jimmy I. LEON,0,0,0,0,0
Warren,F102,U.S. Senate,,Republican,James D. DUNCAN,1,1,0,0,0
Warren,F102,U.S. Senate,,,Under Votes,3,1,2,0,0
Warren,F102,U.S. Senate,,,Over Votes,1,0,1,0,0
Warren,F102,U.S. House,2,Republican,"G. ""Shay"" PERRY-ADELMANN",7,1,6,0,0
Warren,F102,U.S. House,2,Republican,S. Brett GUTHRIE,76,23,53,0,0
Warren,F102,U.S. House,2,Republican,Joshua M. FERGUSON,12,9,3,0,0
Warren,F102,U.S. House,2,,Under Votes,5,1,4,0,0
Warren,F102,U.S. House,2,,Over Votes,0,0,0,0,0
Warren,F102,Ballots Cast,,,,180,,,,
Warren,F102,Sheriff,,,Brett HIGHTOWER,84,27,57,0,0
Warren,F102,Sheriff,,,Mark HEYUNGS,12,5,7,0,0
Warren,F102,Sheriff,,,Under Votes,4,2,2,0,0
Warren,F102,Sheriff,,,Over Votes,0,0,0,0,0
Warren,F102,Jailer,,,Javen M. ROBERSON,30,14,16,0,0
Warren,F102,Jailer,,,Stephen HARMON,62,18,44,0,0
Warren,F102,Jailer,,,Under Votes,8,2,6,0,0
Warren,F102,Jailer,,,Over Votes,0,0,0,0,0
Warren,F102,Magistrate,,,Justin GEARLDS,69,25,44,0,0
Warren,F102,Magistrate,,,Rod HUTCHESON,13,3,10,0,0
Warren,F102,Magistrate,,,Ron A. CUMMINGS,13,5,8,0,0
Warren,F102,Magistrate,,,Under Votes,5,1,4,0,0
Warren,F102,Magistrate,,,Over Votes,0,0,0,0,0
Warren,F102,U.S. Senate,,Democratic,Logan FORSYTHE,4,0,4,0,0
Warren,F102,U.S. Senate,,Democratic,Amy McGRATH,22,5,17,0,0
Warren,F102,U.S. Senate,,Democratic,Dale Lewis ROMANS,0,0,0,0,0
Warren,F102,U.S. Senate,,Democratic,Joshua BLANTON SR.,1,0,1,0,0
Warren,F102,U.S. Senate,,Democratic,Vincent Anthony THOMPSON,0,0,0,0,0
Warren,F102,U.S. Senate,,Democratic,Charles BOOKER,49,6,42,1,0
Warren,F102,U.S. Senate,,Democratic,Pamela STEVENSON,3,0,3,0,0
Warren,F102,U.S. Senate,,,Under Votes,1,0,1,0,0
Warren,F102,U.S. Senate,,,Over Votes,0,0,0,0,0
Warren,F102,U.S. House,2,Democratic,David S. HATFIELD,9,3,6,0,0
Warren,F102,U.S. House,2,Democratic,Megan WINGFIELD,39,1,37,1,0
Warren,F102,U.S. House,2,Democratic,Hank LINDERMAN,16,5,11,0,0
Warren,F102,U.S. House,2,Democratic,William Dakota COMPTON,12,1,11,0,0
Warren,F102,U.S. House,2,,Under Votes,4,1,3,0,0
Warren,F102,U.S. House,2,,Over Votes,0,0,0,0,0
Warren,F103B,U.S. Senate,,Republican,Anissa CATLETT,0,0,0,0,0
Warren,F103B,U.S. Senate,,Republican,A. Nick SHELLEY,2,2,0,0,0
Warren,F103B,U.S. Senate,,Republican,"Valerie ""Dr Val"" FREDRICK",0,0,0,0,0
Warren,F103B,U.S. Senate,,Republican,Michael James FARIS,2,1,1,0,0
Warren,F103B,U.S. Senate,,Republican,Other Donald WENZEL,0,0,0,0,0
Warren,F103B,U.S. Senate,,Republican,Jonathan M. HOLLIDAY,0,0,0,0,0
Warren,F103B,U.S. Senate,,Republican,George WASHINGTON,0,0,0,0,0
Warren,F103B,U.S. Senate,,Republican,Andy BARR,120,30,89,1,0
Warren,F103B,U.S. Senate,,Republican,Daniel CAMERON,52,12,40,0,0
Warren,F103B,U.S. Senate,,Republican,Jimmy I. LEON,2,1,1,0,0
Warren,F103B,U.S. Senate,,Republican,James D. DUNCAN,1,0,1,0,0
Warren,F103B,U.S. Senate,,,Under Votes,5,4,1,0,0
Warren,F103B,U.S. Senate,,,Over Votes,0,0,0,0,0
Warren,F103B,U.S. House,2,Republican,"G. ""Shay"" PERRY-ADELMANN",5,2,3,0,0
Warren,F103B,U.S. House,2,Republican,S. Brett GUTHRIE,168,43,125,0,0
Warren,F103B,U.S. House,2,Republican,Joshua M. FERGUSON,7,0,6,1,0
Warren,F103B,U.S. House,2,,Under Votes,9,5,4,0,0
Warren,F103B,U.S. House,2,,Over Votes,0,0,0,0,0
Warren,F103B,Ballots Cast,,,,248,,,,
Warren,F103B,Sheriff,,,Brett HIGHTOWER,170,42,127,1,0
Warren,F103B,Sheriff,,,Mark HEYUNGS,13,6,7,0,0
Warren,F103B,Sheriff,,,Under Votes,6,2,4,0,0
Warren,F103B,Sheriff,,,Over Votes,0,0,0,0,0
Warren,F103B,Jailer,,,Javen M. ROBERSON,41,9,31,1,0
Warren,F103B,Jailer,,,Stephen HARMON,138,39,99,0,0
Warren,F103B,Jailer,,,Under Votes,10,2,8,0,0
Warren,F103B,Jailer,,,Over Votes,0,0,0,0,0
Warren,F103B,Magistrate,,,Justin GEARLDS,117,32,84,1,0
Warren,F103B,Magistrate,,,Rod HUTCHESON,46,13,33,0,0
Warren,F103B,Magistrate,,,Ron A. CUMMINGS,22,4,18,0,0
Warren,F103B,Magistrate,,,Under Votes,4,1,3,0,0
Warren,F103B,Magistrate,,,Over Votes,0,0,0,0,0
Warren,F103B,U.S. Senate,,Democratic,Logan FORSYTHE,4,1,3,0,0
Warren,F103B,U.S. Senate,,Democratic,Amy McGRATH,26,1,21,4,0
Warren,F103B,U.S. Senate,,Democratic,Dale Lewis ROMANS,2,0,2,0,0
Warren,F103B,U.S. Senate,,Democratic,Joshua BLANTON SR.,4,1,3,0,0
Warren,F103B,U.S. Senate,,Democratic,Vincent Anthony THOMPSON,1,0,1,0,0
Warren,F103B,U.S. Senate,,Democratic,Charles BOOKER,20,4,15,1,0
Warren,F103B,U.S. Senate,,Democratic,Pamela STEVENSON,0,0,0,0,0
Warren,F103B,U.S. Senate,,,Under Votes,2,0,1,0,1
Warren,F103B,U.S. Senate,,,Over Votes,0,0,0,0,0
Warren,F103B,U.S. House,2,Democratic,David S. HATFIELD,10,0,10,0,0
Warren,F103B,U.S. House,2,Democratic,Megan WINGFIELD,21,1,18,2,0
Warren,F103B,U.S. House,2,Democratic,Hank LINDERMAN,13,3,10,0,0
Warren,F103B,U.S. House,2,Democratic,William Dakota COMPTON,10,3,4,3,0
Warren,F103B,U.S. House,2,,Under Votes,5,0,4,0,1
Warren,F103B,U.S. House,2,,Over Votes,0,0,0,0,0
Warren,F104,U.S. Senate,,Republican,Anissa CATLETT,3,1,2,0,0
Warren,F104,U.S. Senate,,Republican,A. Nick SHELLEY,1,0,1,0,0
Warren,F104,U.S. Senate,,Republican,"Valerie ""Dr Val"" FREDRICK",5,3,2,0,0
Warren,F104,U.S. Senate,,Republican,Michael James FARIS,9,2,7,0,0
Warren,F104,U.S. Senate,,Republican,Other Donald WENZEL,1,0,1,0,0
Warren,F104,U.S. Senate,,Republican,Jonathan M. HOLLIDAY,1,0,1,0,0
Warren,F104,U.S. Senate,,Republican,George WASHINGTON,4,0,4,0,0
Warren,F104,U.S. Senate,,Republican,Andy BARR,180,55,124,1,0
Warren,F104,U.S. Senate,,Republican,Daniel CAMERON,103,31,70,2,0
Warren,F104,U.S. Senate,,Republican,Jimmy I. LEON,0,0,0,0,0
Warren,F104,U.S. Senate,,Republican,James D. DUNCAN,1,0,1,0,0
Warren,F104,U.S. Senate,,,Under Votes,1,0,1,0,0
Warren,F104,U.S. Senate,,,Over Votes,1,0,1,0,0
Warren,F104,U.S. House,2,Republican,"G. ""Shay"" PERRY-ADELMANN",13,3,10,0,0
Warren,F104,U.S. House,2,Republican,S. Brett GUTHRIE,278,84,193,1,0
Warren,F104,U.S. House,2,Republican,Joshua M. FERGUSON,15,3,10,2,0
Warren,F104,U.S. House,2,,Under Votes,11,2,9,0,0
Warren,F104,U.S. House,2,,Over Votes,0,0,0,0,0
Warren,F104,Ballots Cast,,,,475,,,,
Warren,F104,Sheriff,,,Brett HIGHTOWER,286,86,197,3,0
Warren,F104,Sheriff,,,Mark HEYUNGS,26,5,21,0,0
Warren,F104,Sheriff,,,Under Votes,5,1,4,0,0
Warren,F104,Sheriff,,,Over Votes,0,0,0,0,0
Warren,F104,Jailer,,,Javen M. ROBERSON,42,13,29,0,0
Warren,F104,Jailer,,,Stephen HARMON,267,78,186,3,0
Warren,F104,Jailer,,,Under Votes,8,1,7,0,0
Warren,F104,Jailer,,,Over Votes,0,0,0,0,0
Warren,F104,Magistrate,,,Justin GEARLDS,189,56,130,3,0
Warren,F104,Magistrate,,,Rod HUTCHESON,76,23,53,0,0
Warren,F104,Magistrate,,,Ron A. CUMMINGS,43,12,31,0,0
Warren,F104,Magistrate,,,Under Votes,9,1,8,0,0
Warren,F104,Magistrate,,,Over Votes,0,0,0,0,0
Warren,F104,U.S. Senate,,Democratic,Logan FORSYTHE,14,1,13,0,0
Warren,F104,U.S. Senate,,Democratic,Amy McGRATH,49,17,28,4,0
Warren,F104,U.S. Senate,,Democratic,Dale Lewis ROMANS,1,1,0,0,0
Warren,F104,U.S. Senate,,Democratic,Joshua BLANTON SR.,4,1,3,0,0
Warren,F104,U.S. Senate,,Democratic,Vincent Anthony THOMPSON,2,0,2,0,0
Warren,F104,U.S. Senate,,Democratic,Charles BOOKER,85,15,68,2,0
Warren,F104,U.S. Senate,,Democratic,Pamela STEVENSON,1,0,1,0,0
Warren,F104,U.S. Senate,,,Under Votes,2,0,2,0,0
Warren,F104,U.S. Senate,,,Over Votes,0,0,0,0,0
Warren,F104,U.S. House,2,Democratic,David S. HATFIELD,18,2,16,0,0
Warren,F104,U.S. House,2,Democratic,Megan WINGFIELD,72,15,56,1,0
Warren,F104,U.S. House,2,Democratic,Hank LINDERMAN,27,8,18,1,0
Warren,F104,U.S. House,2,Democratic,William Dakota COMPTON,30,9,17,4,0
Warren,F104,U.S. House,2,,Under Votes,11,1,10,0,0
Warren,F104,U.S. House,2,,Over Votes,0,0,0,0,0
Warren,F105,U.S. Senate,,Republican,Anissa CATLETT,1,0,1,0,0
Warren,F105,U.S. Senate,,Republican,A. Nick SHELLEY,2,0,2,0,0
Warren,F105,U.S. Senate,,Republican,"Valerie ""Dr Val"" FREDRICK",5,3,2,0,0
Warren,F105,U.S. Senate,,Republican,Michael James FARIS,12,0,12,0,0
Warren,F105,U.S. Senate,,Republican,Other Donald WENZEL,0,0,0,0,0
Warren,F105,U.S. Senate,,Republican,Jonathan M. HOLLIDAY,5,3,2,0,0
Warren,F105,U.S. Senate,,Republican,George WASHINGTON,4,0,4,0,0
Warren,F105,U.S. Senate,,Republican,Andy BARR,374,128,237,5,4
Warren,F105,U.S. Senate,,Republican,Daniel CAMERON,160,45,112,3,0
Warren,F105,U.S. Senate,,Republican,Jimmy I. LEON,0,0,0,0,0
Warren,F105,U.S. Senate,,Republican,James D. DUNCAN,1,0,1,0,0
Warren,F105,U.S. Senate,,,Under Votes,12,3,9,0,0
Warren,F105,U.S. Senate,,,Over Votes,0,0,0,0,0
Warren,F105,U.S. House,2,Republican,"G. ""Shay"" PERRY-ADELMANN",15,5,10,0,0
Warren,F105,U.S. House,2,Republican,S. Brett GUTHRIE,537,168,357,8,4
Warren,F105,U.S. House,2,Republican,Joshua M. FERGUSON,22,7,15,0,0
Warren,F105,U.S. House,2,,Under Votes,11,3,8,0,0
Warren,F105,U.S. House,2,,Over Votes,0,0,0,0,0
Warren,F105,Ballots Cast,,,,810,,,,
Warren,F105,Sheriff,,,Brett HIGHTOWER,525,159,354,8,4
Warren,F105,Sheriff,,,Mark HEYUNGS,45,19,26,0,0
Warren,F105,Sheriff,,,Under Votes,15,5,10,0,0
Warren,F105,Sheriff,,,Over Votes,0,0,0,0,0
Warren,F105,Jailer,,,Javen M. ROBERSON,73,17,56,0,0
Warren,F105,Jailer,,,Stephen HARMON,478,158,308,8,4
Warren,F105,Jailer,,,Under Votes,34,8,26,0,0
Warren,F105,Jailer,,,Over Votes,0,0,0,0,0
Warren,F105,Magistrate,,,Justin GEARLDS,302,91,203,4,4
Warren,F105,Magistrate,,,Rod HUTCHESON,138,47,89,2,0
Warren,F105,Magistrate,,,Ron A. CUMMINGS,128,44,83,1,0
Warren,F105,Magistrate,,,Under Votes,17,1,15,1,0
Warren,F105,Magistrate,,,Over Votes,0,0,0,0,0
Warren,F105,U.S. Senate,,Democratic,Logan FORSYTHE,8,1,7,0,0
Warren,F105,U.S. Senate,,Democratic,Amy McGRATH,113,38,69,6,0
Warren,F105,U.S. Senate,,Democratic,Dale Lewis ROMANS,3,1,1,1,0
Warren,F105,U.S. Senate,,Democratic,Joshua BLANTON SR.,2,0,2,0,0
Warren,F105,U.S. Senate,,Democratic,Vincent Anthony THOMPSON,0,0,0,0,0
Warren,F105,U.S. Senate,,Democratic,Charles BOOKER,90,23,64,3,0
Warren,F105,U.S. Senate,,Democratic,Pamela STEVENSON,7,3,4,0,0
Warren,F105,U.S. Senate,,,Under Votes,2,1,1,0,0
Warren,F105,U.S. Senate,,,Over Votes,0,0,0,0,0
Warren,F105,U.S. House,2,Democratic,David S. HATFIELD,42,10,30,2,0
Warren,F105,U.S. House,2,Democratic,Megan WINGFIELD,74,16,53,5,0
Warren,F105,U.S. House,2,Democratic,Hank LINDERMAN,49,20,29,0,0
Warren,F105,U.S. House,2,Democratic,William Dakota COMPTON,44,12,29,3,0
Warren,F105,U.S. House,2,,Under Votes,16,9,7,0,0
Warren,F105,U.S. House,2,,Over Votes,0,0,0,0,0
Warren,F106,U.S. Senate,,Republican,Anissa CATLETT,2,1,1,0,0
Warren,F106,U.S. Senate,,Republican,A. Nick SHELLEY,0,0,0,0,0
Warren,F106,U.S. Senate,,Republican,"Valerie ""Dr Val"" FREDRICK",1,0,1,0,0
Warren,F106,U.S. Senate,,Republican,Michael James FARIS,10,3,7,0,0
Warren,F106,U.S. Senate,,Republican,Other Donald WENZEL,0,0,0,0,0
Warren,F106,U.S. Senate,,Republican,Jonathan M. HOLLIDAY,0,0,0,0,0
Warren,F106,U.S. Senate,,Republican,George WASHINGTON,4,0,4,0,0
Warren,F106,U.S. Senate,,Republican,Andy BARR,142,37,103,2,0
Warren,F106,U.S. Senate,,Republican,Daniel CAMERON,72,19,51,2,0
Warren,F106,U.S. Senate,,Republican,Jimmy I. LEON,0,0,0,0,0
Warren,F106,U.S. Senate,,Republican,James D. DUNCAN,3,2,1,0,0
Warren,F106,U.S. Senate,,,Under Votes,4,2,2,0,0
Warren,F106,U.S. Senate,,,Over Votes,0,0,0,0,0
Warren,F106,U.S. House,2,Republican,"G. ""Shay"" PERRY-ADELMANN",7,2,5,0,0
Warren,F106,U.S. House,2,Republican,S. Brett GUTHRIE,209,55,152,2,0
Warren,F106,U.S. House,2,Republican,Joshua M. FERGUSON,14,1,11,2,0
Warren,F106,U.S. House,2,,Under Votes,14,7,7,0,0
Warren,F106,U.S. House,2,,Over Votes,0,0,0,0,0
Warren,F106,Ballots Cast,,,,354,,,,
Warren,F106,Sheriff,,,Brett HIGHTOWER,230,60,166,4,0
Warren,F106,Sheriff,,,Mark HEYUNGS,13,5,8,0,0
Warren,F106,Sheriff,,,Under Votes,1,0,1,0,0
Warren,F106,Sheriff,,,Over Votes,0,0,0,0,0
Warren,F106,Jailer,,,Javen M. ROBERSON,53,13,37,3,0
Warren,F106,Jailer,,,Stephen HARMON,178,48,129,1,0
Warren,F106,Jailer,,,Under Votes,13,4,9,0,0
Warren,F106,Jailer,,,Over Votes,0,0,0,0,0
Warren,F106,Magistrate,,,Justin GEARLDS,130,36,92,2,0
Warren,F106,Magistrate,,,Rod HUTCHESON,56,15,41,0,0
Warren,F106,Magistrate,,,Ron A. CUMMINGS,54,14,38,2,0
Warren,F106,Magistrate,,,Under Votes,4,0,4,0,0
Warren,F106,Magistrate,,,Over Votes,0,0,0,0,0
Warren,F106,U.S. Senate,,Democratic,Logan FORSYTHE,6,2,3,1,0
Warren,F106,U.S. Senate,,Democratic,Amy McGRATH,42,13,29,0,0
Warren,F106,U.S. Senate,,Democratic,Dale Lewis ROMANS,0,0,0,0,0
Warren,F106,U.S. Senate,,Democratic,Joshua BLANTON SR.,2,1,1,0,0
Warren,F106,U.S. Senate,,Democratic,Vincent Anthony THOMPSON,1,1,0,0,0
Warren,F106,U.S. Senate,,Democratic,Charles BOOKER,46,11,32,3,0
Warren,F106,U.S. Senate,,Democratic,Pamela STEVENSON,7,1,6,0,0
Warren,F106,U.S. Senate,,,Under Votes,6,2,4,0,0
Warren,F106,U.S. Senate,,,Over Votes,0,0,0,0,0
Warren,F106,U.S. House,2,Democratic,David S. HATFIELD,18,8,9,1,0
Warren,F106,U.S. House,2,Democratic,Megan WINGFIELD,51,11,38,2,0
Warren,F106,U.S. House,2,Democratic,Hank LINDERMAN,14,4,9,1,0
Warren,F106,U.S. House,2,Democratic,William Dakota COMPTON,15,5,10,0,0
Warren,F106,U.S. House,2,,Under Votes,12,3,9,0,0
Warren,F106,U.S. House,2,,Over Votes,0,0,0,0,0
Warren,F107,U.S. Senate,,Republican,Anissa CATLETT,10,1,9,0,0
Warren,F107,U.S. Senate,,Republican,A. Nick SHELLEY,2,0,2,0,0
Warren,F107,U.S. Senate,,Republican,"Valerie ""Dr Val"" FREDRICK",7,0,7,0,0
Warren,F107,U.S. Senate,,Republican,Michael James FARIS,16,2,13,1,0
Warren,F107,U.S. Senate,,Republican,Other Donald WENZEL,1,0,1,0,0
Warren,F107,U.S. Senate,,Republican,Jonathan M. HOLLIDAY,0,0,0,0,0
Warren,F107,U.S. Senate,,Republican,George WASHINGTON,2,1,1,0,0
Warren,F107,U.S. Senate,,Republican,Andy BARR,347,82,262,3,0
Warren,F107,U.S. Senate,,Republican,Daniel CAMERON,127,24,100,3,0
Warren,F107,U.S. Senate,,Republican,Jimmy I. LEON,0,0,0,0,0
Warren,F107,U.S. Senate,,Republican,James D. DUNCAN,2,1,1,0,0
Warren,F107,U.S. Senate,,,Under Votes,14,2,12,0,0
Warren,F107,U.S. Senate,,,Over Votes,1,0,1,0,0
Warren,F107,U.S. House,2,Republican,"G. ""Shay"" PERRY-ADELMANN",17,1,15,1,0
Warren,F107,U.S. House,2,Republican,S. Brett GUTHRIE,481,111,362,8,0
Warren,F107,U.S. House,2,Republican,Joshua M. FERGUSON,33,4,29,0,0
Warren,F107,U.S. House,2,,Under Votes,12,1,11,0,0
Warren,F107,U.S. House,2,,Over Votes,0,0,0,0,0
Warren,F107,Ballots Cast,,,,819,,,,
Warren,F107,Sheriff,,,Brett HIGHTOWER,502,109,384,9,0
Warren,F107,Sheriff,,,Mark HEYUNGS,32,7,25,0,0
Warren,F107,Sheriff,,,Under Votes,9,1,8,0,0
Warren,F107,Sheriff,,,Over Votes,0,0,0,0,0
Warren,F107,Jailer,,,Javen M. ROBERSON,93,19,73,1,0
Warren,F107,Jailer,,,Stephen HARMON,418,91,319,8,0
Warren,F107,Jailer,,,Under Votes,32,7,25,0,0
Warren,F107,Jailer,,,Over Votes,0,0,0,0,0
Warren,F107,Magistrate,,,Justin GEARLDS,273,68,201,4,0
Warren,F107,Magistrate,,,Rod HUTCHESON,123,20,98,5,0
Warren,F107,Magistrate,,,Ron A. CUMMINGS,132,29,103,0,0
Warren,F107,Magistrate,,,Under Votes,14,0,14,0,0
Warren,F107,Magistrate,,,Over Votes,1,0,1,0,0
Warren,F107,U.S. Senate,,Democratic,Logan FORSYTHE,9,0,9,0,0
Warren,F107,U.S. Senate,,Democratic,Amy McGRATH,106,20,81,4,1
Warren,F107,U.S. Senate,,Democratic,Dale Lewis ROMANS,4,0,4,0,0
Warren,F107,U.S. Senate,,Democratic,Joshua BLANTON SR.,5,2,3,0,0
Warren,F107,U.S. Senate,,Democratic,Vincent Anthony THOMPSON,4,1,2,1,0
Warren,F107,U.S. Senate,,Democratic,Charles BOOKER,127,18,109,0,0
Warren,F107,U.S. Senate,,Democratic,Pamela STEVENSON,10,2,8,0,0
Warren,F107,U.S. Senate,,,Under Votes,10,2,8,0,0
Warren,F107,U.S. Senate,,,Over Votes,1,0,1,0,0
Warren,F107,U.S. House,2,Democratic,David S. HATFIELD,37,4,33,0,0
Warren,F107,U.S. House,2,Democratic,Megan WINGFIELD,122,14,105,2,1
Warren,F107,U.S. House,2,Democratic,Hank LINDERMAN,64,14,47,3,0
Warren,F107,U.S. House,2,Democratic,William Dakota COMPTON,37,11,26,0,0
Warren,F107,U.S. House,2,,Under Votes,16,2,14,0,0
Warren,F107,U.S. House,2,,Over Votes,0,0,0,0,0
Warren,F108,U.S. Senate,,Republican,Anissa CATLETT,2,0,2,0,0
Warren,F108,U.S. Senate,,Republican,A. Nick SHELLEY,0,0,0,0,0
Warren,F108,U.S. Senate,,Republican,"Valerie ""Dr Val"" FREDRICK",1,0,1,0,0
Warren,F108,U.S. Senate,,Republican,Michael James FARIS,1,0,1,0,0
Warren,F108,U.S. Senate,,Republican,Other Donald WENZEL,0,0,0,0,0
Warren,F108,U.S. Senate,,Republican,Jonathan M. HOLLIDAY,0,0,0,0,0
Warren,F108,U.S. Senate,,Republican,George WASHINGTON,2,1,1,0,0
Warren,F108,U.S. Senate,,Republican,Andy BARR,122,41,80,1,0
Warren,F108,U.S. Senate,,Republican,Daniel CAMERON,69,22,45,2,0
Warren,F108,U.S. Senate,,Republican,Jimmy I. LEON,0,0,0,0,0
Warren,F108,U.S. Senate,,Republican,James D. DUNCAN,0,0,0,0,0
Warren,F108,U.S. Senate,,,Under Votes,3,0,3,0,0
Warren,F108,U.S. Senate,,,Over Votes,0,0,0,0,0
Warren,F108,U.S. House,2,Republican,"G. ""Shay"" PERRY-ADELMANN",2,1,1,0,0
Warren,F108,U.S. House,2,Republican,S. Brett GUTHRIE,195,61,130,4,0
Warren,F108,U.S. House,2,Republican,Joshua M. FERGUSON,3,3,0,0,0
Warren,F108,U.S. House,2,,Under Votes,7,1,6,0,0
Warren,F108,U.S. House,2,,Over Votes,0,0,0,0,0
Warren,F108,Ballots Cast,,,,265,,,,
Warren,F108,Sheriff,,,Brett HIGHTOWER,194,64,126,4,0
Warren,F108,Sheriff,,,Mark HEYUNGS,6,2,4,0,0
Warren,F108,Sheriff,,,Under Votes,7,0,7,0,0
Warren,F108,Sheriff,,,Over Votes,0,0,0,0,0
Warren,F108,Jailer,,,Javen M. ROBERSON,52,19,33,0,0
Warren,F108,Jailer,,,Stephen HARMON,138,43,91,4,0
Warren,F108,Jailer,,,Under Votes,17,4,13,0,0
Warren,F108,Jailer,,,Over Votes,0,0,0,0,0
Warren,F108,Magistrate,,,Justin GEARLDS,138,47,87,4,0
Warren,F108,Magistrate,,,Rod HUTCHESON,26,5,21,0,0
Warren,F108,Magistrate,,,Ron A. CUMMINGS,37,13,24,0,0
Warren,F108,Magistrate,,,Under Votes,6,1,5,0,0
Warren,F108,Magistrate,,,Over Votes,0,0,0,0,0
Warren,F108,U.S. Senate,,Democratic,Logan FORSYTHE,2,2,0,0,0
Warren,F108,U.S. Senate,,Democratic,Amy McGRATH,27,5,21,1,0
Warren,F108,U.S. Senate,,Democratic,Dale Lewis ROMANS,1,0,1,0,0
Warren,F108,U.S. Senate,,Democratic,Joshua BLANTON SR.,4,3,1,0,0
Warren,F108,U.S. Senate,,Democratic,Vincent Anthony THOMPSON,0,0,0,0,0
Warren,F108,U.S. Senate,,Democratic,Charles BOOKER,21,4,17,0,0
Warren,F108,U.S. Senate,,Democratic,Pamela STEVENSON,1,1,0,0,0
Warren,F108,U.S. Senate,,,Under Votes,2,1,1,0,0
Warren,F108,U.S. Senate,,,Over Votes,0,0,0,0,0
Warren,F108,U.S. House,2,Democratic,David S. HATFIELD,13,6,7,0,0
Warren,F108,U.S. House,2,Democratic,Megan WINGFIELD,20,2,18,0,0
Warren,F108,U.S. House,2,Democratic,Hank LINDERMAN,5,3,2,0,0
Warren,F108,U.S. House,2,Democratic,William Dakota COMPTON,15,4,10,1,0
Warren,F108,U.S. House,2,,Under Votes,5,1,4,0,0
Warren,F108,U.S. House,2,,Over Votes,0,0,0,0,0
Warren,F109,U.S. Senate,,Republican,Anissa CATLETT,8,1,7,0,0
Warren,F109,U.S. Senate,,Republican,A. Nick SHELLEY,0,0,0,0,0
Warren,F109,U.S. Senate,,Republican,"Valerie ""Dr Val"" FREDRICK",9,0,8,0,1
Warren,F109,U.S. Senate,,Republican,Michael James FARIS,8,2,6,0,0
Warren,F109,U.S. Senate,,Republican,Other Donald WENZEL,0,0,0,0,0
Warren,F109,U.S. Senate,,Republican,Jonathan M. HOLLIDAY,0,0,0,0,0
Warren,F109,U.S. Senate,,Republican,George WASHINGTON,5,0,5,0,0
Warren,F109,U.S. Senate,,Republican,Andy BARR,387,121,260,6,0
Warren,F109,U.S. Senate,,Republican,Daniel CAMERON,182,56,125,1,0
Warren,F109,U.S. Senate,,Republican,Jimmy I. LEON,1,0,1,0,0
Warren,F109,U.S. Senate,,Republican,James D. DUNCAN,3,0,3,0,0
Warren,F109,U.S. Senate,,,Under Votes,12,2,10,0,0
Warren,F109,U.S. Senate,,,Over Votes,1,0,1,0,0
Warren,F109,U.S. House,2,Republican,"G. ""Shay"" PERRY-ADELMANN",26,7,18,0,1
Warren,F109,U.S. House,2,Republican,S. Brett GUTHRIE,550,170,373,7,0
Warren,F109,U.S. House,2,Republican,Joshua M. FERGUSON,40,7,33,0,0
Warren,F109,U.S. House,2,,Under Votes,15,3,12,0,0
Warren,F109,U.S. House,2,,Over Votes,0,0,0,0,0
Warren,F109,Ballots Cast,,,,882,,,,
Warren,F109,Sheriff,,,Brett HIGHTOWER,555,166,382,7,0
Warren,F109,Sheriff,,,Mark HEYUNGS,65,19,45,0,1
Warren,F109,Sheriff,,,Under Votes,11,2,9,0,0
Warren,F109,Sheriff,,,Over Votes,0,0,0,0,0
Warren,F109,Jailer,,,Javen M. ROBERSON,122,31,90,0,1
Warren,F109,Jailer,,,Stephen HARMON,484,149,328,7,0
Warren,F109,Jailer,,,Under Votes,25,7,18,0,0
Warren,F109,Jailer,,,Over Votes,0,0,0,0,0
Warren,F109,Magistrate,,,Justin GEARLDS,400,135,262,3,0
Warren,F109,Magistrate,,,Rod HUTCHESON,110,32,74,4,0
Warren,F109,Magistrate,,,Ron A. CUMMINGS,103,17,85,0,1
Warren,F109,Magistrate,,,Under Votes,18,3,15,0,0
Warren,F109,Magistrate,,,Over Votes,0,0,0,0,0
Warren,F109,U.S. Senate,,Democratic,Logan FORSYTHE,6,2,4,0,0
Warren,F109,U.S. Senate,,Democratic,Amy McGRATH,129,33,92,3,1
Warren,F109,U.S. Senate,,Democratic,Dale Lewis ROMANS,2,1,1,0,0
Warren,F109,U.S. Senate,,Democratic,Joshua BLANTON SR.,1,0,1,0,0
Warren,F109,U.S. Senate,,Democratic,Vincent Anthony THOMPSON,3,0,3,0,0
Warren,F109,U.S. Senate,,Democratic,Charles BOOKER,83,19,61,3,0
Warren,F109,U.S. Senate,,Democratic,Pamela STEVENSON,18,4,14,0,0
Warren,F109,U.S. Senate,,,Under Votes,9,0,9,0,0
Warren,F109,U.S. Senate,,,Over Votes,0,0,0,0,0
Warren,F109,U.S. House,2,Democratic,David S. HATFIELD,40,9,31,0,0
Warren,F109,U.S. House,2,Democratic,Megan WINGFIELD,93,21,69,2,1
Warren,F109,U.S. House,2,Democratic,Hank LINDERMAN,50,15,32,3,0
Warren,F109,U.S. House,2,Democratic,William Dakota COMPTON,50,13,36,1,0
Warren,F109,U.S. House,2,,Under Votes,18,1,17,0,0
Warren,F109,U.S. House,2,,Over Votes,0,0,0,0,0
