county,precinct,office,district,party,candidate,votes,early_voting,election_day,absentee_mail,absentee
Bullitt,A102,U.S. Senate,,Republican,Anissa CATLETT,1,0,1,0,0
Bullitt,A102,U.S. Senate,,Republican,A. Nick SHELLEY,2,1,1,0,0
Bullitt,A102,U.S. Senate,,Republican,"Valerie ""Dr Val"" FREDRICK",1,0,1,0,0
Bullitt,A102,U.S. Senate,,Republican,Michael James FARIS,2,0,2,0,0
Bullitt,A102,U.S. Senate,,Republican,Nate MORRIS,10,5,5,0,0
Bullitt,A102,U.S. Senate,,Republican,Other Donald WENZEL,0,0,0,0,0
Bullitt,A102,U.S. Senate,,Republican,Jonathan M. HOLLIDAY,0,0,0,0,0
Bullitt,A102,U.S. Senate,,Republican,George WASHINGTON,1,0,1,0,0
Bullitt,A102,U.S. Senate,,Republican,Andy BARR,50,5,44,1,0
Bullitt,A102,U.S. Senate,,Republican,Daniel CAMERON,33,6,27,0,0
Bullitt,A102,U.S. Senate,,Republican,Jimmy I. LEON,0,0,0,0,0
Bullitt,A102,U.S. Senate,,Republican,James D. DUNCAN,0,0,0,0,0
Bullitt,A102,U.S. Senate,,,Under Votes,7,1,6,0,0
Bullitt,A102,U.S. Senate,,,Over Votes,0,0,0,0,0
Bullitt,A102,Ballots Cast,,,,153,,,,
Bullitt,A102,U.S. House,2,Republican,"G. ""Shay"" PERRY-ADELMANN",9,1,8,0,0
Bullitt,A102,U.S. House,2,Republican,S. Brett GUTHRIE,74,12,61,1,0
Bullitt,A102,U.S. House,2,Republican,Joshua M. FERGUSON,14,4,10,0,0
Bullitt,A102,U.S. House,2,,Under Votes,12,2,10,0,0
Bullitt,A102,U.S. House,2,,Over Votes,0,0,0,0,0
Bullitt,A102,County Judge/Executive,,,"Jerral ""Jerry"" SUMMERS",48,11,37,0,0
Bullitt,A102,County Judge/Executive,,,Shelia METCALFE,22,3,18,1,0
Bullitt,A102,County Judge/Executive,,,Tony THOMPSON,28,4,24,0,0
Bullitt,A102,County Judge/Executive,,,Under Votes,5,0,5,0,0
Bullitt,A102,County Judge/Executive,,,Over Votes,0,0,0,0,0
Bullitt,A102,County Clerk,,,Mark WILLIAMS,14,2,11,1,0
Bullitt,A102,County Clerk,,,Allen MARICLE,13,7,6,0,0
Bullitt,A102,County Clerk,,,"Debra ""Debbie"" JOHNSON",9,2,7,0,0
Bullitt,A102,County Clerk,,,Cody WATERS,22,2,20,0,0
Bullitt,A102,County Clerk,,,Sheri WEBBER,23,1,22,0,0
Bullitt,A102,County Clerk,,,Rita PARSONS,17,4,13,0,0
Bullitt,A102,County Clerk,,,Under Votes,5,0,5,0,0
Bullitt,A102,County Clerk,,,Over Votes,0,0,0,0,0
Bullitt,A102,Sheriff,,,Walt SHOLAR,56,11,45,0,0
Bullitt,A102,Sheriff,,,Kenneth L. PROFFITT,43,7,35,1,0
Bullitt,A102,Sheriff,,,Under Votes,4,0,4,0,0
Bullitt,A102,Sheriff,,,Over Votes,0,0,0,0,0
Bullitt,A102,Jailer,,,John A. CLAYPOOLE II.,8,0,8,0,0
Bullitt,A102,Jailer,,,Bryan WHITTAKER,79,17,61,1,0
Bullitt,A102,Jailer,,,Dewey Wayne McMILLEN,11,1,10,0,0
Bullitt,A102,Jailer,,,Under Votes,5,0,5,0,0
Bullitt,A102,Jailer,,,Over Votes,0,0,0,0,0
Bullitt,A102,County Surveyor,,,Alan HARTLEY,39,8,30,1,0
Bullitt,A102,County Surveyor,,,William HARNED,57,9,48,0,0
Bullitt,A102,County Surveyor,,,Under Votes,7,1,6,0,0
Bullitt,A102,County Surveyor,,,Over Votes,0,0,0,0,0
Bullitt,A102,Magistrate,,,Anthony HESTER,50,9,40,1,0
Bullitt,A102,Magistrate,,,Vera J. SANDERS,51,9,42,0,0
Bullitt,A102,Magistrate,,,Under Votes,2,0,2,0,0
Bullitt,A102,Magistrate,,,Over Votes,0,0,0,0,0
Bullitt,A102,Constable,,,William Edward McALLISTER,73,12,60,1,0
Bullitt,A102,Constable,,,Edward DUGAN III.,26,6,20,0,0
Bullitt,A102,Constable,,,Under Votes,4,0,4,0,0
Bullitt,A102,Constable,,,Over Votes,0,0,0,0,0
Bullitt,A102,U.S. Senate,,Democratic,Logan FORSYTHE,1,0,1,0,0
Bullitt,A102,U.S. Senate,,Democratic,Amy McGRATH,17,3,14,0,0
Bullitt,A102,U.S. Senate,,Democratic,Dale Lewis ROMANS,5,1,4,0,0
Bullitt,A102,U.S. Senate,,Democratic,Joshua BLANTON SR.,2,1,1,0,0
Bullitt,A102,U.S. Senate,,Democratic,Vincent Anthony THOMPSON,2,0,2,0,0
Bullitt,A102,U.S. Senate,,Democratic,Charles BOOKER,19,4,14,1,0
Bullitt,A102,U.S. Senate,,Democratic,Pamela STEVENSON,0,0,0,0,0
Bullitt,A102,U.S. House,2,Democratic,David S. HATFIELD,11,0,11,0,0
Bullitt,A102,U.S. House,2,Democratic,Megan WINGFIELD,13,2,11,0,0
Bullitt,A102,U.S. House,2,Democratic,Hank LINDERMAN,10,3,6,1,0
Bullitt,A102,U.S. House,2,Democratic,William Dakota COMPTON,10,3,7,0,0
Bullitt,A103,U.S. Senate,,Republican,Anissa CATLETT,2,0,2,0,0
Bullitt,A103,U.S. Senate,,Republican,A. Nick SHELLEY,2,0,1,1,0
Bullitt,A103,U.S. Senate,,Republican,"Valerie ""Dr Val"" FREDRICK",2,1,1,0,0
Bullitt,A103,U.S. Senate,,Republican,Michael James FARIS,3,0,3,0,0
Bullitt,A103,U.S. Senate,,Republican,Nate MORRIS,4,2,2,0,0
Bullitt,A103,U.S. Senate,,Republican,Other Donald WENZEL,0,0,0,0,0
Bullitt,A103,U.S. Senate,,Republican,Jonathan M. HOLLIDAY,0,0,0,0,0
Bullitt,A103,U.S. Senate,,Republican,George WASHINGTON,1,0,1,0,0
Bullitt,A103,U.S. Senate,,Republican,Andy BARR,54,9,44,0,1
Bullitt,A103,U.S. Senate,,Republican,Daniel CAMERON,44,13,30,1,0
Bullitt,A103,U.S. Senate,,Republican,Jimmy I. LEON,0,0,0,0,0
Bullitt,A103,U.S. Senate,,Republican,James D. DUNCAN,1,0,1,0,0
Bullitt,A103,U.S. Senate,,,Under Votes,3,0,3,0,0
Bullitt,A103,U.S. Senate,,,Over Votes,0,0,0,0,0
Bullitt,A103,Ballots Cast,,,,221,,,,
Bullitt,A103,U.S. House,2,Republican,"G. ""Shay"" PERRY-ADELMANN",14,2,12,0,0
Bullitt,A103,U.S. House,2,Republican,S. Brett GUTHRIE,75,17,56,1,1
Bullitt,A103,U.S. House,2,Republican,Joshua M. FERGUSON,16,4,11,1,0
Bullitt,A103,U.S. House,2,,Under Votes,16,3,13,0,0
Bullitt,A103,U.S. House,2,,Over Votes,1,0,1,0,0
Bullitt,A103,County Judge/Executive,,,"Jerral ""Jerry"" SUMMERS",40,13,27,0,0
Bullitt,A103,County Judge/Executive,,,Shelia METCALFE,23,2,20,1,0
Bullitt,A103,County Judge/Executive,,,Tony THOMPSON,40,8,30,1,1
Bullitt,A103,County Judge/Executive,,,Under Votes,12,2,10,0,0
Bullitt,A103,County Judge/Executive,,,Over Votes,0,0,0,0,0
Bullitt,A103,County Clerk,,,Mark WILLIAMS,10,1,9,0,0
Bullitt,A103,County Clerk,,,Allen MARICLE,13,3,10,0,0
Bullitt,A103,County Clerk,,,"Debra ""Debbie"" JOHNSON",35,7,26,2,0
Bullitt,A103,County Clerk,,,Cody WATERS,16,5,11,0,0
Bullitt,A103,County Clerk,,,Sheri WEBBER,10,4,5,0,1
Bullitt,A103,County Clerk,,,Rita PARSONS,19,3,16,0,0
Bullitt,A103,County Clerk,,,Under Votes,12,2,10,0,0
Bullitt,A103,County Clerk,,,Over Votes,0,0,0,0,0
Bullitt,A103,Sheriff,,,Walt SHOLAR,62,15,46,1,0
Bullitt,A103,Sheriff,,,Kenneth L. PROFFITT,48,10,36,1,1
Bullitt,A103,Sheriff,,,Under Votes,5,0,5,0,0
Bullitt,A103,Sheriff,,,Over Votes,0,0,0,0,0
Bullitt,A103,Jailer,,,John A. CLAYPOOLE II.,7,2,5,0,0
Bullitt,A103,Jailer,,,Bryan WHITTAKER,99,22,75,1,1
Bullitt,A103,Jailer,,,Dewey Wayne McMILLEN,4,1,2,1,0
Bullitt,A103,Jailer,,,Under Votes,5,0,5,0,0
Bullitt,A103,Jailer,,,Over Votes,0,0,0,0,0
Bullitt,A103,County Surveyor,,,Alan HARTLEY,45,13,30,2,0
Bullitt,A103,County Surveyor,,,William HARNED,51,9,41,0,1
Bullitt,A103,County Surveyor,,,Under Votes,18,3,15,0,0
Bullitt,A103,County Surveyor,,,Over Votes,1,0,1,0,0
Bullitt,A103,Magistrate,,,Anthony HESTER,49,8,40,1,0
Bullitt,A103,Magistrate,,,Vera J. SANDERS,55,17,36,1,1
Bullitt,A103,Magistrate,,,Under Votes,11,0,11,0,0
Bullitt,A103,Magistrate,,,Over Votes,0,0,0,0,0
Bullitt,A103,Constable,,,William Edward McALLISTER,84,19,63,1,1
Bullitt,A103,Constable,,,Edward DUGAN III.,13,4,8,1,0
Bullitt,A103,Constable,,,Under Votes,18,2,16,0,0
Bullitt,A103,Constable,,,Over Votes,0,0,0,0,0
Bullitt,A103,U.S. Senate,,Democratic,Logan FORSYTHE,9,3,6,0,0
Bullitt,A103,U.S. Senate,,Democratic,Amy McGRATH,25,6,17,2,0
Bullitt,A103,U.S. Senate,,Democratic,Dale Lewis ROMANS,6,1,3,2,0
Bullitt,A103,U.S. Senate,,Democratic,Joshua BLANTON SR.,1,1,0,0,0
Bullitt,A103,U.S. Senate,,Democratic,Vincent Anthony THOMPSON,6,1,4,1,0
Bullitt,A103,U.S. Senate,,Democratic,Charles BOOKER,54,3,50,1,0
Bullitt,A103,U.S. Senate,,Democratic,Pamela STEVENSON,4,2,2,0,0
Bullitt,A103,U.S. House,2,Democratic,David S. HATFIELD,16,3,11,2,0
Bullitt,A103,U.S. House,2,Democratic,Megan WINGFIELD,48,6,40,2,0
Bullitt,A103,U.S. House,2,Democratic,Hank LINDERMAN,17,5,11,1,0
Bullitt,A103,U.S. House,2,Democratic,William Dakota COMPTON,18,2,15,1,0
Bullitt,A104,U.S. Senate,,Republican,Anissa CATLETT,2,0,2,0,0
Bullitt,A104,U.S. Senate,,Republican,A. Nick SHELLEY,2,0,2,0,0
Bullitt,A104,U.S. Senate,,Republican,"Valerie ""Dr Val"" FREDRICK",2,0,2,0,0
Bullitt,A104,U.S. Senate,,Republican,Michael James FARIS,3,1,2,0,0
Bullitt,A104,U.S. Senate,,Republican,Nate MORRIS,5,1,2,2,0
Bullitt,A104,U.S. Senate,,Republican,Other Donald WENZEL,0,0,0,0,0
Bullitt,A104,U.S. Senate,,Republican,Jonathan M. HOLLIDAY,1,0,1,0,0
Bullitt,A104,U.S. Senate,,Republican,George WASHINGTON,2,0,2,0,0
Bullitt,A104,U.S. Senate,,Republican,Andy BARR,102,24,74,3,1
Bullitt,A104,U.S. Senate,,Republican,Daniel CAMERON,55,16,39,0,0
Bullitt,A104,U.S. Senate,,Republican,Jimmy I. LEON,0,0,0,0,0
Bullitt,A104,U.S. Senate,,Republican,James D. DUNCAN,1,0,1,0,0
Bullitt,A104,U.S. Senate,,,Under Votes,2,1,1,0,0
Bullitt,A104,U.S. Senate,,,Over Votes,3,0,2,1,0
Bullitt,A104,Ballots Cast,,,,253,,,,
Bullitt,A104,U.S. House,2,Republican,"G. ""Shay"" PERRY-ADELMANN",13,3,8,2,0
Bullitt,A104,U.S. House,2,Republican,S. Brett GUTHRIE,126,34,89,3,0
Bullitt,A104,U.S. House,2,Republican,Joshua M. FERGUSON,23,2,20,1,0
Bullitt,A104,U.S. House,2,,Under Votes,21,4,14,2,1
Bullitt,A104,U.S. House,2,,Over Votes,0,0,0,0,0
Bullitt,A104,County Judge/Executive,,,"Jerral ""Jerry"" SUMMERS",83,23,59,1,0
Bullitt,A104,County Judge/Executive,,,Shelia METCALFE,28,1,26,1,0
Bullitt,A104,County Judge/Executive,,,Tony THOMPSON,44,11,28,4,1
Bullitt,A104,County Judge/Executive,,,Under Votes,24,8,16,0,0
Bullitt,A104,County Judge/Executive,,,Over Votes,0,0,0,0,0
Bullitt,A104,County Clerk,,,Mark WILLIAMS,10,1,8,1,0
Bullitt,A104,County Clerk,,,Allen MARICLE,6,3,3,0,0
Bullitt,A104,County Clerk,,,"Debra ""Debbie"" JOHNSON",39,6,32,1,0
Bullitt,A104,County Clerk,,,Cody WATERS,26,11,15,0,0
Bullitt,A104,County Clerk,,,Sheri WEBBER,35,6,29,0,0
Bullitt,A104,County Clerk,,,Rita PARSONS,38,10,25,3,0
Bullitt,A104,County Clerk,,,Under Votes,25,6,17,1,1
Bullitt,A104,County Clerk,,,Over Votes,0,0,0,0,0
Bullitt,A104,Sheriff,,,Walt SHOLAR,127,30,91,5,1
Bullitt,A104,Sheriff,,,Kenneth L. PROFFITT,44,12,31,1,0
Bullitt,A104,Sheriff,,,Under Votes,8,1,7,0,0
Bullitt,A104,Sheriff,,,Over Votes,0,0,0,0,0
Bullitt,A104,Jailer,,,John A. CLAYPOOLE II.,14,2,11,1,0
Bullitt,A104,Jailer,,,Bryan WHITTAKER,116,31,80,5,0
Bullitt,A104,Jailer,,,Dewey Wayne McMILLEN,25,7,18,0,0
Bullitt,A104,Jailer,,,Under Votes,24,3,20,0,1
Bullitt,A104,Jailer,,,Over Votes,0,0,0,0,0
Bullitt,A104,County Surveyor,,,Alan HARTLEY,64,13,46,5,0
Bullitt,A104,County Surveyor,,,William HARNED,69,17,52,0,0
Bullitt,A104,County Surveyor,,,Under Votes,46,13,31,1,1
Bullitt,A104,County Surveyor,,,Over Votes,0,0,0,0,0
Bullitt,A104,Magistrate,,,Anthony HESTER,71,19,50,2,0
Bullitt,A104,Magistrate,,,Vera J. SANDERS,86,20,63,3,0
Bullitt,A104,Magistrate,,,Under Votes,22,4,16,1,1
Bullitt,A104,Magistrate,,,Over Votes,0,0,0,0,0
Bullitt,A104,Constable,,,William Edward McALLISTER,100,24,74,2,0
Bullitt,A104,Constable,,,Edward DUGAN III.,29,5,21,3,0
Bullitt,A104,Constable,,,Under Votes,50,14,34,1,1
Bullitt,A104,Constable,,,Over Votes,0,0,0,0,0
Bullitt,A104,U.S. Senate,,Democratic,Logan FORSYTHE,2,0,2,0,0
Bullitt,A104,U.S. Senate,,Democratic,Amy McGRATH,33,12,17,4,0
Bullitt,A104,U.S. Senate,,Democratic,Dale Lewis ROMANS,3,1,2,0,0
Bullitt,A104,U.S. Senate,,Democratic,Joshua BLANTON SR.,1,0,1,0,0
Bullitt,A104,U.S. Senate,,Democratic,Vincent Anthony THOMPSON,2,0,2,0,0
Bullitt,A104,U.S. Senate,,Democratic,Charles BOOKER,24,9,14,1,0
Bullitt,A104,U.S. Senate,,Democratic,Pamela STEVENSON,8,2,6,0,0
Bullitt,A104,U.S. House,2,Democratic,David S. HATFIELD,23,5,17,1,0
Bullitt,A104,U.S. House,2,Democratic,Megan WINGFIELD,30,10,19,1,0
Bullitt,A104,U.S. House,2,Democratic,Hank LINDERMAN,13,8,5,0,0
Bullitt,A104,U.S. House,2,Democratic,William Dakota COMPTON,4,1,2,1,0
Bullitt,A105,U.S. Senate,,Republican,Anissa CATLETT,2,1,1,0,0
Bullitt,A105,U.S. Senate,,Republican,A. Nick SHELLEY,2,0,2,0,0
Bullitt,A105,U.S. Senate,,Republican,"Valerie ""Dr Val"" FREDRICK",3,0,3,0,0
Bullitt,A105,U.S. Senate,,Republican,Michael James FARIS,11,1,10,0,0
Bullitt,A105,U.S. Senate,,Republican,Nate MORRIS,16,0,16,0,0
Bullitt,A105,U.S. Senate,,Republican,Other Donald WENZEL,1,0,1,0,0
Bullitt,A105,U.S. Senate,,Republican,Jonathan M. HOLLIDAY,1,0,1,0,0
Bullitt,A105,U.S. Senate,,Republican,George WASHINGTON,6,2,4,0,0
Bullitt,A105,U.S. Senate,,Republican,Andy BARR,164,12,151,0,1
Bullitt,A105,U.S. Senate,,Republican,Daniel CAMERON,114,8,104,2,0
Bullitt,A105,U.S. Senate,,Republican,Jimmy I. LEON,0,0,0,0,0
Bullitt,A105,U.S. Senate,,Republican,James D. DUNCAN,4,0,4,0,0
Bullitt,A105,U.S. Senate,,,Under Votes,13,2,11,0,0
Bullitt,A105,U.S. Senate,,,Over Votes,0,0,0,0,0
Bullitt,A105,Ballots Cast,,,,418,,,,
Bullitt,A105,U.S. House,2,Republican,"G. ""Shay"" PERRY-ADELMANN",23,4,19,0,0
Bullitt,A105,U.S. House,2,Republican,S. Brett GUTHRIE,250,18,229,2,1
Bullitt,A105,U.S. House,2,Republican,Joshua M. FERGUSON,37,2,35,0,0
Bullitt,A105,U.S. House,2,,Under Votes,29,3,26,0,0
Bullitt,A105,U.S. House,2,,Over Votes,0,0,0,0,0
Bullitt,A105,County Judge/Executive,,,"Jerral ""Jerry"" SUMMERS",172,9,161,2,0
Bullitt,A105,County Judge/Executive,,,Shelia METCALFE,44,4,40,0,0
Bullitt,A105,County Judge/Executive,,,Tony THOMPSON,91,11,80,0,0
Bullitt,A105,County Judge/Executive,,,Under Votes,24,0,23,0,1
Bullitt,A105,County Judge/Executive,,,Over Votes,0,0,0,0,0
Bullitt,A105,County Clerk,,,Mark WILLIAMS,57,4,53,0,0
Bullitt,A105,County Clerk,,,Allen MARICLE,44,2,42,0,0
Bullitt,A105,County Clerk,,,"Debra ""Debbie"" JOHNSON",51,5,46,0,0
Bullitt,A105,County Clerk,,,Cody WATERS,77,5,72,0,0
Bullitt,A105,County Clerk,,,Sheri WEBBER,43,4,38,1,0
Bullitt,A105,County Clerk,,,Rita PARSONS,32,4,27,0,1
Bullitt,A105,County Clerk,,,Under Votes,27,0,26,1,0
Bullitt,A105,County Clerk,,,Over Votes,0,0,0,0,0
Bullitt,A105,Sheriff,,,Walt SHOLAR,222,19,202,1,0
Bullitt,A105,Sheriff,,,Kenneth L. PROFFITT,94,4,89,0,1
Bullitt,A105,Sheriff,,,Under Votes,15,1,13,1,0
Bullitt,A105,Sheriff,,,Over Votes,0,0,0,0,0
Bullitt,A105,Jailer,,,John A. CLAYPOOLE II.,18,1,17,0,0
Bullitt,A105,Jailer,,,Bryan WHITTAKER,255,21,232,1,1
Bullitt,A105,Jailer,,,Dewey Wayne McMILLEN,33,1,32,0,0
Bullitt,A105,Jailer,,,Under Votes,25,1,23,1,0
Bullitt,A105,Jailer,,,Over Votes,0,0,0,0,0
Bullitt,A105,County Surveyor,,,Alan HARTLEY,104,3,101,0,0
Bullitt,A105,County Surveyor,,,William HARNED,173,18,155,0,0
Bullitt,A105,County Surveyor,,,Under Votes,54,3,48,2,1
Bullitt,A105,County Surveyor,,,Over Votes,0,0,0,0,0
Bullitt,A105,Magistrate,,,Anthony HESTER,85,8,77,0,0
Bullitt,A105,Magistrate,,,Vera J. SANDERS,237,16,219,1,1
Bullitt,A105,Magistrate,,,Under Votes,9,0,8,1,0
Bullitt,A105,Magistrate,,,Over Votes,0,0,0,0,0
Bullitt,A105,Constable,,,William Edward McALLISTER,212,17,195,0,0
Bullitt,A105,Constable,,,Edward DUGAN III.,54,6,47,0,1
Bullitt,A105,Constable,,,Under Votes,65,1,62,2,0
Bullitt,A105,Constable,,,Over Votes,0,0,0,0,0
Bullitt,A105,U.S. Senate,,Democratic,Logan FORSYTHE,7,0,7,0,0
Bullitt,A105,U.S. Senate,,Democratic,Amy McGRATH,32,7,25,0,0
Bullitt,A105,U.S. Senate,,Democratic,Dale Lewis ROMANS,4,0,4,0,0
Bullitt,A105,U.S. Senate,,Democratic,Joshua BLANTON SR.,1,0,1,0,0
Bullitt,A105,U.S. Senate,,Democratic,Vincent Anthony THOMPSON,6,1,5,0,0
Bullitt,A105,U.S. Senate,,Democratic,Charles BOOKER,28,1,26,1,0
Bullitt,A105,U.S. Senate,,Democratic,Pamela STEVENSON,3,0,3,0,0
Bullitt,A105,U.S. House,2,Democratic,David S. HATFIELD,26,5,21,0,0
Bullitt,A105,U.S. House,2,Democratic,Megan WINGFIELD,20,2,17,1,0
Bullitt,A105,U.S. House,2,Democratic,Hank LINDERMAN,23,1,22,0,0
Bullitt,A105,U.S. House,2,Democratic,William Dakota COMPTON,10,0,10,0,0
Bullitt,A106,U.S. Senate,,Republican,Anissa CATLETT,1,1,0,0,0
Bullitt,A106,U.S. Senate,,Republican,A. Nick SHELLEY,0,0,0,0,0
Bullitt,A106,U.S. Senate,,Republican,"Valerie ""Dr Val"" FREDRICK",1,0,1,0,0
Bullitt,A106,U.S. Senate,,Republican,Michael James FARIS,11,0,10,1,0
Bullitt,A106,U.S. Senate,,Republican,Nate MORRIS,8,1,7,0,0
Bullitt,A106,U.S. Senate,,Republican,Other Donald WENZEL,0,0,0,0,0
Bullitt,A106,U.S. Senate,,Republican,Jonathan M. HOLLIDAY,0,0,0,0,0
Bullitt,A106,U.S. Senate,,Republican,George WASHINGTON,2,0,2,0,0
Bullitt,A106,U.S. Senate,,Republican,Andy BARR,139,28,107,3,1
Bullitt,A106,U.S. Senate,,Republican,Daniel CAMERON,87,30,53,4,0
Bullitt,A106,U.S. Senate,,Republican,Jimmy I. LEON,0,0,0,0,0
Bullitt,A106,U.S. Senate,,Republican,James D. DUNCAN,2,1,1,0,0
Bullitt,A106,U.S. Senate,,,Under Votes,9,2,6,1,0
Bullitt,A106,U.S. Senate,,,Over Votes,0,0,0,0,0
Bullitt,A106,Ballots Cast,,,,352,,,,
Bullitt,A106,U.S. House,2,Republican,"G. ""Shay"" PERRY-ADELMANN",22,7,15,0,0
Bullitt,A106,U.S. House,2,Republican,S. Brett GUTHRIE,186,47,134,5,0
Bullitt,A106,U.S. House,2,Republican,Joshua M. FERGUSON,28,4,21,3,0
Bullitt,A106,U.S. House,2,,Under Votes,24,5,17,1,1
Bullitt,A106,U.S. House,2,,Over Votes,0,0,0,0,0
Bullitt,A106,County Judge/Executive,,,"Jerral ""Jerry"" SUMMERS",117,30,83,3,1
Bullitt,A106,County Judge/Executive,,,Shelia METCALFE,37,7,28,2,0
Bullitt,A106,County Judge/Executive,,,Tony THOMPSON,81,21,57,3,0
Bullitt,A106,County Judge/Executive,,,Under Votes,21,3,17,1,0
Bullitt,A106,County Judge/Executive,,,Over Votes,0,0,0,0,0
Bullitt,A106,County Clerk,,,Mark WILLIAMS,41,6,34,0,1
Bullitt,A106,County Clerk,,,Allen MARICLE,21,9,11,1,0
Bullitt,A106,County Clerk,,,"Debra ""Debbie"" JOHNSON",51,11,40,0,0
Bullitt,A106,County Clerk,,,Cody WATERS,49,14,35,0,0
Bullitt,A106,County Clerk,,,Sheri WEBBER,48,13,30,5,0
Bullitt,A106,County Clerk,,,Rita PARSONS,26,6,18,2,0
Bullitt,A106,County Clerk,,,Under Votes,20,2,17,1,0
Bullitt,A106,County Clerk,,,Over Votes,0,0,0,0,0
Bullitt,A106,Sheriff,,,Walt SHOLAR,145,37,100,7,1
Bullitt,A106,Sheriff,,,Kenneth L. PROFFITT,100,22,78,0,0
Bullitt,A106,Sheriff,,,Under Votes,11,2,7,2,0
Bullitt,A106,Sheriff,,,Over Votes,0,0,0,0,0
Bullitt,A106,Jailer,,,John A. CLAYPOOLE II.,15,8,5,2,0
Bullitt,A106,Jailer,,,Bryan WHITTAKER,174,42,128,4,0
Bullitt,A106,Jailer,,,Dewey Wayne McMILLEN,44,9,31,3,1
Bullitt,A106,Jailer,,,Under Votes,23,2,21,0,0
Bullitt,A106,Jailer,,,Over Votes,0,0,0,0,0
Bullitt,A106,County Surveyor,,,Alan HARTLEY,92,19,68,5,0
Bullitt,A106,County Surveyor,,,William HARNED,111,32,77,2,0
Bullitt,A106,County Surveyor,,,Under Votes,53,10,40,2,1
Bullitt,A106,County Surveyor,,,Over Votes,0,0,0,0,0
Bullitt,A106,Magistrate,,,Anthony HESTER,112,23,84,4,1
Bullitt,A106,Magistrate,,,Vera J. SANDERS,121,34,83,4,0
Bullitt,A106,Magistrate,,,Under Votes,23,4,18,1,0
Bullitt,A106,Magistrate,,,Over Votes,0,0,0,0,0
Bullitt,A106,Constable,,,William Edward McALLISTER,146,36,106,4,0
Bullitt,A106,Constable,,,Edward DUGAN III.,60,15,41,3,1
Bullitt,A106,Constable,,,Under Votes,50,10,38,2,0
Bullitt,A106,Constable,,,Over Votes,0,0,0,0,0
Bullitt,A106,U.S. Senate,,Democratic,Logan FORSYTHE,7,3,4,0,0
Bullitt,A106,U.S. Senate,,Democratic,Amy McGRATH,40,22,16,2,0
Bullitt,A106,U.S. Senate,,Democratic,Dale Lewis ROMANS,10,2,7,1,0
Bullitt,A106,U.S. Senate,,Democratic,Joshua BLANTON SR.,2,1,1,0,0
Bullitt,A106,U.S. Senate,,Democratic,Vincent Anthony THOMPSON,6,3,3,0,0
Bullitt,A106,U.S. Senate,,Democratic,Charles BOOKER,21,1,18,2,0
Bullitt,A106,U.S. Senate,,Democratic,Pamela STEVENSON,6,0,6,0,0
Bullitt,A106,U.S. House,2,Democratic,David S. HATFIELD,22,8,12,2,0
Bullitt,A106,U.S. House,2,Democratic,Megan WINGFIELD,44,15,27,2,0
Bullitt,A106,U.S. House,2,Democratic,Hank LINDERMAN,13,4,8,1,0
Bullitt,A106,U.S. House,2,Democratic,William Dakota COMPTON,13,5,8,0,0
Bullitt,A107,U.S. Senate,,Republican,Anissa CATLETT,1,0,1,0,0
Bullitt,A107,U.S. Senate,,Republican,A. Nick SHELLEY,0,0,0,0,0
Bullitt,A107,U.S. Senate,,Republican,"Valerie ""Dr Val"" FREDRICK",2,2,0,0,0
Bullitt,A107,U.S. Senate,,Republican,Michael James FARIS,5,1,2,2,0
Bullitt,A107,U.S. Senate,,Republican,Nate MORRIS,5,1,3,1,0
Bullitt,A107,U.S. Senate,,Republican,Other Donald WENZEL,0,0,0,0,0
Bullitt,A107,U.S. Senate,,Republican,Jonathan M. HOLLIDAY,2,0,2,0,0
Bullitt,A107,U.S. Senate,,Republican,George WASHINGTON,3,1,2,0,0
Bullitt,A107,U.S. Senate,,Republican,Andy BARR,126,30,93,3,0
Bullitt,A107,U.S. Senate,,Republican,Daniel CAMERON,82,15,62,3,2
Bullitt,A107,U.S. Senate,,Republican,Jimmy I. LEON,0,0,0,0,0
Bullitt,A107,U.S. Senate,,Republican,James D. DUNCAN,2,0,2,0,0
Bullitt,A107,U.S. Senate,,,Under Votes,5,3,2,0,0
Bullitt,A107,U.S. Senate,,,Over Votes,0,0,0,0,0
Bullitt,A107,Ballots Cast,,,,352,,,,
Bullitt,A107,U.S. House,2,Republican,"G. ""Shay"" PERRY-ADELMANN",11,1,10,0,0
Bullitt,A107,U.S. House,2,Republican,S. Brett GUTHRIE,185,42,134,7,2
Bullitt,A107,U.S. House,2,Republican,Joshua M. FERGUSON,23,5,16,2,0
Bullitt,A107,U.S. House,2,,Under Votes,18,6,11,1,0
Bullitt,A107,U.S. House,2,,Over Votes,0,0,0,0,0
Bullitt,A107,County Judge/Executive,,,"Jerral ""Jerry"" SUMMERS",97,22,68,7,0
Bullitt,A107,County Judge/Executive,,,Shelia METCALFE,34,7,24,1,2
Bullitt,A107,County Judge/Executive,,,Tony THOMPSON,79,16,63,0,0
Bullitt,A107,County Judge/Executive,,,Under Votes,19,5,13,1,0
Bullitt,A107,County Judge/Executive,,,Over Votes,0,0,0,0,0
Bullitt,A107,County Clerk,,,Mark WILLIAMS,13,2,9,2,0
Bullitt,A107,County Clerk,,,Allen MARICLE,19,2,14,2,1
Bullitt,A107,County Clerk,,,"Debra ""Debbie"" JOHNSON",66,11,54,1,0
Bullitt,A107,County Clerk,,,Cody WATERS,29,12,15,2,0
Bullitt,A107,County Clerk,,,Sheri WEBBER,43,7,34,1,1
Bullitt,A107,County Clerk,,,Rita PARSONS,38,8,30,0,0
Bullitt,A107,County Clerk,,,Under Votes,21,8,12,1,0
Bullitt,A107,County Clerk,,,Over Votes,0,0,0,0,0
Bullitt,A107,Sheriff,,,Walt SHOLAR,141,30,104,5,2
Bullitt,A107,Sheriff,,,Kenneth L. PROFFITT,76,15,57,4,0
Bullitt,A107,Sheriff,,,Under Votes,12,5,7,0,0
Bullitt,A107,Sheriff,,,Over Votes,0,0,0,0,0
Bullitt,A107,Jailer,,,John A. CLAYPOOLE II.,12,1,11,0,0
Bullitt,A107,Jailer,,,Bryan WHITTAKER,149,34,105,8,2
Bullitt,A107,Jailer,,,Dewey Wayne McMILLEN,38,4,34,0,0
Bullitt,A107,Jailer,,,Under Votes,30,11,18,1,0
Bullitt,A107,Jailer,,,Over Votes,0,0,0,0,0
Bullitt,A107,County Surveyor,,,Alan HARTLEY,92,16,73,1,2
Bullitt,A107,County Surveyor,,,William HARNED,88,18,64,6,0
Bullitt,A107,County Surveyor,,,Under Votes,49,16,31,2,0
Bullitt,A107,County Surveyor,,,Over Votes,0,0,0,0,0
Bullitt,A107,Magistrate,,,Anthony HESTER,88,17,65,6,0
Bullitt,A107,Magistrate,,,Vera J. SANDERS,134,33,96,3,2
Bullitt,A107,Magistrate,,,Under Votes,7,0,7,0,0
Bullitt,A107,Magistrate,,,Over Votes,0,0,0,0,0
Bullitt,A107,Constable,,,William Edward McALLISTER,130,21,105,4,0
Bullitt,A107,Constable,,,Edward DUGAN III.,51,11,36,2,2
Bullitt,A107,Constable,,,Under Votes,48,18,27,3,0
Bullitt,A107,Constable,,,Over Votes,0,0,0,0,0
Bullitt,A107,U.S. Senate,,Democratic,Logan FORSYTHE,5,2,3,0,0
Bullitt,A107,U.S. Senate,,Democratic,Amy McGRATH,52,7,41,4,0
Bullitt,A107,U.S. Senate,,Democratic,Dale Lewis ROMANS,14,1,12,1,0
Bullitt,A107,U.S. Senate,,Democratic,Joshua BLANTON SR.,2,0,2,0,0
Bullitt,A107,U.S. Senate,,Democratic,Vincent Anthony THOMPSON,5,0,5,0,0
Bullitt,A107,U.S. Senate,,Democratic,Charles BOOKER,34,7,25,2,0
Bullitt,A107,U.S. Senate,,Democratic,Pamela STEVENSON,7,0,6,1,0
Bullitt,A107,U.S. House,2,Democratic,David S. HATFIELD,30,6,22,2,0
Bullitt,A107,U.S. House,2,Democratic,Megan WINGFIELD,39,1,36,2,0
Bullitt,A107,U.S. House,2,Democratic,Hank LINDERMAN,26,4,20,2,0
Bullitt,A107,U.S. House,2,Democratic,William Dakota COMPTON,20,5,14,1,0
Bullitt,A108,U.S. Senate,,Republican,Anissa CATLETT,0,0,0,0,0
Bullitt,A108,U.S. Senate,,Republican,A. Nick SHELLEY,1,0,1,0,0
Bullitt,A108,U.S. Senate,,Republican,"Valerie ""Dr Val"" FREDRICK",0,0,0,0,0
Bullitt,A108,U.S. Senate,,Republican,Michael James FARIS,0,0,0,0,0
Bullitt,A108,U.S. Senate,,Republican,Nate MORRIS,2,1,1,0,0
Bullitt,A108,U.S. Senate,,Republican,Other Donald WENZEL,0,0,0,0,0
Bullitt,A108,U.S. Senate,,Republican,Jonathan M. HOLLIDAY,0,0,0,0,0
Bullitt,A108,U.S. Senate,,Republican,George WASHINGTON,0,0,0,0,0
Bullitt,A108,U.S. Senate,,Republican,Andy BARR,39,10,29,0,0
Bullitt,A108,U.S. Senate,,Republican,Daniel CAMERON,22,5,17,0,0
Bullitt,A108,U.S. Senate,,Republican,Jimmy I. LEON,0,0,0,0,0
Bullitt,A108,U.S. Senate,,Republican,James D. DUNCAN,0,0,0,0,0
Bullitt,A108,U.S. Senate,,,Under Votes,0,0,0,0,0
Bullitt,A108,U.S. Senate,,,Over Votes,0,0,0,0,0
Bullitt,A108,Ballots Cast,,,,110,,,,
Bullitt,A108,U.S. House,2,Republican,"G. ""Shay"" PERRY-ADELMANN",3,1,2,0,0
Bullitt,A108,U.S. House,2,Republican,S. Brett GUTHRIE,49,13,36,0,0
Bullitt,A108,U.S. House,2,Republican,Joshua M. FERGUSON,11,2,9,0,0
Bullitt,A108,U.S. House,2,,Under Votes,2,0,2,0,0
Bullitt,A108,U.S. House,2,,Over Votes,0,0,0,0,0
Bullitt,A108,County Judge/Executive,,,"Jerral ""Jerry"" SUMMERS",32,7,25,0,0
Bullitt,A108,County Judge/Executive,,,Shelia METCALFE,13,2,11,0,0
Bullitt,A108,County Judge/Executive,,,Tony THOMPSON,14,4,10,0,0
Bullitt,A108,County Judge/Executive,,,Under Votes,5,3,2,0,0
Bullitt,A108,County Judge/Executive,,,Over Votes,0,0,0,0,0
Bullitt,A108,County Clerk,,,Mark WILLIAMS,9,1,8,0,0
Bullitt,A108,County Clerk,,,Allen MARICLE,5,2,3,0,0
Bullitt,A108,County Clerk,,,"Debra ""Debbie"" JOHNSON",10,1,9,0,0
Bullitt,A108,County Clerk,,,Cody WATERS,9,1,8,0,0
Bullitt,A108,County Clerk,,,Sheri WEBBER,19,8,11,0,0
Bullitt,A108,County Clerk,,,Rita PARSONS,7,1,6,0,0
Bullitt,A108,County Clerk,,,Under Votes,5,2,3,0,0
Bullitt,A108,County Clerk,,,Over Votes,0,0,0,0,0
Bullitt,A108,Sheriff,,,Walt SHOLAR,41,11,30,0,0
Bullitt,A108,Sheriff,,,Kenneth L. PROFFITT,17,3,14,0,0
Bullitt,A108,Sheriff,,,Under Votes,6,2,4,0,0
Bullitt,A108,Sheriff,,,Over Votes,0,0,0,0,0
Bullitt,A108,Jailer,,,John A. CLAYPOOLE II.,7,1,6,0,0
Bullitt,A108,Jailer,,,Bryan WHITTAKER,44,11,33,0,0
Bullitt,A108,Jailer,,,Dewey Wayne McMILLEN,7,1,6,0,0
Bullitt,A108,Jailer,,,Under Votes,6,3,3,0,0
Bullitt,A108,Jailer,,,Over Votes,0,0,0,0,0
Bullitt,A108,County Surveyor,,,Alan HARTLEY,28,5,23,0,0
Bullitt,A108,County Surveyor,,,William HARNED,26,9,17,0,0
Bullitt,A108,County Surveyor,,,Under Votes,10,2,8,0,0
Bullitt,A108,County Surveyor,,,Over Votes,0,0,0,0,0
Bullitt,A108,Magistrate,,,Anthony HESTER,20,5,15,0,0
Bullitt,A108,Magistrate,,,Vera J. SANDERS,40,10,30,0,0
Bullitt,A108,Magistrate,,,Under Votes,4,1,3,0,0
Bullitt,A108,Magistrate,,,Over Votes,0,0,0,0,0
Bullitt,A108,Constable,,,William Edward McALLISTER,39,11,28,0,0
Bullitt,A108,Constable,,,Edward DUGAN III.,14,2,12,0,0
Bullitt,A108,Constable,,,Under Votes,11,3,8,0,0
Bullitt,A108,Constable,,,Over Votes,0,0,0,0,0
Bullitt,A108,U.S. Senate,,Democratic,Logan FORSYTHE,0,0,0,0,0
Bullitt,A108,U.S. Senate,,Democratic,Amy McGRATH,32,4,27,1,0
Bullitt,A108,U.S. Senate,,Democratic,Dale Lewis ROMANS,4,0,3,1,0
Bullitt,A108,U.S. Senate,,Democratic,Joshua BLANTON SR.,0,0,0,0,0
Bullitt,A108,U.S. Senate,,Democratic,Vincent Anthony THOMPSON,0,0,0,0,0
Bullitt,A108,U.S. Senate,,Democratic,Charles BOOKER,8,0,8,0,0
Bullitt,A108,U.S. Senate,,Democratic,Pamela STEVENSON,2,0,2,0,0
Bullitt,A108,U.S. House,2,Democratic,David S. HATFIELD,15,0,14,1,0
Bullitt,A108,U.S. House,2,Democratic,Megan WINGFIELD,13,3,10,0,0
Bullitt,A108,U.S. House,2,Democratic,Hank LINDERMAN,13,1,11,1,0
Bullitt,A108,U.S. House,2,Democratic,William Dakota COMPTON,4,0,4,0,0
Bullitt,A111,U.S. Senate,,Republican,Anissa CATLETT,4,1,3,0,0
Bullitt,A111,U.S. Senate,,Republican,A. Nick SHELLEY,1,1,0,0,0
Bullitt,A111,U.S. Senate,,Republican,"Valerie ""Dr Val"" FREDRICK",0,0,0,0,0
Bullitt,A111,U.S. Senate,,Republican,Michael James FARIS,1,0,1,0,0
Bullitt,A111,U.S. Senate,,Republican,Nate MORRIS,9,3,6,0,0
Bullitt,A111,U.S. Senate,,Republican,Other Donald WENZEL,0,0,0,0,0
Bullitt,A111,U.S. Senate,,Republican,Jonathan M. HOLLIDAY,0,0,0,0,0
Bullitt,A111,U.S. Senate,,Republican,George WASHINGTON,1,0,1,0,0
Bullitt,A111,U.S. Senate,,Republican,Andy BARR,50,13,37,0,0
Bullitt,A111,U.S. Senate,,Republican,Daniel CAMERON,39,11,28,0,0
Bullitt,A111,U.S. Senate,,Republican,Jimmy I. LEON,0,0,0,0,0
Bullitt,A111,U.S. Senate,,Republican,James D. DUNCAN,1,0,1,0,0
Bullitt,A111,U.S. Senate,,,Under Votes,1,0,1,0,0
Bullitt,A111,U.S. Senate,,,Over Votes,0,0,0,0,0
Bullitt,A111,Ballots Cast,,,,160,,,,
Bullitt,A111,U.S. House,2,Republican,"G. ""Shay"" PERRY-ADELMANN",9,3,6,0,0
Bullitt,A111,U.S. House,2,Republican,S. Brett GUTHRIE,73,19,54,0,0
Bullitt,A111,U.S. House,2,Republican,Joshua M. FERGUSON,19,4,15,0,0
Bullitt,A111,U.S. House,2,,Under Votes,7,3,4,0,0
Bullitt,A111,U.S. House,2,,Over Votes,0,0,0,0,0
Bullitt,A111,County Judge/Executive,,,"Jerral ""Jerry"" SUMMERS",57,15,42,0,0
Bullitt,A111,County Judge/Executive,,,Shelia METCALFE,15,2,13,0,0
Bullitt,A111,County Judge/Executive,,,Tony THOMPSON,32,12,20,0,0
Bullitt,A111,County Judge/Executive,,,Under Votes,2,0,2,0,0
Bullitt,A111,County Judge/Executive,,,Over Votes,0,0,0,0,0
Bullitt,A111,County Clerk,,,Mark WILLIAMS,8,0,8,0,0
Bullitt,A111,County Clerk,,,Allen MARICLE,10,6,4,0,0
Bullitt,A111,County Clerk,,,"Debra ""Debbie"" JOHNSON",28,8,20,0,0
Bullitt,A111,County Clerk,,,Cody WATERS,33,8,25,0,0
Bullitt,A111,County Clerk,,,Sheri WEBBER,10,2,8,0,0
Bullitt,A111,County Clerk,,,Rita PARSONS,14,5,9,0,0
Bullitt,A111,County Clerk,,,Under Votes,3,0,3,0,0
Bullitt,A111,County Clerk,,,Over Votes,0,0,0,0,0
Bullitt,A111,Sheriff,,,Walt SHOLAR,52,15,37,0,0
Bullitt,A111,Sheriff,,,Kenneth L. PROFFITT,52,14,38,0,0
Bullitt,A111,Sheriff,,,Under Votes,2,0,2,0,0
Bullitt,A111,Sheriff,,,Over Votes,0,0,0,0,0
Bullitt,A111,Jailer,,,John A. CLAYPOOLE II.,8,0,8,0,0
Bullitt,A111,Jailer,,,Bryan WHITTAKER,80,23,57,0,0
Bullitt,A111,Jailer,,,Dewey Wayne McMILLEN,17,6,11,0,0
Bullitt,A111,Jailer,,,Under Votes,1,0,1,0,0
Bullitt,A111,Jailer,,,Over Votes,0,0,0,0,0
Bullitt,A111,County Surveyor,,,Alan HARTLEY,40,13,27,0,0
Bullitt,A111,County Surveyor,,,William HARNED,52,13,39,0,0
Bullitt,A111,County Surveyor,,,Under Votes,14,3,11,0,0
Bullitt,A111,County Surveyor,,,Over Votes,0,0,0,0,0
Bullitt,A111,Magistrate,,,Anthony HESTER,28,9,19,0,0
Bullitt,A111,Magistrate,,,Vera J. SANDERS,73,20,53,0,0
Bullitt,A111,Magistrate,,,Under Votes,5,0,5,0,0
Bullitt,A111,Magistrate,,,Over Votes,0,0,0,0,0
Bullitt,A111,Constable,,,William Edward McALLISTER,68,20,48,0,0
Bullitt,A111,Constable,,,Edward DUGAN III.,25,4,21,0,0
Bullitt,A111,Constable,,,Under Votes,13,5,8,0,0
Bullitt,A111,Constable,,,Over Votes,0,0,0,0,0
Bullitt,A111,U.S. Senate,,Democratic,Logan FORSYTHE,1,0,1,0,0
Bullitt,A111,U.S. Senate,,Democratic,Amy McGRATH,23,2,17,4,0
Bullitt,A111,U.S. Senate,,Democratic,Dale Lewis ROMANS,1,0,1,0,0
Bullitt,A111,U.S. Senate,,Democratic,Joshua BLANTON SR.,1,0,1,0,0
Bullitt,A111,U.S. Senate,,Democratic,Vincent Anthony THOMPSON,0,0,0,0,0
Bullitt,A111,U.S. Senate,,Democratic,Charles BOOKER,26,2,23,1,0
Bullitt,A111,U.S. Senate,,Democratic,Pamela STEVENSON,1,1,0,0,0
Bullitt,A111,U.S. House,2,Democratic,David S. HATFIELD,12,3,9,0,0
Bullitt,A111,U.S. House,2,Democratic,Megan WINGFIELD,23,1,17,5,0
Bullitt,A111,U.S. House,2,Democratic,Hank LINDERMAN,10,1,9,0,0
Bullitt,A111,U.S. House,2,Democratic,William Dakota COMPTON,7,0,7,0,0
Bullitt,A112,U.S. Senate,,Republican,Anissa CATLETT,0,0,0,0,0
Bullitt,A112,U.S. Senate,,Republican,A. Nick SHELLEY,2,0,2,0,0
Bullitt,A112,U.S. Senate,,Republican,"Valerie ""Dr Val"" FREDRICK",2,1,1,0,0
Bullitt,A112,U.S. Senate,,Republican,Michael James FARIS,1,1,0,0,0
Bullitt,A112,U.S. Senate,,Republican,Nate MORRIS,3,0,3,0,0
Bullitt,A112,U.S. Senate,,Republican,Other Donald WENZEL,0,0,0,0,0
Bullitt,A112,U.S. Senate,,Republican,Jonathan M. HOLLIDAY,1,0,1,0,0
Bullitt,A112,U.S. Senate,,Republican,George WASHINGTON,0,0,0,0,0
Bullitt,A112,U.S. Senate,,Republican,Andy BARR,131,48,78,5,0
Bullitt,A112,U.S. Senate,,Republican,Daniel CAMERON,95,22,73,0,0
Bullitt,A112,U.S. Senate,,Republican,Jimmy I. LEON,0,0,0,0,0
Bullitt,A112,U.S. Senate,,Republican,James D. DUNCAN,2,0,2,0,0
Bullitt,A112,U.S. Senate,,,Under Votes,4,1,1,2,0
Bullitt,A112,U.S. Senate,,,Over Votes,2,0,1,1,0
Bullitt,A112,Ballots Cast,,,,369,,,,
Bullitt,A112,U.S. House,2,Republican,"G. ""Shay"" PERRY-ADELMANN",12,5,6,1,0
Bullitt,A112,U.S. House,2,Republican,S. Brett GUTHRIE,193,59,129,5,0
Bullitt,A112,U.S. House,2,Republican,Joshua M. FERGUSON,23,8,15,0,0
Bullitt,A112,U.S. House,2,,Under Votes,18,3,14,1,0
Bullitt,A112,U.S. House,2,,Over Votes,0,0,0,0,0
Bullitt,A112,County Judge/Executive,,,"Jerral ""Jerry"" SUMMERS",147,55,90,2,0
Bullitt,A112,County Judge/Executive,,,Shelia METCALFE,26,6,19,1,0
Bullitt,A112,County Judge/Executive,,,Tony THOMPSON,56,9,43,4,0
Bullitt,A112,County Judge/Executive,,,Under Votes,13,3,10,0,0
Bullitt,A112,County Judge/Executive,,,Over Votes,0,0,0,0,0
Bullitt,A112,County Clerk,,,Mark WILLIAMS,19,3,16,0,0
Bullitt,A112,County Clerk,,,Allen MARICLE,17,1,14,2,0
Bullitt,A112,County Clerk,,,"Debra ""Debbie"" JOHNSON",55,24,31,0,0
Bullitt,A112,County Clerk,,,Cody WATERS,33,9,24,0,0
Bullitt,A112,County Clerk,,,Sheri WEBBER,65,26,39,0,0
Bullitt,A112,County Clerk,,,Rita PARSONS,40,9,28,3,0
Bullitt,A112,County Clerk,,,Under Votes,13,1,10,2,0
Bullitt,A112,County Clerk,,,Over Votes,0,0,0,0,0
Bullitt,A112,Sheriff,,,Walt SHOLAR,168,57,109,2,0
Bullitt,A112,Sheriff,,,Kenneth L. PROFFITT,68,16,48,4,0
Bullitt,A112,Sheriff,,,Under Votes,6,0,5,1,0
Bullitt,A112,Sheriff,,,Over Votes,0,0,0,0,0
Bullitt,A112,Jailer,,,John A. CLAYPOOLE II.,18,1,17,0,0
Bullitt,A112,Jailer,,,Bryan WHITTAKER,139,49,89,1,0
Bullitt,A112,Jailer,,,Dewey Wayne McMILLEN,67,15,46,6,0
Bullitt,A112,Jailer,,,Under Votes,18,8,10,0,0
Bullitt,A112,Jailer,,,Over Votes,0,0,0,0,0
Bullitt,A112,County Surveyor,,,Alan HARTLEY,106,25,76,5,0
Bullitt,A112,County Surveyor,,,William HARNED,83,32,50,1,0
Bullitt,A112,County Surveyor,,,Under Votes,53,16,36,1,0
Bullitt,A112,County Surveyor,,,Over Votes,0,0,0,0,0
Bullitt,A112,Magistrate,,,Anthony HESTER,94,23,64,7,0
Bullitt,A112,Magistrate,,,Vera J. SANDERS,123,41,82,0,0
Bullitt,A112,Magistrate,,,Under Votes,25,9,16,0,0
Bullitt,A112,Magistrate,,,Over Votes,0,0,0,0,0
Bullitt,A112,Constable,,,William Edward McALLISTER,137,42,91,4,0
Bullitt,A112,Constable,,,Edward DUGAN III.,46,13,33,0,0
Bullitt,A112,Constable,,,Under Votes,59,18,38,3,0
Bullitt,A112,Constable,,,Over Votes,0,0,0,0,0
Bullitt,A112,U.S. Senate,,Democratic,Logan FORSYTHE,3,0,3,0,0
Bullitt,A112,U.S. Senate,,Democratic,Amy McGRATH,61,23,34,4,0
Bullitt,A112,U.S. Senate,,Democratic,Dale Lewis ROMANS,10,3,7,0,0
Bullitt,A112,U.S. Senate,,Democratic,Joshua BLANTON SR.,4,2,2,0,0
Bullitt,A112,U.S. Senate,,Democratic,Vincent Anthony THOMPSON,5,1,4,0,0
Bullitt,A112,U.S. Senate,,Democratic,Charles BOOKER,35,3,31,1,0
Bullitt,A112,U.S. Senate,,Democratic,Pamela STEVENSON,8,4,4,0,0
Bullitt,A112,U.S. House,2,Democratic,David S. HATFIELD,28,8,20,0,0
Bullitt,A112,U.S. House,2,Democratic,Megan WINGFIELD,55,12,39,4,0
Bullitt,A112,U.S. House,2,Democratic,Hank LINDERMAN,19,8,10,1,0
Bullitt,A112,U.S. House,2,Democratic,William Dakota COMPTON,21,6,14,1,0
Bullitt,A113,U.S. Senate,,Republican,Anissa CATLETT,4,0,4,0,0
Bullitt,A113,U.S. Senate,,Republican,A. Nick SHELLEY,0,0,0,0,0
Bullitt,A113,U.S. Senate,,Republican,"Valerie ""Dr Val"" FREDRICK",1,0,1,0,0
Bullitt,A113,U.S. Senate,,Republican,Michael James FARIS,4,1,3,0,0
Bullitt,A113,U.S. Senate,,Republican,Nate MORRIS,8,1,7,0,0
Bullitt,A113,U.S. Senate,,Republican,Other Donald WENZEL,0,0,0,0,0
Bullitt,A113,U.S. Senate,,Republican,Jonathan M. HOLLIDAY,1,0,1,0,0
Bullitt,A113,U.S. Senate,,Republican,George WASHINGTON,1,0,1,0,0
Bullitt,A113,U.S. Senate,,Republican,Andy BARR,121,32,85,4,0
Bullitt,A113,U.S. Senate,,Republican,Daniel CAMERON,71,13,58,0,0
Bullitt,A113,U.S. Senate,,Republican,Jimmy I. LEON,0,0,0,0,0
Bullitt,A113,U.S. Senate,,Republican,James D. DUNCAN,1,0,1,0,0
Bullitt,A113,U.S. Senate,,,Under Votes,7,2,5,0,0
Bullitt,A113,U.S. Senate,,,Over Votes,0,0,0,0,0
Bullitt,A113,Ballots Cast,,,,308,,,,
Bullitt,A113,U.S. House,2,Republican,"G. ""Shay"" PERRY-ADELMANN",11,2,9,0,0
Bullitt,A113,U.S. House,2,Republican,S. Brett GUTHRIE,175,39,132,4,0
Bullitt,A113,U.S. House,2,Republican,Joshua M. FERGUSON,15,3,12,0,0
Bullitt,A113,U.S. House,2,,Under Votes,21,6,15,0,0
Bullitt,A113,U.S. House,2,,Over Votes,0,0,0,0,0
Bullitt,A113,County Judge/Executive,,,"Jerral ""Jerry"" SUMMERS",104,19,82,3,0
Bullitt,A113,County Judge/Executive,,,Shelia METCALFE,22,6,16,0,0
Bullitt,A113,County Judge/Executive,,,Tony THOMPSON,77,20,57,0,0
Bullitt,A113,County Judge/Executive,,,Under Votes,13,3,9,1,0
Bullitt,A113,County Judge/Executive,,,Over Votes,0,0,0,0,0
Bullitt,A113,County Clerk,,,Mark WILLIAMS,20,5,14,1,0
Bullitt,A113,County Clerk,,,Allen MARICLE,19,3,16,0,0
Bullitt,A113,County Clerk,,,"Debra ""Debbie"" JOHNSON",74,16,58,0,0
Bullitt,A113,County Clerk,,,Cody WATERS,24,4,19,1,0
Bullitt,A113,County Clerk,,,Sheri WEBBER,41,13,26,2,0
Bullitt,A113,County Clerk,,,Rita PARSONS,23,6,17,0,0
Bullitt,A113,County Clerk,,,Under Votes,15,1,14,0,0
Bullitt,A113,County Clerk,,,Over Votes,0,0,0,0,0
Bullitt,A113,Sheriff,,,Walt SHOLAR,137,30,103,4,0
Bullitt,A113,Sheriff,,,Kenneth L. PROFFITT,65,16,49,0,0
Bullitt,A113,Sheriff,,,Under Votes,14,2,12,0,0
Bullitt,A113,Sheriff,,,Over Votes,0,0,0,0,0
Bullitt,A113,Jailer,,,John A. CLAYPOOLE II.,7,2,5,0,0
Bullitt,A113,Jailer,,,Bryan WHITTAKER,145,32,111,2,0
Bullitt,A113,Jailer,,,Dewey Wayne McMILLEN,45,11,32,2,0
Bullitt,A113,Jailer,,,Under Votes,19,3,16,0,0
Bullitt,A113,Jailer,,,Over Votes,0,0,0,0,0
Bullitt,A113,County Surveyor,,,Alan HARTLEY,72,13,58,1,0
Bullitt,A113,County Surveyor,,,William HARNED,94,23,70,1,0
Bullitt,A113,County Surveyor,,,Under Votes,50,12,36,2,0
Bullitt,A113,County Surveyor,,,Over Votes,0,0,0,0,0
Bullitt,A113,Magistrate,,,Anthony HESTER,79,15,63,1,0
Bullitt,A113,Magistrate,,,Vera J. SANDERS,122,32,87,3,0
Bullitt,A113,Magistrate,,,Under Votes,15,1,14,0,0
Bullitt,A113,Magistrate,,,Over Votes,0,0,0,0,0
Bullitt,A113,Constable,,,William Edward McALLISTER,126,24,100,2,0
Bullitt,A113,Constable,,,Edward DUGAN III.,30,8,22,0,0
Bullitt,A113,Constable,,,Under Votes,60,16,42,2,0
Bullitt,A113,Constable,,,Over Votes,0,0,0,0,0
Bullitt,A113,U.S. Senate,,Democratic,Logan FORSYTHE,0,0,0,0,0
Bullitt,A113,U.S. Senate,,Democratic,Amy McGRATH,47,16,27,4,0
Bullitt,A113,U.S. Senate,,Democratic,Dale Lewis ROMANS,14,4,10,0,0
Bullitt,A113,U.S. Senate,,Democratic,Joshua BLANTON SR.,1,0,1,0,0
Bullitt,A113,U.S. Senate,,Democratic,Vincent Anthony THOMPSON,2,0,2,0,0
Bullitt,A113,U.S. Senate,,Democratic,Charles BOOKER,22,2,19,1,0
Bullitt,A113,U.S. Senate,,Democratic,Pamela STEVENSON,3,2,1,0,0
Bullitt,A113,U.S. House,2,Democratic,David S. HATFIELD,29,9,18,2,0
Bullitt,A113,U.S. House,2,Democratic,Megan WINGFIELD,28,7,20,1,0
Bullitt,A113,U.S. House,2,Democratic,Hank LINDERMAN,21,5,15,1,0
Bullitt,A113,U.S. House,2,Democratic,William Dakota COMPTON,8,2,5,1,0
Bullitt,B101,U.S. Senate,,Republican,Anissa CATLETT,1,0,1,0,0
Bullitt,B101,U.S. Senate,,Republican,A. Nick SHELLEY,0,0,0,0,0
Bullitt,B101,U.S. Senate,,Republican,"Valerie ""Dr Val"" FREDRICK",2,0,2,0,0
Bullitt,B101,U.S. Senate,,Republican,Michael James FARIS,3,0,3,0,0
Bullitt,B101,U.S. Senate,,Republican,Nate MORRIS,0,0,0,0,0
Bullitt,B101,U.S. Senate,,Republican,Other Donald WENZEL,0,0,0,0,0
Bullitt,B101,U.S. Senate,,Republican,Jonathan M. HOLLIDAY,0,0,0,0,0
Bullitt,B101,U.S. Senate,,Republican,George WASHINGTON,2,0,2,0,0
Bullitt,B101,U.S. Senate,,Republican,Andy BARR,35,8,27,0,0
Bullitt,B101,U.S. Senate,,Republican,Daniel CAMERON,17,3,14,0,0
Bullitt,B101,U.S. Senate,,Republican,Jimmy I. LEON,0,0,0,0,0
Bullitt,B101,U.S. Senate,,Republican,James D. DUNCAN,1,1,0,0,0
Bullitt,B101,U.S. Senate,,,Under Votes,0,0,0,0,0
Bullitt,B101,U.S. Senate,,,Over Votes,0,0,0,0,0
Bullitt,B101,Ballots Cast,,,,92,,,,
Bullitt,B101,U.S. House,2,Republican,"G. ""Shay"" PERRY-ADELMANN",6,1,5,0,0
Bullitt,B101,U.S. House,2,Republican,S. Brett GUTHRIE,48,11,37,0,0
Bullitt,B101,U.S. House,2,Republican,Joshua M. FERGUSON,4,0,4,0,0
Bullitt,B101,U.S. House,2,,Under Votes,8,0,8,0,0
Bullitt,B101,U.S. House,2,,Over Votes,0,0,0,0,0
Bullitt,B101,County Judge/Executive,,,"Jerral ""Jerry"" SUMMERS",27,8,19,0,0
Bullitt,B101,County Judge/Executive,,,Shelia METCALFE,15,3,12,0,0
Bullitt,B101,County Judge/Executive,,,Tony THOMPSON,10,0,10,0,0
Bullitt,B101,County Judge/Executive,,,Under Votes,9,1,8,0,0
Bullitt,B101,County Judge/Executive,,,Over Votes,0,0,0,0,0
Bullitt,B101,County Clerk,,,Mark WILLIAMS,5,0,5,0,0
Bullitt,B101,County Clerk,,,Allen MARICLE,3,0,3,0,0
Bullitt,B101,County Clerk,,,"Debra ""Debbie"" JOHNSON",18,4,14,0,0
Bullitt,B101,County Clerk,,,Cody WATERS,14,1,13,0,0
Bullitt,B101,County Clerk,,,Sheri WEBBER,13,6,7,0,0
Bullitt,B101,County Clerk,,,Rita PARSONS,2,1,1,0,0
Bullitt,B101,County Clerk,,,Under Votes,6,0,6,0,0
Bullitt,B101,County Clerk,,,Over Votes,0,0,0,0,0
Bullitt,B101,Sheriff,,,Walt SHOLAR,42,9,33,0,0
Bullitt,B101,Sheriff,,,Kenneth L. PROFFITT,13,1,12,0,0
Bullitt,B101,Sheriff,,,Under Votes,6,2,4,0,0
Bullitt,B101,Sheriff,,,Over Votes,0,0,0,0,0
Bullitt,B101,Jailer,,,John A. CLAYPOOLE II.,5,2,3,0,0
Bullitt,B101,Jailer,,,Bryan WHITTAKER,32,5,27,0,0
Bullitt,B101,Jailer,,,Dewey Wayne McMILLEN,12,2,10,0,0
Bullitt,B101,Jailer,,,Under Votes,12,3,9,0,0
Bullitt,B101,Jailer,,,Over Votes,0,0,0,0,0
Bullitt,B101,County Surveyor,,,Alan HARTLEY,13,3,10,0,0
Bullitt,B101,County Surveyor,,,William HARNED,31,5,26,0,0
Bullitt,B101,County Surveyor,,,Under Votes,17,4,13,0,0
Bullitt,B101,County Surveyor,,,Over Votes,0,0,0,0,0
Bullitt,B101,Magistrate,,,Gary LAWSON,29,5,24,0,0
Bullitt,B101,Magistrate,,,Bruce GOODEN,22,4,18,0,0
Bullitt,B101,Magistrate,,,Under Votes,10,3,7,0,0
Bullitt,B101,Magistrate,,,Over Votes,0,0,0,0,0
Bullitt,B101,Constable,,,Eric W. SULLIVAN,11,3,8,0,0
Bullitt,B101,Constable,,,Paul Kent ROBY,22,4,18,0,0
Bullitt,B101,Constable,,,Andrew M. LUTZ,4,0,4,0,0
Bullitt,B101,Constable,,,John CAULEY,10,1,9,0,0
Bullitt,B101,Constable,,,Under Votes,14,4,10,0,0
Bullitt,B101,Constable,,,Over Votes,0,0,0,0,0
Bullitt,B101,U.S. Senate,,Democratic,Logan FORSYTHE,1,1,0,0,0
Bullitt,B101,U.S. Senate,,Democratic,Amy McGRATH,8,1,6,1,0
Bullitt,B101,U.S. Senate,,Democratic,Dale Lewis ROMANS,2,0,2,0,0
Bullitt,B101,U.S. Senate,,Democratic,Joshua BLANTON SR.,0,0,0,0,0
Bullitt,B101,U.S. Senate,,Democratic,Vincent Anthony THOMPSON,0,0,0,0,0
Bullitt,B101,U.S. Senate,,Democratic,Charles BOOKER,18,2,16,0,0
Bullitt,B101,U.S. Senate,,Democratic,Pamela STEVENSON,2,1,1,0,0
Bullitt,B101,U.S. House,2,Democratic,David S. HATFIELD,4,1,3,0,0
Bullitt,B101,U.S. House,2,Democratic,Megan WINGFIELD,11,0,10,1,0
Bullitt,B101,U.S. House,2,Democratic,Hank LINDERMAN,4,1,3,0,0
Bullitt,B101,U.S. House,2,Democratic,William Dakota COMPTON,7,3,4,0,0
Bullitt,B102,U.S. Senate,,Republican,Anissa CATLETT,1,1,0,0,0
Bullitt,B102,U.S. Senate,,Republican,A. Nick SHELLEY,0,0,0,0,0
Bullitt,B102,U.S. Senate,,Republican,"Valerie ""Dr Val"" FREDRICK",2,1,1,0,0
Bullitt,B102,U.S. Senate,,Republican,Michael James FARIS,8,3,5,0,0
Bullitt,B102,U.S. Senate,,Republican,Nate MORRIS,7,1,6,0,0
Bullitt,B102,U.S. Senate,,Republican,Other Donald WENZEL,0,0,0,0,0
Bullitt,B102,U.S. Senate,,Republican,Jonathan M. HOLLIDAY,0,0,0,0,0
Bullitt,B102,U.S. Senate,,Republican,George WASHINGTON,0,0,0,0,0
Bullitt,B102,U.S. Senate,,Republican,Andy BARR,117,38,76,1,2
Bullitt,B102,U.S. Senate,,Republican,Daniel CAMERON,78,31,47,0,0
Bullitt,B102,U.S. Senate,,Republican,Jimmy I. LEON,0,0,0,0,0
Bullitt,B102,U.S. Senate,,Republican,James D. DUNCAN,0,0,0,0,0
Bullitt,B102,U.S. Senate,,,Under Votes,5,1,4,0,0
Bullitt,B102,U.S. Senate,,,Over Votes,0,0,0,0,0
Bullitt,B102,Ballots Cast,,,,347,,,,
Bullitt,B102,U.S. House,2,Republican,"G. ""Shay"" PERRY-ADELMANN",2,1,0,1,0
Bullitt,B102,U.S. House,2,Republican,S. Brett GUTHRIE,171,58,111,0,2
Bullitt,B102,U.S. House,2,Republican,Joshua M. FERGUSON,27,10,17,0,0
Bullitt,B102,U.S. House,2,,Under Votes,24,8,15,1,0
Bullitt,B102,U.S. House,2,,Over Votes,0,0,0,0,0
Bullitt,B102,County Judge/Executive,,,"Jerral ""Jerry"" SUMMERS",121,38,80,1,2
Bullitt,B102,County Judge/Executive,,,Shelia METCALFE,30,13,17,0,0
Bullitt,B102,County Judge/Executive,,,Tony THOMPSON,47,19,28,0,0
Bullitt,B102,County Judge/Executive,,,Under Votes,18,6,12,0,0
Bullitt,B102,County Judge/Executive,,,Over Votes,0,0,0,0,0
Bullitt,B102,County Clerk,,,Mark WILLIAMS,10,1,9,0,0
Bullitt,B102,County Clerk,,,Allen MARICLE,18,6,12,0,0
Bullitt,B102,County Clerk,,,"Debra ""Debbie"" JOHNSON",68,29,39,0,0
Bullitt,B102,County Clerk,,,Cody WATERS,45,16,29,0,0
Bullitt,B102,County Clerk,,,Sheri WEBBER,35,12,22,1,0
Bullitt,B102,County Clerk,,,Rita PARSONS,17,4,13,0,0
Bullitt,B102,County Clerk,,,Under Votes,23,8,13,0,2
Bullitt,B102,County Clerk,,,Over Votes,0,0,0,0,0
Bullitt,B102,Sheriff,,,Walt SHOLAR,151,55,95,1,0
Bullitt,B102,Sheriff,,,Kenneth L. PROFFITT,49,17,32,0,0
Bullitt,B102,Sheriff,,,Under Votes,16,4,10,0,2
Bullitt,B102,Sheriff,,,Over Votes,0,0,0,0,0
Bullitt,B102,Jailer,,,John A. CLAYPOOLE II.,7,1,6,0,0
Bullitt,B102,Jailer,,,Bryan WHITTAKER,128,46,81,1,0
Bullitt,B102,Jailer,,,Dewey Wayne McMILLEN,59,22,37,0,0
Bullitt,B102,Jailer,,,Under Votes,22,7,13,0,2
Bullitt,B102,Jailer,,,Over Votes,0,0,0,0,0
Bullitt,B102,County Surveyor,,,Alan HARTLEY,68,21,47,0,0
Bullitt,B102,County Surveyor,,,William HARNED,89,31,58,0,0
Bullitt,B102,County Surveyor,,,Under Votes,59,24,32,1,2
Bullitt,B102,County Surveyor,,,Over Votes,0,0,0,0,0
Bullitt,B102,Magistrate,,,Gary LAWSON,106,34,70,0,2
Bullitt,B102,Magistrate,,,Bruce GOODEN,84,33,50,1,0
Bullitt,B102,Magistrate,,,Under Votes,26,9,17,0,0
Bullitt,B102,Magistrate,,,Over Votes,0,0,0,0,0
Bullitt,B102,Constable,,,Eric W. SULLIVAN,54,13,41,0,0
Bullitt,B102,Constable,,,Paul Kent ROBY,68,29,38,1,0
Bullitt,B102,Constable,,,Andrew M. LUTZ,28,8,20,0,0
Bullitt,B102,Constable,,,John CAULEY,24,8,16,0,0
Bullitt,B102,Constable,,,Under Votes,42,18,22,0,2
Bullitt,B102,Constable,,,Over Votes,0,0,0,0,0
Bullitt,B102,U.S. Senate,,Democratic,Logan FORSYTHE,5,1,4,0,0
Bullitt,B102,U.S. Senate,,Democratic,Amy McGRATH,63,24,34,5,0
Bullitt,B102,U.S. Senate,,Democratic,Dale Lewis ROMANS,13,6,6,1,0
Bullitt,B102,U.S. Senate,,Democratic,Joshua BLANTON SR.,2,0,2,0,0
Bullitt,B102,U.S. Senate,,Democratic,Vincent Anthony THOMPSON,6,1,5,0,0
Bullitt,B102,U.S. Senate,,Democratic,Charles BOOKER,35,5,30,0,0
Bullitt,B102,U.S. Senate,,Democratic,Pamela STEVENSON,5,1,2,2,0
Bullitt,B102,U.S. House,2,Democratic,David S. HATFIELD,34,12,20,2,0
Bullitt,B102,U.S. House,2,Democratic,Megan WINGFIELD,35,13,21,1,0
Bullitt,B102,U.S. House,2,Democratic,Hank LINDERMAN,27,8,17,2,0
Bullitt,B102,U.S. House,2,Democratic,William Dakota COMPTON,27,4,21,2,0
Bullitt,B103,U.S. Senate,,Republican,Anissa CATLETT,1,0,1,0,0
Bullitt,B103,U.S. Senate,,Republican,A. Nick SHELLEY,0,0,0,0,0
Bullitt,B103,U.S. Senate,,Republican,"Valerie ""Dr Val"" FREDRICK",0,0,0,0,0
Bullitt,B103,U.S. Senate,,Republican,Michael James FARIS,6,1,5,0,0
Bullitt,B103,U.S. Senate,,Republican,Nate MORRIS,12,3,9,0,0
Bullitt,B103,U.S. Senate,,Republican,Other Donald WENZEL,1,0,1,0,0
Bullitt,B103,U.S. Senate,,Republican,Jonathan M. HOLLIDAY,4,2,2,0,0
Bullitt,B103,U.S. Senate,,Republican,George WASHINGTON,1,0,1,0,0
Bullitt,B103,U.S. Senate,,Republican,Andy BARR,117,29,86,2,0
Bullitt,B103,U.S. Senate,,Republican,Daniel CAMERON,62,15,45,2,0
Bullitt,B103,U.S. Senate,,Republican,Jimmy I. LEON,0,0,0,0,0
Bullitt,B103,U.S. Senate,,Republican,James D. DUNCAN,3,1,2,0,0
Bullitt,B103,U.S. Senate,,,Under Votes,6,3,3,0,0
Bullitt,B103,U.S. Senate,,,Over Votes,0,0,0,0,0
Bullitt,B103,Ballots Cast,,,,302,,,,
Bullitt,B103,U.S. House,2,Republican,"G. ""Shay"" PERRY-ADELMANN",10,0,10,0,0
Bullitt,B103,U.S. House,2,Republican,S. Brett GUTHRIE,168,46,118,4,0
Bullitt,B103,U.S. House,2,Republican,Joshua M. FERGUSON,23,5,18,0,0
Bullitt,B103,U.S. House,2,,Under Votes,19,5,13,1,0
Bullitt,B103,U.S. House,2,,Over Votes,0,0,0,0,0
Bullitt,B103,County Judge/Executive,,,"Jerral ""Jerry"" SUMMERS",106,31,72,3,0
Bullitt,B103,County Judge/Executive,,,Shelia METCALFE,37,9,28,0,0
Bullitt,B103,County Judge/Executive,,,Tony THOMPSON,45,7,38,0,0
Bullitt,B103,County Judge/Executive,,,Under Votes,24,6,17,1,0
Bullitt,B103,County Judge/Executive,,,Over Votes,0,0,0,0,0
Bullitt,B103,County Clerk,,,Mark WILLIAMS,13,1,12,0,0
Bullitt,B103,County Clerk,,,Allen MARICLE,10,0,10,0,0
Bullitt,B103,County Clerk,,,"Debra ""Debbie"" JOHNSON",67,18,47,2,0
Bullitt,B103,County Clerk,,,Cody WATERS,41,10,30,1,0
Bullitt,B103,County Clerk,,,Sheri WEBBER,39,14,25,0,0
Bullitt,B103,County Clerk,,,Rita PARSONS,20,5,15,0,0
Bullitt,B103,County Clerk,,,Under Votes,22,5,16,1,0
Bullitt,B103,County Clerk,,,Over Votes,0,0,0,0,0
Bullitt,B103,Sheriff,,,Walt SHOLAR,152,37,112,3,0
Bullitt,B103,Sheriff,,,Kenneth L. PROFFITT,45,11,34,0,0
Bullitt,B103,Sheriff,,,Under Votes,15,5,9,1,0
Bullitt,B103,Sheriff,,,Over Votes,0,0,0,0,0
Bullitt,B103,Jailer,,,John A. CLAYPOOLE II.,13,1,12,0,0
Bullitt,B103,Jailer,,,Bryan WHITTAKER,143,32,108,3,0
Bullitt,B103,Jailer,,,Dewey Wayne McMILLEN,32,12,20,0,0
Bullitt,B103,Jailer,,,Under Votes,24,8,15,1,0
Bullitt,B103,Jailer,,,Over Votes,0,0,0,0,0
Bullitt,B103,County Surveyor,,,Alan HARTLEY,80,18,61,1,0
Bullitt,B103,County Surveyor,,,William HARNED,81,20,60,1,0
Bullitt,B103,County Surveyor,,,Under Votes,51,15,34,2,0
Bullitt,B103,County Surveyor,,,Over Votes,0,0,0,0,0
Bullitt,B103,Magistrate,,,Gary LAWSON,87,18,67,2,0
Bullitt,B103,Magistrate,,,Bruce GOODEN,100,30,69,1,0
Bullitt,B103,Magistrate,,,Under Votes,24,5,18,1,0
Bullitt,B103,Magistrate,,,Over Votes,1,0,1,0,0
Bullitt,B103,Constable,,,Eric W. SULLIVAN,61,17,43,1,0
Bullitt,B103,Constable,,,Paul Kent ROBY,69,17,50,2,0
Bullitt,B103,Constable,,,Andrew M. LUTZ,19,2,17,0,0
Bullitt,B103,Constable,,,John CAULEY,21,5,16,0,0
Bullitt,B103,Constable,,,Under Votes,42,12,29,1,0
Bullitt,B103,Constable,,,Over Votes,0,0,0,0,0
Bullitt,B103,U.S. Senate,,Democratic,Logan FORSYTHE,3,0,3,0,0
Bullitt,B103,U.S. Senate,,Democratic,Amy McGRATH,48,15,28,5,0
Bullitt,B103,U.S. Senate,,Democratic,Dale Lewis ROMANS,5,1,3,1,0
Bullitt,B103,U.S. Senate,,Democratic,Joshua BLANTON SR.,4,2,2,0,0
Bullitt,B103,U.S. Senate,,Democratic,Vincent Anthony THOMPSON,0,0,0,0,0
Bullitt,B103,U.S. Senate,,Democratic,Charles BOOKER,26,2,19,5,0
Bullitt,B103,U.S. Senate,,Democratic,Pamela STEVENSON,3,1,2,0,0
Bullitt,B103,U.S. House,2,Democratic,David S. HATFIELD,16,6,9,1,0
Bullitt,B103,U.S. House,2,Democratic,Megan WINGFIELD,31,7,22,2,0
Bullitt,B103,U.S. House,2,Democratic,Hank LINDERMAN,19,4,11,4,0
Bullitt,B103,U.S. House,2,Democratic,William Dakota COMPTON,16,2,11,3,0
Bullitt,B104,U.S. Senate,,Republican,Anissa CATLETT,0,0,0,0,0
Bullitt,B104,U.S. Senate,,Republican,A. Nick SHELLEY,0,0,0,0,0
Bullitt,B104,U.S. Senate,,Republican,"Valerie ""Dr Val"" FREDRICK",4,0,4,0,0
Bullitt,B104,U.S. Senate,,Republican,Michael James FARIS,6,3,3,0,0
Bullitt,B104,U.S. Senate,,Republican,Nate MORRIS,12,2,10,0,0
Bullitt,B104,U.S. Senate,,Republican,Other Donald WENZEL,1,0,1,0,0
Bullitt,B104,U.S. Senate,,Republican,Jonathan M. HOLLIDAY,2,1,1,0,0
Bullitt,B104,U.S. Senate,,Republican,George WASHINGTON,4,0,4,0,0
Bullitt,B104,U.S. Senate,,Republican,Andy BARR,220,38,176,6,0
Bullitt,B104,U.S. Senate,,Republican,Daniel CAMERON,131,44,85,2,0
Bullitt,B104,U.S. Senate,,Republican,Jimmy I. LEON,2,0,2,0,0
Bullitt,B104,U.S. Senate,,Republican,James D. DUNCAN,1,0,1,0,0
Bullitt,B104,U.S. Senate,,,Under Votes,10,3,6,1,0
Bullitt,B104,U.S. Senate,,,Over Votes,0,0,0,0,0
Bullitt,B104,Ballots Cast,,,,548,,,,
Bullitt,B104,U.S. House,2,Republican,"G. ""Shay"" PERRY-ADELMANN",24,5,19,0,0
Bullitt,B104,U.S. House,2,Republican,S. Brett GUTHRIE,298,71,219,8,0
Bullitt,B104,U.S. House,2,Republican,Joshua M. FERGUSON,34,6,27,1,0
Bullitt,B104,U.S. House,2,,Under Votes,41,12,29,0,0
Bullitt,B104,U.S. House,2,,Over Votes,0,0,0,0,0
Bullitt,B104,County Judge/Executive,,,"Jerral ""Jerry"" SUMMERS",211,49,154,8,0
Bullitt,B104,County Judge/Executive,,,Shelia METCALFE,65,10,55,0,0
Bullitt,B104,County Judge/Executive,,,Tony THOMPSON,67,18,49,0,0
Bullitt,B104,County Judge/Executive,,,Under Votes,46,13,32,1,0
Bullitt,B104,County Judge/Executive,,,Over Votes,0,0,0,0,0
Bullitt,B104,County Clerk,,,Mark WILLIAMS,38,5,29,4,0
Bullitt,B104,County Clerk,,,Allen MARICLE,35,5,30,0,0
Bullitt,B104,County Clerk,,,"Debra ""Debbie"" JOHNSON",92,22,70,0,0
Bullitt,B104,County Clerk,,,Cody WATERS,53,14,39,0,0
Bullitt,B104,County Clerk,,,Sheri WEBBER,69,22,45,2,0
Bullitt,B104,County Clerk,,,Rita PARSONS,40,11,27,2,0
Bullitt,B104,County Clerk,,,Under Votes,62,11,50,1,0
Bullitt,B104,County Clerk,,,Over Votes,0,0,0,0,0
Bullitt,B104,Sheriff,,,Walt SHOLAR,253,66,178,9,0
Bullitt,B104,Sheriff,,,Kenneth L. PROFFITT,95,14,81,0,0
Bullitt,B104,Sheriff,,,Under Votes,41,10,31,0,0
Bullitt,B104,Sheriff,,,Over Votes,0,0,0,0,0
Bullitt,B104,Jailer,,,John A. CLAYPOOLE II.,33,6,27,0,0
Bullitt,B104,Jailer,,,Bryan WHITTAKER,202,50,144,8,0
Bullitt,B104,Jailer,,,Dewey Wayne McMILLEN,89,21,68,0,0
Bullitt,B104,Jailer,,,Under Votes,64,12,51,1,0
Bullitt,B104,Jailer,,,Over Votes,1,1,0,0,0
Bullitt,B104,County Surveyor,,,Alan HARTLEY,132,35,93,4,0
Bullitt,B104,County Surveyor,,,William HARNED,138,26,109,3,0
Bullitt,B104,County Surveyor,,,Under Votes,119,29,88,2,0
Bullitt,B104,County Surveyor,,,Over Votes,0,0,0,0,0
Bullitt,B104,Magistrate,,,Gary LAWSON,160,41,111,8,0
Bullitt,B104,Magistrate,,,Bruce GOODEN,150,37,113,0,0
Bullitt,B104,Magistrate,,,Under Votes,79,12,66,1,0
Bullitt,B104,Magistrate,,,Over Votes,0,0,0,0,0
Bullitt,B104,Constable,,,Eric W. SULLIVAN,72,13,57,2,0
Bullitt,B104,Constable,,,Paul Kent ROBY,130,36,92,2,0
Bullitt,B104,Constable,,,Andrew M. LUTZ,56,13,40,3,0
Bullitt,B104,Constable,,,John CAULEY,29,5,24,0,0
Bullitt,B104,Constable,,,Under Votes,102,23,77,2,0
Bullitt,B104,Constable,,,Over Votes,0,0,0,0,0
Bullitt,B104,U.S. Senate,,Democratic,Logan FORSYTHE,9,2,7,0,0
Bullitt,B104,U.S. Senate,,Democratic,Amy McGRATH,80,23,52,5,0
Bullitt,B104,U.S. Senate,,Democratic,Dale Lewis ROMANS,11,2,9,0,0
Bullitt,B104,U.S. Senate,,Democratic,Joshua BLANTON SR.,1,0,1,0,0
Bullitt,B104,U.S. Senate,,Democratic,Vincent Anthony THOMPSON,2,1,1,0,0
Bullitt,B104,U.S. Senate,,Democratic,Charles BOOKER,41,9,32,0,0
Bullitt,B104,U.S. Senate,,Democratic,Pamela STEVENSON,11,5,5,1,0
Bullitt,B104,U.S. House,2,Democratic,David S. HATFIELD,34,10,22,2,0
Bullitt,B104,U.S. House,2,Democratic,Megan WINGFIELD,53,13,39,1,0
Bullitt,B104,U.S. House,2,Democratic,Hank LINDERMAN,38,10,26,2,0
Bullitt,B104,U.S. House,2,Democratic,William Dakota COMPTON,26,6,19,1,0
Bullitt,B108,U.S. Senate,,Republican,Anissa CATLETT,2,2,0,0,0
Bullitt,B108,U.S. Senate,,Republican,A. Nick SHELLEY,2,0,2,0,0
Bullitt,B108,U.S. Senate,,Republican,"Valerie ""Dr Val"" FREDRICK",2,1,1,0,0
Bullitt,B108,U.S. Senate,,Republican,Michael James FARIS,4,2,2,0,0
Bullitt,B108,U.S. Senate,,Republican,Nate MORRIS,7,1,6,0,0
Bullitt,B108,U.S. Senate,,Republican,Other Donald WENZEL,0,0,0,0,0
Bullitt,B108,U.S. Senate,,Republican,Jonathan M. HOLLIDAY,6,0,6,0,0
Bullitt,B108,U.S. Senate,,Republican,George WASHINGTON,2,1,1,0,0
Bullitt,B108,U.S. Senate,,Republican,Andy BARR,184,63,119,1,1
Bullitt,B108,U.S. Senate,,Republican,Daniel CAMERON,113,29,83,0,1
Bullitt,B108,U.S. Senate,,Republican,Jimmy I. LEON,0,0,0,0,0
Bullitt,B108,U.S. Senate,,Republican,James D. DUNCAN,2,1,1,0,0
Bullitt,B108,U.S. Senate,,,Under Votes,5,3,2,0,0
Bullitt,B108,U.S. Senate,,,Over Votes,0,0,0,0,0
Bullitt,B108,Ballots Cast,,,,471,,,,
Bullitt,B108,U.S. House,2,Republican,"G. ""Shay"" PERRY-ADELMANN",11,4,7,0,0
Bullitt,B108,U.S. House,2,Republican,S. Brett GUTHRIE,258,83,173,0,2
Bullitt,B108,U.S. House,2,Republican,Joshua M. FERGUSON,32,9,22,1,0
Bullitt,B108,U.S. House,2,,Under Votes,33,7,26,0,0
Bullitt,B108,U.S. House,2,,Over Votes,1,0,0,1,0
Bullitt,B108,County Judge/Executive,,,"Jerral ""Jerry"" SUMMERS",158,63,94,0,1
Bullitt,B108,County Judge/Executive,,,Shelia METCALFE,52,10,42,0,0
Bullitt,B108,County Judge/Executive,,,Tony THOMPSON,84,20,62,1,1
Bullitt,B108,County Judge/Executive,,,Under Votes,35,10,25,0,0
Bullitt,B108,County Judge/Executive,,,Over Votes,0,0,0,0,0
Bullitt,B108,County Clerk,,,Mark WILLIAMS,20,5,15,0,0
Bullitt,B108,County Clerk,,,Allen MARICLE,22,7,15,0,0
Bullitt,B108,County Clerk,,,"Debra ""Debbie"" JOHNSON",58,17,41,0,0
Bullitt,B108,County Clerk,,,Cody WATERS,76,29,46,1,0
Bullitt,B108,County Clerk,,,Sheri WEBBER,84,30,53,0,1
Bullitt,B108,County Clerk,,,Rita PARSONS,28,6,21,0,1
Bullitt,B108,County Clerk,,,Under Votes,41,9,32,0,0
Bullitt,B108,County Clerk,,,Over Votes,0,0,0,0,0
Bullitt,B108,Sheriff,,,Walt SHOLAR,228,78,148,0,2
Bullitt,B108,Sheriff,,,Kenneth L. PROFFITT,80,19,60,1,0
Bullitt,B108,Sheriff,,,Under Votes,21,6,15,0,0
Bullitt,B108,Sheriff,,,Over Votes,0,0,0,0,0
Bullitt,B108,Jailer,,,John A. CLAYPOOLE II.,16,2,14,0,0
Bullitt,B108,Jailer,,,Bryan WHITTAKER,209,64,145,0,0
Bullitt,B108,Jailer,,,Dewey Wayne McMILLEN,64,25,36,1,2
Bullitt,B108,Jailer,,,Under Votes,40,12,28,0,0
Bullitt,B108,Jailer,,,Over Votes,0,0,0,0,0
Bullitt,B108,County Surveyor,,,Alan HARTLEY,97,23,73,1,0
Bullitt,B108,County Surveyor,,,William HARNED,148,52,94,0,2
Bullitt,B108,County Surveyor,,,Under Votes,84,28,56,0,0
Bullitt,B108,County Surveyor,,,Over Votes,0,0,0,0,0
Bullitt,B108,Magistrate,,,Gary LAWSON,129,41,88,0,0
Bullitt,B108,Magistrate,,,Bruce GOODEN,156,48,105,1,2
Bullitt,B108,Magistrate,,,Under Votes,44,14,30,0,0
Bullitt,B108,Magistrate,,,Over Votes,0,0,0,0,0
Bullitt,B108,Constable,,,Eric W. SULLIVAN,87,20,67,0,0
Bullitt,B108,Constable,,,Paul Kent ROBY,83,25,57,0,1
Bullitt,B108,Constable,,,Andrew M. LUTZ,47,13,34,0,0
Bullitt,B108,Constable,,,John CAULEY,34,14,18,1,1
Bullitt,B108,Constable,,,Under Votes,78,31,47,0,0
Bullitt,B108,Constable,,,Over Votes,0,0,0,0,0
Bullitt,B108,U.S. Senate,,Democratic,Logan FORSYTHE,5,1,4,0,0
Bullitt,B108,U.S. Senate,,Democratic,Amy McGRATH,60,25,31,2,2
Bullitt,B108,U.S. Senate,,Democratic,Dale Lewis ROMANS,7,3,4,0,0
Bullitt,B108,U.S. Senate,,Democratic,Joshua BLANTON SR.,1,1,0,0,0
Bullitt,B108,U.S. Senate,,Democratic,Vincent Anthony THOMPSON,3,0,3,0,0
Bullitt,B108,U.S. Senate,,Democratic,Charles BOOKER,58,12,46,0,0
Bullitt,B108,U.S. Senate,,Democratic,Pamela STEVENSON,8,3,5,0,0
Bullitt,B108,U.S. House,2,Democratic,David S. HATFIELD,28,12,16,0,0
Bullitt,B108,U.S. House,2,Democratic,Megan WINGFIELD,52,15,36,1,0
Bullitt,B108,U.S. House,2,Democratic,Hank LINDERMAN,31,12,19,0,0
Bullitt,B108,U.S. House,2,Democratic,William Dakota COMPTON,25,6,17,0,2
Bullitt,B109,U.S. Senate,,Republican,Anissa CATLETT,2,1,1,0,0
Bullitt,B109,U.S. Senate,,Republican,A. Nick SHELLEY,1,0,1,0,0
Bullitt,B109,U.S. Senate,,Republican,"Valerie ""Dr Val"" FREDRICK",1,1,0,0,0
Bullitt,B109,U.S. Senate,,Republican,Michael James FARIS,9,2,7,0,0
Bullitt,B109,U.S. Senate,,Republican,Nate MORRIS,9,0,9,0,0
Bullitt,B109,U.S. Senate,,Republican,Other Donald WENZEL,1,0,1,0,0
Bullitt,B109,U.S. Senate,,Republican,Jonathan M. HOLLIDAY,0,0,0,0,0
Bullitt,B109,U.S. Senate,,Republican,George WASHINGTON,4,0,4,0,0
Bullitt,B109,U.S. Senate,,Republican,Andy BARR,160,41,119,0,0
Bullitt,B109,U.S. Senate,,Republican,Daniel CAMERON,114,20,93,1,0
Bullitt,B109,U.S. Senate,,Republican,Jimmy I. LEON,0,0,0,0,0
Bullitt,B109,U.S. Senate,,Republican,James D. DUNCAN,0,0,0,0,0
Bullitt,B109,U.S. Senate,,,Under Votes,6,0,6,0,0
Bullitt,B109,U.S. Senate,,,Over Votes,0,0,0,0,0
Bullitt,B109,Ballots Cast,,,,456,,,,
Bullitt,B109,U.S. House,2,Republican,"G. ""Shay"" PERRY-ADELMANN",14,0,14,0,0
Bullitt,B109,U.S. House,2,Republican,S. Brett GUTHRIE,235,57,177,1,0
Bullitt,B109,U.S. House,2,Republican,Joshua M. FERGUSON,30,4,26,0,0
Bullitt,B109,U.S. House,2,,Under Votes,36,4,32,0,0
Bullitt,B109,U.S. House,2,,Over Votes,0,0,0,0,0
Bullitt,B109,County Judge/Executive,,,"Jerral ""Jerry"" SUMMERS",138,34,103,1,0
Bullitt,B109,County Judge/Executive,,,Shelia METCALFE,48,10,38,0,0
Bullitt,B109,County Judge/Executive,,,Tony THOMPSON,74,12,62,0,0
Bullitt,B109,County Judge/Executive,,,Under Votes,43,9,34,0,0
Bullitt,B109,County Judge/Executive,,,Over Votes,0,0,0,0,0
Bullitt,B109,County Clerk,,,Mark WILLIAMS,24,6,17,1,0
Bullitt,B109,County Clerk,,,Allen MARICLE,12,5,7,0,0
Bullitt,B109,County Clerk,,,"Debra ""Debbie"" JOHNSON",72,8,64,0,0
Bullitt,B109,County Clerk,,,Cody WATERS,43,10,33,0,0
Bullitt,B109,County Clerk,,,Sheri WEBBER,90,27,63,0,0
Bullitt,B109,County Clerk,,,Rita PARSONS,25,2,23,0,0
Bullitt,B109,County Clerk,,,Under Votes,37,7,30,0,0
Bullitt,B109,County Clerk,,,Over Votes,0,0,0,0,0
Bullitt,B109,Sheriff,,,Walt SHOLAR,204,50,153,1,0
Bullitt,B109,Sheriff,,,Kenneth L. PROFFITT,67,11,56,0,0
Bullitt,B109,Sheriff,,,Under Votes,32,4,28,0,0
Bullitt,B109,Sheriff,,,Over Votes,0,0,0,0,0
Bullitt,B109,Jailer,,,John A. CLAYPOOLE II.,17,4,13,0,0
Bullitt,B109,Jailer,,,Bryan WHITTAKER,187,41,145,1,0
Bullitt,B109,Jailer,,,Dewey Wayne McMILLEN,49,10,39,0,0
Bullitt,B109,Jailer,,,Under Votes,50,10,40,0,0
Bullitt,B109,Jailer,,,Over Votes,0,0,0,0,0
Bullitt,B109,County Surveyor,,,Alan HARTLEY,100,24,76,0,0
Bullitt,B109,County Surveyor,,,William HARNED,121,24,96,1,0
Bullitt,B109,County Surveyor,,,Under Votes,82,17,65,0,0
Bullitt,B109,County Surveyor,,,Over Votes,0,0,0,0,0
Bullitt,B109,Magistrate,,,Gary LAWSON,143,26,116,1,0
Bullitt,B109,Magistrate,,,Bruce GOODEN,103,27,76,0,0
Bullitt,B109,Magistrate,,,Under Votes,57,12,45,0,0
Bullitt,B109,Magistrate,,,Over Votes,0,0,0,0,0
Bullitt,B109,Constable,,,Eric W. SULLIVAN,78,16,62,0,0
Bullitt,B109,Constable,,,Paul Kent ROBY,59,13,45,1,0
Bullitt,B109,Constable,,,Andrew M. LUTZ,28,7,21,0,0
Bullitt,B109,Constable,,,John CAULEY,65,16,49,0,0
Bullitt,B109,Constable,,,Under Votes,73,13,60,0,0
Bullitt,B109,Constable,,,Over Votes,0,0,0,0,0
Bullitt,B109,U.S. Senate,,Democratic,Logan FORSYTHE,8,3,5,0,0
Bullitt,B109,U.S. Senate,,Democratic,Amy McGRATH,73,18,49,5,1
Bullitt,B109,U.S. Senate,,Democratic,Dale Lewis ROMANS,13,3,9,1,0
Bullitt,B109,U.S. Senate,,Democratic,Joshua BLANTON SR.,0,0,0,0,0
Bullitt,B109,U.S. Senate,,Democratic,Vincent Anthony THOMPSON,2,0,2,0,0
Bullitt,B109,U.S. Senate,,Democratic,Charles BOOKER,51,11,37,3,0
Bullitt,B109,U.S. Senate,,Democratic,Pamela STEVENSON,2,0,2,0,0
Bullitt,B109,U.S. House,2,Democratic,David S. HATFIELD,32,6,25,1,0
Bullitt,B109,U.S. House,2,Democratic,Megan WINGFIELD,54,13,38,2,1
Bullitt,B109,U.S. House,2,Democratic,Hank LINDERMAN,30,9,20,1,0
Bullitt,B109,U.S. House,2,Democratic,William Dakota COMPTON,25,7,13,5,0
Bullitt,B110,U.S. Senate,,Republican,Anissa CATLETT,1,1,0,0,0
Bullitt,B110,U.S. Senate,,Republican,A. Nick SHELLEY,1,0,1,0,0
Bullitt,B110,U.S. Senate,,Republican,"Valerie ""Dr Val"" FREDRICK",1,1,0,0,0
Bullitt,B110,U.S. Senate,,Republican,Michael James FARIS,1,0,1,0,0
Bullitt,B110,U.S. Senate,,Republican,Nate MORRIS,9,2,6,1,0
Bullitt,B110,U.S. Senate,,Republican,Other Donald WENZEL,0,0,0,0,0
Bullitt,B110,U.S. Senate,,Republican,Jonathan M. HOLLIDAY,0,0,0,0,0
Bullitt,B110,U.S. Senate,,Republican,George WASHINGTON,4,2,2,0,0
Bullitt,B110,U.S. Senate,,Republican,Andy BARR,87,20,65,2,0
Bullitt,B110,U.S. Senate,,Republican,Daniel CAMERON,79,17,62,0,0
Bullitt,B110,U.S. Senate,,Republican,Jimmy I. LEON,0,0,0,0,0
Bullitt,B110,U.S. Senate,,Republican,James D. DUNCAN,0,0,0,0,0
Bullitt,B110,U.S. Senate,,,Under Votes,1,0,1,0,0
Bullitt,B110,U.S. Senate,,,Over Votes,0,0,0,0,0
Bullitt,B110,Ballots Cast,,,,276,,,,
Bullitt,B110,U.S. House,2,Republican,"G. ""Shay"" PERRY-ADELMANN",13,2,11,0,0
Bullitt,B110,U.S. House,2,Republican,S. Brett GUTHRIE,148,36,109,3,0
Bullitt,B110,U.S. House,2,Republican,Joshua M. FERGUSON,15,3,12,0,0
Bullitt,B110,U.S. House,2,,Under Votes,12,3,9,0,0
Bullitt,B110,U.S. House,2,,Over Votes,0,0,0,0,0
Bullitt,B110,County Judge/Executive,,,"Jerral ""Jerry"" SUMMERS",88,24,61,3,0
Bullitt,B110,County Judge/Executive,,,Shelia METCALFE,39,10,29,0,0
Bullitt,B110,County Judge/Executive,,,Tony THOMPSON,47,9,38,0,0
Bullitt,B110,County Judge/Executive,,,Under Votes,10,0,10,0,0
Bullitt,B110,County Judge/Executive,,,Over Votes,0,0,0,0,0
Bullitt,B110,County Clerk,,,Mark WILLIAMS,11,2,7,2,0
Bullitt,B110,County Clerk,,,Allen MARICLE,12,5,7,0,0
Bullitt,B110,County Clerk,,,"Debra ""Debbie"" JOHNSON",44,4,39,1,0
Bullitt,B110,County Clerk,,,Cody WATERS,44,18,26,0,0
Bullitt,B110,County Clerk,,,Sheri WEBBER,49,7,42,0,0
Bullitt,B110,County Clerk,,,Rita PARSONS,16,6,10,0,0
Bullitt,B110,County Clerk,,,Under Votes,8,1,7,0,0
Bullitt,B110,County Clerk,,,Over Votes,0,0,0,0,0
Bullitt,B110,Sheriff,,,Walt SHOLAR,121,25,94,2,0
Bullitt,B110,Sheriff,,,Kenneth L. PROFFITT,57,18,38,1,0
Bullitt,B110,Sheriff,,,Under Votes,6,0,6,0,0
Bullitt,B110,Sheriff,,,Over Votes,0,0,0,0,0
Bullitt,B110,Jailer,,,John A. CLAYPOOLE II.,8,2,6,0,0
Bullitt,B110,Jailer,,,Bryan WHITTAKER,105,21,82,2,0
Bullitt,B110,Jailer,,,Dewey Wayne McMILLEN,62,19,42,1,0
Bullitt,B110,Jailer,,,Under Votes,9,1,8,0,0
Bullitt,B110,Jailer,,,Over Votes,0,0,0,0,0
Bullitt,B110,County Surveyor,,,Alan HARTLEY,72,12,58,2,0
Bullitt,B110,County Surveyor,,,William HARNED,89,29,59,1,0
Bullitt,B110,County Surveyor,,,Under Votes,23,2,21,0,0
Bullitt,B110,County Surveyor,,,Over Votes,0,0,0,0,0
Bullitt,B110,Magistrate,,,Gary LAWSON,88,16,70,2,0
Bullitt,B110,Magistrate,,,Bruce GOODEN,82,25,56,1,0
Bullitt,B110,Magistrate,,,Under Votes,14,2,12,0,0
Bullitt,B110,Magistrate,,,Over Votes,0,0,0,0,0
Bullitt,B110,Constable,,,Eric W. SULLIVAN,44,10,34,0,0
Bullitt,B110,Constable,,,Paul Kent ROBY,75,18,57,0,0
Bullitt,B110,Constable,,,Andrew M. LUTZ,30,10,18,2,0
Bullitt,B110,Constable,,,John CAULEY,19,2,16,1,0
Bullitt,B110,Constable,,,Under Votes,16,3,13,0,0
Bullitt,B110,Constable,,,Over Votes,0,0,0,0,0
Bullitt,B110,U.S. Senate,,Democratic,Logan FORSYTHE,1,0,1,0,0
Bullitt,B110,U.S. Senate,,Democratic,Amy McGRATH,43,8,31,4,0
Bullitt,B110,U.S. Senate,,Democratic,Dale Lewis ROMANS,4,4,0,0,0
Bullitt,B110,U.S. Senate,,Democratic,Joshua BLANTON SR.,2,1,1,0,0
Bullitt,B110,U.S. Senate,,Democratic,Vincent Anthony THOMPSON,6,0,6,0,0
Bullitt,B110,U.S. Senate,,Democratic,Charles BOOKER,32,5,23,3,1
Bullitt,B110,U.S. Senate,,Democratic,Pamela STEVENSON,4,2,2,0,0
Bullitt,B110,U.S. House,2,Democratic,David S. HATFIELD,21,3,17,1,0
Bullitt,B110,U.S. House,2,Democratic,Megan WINGFIELD,39,9,26,3,1
Bullitt,B110,U.S. House,2,Democratic,Hank LINDERMAN,22,6,13,3,0
Bullitt,B110,U.S. House,2,Democratic,William Dakota COMPTON,6,1,5,0,0
Bullitt,B111,U.S. Senate,,Republican,Anissa CATLETT,3,2,1,0,0
Bullitt,B111,U.S. Senate,,Republican,A. Nick SHELLEY,2,0,2,0,0
Bullitt,B111,U.S. Senate,,Republican,"Valerie ""Dr Val"" FREDRICK",2,0,2,0,0
Bullitt,B111,U.S. Senate,,Republican,Michael James FARIS,9,5,4,0,0
Bullitt,B111,U.S. Senate,,Republican,Nate MORRIS,17,5,11,1,0
Bullitt,B111,U.S. Senate,,Republican,Other Donald WENZEL,0,0,0,0,0
Bullitt,B111,U.S. Senate,,Republican,Jonathan M. HOLLIDAY,4,2,2,0,0
Bullitt,B111,U.S. Senate,,Republican,George WASHINGTON,4,1,3,0,0
Bullitt,B111,U.S. Senate,,Republican,Andy BARR,195,51,140,4,0
Bullitt,B111,U.S. Senate,,Republican,Daniel CAMERON,137,41,95,0,1
Bullitt,B111,U.S. Senate,,Republican,Jimmy I. LEON,0,0,0,0,0
Bullitt,B111,U.S. Senate,,Republican,James D. DUNCAN,2,0,2,0,0
Bullitt,B111,U.S. Senate,,,Under Votes,9,3,6,0,0
Bullitt,B111,U.S. Senate,,,Over Votes,0,0,0,0,0
Bullitt,B111,Ballots Cast,,,,567,,,,
Bullitt,B111,U.S. House,2,Republican,"G. ""Shay"" PERRY-ADELMANN",20,3,17,0,0
Bullitt,B111,U.S. House,2,Republican,S. Brett GUTHRIE,304,91,208,4,1
Bullitt,B111,U.S. House,2,Republican,Joshua M. FERGUSON,36,8,27,1,0
Bullitt,B111,U.S. House,2,,Under Votes,29,10,19,0,0
Bullitt,B111,U.S. House,2,,Over Votes,0,0,0,0,0
Bullitt,B111,County Judge/Executive,,,"Jerral ""Jerry"" SUMMERS",194,58,134,1,1
Bullitt,B111,County Judge/Executive,,,Shelia METCALFE,55,16,39,0,0
Bullitt,B111,County Judge/Executive,,,Tony THOMPSON,99,23,74,2,0
Bullitt,B111,County Judge/Executive,,,Under Votes,32,13,17,2,0
Bullitt,B111,County Judge/Executive,,,Over Votes,0,0,0,0,0
Bullitt,B111,County Clerk,,,Mark WILLIAMS,43,14,29,0,0
Bullitt,B111,County Clerk,,,Allen MARICLE,22,7,14,1,0
Bullitt,B111,County Clerk,,,"Debra ""Debbie"" JOHNSON",85,14,71,0,0
Bullitt,B111,County Clerk,,,Cody WATERS,78,20,58,0,0
Bullitt,B111,County Clerk,,,Sheri WEBBER,92,41,51,0,0
Bullitt,B111,County Clerk,,,Rita PARSONS,29,6,20,2,1
Bullitt,B111,County Clerk,,,Under Votes,31,8,21,2,0
Bullitt,B111,County Clerk,,,Over Votes,0,0,0,0,0
Bullitt,B111,Sheriff,,,Walt SHOLAR,261,77,181,2,1
Bullitt,B111,Sheriff,,,Kenneth L. PROFFITT,98,25,72,1,0
Bullitt,B111,Sheriff,,,Under Votes,21,8,11,2,0
Bullitt,B111,Sheriff,,,Over Votes,0,0,0,0,0
Bullitt,B111,Jailer,,,John A. CLAYPOOLE II.,31,7,23,1,0
Bullitt,B111,Jailer,,,Bryan WHITTAKER,228,53,173,1,1
Bullitt,B111,Jailer,,,Dewey Wayne McMILLEN,79,34,44,1,0
Bullitt,B111,Jailer,,,Under Votes,42,16,24,2,0
Bullitt,B111,Jailer,,,Over Votes,0,0,0,0,0
Bullitt,B111,County Surveyor,,,Alan HARTLEY,139,40,98,1,0
Bullitt,B111,County Surveyor,,,William HARNED,173,46,124,2,1
Bullitt,B111,County Surveyor,,,Under Votes,68,24,42,2,0
Bullitt,B111,County Surveyor,,,Over Votes,0,0,0,0,0
Bullitt,B111,Magistrate,,,Gary LAWSON,162,54,105,2,1
Bullitt,B111,Magistrate,,,Bruce GOODEN,178,44,133,1,0
Bullitt,B111,Magistrate,,,Under Votes,40,12,26,2,0
Bullitt,B111,Magistrate,,,Over Votes,0,0,0,0,0
Bullitt,B111,Constable,,,Eric W. SULLIVAN,104,26,76,2,0
Bullitt,B111,Constable,,,Paul Kent ROBY,140,44,94,1,1
Bullitt,B111,Constable,,,Andrew M. LUTZ,34,14,20,0,0
Bullitt,B111,Constable,,,John CAULEY,36,7,29,0,0
Bullitt,B111,Constable,,,Under Votes,66,19,45,2,0
Bullitt,B111,Constable,,,Over Votes,0,0,0,0,0
Bullitt,B111,U.S. Senate,,Democratic,Logan FORSYTHE,6,2,4,0,0
Bullitt,B111,U.S. Senate,,Democratic,Amy McGRATH,91,38,50,3,0
Bullitt,B111,U.S. Senate,,Democratic,Dale Lewis ROMANS,18,5,13,0,0
Bullitt,B111,U.S. Senate,,Democratic,Joshua BLANTON SR.,4,1,3,0,0
Bullitt,B111,U.S. Senate,,Democratic,Vincent Anthony THOMPSON,2,0,1,1,0
Bullitt,B111,U.S. Senate,,Democratic,Charles BOOKER,54,18,33,3,0
Bullitt,B111,U.S. Senate,,Democratic,Pamela STEVENSON,8,5,2,1,0
Bullitt,B111,U.S. House,2,Democratic,David S. HATFIELD,43,13,28,2,0
Bullitt,B111,U.S. House,2,Democratic,Megan WINGFIELD,76,29,45,2,0
Bullitt,B111,U.S. House,2,Democratic,Hank LINDERMAN,21,8,13,0,0
Bullitt,B111,U.S. House,2,Democratic,William Dakota COMPTON,38,17,17,4,0
Bullitt,B112,U.S. Senate,,Republican,Anissa CATLETT,1,0,1,0,0
Bullitt,B112,U.S. Senate,,Republican,A. Nick SHELLEY,1,0,1,0,0
Bullitt,B112,U.S. Senate,,Republican,"Valerie ""Dr Val"" FREDRICK",0,0,0,0,0
Bullitt,B112,U.S. Senate,,Republican,Michael James FARIS,3,0,3,0,0
Bullitt,B112,U.S. Senate,,Republican,Nate MORRIS,3,0,3,0,0
Bullitt,B112,U.S. Senate,,Republican,Other Donald WENZEL,1,0,1,0,0
Bullitt,B112,U.S. Senate,,Republican,Jonathan M. HOLLIDAY,1,1,0,0,0
Bullitt,B112,U.S. Senate,,Republican,George WASHINGTON,1,1,0,0,0
Bullitt,B112,U.S. Senate,,Republican,Andy BARR,73,11,61,1,0
Bullitt,B112,U.S. Senate,,Republican,Daniel CAMERON,50,8,42,0,0
Bullitt,B112,U.S. Senate,,Republican,Jimmy I. LEON,0,0,0,0,0
Bullitt,B112,U.S. Senate,,Republican,James D. DUNCAN,2,0,2,0,0
Bullitt,B112,U.S. Senate,,,Under Votes,0,0,0,0,0
Bullitt,B112,U.S. Senate,,,Over Votes,0,0,0,0,0
Bullitt,B112,Ballots Cast,,,,200,,,,
Bullitt,B112,U.S. House,2,Republican,"G. ""Shay"" PERRY-ADELMANN",6,1,5,0,0
Bullitt,B112,U.S. House,2,Republican,S. Brett GUTHRIE,102,16,85,1,0
Bullitt,B112,U.S. House,2,Republican,Joshua M. FERGUSON,17,0,17,0,0
Bullitt,B112,U.S. House,2,,Under Votes,16,4,12,0,0
Bullitt,B112,U.S. House,2,,Over Votes,0,0,0,0,0
Bullitt,B112,County Judge/Executive,,,"Jerral ""Jerry"" SUMMERS",59,11,48,0,0
Bullitt,B112,County Judge/Executive,,,Shelia METCALFE,33,6,26,1,0
Bullitt,B112,County Judge/Executive,,,Tony THOMPSON,27,2,25,0,0
Bullitt,B112,County Judge/Executive,,,Under Votes,17,2,15,0,0
Bullitt,B112,County Judge/Executive,,,Over Votes,0,0,0,0,0
Bullitt,B112,County Clerk,,,Mark WILLIAMS,17,3,14,0,0
Bullitt,B112,County Clerk,,,Allen MARICLE,9,1,8,0,0
Bullitt,B112,County Clerk,,,"Debra ""Debbie"" JOHNSON",26,6,19,1,0
Bullitt,B112,County Clerk,,,Cody WATERS,14,0,14,0,0
Bullitt,B112,County Clerk,,,Sheri WEBBER,36,7,29,0,0
Bullitt,B112,County Clerk,,,Rita PARSONS,18,3,15,0,0
Bullitt,B112,County Clerk,,,Under Votes,16,1,15,0,0
Bullitt,B112,County Clerk,,,Over Votes,0,0,0,0,0
Bullitt,B112,Sheriff,,,Walt SHOLAR,82,14,68,0,0
Bullitt,B112,Sheriff,,,Kenneth L. PROFFITT,42,6,35,1,0
Bullitt,B112,Sheriff,,,Under Votes,12,1,11,0,0
Bullitt,B112,Sheriff,,,Over Votes,0,0,0,0,0
Bullitt,B112,Jailer,,,John A. CLAYPOOLE II.,13,3,9,1,0
Bullitt,B112,Jailer,,,Bryan WHITTAKER,74,10,64,0,0
Bullitt,B112,Jailer,,,Dewey Wayne McMILLEN,27,2,25,0,0
Bullitt,B112,Jailer,,,Under Votes,22,6,16,0,0
Bullitt,B112,Jailer,,,Over Votes,0,0,0,0,0
Bullitt,B112,County Surveyor,,,Alan HARTLEY,53,4,49,0,0
Bullitt,B112,County Surveyor,,,William HARNED,52,10,41,1,0
Bullitt,B112,County Surveyor,,,Under Votes,31,7,24,0,0
Bullitt,B112,County Surveyor,,,Over Votes,0,0,0,0,0
Bullitt,B112,Magistrate,,,Gary LAWSON,50,10,39,1,0
Bullitt,B112,Magistrate,,,Bruce GOODEN,63,4,59,0,0
Bullitt,B112,Magistrate,,,Under Votes,23,7,16,0,0
Bullitt,B112,Magistrate,,,Over Votes,0,0,0,0,0
Bullitt,B112,Constable,,,Eric W. SULLIVAN,29,5,23,1,0
Bullitt,B112,Constable,,,Paul Kent ROBY,46,5,41,0,0
Bullitt,B112,Constable,,,Andrew M. LUTZ,21,3,18,0,0
Bullitt,B112,Constable,,,John CAULEY,12,1,11,0,0
Bullitt,B112,Constable,,,Under Votes,28,7,21,0,0
Bullitt,B112,Constable,,,Over Votes,0,0,0,0,0
Bullitt,B112,U.S. Senate,,Democratic,Logan FORSYTHE,5,0,5,0,0
Bullitt,B112,U.S. Senate,,Democratic,Amy McGRATH,33,8,24,1,0
Bullitt,B112,U.S. Senate,,Democratic,Dale Lewis ROMANS,2,1,1,0,0
Bullitt,B112,U.S. Senate,,Democratic,Joshua BLANTON SR.,0,0,0,0,0
Bullitt,B112,U.S. Senate,,Democratic,Vincent Anthony THOMPSON,0,0,0,0,0
Bullitt,B112,U.S. Senate,,Democratic,Charles BOOKER,24,6,15,3,0
Bullitt,B112,U.S. Senate,,Democratic,Pamela STEVENSON,0,0,0,0,0
Bullitt,B112,U.S. House,2,Democratic,David S. HATFIELD,13,4,9,0,0
Bullitt,B112,U.S. House,2,Democratic,Megan WINGFIELD,32,7,21,4,0
Bullitt,B112,U.S. House,2,Democratic,Hank LINDERMAN,7,1,6,0,0
Bullitt,B112,U.S. House,2,Democratic,William Dakota COMPTON,7,3,4,0,0
Bullitt,B113,U.S. Senate,,Republican,Anissa CATLETT,3,1,2,0,0
Bullitt,B113,U.S. Senate,,Republican,A. Nick SHELLEY,2,0,1,1,0
Bullitt,B113,U.S. Senate,,Republican,"Valerie ""Dr Val"" FREDRICK",2,0,1,1,0
Bullitt,B113,U.S. Senate,,Republican,Michael James FARIS,7,5,2,0,0
Bullitt,B113,U.S. Senate,,Republican,Nate MORRIS,7,3,4,0,0
Bullitt,B113,U.S. Senate,,Republican,Other Donald WENZEL,0,0,0,0,0
Bullitt,B113,U.S. Senate,,Republican,Jonathan M. HOLLIDAY,1,0,1,0,0
Bullitt,B113,U.S. Senate,,Republican,George WASHINGTON,3,1,2,0,0
Bullitt,B113,U.S. Senate,,Republican,Andy BARR,154,45,104,1,4
Bullitt,B113,U.S. Senate,,Republican,Daniel CAMERON,84,19,64,1,0
Bullitt,B113,U.S. Senate,,Republican,Jimmy I. LEON,0,0,0,0,0
Bullitt,B113,U.S. Senate,,Republican,James D. DUNCAN,1,0,1,0,0
Bullitt,B113,U.S. Senate,,,Under Votes,8,0,8,0,0
Bullitt,B113,U.S. Senate,,,Over Votes,0,0,0,0,0
Bullitt,B113,Ballots Cast,,,,393,,,,
Bullitt,B113,U.S. House,2,Republican,"G. ""Shay"" PERRY-ADELMANN",19,4,11,1,3
Bullitt,B113,U.S. House,2,Republican,S. Brett GUTHRIE,210,64,145,0,1
Bullitt,B113,U.S. House,2,Republican,Joshua M. FERGUSON,18,3,13,2,0
Bullitt,B113,U.S. House,2,,Under Votes,28,3,23,2,0
Bullitt,B113,U.S. House,2,,Over Votes,0,0,0,0,0
Bullitt,B113,County Judge/Executive,,,"Jerral ""Jerry"" SUMMERS",127,35,87,1,4
Bullitt,B113,County Judge/Executive,,,Shelia METCALFE,38,10,26,2,0
Bullitt,B113,County Judge/Executive,,,Tony THOMPSON,75,24,51,0,0
Bullitt,B113,County Judge/Executive,,,Under Votes,29,5,23,1,0
Bullitt,B113,County Judge/Executive,,,Over Votes,0,0,0,0,0
Bullitt,B113,County Clerk,,,Mark WILLIAMS,28,9,19,0,0
Bullitt,B113,County Clerk,,,Allen MARICLE,18,7,11,0,0
Bullitt,B113,County Clerk,,,"Debra ""Debbie"" JOHNSON",32,9,19,1,3
Bullitt,B113,County Clerk,,,Cody WATERS,52,14,36,2,0
Bullitt,B113,County Clerk,,,Sheri WEBBER,51,12,38,0,1
Bullitt,B113,County Clerk,,,Rita PARSONS,48,17,31,0,0
Bullitt,B113,County Clerk,,,Under Votes,40,6,33,1,0
Bullitt,B113,County Clerk,,,Over Votes,0,0,0,0,0
Bullitt,B113,Sheriff,,,Walt SHOLAR,173,47,122,2,2
Bullitt,B113,Sheriff,,,Kenneth L. PROFFITT,74,23,48,1,2
Bullitt,B113,Sheriff,,,Under Votes,22,4,17,1,0
Bullitt,B113,Sheriff,,,Over Votes,0,0,0,0,0
Bullitt,B113,Jailer,,,John A. CLAYPOOLE II.,19,4,14,1,0
Bullitt,B113,Jailer,,,Bryan WHITTAKER,159,41,114,1,3
Bullitt,B113,Jailer,,,Dewey Wayne McMILLEN,57,23,33,1,0
Bullitt,B113,Jailer,,,Under Votes,34,6,26,1,1
Bullitt,B113,Jailer,,,Over Votes,0,0,0,0,0
Bullitt,B113,County Surveyor,,,Alan HARTLEY,78,23,50,2,3
Bullitt,B113,County Surveyor,,,William HARNED,131,40,89,1,1
Bullitt,B113,County Surveyor,,,Under Votes,60,11,48,1,0
Bullitt,B113,County Surveyor,,,Over Votes,0,0,0,0,0
Bullitt,B113,Magistrate,,,Gary LAWSON,106,36,66,2,2
Bullitt,B113,Magistrate,,,Bruce GOODEN,131,33,95,1,2
Bullitt,B113,Magistrate,,,Under Votes,32,5,26,1,0
Bullitt,B113,Magistrate,,,Over Votes,0,0,0,0,0
Bullitt,B113,Constable,,,Eric W. SULLIVAN,73,22,49,1,1
Bullitt,B113,Constable,,,Paul Kent ROBY,73,26,44,2,1
Bullitt,B113,Constable,,,Andrew M. LUTZ,36,11,25,0,0
Bullitt,B113,Constable,,,John CAULEY,30,5,24,0,1
Bullitt,B113,Constable,,,Under Votes,56,9,45,1,1
Bullitt,B113,Constable,,,Over Votes,1,1,0,0,0
Bullitt,B113,U.S. Senate,,Democratic,Logan FORSYTHE,3,0,3,0,0
Bullitt,B113,U.S. Senate,,Democratic,Amy McGRATH,50,18,29,3,0
Bullitt,B113,U.S. Senate,,Democratic,Dale Lewis ROMANS,9,2,5,2,0
Bullitt,B113,U.S. Senate,,Democratic,Joshua BLANTON SR.,4,2,2,0,0
Bullitt,B113,U.S. Senate,,Democratic,Vincent Anthony THOMPSON,2,1,1,0,0
Bullitt,B113,U.S. Senate,,Democratic,Charles BOOKER,51,12,39,0,0
Bullitt,B113,U.S. Senate,,Democratic,Pamela STEVENSON,2,1,1,0,0
Bullitt,B113,U.S. House,2,Democratic,David S. HATFIELD,22,5,16,1,0
Bullitt,B113,U.S. House,2,Democratic,Megan WINGFIELD,47,12,33,2,0
Bullitt,B113,U.S. House,2,Democratic,Hank LINDERMAN,34,15,19,0,0
Bullitt,B113,U.S. House,2,Democratic,William Dakota COMPTON,15,4,10,1,0
Bullitt,C101,U.S. Senate,,Republican,Anissa CATLETT,3,0,3,0,0
Bullitt,C101,U.S. Senate,,Republican,A. Nick SHELLEY,1,1,0,0,0
Bullitt,C101,U.S. Senate,,Republican,"Valerie ""Dr Val"" FREDRICK",2,0,2,0,0
Bullitt,C101,U.S. Senate,,Republican,Michael James FARIS,2,0,2,0,0
Bullitt,C101,U.S. Senate,,Republican,Nate MORRIS,7,2,5,0,0
Bullitt,C101,U.S. Senate,,Republican,Other Donald WENZEL,0,0,0,0,0
Bullitt,C101,U.S. Senate,,Republican,Jonathan M. HOLLIDAY,0,0,0,0,0
Bullitt,C101,U.S. Senate,,Republican,George WASHINGTON,4,0,4,0,0
Bullitt,C101,U.S. Senate,,Republican,Andy BARR,77,12,61,4,0
Bullitt,C101,U.S. Senate,,Republican,Daniel CAMERON,48,14,33,1,0
Bullitt,C101,U.S. Senate,,Republican,Jimmy I. LEON,0,0,0,0,0
Bullitt,C101,U.S. Senate,,Republican,James D. DUNCAN,1,0,1,0,0
Bullitt,C101,U.S. Senate,,,Under Votes,5,1,4,0,0
Bullitt,C101,U.S. Senate,,,Over Votes,0,0,0,0,0
Bullitt,C101,Ballots Cast,,,,255,,,,
Bullitt,C101,U.S. House,2,Republican,"G. ""Shay"" PERRY-ADELMANN",8,0,8,0,0
Bullitt,C101,U.S. House,2,Republican,S. Brett GUTHRIE,118,27,86,5,0
Bullitt,C101,U.S. House,2,Republican,Joshua M. FERGUSON,13,1,12,0,0
Bullitt,C101,U.S. House,2,,Under Votes,15,2,13,0,0
Bullitt,C101,U.S. House,2,,Over Votes,0,0,0,0,0
Bullitt,C101,County Judge/Executive,,,"Jerral ""Jerry"" SUMMERS",63,15,43,5,0
Bullitt,C101,County Judge/Executive,,,Shelia METCALFE,34,5,29,0,0
Bullitt,C101,County Judge/Executive,,,Tony THOMPSON,40,5,35,0,0
Bullitt,C101,County Judge/Executive,,,Under Votes,12,4,8,0,0
Bullitt,C101,County Judge/Executive,,,Over Votes,0,0,0,0,0
Bullitt,C101,County Clerk,,,Mark WILLIAMS,15,0,14,1,0
Bullitt,C101,County Clerk,,,Allen MARICLE,11,2,9,0,0
Bullitt,C101,County Clerk,,,"Debra ""Debbie"" JOHNSON",29,7,21,1,0
Bullitt,C101,County Clerk,,,Cody WATERS,17,1,14,2,0
Bullitt,C101,County Clerk,,,Sheri WEBBER,52,17,35,0,0
Bullitt,C101,County Clerk,,,Rita PARSONS,13,2,10,1,0
Bullitt,C101,County Clerk,,,Under Votes,12,0,12,0,0
Bullitt,C101,County Clerk,,,Over Votes,0,0,0,0,0
Bullitt,C101,Sheriff,,,Walt SHOLAR,91,18,68,5,0
Bullitt,C101,Sheriff,,,Kenneth L. PROFFITT,48,11,37,0,0
Bullitt,C101,Sheriff,,,Under Votes,10,0,10,0,0
Bullitt,C101,Sheriff,,,Over Votes,0,0,0,0,0
Bullitt,C101,Jailer,,,John A. CLAYPOOLE II.,8,1,7,0,0
Bullitt,C101,Jailer,,,Bryan WHITTAKER,108,23,80,5,0
Bullitt,C101,Jailer,,,Dewey Wayne McMILLEN,18,4,14,0,0
Bullitt,C101,Jailer,,,Under Votes,15,1,14,0,0
Bullitt,C101,Jailer,,,Over Votes,0,0,0,0,0
Bullitt,C101,County Surveyor,,,Alan HARTLEY,58,12,44,2,0
Bullitt,C101,County Surveyor,,,William HARNED,62,8,51,3,0
Bullitt,C101,County Surveyor,,,Under Votes,29,9,20,0,0
Bullitt,C101,County Surveyor,,,Over Votes,0,0,0,0,0
Bullitt,C101,Magistrate,,,Mike RICE,23,3,20,0,0
Bullitt,C101,Magistrate,,,Gary W. HATCHER,88,21,62,5,0
Bullitt,C101,Magistrate,,,Karen JOHNSON,30,4,26,0,0
Bullitt,C101,Magistrate,,,Under Votes,8,1,7,0,0
Bullitt,C101,Magistrate,,,Over Votes,0,0,0,0,0
Bullitt,C101,U.S. Senate,,Democratic,Logan FORSYTHE,2,0,2,0,0
Bullitt,C101,U.S. Senate,,Democratic,Amy McGRATH,53,13,37,3,0
Bullitt,C101,U.S. Senate,,Democratic,Dale Lewis ROMANS,11,0,11,0,0
Bullitt,C101,U.S. Senate,,Democratic,Joshua BLANTON SR.,5,0,4,1,0
Bullitt,C101,U.S. Senate,,Democratic,Vincent Anthony THOMPSON,0,0,0,0,0
Bullitt,C101,U.S. Senate,,Democratic,Charles BOOKER,32,6,22,4,0
Bullitt,C101,U.S. Senate,,Democratic,Pamela STEVENSON,2,1,1,0,0
Bullitt,C101,U.S. House,2,Democratic,David S. HATFIELD,31,7,21,3,0
Bullitt,C101,U.S. House,2,Democratic,Megan WINGFIELD,39,11,23,5,0
Bullitt,C101,U.S. House,2,Democratic,Hank LINDERMAN,18,2,16,0,0
Bullitt,C101,U.S. House,2,Democratic,William Dakota COMPTON,13,0,13,0,0
Bullitt,C102,U.S. Senate,,Republican,Anissa CATLETT,0,0,0,0,0
Bullitt,C102,U.S. Senate,,Republican,A. Nick SHELLEY,0,0,0,0,0
Bullitt,C102,U.S. Senate,,Republican,"Valerie ""Dr Val"" FREDRICK",0,0,0,0,0
Bullitt,C102,U.S. Senate,,Republican,Michael James FARIS,2,0,2,0,0
Bullitt,C102,U.S. Senate,,Republican,Nate MORRIS,4,1,3,0,0
Bullitt,C102,U.S. Senate,,Republican,Other Donald WENZEL,0,0,0,0,0
Bullitt,C102,U.S. Senate,,Republican,Jonathan M. HOLLIDAY,1,0,1,0,0
Bullitt,C102,U.S. Senate,,Republican,George WASHINGTON,1,0,1,0,0
Bullitt,C102,U.S. Senate,,Republican,Andy BARR,53,12,38,1,2
Bullitt,C102,U.S. Senate,,Republican,Daniel CAMERON,34,6,28,0,0
Bullitt,C102,U.S. Senate,,Republican,Jimmy I. LEON,0,0,0,0,0
Bullitt,C102,U.S. Senate,,Republican,James D. DUNCAN,1,0,1,0,0
Bullitt,C102,U.S. Senate,,,Under Votes,1,0,1,0,0
Bullitt,C102,U.S. Senate,,,Over Votes,1,0,0,1,0
Bullitt,C102,Ballots Cast,,,,139,,,,
Bullitt,C102,U.S. House,2,Republican,"G. ""Shay"" PERRY-ADELMANN",7,0,7,0,0
Bullitt,C102,U.S. House,2,Republican,S. Brett GUTHRIE,74,18,53,1,2
Bullitt,C102,U.S. House,2,Republican,Joshua M. FERGUSON,12,1,11,0,0
Bullitt,C102,U.S. House,2,,Under Votes,7,0,7,0,0
Bullitt,C102,U.S. House,2,,Over Votes,0,0,0,0,0
Bullitt,C102,County Judge/Executive,,,"Jerral ""Jerry"" SUMMERS",32,8,23,1,0
Bullitt,C102,County Judge/Executive,,,Shelia METCALFE,14,2,10,0,2
Bullitt,C102,County Judge/Executive,,,Tony THOMPSON,41,9,32,0,0
Bullitt,C102,County Judge/Executive,,,Under Votes,10,0,10,0,0
Bullitt,C102,County Judge/Executive,,,Over Votes,0,0,0,0,0
Bullitt,C102,County Clerk,,,Mark WILLIAMS,8,1,7,0,0
Bullitt,C102,County Clerk,,,Allen MARICLE,9,3,6,0,0
Bullitt,C102,County Clerk,,,"Debra ""Debbie"" JOHNSON",24,6,17,1,0
Bullitt,C102,County Clerk,,,Cody WATERS,8,1,7,0,0
Bullitt,C102,County Clerk,,,Sheri WEBBER,17,8,9,0,0
Bullitt,C102,County Clerk,,,Rita PARSONS,22,0,20,0,2
Bullitt,C102,County Clerk,,,Under Votes,9,0,9,0,0
Bullitt,C102,County Clerk,,,Over Votes,0,0,0,0,0
Bullitt,C102,Sheriff,,,Walt SHOLAR,61,13,48,0,0
Bullitt,C102,Sheriff,,,Kenneth L. PROFFITT,32,5,25,0,2
Bullitt,C102,Sheriff,,,Under Votes,4,1,2,1,0
Bullitt,C102,Sheriff,,,Over Votes,0,0,0,0,0
Bullitt,C102,Jailer,,,John A. CLAYPOOLE II.,11,1,10,0,0
Bullitt,C102,Jailer,,,Bryan WHITTAKER,66,15,50,1,0
Bullitt,C102,Jailer,,,Dewey Wayne McMILLEN,12,3,7,0,2
Bullitt,C102,Jailer,,,Under Votes,8,0,8,0,0
Bullitt,C102,Jailer,,,Over Votes,0,0,0,0,0
Bullitt,C102,County Surveyor,,,Alan HARTLEY,38,9,28,1,0
Bullitt,C102,County Surveyor,,,William HARNED,44,9,33,0,2
Bullitt,C102,County Surveyor,,,Under Votes,15,1,14,0,0
Bullitt,C102,County Surveyor,,,Over Votes,0,0,0,0,0
Bullitt,C102,Magistrate,,,Mike RICE,15,5,10,0,0
Bullitt,C102,Magistrate,,,Gary W. HATCHER,25,8,17,0,0
Bullitt,C102,Magistrate,,,Karen JOHNSON,47,6,38,1,2
Bullitt,C102,Magistrate,,,Under Votes,10,0,10,0,0
Bullitt,C102,Magistrate,,,Over Votes,0,0,0,0,0
Bullitt,C102,U.S. Senate,,Democratic,Logan FORSYTHE,2,1,1,0,0
Bullitt,C102,U.S. Senate,,Democratic,Amy McGRATH,23,2,20,1,0
Bullitt,C102,U.S. Senate,,Democratic,Dale Lewis ROMANS,3,0,3,0,0
Bullitt,C102,U.S. Senate,,Democratic,Joshua BLANTON SR.,0,0,0,0,0
Bullitt,C102,U.S. Senate,,Democratic,Vincent Anthony THOMPSON,0,0,0,0,0
Bullitt,C102,U.S. Senate,,Democratic,Charles BOOKER,11,3,8,0,0
Bullitt,C102,U.S. Senate,,Democratic,Pamela STEVENSON,2,0,2,0,0
Bullitt,C102,U.S. House,2,Democratic,David S. HATFIELD,13,1,11,1,0
Bullitt,C102,U.S. House,2,Democratic,Megan WINGFIELD,15,3,11,1,0
Bullitt,C102,U.S. House,2,Democratic,Hank LINDERMAN,7,2,5,0,0
Bullitt,C102,U.S. House,2,Democratic,William Dakota COMPTON,4,0,4,0,0
Bullitt,C103,U.S. Senate,,Republican,Anissa CATLETT,1,0,1,0,0
Bullitt,C103,U.S. Senate,,Republican,A. Nick SHELLEY,2,0,2,0,0
Bullitt,C103,U.S. Senate,,Republican,"Valerie ""Dr Val"" FREDRICK",1,0,1,0,0
Bullitt,C103,U.S. Senate,,Republican,Michael James FARIS,3,1,2,0,0
Bullitt,C103,U.S. Senate,,Republican,Nate MORRIS,5,0,5,0,0
Bullitt,C103,U.S. Senate,,Republican,Other Donald WENZEL,1,0,1,0,0
Bullitt,C103,U.S. Senate,,Republican,Jonathan M. HOLLIDAY,0,0,0,0,0
Bullitt,C103,U.S. Senate,,Republican,George WASHINGTON,3,1,1,1,0
Bullitt,C103,U.S. Senate,,Republican,Andy BARR,124,19,104,1,0
Bullitt,C103,U.S. Senate,,Republican,Daniel CAMERON,90,14,74,1,1
Bullitt,C103,U.S. Senate,,Republican,Jimmy I. LEON,0,0,0,0,0
Bullitt,C103,U.S. Senate,,Republican,James D. DUNCAN,1,0,1,0,0
Bullitt,C103,U.S. Senate,,,Under Votes,2,1,1,0,0
Bullitt,C103,U.S. Senate,,,Over Votes,0,0,0,0,0
Bullitt,C103,Ballots Cast,,,,403,,,,
Bullitt,C103,U.S. House,2,Republican,"G. ""Shay"" PERRY-ADELMANN",13,1,11,1,0
Bullitt,C103,U.S. House,2,Republican,S. Brett GUTHRIE,180,31,146,2,1
Bullitt,C103,U.S. House,2,Republican,Joshua M. FERGUSON,18,1,17,0,0
Bullitt,C103,U.S. House,2,,Under Votes,27,4,23,0,0
Bullitt,C103,U.S. House,2,,Over Votes,0,0,0,0,0
Bullitt,C103,County Judge/Executive,,,"Jerral ""Jerry"" SUMMERS",105,20,81,3,1
Bullitt,C103,County Judge/Executive,,,Shelia METCALFE,40,3,37,0,0
Bullitt,C103,County Judge/Executive,,,Tony THOMPSON,58,10,48,0,0
Bullitt,C103,County Judge/Executive,,,Under Votes,28,2,26,0,0
Bullitt,C103,County Judge/Executive,,,Over Votes,0,0,0,0,0
Bullitt,C103,County Clerk,,,Mark WILLIAMS,32,5,27,0,0
Bullitt,C103,County Clerk,,,Allen MARICLE,11,1,10,0,0
Bullitt,C103,County Clerk,,,"Debra ""Debbie"" JOHNSON",65,7,56,2,0
Bullitt,C103,County Clerk,,,Cody WATERS,22,4,17,0,1
Bullitt,C103,County Clerk,,,Sheri WEBBER,47,11,36,0,0
Bullitt,C103,County Clerk,,,Rita PARSONS,20,4,15,1,0
Bullitt,C103,County Clerk,,,Under Votes,34,3,31,0,0
Bullitt,C103,County Clerk,,,Over Votes,0,0,0,0,0
Bullitt,C103,Sheriff,,,Walt SHOLAR,136,27,107,1,1
Bullitt,C103,Sheriff,,,Kenneth L. PROFFITT,68,7,59,2,0
Bullitt,C103,Sheriff,,,Under Votes,27,1,26,0,0
Bullitt,C103,Sheriff,,,Over Votes,0,0,0,0,0
Bullitt,C103,Jailer,,,John A. CLAYPOOLE II.,26,3,22,1,0
Bullitt,C103,Jailer,,,Bryan WHITTAKER,155,30,122,2,1
Bullitt,C103,Jailer,,,Dewey Wayne McMILLEN,20,2,18,0,0
Bullitt,C103,Jailer,,,Under Votes,30,0,30,0,0
Bullitt,C103,Jailer,,,Over Votes,0,0,0,0,0
Bullitt,C103,County Surveyor,,,Alan HARTLEY,85,13,70,1,1
Bullitt,C103,County Surveyor,,,William HARNED,86,16,70,0,0
Bullitt,C103,County Surveyor,,,Under Votes,60,6,52,2,0
Bullitt,C103,County Surveyor,,,Over Votes,0,0,0,0,0
Bullitt,C103,Magistrate,,,Mike RICE,49,9,39,1,0
Bullitt,C103,Magistrate,,,Gary W. HATCHER,85,17,66,1,1
Bullitt,C103,Magistrate,,,Karen JOHNSON,64,8,55,1,0
Bullitt,C103,Magistrate,,,Under Votes,33,1,32,0,0
Bullitt,C103,Magistrate,,,Over Votes,0,0,0,0,0
Bullitt,C103,U.S. Senate,,Democratic,Logan FORSYTHE,3,0,3,0,0
Bullitt,C103,U.S. Senate,,Democratic,Amy McGRATH,58,14,40,4,0
Bullitt,C103,U.S. Senate,,Democratic,Dale Lewis ROMANS,9,2,6,1,0
Bullitt,C103,U.S. Senate,,Democratic,Joshua BLANTON SR.,4,0,4,0,0
Bullitt,C103,U.S. Senate,,Democratic,Vincent Anthony THOMPSON,2,0,2,0,0
Bullitt,C103,U.S. Senate,,Democratic,Charles BOOKER,86,14,67,5,0
Bullitt,C103,U.S. Senate,,Democratic,Pamela STEVENSON,8,2,6,0,0
Bullitt,C103,U.S. House,2,Democratic,David S. HATFIELD,38,7,31,0,0
Bullitt,C103,U.S. House,2,Democratic,Megan WINGFIELD,65,11,49,5,0
Bullitt,C103,U.S. House,2,Democratic,Hank LINDERMAN,33,8,23,2,0
Bullitt,C103,U.S. House,2,Democratic,William Dakota COMPTON,29,5,21,3,0
Bullitt,C104,U.S. Senate,,Republican,Anissa CATLETT,1,0,1,0,0
Bullitt,C104,U.S. Senate,,Republican,A. Nick SHELLEY,0,0,0,0,0
Bullitt,C104,U.S. Senate,,Republican,"Valerie ""Dr Val"" FREDRICK",0,0,0,0,0
Bullitt,C104,U.S. Senate,,Republican,Michael James FARIS,2,0,2,0,0
Bullitt,C104,U.S. Senate,,Republican,Nate MORRIS,1,1,0,0,0
Bullitt,C104,U.S. Senate,,Republican,Other Donald WENZEL,0,0,0,0,0
Bullitt,C104,U.S. Senate,,Republican,Jonathan M. HOLLIDAY,1,1,0,0,0
Bullitt,C104,U.S. Senate,,Republican,George WASHINGTON,0,0,0,0,0
Bullitt,C104,U.S. Senate,,Republican,Andy BARR,58,15,40,3,0
Bullitt,C104,U.S. Senate,,Republican,Daniel CAMERON,27,5,19,3,0
Bullitt,C104,U.S. Senate,,Republican,Jimmy I. LEON,0,0,0,0,0
Bullitt,C104,U.S. Senate,,Republican,James D. DUNCAN,0,0,0,0,0
Bullitt,C104,U.S. Senate,,,Under Votes,3,0,3,0,0
Bullitt,C104,U.S. Senate,,,Over Votes,0,0,0,0,0
Bullitt,C104,Ballots Cast,,,,150,,,,
Bullitt,C104,U.S. House,2,Republican,"G. ""Shay"" PERRY-ADELMANN",3,0,3,0,0
Bullitt,C104,U.S. House,2,Republican,S. Brett GUTHRIE,76,18,52,6,0
Bullitt,C104,U.S. House,2,Republican,Joshua M. FERGUSON,9,3,6,0,0
Bullitt,C104,U.S. House,2,,Under Votes,6,1,5,0,0
Bullitt,C104,U.S. House,2,,Over Votes,0,0,0,0,0
Bullitt,C104,County Judge/Executive,,,"Jerral ""Jerry"" SUMMERS",36,11,22,3,0
Bullitt,C104,County Judge/Executive,,,Shelia METCALFE,16,2,14,0,0
Bullitt,C104,County Judge/Executive,,,Tony THOMPSON,36,7,26,3,0
Bullitt,C104,County Judge/Executive,,,Under Votes,5,2,3,0,0
Bullitt,C104,County Judge/Executive,,,Over Votes,0,0,0,0,0
Bullitt,C104,County Clerk,,,Mark WILLIAMS,5,1,4,0,0
Bullitt,C104,County Clerk,,,Allen MARICLE,12,4,7,1,0
Bullitt,C104,County Clerk,,,"Debra ""Debbie"" JOHNSON",26,4,19,3,0
Bullitt,C104,County Clerk,,,Cody WATERS,11,1,10,0,0
Bullitt,C104,County Clerk,,,Sheri WEBBER,21,3,18,0,0
Bullitt,C104,County Clerk,,,Rita PARSONS,9,5,2,2,0
Bullitt,C104,County Clerk,,,Under Votes,9,4,5,0,0
Bullitt,C104,County Clerk,,,Over Votes,0,0,0,0,0
Bullitt,C104,Sheriff,,,Walt SHOLAR,62,16,41,5,0
Bullitt,C104,Sheriff,,,Kenneth L. PROFFITT,23,4,18,1,0
Bullitt,C104,Sheriff,,,Under Votes,8,2,6,0,0
Bullitt,C104,Sheriff,,,Over Votes,0,0,0,0,0
Bullitt,C104,Jailer,,,John A. CLAYPOOLE II.,3,2,1,0,0
Bullitt,C104,Jailer,,,Bryan WHITTAKER,69,15,49,5,0
Bullitt,C104,Jailer,,,Dewey Wayne McMILLEN,7,0,7,0,0
Bullitt,C104,Jailer,,,Under Votes,14,5,8,1,0
Bullitt,C104,Jailer,,,Over Votes,0,0,0,0,0
Bullitt,C104,County Surveyor,,,Alan HARTLEY,29,3,25,1,0
Bullitt,C104,County Surveyor,,,William HARNED,43,13,25,5,0
Bullitt,C104,County Surveyor,,,Under Votes,21,6,15,0,0
Bullitt,C104,County Surveyor,,,Over Votes,0,0,0,0,0
Bullitt,C104,Magistrate,,,Mike RICE,10,5,5,0,0
Bullitt,C104,Magistrate,,,Gary W. HATCHER,15,4,11,0,0
Bullitt,C104,Magistrate,,,Karen JOHNSON,56,9,42,5,0
Bullitt,C104,Magistrate,,,Under Votes,12,4,7,1,0
Bullitt,C104,Magistrate,,,Over Votes,0,0,0,0,0
Bullitt,C104,U.S. Senate,,Democratic,Logan FORSYTHE,3,0,3,0,0
Bullitt,C104,U.S. Senate,,Democratic,Amy McGRATH,21,7,14,0,0
Bullitt,C104,U.S. Senate,,Democratic,Dale Lewis ROMANS,3,1,2,0,0
Bullitt,C104,U.S. Senate,,Democratic,Joshua BLANTON SR.,1,0,1,0,0
Bullitt,C104,U.S. Senate,,Democratic,Vincent Anthony THOMPSON,1,0,1,0,0
Bullitt,C104,U.S. Senate,,Democratic,Charles BOOKER,27,4,23,0,0
Bullitt,C104,U.S. Senate,,Democratic,Pamela STEVENSON,1,1,0,0,0
Bullitt,C104,U.S. House,2,Democratic,David S. HATFIELD,13,5,8,0,0
Bullitt,C104,U.S. House,2,Democratic,Megan WINGFIELD,23,3,20,0,0
Bullitt,C104,U.S. House,2,Democratic,Hank LINDERMAN,12,3,9,0,0
Bullitt,C104,U.S. House,2,Democratic,William Dakota COMPTON,8,2,6,0,0
Bullitt,C105,U.S. Senate,,Republican,Anissa CATLETT,0,0,0,0,0
Bullitt,C105,U.S. Senate,,Republican,A. Nick SHELLEY,0,0,0,0,0
Bullitt,C105,U.S. Senate,,Republican,"Valerie ""Dr Val"" FREDRICK",1,0,1,0,0
Bullitt,C105,U.S. Senate,,Republican,Michael James FARIS,4,0,4,0,0
Bullitt,C105,U.S. Senate,,Republican,Nate MORRIS,5,1,4,0,0
Bullitt,C105,U.S. Senate,,Republican,Other Donald WENZEL,0,0,0,0,0
Bullitt,C105,U.S. Senate,,Republican,Jonathan M. HOLLIDAY,0,0,0,0,0
Bullitt,C105,U.S. Senate,,Republican,George WASHINGTON,1,0,1,0,0
Bullitt,C105,U.S. Senate,,Republican,Andy BARR,77,15,62,0,0
Bullitt,C105,U.S. Senate,,Republican,Daniel CAMERON,39,5,34,0,0
Bullitt,C105,U.S. Senate,,Republican,Jimmy I. LEON,1,0,1,0,0
Bullitt,C105,U.S. Senate,,Republican,James D. DUNCAN,2,0,2,0,0
Bullitt,C105,U.S. Senate,,,Under Votes,3,0,3,0,0
Bullitt,C105,U.S. Senate,,,Over Votes,0,0,0,0,0
Bullitt,C105,Ballots Cast,,,,196,,,,
Bullitt,C105,U.S. House,2,Republican,"G. ""Shay"" PERRY-ADELMANN",6,0,6,0,0
Bullitt,C105,U.S. House,2,Republican,S. Brett GUTHRIE,107,18,89,0,0
Bullitt,C105,U.S. House,2,Republican,Joshua M. FERGUSON,9,1,8,0,0
Bullitt,C105,U.S. House,2,,Under Votes,14,2,11,0,1
Bullitt,C105,U.S. House,2,,Over Votes,0,0,0,0,0
Bullitt,C105,County Judge/Executive,,,"Jerral ""Jerry"" SUMMERS",51,15,36,0,0
Bullitt,C105,County Judge/Executive,,,Shelia METCALFE,12,1,11,0,0
Bullitt,C105,County Judge/Executive,,,Tony THOMPSON,57,3,54,0,0
Bullitt,C105,County Judge/Executive,,,Under Votes,11,2,9,0,0
Bullitt,C105,County Judge/Executive,,,Over Votes,0,0,0,0,0
Bullitt,C105,County Clerk,,,Mark WILLIAMS,10,1,9,0,0
Bullitt,C105,County Clerk,,,Allen MARICLE,7,2,5,0,0
Bullitt,C105,County Clerk,,,"Debra ""Debbie"" JOHNSON",48,8,40,0,0
Bullitt,C105,County Clerk,,,Cody WATERS,8,0,8,0,0
Bullitt,C105,County Clerk,,,Sheri WEBBER,31,4,27,0,0
Bullitt,C105,County Clerk,,,Rita PARSONS,12,6,6,0,0
Bullitt,C105,County Clerk,,,Under Votes,15,0,15,0,0
Bullitt,C105,County Clerk,,,Over Votes,0,0,0,0,0
Bullitt,C105,Sheriff,,,Walt SHOLAR,85,19,66,0,0
Bullitt,C105,Sheriff,,,Kenneth L. PROFFITT,36,1,35,0,0
Bullitt,C105,Sheriff,,,Under Votes,10,1,9,0,0
Bullitt,C105,Sheriff,,,Over Votes,0,0,0,0,0
Bullitt,C105,Jailer,,,John A. CLAYPOOLE II.,5,0,5,0,0
Bullitt,C105,Jailer,,,Bryan WHITTAKER,84,12,72,0,0
Bullitt,C105,Jailer,,,Dewey Wayne McMILLEN,27,7,20,0,0
Bullitt,C105,Jailer,,,Under Votes,15,2,13,0,0
Bullitt,C105,Jailer,,,Over Votes,0,0,0,0,0
Bullitt,C105,County Surveyor,,,Alan HARTLEY,36,6,30,0,0
Bullitt,C105,County Surveyor,,,William HARNED,70,11,59,0,0
Bullitt,C105,County Surveyor,,,Under Votes,25,4,21,0,0
Bullitt,C105,County Surveyor,,,Over Votes,0,0,0,0,0
Bullitt,C105,Magistrate,,,Mike RICE,14,2,12,0,0
Bullitt,C105,Magistrate,,,Gary W. HATCHER,61,12,49,0,0
Bullitt,C105,Magistrate,,,Karen JOHNSON,45,5,40,0,0
Bullitt,C105,Magistrate,,,Under Votes,11,2,9,0,0
Bullitt,C105,Magistrate,,,Over Votes,0,0,0,0,0
Bullitt,C105,U.S. Senate,,Democratic,Logan FORSYTHE,3,0,3,0,0
Bullitt,C105,U.S. Senate,,Democratic,Amy McGRATH,36,8,25,1,2
Bullitt,C105,U.S. Senate,,Democratic,Dale Lewis ROMANS,3,1,2,0,0
Bullitt,C105,U.S. Senate,,Democratic,Joshua BLANTON SR.,1,1,0,0,0
Bullitt,C105,U.S. Senate,,Democratic,Vincent Anthony THOMPSON,2,0,2,0,0
Bullitt,C105,U.S. Senate,,Democratic,Charles BOOKER,15,3,12,0,0
Bullitt,C105,U.S. Senate,,Democratic,Pamela STEVENSON,3,1,2,0,0
Bullitt,C105,U.S. House,2,Democratic,David S. HATFIELD,18,4,14,0,0
Bullitt,C105,U.S. House,2,Democratic,Megan WINGFIELD,24,3,19,1,1
Bullitt,C105,U.S. House,2,Democratic,Hank LINDERMAN,14,7,7,0,0
Bullitt,C105,U.S. House,2,Democratic,William Dakota COMPTON,4,0,4,0,0
Bullitt,C106,U.S. Senate,,Republican,Anissa CATLETT,0,0,0,0,0
Bullitt,C106,U.S. Senate,,Republican,A. Nick SHELLEY,1,1,0,0,0
Bullitt,C106,U.S. Senate,,Republican,"Valerie ""Dr Val"" FREDRICK",2,0,2,0,0
Bullitt,C106,U.S. Senate,,Republican,Michael James FARIS,4,1,3,0,0
Bullitt,C106,U.S. Senate,,Republican,Nate MORRIS,1,0,1,0,0
Bullitt,C106,U.S. Senate,,Republican,Other Donald WENZEL,1,1,0,0,0
Bullitt,C106,U.S. Senate,,Republican,Jonathan M. HOLLIDAY,0,0,0,0,0
Bullitt,C106,U.S. Senate,,Republican,George WASHINGTON,0,0,0,0,0
Bullitt,C106,U.S. Senate,,Republican,Andy BARR,45,7,36,2,0
Bullitt,C106,U.S. Senate,,Republican,Daniel CAMERON,30,7,23,0,0
Bullitt,C106,U.S. Senate,,Republican,Jimmy I. LEON,0,0,0,0,0
Bullitt,C106,U.S. Senate,,Republican,James D. DUNCAN,0,0,0,0,0
Bullitt,C106,U.S. Senate,,,Under Votes,2,0,2,0,0
Bullitt,C106,U.S. Senate,,,Over Votes,2,1,1,0,0
Bullitt,C106,Ballots Cast,,,,162,,,,
Bullitt,C106,U.S. House,2,Republican,"G. ""Shay"" PERRY-ADELMANN",7,1,6,0,0
Bullitt,C106,U.S. House,2,Republican,S. Brett GUTHRIE,66,15,49,2,0
Bullitt,C106,U.S. House,2,Republican,Joshua M. FERGUSON,10,1,9,0,0
Bullitt,C106,U.S. House,2,,Under Votes,11,1,10,0,0
Bullitt,C106,U.S. House,2,,Over Votes,0,0,0,0,0
Bullitt,C106,County Judge/Executive,,,"Jerral ""Jerry"" SUMMERS",27,8,18,1,0
Bullitt,C106,County Judge/Executive,,,Shelia METCALFE,17,5,12,0,0
Bullitt,C106,County Judge/Executive,,,Tony THOMPSON,36,5,30,1,0
Bullitt,C106,County Judge/Executive,,,Under Votes,7,0,7,0,0
Bullitt,C106,County Judge/Executive,,,Over Votes,0,0,0,0,0
Bullitt,C106,County Clerk,,,Mark WILLIAMS,3,0,3,0,0
Bullitt,C106,County Clerk,,,Allen MARICLE,16,2,14,0,0
Bullitt,C106,County Clerk,,,"Debra ""Debbie"" JOHNSON",25,7,17,1,0
Bullitt,C106,County Clerk,,,Cody WATERS,6,2,4,0,0
Bullitt,C106,County Clerk,,,Sheri WEBBER,17,6,11,0,0
Bullitt,C106,County Clerk,,,Rita PARSONS,13,0,12,1,0
Bullitt,C106,County Clerk,,,Under Votes,7,1,6,0,0
Bullitt,C106,County Clerk,,,Over Votes,0,0,0,0,0
Bullitt,C106,Sheriff,,,Walt SHOLAR,52,14,36,2,0
Bullitt,C106,Sheriff,,,Kenneth L. PROFFITT,27,3,24,0,0
Bullitt,C106,Sheriff,,,Under Votes,8,1,7,0,0
Bullitt,C106,Sheriff,,,Over Votes,0,0,0,0,0
Bullitt,C106,Jailer,,,John A. CLAYPOOLE II.,10,1,8,1,0
Bullitt,C106,Jailer,,,Bryan WHITTAKER,54,15,39,0,0
Bullitt,C106,Jailer,,,Dewey Wayne McMILLEN,15,1,13,1,0
Bullitt,C106,Jailer,,,Under Votes,8,1,7,0,0
Bullitt,C106,Jailer,,,Over Votes,0,0,0,0,0
Bullitt,C106,County Surveyor,,,Alan HARTLEY,34,7,27,0,0
Bullitt,C106,County Surveyor,,,William HARNED,34,6,26,2,0
Bullitt,C106,County Surveyor,,,Under Votes,19,5,14,0,0
Bullitt,C106,County Surveyor,,,Over Votes,0,0,0,0,0
Bullitt,C106,Magistrate,,,Mike RICE,17,1,16,0,0
Bullitt,C106,Magistrate,,,Gary W. HATCHER,21,3,18,0,0
Bullitt,C106,Magistrate,,,Karen JOHNSON,41,12,27,2,0
Bullitt,C106,Magistrate,,,Under Votes,8,2,6,0,0
Bullitt,C106,Magistrate,,,Over Votes,0,0,0,0,0
Bullitt,C106,U.S. Senate,,Democratic,Logan FORSYTHE,6,0,6,0,0
Bullitt,C106,U.S. Senate,,Democratic,Amy McGRATH,20,7,12,1,0
Bullitt,C106,U.S. Senate,,Democratic,Dale Lewis ROMANS,0,0,0,0,0
Bullitt,C106,U.S. Senate,,Democratic,Joshua BLANTON SR.,1,0,1,0,0
Bullitt,C106,U.S. Senate,,Democratic,Vincent Anthony THOMPSON,2,1,1,0,0
Bullitt,C106,U.S. Senate,,Democratic,Charles BOOKER,38,8,29,1,0
Bullitt,C106,U.S. Senate,,Democratic,Pamela STEVENSON,7,2,5,0,0
Bullitt,C106,U.S. House,2,Democratic,David S. HATFIELD,20,6,14,0,0
Bullitt,C106,U.S. House,2,Democratic,Megan WINGFIELD,28,6,20,2,0
Bullitt,C106,U.S. House,2,Democratic,Hank LINDERMAN,5,0,5,0,0
Bullitt,C106,U.S. House,2,Democratic,William Dakota COMPTON,15,6,9,0,0
Bullitt,C107,U.S. Senate,,Republican,Anissa CATLETT,2,0,2,0,0
Bullitt,C107,U.S. Senate,,Republican,A. Nick SHELLEY,0,0,0,0,0
Bullitt,C107,U.S. Senate,,Republican,"Valerie ""Dr Val"" FREDRICK",3,1,2,0,0
Bullitt,C107,U.S. Senate,,Republican,Michael James FARIS,5,0,5,0,0
Bullitt,C107,U.S. Senate,,Republican,Nate MORRIS,9,3,6,0,0
Bullitt,C107,U.S. Senate,,Republican,Other Donald WENZEL,0,0,0,0,0
Bullitt,C107,U.S. Senate,,Republican,Jonathan M. HOLLIDAY,0,0,0,0,0
Bullitt,C107,U.S. Senate,,Republican,George WASHINGTON,2,0,2,0,0
Bullitt,C107,U.S. Senate,,Republican,Andy BARR,91,25,64,0,2
Bullitt,C107,U.S. Senate,,Republican,Daniel CAMERON,49,15,34,0,0
Bullitt,C107,U.S. Senate,,Republican,Jimmy I. LEON,0,0,0,0,0
Bullitt,C107,U.S. Senate,,Republican,James D. DUNCAN,2,1,1,0,0
Bullitt,C107,U.S. Senate,,,Under Votes,3,0,2,1,0
Bullitt,C107,U.S. Senate,,,Over Votes,1,0,1,0,0
Bullitt,C107,Ballots Cast,,,,256,,,,
Bullitt,C107,U.S. House,2,Republican,"G. ""Shay"" PERRY-ADELMANN",7,3,4,0,0
Bullitt,C107,U.S. House,2,Republican,S. Brett GUTHRIE,131,38,91,0,2
Bullitt,C107,U.S. House,2,Republican,Joshua M. FERGUSON,15,3,12,0,0
Bullitt,C107,U.S. House,2,,Under Votes,20,1,18,1,0
Bullitt,C107,U.S. House,2,,Over Votes,0,0,0,0,0
Bullitt,C107,County Judge/Executive,,,"Jerral ""Jerry"" SUMMERS",62,18,44,0,0
Bullitt,C107,County Judge/Executive,,,Shelia METCALFE,30,13,17,0,0
Bullitt,C107,County Judge/Executive,,,Tony THOMPSON,53,12,39,0,2
Bullitt,C107,County Judge/Executive,,,Under Votes,19,2,17,0,0
Bullitt,C107,County Judge/Executive,,,Over Votes,0,0,0,0,0
Bullitt,C107,County Clerk,,,Mark WILLIAMS,16,3,13,0,0
Bullitt,C107,County Clerk,,,Allen MARICLE,22,7,15,0,0
Bullitt,C107,County Clerk,,,"Debra ""Debbie"" JOHNSON",34,11,23,0,0
Bullitt,C107,County Clerk,,,Cody WATERS,17,6,11,0,0
Bullitt,C107,County Clerk,,,Sheri WEBBER,37,11,26,0,0
Bullitt,C107,County Clerk,,,Rita PARSONS,23,5,16,0,2
Bullitt,C107,County Clerk,,,Under Votes,15,2,13,0,0
Bullitt,C107,County Clerk,,,Over Votes,0,0,0,0,0
Bullitt,C107,Sheriff,,,Walt SHOLAR,101,33,68,0,0
Bullitt,C107,Sheriff,,,Kenneth L. PROFFITT,51,11,38,0,2
Bullitt,C107,Sheriff,,,Under Votes,12,1,11,0,0
Bullitt,C107,Sheriff,,,Over Votes,0,0,0,0,0
Bullitt,C107,Jailer,,,John A. CLAYPOOLE II.,19,3,14,0,2
Bullitt,C107,Jailer,,,Bryan WHITTAKER,107,36,71,0,0
Bullitt,C107,Jailer,,,Dewey Wayne McMILLEN,20,3,17,0,0
Bullitt,C107,Jailer,,,Under Votes,18,3,15,0,0
Bullitt,C107,Jailer,,,Over Votes,0,0,0,0,0
Bullitt,C107,County Surveyor,,,Alan HARTLEY,79,22,55,0,2
Bullitt,C107,County Surveyor,,,William HARNED,55,18,37,0,0
Bullitt,C107,County Surveyor,,,Under Votes,30,5,25,0,0
Bullitt,C107,County Surveyor,,,Over Votes,0,0,0,0,0
Bullitt,C107,Magistrate,,,Mike RICE,23,6,17,0,0
Bullitt,C107,Magistrate,,,Gary W. HATCHER,47,10,37,0,0
Bullitt,C107,Magistrate,,,Karen JOHNSON,73,26,45,0,2
Bullitt,C107,Magistrate,,,Under Votes,21,3,18,0,0
Bullitt,C107,Magistrate,,,Over Votes,0,0,0,0,0
Bullitt,C107,U.S. Senate,,Democratic,Logan FORSYTHE,3,0,3,0,0
Bullitt,C107,U.S. Senate,,Democratic,Amy McGRATH,43,3,39,1,0
Bullitt,C107,U.S. Senate,,Democratic,Dale Lewis ROMANS,2,0,2,0,0
Bullitt,C107,U.S. Senate,,Democratic,Joshua BLANTON SR.,0,0,0,0,0
Bullitt,C107,U.S. Senate,,Democratic,Vincent Anthony THOMPSON,5,1,4,0,0
Bullitt,C107,U.S. Senate,,Democratic,Charles BOOKER,30,2,28,0,0
Bullitt,C107,U.S. Senate,,Democratic,Pamela STEVENSON,6,2,4,0,0
Bullitt,C107,U.S. House,2,Democratic,David S. HATFIELD,27,2,25,0,0
Bullitt,C107,U.S. House,2,Democratic,Megan WINGFIELD,33,3,29,1,0
Bullitt,C107,U.S. House,2,Democratic,Hank LINDERMAN,13,2,11,0,0
Bullitt,C107,U.S. House,2,Democratic,William Dakota COMPTON,10,1,9,0,0
Bullitt,C108,U.S. Senate,,Republican,Anissa CATLETT,0,0,0,0,0
Bullitt,C108,U.S. Senate,,Republican,A. Nick SHELLEY,0,0,0,0,0
Bullitt,C108,U.S. Senate,,Republican,"Valerie ""Dr Val"" FREDRICK",3,2,1,0,0
Bullitt,C108,U.S. Senate,,Republican,Michael James FARIS,1,0,1,0,0
Bullitt,C108,U.S. Senate,,Republican,Nate MORRIS,8,1,7,0,0
Bullitt,C108,U.S. Senate,,Republican,Other Donald WENZEL,0,0,0,0,0
Bullitt,C108,U.S. Senate,,Republican,Jonathan M. HOLLIDAY,0,0,0,0,0
Bullitt,C108,U.S. Senate,,Republican,George WASHINGTON,2,1,1,0,0
Bullitt,C108,U.S. Senate,,Republican,Andy BARR,134,27,104,3,0
Bullitt,C108,U.S. Senate,,Republican,Daniel CAMERON,68,12,56,0,0
Bullitt,C108,U.S. Senate,,Republican,Jimmy I. LEON,2,2,0,0,0
Bullitt,C108,U.S. Senate,,Republican,James D. DUNCAN,1,1,0,0,0
Bullitt,C108,U.S. Senate,,,Under Votes,5,0,5,0,0
Bullitt,C108,U.S. Senate,,,Over Votes,0,0,0,0,0
Bullitt,C108,Ballots Cast,,,,318,,,,
Bullitt,C108,U.S. House,2,Republican,"G. ""Shay"" PERRY-ADELMANN",9,1,8,0,0
Bullitt,C108,U.S. House,2,Republican,S. Brett GUTHRIE,176,40,135,1,0
Bullitt,C108,U.S. House,2,Republican,Joshua M. FERGUSON,19,4,13,2,0
Bullitt,C108,U.S. House,2,,Under Votes,28,1,25,2,0
Bullitt,C108,U.S. House,2,,Over Votes,0,0,0,0,0
Bullitt,C108,County Judge/Executive,,,"Jerral ""Jerry"" SUMMERS",105,27,77,1,0
Bullitt,C108,County Judge/Executive,,,Shelia METCALFE,30,4,26,0,0
Bullitt,C108,County Judge/Executive,,,Tony THOMPSON,58,14,42,2,0
Bullitt,C108,County Judge/Executive,,,Under Votes,30,1,29,0,0
Bullitt,C108,County Judge/Executive,,,Over Votes,0,0,0,0,0
Bullitt,C108,County Clerk,,,Mark WILLIAMS,11,1,10,0,0
Bullitt,C108,County Clerk,,,Allen MARICLE,16,2,14,0,0
Bullitt,C108,County Clerk,,,"Debra ""Debbie"" JOHNSON",90,20,69,1,0
Bullitt,C108,County Clerk,,,Cody WATERS,23,11,10,2,0
Bullitt,C108,County Clerk,,,Sheri WEBBER,31,7,24,0,0
Bullitt,C108,County Clerk,,,Rita PARSONS,17,2,15,0,0
Bullitt,C108,County Clerk,,,Under Votes,35,3,32,0,0
Bullitt,C108,County Clerk,,,Over Votes,0,0,0,0,0
Bullitt,C108,Sheriff,,,Walt SHOLAR,134,35,98,1,0
Bullitt,C108,Sheriff,,,Kenneth L. PROFFITT,65,7,56,2,0
Bullitt,C108,Sheriff,,,Under Votes,24,4,20,0,0
Bullitt,C108,Sheriff,,,Over Votes,0,0,0,0,0
Bullitt,C108,Jailer,,,John A. CLAYPOOLE II.,25,3,20,2,0
Bullitt,C108,Jailer,,,Bryan WHITTAKER,122,30,91,1,0
Bullitt,C108,Jailer,,,Dewey Wayne McMILLEN,34,8,26,0,0
Bullitt,C108,Jailer,,,Under Votes,42,5,37,0,0
Bullitt,C108,Jailer,,,Over Votes,0,0,0,0,0
Bullitt,C108,County Surveyor,,,Alan HARTLEY,79,19,57,3,0
Bullitt,C108,County Surveyor,,,William HARNED,87,17,70,0,0
Bullitt,C108,County Surveyor,,,Under Votes,57,10,47,0,0
Bullitt,C108,County Surveyor,,,Over Votes,0,0,0,0,0
Bullitt,C108,Magistrate,,,Mike RICE,44,8,33,3,0
Bullitt,C108,Magistrate,,,Gary W. HATCHER,81,14,67,0,0
Bullitt,C108,Magistrate,,,Karen JOHNSON,64,20,44,0,0
Bullitt,C108,Magistrate,,,Under Votes,34,4,30,0,0
Bullitt,C108,Magistrate,,,Over Votes,0,0,0,0,0
Bullitt,C108,U.S. Senate,,Democratic,Logan FORSYTHE,3,0,3,0,0
Bullitt,C108,U.S. Senate,,Democratic,Amy McGRATH,49,8,34,7,0
Bullitt,C108,U.S. Senate,,Democratic,Dale Lewis ROMANS,3,0,3,0,0
Bullitt,C108,U.S. Senate,,Democratic,Joshua BLANTON SR.,3,0,3,0,0
Bullitt,C108,U.S. Senate,,Democratic,Vincent Anthony THOMPSON,3,0,3,0,0
Bullitt,C108,U.S. Senate,,Democratic,Charles BOOKER,31,5,24,2,0
Bullitt,C108,U.S. Senate,,Democratic,Pamela STEVENSON,2,0,2,0,0
Bullitt,C108,U.S. House,2,Democratic,David S. HATFIELD,24,2,20,2,0
Bullitt,C108,U.S. House,2,Democratic,Megan WINGFIELD,29,5,23,1,0
Bullitt,C108,U.S. House,2,Democratic,Hank LINDERMAN,18,4,12,2,0
Bullitt,C108,U.S. House,2,Democratic,William Dakota COMPTON,15,2,11,2,0
Bullitt,C109,U.S. Senate,,Republican,Anissa CATLETT,4,1,3,0,0
Bullitt,C109,U.S. Senate,,Republican,A. Nick SHELLEY,0,0,0,0,0
Bullitt,C109,U.S. Senate,,Republican,"Valerie ""Dr Val"" FREDRICK",1,0,1,0,0
Bullitt,C109,U.S. Senate,,Republican,Michael James FARIS,3,0,3,0,0
Bullitt,C109,U.S. Senate,,Republican,Nate MORRIS,7,0,7,0,0
Bullitt,C109,U.S. Senate,,Republican,Other Donald WENZEL,0,0,0,0,0
Bullitt,C109,U.S. Senate,,Republican,Jonathan M. HOLLIDAY,0,0,0,0,0
Bullitt,C109,U.S. Senate,,Republican,George WASHINGTON,1,0,1,0,0
Bullitt,C109,U.S. Senate,,Republican,Andy BARR,120,17,101,2,0
Bullitt,C109,U.S. Senate,,Republican,Daniel CAMERON,69,15,50,4,0
Bullitt,C109,U.S. Senate,,Republican,Jimmy I. LEON,0,0,0,0,0
Bullitt,C109,U.S. Senate,,Republican,James D. DUNCAN,0,0,0,0,0
Bullitt,C109,U.S. Senate,,,Under Votes,2,0,2,0,0
Bullitt,C109,U.S. Senate,,,Over Votes,0,0,0,0,0
Bullitt,C109,Ballots Cast,,,,263,,,,
Bullitt,C109,U.S. House,2,Republican,"G. ""Shay"" PERRY-ADELMANN",14,5,8,1,0
Bullitt,C109,U.S. House,2,Republican,S. Brett GUTHRIE,165,27,133,5,0
Bullitt,C109,U.S. House,2,Republican,Joshua M. FERGUSON,19,1,18,0,0
Bullitt,C109,U.S. House,2,,Under Votes,14,1,13,0,0
Bullitt,C109,U.S. House,2,,Over Votes,0,0,0,0,0
Bullitt,C109,County Judge/Executive,,,"Jerral ""Jerry"" SUMMERS",94,23,66,5,0
Bullitt,C109,County Judge/Executive,,,Shelia METCALFE,27,3,23,1,0
Bullitt,C109,County Judge/Executive,,,Tony THOMPSON,63,4,59,0,0
Bullitt,C109,County Judge/Executive,,,Under Votes,22,3,19,0,0
Bullitt,C109,County Judge/Executive,,,Over Votes,0,0,0,0,0
Bullitt,C109,County Clerk,,,Mark WILLIAMS,19,2,17,0,0
Bullitt,C109,County Clerk,,,Allen MARICLE,21,4,15,2,0
Bullitt,C109,County Clerk,,,"Debra ""Debbie"" JOHNSON",57,12,44,1,0
Bullitt,C109,County Clerk,,,Cody WATERS,28,2,24,2,0
Bullitt,C109,County Clerk,,,Sheri WEBBER,36,5,30,1,0
Bullitt,C109,County Clerk,,,Rita PARSONS,15,4,11,0,0
Bullitt,C109,County Clerk,,,Under Votes,30,4,26,0,0
Bullitt,C109,County Clerk,,,Over Votes,0,0,0,0,0
Bullitt,C109,Sheriff,,,Walt SHOLAR,134,24,106,4,0
Bullitt,C109,Sheriff,,,Kenneth L. PROFFITT,53,7,44,2,0
Bullitt,C109,Sheriff,,,Under Votes,19,2,17,0,0
Bullitt,C109,Sheriff,,,Over Votes,0,0,0,0,0
Bullitt,C109,Jailer,,,John A. CLAYPOOLE II.,15,2,13,0,0
Bullitt,C109,Jailer,,,Bryan WHITTAKER,161,28,127,6,0
Bullitt,C109,Jailer,,,Dewey Wayne McMILLEN,13,2,11,0,0
Bullitt,C109,Jailer,,,Under Votes,17,1,16,0,0
Bullitt,C109,Jailer,,,Over Votes,0,0,0,0,0
Bullitt,C109,County Surveyor,,,Alan HARTLEY,79,10,67,2,0
Bullitt,C109,County Surveyor,,,William HARNED,78,12,62,4,0
Bullitt,C109,County Surveyor,,,Under Votes,49,11,38,0,0
Bullitt,C109,County Surveyor,,,Over Votes,0,0,0,0,0
Bullitt,C109,Magistrate,,,Mike RICE,29,5,21,3,0
Bullitt,C109,Magistrate,,,Gary W. HATCHER,75,15,59,1,0
Bullitt,C109,Magistrate,,,Karen JOHNSON,74,10,62,2,0
Bullitt,C109,Magistrate,,,Under Votes,28,3,25,0,0
Bullitt,C109,Magistrate,,,Over Votes,0,0,0,0,0
Bullitt,C109,U.S. Senate,,Democratic,Logan FORSYTHE,3,0,3,0,0
Bullitt,C109,U.S. Senate,,Democratic,Amy McGRATH,22,5,17,0,0
Bullitt,C109,U.S. Senate,,Democratic,Dale Lewis ROMANS,6,2,4,0,0
Bullitt,C109,U.S. Senate,,Democratic,Joshua BLANTON SR.,0,0,0,0,0
Bullitt,C109,U.S. Senate,,Democratic,Vincent Anthony THOMPSON,2,0,2,0,0
Bullitt,C109,U.S. Senate,,Democratic,Charles BOOKER,21,4,17,0,0
Bullitt,C109,U.S. Senate,,Democratic,Pamela STEVENSON,2,0,2,0,0
Bullitt,C109,U.S. House,2,Democratic,David S. HATFIELD,10,3,7,0,0
Bullitt,C109,U.S. House,2,Democratic,Megan WINGFIELD,22,3,19,0,0
Bullitt,C109,U.S. House,2,Democratic,Hank LINDERMAN,6,0,6,0,0
Bullitt,C109,U.S. House,2,Democratic,William Dakota COMPTON,13,4,9,0,0
Bullitt,C110,U.S. Senate,,Republican,Anissa CATLETT,1,0,1,0,0
Bullitt,C110,U.S. Senate,,Republican,A. Nick SHELLEY,1,0,1,0,0
Bullitt,C110,U.S. Senate,,Republican,"Valerie ""Dr Val"" FREDRICK",1,0,1,0,0
Bullitt,C110,U.S. Senate,,Republican,Michael James FARIS,3,0,3,0,0
Bullitt,C110,U.S. Senate,,Republican,Nate MORRIS,6,1,5,0,0
Bullitt,C110,U.S. Senate,,Republican,Other Donald WENZEL,1,0,1,0,0
Bullitt,C110,U.S. Senate,,Republican,Jonathan M. HOLLIDAY,2,0,2,0,0
Bullitt,C110,U.S. Senate,,Republican,George WASHINGTON,2,0,2,0,0
Bullitt,C110,U.S. Senate,,Republican,Andy BARR,98,18,78,2,0
Bullitt,C110,U.S. Senate,,Republican,Daniel CAMERON,58,11,44,3,0
Bullitt,C110,U.S. Senate,,Republican,Jimmy I. LEON,0,0,0,0,0
Bullitt,C110,U.S. Senate,,Republican,James D. DUNCAN,1,0,1,0,0
Bullitt,C110,U.S. Senate,,,Under Votes,2,0,2,0,0
Bullitt,C110,U.S. Senate,,,Over Votes,0,0,0,0,0
Bullitt,C110,Ballots Cast,,,,255,,,,
Bullitt,C110,U.S. House,2,Republican,"G. ""Shay"" PERRY-ADELMANN",10,0,10,0,0
Bullitt,C110,U.S. House,2,Republican,S. Brett GUTHRIE,129,23,103,3,0
Bullitt,C110,U.S. House,2,Republican,Joshua M. FERGUSON,27,3,22,2,0
Bullitt,C110,U.S. House,2,,Under Votes,14,6,8,0,0
Bullitt,C110,U.S. House,2,,Over Votes,1,0,1,0,0
Bullitt,C110,County Judge/Executive,,,"Jerral ""Jerry"" SUMMERS",68,13,55,0,0
Bullitt,C110,County Judge/Executive,,,Shelia METCALFE,36,8,27,1,0
Bullitt,C110,County Judge/Executive,,,Tony THOMPSON,57,9,45,3,0
Bullitt,C110,County Judge/Executive,,,Under Votes,14,0,13,1,0
Bullitt,C110,County Judge/Executive,,,Over Votes,0,0,0,0,0
Bullitt,C110,County Clerk,,,Mark WILLIAMS,18,2,16,0,0
Bullitt,C110,County Clerk,,,Allen MARICLE,15,1,13,1,0
Bullitt,C110,County Clerk,,,"Debra ""Debbie"" JOHNSON",69,16,52,1,0
Bullitt,C110,County Clerk,,,Cody WATERS,10,0,10,0,0
Bullitt,C110,County Clerk,,,Sheri WEBBER,35,7,26,2,0
Bullitt,C110,County Clerk,,,Rita PARSONS,15,3,12,0,0
Bullitt,C110,County Clerk,,,Under Votes,13,1,11,1,0
Bullitt,C110,County Clerk,,,Over Votes,0,0,0,0,0
Bullitt,C110,Sheriff,,,Walt SHOLAR,105,25,78,2,0
Bullitt,C110,Sheriff,,,Kenneth L. PROFFITT,53,2,49,2,0
Bullitt,C110,Sheriff,,,Under Votes,17,3,13,1,0
Bullitt,C110,Sheriff,,,Over Votes,0,0,0,0,0
Bullitt,C110,Jailer,,,John A. CLAYPOOLE II.,29,3,25,1,0
Bullitt,C110,Jailer,,,Bryan WHITTAKER,97,22,72,3,0
Bullitt,C110,Jailer,,,Dewey Wayne McMILLEN,31,4,26,1,0
Bullitt,C110,Jailer,,,Under Votes,18,1,17,0,0
Bullitt,C110,Jailer,,,Over Votes,0,0,0,0,0
Bullitt,C110,County Surveyor,,,Alan HARTLEY,71,13,55,3,0
Bullitt,C110,County Surveyor,,,William HARNED,70,10,59,1,0
Bullitt,C110,County Surveyor,,,Under Votes,34,7,26,1,0
Bullitt,C110,County Surveyor,,,Over Votes,0,0,0,0,0
Bullitt,C110,Magistrate,,,Mike RICE,19,5,12,2,0
Bullitt,C110,Magistrate,,,Gary W. HATCHER,79,13,66,0,0
Bullitt,C110,Magistrate,,,Karen JOHNSON,67,12,53,2,0
Bullitt,C110,Magistrate,,,Under Votes,10,0,9,1,0
Bullitt,C110,Magistrate,,,Over Votes,0,0,0,0,0
Bullitt,C110,U.S. Senate,,Democratic,Logan FORSYTHE,3,1,2,0,0
Bullitt,C110,U.S. Senate,,Democratic,Amy McGRATH,37,8,28,1,0
Bullitt,C110,U.S. Senate,,Democratic,Dale Lewis ROMANS,4,1,3,0,0
Bullitt,C110,U.S. Senate,,Democratic,Joshua BLANTON SR.,3,0,3,0,0
Bullitt,C110,U.S. Senate,,Democratic,Vincent Anthony THOMPSON,2,0,2,0,0
Bullitt,C110,U.S. Senate,,Democratic,Charles BOOKER,23,3,20,0,0
Bullitt,C110,U.S. Senate,,Democratic,Pamela STEVENSON,7,0,7,0,0
Bullitt,C110,U.S. House,2,Democratic,David S. HATFIELD,20,1,18,1,0
Bullitt,C110,U.S. House,2,Democratic,Megan WINGFIELD,36,8,28,0,0
Bullitt,C110,U.S. House,2,Democratic,Hank LINDERMAN,10,2,8,0,0
Bullitt,C110,U.S. House,2,Democratic,William Dakota COMPTON,8,0,8,0,0
Bullitt,C111,U.S. Senate,,Republican,Anissa CATLETT,2,1,1,0,0
Bullitt,C111,U.S. Senate,,Republican,A. Nick SHELLEY,0,0,0,0,0
Bullitt,C111,U.S. Senate,,Republican,"Valerie ""Dr Val"" FREDRICK",1,0,1,0,0
Bullitt,C111,U.S. Senate,,Republican,Michael James FARIS,0,0,0,0,0
Bullitt,C111,U.S. Senate,,Republican,Nate MORRIS,1,1,0,0,0
Bullitt,C111,U.S. Senate,,Republican,Other Donald WENZEL,0,0,0,0,0
Bullitt,C111,U.S. Senate,,Republican,Jonathan M. HOLLIDAY,0,0,0,0,0
Bullitt,C111,U.S. Senate,,Republican,George WASHINGTON,0,0,0,0,0
Bullitt,C111,U.S. Senate,,Republican,Andy BARR,44,8,34,2,0
Bullitt,C111,U.S. Senate,,Republican,Daniel CAMERON,18,7,10,1,0
Bullitt,C111,U.S. Senate,,Republican,Jimmy I. LEON,0,0,0,0,0
Bullitt,C111,U.S. Senate,,Republican,James D. DUNCAN,0,0,0,0,0
Bullitt,C111,U.S. Senate,,,Under Votes,1,0,1,0,0
Bullitt,C111,U.S. Senate,,,Over Votes,0,0,0,0,0
Bullitt,C111,Ballots Cast,,,,96,,,,
Bullitt,C111,U.S. House,2,Republican,"G. ""Shay"" PERRY-ADELMANN",0,0,0,0,0
Bullitt,C111,U.S. House,2,Republican,S. Brett GUTHRIE,54,16,35,3,0
Bullitt,C111,U.S. House,2,Republican,Joshua M. FERGUSON,8,0,8,0,0
Bullitt,C111,U.S. House,2,,Under Votes,6,2,4,0,0
Bullitt,C111,U.S. House,2,,Over Votes,1,0,1,0,0
Bullitt,C111,County Judge/Executive,,,"Jerral ""Jerry"" SUMMERS",31,12,16,3,0
Bullitt,C111,County Judge/Executive,,,Shelia METCALFE,10,1,9,0,0
Bullitt,C111,County Judge/Executive,,,Tony THOMPSON,20,2,18,0,0
Bullitt,C111,County Judge/Executive,,,Under Votes,6,2,4,0,0
Bullitt,C111,County Judge/Executive,,,Over Votes,0,0,0,0,0
Bullitt,C111,County Clerk,,,Mark WILLIAMS,7,1,6,0,0
Bullitt,C111,County Clerk,,,Allen MARICLE,7,0,5,2,0
Bullitt,C111,County Clerk,,,"Debra ""Debbie"" JOHNSON",19,5,14,0,0
Bullitt,C111,County Clerk,,,Cody WATERS,2,0,2,0,0
Bullitt,C111,County Clerk,,,Sheri WEBBER,12,4,8,0,0
Bullitt,C111,County Clerk,,,Rita PARSONS,12,5,7,0,0
Bullitt,C111,County Clerk,,,Under Votes,8,2,5,1,0
Bullitt,C111,County Clerk,,,Over Votes,0,0,0,0,0
Bullitt,C111,Sheriff,,,Walt SHOLAR,44,14,28,2,0
Bullitt,C111,Sheriff,,,Kenneth L. PROFFITT,18,1,17,0,0
Bullitt,C111,Sheriff,,,Under Votes,5,2,2,1,0
Bullitt,C111,Sheriff,,,Over Votes,0,0,0,0,0
Bullitt,C111,Jailer,,,John A. CLAYPOOLE II.,5,2,3,0,0
Bullitt,C111,Jailer,,,Bryan WHITTAKER,43,13,28,2,0
Bullitt,C111,Jailer,,,Dewey Wayne McMILLEN,11,1,10,0,0
Bullitt,C111,Jailer,,,Under Votes,8,1,6,1,0
Bullitt,C111,Jailer,,,Over Votes,0,0,0,0,0
Bullitt,C111,County Surveyor,,,Alan HARTLEY,27,6,19,2,0
Bullitt,C111,County Surveyor,,,William HARNED,26,8,18,0,0
Bullitt,C111,County Surveyor,,,Under Votes,14,3,10,1,0
Bullitt,C111,County Surveyor,,,Over Votes,0,0,0,0,0
Bullitt,C111,Magistrate,,,Mike RICE,16,6,10,0,0
Bullitt,C111,Magistrate,,,Gary W. HATCHER,29,9,20,0,0
Bullitt,C111,Magistrate,,,Karen JOHNSON,14,0,12,2,0
Bullitt,C111,Magistrate,,,Under Votes,8,2,5,1,0
Bullitt,C111,Magistrate,,,Over Votes,0,0,0,0,0
Bullitt,C111,U.S. Senate,,Democratic,Logan FORSYTHE,1,1,0,0,0
Bullitt,C111,U.S. Senate,,Democratic,Amy McGRATH,15,5,9,1,0
Bullitt,C111,U.S. Senate,,Democratic,Dale Lewis ROMANS,2,0,2,0,0
Bullitt,C111,U.S. Senate,,Democratic,Joshua BLANTON SR.,0,0,0,0,0
Bullitt,C111,U.S. Senate,,Democratic,Vincent Anthony THOMPSON,0,0,0,0,0
Bullitt,C111,U.S. Senate,,Democratic,Charles BOOKER,11,2,9,0,0
Bullitt,C111,U.S. Senate,,Democratic,Pamela STEVENSON,0,0,0,0,0
Bullitt,C111,U.S. House,2,Democratic,David S. HATFIELD,6,0,6,0,0
Bullitt,C111,U.S. House,2,Democratic,Megan WINGFIELD,12,4,7,1,0
Bullitt,C111,U.S. House,2,Democratic,Hank LINDERMAN,4,2,2,0,0
Bullitt,C111,U.S. House,2,Democratic,William Dakota COMPTON,5,1,4,0,0
Bullitt,C112,U.S. Senate,,Republican,Anissa CATLETT,1,0,1,0,0
Bullitt,C112,U.S. Senate,,Republican,A. Nick SHELLEY,0,0,0,0,0
Bullitt,C112,U.S. Senate,,Republican,"Valerie ""Dr Val"" FREDRICK",3,2,1,0,0
Bullitt,C112,U.S. Senate,,Republican,Michael James FARIS,1,1,0,0,0
Bullitt,C112,U.S. Senate,,Republican,Nate MORRIS,1,0,1,0,0
Bullitt,C112,U.S. Senate,,Republican,Other Donald WENZEL,0,0,0,0,0
Bullitt,C112,U.S. Senate,,Republican,Jonathan M. HOLLIDAY,0,0,0,0,0
Bullitt,C112,U.S. Senate,,Republican,George WASHINGTON,0,0,0,0,0
Bullitt,C112,U.S. Senate,,Republican,Andy BARR,35,12,23,0,0
Bullitt,C112,U.S. Senate,,Republican,Daniel CAMERON,26,10,16,0,0
Bullitt,C112,U.S. Senate,,Republican,Jimmy I. LEON,2,2,0,0,0
Bullitt,C112,U.S. Senate,,Republican,James D. DUNCAN,2,0,2,0,0
Bullitt,C112,U.S. Senate,,,Under Votes,6,1,5,0,0
Bullitt,C112,U.S. Senate,,,Over Votes,0,0,0,0,0
Bullitt,C112,Ballots Cast,,,,111,,,,
Bullitt,C112,U.S. House,2,Republican,"G. ""Shay"" PERRY-ADELMANN",2,1,1,0,0
Bullitt,C112,U.S. House,2,Republican,S. Brett GUTHRIE,58,21,37,0,0
Bullitt,C112,U.S. House,2,Republican,Joshua M. FERGUSON,10,4,6,0,0
Bullitt,C112,U.S. House,2,,Under Votes,8,2,6,0,0
Bullitt,C112,U.S. House,2,,Over Votes,0,0,0,0,0
Bullitt,C112,County Judge/Executive,,,"Jerral ""Jerry"" SUMMERS",23,9,14,0,0
Bullitt,C112,County Judge/Executive,,,Shelia METCALFE,17,7,10,0,0
Bullitt,C112,County Judge/Executive,,,Tony THOMPSON,28,8,20,0,0
Bullitt,C112,County Judge/Executive,,,Under Votes,7,3,4,0,0
Bullitt,C112,County Judge/Executive,,,Over Votes,0,0,0,0,0
Bullitt,C112,County Clerk,,,Mark WILLIAMS,6,2,4,0,0
Bullitt,C112,County Clerk,,,Allen MARICLE,7,2,5,0,0
Bullitt,C112,County Clerk,,,"Debra ""Debbie"" JOHNSON",22,5,17,0,0
Bullitt,C112,County Clerk,,,Cody WATERS,7,0,7,0,0
Bullitt,C112,County Clerk,,,Sheri WEBBER,23,17,6,0,0
Bullitt,C112,County Clerk,,,Rita PARSONS,5,1,4,0,0
Bullitt,C112,County Clerk,,,Under Votes,5,0,5,0,0
Bullitt,C112,County Clerk,,,Over Votes,0,0,0,0,0
Bullitt,C112,Sheriff,,,Walt SHOLAR,44,19,25,0,0
Bullitt,C112,Sheriff,,,Kenneth L. PROFFITT,23,6,17,0,0
Bullitt,C112,Sheriff,,,Under Votes,8,2,6,0,0
Bullitt,C112,Sheriff,,,Over Votes,0,0,0,0,0
Bullitt,C112,Jailer,,,John A. CLAYPOOLE II.,9,1,8,0,0
Bullitt,C112,Jailer,,,Bryan WHITTAKER,49,20,29,0,0
Bullitt,C112,Jailer,,,Dewey Wayne McMILLEN,9,4,5,0,0
Bullitt,C112,Jailer,,,Under Votes,8,2,6,0,0
Bullitt,C112,Jailer,,,Over Votes,0,0,0,0,0
Bullitt,C112,County Surveyor,,,Alan HARTLEY,24,9,15,0,0
Bullitt,C112,County Surveyor,,,William HARNED,32,12,20,0,0
Bullitt,C112,County Surveyor,,,Under Votes,19,6,13,0,0
Bullitt,C112,County Surveyor,,,Over Votes,0,0,0,0,0
Bullitt,C112,Magistrate,,,Mike RICE,19,7,12,0,0
Bullitt,C112,Magistrate,,,Gary W. HATCHER,17,6,11,0,0
Bullitt,C112,Magistrate,,,Karen JOHNSON,33,12,21,0,0
Bullitt,C112,Magistrate,,,Under Votes,6,2,4,0,0
Bullitt,C112,Magistrate,,,Over Votes,0,0,0,0,0
Bullitt,C112,U.S. Senate,,Democratic,Logan FORSYTHE,2,1,1,0,0
Bullitt,C112,U.S. Senate,,Democratic,Amy McGRATH,16,4,11,1,0
Bullitt,C112,U.S. Senate,,Democratic,Dale Lewis ROMANS,1,1,0,0,0
Bullitt,C112,U.S. Senate,,Democratic,Joshua BLANTON SR.,1,1,0,0,0
Bullitt,C112,U.S. Senate,,Democratic,Vincent Anthony THOMPSON,1,0,1,0,0
Bullitt,C112,U.S. Senate,,Democratic,Charles BOOKER,9,1,8,0,0
Bullitt,C112,U.S. Senate,,Democratic,Pamela STEVENSON,4,0,4,0,0
Bullitt,C112,U.S. House,2,Democratic,David S. HATFIELD,10,3,7,0,0
Bullitt,C112,U.S. House,2,Democratic,Megan WINGFIELD,15,2,13,0,0
Bullitt,C112,U.S. House,2,Democratic,Hank LINDERMAN,3,1,2,0,0
Bullitt,C112,U.S. House,2,Democratic,William Dakota COMPTON,5,2,2,1,0
Bullitt,C113,U.S. Senate,,Republican,Anissa CATLETT,2,0,2,0,0
Bullitt,C113,U.S. Senate,,Republican,A. Nick SHELLEY,2,0,2,0,0
Bullitt,C113,U.S. Senate,,Republican,"Valerie ""Dr Val"" FREDRICK",1,0,1,0,0
Bullitt,C113,U.S. Senate,,Republican,Michael James FARIS,0,0,0,0,0
Bullitt,C113,U.S. Senate,,Republican,Nate MORRIS,0,0,0,0,0
Bullitt,C113,U.S. Senate,,Republican,Other Donald WENZEL,0,0,0,0,0
Bullitt,C113,U.S. Senate,,Republican,Jonathan M. HOLLIDAY,0,0,0,0,0
Bullitt,C113,U.S. Senate,,Republican,George WASHINGTON,1,0,1,0,0
Bullitt,C113,U.S. Senate,,Republican,Andy BARR,68,16,51,1,0
Bullitt,C113,U.S. Senate,,Republican,Daniel CAMERON,32,3,29,0,0
Bullitt,C113,U.S. Senate,,Republican,Jimmy I. LEON,0,0,0,0,0
Bullitt,C113,U.S. Senate,,Republican,James D. DUNCAN,0,0,0,0,0
Bullitt,C113,U.S. Senate,,,Under Votes,3,1,2,0,0
Bullitt,C113,U.S. Senate,,,Over Votes,0,0,0,0,0
Bullitt,C113,Ballots Cast,,,,154,,,,
Bullitt,C113,U.S. House,2,Republican,"G. ""Shay"" PERRY-ADELMANN",7,0,7,0,0
Bullitt,C113,U.S. House,2,Republican,S. Brett GUTHRIE,93,18,74,1,0
Bullitt,C113,U.S. House,2,Republican,Joshua M. FERGUSON,3,0,3,0,0
Bullitt,C113,U.S. House,2,,Under Votes,9,2,7,0,0
Bullitt,C113,U.S. House,2,,Over Votes,0,0,0,0,0
Bullitt,C113,County Judge/Executive,,,"Jerral ""Jerry"" SUMMERS",56,7,48,1,0
Bullitt,C113,County Judge/Executive,,,Shelia METCALFE,12,3,9,0,0
Bullitt,C113,County Judge/Executive,,,Tony THOMPSON,27,7,20,0,0
Bullitt,C113,County Judge/Executive,,,Under Votes,14,3,11,0,0
Bullitt,C113,County Judge/Executive,,,Over Votes,0,0,0,0,0
Bullitt,C113,County Clerk,,,Mark WILLIAMS,6,0,6,0,0
Bullitt,C113,County Clerk,,,Allen MARICLE,7,2,5,0,0
Bullitt,C113,County Clerk,,,"Debra ""Debbie"" JOHNSON",41,5,35,1,0
Bullitt,C113,County Clerk,,,Cody WATERS,6,4,2,0,0
Bullitt,C113,County Clerk,,,Sheri WEBBER,23,3,20,0,0
Bullitt,C113,County Clerk,,,Rita PARSONS,12,3,9,0,0
Bullitt,C113,County Clerk,,,Under Votes,13,2,11,0,0
Bullitt,C113,County Clerk,,,Over Votes,1,1,0,0,0
Bullitt,C113,Sheriff,,,Walt SHOLAR,76,15,60,1,0
Bullitt,C113,Sheriff,,,Kenneth L. PROFFITT,24,3,21,0,0
Bullitt,C113,Sheriff,,,Under Votes,9,2,7,0,0
Bullitt,C113,Sheriff,,,Over Votes,0,0,0,0,0
Bullitt,C113,Jailer,,,John A. CLAYPOOLE II.,4,0,4,0,0
Bullitt,C113,Jailer,,,Bryan WHITTAKER,90,17,72,1,0
Bullitt,C113,Jailer,,,Dewey Wayne McMILLEN,9,1,8,0,0
Bullitt,C113,Jailer,,,Under Votes,6,2,4,0,0
Bullitt,C113,Jailer,,,Over Votes,0,0,0,0,0
Bullitt,C113,County Surveyor,,,Alan HARTLEY,37,6,31,0,0
Bullitt,C113,County Surveyor,,,William HARNED,48,9,39,0,0
Bullitt,C113,County Surveyor,,,Under Votes,24,5,18,1,0
Bullitt,C113,County Surveyor,,,Over Votes,0,0,0,0,0
Bullitt,C113,Magistrate,,,Mike RICE,11,3,8,0,0
Bullitt,C113,Magistrate,,,Gary W. HATCHER,36,4,31,1,0
Bullitt,C113,Magistrate,,,Karen JOHNSON,47,10,37,0,0
Bullitt,C113,Magistrate,,,Under Votes,15,3,12,0,0
Bullitt,C113,Magistrate,,,Over Votes,0,0,0,0,0
Bullitt,C113,U.S. Senate,,Democratic,Logan FORSYTHE,3,0,3,0,0
Bullitt,C113,U.S. Senate,,Democratic,Amy McGRATH,23,4,19,0,0
Bullitt,C113,U.S. Senate,,Democratic,Dale Lewis ROMANS,5,1,4,0,0
Bullitt,C113,U.S. Senate,,Democratic,Joshua BLANTON SR.,1,0,1,0,0
Bullitt,C113,U.S. Senate,,Democratic,Vincent Anthony THOMPSON,1,0,1,0,0
Bullitt,C113,U.S. Senate,,Democratic,Charles BOOKER,7,0,7,0,0
Bullitt,C113,U.S. Senate,,Democratic,Pamela STEVENSON,5,0,4,0,1
Bullitt,C113,U.S. House,2,Democratic,David S. HATFIELD,13,1,12,0,0
Bullitt,C113,U.S. House,2,Democratic,Megan WINGFIELD,15,1,13,0,1
Bullitt,C113,U.S. House,2,Democratic,Hank LINDERMAN,5,1,4,0,0
Bullitt,C113,U.S. House,2,Democratic,William Dakota COMPTON,9,2,7,0,0
Bullitt,C114,U.S. Senate,,Republican,Anissa CATLETT,2,0,2,0,0
Bullitt,C114,U.S. Senate,,Republican,A. Nick SHELLEY,0,0,0,0,0
Bullitt,C114,U.S. Senate,,Republican,"Valerie ""Dr Val"" FREDRICK",8,1,7,0,0
Bullitt,C114,U.S. Senate,,Republican,Michael James FARIS,1,1,0,0,0
Bullitt,C114,U.S. Senate,,Republican,Nate MORRIS,7,3,4,0,0
Bullitt,C114,U.S. Senate,,Republican,Other Donald WENZEL,0,0,0,0,0
Bullitt,C114,U.S. Senate,,Republican,Jonathan M. HOLLIDAY,0,0,0,0,0
Bullitt,C114,U.S. Senate,,Republican,George WASHINGTON,2,2,0,0,0
Bullitt,C114,U.S. Senate,,Republican,Andy BARR,101,32,69,0,0
Bullitt,C114,U.S. Senate,,Republican,Daniel CAMERON,75,19,55,1,0
Bullitt,C114,U.S. Senate,,Republican,Jimmy I. LEON,0,0,0,0,0
Bullitt,C114,U.S. Senate,,Republican,James D. DUNCAN,0,0,0,0,0
Bullitt,C114,U.S. Senate,,,Under Votes,2,0,2,0,0
Bullitt,C114,U.S. Senate,,,Over Votes,0,0,0,0,0
Bullitt,C114,Ballots Cast,,,,292,,,,
Bullitt,C114,U.S. House,2,Republican,"G. ""Shay"" PERRY-ADELMANN",12,3,9,0,0
Bullitt,C114,U.S. House,2,Republican,S. Brett GUTHRIE,144,46,98,0,0
Bullitt,C114,U.S. House,2,Republican,Joshua M. FERGUSON,21,5,15,1,0
Bullitt,C114,U.S. House,2,,Under Votes,21,4,17,0,0
Bullitt,C114,U.S. House,2,,Over Votes,0,0,0,0,0
Bullitt,C114,County Judge/Executive,,,"Jerral ""Jerry"" SUMMERS",84,32,52,0,0
Bullitt,C114,County Judge/Executive,,,Shelia METCALFE,29,8,20,1,0
Bullitt,C114,County Judge/Executive,,,Tony THOMPSON,61,14,47,0,0
Bullitt,C114,County Judge/Executive,,,Under Votes,23,4,19,0,0
Bullitt,C114,County Judge/Executive,,,Over Votes,0,0,0,0,0
Bullitt,C114,County Clerk,,,Mark WILLIAMS,15,4,11,0,0
Bullitt,C114,County Clerk,,,Allen MARICLE,6,2,4,0,0
Bullitt,C114,County Clerk,,,"Debra ""Debbie"" JOHNSON",48,17,31,0,0
Bullitt,C114,County Clerk,,,Cody WATERS,30,8,22,0,0
Bullitt,C114,County Clerk,,,Sheri WEBBER,37,15,22,0,0
Bullitt,C114,County Clerk,,,Rita PARSONS,33,8,24,1,0
Bullitt,C114,County Clerk,,,Under Votes,28,4,24,0,0
Bullitt,C114,County Clerk,,,Over Votes,0,0,0,0,0
Bullitt,C114,Sheriff,,,Walt SHOLAR,134,45,89,0,0
Bullitt,C114,Sheriff,,,Kenneth L. PROFFITT,41,11,29,1,0
Bullitt,C114,Sheriff,,,Under Votes,22,2,20,0,0
Bullitt,C114,Sheriff,,,Over Votes,0,0,0,0,0
Bullitt,C114,Jailer,,,John A. CLAYPOOLE II.,14,2,12,0,0
Bullitt,C114,Jailer,,,Bryan WHITTAKER,105,27,77,1,0
Bullitt,C114,Jailer,,,Dewey Wayne McMILLEN,55,26,29,0,0
Bullitt,C114,Jailer,,,Under Votes,23,3,20,0,0
Bullitt,C114,Jailer,,,Over Votes,0,0,0,0,0
Bullitt,C114,County Surveyor,,,Alan HARTLEY,73,21,52,0,0
Bullitt,C114,County Surveyor,,,William HARNED,81,26,54,1,0
Bullitt,C114,County Surveyor,,,Under Votes,43,11,32,0,0
Bullitt,C114,County Surveyor,,,Over Votes,0,0,0,0,0
Bullitt,C114,Magistrate,,,Mike RICE,85,26,59,0,0
Bullitt,C114,Magistrate,,,Gary W. HATCHER,27,10,17,0,0
Bullitt,C114,Magistrate,,,Karen JOHNSON,54,15,38,1,0
Bullitt,C114,Magistrate,,,Under Votes,31,7,24,0,0
Bullitt,C114,Magistrate,,,Over Votes,0,0,0,0,0
Bullitt,C114,U.S. Senate,,Democratic,Logan FORSYTHE,1,0,1,0,0
Bullitt,C114,U.S. Senate,,Democratic,Amy McGRATH,46,8,35,3,0
Bullitt,C114,U.S. Senate,,Democratic,Dale Lewis ROMANS,7,4,2,1,0
Bullitt,C114,U.S. Senate,,Democratic,Joshua BLANTON SR.,0,0,0,0,0
Bullitt,C114,U.S. Senate,,Democratic,Vincent Anthony THOMPSON,4,1,3,0,0
Bullitt,C114,U.S. Senate,,Democratic,Charles BOOKER,34,7,27,0,0
Bullitt,C114,U.S. Senate,,Democratic,Pamela STEVENSON,2,1,1,0,0
Bullitt,C114,U.S. House,2,Democratic,David S. HATFIELD,25,4,21,0,0
Bullitt,C114,U.S. House,2,Democratic,Megan WINGFIELD,43,9,30,4,0
Bullitt,C114,U.S. House,2,Democratic,Hank LINDERMAN,17,5,12,0,0
Bullitt,C114,U.S. House,2,Democratic,William Dakota COMPTON,9,3,6,0,0
Bullitt,D101,U.S. Senate,,Republican,Anissa CATLETT,2,1,1,0,0
Bullitt,D101,U.S. Senate,,Republican,A. Nick SHELLEY,1,0,1,0,0
Bullitt,D101,U.S. Senate,,Republican,"Valerie ""Dr Val"" FREDRICK",0,0,0,0,0
Bullitt,D101,U.S. Senate,,Republican,Michael James FARIS,2,0,1,0,1
Bullitt,D101,U.S. Senate,,Republican,Nate MORRIS,5,1,4,0,0
Bullitt,D101,U.S. Senate,,Republican,Other Donald WENZEL,0,0,0,0,0
Bullitt,D101,U.S. Senate,,Republican,Jonathan M. HOLLIDAY,1,0,1,0,0
Bullitt,D101,U.S. Senate,,Republican,George WASHINGTON,2,0,2,0,0
Bullitt,D101,U.S. Senate,,Republican,Andy BARR,52,5,45,2,0
Bullitt,D101,U.S. Senate,,Republican,Daniel CAMERON,41,2,39,0,0
Bullitt,D101,U.S. Senate,,Republican,Jimmy I. LEON,0,0,0,0,0
Bullitt,D101,U.S. Senate,,Republican,James D. DUNCAN,0,0,0,0,0
Bullitt,D101,U.S. Senate,,,Under Votes,17,0,16,0,1
Bullitt,D101,U.S. Senate,,,Over Votes,0,0,0,0,0
Bullitt,D101,Ballots Cast,,,,201,,,,
Bullitt,D101,U.S. House,2,Republican,"G. ""Shay"" PERRY-ADELMANN",7,1,6,0,0
Bullitt,D101,U.S. House,2,Republican,S. Brett GUTHRIE,75,8,65,1,1
Bullitt,D101,U.S. House,2,Republican,Joshua M. FERGUSON,18,0,17,1,0
Bullitt,D101,U.S. House,2,,Under Votes,26,0,25,0,1
Bullitt,D101,U.S. House,2,,Over Votes,0,0,0,0,0
Bullitt,D101,County Judge/Executive,,,"Jerral ""Jerry"" SUMMERS",58,7,50,1,0
Bullitt,D101,County Judge/Executive,,,Shelia METCALFE,15,0,14,1,0
Bullitt,D101,County Judge/Executive,,,Tony THOMPSON,30,2,26,0,2
Bullitt,D101,County Judge/Executive,,,Under Votes,11,0,11,0,0
Bullitt,D101,County Judge/Executive,,,Over Votes,0,0,0,0,0
Bullitt,D101,County Clerk,,,Mark WILLIAMS,12,1,11,0,0
Bullitt,D101,County Clerk,,,Allen MARICLE,9,3,6,0,0
Bullitt,D101,County Clerk,,,"Debra ""Debbie"" JOHNSON",17,1,15,1,0
Bullitt,D101,County Clerk,,,Cody WATERS,51,4,45,0,2
Bullitt,D101,County Clerk,,,Sheri WEBBER,8,0,7,1,0
Bullitt,D101,County Clerk,,,Rita PARSONS,6,0,6,0,0
Bullitt,D101,County Clerk,,,Under Votes,11,0,11,0,0
Bullitt,D101,County Clerk,,,Over Votes,0,0,0,0,0
Bullitt,D101,Sheriff,,,Walt SHOLAR,66,7,58,1,0
Bullitt,D101,Sheriff,,,Kenneth L. PROFFITT,38,2,33,1,2
Bullitt,D101,Sheriff,,,Under Votes,10,0,10,0,0
Bullitt,D101,Sheriff,,,Over Votes,0,0,0,0,0
Bullitt,D101,Jailer,,,John A. CLAYPOOLE II.,7,1,6,0,0
Bullitt,D101,Jailer,,,Bryan WHITTAKER,72,5,65,2,0
Bullitt,D101,Jailer,,,Dewey Wayne McMILLEN,23,3,18,0,2
Bullitt,D101,Jailer,,,Under Votes,12,0,12,0,0
Bullitt,D101,Jailer,,,Over Votes,0,0,0,0,0
Bullitt,D101,County Surveyor,,,Alan HARTLEY,26,4,22,0,0
Bullitt,D101,County Surveyor,,,William HARNED,71,4,63,2,2
Bullitt,D101,County Surveyor,,,Under Votes,17,1,16,0,0
Bullitt,D101,County Surveyor,,,Over Votes,0,0,0,0,0
Bullitt,D101,Magistrate,,,"Joe ""Joey"" RAYHILL",58,2,56,0,0
Bullitt,D101,Magistrate,,,Brian BLEEMEL,44,7,33,2,2
Bullitt,D101,Magistrate,,,Under Votes,12,0,12,0,0
Bullitt,D101,Magistrate,,,Over Votes,0,0,0,0,0
Bullitt,D101,U.S. Senate,,Democratic,Logan FORSYTHE,0,0,0,0,0
Bullitt,D101,U.S. Senate,,Democratic,Amy McGRATH,31,1,30,0,0
Bullitt,D101,U.S. Senate,,Democratic,Dale Lewis ROMANS,9,1,8,0,0
Bullitt,D101,U.S. Senate,,Democratic,Joshua BLANTON SR.,1,0,1,0,0
Bullitt,D101,U.S. Senate,,Democratic,Vincent Anthony THOMPSON,4,1,3,0,0
Bullitt,D101,U.S. Senate,,Democratic,Charles BOOKER,19,1,18,0,0
Bullitt,D101,U.S. Senate,,Democratic,Pamela STEVENSON,4,0,3,1,0
Bullitt,D101,U.S. House,2,Democratic,David S. HATFIELD,25,0,25,0,0
Bullitt,D101,U.S. House,2,Democratic,Megan WINGFIELD,20,2,17,1,0
Bullitt,D101,U.S. House,2,Democratic,Hank LINDERMAN,11,1,10,0,0
Bullitt,D101,U.S. House,2,Democratic,William Dakota COMPTON,9,1,8,0,0
Bullitt,D101,Mayor City of Lebanon Junction,,,Stephen NEWMAN,12,1,11,0,0
Bullitt,D101,Mayor City of Lebanon Junction,,,Jennie FLEMING,38,2,33,1,2
Bullitt,D101,Mayor City of Lebanon Junction,,,Larry D. DANGERFIELD,131,9,121,1,0
Bullitt,D101,Mayor City of Lebanon Junction,,,Under Votes,2,0,2,0,0
Bullitt,D101,Mayor City of Lebanon Junction,,,Over Votes,0,0,0,0,0
Bullitt,D102,U.S. Senate,,Republican,Anissa CATLETT,3,0,3,0,0
Bullitt,D102,U.S. Senate,,Republican,A. Nick SHELLEY,1,0,1,0,0
Bullitt,D102,U.S. Senate,,Republican,"Valerie ""Dr Val"" FREDRICK",3,0,3,0,0
Bullitt,D102,U.S. Senate,,Republican,Michael James FARIS,9,1,8,0,0
Bullitt,D102,U.S. Senate,,Republican,Nate MORRIS,8,0,8,0,0
Bullitt,D102,U.S. Senate,,Republican,Other Donald WENZEL,0,0,0,0,0
Bullitt,D102,U.S. Senate,,Republican,Jonathan M. HOLLIDAY,1,0,1,0,0
Bullitt,D102,U.S. Senate,,Republican,George WASHINGTON,3,1,2,0,0
Bullitt,D102,U.S. Senate,,Republican,Andy BARR,91,7,82,2,0
Bullitt,D102,U.S. Senate,,Republican,Daniel CAMERON,79,2,74,0,3
Bullitt,D102,U.S. Senate,,Republican,Jimmy I. LEON,0,0,0,0,0
Bullitt,D102,U.S. Senate,,Republican,James D. DUNCAN,1,0,0,1,0
Bullitt,D102,U.S. Senate,,,Under Votes,13,0,13,0,0
Bullitt,D102,U.S. Senate,,,Over Votes,0,0,0,0,0
Bullitt,D102,Ballots Cast,,,,356,,,,
Bullitt,D102,U.S. House,2,Republican,"G. ""Shay"" PERRY-ADELMANN",18,1,15,0,2
Bullitt,D102,U.S. House,2,Republican,S. Brett GUTHRIE,139,8,127,3,1
Bullitt,D102,U.S. House,2,Republican,Joshua M. FERGUSON,25,0,25,0,0
Bullitt,D102,U.S. House,2,,Under Votes,40,2,38,0,0
Bullitt,D102,U.S. House,2,,Over Votes,0,0,0,0,0
Bullitt,D102,County Judge/Executive,,,"Jerral ""Jerry"" SUMMERS",87,4,82,1,0
Bullitt,D102,County Judge/Executive,,,Shelia METCALFE,25,0,25,0,0
Bullitt,D102,County Judge/Executive,,,Tony THOMPSON,77,7,65,2,3
Bullitt,D102,County Judge/Executive,,,Under Votes,15,0,15,0,0
Bullitt,D102,County Judge/Executive,,,Over Votes,0,0,0,0,0
Bullitt,D102,County Clerk,,,Mark WILLIAMS,16,1,15,0,0
Bullitt,D102,County Clerk,,,Allen MARICLE,14,1,13,0,0
Bullitt,D102,County Clerk,,,"Debra ""Debbie"" JOHNSON",23,1,22,0,0
Bullitt,D102,County Clerk,,,Cody WATERS,99,6,89,3,1
Bullitt,D102,County Clerk,,,Sheri WEBBER,13,0,13,0,0
Bullitt,D102,County Clerk,,,Rita PARSONS,23,1,20,0,2
Bullitt,D102,County Clerk,,,Under Votes,16,1,15,0,0
Bullitt,D102,County Clerk,,,Over Votes,0,0,0,0,0
Bullitt,D102,Sheriff,,,Walt SHOLAR,126,8,114,3,1
Bullitt,D102,Sheriff,,,Kenneth L. PROFFITT,62,3,57,0,2
Bullitt,D102,Sheriff,,,Under Votes,16,0,16,0,0
Bullitt,D102,Sheriff,,,Over Votes,0,0,0,0,0
Bullitt,D102,Jailer,,,John A. CLAYPOOLE II.,6,0,6,0,0
Bullitt,D102,Jailer,,,Bryan WHITTAKER,136,10,122,3,1
Bullitt,D102,Jailer,,,Dewey Wayne McMILLEN,45,1,42,0,2
Bullitt,D102,Jailer,,,Under Votes,17,0,17,0,0
Bullitt,D102,Jailer,,,Over Votes,0,0,0,0,0
Bullitt,D102,County Surveyor,,,Alan HARTLEY,41,4,35,1,1
Bullitt,D102,County Surveyor,,,William HARNED,136,6,126,2,2
Bullitt,D102,County Surveyor,,,Under Votes,27,1,26,0,0
Bullitt,D102,County Surveyor,,,Over Votes,0,0,0,0,0
Bullitt,D102,Magistrate,,,"Joe ""Joey"" RAYHILL",103,5,96,2,0
Bullitt,D102,Magistrate,,,Brian BLEEMEL,85,5,77,0,3
Bullitt,D102,Magistrate,,,Under Votes,16,1,14,1,0
Bullitt,D102,Magistrate,,,Over Votes,0,0,0,0,0
Bullitt,D102,U.S. Senate,,Democratic,Logan FORSYTHE,4,0,4,0,0
Bullitt,D102,U.S. Senate,,Democratic,Amy McGRATH,56,3,52,1,0
Bullitt,D102,U.S. Senate,,Democratic,Dale Lewis ROMANS,10,2,8,0,0
Bullitt,D102,U.S. Senate,,Democratic,Joshua BLANTON SR.,2,0,2,0,0
Bullitt,D102,U.S. Senate,,Democratic,Vincent Anthony THOMPSON,8,0,8,0,0
Bullitt,D102,U.S. Senate,,Democratic,Charles BOOKER,43,2,39,2,0
Bullitt,D102,U.S. Senate,,Democratic,Pamela STEVENSON,8,1,7,0,0
Bullitt,D102,U.S. House,2,Democratic,David S. HATFIELD,51,6,45,0,0
Bullitt,D102,U.S. House,2,Democratic,Megan WINGFIELD,35,0,34,1,0
Bullitt,D102,U.S. House,2,Democratic,Hank LINDERMAN,24,1,21,2,0
Bullitt,D102,U.S. House,2,Democratic,William Dakota COMPTON,11,1,10,0,0
Bullitt,D102,Mayor City of Lebanon Junction,,,Stephen NEWMAN,31,0,31,0,0
Bullitt,D102,Mayor City of Lebanon Junction,,,Jennie FLEMING,70,9,59,0,2
Bullitt,D102,Mayor City of Lebanon Junction,,,Larry D. DANGERFIELD,162,6,151,5,0
Bullitt,D102,Mayor City of Lebanon Junction,,,Under Votes,3,0,3,0,0
Bullitt,D102,Mayor City of Lebanon Junction,,,Over Votes,0,0,0,0,0
Bullitt,D103,U.S. Senate,,Republican,Anissa CATLETT,0,0,0,0,0
Bullitt,D103,U.S. Senate,,Republican,A. Nick SHELLEY,1,0,1,0,0
Bullitt,D103,U.S. Senate,,Republican,"Valerie ""Dr Val"" FREDRICK",1,1,0,0,0
Bullitt,D103,U.S. Senate,,Republican,Michael James FARIS,0,0,0,0,0
Bullitt,D103,U.S. Senate,,Republican,Nate MORRIS,8,1,7,0,0
Bullitt,D103,U.S. Senate,,Republican,Other Donald WENZEL,0,0,0,0,0
Bullitt,D103,U.S. Senate,,Republican,Jonathan M. HOLLIDAY,0,0,0,0,0
Bullitt,D103,U.S. Senate,,Republican,George WASHINGTON,1,1,0,0,0
Bullitt,D103,U.S. Senate,,Republican,Andy BARR,102,20,80,2,0
Bullitt,D103,U.S. Senate,,Republican,Daniel CAMERON,103,24,76,3,0
Bullitt,D103,U.S. Senate,,Republican,Jimmy I. LEON,0,0,0,0,0
Bullitt,D103,U.S. Senate,,Republican,James D. DUNCAN,1,0,1,0,0
Bullitt,D103,U.S. Senate,,,Under Votes,5,1,4,0,0
Bullitt,D103,U.S. Senate,,,Over Votes,1,0,1,0,0
Bullitt,D103,Ballots Cast,,,,317,,,,
Bullitt,D103,U.S. House,2,Republican,"G. ""Shay"" PERRY-ADELMANN",10,1,8,1,0
Bullitt,D103,U.S. House,2,Republican,S. Brett GUTHRIE,172,41,129,2,0
Bullitt,D103,U.S. House,2,Republican,Joshua M. FERGUSON,25,4,19,2,0
Bullitt,D103,U.S. House,2,,Under Votes,21,4,17,0,0
Bullitt,D103,U.S. House,2,,Over Votes,0,0,0,0,0
Bullitt,D103,County Judge/Executive,,,"Jerral ""Jerry"" SUMMERS",103,27,74,2,0
Bullitt,D103,County Judge/Executive,,,Shelia METCALFE,24,4,20,0,0
Bullitt,D103,County Judge/Executive,,,Tony THOMPSON,89,17,69,3,0
Bullitt,D103,County Judge/Executive,,,Under Votes,4,0,4,0,0
Bullitt,D103,County Judge/Executive,,,Over Votes,0,0,0,0,0
Bullitt,D103,County Clerk,,,Mark WILLIAMS,22,5,15,2,0
Bullitt,D103,County Clerk,,,Allen MARICLE,20,9,11,0,0
Bullitt,D103,County Clerk,,,"Debra ""Debbie"" JOHNSON",29,3,26,0,0
Bullitt,D103,County Clerk,,,Cody WATERS,81,17,62,2,0
Bullitt,D103,County Clerk,,,Sheri WEBBER,22,3,19,0,0
Bullitt,D103,County Clerk,,,Rita PARSONS,28,8,19,1,0
Bullitt,D103,County Clerk,,,Under Votes,18,3,15,0,0
Bullitt,D103,County Clerk,,,Over Votes,0,0,0,0,0
Bullitt,D103,Sheriff,,,Walt SHOLAR,133,33,99,1,0
Bullitt,D103,Sheriff,,,Kenneth L. PROFFITT,77,14,59,4,0
Bullitt,D103,Sheriff,,,Under Votes,10,1,9,0,0
Bullitt,D103,Sheriff,,,Over Votes,0,0,0,0,0
Bullitt,D103,Jailer,,,John A. CLAYPOOLE II.,9,1,8,0,0
Bullitt,D103,Jailer,,,Bryan WHITTAKER,158,36,120,2,0
Bullitt,D103,Jailer,,,Dewey Wayne McMILLEN,35,7,25,3,0
Bullitt,D103,Jailer,,,Under Votes,18,4,14,0,0
Bullitt,D103,Jailer,,,Over Votes,0,0,0,0,0
Bullitt,D103,County Surveyor,,,Alan HARTLEY,57,10,47,0,0
Bullitt,D103,County Surveyor,,,William HARNED,134,30,99,5,0
Bullitt,D103,County Surveyor,,,Under Votes,29,8,21,0,0
Bullitt,D103,County Surveyor,,,Over Votes,0,0,0,0,0
Bullitt,D103,Magistrate,,,"Joe ""Joey"" RAYHILL",122,28,91,3,0
Bullitt,D103,Magistrate,,,Brian BLEEMEL,88,19,67,2,0
Bullitt,D103,Magistrate,,,Under Votes,10,1,9,0,0
Bullitt,D103,Magistrate,,,Over Votes,0,0,0,0,0
Bullitt,D103,U.S. Senate,,Democratic,Logan FORSYTHE,0,0,0,0,0
Bullitt,D103,U.S. Senate,,Democratic,Amy McGRATH,50,10,40,0,0
Bullitt,D103,U.S. Senate,,Democratic,Dale Lewis ROMANS,8,4,4,0,0
Bullitt,D103,U.S. Senate,,Democratic,Joshua BLANTON SR.,4,0,4,0,0
Bullitt,D103,U.S. Senate,,Democratic,Vincent Anthony THOMPSON,7,0,7,0,0
Bullitt,D103,U.S. Senate,,Democratic,Charles BOOKER,24,7,14,3,0
Bullitt,D103,U.S. Senate,,Democratic,Pamela STEVENSON,1,0,1,0,0
Bullitt,D103,U.S. House,2,Democratic,David S. HATFIELD,28,4,24,0,0
Bullitt,D103,U.S. House,2,Democratic,Megan WINGFIELD,30,6,23,1,0
Bullitt,D103,U.S. House,2,Democratic,Hank LINDERMAN,26,8,16,2,0
Bullitt,D103,U.S. House,2,Democratic,William Dakota COMPTON,5,1,4,0,0
Bullitt,D104,U.S. Senate,,Republican,Anissa CATLETT,3,0,3,0,0
Bullitt,D104,U.S. Senate,,Republican,A. Nick SHELLEY,0,0,0,0,0
Bullitt,D104,U.S. Senate,,Republican,"Valerie ""Dr Val"" FREDRICK",0,0,0,0,0
Bullitt,D104,U.S. Senate,,Republican,Michael James FARIS,2,1,1,0,0
Bullitt,D104,U.S. Senate,,Republican,Nate MORRIS,3,0,3,0,0
Bullitt,D104,U.S. Senate,,Republican,Other Donald WENZEL,0,0,0,0,0
Bullitt,D104,U.S. Senate,,Republican,Jonathan M. HOLLIDAY,0,0,0,0,0
Bullitt,D104,U.S. Senate,,Republican,George WASHINGTON,1,0,1,0,0
Bullitt,D104,U.S. Senate,,Republican,Andy BARR,27,4,23,0,0
Bullitt,D104,U.S. Senate,,Republican,Daniel CAMERON,20,4,16,0,0
Bullitt,D104,U.S. Senate,,Republican,Jimmy I. LEON,0,0,0,0,0
Bullitt,D104,U.S. Senate,,Republican,James D. DUNCAN,1,0,1,0,0
Bullitt,D104,U.S. Senate,,,Under Votes,7,2,5,0,0
Bullitt,D104,U.S. Senate,,,Over Votes,0,0,0,0,0
Bullitt,D104,Ballots Cast,,,,87,,,,
Bullitt,D104,U.S. House,2,Republican,"G. ""Shay"" PERRY-ADELMANN",3,0,3,0,0
Bullitt,D104,U.S. House,2,Republican,S. Brett GUTHRIE,47,8,39,0,0
Bullitt,D104,U.S. House,2,Republican,Joshua M. FERGUSON,6,1,5,0,0
Bullitt,D104,U.S. House,2,,Under Votes,9,2,7,0,0
Bullitt,D104,U.S. House,2,,Over Votes,0,0,0,0,0
Bullitt,D104,County Judge/Executive,,,"Jerral ""Jerry"" SUMMERS",27,6,21,0,0
Bullitt,D104,County Judge/Executive,,,Shelia METCALFE,11,1,10,0,0
Bullitt,D104,County Judge/Executive,,,Tony THOMPSON,20,2,18,0,0
Bullitt,D104,County Judge/Executive,,,Under Votes,3,0,3,0,0
Bullitt,D104,County Judge/Executive,,,Over Votes,0,0,0,0,0
Bullitt,D104,County Clerk,,,Mark WILLIAMS,9,0,9,0,0
Bullitt,D104,County Clerk,,,Allen MARICLE,6,0,6,0,0
Bullitt,D104,County Clerk,,,"Debra ""Debbie"" JOHNSON",16,3,13,0,0
Bullitt,D104,County Clerk,,,Cody WATERS,12,3,9,0,0
Bullitt,D104,County Clerk,,,Sheri WEBBER,8,2,6,0,0
Bullitt,D104,County Clerk,,,Rita PARSONS,8,1,7,0,0
Bullitt,D104,County Clerk,,,Under Votes,2,0,2,0,0
Bullitt,D104,County Clerk,,,Over Votes,0,0,0,0,0
Bullitt,D104,Sheriff,,,Walt SHOLAR,33,7,26,0,0
Bullitt,D104,Sheriff,,,Kenneth L. PROFFITT,27,2,25,0,0
Bullitt,D104,Sheriff,,,Under Votes,1,0,1,0,0
Bullitt,D104,Sheriff,,,Over Votes,0,0,0,0,0
Bullitt,D104,Jailer,,,John A. CLAYPOOLE II.,2,0,2,0,0
Bullitt,D104,Jailer,,,Bryan WHITTAKER,52,8,44,0,0
Bullitt,D104,Jailer,,,Dewey Wayne McMILLEN,5,1,4,0,0
Bullitt,D104,Jailer,,,Under Votes,2,0,2,0,0
Bullitt,D104,Jailer,,,Over Votes,0,0,0,0,0
Bullitt,D104,County Surveyor,,,Alan HARTLEY,22,3,19,0,0
Bullitt,D104,County Surveyor,,,William HARNED,29,6,23,0,0
Bullitt,D104,County Surveyor,,,Under Votes,10,0,10,0,0
Bullitt,D104,County Surveyor,,,Over Votes,0,0,0,0,0
Bullitt,D104,Magistrate,,,"Joe ""Joey"" RAYHILL",31,4,27,0,0
Bullitt,D104,Magistrate,,,Brian BLEEMEL,26,5,21,0,0
Bullitt,D104,Magistrate,,,Under Votes,4,0,4,0,0
Bullitt,D104,Magistrate,,,Over Votes,0,0,0,0,0
Bullitt,D104,U.S. Senate,,Democratic,Logan FORSYTHE,0,0,0,0,0
Bullitt,D104,U.S. Senate,,Democratic,Amy McGRATH,5,2,3,0,0
Bullitt,D104,U.S. Senate,,Democratic,Dale Lewis ROMANS,0,0,0,0,0
Bullitt,D104,U.S. Senate,,Democratic,Joshua BLANTON SR.,0,0,0,0,0
Bullitt,D104,U.S. Senate,,Democratic,Vincent Anthony THOMPSON,0,0,0,0,0
Bullitt,D104,U.S. Senate,,Democratic,Charles BOOKER,17,2,15,0,0
Bullitt,D104,U.S. Senate,,Democratic,Pamela STEVENSON,1,1,0,0,0
Bullitt,D104,U.S. House,2,Democratic,David S. HATFIELD,3,3,0,0,0
Bullitt,D104,U.S. House,2,Democratic,Megan WINGFIELD,14,2,12,0,0
Bullitt,D104,U.S. House,2,Democratic,Hank LINDERMAN,3,0,3,0,0
Bullitt,D104,U.S. House,2,Democratic,William Dakota COMPTON,2,0,2,0,0
Bullitt,D105,U.S. Senate,,Republican,Anissa CATLETT,1,0,1,0,0
Bullitt,D105,U.S. Senate,,Republican,A. Nick SHELLEY,0,0,0,0,0
Bullitt,D105,U.S. Senate,,Republican,"Valerie ""Dr Val"" FREDRICK",1,0,1,0,0
Bullitt,D105,U.S. Senate,,Republican,Michael James FARIS,7,4,3,0,0
Bullitt,D105,U.S. Senate,,Republican,Nate MORRIS,9,1,6,2,0
Bullitt,D105,U.S. Senate,,Republican,Other Donald WENZEL,0,0,0,0,0
Bullitt,D105,U.S. Senate,,Republican,Jonathan M. HOLLIDAY,0,0,0,0,0
Bullitt,D105,U.S. Senate,,Republican,George WASHINGTON,5,3,2,0,0
Bullitt,D105,U.S. Senate,,Republican,Andy BARR,174,31,136,7,0
Bullitt,D105,U.S. Senate,,Republican,Daniel CAMERON,144,39,99,6,0
Bullitt,D105,U.S. Senate,,Republican,Jimmy I. LEON,1,0,1,0,0
Bullitt,D105,U.S. Senate,,Republican,James D. DUNCAN,2,0,2,0,0
Bullitt,D105,U.S. Senate,,,Under Votes,9,2,7,0,0
Bullitt,D105,U.S. Senate,,,Over Votes,1,0,1,0,0
Bullitt,D105,Ballots Cast,,,,456,,,,
Bullitt,D105,U.S. House,2,Republican,"G. ""Shay"" PERRY-ADELMANN",28,12,16,0,0
Bullitt,D105,U.S. House,2,Republican,S. Brett GUTHRIE,266,56,195,15,0
Bullitt,D105,U.S. House,2,Republican,Joshua M. FERGUSON,33,8,25,0,0
Bullitt,D105,U.S. House,2,,Under Votes,31,5,25,1,0
Bullitt,D105,U.S. House,2,,Over Votes,0,0,0,0,0
Bullitt,D105,County Judge/Executive,,,"Jerral ""Jerry"" SUMMERS",138,41,91,6,0
Bullitt,D105,County Judge/Executive,,,Shelia METCALFE,47,5,39,3,0
Bullitt,D105,County Judge/Executive,,,Tony THOMPSON,131,29,96,6,0
Bullitt,D105,County Judge/Executive,,,Under Votes,33,5,28,0,0
Bullitt,D105,County Judge/Executive,,,Over Votes,0,0,0,0,0
Bullitt,D105,County Clerk,,,Mark WILLIAMS,68,15,49,4,0
Bullitt,D105,County Clerk,,,Allen MARICLE,22,2,20,0,0
Bullitt,D105,County Clerk,,,"Debra ""Debbie"" JOHNSON",55,12,42,1,0
Bullitt,D105,County Clerk,,,Cody WATERS,68,19,47,2,0
Bullitt,D105,County Clerk,,,Sheri WEBBER,49,15,28,6,0
Bullitt,D105,County Clerk,,,Rita PARSONS,47,10,35,2,0
Bullitt,D105,County Clerk,,,Under Votes,40,7,33,0,0
Bullitt,D105,County Clerk,,,Over Votes,0,0,0,0,0
Bullitt,D105,Sheriff,,,Walt SHOLAR,196,47,140,9,0
Bullitt,D105,Sheriff,,,Kenneth L. PROFFITT,129,28,95,6,0
Bullitt,D105,Sheriff,,,Under Votes,24,5,19,0,0
Bullitt,D105,Sheriff,,,Over Votes,0,0,0,0,0
Bullitt,D105,Jailer,,,John A. CLAYPOOLE II.,24,6,18,0,0
Bullitt,D105,Jailer,,,Bryan WHITTAKER,253,54,184,15,0
Bullitt,D105,Jailer,,,Dewey Wayne McMILLEN,43,15,28,0,0
Bullitt,D105,Jailer,,,Under Votes,29,5,24,0,0
Bullitt,D105,Jailer,,,Over Votes,0,0,0,0,0
Bullitt,D105,County Surveyor,,,Alan HARTLEY,114,28,81,5,0
Bullitt,D105,County Surveyor,,,William HARNED,171,41,121,9,0
Bullitt,D105,County Surveyor,,,Under Votes,64,11,52,1,0
Bullitt,D105,County Surveyor,,,Over Votes,0,0,0,0,0
Bullitt,D105,Magistrate,,,"Joe ""Joey"" RAYHILL",120,20,93,7,0
Bullitt,D105,Magistrate,,,Brian BLEEMEL,201,56,137,8,0
Bullitt,D105,Magistrate,,,Under Votes,28,4,24,0,0
Bullitt,D105,Magistrate,,,Over Votes,0,0,0,0,0
Bullitt,D105,U.S. Senate,,Democratic,Logan FORSYTHE,1,0,1,0,0
Bullitt,D105,U.S. Senate,,Democratic,Amy McGRATH,43,10,31,2,0
Bullitt,D105,U.S. Senate,,Democratic,Dale Lewis ROMANS,8,3,5,0,0
Bullitt,D105,U.S. Senate,,Democratic,Joshua BLANTON SR.,7,1,6,0,0
Bullitt,D105,U.S. Senate,,Democratic,Vincent Anthony THOMPSON,4,2,2,0,0
Bullitt,D105,U.S. Senate,,Democratic,Charles BOOKER,35,8,26,1,0
Bullitt,D105,U.S. Senate,,Democratic,Pamela STEVENSON,4,0,4,0,0
Bullitt,D105,U.S. House,2,Democratic,David S. HATFIELD,25,3,22,0,0
Bullitt,D105,U.S. House,2,Democratic,Megan WINGFIELD,40,11,29,0,0
Bullitt,D105,U.S. House,2,Democratic,Hank LINDERMAN,20,6,12,2,0
Bullitt,D105,U.S. House,2,Democratic,William Dakota COMPTON,13,3,10,0,0
Bullitt,D106,U.S. Senate,,Republican,Anissa CATLETT,3,0,1,2,0
Bullitt,D106,U.S. Senate,,Republican,A. Nick SHELLEY,2,0,2,0,0
Bullitt,D106,U.S. Senate,,Republican,"Valerie ""Dr Val"" FREDRICK",2,1,1,0,0
Bullitt,D106,U.S. Senate,,Republican,Michael James FARIS,4,0,4,0,0
Bullitt,D106,U.S. Senate,,Republican,Nate MORRIS,7,0,7,0,0
Bullitt,D106,U.S. Senate,,Republican,Other Donald WENZEL,1,0,1,0,0
Bullitt,D106,U.S. Senate,,Republican,Jonathan M. HOLLIDAY,2,0,2,0,0
Bullitt,D106,U.S. Senate,,Republican,George WASHINGTON,2,0,2,0,0
Bullitt,D106,U.S. Senate,,Republican,Andy BARR,110,29,80,0,1
Bullitt,D106,U.S. Senate,,Republican,Daniel CAMERON,73,21,52,0,0
Bullitt,D106,U.S. Senate,,Republican,Jimmy I. LEON,2,0,2,0,0
Bullitt,D106,U.S. Senate,,Republican,James D. DUNCAN,3,0,3,0,0
Bullitt,D106,U.S. Senate,,,Under Votes,4,1,3,0,0
Bullitt,D106,U.S. Senate,,,Over Votes,0,0,0,0,0
Bullitt,D106,Ballots Cast,,,,300,,,,
Bullitt,D106,U.S. House,2,Republican,"G. ""Shay"" PERRY-ADELMANN",21,5,14,2,0
Bullitt,D106,U.S. House,2,Republican,S. Brett GUTHRIE,152,37,114,0,1
Bullitt,D106,U.S. House,2,Republican,Joshua M. FERGUSON,30,6,24,0,0
Bullitt,D106,U.S. House,2,,Under Votes,13,4,9,0,0
Bullitt,D106,U.S. House,2,,Over Votes,0,0,0,0,0
Bullitt,D106,County Judge/Executive,,,"Jerral ""Jerry"" SUMMERS",97,22,74,0,1
Bullitt,D106,County Judge/Executive,,,Shelia METCALFE,33,4,27,2,0
Bullitt,D106,County Judge/Executive,,,Tony THOMPSON,77,25,52,0,0
Bullitt,D106,County Judge/Executive,,,Under Votes,6,1,5,0,0
Bullitt,D106,County Judge/Executive,,,Over Votes,0,0,0,0,0
Bullitt,D106,County Clerk,,,Mark WILLIAMS,40,10,30,0,0
Bullitt,D106,County Clerk,,,Allen MARICLE,19,7,10,2,0
Bullitt,D106,County Clerk,,,"Debra ""Debbie"" JOHNSON",21,2,18,0,1
Bullitt,D106,County Clerk,,,Cody WATERS,75,21,54,0,0
Bullitt,D106,County Clerk,,,Sheri WEBBER,25,7,18,0,0
Bullitt,D106,County Clerk,,,Rita PARSONS,27,4,23,0,0
Bullitt,D106,County Clerk,,,Under Votes,6,1,5,0,0
Bullitt,D106,County Clerk,,,Over Votes,0,0,0,0,0
Bullitt,D106,Sheriff,,,Walt SHOLAR,124,32,92,0,0
Bullitt,D106,Sheriff,,,Kenneth L. PROFFITT,86,20,63,2,1
Bullitt,D106,Sheriff,,,Under Votes,3,0,3,0,0
Bullitt,D106,Sheriff,,,Over Votes,0,0,0,0,0
Bullitt,D106,Jailer,,,John A. CLAYPOOLE II.,9,0,9,0,0
Bullitt,D106,Jailer,,,Bryan WHITTAKER,151,34,115,2,0
Bullitt,D106,Jailer,,,Dewey Wayne McMILLEN,41,15,25,0,1
Bullitt,D106,Jailer,,,Under Votes,12,3,9,0,0
Bullitt,D106,Jailer,,,Over Votes,0,0,0,0,0
Bullitt,D106,County Surveyor,,,Alan HARTLEY,70,14,55,0,1
Bullitt,D106,County Surveyor,,,William HARNED,128,34,92,2,0
Bullitt,D106,County Surveyor,,,Under Votes,15,4,11,0,0
Bullitt,D106,County Surveyor,,,Over Votes,0,0,0,0,0
Bullitt,D106,Magistrate,,,"Joe ""Joey"" RAYHILL",102,18,83,0,1
Bullitt,D106,Magistrate,,,Brian BLEEMEL,105,33,70,2,0
Bullitt,D106,Magistrate,,,Under Votes,6,1,5,0,0
Bullitt,D106,Magistrate,,,Over Votes,0,0,0,0,0
Bullitt,D106,U.S. Senate,,Democratic,Logan FORSYTHE,1,1,0,0,0
Bullitt,D106,U.S. Senate,,Democratic,Amy McGRATH,33,6,21,6,0
Bullitt,D106,U.S. Senate,,Democratic,Dale Lewis ROMANS,15,6,9,0,0
Bullitt,D106,U.S. Senate,,Democratic,Joshua BLANTON SR.,2,1,0,1,0
Bullitt,D106,U.S. Senate,,Democratic,Vincent Anthony THOMPSON,2,0,2,0,0
Bullitt,D106,U.S. Senate,,Democratic,Charles BOOKER,29,6,23,0,0
Bullitt,D106,U.S. Senate,,Democratic,Pamela STEVENSON,3,0,2,1,0
Bullitt,D106,U.S. House,2,Democratic,David S. HATFIELD,23,1,16,6,0
Bullitt,D106,U.S. House,2,Democratic,Megan WINGFIELD,24,5,17,2,0
Bullitt,D106,U.S. House,2,Democratic,Hank LINDERMAN,18,5,13,0,0
Bullitt,D106,U.S. House,2,Democratic,William Dakota COMPTON,19,9,10,0,0
Bullitt,D107,U.S. Senate,,Republican,Anissa CATLETT,4,0,4,0,0
Bullitt,D107,U.S. Senate,,Republican,A. Nick SHELLEY,0,0,0,0,0
Bullitt,D107,U.S. Senate,,Republican,"Valerie ""Dr Val"" FREDRICK",4,0,4,0,0
Bullitt,D107,U.S. Senate,,Republican,Michael James FARIS,18,1,16,1,0
Bullitt,D107,U.S. Senate,,Republican,Nate MORRIS,11,2,7,2,0
Bullitt,D107,U.S. Senate,,Republican,Other Donald WENZEL,0,0,0,0,0
Bullitt,D107,U.S. Senate,,Republican,Jonathan M. HOLLIDAY,7,1,6,0,0
Bullitt,D107,U.S. Senate,,Republican,George WASHINGTON,7,0,7,0,0
Bullitt,D107,U.S. Senate,,Republican,Andy BARR,204,46,155,1,2
Bullitt,D107,U.S. Senate,,Republican,Daniel CAMERON,133,33,98,2,0
Bullitt,D107,U.S. Senate,,Republican,Jimmy I. LEON,0,0,0,0,0
Bullitt,D107,U.S. Senate,,Republican,James D. DUNCAN,1,0,1,0,0
Bullitt,D107,U.S. Senate,,,Under Votes,11,3,8,0,0
Bullitt,D107,U.S. Senate,,,Over Votes,0,0,0,0,0
Bullitt,D107,Ballots Cast,,,,498,,,,
Bullitt,D107,U.S. House,2,Republican,"G. ""Shay"" PERRY-ADELMANN",27,4,23,0,0
Bullitt,D107,U.S. House,2,Republican,S. Brett GUTHRIE,286,66,212,6,2
Bullitt,D107,U.S. House,2,Republican,Joshua M. FERGUSON,53,9,44,0,0
Bullitt,D107,U.S. House,2,,Under Votes,34,8,26,0,0
Bullitt,D107,U.S. House,2,,Over Votes,0,0,0,0,0
Bullitt,D107,County Judge/Executive,,,"Jerral ""Jerry"" SUMMERS",164,38,121,3,2
Bullitt,D107,County Judge/Executive,,,Shelia METCALFE,46,13,33,0,0
Bullitt,D107,County Judge/Executive,,,Tony THOMPSON,167,31,133,3,0
Bullitt,D107,County Judge/Executive,,,Under Votes,16,3,13,0,0
Bullitt,D107,County Judge/Executive,,,Over Votes,0,0,0,0,0
Bullitt,D107,County Clerk,,,Mark WILLIAMS,48,9,36,1,2
Bullitt,D107,County Clerk,,,Allen MARICLE,36,5,31,0,0
Bullitt,D107,County Clerk,,,"Debra ""Debbie"" JOHNSON",53,11,39,3,0
Bullitt,D107,County Clerk,,,Cody WATERS,78,17,59,2,0
Bullitt,D107,County Clerk,,,Sheri WEBBER,72,22,50,0,0
Bullitt,D107,County Clerk,,,Rita PARSONS,67,12,55,0,0
Bullitt,D107,County Clerk,,,Under Votes,39,9,30,0,0
Bullitt,D107,County Clerk,,,Over Votes,0,0,0,0,0
Bullitt,D107,Sheriff,,,Walt SHOLAR,251,69,174,6,2
Bullitt,D107,Sheriff,,,Kenneth L. PROFFITT,131,13,118,0,0
Bullitt,D107,Sheriff,,,Under Votes,11,3,8,0,0
Bullitt,D107,Sheriff,,,Over Votes,0,0,0,0,0
Bullitt,D107,Jailer,,,John A. CLAYPOOLE II.,31,7,23,1,0
Bullitt,D107,Jailer,,,Bryan WHITTAKER,284,62,215,5,2
Bullitt,D107,Jailer,,,Dewey Wayne McMILLEN,47,8,39,0,0
Bullitt,D107,Jailer,,,Under Votes,31,8,23,0,0
Bullitt,D107,Jailer,,,Over Votes,0,0,0,0,0
Bullitt,D107,County Surveyor,,,Alan HARTLEY,119,13,104,2,0
Bullitt,D107,County Surveyor,,,William HARNED,203,60,137,4,2
Bullitt,D107,County Surveyor,,,Under Votes,71,12,59,0,0
Bullitt,D107,County Surveyor,,,Over Votes,0,0,0,0,0
Bullitt,D107,Magistrate,,,"Joe ""Joey"" RAYHILL",149,31,116,2,0
Bullitt,D107,Magistrate,,,Brian BLEEMEL,225,49,170,4,2
Bullitt,D107,Magistrate,,,Under Votes,19,5,14,0,0
Bullitt,D107,Magistrate,,,Over Votes,0,0,0,0,0
Bullitt,D107,U.S. Senate,,Democratic,Logan FORSYTHE,3,1,2,0,0
Bullitt,D107,U.S. Senate,,Democratic,Amy McGRATH,53,20,29,4,0
Bullitt,D107,U.S. Senate,,Democratic,Dale Lewis ROMANS,5,3,2,0,0
Bullitt,D107,U.S. Senate,,Democratic,Joshua BLANTON SR.,3,1,2,0,0
Bullitt,D107,U.S. Senate,,Democratic,Vincent Anthony THOMPSON,3,2,1,0,0
Bullitt,D107,U.S. Senate,,Democratic,Charles BOOKER,25,8,17,0,0
Bullitt,D107,U.S. Senate,,Democratic,Pamela STEVENSON,6,2,4,0,0
Bullitt,D107,U.S. House,2,Democratic,David S. HATFIELD,30,11,17,2,0
Bullitt,D107,U.S. House,2,Democratic,Megan WINGFIELD,32,14,18,0,0
Bullitt,D107,U.S. House,2,Democratic,Hank LINDERMAN,14,2,12,0,0
Bullitt,D107,U.S. House,2,Democratic,William Dakota COMPTON,22,9,11,2,0
Bullitt,D108,U.S. Senate,,Republican,Anissa CATLETT,0,0,0,0,0
Bullitt,D108,U.S. Senate,,Republican,A. Nick SHELLEY,0,0,0,0,0
Bullitt,D108,U.S. Senate,,Republican,"Valerie ""Dr Val"" FREDRICK",4,0,4,0,0
Bullitt,D108,U.S. Senate,,Republican,Michael James FARIS,2,0,2,0,0
Bullitt,D108,U.S. Senate,,Republican,Nate MORRIS,4,0,3,1,0
Bullitt,D108,U.S. Senate,,Republican,Other Donald WENZEL,0,0,0,0,0
Bullitt,D108,U.S. Senate,,Republican,Jonathan M. HOLLIDAY,0,0,0,0,0
Bullitt,D108,U.S. Senate,,Republican,George WASHINGTON,0,0,0,0,0
Bullitt,D108,U.S. Senate,,Republican,Andy BARR,83,29,50,2,2
Bullitt,D108,U.S. Senate,,Republican,Daniel CAMERON,62,18,43,1,0
Bullitt,D108,U.S. Senate,,Republican,Jimmy I. LEON,0,0,0,0,0
Bullitt,D108,U.S. Senate,,Republican,James D. DUNCAN,1,0,1,0,0
Bullitt,D108,U.S. Senate,,,Under Votes,7,2,5,0,0
Bullitt,D108,U.S. Senate,,,Over Votes,0,0,0,0,0
Bullitt,D108,Ballots Cast,,,,247,,,,
Bullitt,D108,U.S. House,2,Republican,"G. ""Shay"" PERRY-ADELMANN",7,3,4,0,0
Bullitt,D108,U.S. House,2,Republican,S. Brett GUTHRIE,117,39,72,4,2
Bullitt,D108,U.S. House,2,Republican,Joshua M. FERGUSON,23,5,18,0,0
Bullitt,D108,U.S. House,2,,Under Votes,18,3,15,0,0
Bullitt,D108,U.S. House,2,,Over Votes,0,0,0,0,0
Bullitt,D108,County Judge/Executive,,,"Jerral ""Jerry"" SUMMERS",88,27,58,3,0
Bullitt,D108,County Judge/Executive,,,Shelia METCALFE,17,5,12,0,0
Bullitt,D108,County Judge/Executive,,,Tony THOMPSON,44,15,26,1,2
Bullitt,D108,County Judge/Executive,,,Under Votes,8,0,8,0,0
Bullitt,D108,County Judge/Executive,,,Over Votes,0,0,0,0,0
Bullitt,D108,County Clerk,,,Mark WILLIAMS,13,3,10,0,0
Bullitt,D108,County Clerk,,,Allen MARICLE,14,5,9,0,0
Bullitt,D108,County Clerk,,,"Debra ""Debbie"" JOHNSON",43,9,32,2,0
Bullitt,D108,County Clerk,,,Cody WATERS,22,9,13,0,0
Bullitt,D108,County Clerk,,,Sheri WEBBER,34,15,18,1,0
Bullitt,D108,County Clerk,,,Rita PARSONS,17,5,9,1,2
Bullitt,D108,County Clerk,,,Under Votes,14,1,13,0,0
Bullitt,D108,County Clerk,,,Over Votes,0,0,0,0,0
Bullitt,D108,Sheriff,,,Walt SHOLAR,83,31,50,2,0
Bullitt,D108,Sheriff,,,Kenneth L. PROFFITT,62,13,46,1,2
Bullitt,D108,Sheriff,,,Under Votes,12,3,8,1,0
Bullitt,D108,Sheriff,,,Over Votes,0,0,0,0,0
Bullitt,D108,Jailer,,,John A. CLAYPOOLE II.,6,0,6,0,0
Bullitt,D108,Jailer,,,Bryan WHITTAKER,111,34,74,3,0
Bullitt,D108,Jailer,,,Dewey Wayne McMILLEN,27,10,15,0,2
Bullitt,D108,Jailer,,,Under Votes,13,3,9,1,0
Bullitt,D108,Jailer,,,Over Votes,0,0,0,0,0
Bullitt,D108,County Surveyor,,,Alan HARTLEY,45,16,27,2,0
Bullitt,D108,County Surveyor,,,William HARNED,73,26,45,1,1
Bullitt,D108,County Surveyor,,,Under Votes,39,5,32,1,1
Bullitt,D108,County Surveyor,,,Over Votes,0,0,0,0,0
Bullitt,D108,Magistrate,,,"Joe ""Joey"" RAYHILL",68,20,48,0,0
Bullitt,D108,Magistrate,,,Brian BLEEMEL,74,26,43,3,2
Bullitt,D108,Magistrate,,,Under Votes,15,1,13,1,0
Bullitt,D108,Magistrate,,,Over Votes,0,0,0,0,0
Bullitt,D108,U.S. Senate,,Democratic,Logan FORSYTHE,3,1,2,0,0
Bullitt,D108,U.S. Senate,,Democratic,Amy McGRATH,35,3,28,4,0
Bullitt,D108,U.S. Senate,,Democratic,Dale Lewis ROMANS,6,1,5,0,0
Bullitt,D108,U.S. Senate,,Democratic,Joshua BLANTON SR.,4,0,4,0,0
Bullitt,D108,U.S. Senate,,Democratic,Vincent Anthony THOMPSON,2,0,2,0,0
Bullitt,D108,U.S. Senate,,Democratic,Charles BOOKER,31,5,21,5,0
Bullitt,D108,U.S. Senate,,Democratic,Pamela STEVENSON,3,0,3,0,0
Bullitt,D108,U.S. House,2,Democratic,David S. HATFIELD,27,3,23,1,0
Bullitt,D108,U.S. House,2,Democratic,Megan WINGFIELD,30,4,23,3,0
Bullitt,D108,U.S. House,2,Democratic,Hank LINDERMAN,14,1,9,4,0
Bullitt,D108,U.S. House,2,Democratic,William Dakota COMPTON,11,1,9,1,0
Bullitt,D110,U.S. Senate,,Republican,Anissa CATLETT,1,0,1,0,0
Bullitt,D110,U.S. Senate,,Republican,A. Nick SHELLEY,1,0,1,0,0
Bullitt,D110,U.S. Senate,,Republican,"Valerie ""Dr Val"" FREDRICK",1,0,1,0,0
Bullitt,D110,U.S. Senate,,Republican,Michael James FARIS,6,1,5,0,0
Bullitt,D110,U.S. Senate,,Republican,Nate MORRIS,10,2,7,1,0
Bullitt,D110,U.S. Senate,,Republican,Other Donald WENZEL,0,0,0,0,0
Bullitt,D110,U.S. Senate,,Republican,Jonathan M. HOLLIDAY,2,1,1,0,0
Bullitt,D110,U.S. Senate,,Republican,George WASHINGTON,1,0,1,0,0
Bullitt,D110,U.S. Senate,,Republican,Andy BARR,172,52,118,2,0
Bullitt,D110,U.S. Senate,,Republican,Daniel CAMERON,167,34,132,0,1
Bullitt,D110,U.S. Senate,,Republican,Jimmy I. LEON,0,0,0,0,0
Bullitt,D110,U.S. Senate,,Republican,James D. DUNCAN,3,2,1,0,0
Bullitt,D110,U.S. Senate,,,Under Votes,9,4,5,0,0
Bullitt,D110,U.S. Senate,,,Over Votes,0,0,0,0,0
Bullitt,D110,Ballots Cast,,,,533,,,,
Bullitt,D110,U.S. House,2,Republican,"G. ""Shay"" PERRY-ADELMANN",15,4,11,0,0
Bullitt,D110,U.S. House,2,Republican,S. Brett GUTHRIE,302,78,220,3,1
Bullitt,D110,U.S. House,2,Republican,Joshua M. FERGUSON,32,8,24,0,0
Bullitt,D110,U.S. House,2,,Under Votes,28,6,22,0,0
Bullitt,D110,U.S. House,2,,Over Votes,0,0,0,0,0
Bullitt,D110,County Judge/Executive,,,"Jerral ""Jerry"" SUMMERS",205,63,138,3,1
Bullitt,D110,County Judge/Executive,,,Shelia METCALFE,52,7,45,0,0
Bullitt,D110,County Judge/Executive,,,Tony THOMPSON,91,20,71,0,0
Bullitt,D110,County Judge/Executive,,,Under Votes,24,6,18,0,0
Bullitt,D110,County Judge/Executive,,,Over Votes,0,0,0,0,0
Bullitt,D110,County Clerk,,,Mark WILLIAMS,24,4,18,2,0
Bullitt,D110,County Clerk,,,Allen MARICLE,22,6,16,0,0
Bullitt,D110,County Clerk,,,"Debra ""Debbie"" JOHNSON",44,9,35,0,0
Bullitt,D110,County Clerk,,,Cody WATERS,68,22,46,0,0
Bullitt,D110,County Clerk,,,Sheri WEBBER,86,22,62,1,1
Bullitt,D110,County Clerk,,,Rita PARSONS,89,26,63,0,0
Bullitt,D110,County Clerk,,,Under Votes,39,7,32,0,0
Bullitt,D110,County Clerk,,,Over Votes,0,0,0,0,0
Bullitt,D110,Sheriff,,,Walt SHOLAR,261,68,189,3,1
Bullitt,D110,Sheriff,,,Kenneth L. PROFFITT,90,24,66,0,0
Bullitt,D110,Sheriff,,,Under Votes,21,4,17,0,0
Bullitt,D110,Sheriff,,,Over Votes,0,0,0,0,0
Bullitt,D110,Jailer,,,John A. CLAYPOOLE II.,25,7,18,0,0
Bullitt,D110,Jailer,,,Bryan WHITTAKER,239,57,181,1,0
Bullitt,D110,Jailer,,,Dewey Wayne McMILLEN,86,27,56,2,1
Bullitt,D110,Jailer,,,Under Votes,22,5,17,0,0
Bullitt,D110,Jailer,,,Over Votes,0,0,0,0,0
Bullitt,D110,County Surveyor,,,Alan HARTLEY,138,28,109,0,1
Bullitt,D110,County Surveyor,,,William HARNED,163,46,114,3,0
Bullitt,D110,County Surveyor,,,Under Votes,71,22,49,0,0
Bullitt,D110,County Surveyor,,,Over Votes,0,0,0,0,0
Bullitt,D110,Magistrate,,,"Joe ""Joey"" RAYHILL",169,41,128,0,0
Bullitt,D110,Magistrate,,,Brian BLEEMEL,173,51,118,3,1
Bullitt,D110,Magistrate,,,Under Votes,30,4,26,0,0
Bullitt,D110,Magistrate,,,Over Votes,0,0,0,0,0
Bullitt,D110,U.S. Senate,,Democratic,Logan FORSYTHE,9,5,4,0,0
Bullitt,D110,U.S. Senate,,Democratic,Amy McGRATH,59,23,34,2,0
Bullitt,D110,U.S. Senate,,Democratic,Dale Lewis ROMANS,16,4,12,0,0
Bullitt,D110,U.S. Senate,,Democratic,Joshua BLANTON SR.,1,0,1,0,0
Bullitt,D110,U.S. Senate,,Democratic,Vincent Anthony THOMPSON,5,2,3,0,0
Bullitt,D110,U.S. Senate,,Democratic,Charles BOOKER,68,13,50,5,0
Bullitt,D110,U.S. Senate,,Democratic,Pamela STEVENSON,2,2,0,0,0
Bullitt,D110,U.S. House,2,Democratic,David S. HATFIELD,36,12,24,0,0
Bullitt,D110,U.S. House,2,Democratic,Megan WINGFIELD,51,10,40,1,0
Bullitt,D110,U.S. House,2,Democratic,Hank LINDERMAN,38,14,21,3,0
Bullitt,D110,U.S. House,2,Democratic,William Dakota COMPTON,31,13,15,3,0
Bullitt,D111,U.S. Senate,,Republican,Anissa CATLETT,0,0,0,0,0
Bullitt,D111,U.S. Senate,,Republican,A. Nick SHELLEY,0,0,0,0,0
Bullitt,D111,U.S. Senate,,Republican,"Valerie ""Dr Val"" FREDRICK",3,1,2,0,0
Bullitt,D111,U.S. Senate,,Republican,Michael James FARIS,1,0,1,0,0
Bullitt,D111,U.S. Senate,,Republican,Nate MORRIS,5,1,4,0,0
Bullitt,D111,U.S. Senate,,Republican,Other Donald WENZEL,0,0,0,0,0
Bullitt,D111,U.S. Senate,,Republican,Jonathan M. HOLLIDAY,0,0,0,0,0
Bullitt,D111,U.S. Senate,,Republican,George WASHINGTON,3,0,2,0,1
Bullitt,D111,U.S. Senate,,Republican,Andy BARR,92,23,68,1,0
Bullitt,D111,U.S. Senate,,Republican,Daniel CAMERON,48,16,32,0,0
Bullitt,D111,U.S. Senate,,Republican,Jimmy I. LEON,2,0,2,0,0
Bullitt,D111,U.S. Senate,,Republican,James D. DUNCAN,1,0,1,0,0
Bullitt,D111,U.S. Senate,,,Under Votes,2,1,1,0,0
Bullitt,D111,U.S. Senate,,,Over Votes,0,0,0,0,0
Bullitt,D111,Ballots Cast,,,,217,,,,
Bullitt,D111,U.S. House,2,Republican,"G. ""Shay"" PERRY-ADELMANN",11,2,8,0,1
Bullitt,D111,U.S. House,2,Republican,S. Brett GUTHRIE,123,35,87,1,0
Bullitt,D111,U.S. House,2,Republican,Joshua M. FERGUSON,14,3,11,0,0
Bullitt,D111,U.S. House,2,,Under Votes,10,2,8,0,0
Bullitt,D111,U.S. House,2,,Over Votes,0,0,0,0,0
Bullitt,D111,County Judge/Executive,,,"Jerral ""Jerry"" SUMMERS",55,17,38,0,0
Bullitt,D111,County Judge/Executive,,,Shelia METCALFE,26,6,19,0,1
Bullitt,D111,County Judge/Executive,,,Tony THOMPSON,65,17,47,1,0
Bullitt,D111,County Judge/Executive,,,Under Votes,10,1,9,0,0
Bullitt,D111,County Judge/Executive,,,Over Votes,0,0,0,0,0
Bullitt,D111,County Clerk,,,Mark WILLIAMS,20,5,15,0,0
Bullitt,D111,County Clerk,,,Allen MARICLE,13,4,8,1,0
Bullitt,D111,County Clerk,,,"Debra ""Debbie"" JOHNSON",21,4,17,0,0
Bullitt,D111,County Clerk,,,Cody WATERS,32,9,23,0,0
Bullitt,D111,County Clerk,,,Sheri WEBBER,26,4,21,0,1
Bullitt,D111,County Clerk,,,Rita PARSONS,36,13,23,0,0
Bullitt,D111,County Clerk,,,Under Votes,8,2,6,0,0
Bullitt,D111,County Clerk,,,Over Votes,0,0,0,0,0
Bullitt,D111,Sheriff,,,Walt SHOLAR,88,25,63,0,0
Bullitt,D111,Sheriff,,,Kenneth L. PROFFITT,67,16,49,1,1
Bullitt,D111,Sheriff,,,Under Votes,1,0,1,0,0
Bullitt,D111,Sheriff,,,Over Votes,0,0,0,0,0
Bullitt,D111,Jailer,,,John A. CLAYPOOLE II.,19,4,14,0,1
Bullitt,D111,Jailer,,,Bryan WHITTAKER,99,31,68,0,0
Bullitt,D111,Jailer,,,Dewey Wayne McMILLEN,34,6,27,1,0
Bullitt,D111,Jailer,,,Under Votes,4,0,4,0,0
Bullitt,D111,Jailer,,,Over Votes,0,0,0,0,0
Bullitt,D111,County Surveyor,,,Alan HARTLEY,52,12,39,1,0
Bullitt,D111,County Surveyor,,,William HARNED,87,27,59,0,1
Bullitt,D111,County Surveyor,,,Under Votes,17,2,15,0,0
Bullitt,D111,County Surveyor,,,Over Votes,0,0,0,0,0
Bullitt,D111,Magistrate,,,"Joe ""Joey"" RAYHILL",70,22,48,0,0
Bullitt,D111,Magistrate,,,Brian BLEEMEL,79,19,58,1,1
Bullitt,D111,Magistrate,,,Under Votes,7,0,7,0,0
Bullitt,D111,Magistrate,,,Over Votes,0,0,0,0,0
Bullitt,D111,U.S. Senate,,Democratic,Logan FORSYTHE,3,0,3,0,0
Bullitt,D111,U.S. Senate,,Democratic,Amy McGRATH,19,6,13,0,0
Bullitt,D111,U.S. Senate,,Democratic,Dale Lewis ROMANS,5,1,4,0,0
Bullitt,D111,U.S. Senate,,Democratic,Joshua BLANTON SR.,1,0,1,0,0
Bullitt,D111,U.S. Senate,,Democratic,Vincent Anthony THOMPSON,4,1,3,0,0
Bullitt,D111,U.S. Senate,,Democratic,Charles BOOKER,25,5,17,3,0
Bullitt,D111,U.S. Senate,,Democratic,Pamela STEVENSON,3,1,2,0,0
Bullitt,D111,U.S. House,2,Democratic,David S. HATFIELD,20,6,14,0,0
Bullitt,D111,U.S. House,2,Democratic,Megan WINGFIELD,19,6,13,0,0
Bullitt,D111,U.S. House,2,Democratic,Hank LINDERMAN,7,1,6,0,0
Bullitt,D111,U.S. House,2,Democratic,William Dakota COMPTON,13,1,9,3,0
Bullitt,D113,U.S. Senate,,Republican,Anissa CATLETT,1,0,1,0,0
Bullitt,D113,U.S. Senate,,Republican,A. Nick SHELLEY,0,0,0,0,0
Bullitt,D113,U.S. Senate,,Republican,"Valerie ""Dr Val"" FREDRICK",0,0,0,0,0
Bullitt,D113,U.S. Senate,,Republican,Michael James FARIS,4,1,3,0,0
Bullitt,D113,U.S. Senate,,Republican,Nate MORRIS,3,1,1,1,0
Bullitt,D113,U.S. Senate,,Republican,Other Donald WENZEL,1,0,1,0,0
Bullitt,D113,U.S. Senate,,Republican,Jonathan M. HOLLIDAY,1,0,1,0,0
Bullitt,D113,U.S. Senate,,Republican,George WASHINGTON,2,1,1,0,0
Bullitt,D113,U.S. Senate,,Republican,Andy BARR,31,10,21,0,0
Bullitt,D113,U.S. Senate,,Republican,Daniel CAMERON,26,7,19,0,0
Bullitt,D113,U.S. Senate,,Republican,Jimmy I. LEON,1,0,1,0,0
Bullitt,D113,U.S. Senate,,Republican,James D. DUNCAN,0,0,0,0,0
Bullitt,D113,U.S. Senate,,,Under Votes,0,0,0,0,0
Bullitt,D113,U.S. Senate,,,Over Votes,0,0,0,0,0
Bullitt,D113,Ballots Cast,,,,113,,,,
Bullitt,D113,U.S. House,2,Republican,"G. ""Shay"" PERRY-ADELMANN",2,0,2,0,0
Bullitt,D113,U.S. House,2,Republican,S. Brett GUTHRIE,54,15,38,1,0
Bullitt,D113,U.S. House,2,Republican,Joshua M. FERGUSON,12,4,8,0,0
Bullitt,D113,U.S. House,2,,Under Votes,2,1,1,0,0
Bullitt,D113,U.S. House,2,,Over Votes,0,0,0,0,0
Bullitt,D113,County Judge/Executive,,,"Jerral ""Jerry"" SUMMERS",33,8,24,1,0
Bullitt,D113,County Judge/Executive,,,Shelia METCALFE,18,7,11,0,0
Bullitt,D113,County Judge/Executive,,,Tony THOMPSON,17,4,13,0,0
Bullitt,D113,County Judge/Executive,,,Under Votes,1,0,1,0,0
Bullitt,D113,County Judge/Executive,,,Over Votes,1,1,0,0,0
Bullitt,D113,County Clerk,,,Mark WILLIAMS,9,3,6,0,0
Bullitt,D113,County Clerk,,,Allen MARICLE,4,0,4,0,0
Bullitt,D113,County Clerk,,,"Debra ""Debbie"" JOHNSON",19,4,15,0,0
Bullitt,D113,County Clerk,,,Cody WATERS,18,7,11,0,0
Bullitt,D113,County Clerk,,,Sheri WEBBER,12,4,8,0,0
Bullitt,D113,County Clerk,,,Rita PARSONS,6,2,3,1,0
Bullitt,D113,County Clerk,,,Under Votes,2,0,2,0,0
Bullitt,D113,County Clerk,,,Over Votes,0,0,0,0,0
Bullitt,D113,Sheriff,,,Walt SHOLAR,35,12,22,1,0
Bullitt,D113,Sheriff,,,Kenneth L. PROFFITT,33,7,26,0,0
Bullitt,D113,Sheriff,,,Under Votes,2,1,1,0,0
Bullitt,D113,Sheriff,,,Over Votes,0,0,0,0,0
Bullitt,D113,Jailer,,,John A. CLAYPOOLE II.,4,3,1,0,0
Bullitt,D113,Jailer,,,Bryan WHITTAKER,53,16,36,1,0
Bullitt,D113,Jailer,,,Dewey Wayne McMILLEN,11,1,10,0,0
Bullitt,D113,Jailer,,,Under Votes,2,0,2,0,0
Bullitt,D113,Jailer,,,Over Votes,0,0,0,0,0
Bullitt,D113,County Surveyor,,,Alan HARTLEY,26,4,22,0,0
Bullitt,D113,County Surveyor,,,William HARNED,34,14,20,0,0
Bullitt,D113,County Surveyor,,,Under Votes,10,2,7,1,0
Bullitt,D113,County Surveyor,,,Over Votes,0,0,0,0,0
Bullitt,D113,Magistrate,,,"Joe ""Joey"" RAYHILL",40,10,29,1,0
Bullitt,D113,Magistrate,,,Brian BLEEMEL,27,10,17,0,0
Bullitt,D113,Magistrate,,,Under Votes,3,0,3,0,0
Bullitt,D113,Magistrate,,,Over Votes,0,0,0,0,0
Bullitt,D113,U.S. Senate,,Democratic,Logan FORSYTHE,1,0,1,0,0
Bullitt,D113,U.S. Senate,,Democratic,Amy McGRATH,8,4,3,1,0
Bullitt,D113,U.S. Senate,,Democratic,Dale Lewis ROMANS,1,0,1,0,0
Bullitt,D113,U.S. Senate,,Democratic,Joshua BLANTON SR.,0,0,0,0,0
Bullitt,D113,U.S. Senate,,Democratic,Vincent Anthony THOMPSON,1,0,1,0,0
Bullitt,D113,U.S. Senate,,Democratic,Charles BOOKER,30,1,28,1,0
Bullitt,D113,U.S. Senate,,Democratic,Pamela STEVENSON,2,2,0,0,0
Bullitt,D113,U.S. House,2,Democratic,David S. HATFIELD,10,2,7,1,0
Bullitt,D113,U.S. House,2,Democratic,Megan WINGFIELD,21,4,17,0,0
Bullitt,D113,U.S. House,2,Democratic,Hank LINDERMAN,8,0,8,0,0
Bullitt,D113,U.S. House,2,Democratic,William Dakota COMPTON,4,1,2,1,0
Bullitt,D114,U.S. Senate,,Republican,Anissa CATLETT,0,0,0,0,0
Bullitt,D114,U.S. Senate,,Republican,A. Nick SHELLEY,1,0,1,0,0
Bullitt,D114,U.S. Senate,,Republican,"Valerie ""Dr Val"" FREDRICK",0,0,0,0,0
Bullitt,D114,U.S. Senate,,Republican,Michael James FARIS,0,0,0,0,0
Bullitt,D114,U.S. Senate,,Republican,Nate MORRIS,3,1,2,0,0
Bullitt,D114,U.S. Senate,,Republican,Other Donald WENZEL,0,0,0,0,0
Bullitt,D114,U.S. Senate,,Republican,Jonathan M. HOLLIDAY,1,0,1,0,0
Bullitt,D114,U.S. Senate,,Republican,George WASHINGTON,0,0,0,0,0
Bullitt,D114,U.S. Senate,,Republican,Andy BARR,30,4,26,0,0
Bullitt,D114,U.S. Senate,,Republican,Daniel CAMERON,28,6,20,2,0
Bullitt,D114,U.S. Senate,,Republican,Jimmy I. LEON,0,0,0,0,0
Bullitt,D114,U.S. Senate,,Republican,James D. DUNCAN,0,0,0,0,0
Bullitt,D114,U.S. Senate,,,Under Votes,2,2,0,0,0
Bullitt,D114,U.S. Senate,,,Over Votes,1,0,1,0,0
Bullitt,D114,Ballots Cast,,,,90,,,,
Bullitt,D114,U.S. House,2,Republican,"G. ""Shay"" PERRY-ADELMANN",6,1,5,0,0
Bullitt,D114,U.S. House,2,Republican,S. Brett GUTHRIE,47,8,37,2,0
Bullitt,D114,U.S. House,2,Republican,Joshua M. FERGUSON,5,1,4,0,0
Bullitt,D114,U.S. House,2,,Under Votes,9,3,6,0,0
Bullitt,D114,U.S. House,2,,Over Votes,0,0,0,0,0
Bullitt,D114,County Judge/Executive,,,"Jerral ""Jerry"" SUMMERS",25,6,19,0,0
Bullitt,D114,County Judge/Executive,,,Shelia METCALFE,9,1,6,2,0
Bullitt,D114,County Judge/Executive,,,Tony THOMPSON,27,4,23,0,0
Bullitt,D114,County Judge/Executive,,,Under Votes,3,1,2,0,0
Bullitt,D114,County Judge/Executive,,,Over Votes,0,0,0,0,0
Bullitt,D114,County Clerk,,,Mark WILLIAMS,8,2,6,0,0
Bullitt,D114,County Clerk,,,Allen MARICLE,5,2,3,0,0
Bullitt,D114,County Clerk,,,"Debra ""Debbie"" JOHNSON",15,1,12,2,0
Bullitt,D114,County Clerk,,,Cody WATERS,8,1,7,0,0
Bullitt,D114,County Clerk,,,Sheri WEBBER,12,4,8,0,0
Bullitt,D114,County Clerk,,,Rita PARSONS,11,2,9,0,0
Bullitt,D114,County Clerk,,,Under Votes,5,0,5,0,0
Bullitt,D114,County Clerk,,,Over Votes,0,0,0,0,0
Bullitt,D114,Sheriff,,,Walt SHOLAR,31,5,26,0,0
Bullitt,D114,Sheriff,,,Kenneth L. PROFFITT,29,7,20,2,0
Bullitt,D114,Sheriff,,,Under Votes,4,0,4,0,0
Bullitt,D114,Sheriff,,,Over Votes,0,0,0,0,0
Bullitt,D114,Jailer,,,John A. CLAYPOOLE II.,9,0,9,0,0
Bullitt,D114,Jailer,,,Bryan WHITTAKER,46,10,34,2,0
Bullitt,D114,Jailer,,,Dewey Wayne McMILLEN,4,1,3,0,0
Bullitt,D114,Jailer,,,Under Votes,5,1,4,0,0
Bullitt,D114,Jailer,,,Over Votes,0,0,0,0,0
Bullitt,D114,County Surveyor,,,Alan HARTLEY,21,3,18,0,0
Bullitt,D114,County Surveyor,,,William HARNED,34,6,26,2,0
Bullitt,D114,County Surveyor,,,Under Votes,9,3,6,0,0
Bullitt,D114,County Surveyor,,,Over Votes,0,0,0,0,0
Bullitt,D114,Magistrate,,,"Joe ""Joey"" RAYHILL",40,7,31,2,0
Bullitt,D114,Magistrate,,,Brian BLEEMEL,19,4,15,0,0
Bullitt,D114,Magistrate,,,Under Votes,5,1,4,0,0
Bullitt,D114,Magistrate,,,Over Votes,0,0,0,0,0
Bullitt,D114,U.S. Senate,,Democratic,Logan FORSYTHE,2,0,2,0,0
Bullitt,D114,U.S. Senate,,Democratic,Amy McGRATH,6,3,3,0,0
Bullitt,D114,U.S. Senate,,Democratic,Dale Lewis ROMANS,3,0,3,0,0
Bullitt,D114,U.S. Senate,,Democratic,Joshua BLANTON SR.,0,0,0,0,0
Bullitt,D114,U.S. Senate,,Democratic,Vincent Anthony THOMPSON,1,0,1,0,0
Bullitt,D114,U.S. Senate,,Democratic,Charles BOOKER,10,1,9,0,0
Bullitt,D114,U.S. Senate,,Democratic,Pamela STEVENSON,2,0,1,1,0
Bullitt,D114,U.S. House,2,Democratic,David S. HATFIELD,2,0,1,1,0
Bullitt,D114,U.S. House,2,Democratic,Megan WINGFIELD,10,3,7,0,0
Bullitt,D114,U.S. House,2,Democratic,Hank LINDERMAN,8,1,7,0,0
Bullitt,D114,U.S. House,2,Democratic,William Dakota COMPTON,3,0,3,0,0
Bullitt,D115,U.S. Senate,,Republican,Anissa CATLETT,0,0,0,0,0
Bullitt,D115,U.S. Senate,,Republican,A. Nick SHELLEY,0,0,0,0,0
Bullitt,D115,U.S. Senate,,Republican,"Valerie ""Dr Val"" FREDRICK",0,0,0,0,0
Bullitt,D115,U.S. Senate,,Republican,Michael James FARIS,1,0,1,0,0
Bullitt,D115,U.S. Senate,,Republican,Nate MORRIS,1,0,1,0,0
Bullitt,D115,U.S. Senate,,Republican,Other Donald WENZEL,0,0,0,0,0
Bullitt,D115,U.S. Senate,,Republican,Jonathan M. HOLLIDAY,0,0,0,0,0
Bullitt,D115,U.S. Senate,,Republican,George WASHINGTON,0,0,0,0,0
Bullitt,D115,U.S. Senate,,Republican,Andy BARR,13,0,13,0,0
Bullitt,D115,U.S. Senate,,Republican,Daniel CAMERON,15,3,12,0,0
Bullitt,D115,U.S. Senate,,Republican,Jimmy I. LEON,0,0,0,0,0
Bullitt,D115,U.S. Senate,,Republican,James D. DUNCAN,0,0,0,0,0
Bullitt,D115,U.S. Senate,,,Under Votes,0,0,0,0,0
Bullitt,D115,U.S. Senate,,,Over Votes,0,0,0,0,0
Bullitt,D115,Ballots Cast,,,,54,,,,
Bullitt,D115,U.S. House,2,Republican,"G. ""Shay"" PERRY-ADELMANN",2,0,2,0,0
Bullitt,D115,U.S. House,2,Republican,S. Brett GUTHRIE,22,3,19,0,0
Bullitt,D115,U.S. House,2,Republican,Joshua M. FERGUSON,5,0,5,0,0
Bullitt,D115,U.S. House,2,,Under Votes,1,0,1,0,0
Bullitt,D115,U.S. House,2,,Over Votes,0,0,0,0,0
Bullitt,D115,County Judge/Executive,,,"Jerral ""Jerry"" SUMMERS",10,2,8,0,0
Bullitt,D115,County Judge/Executive,,,Shelia METCALFE,6,0,6,0,0
Bullitt,D115,County Judge/Executive,,,Tony THOMPSON,14,1,13,0,0
Bullitt,D115,County Judge/Executive,,,Under Votes,0,0,0,0,0
Bullitt,D115,County Judge/Executive,,,Over Votes,0,0,0,0,0
Bullitt,D115,County Clerk,,,Mark WILLIAMS,4,0,4,0,0
Bullitt,D115,County Clerk,,,Allen MARICLE,3,0,3,0,0
Bullitt,D115,County Clerk,,,"Debra ""Debbie"" JOHNSON",2,1,1,0,0
Bullitt,D115,County Clerk,,,Cody WATERS,7,2,5,0,0
Bullitt,D115,County Clerk,,,Sheri WEBBER,3,0,3,0,0
Bullitt,D115,County Clerk,,,Rita PARSONS,10,0,10,0,0
Bullitt,D115,County Clerk,,,Under Votes,1,0,1,0,0
Bullitt,D115,County Clerk,,,Over Votes,0,0,0,0,0
Bullitt,D115,Sheriff,,,Walt SHOLAR,17,3,14,0,0
Bullitt,D115,Sheriff,,,Kenneth L. PROFFITT,13,0,13,0,0
Bullitt,D115,Sheriff,,,Under Votes,0,0,0,0,0
Bullitt,D115,Sheriff,,,Over Votes,0,0,0,0,0
Bullitt,D115,Jailer,,,John A. CLAYPOOLE II.,1,0,1,0,0
Bullitt,D115,Jailer,,,Bryan WHITTAKER,26,3,23,0,0
Bullitt,D115,Jailer,,,Dewey Wayne McMILLEN,1,0,1,0,0
Bullitt,D115,Jailer,,,Under Votes,2,0,2,0,0
Bullitt,D115,Jailer,,,Over Votes,0,0,0,0,0
Bullitt,D115,County Surveyor,,,Alan HARTLEY,9,2,7,0,0
Bullitt,D115,County Surveyor,,,William HARNED,16,1,15,0,0
Bullitt,D115,County Surveyor,,,Under Votes,5,0,5,0,0
Bullitt,D115,County Surveyor,,,Over Votes,0,0,0,0,0
Bullitt,D115,Magistrate,,,"Joe ""Joey"" RAYHILL",16,2,14,0,0
Bullitt,D115,Magistrate,,,Brian BLEEMEL,13,1,12,0,0
Bullitt,D115,Magistrate,,,Under Votes,1,0,1,0,0
Bullitt,D115,Magistrate,,,Over Votes,0,0,0,0,0
Bullitt,D115,U.S. Senate,,Democratic,Logan FORSYTHE,0,0,0,0,0
Bullitt,D115,U.S. Senate,,Democratic,Amy McGRATH,8,4,4,0,0
Bullitt,D115,U.S. Senate,,Democratic,Dale Lewis ROMANS,3,0,3,0,0
Bullitt,D115,U.S. Senate,,Democratic,Joshua BLANTON SR.,3,1,2,0,0
Bullitt,D115,U.S. Senate,,Democratic,Vincent Anthony THOMPSON,0,0,0,0,0
Bullitt,D115,U.S. Senate,,Democratic,Charles BOOKER,10,1,9,0,0
Bullitt,D115,U.S. Senate,,Democratic,Pamela STEVENSON,0,0,0,0,0
Bullitt,D115,U.S. House,2,Democratic,David S. HATFIELD,4,3,1,0,0
Bullitt,D115,U.S. House,2,Democratic,Megan WINGFIELD,12,2,10,0,0
Bullitt,D115,U.S. House,2,Democratic,Hank LINDERMAN,6,1,5,0,0
Bullitt,D115,U.S. House,2,Democratic,William Dakota COMPTON,2,0,2,0,0
