county,precinct,office,district,party,candidate,votes,early_voting,election_day,absentee_mail,absentee
Boone,A102,U.S. Senate,,Republican,A. Nick SHELLEY,1,0,1,0,0
Boone,A102,U.S. Senate,,Republican,Daniel CAMERON,60,12,46,2,0
Boone,A102,U.S. Senate,,Republican,Andy BARR,110,6,100,3,1
Boone,A102,U.S. Senate,,Republican,Anissa CATLETT,1,0,1,0,0
Boone,A102,U.S. Senate,,Republican,"Valerie ""Dr Val"" FREDRICK",3,0,3,0,0
Boone,A102,U.S. Senate,,Republican,Jonathan M. HOLLIDAY,2,1,1,0,0
Boone,A102,U.S. Senate,,Republican,Other Donald WENZEL,0,0,0,0,0
Boone,A102,U.S. Senate,,Republican,Michael James FARIS,18,0,18,0,0
Boone,A102,U.S. Senate,,Republican,Nate MORRIS,7,1,6,0,0
Boone,A102,U.S. Senate,,Republican,James D. DUNCAN,0,0,0,0,0
Boone,A102,U.S. Senate,,Republican,Jimmy I. LEON,0,0,0,0,0
Boone,A102,U.S. Senate,,Republican,George WASHINGTON,4,1,3,0,0
Boone,A102,U.S. Senate,,,Under Votes,6,1,4,1,0
Boone,A102,U.S. Senate,,,Over Votes,0,0,0,0,0
Boone,A102,U.S. House,4,Republican,Thomas MASSIE,81,14,65,2,0
Boone,A102,U.S. House,4,Republican,Ed GALLREIN,128,8,115,4,1
Boone,A102,U.S. House,4,,Under Votes,3,0,3,0,0
Boone,A102,U.S. House,4,,Over Votes,0,0,0,0,0
Boone,A102,Ballots Cast,,,,232,,,,
Boone,A102,County Judge/Executive,,,Chet HAND,115,11,98,5,1
Boone,A102,County Judge/Executive,,,Gary W. MOORE,93,11,81,1,0
Boone,A102,County Judge/Executive,,,Under Votes,3,0,3,0,0
Boone,A102,County Judge/Executive,,,Over Votes,0,0,0,0,0
Boone,A102,U.S. Senate,,Democratic,Dale Lewis ROMANS,3,0,3,0,0
Boone,A102,U.S. Senate,,Democratic,Charles BOOKER,8,2,5,1,0
Boone,A102,U.S. Senate,,Democratic,Logan FORSYTHE,0,0,0,0,0
Boone,A102,U.S. Senate,,Democratic,Joshua BLANTON SR.,0,0,0,0,0
Boone,A102,U.S. Senate,,Democratic,Vincent Anthony THOMPSON,1,0,1,0,0
Boone,A102,U.S. Senate,,Democratic,Pamela STEVENSON,0,0,0,0,0
Boone,A102,U.S. Senate,,Democratic,Amy McGRATH,8,1,7,0,0
Boone,A102,U.S. House,4,Democratic,Melissa Claire STRANGE,10,2,8,0,0
Boone,A102,U.S. House,4,Democratic,Jesse Russell BREWER,10,1,8,1,0
Boone,A103,U.S. Senate,,Republican,A. Nick SHELLEY,0,0,0,0,0
Boone,A103,U.S. Senate,,Republican,Daniel CAMERON,142,21,115,5,1
Boone,A103,U.S. Senate,,Republican,Andy BARR,245,29,202,6,8
Boone,A103,U.S. Senate,,Republican,Anissa CATLETT,5,1,2,1,1
Boone,A103,U.S. Senate,,Republican,"Valerie ""Dr Val"" FREDRICK",5,0,5,0,0
Boone,A103,U.S. Senate,,Republican,Jonathan M. HOLLIDAY,4,0,3,0,1
Boone,A103,U.S. Senate,,Republican,Other Donald WENZEL,0,0,0,0,0
Boone,A103,U.S. Senate,,Republican,Michael James FARIS,38,2,34,1,1
Boone,A103,U.S. Senate,,Republican,Nate MORRIS,10,0,7,2,1
Boone,A103,U.S. Senate,,Republican,James D. DUNCAN,0,0,0,0,0
Boone,A103,U.S. Senate,,Republican,Jimmy I. LEON,0,0,0,0,0
Boone,A103,U.S. Senate,,Republican,George WASHINGTON,9,1,8,0,0
Boone,A103,U.S. Senate,,,Under Votes,26,1,24,1,0
Boone,A103,U.S. Senate,,,Over Votes,0,0,0,0,0
Boone,A103,U.S. House,4,Republican,Thomas MASSIE,224,28,184,6,6
Boone,A103,U.S. House,4,Republican,Ed GALLREIN,249,26,207,9,7
Boone,A103,U.S. House,4,,Under Votes,12,1,10,1,0
Boone,A103,U.S. House,4,,Over Votes,0,0,0,0,0
Boone,A103,Ballots Cast,,,,566,,,,
Boone,A103,County Judge/Executive,,,Chet HAND,268,28,224,7,9
Boone,A103,County Judge/Executive,,,Gary W. MOORE,204,25,166,9,4
Boone,A103,County Judge/Executive,,,Under Votes,8,1,7,0,0
Boone,A103,County Judge/Executive,,,Over Votes,0,0,0,0,0
Boone,A103,U.S. Senate,,Democratic,Dale Lewis ROMANS,2,0,2,0,0
Boone,A103,U.S. Senate,,Democratic,Charles BOOKER,27,4,22,1,0
Boone,A103,U.S. Senate,,Democratic,Logan FORSYTHE,9,3,6,0,0
Boone,A103,U.S. Senate,,Democratic,Joshua BLANTON SR.,1,0,1,0,0
Boone,A103,U.S. Senate,,Democratic,Vincent Anthony THOMPSON,1,0,1,0,0
Boone,A103,U.S. Senate,,Democratic,Pamela STEVENSON,2,0,1,0,1
Boone,A103,U.S. Senate,,Democratic,Amy McGRATH,40,6,29,4,1
Boone,A103,U.S. House,4,Democratic,Melissa Claire STRANGE,58,8,44,4,2
Boone,A103,U.S. House,4,Democratic,Jesse Russell BREWER,23,5,17,1,0
Boone,A104,U.S. Senate,,Republican,A. Nick SHELLEY,1,0,1,0,0
Boone,A104,U.S. Senate,,Republican,Daniel CAMERON,136,24,102,6,4
Boone,A104,U.S. Senate,,Republican,Andy BARR,265,40,215,5,5
Boone,A104,U.S. Senate,,Republican,Anissa CATLETT,1,0,1,0,0
Boone,A104,U.S. Senate,,Republican,"Valerie ""Dr Val"" FREDRICK",7,2,3,1,1
Boone,A104,U.S. Senate,,Republican,Jonathan M. HOLLIDAY,5,2,3,0,0
Boone,A104,U.S. Senate,,Republican,Other Donald WENZEL,0,0,0,0,0
Boone,A104,U.S. Senate,,Republican,Michael James FARIS,16,4,12,0,0
Boone,A104,U.S. Senate,,Republican,Nate MORRIS,12,4,7,1,0
Boone,A104,U.S. Senate,,Republican,James D. DUNCAN,2,0,2,0,0
Boone,A104,U.S. Senate,,Republican,Jimmy I. LEON,1,0,1,0,0
Boone,A104,U.S. Senate,,Republican,George WASHINGTON,5,0,5,0,0
Boone,A104,U.S. Senate,,,Under Votes,18,0,16,0,2
Boone,A104,U.S. Senate,,,Over Votes,0,0,0,0,0
Boone,A104,U.S. House,4,Republican,Thomas MASSIE,194,32,151,5,6
Boone,A104,U.S. House,4,Republican,Ed GALLREIN,269,44,212,7,6
Boone,A104,U.S. House,4,,Under Votes,8,0,7,1,0
Boone,A104,U.S. House,4,,Over Votes,0,0,0,0,0
Boone,A104,Ballots Cast,,,,542,,,,
Boone,A104,County Judge/Executive,,,Chet HAND,243,35,198,7,3
Boone,A104,County Judge/Executive,,,Gary W. MOORE,217,40,163,6,8
Boone,A104,County Judge/Executive,,,Under Votes,8,1,6,0,1
Boone,A104,County Judge/Executive,,,Over Votes,0,0,0,0,0
Boone,A104,U.S. Senate,,Democratic,Dale Lewis ROMANS,0,0,0,0,0
Boone,A104,U.S. Senate,,Democratic,Charles BOOKER,19,4,11,3,1
Boone,A104,U.S. Senate,,Democratic,Logan FORSYTHE,0,0,0,0,0
Boone,A104,U.S. Senate,,Democratic,Joshua BLANTON SR.,0,0,0,0,0
Boone,A104,U.S. Senate,,Democratic,Vincent Anthony THOMPSON,1,0,1,0,0
Boone,A104,U.S. Senate,,Democratic,Pamela STEVENSON,5,2,2,1,0
Boone,A104,U.S. Senate,,Democratic,Amy McGRATH,48,8,33,5,2
Boone,A104,U.S. House,4,Democratic,Melissa Claire STRANGE,46,11,28,6,1
Boone,A104,U.S. House,4,Democratic,Jesse Russell BREWER,25,3,17,3,2
Boone,A105,U.S. Senate,,Republican,A. Nick SHELLEY,1,0,1,0,0
Boone,A105,U.S. Senate,,Republican,Daniel CAMERON,94,4,88,1,1
Boone,A105,U.S. Senate,,Republican,Andy BARR,170,16,139,2,13
Boone,A105,U.S. Senate,,Republican,Anissa CATLETT,6,2,3,0,1
Boone,A105,U.S. Senate,,Republican,"Valerie ""Dr Val"" FREDRICK",3,1,2,0,0
Boone,A105,U.S. Senate,,Republican,Jonathan M. HOLLIDAY,0,0,0,0,0
Boone,A105,U.S. Senate,,Republican,Other Donald WENZEL,0,0,0,0,0
Boone,A105,U.S. Senate,,Republican,Michael James FARIS,22,2,18,1,1
Boone,A105,U.S. Senate,,Republican,Nate MORRIS,3,0,3,0,0
Boone,A105,U.S. Senate,,Republican,James D. DUNCAN,2,0,1,0,1
Boone,A105,U.S. Senate,,Republican,Jimmy I. LEON,0,0,0,0,0
Boone,A105,U.S. Senate,,Republican,George WASHINGTON,7,0,7,0,0
Boone,A105,U.S. Senate,,,Under Votes,10,0,10,0,0
Boone,A105,U.S. Senate,,,Over Votes,0,0,0,0,0
Boone,A105,U.S. House,4,Republican,Thomas MASSIE,141,15,116,4,6
Boone,A105,U.S. House,4,Republican,Ed GALLREIN,173,10,152,0,11
Boone,A105,U.S. House,4,,Under Votes,7,0,7,0,0
Boone,A105,U.S. House,4,,Over Votes,0,0,0,0,0
Boone,A105,Ballots Cast,,,,369,,,,
Boone,A105,County Judge/Executive,,,Chet HAND,158,12,134,3,9
Boone,A105,County Judge/Executive,,,Gary W. MOORE,152,13,130,1,8
Boone,A105,County Judge/Executive,,,Under Votes,6,0,6,0,0
Boone,A105,County Judge/Executive,,,Over Votes,0,0,0,0,0
Boone,A105,U.S. Senate,,Democratic,Dale Lewis ROMANS,0,0,0,0,0
Boone,A105,U.S. Senate,,Democratic,Charles BOOKER,16,0,15,1,0
Boone,A105,U.S. Senate,,Democratic,Logan FORSYTHE,0,0,0,0,0
Boone,A105,U.S. Senate,,Democratic,Joshua BLANTON SR.,0,0,0,0,0
Boone,A105,U.S. Senate,,Democratic,Vincent Anthony THOMPSON,4,0,4,0,0
Boone,A105,U.S. Senate,,Democratic,Pamela STEVENSON,1,1,0,0,0
Boone,A105,U.S. Senate,,Democratic,Amy McGRATH,30,4,26,0,0
Boone,A105,U.S. House,4,Democratic,Melissa Claire STRANGE,38,5,32,1,0
Boone,A105,U.S. House,4,Democratic,Jesse Russell BREWER,10,0,10,0,0
Boone,A106,U.S. Senate,,Republican,A. Nick SHELLEY,2,0,1,1,0
Boone,A106,U.S. Senate,,Republican,Daniel CAMERON,59,3,55,1,0
Boone,A106,U.S. Senate,,Republican,Andy BARR,105,6,98,0,1
Boone,A106,U.S. Senate,,Republican,Anissa CATLETT,2,0,2,0,0
Boone,A106,U.S. Senate,,Republican,"Valerie ""Dr Val"" FREDRICK",3,0,3,0,0
Boone,A106,U.S. Senate,,Republican,Jonathan M. HOLLIDAY,0,0,0,0,0
Boone,A106,U.S. Senate,,Republican,Other Donald WENZEL,0,0,0,0,0
Boone,A106,U.S. Senate,,Republican,Michael James FARIS,15,1,14,0,0
Boone,A106,U.S. Senate,,Republican,Nate MORRIS,5,0,5,0,0
Boone,A106,U.S. Senate,,Republican,James D. DUNCAN,1,0,1,0,0
Boone,A106,U.S. Senate,,Republican,Jimmy I. LEON,0,0,0,0,0
Boone,A106,U.S. Senate,,Republican,George WASHINGTON,5,1,4,0,0
Boone,A106,U.S. Senate,,,Under Votes,8,0,8,0,0
Boone,A106,U.S. Senate,,,Over Votes,0,0,0,0,0
Boone,A106,U.S. House,4,Republican,Thomas MASSIE,85,5,78,1,1
Boone,A106,U.S. House,4,Republican,Ed GALLREIN,116,5,110,1,0
Boone,A106,U.S. House,4,,Under Votes,6,1,5,0,0
Boone,A106,U.S. House,4,,Over Votes,0,0,0,0,0
Boone,A106,Ballots Cast,,,,254,,,,
Boone,A106,County Judge/Executive,,,Chet HAND,109,6,102,1,0
Boone,A106,County Judge/Executive,,,Gary W. MOORE,89,5,82,1,1
Boone,A106,County Judge/Executive,,,Under Votes,5,0,5,0,0
Boone,A106,County Judge/Executive,,,Over Votes,0,0,0,0,0
Boone,A106,U.S. Senate,,Democratic,Dale Lewis ROMANS,1,0,1,0,0
Boone,A106,U.S. Senate,,Democratic,Charles BOOKER,14,0,11,3,0
Boone,A106,U.S. Senate,,Democratic,Logan FORSYTHE,0,0,0,0,0
Boone,A106,U.S. Senate,,Democratic,Joshua BLANTON SR.,0,0,0,0,0
Boone,A106,U.S. Senate,,Democratic,Vincent Anthony THOMPSON,2,0,2,0,0
Boone,A106,U.S. Senate,,Democratic,Pamela STEVENSON,2,0,2,0,0
Boone,A106,U.S. Senate,,Democratic,Amy McGRATH,30,0,29,1,0
Boone,A106,U.S. House,4,Democratic,Melissa Claire STRANGE,35,0,31,4,0
Boone,A106,U.S. House,4,Democratic,Jesse Russell BREWER,12,0,12,0,0
Boone,A107,U.S. Senate,,Republican,A. Nick SHELLEY,2,0,1,1,0
Boone,A107,U.S. Senate,,Republican,Daniel CAMERON,23,1,21,1,0
Boone,A107,U.S. Senate,,Republican,Andy BARR,61,4,56,1,0
Boone,A107,U.S. Senate,,Republican,Anissa CATLETT,1,0,0,0,1
Boone,A107,U.S. Senate,,Republican,"Valerie ""Dr Val"" FREDRICK",1,0,1,0,0
Boone,A107,U.S. Senate,,Republican,Jonathan M. HOLLIDAY,2,1,1,0,0
Boone,A107,U.S. Senate,,Republican,Other Donald WENZEL,0,0,0,0,0
Boone,A107,U.S. Senate,,Republican,Michael James FARIS,5,0,5,0,0
Boone,A107,U.S. Senate,,Republican,Nate MORRIS,2,0,2,0,0
Boone,A107,U.S. Senate,,Republican,James D. DUNCAN,1,0,1,0,0
Boone,A107,U.S. Senate,,Republican,Jimmy I. LEON,0,0,0,0,0
Boone,A107,U.S. Senate,,Republican,George WASHINGTON,0,0,0,0,0
Boone,A107,U.S. Senate,,,Under Votes,8,0,8,0,0
Boone,A107,U.S. Senate,,,Over Votes,0,0,0,0,0
Boone,A107,U.S. House,4,Republican,Thomas MASSIE,47,4,41,1,1
Boone,A107,U.S. House,4,Republican,Ed GALLREIN,57,2,53,2,0
Boone,A107,U.S. House,4,,Under Votes,2,0,2,0,0
Boone,A107,U.S. House,4,,Over Votes,0,0,0,0,0
Boone,A107,Ballots Cast,,,,139,,,,
Boone,A107,State Representative,63,Republican,Seth Winslow YOUNG,7,1,5,1,0
Boone,A107,State Representative,63,Republican,Cole CUZICK,33,2,30,1,0
Boone,A107,State Representative,63,Republican,Kim BANTA,51,2,48,0,1
Boone,A107,State Representative,63,,Under Votes,14,1,12,1,0
Boone,A107,State Representative,63,,Over Votes,0,0,0,0,0
Boone,A107,County Judge/Executive,,,Chet HAND,55,3,50,1,1
Boone,A107,County Judge/Executive,,,Gary W. MOORE,44,2,41,1,0
Boone,A107,County Judge/Executive,,,Under Votes,6,1,4,1,0
Boone,A107,County Judge/Executive,,,Over Votes,0,0,0,0,0
Boone,A107,U.S. Senate,,Democratic,Dale Lewis ROMANS,0,0,0,0,0
Boone,A107,U.S. Senate,,Democratic,Charles BOOKER,10,3,7,0,0
Boone,A107,U.S. Senate,,Democratic,Logan FORSYTHE,0,0,0,0,0
Boone,A107,U.S. Senate,,Democratic,Joshua BLANTON SR.,0,0,0,0,0
Boone,A107,U.S. Senate,,Democratic,Vincent Anthony THOMPSON,1,0,0,1,0
Boone,A107,U.S. Senate,,Democratic,Pamela STEVENSON,4,0,4,0,0
Boone,A107,U.S. Senate,,Democratic,Amy McGRATH,18,2,16,0,0
Boone,A107,U.S. House,4,Democratic,Melissa Claire STRANGE,24,4,19,1,0
Boone,A107,U.S. House,4,Democratic,Jesse Russell BREWER,9,1,8,0,0
Boone,A108,U.S. Senate,,Republican,A. Nick SHELLEY,1,0,1,0,0
Boone,A108,U.S. Senate,,Republican,Daniel CAMERON,113,16,94,3,0
Boone,A108,U.S. Senate,,Republican,Andy BARR,158,16,135,5,2
Boone,A108,U.S. Senate,,Republican,Anissa CATLETT,4,0,4,0,0
Boone,A108,U.S. Senate,,Republican,"Valerie ""Dr Val"" FREDRICK",3,0,3,0,0
Boone,A108,U.S. Senate,,Republican,Jonathan M. HOLLIDAY,2,1,1,0,0
Boone,A108,U.S. Senate,,Republican,Other Donald WENZEL,0,0,0,0,0
Boone,A108,U.S. Senate,,Republican,Michael James FARIS,9,2,6,0,1
Boone,A108,U.S. Senate,,Republican,Nate MORRIS,10,1,8,1,0
Boone,A108,U.S. Senate,,Republican,James D. DUNCAN,3,0,3,0,0
Boone,A108,U.S. Senate,,Republican,Jimmy I. LEON,2,0,2,0,0
Boone,A108,U.S. Senate,,Republican,George WASHINGTON,1,0,1,0,0
Boone,A108,U.S. Senate,,,Under Votes,8,0,8,0,0
Boone,A108,U.S. Senate,,,Over Votes,1,0,1,0,0
Boone,A108,U.S. House,4,Republican,Thomas MASSIE,128,15,111,1,1
Boone,A108,U.S. House,4,Republican,Ed GALLREIN,182,21,152,7,2
Boone,A108,U.S. House,4,,Under Votes,6,0,5,1,0
Boone,A108,U.S. House,4,,Over Votes,0,0,0,0,0
Boone,A108,Ballots Cast,,,,405,,,,
Boone,A108,County Judge/Executive,,,Chet HAND,186,17,160,6,3
Boone,A108,County Judge/Executive,,,Gary W. MOORE,122,19,100,3,0
Boone,A108,County Judge/Executive,,,Under Votes,5,0,5,0,0
Boone,A108,County Judge/Executive,,,Over Votes,0,0,0,0,0
Boone,A108,U.S. Senate,,Democratic,Dale Lewis ROMANS,1,0,0,0,1
Boone,A108,U.S. Senate,,Democratic,Charles BOOKER,38,0,37,1,0
Boone,A108,U.S. Senate,,Democratic,Logan FORSYTHE,1,0,1,0,0
Boone,A108,U.S. Senate,,Democratic,Joshua BLANTON SR.,1,0,1,0,0
Boone,A108,U.S. Senate,,Democratic,Vincent Anthony THOMPSON,1,0,1,0,0
Boone,A108,U.S. Senate,,Democratic,Pamela STEVENSON,6,1,5,0,0
Boone,A108,U.S. Senate,,Democratic,Amy McGRATH,42,3,35,2,2
Boone,A108,U.S. House,4,Democratic,Melissa Claire STRANGE,70,3,63,2,2
Boone,A108,U.S. House,4,Democratic,Jesse Russell BREWER,19,1,16,1,1
Boone,A109,U.S. Senate,,Republican,A. Nick SHELLEY,1,0,1,0,0
Boone,A109,U.S. Senate,,Republican,Daniel CAMERON,82,4,76,2,0
Boone,A109,U.S. Senate,,Republican,Andy BARR,164,13,148,1,2
Boone,A109,U.S. Senate,,Republican,Anissa CATLETT,5,0,5,0,0
Boone,A109,U.S. Senate,,Republican,"Valerie ""Dr Val"" FREDRICK",9,0,6,2,1
Boone,A109,U.S. Senate,,Republican,Jonathan M. HOLLIDAY,4,0,4,0,0
Boone,A109,U.S. Senate,,Republican,Other Donald WENZEL,1,0,0,1,0
Boone,A109,U.S. Senate,,Republican,Michael James FARIS,22,2,20,0,0
Boone,A109,U.S. Senate,,Republican,Nate MORRIS,8,0,7,0,1
Boone,A109,U.S. Senate,,Republican,James D. DUNCAN,3,0,1,2,0
Boone,A109,U.S. Senate,,Republican,Jimmy I. LEON,1,1,0,0,0
Boone,A109,U.S. Senate,,Republican,George WASHINGTON,5,0,5,0,0
Boone,A109,U.S. Senate,,,Under Votes,5,0,5,0,0
Boone,A109,U.S. Senate,,,Over Votes,0,0,0,0,0
Boone,A109,U.S. House,4,Republican,Thomas MASSIE,144,8,126,8,2
Boone,A109,U.S. House,4,Republican,Ed GALLREIN,165,12,151,0,2
Boone,A109,U.S. House,4,,Under Votes,5,1,4,0,0
Boone,A109,U.S. House,4,,Over Votes,0,0,0,0,0
Boone,A109,Ballots Cast,,,,396,,,,
Boone,A109,County Judge/Executive,,,Chet HAND,171,9,154,6,2
Boone,A109,County Judge/Executive,,,Gary W. MOORE,133,11,118,2,2
Boone,A109,County Judge/Executive,,,Under Votes,6,0,6,0,0
Boone,A109,County Judge/Executive,,,Over Votes,0,0,0,0,0
Boone,A109,U.S. Senate,,Democratic,Dale Lewis ROMANS,3,0,3,0,0
Boone,A109,U.S. Senate,,Democratic,Charles BOOKER,41,1,40,0,0
Boone,A109,U.S. Senate,,Democratic,Logan FORSYTHE,1,0,1,0,0
Boone,A109,U.S. Senate,,Democratic,Joshua BLANTON SR.,2,0,2,0,0
Boone,A109,U.S. Senate,,Democratic,Vincent Anthony THOMPSON,1,0,1,0,0
Boone,A109,U.S. Senate,,Democratic,Pamela STEVENSON,2,0,2,0,0
Boone,A109,U.S. Senate,,Democratic,Amy McGRATH,36,6,29,0,1
Boone,A109,U.S. House,4,Democratic,Melissa Claire STRANGE,69,5,63,0,1
Boone,A109,U.S. House,4,Democratic,Jesse Russell BREWER,13,1,12,0,0
Boone,A110,U.S. Senate,,Republican,A. Nick SHELLEY,3,0,3,0,0
Boone,A110,U.S. Senate,,Republican,Daniel CAMERON,76,4,69,2,1
Boone,A110,U.S. Senate,,Republican,Andy BARR,152,11,136,5,0
Boone,A110,U.S. Senate,,Republican,Anissa CATLETT,0,0,0,0,0
Boone,A110,U.S. Senate,,Republican,"Valerie ""Dr Val"" FREDRICK",5,0,5,0,0
Boone,A110,U.S. Senate,,Republican,Jonathan M. HOLLIDAY,0,0,0,0,0
Boone,A110,U.S. Senate,,Republican,Other Donald WENZEL,0,0,0,0,0
Boone,A110,U.S. Senate,,Republican,Michael James FARIS,32,2,28,1,1
Boone,A110,U.S. Senate,,Republican,Nate MORRIS,4,0,3,1,0
Boone,A110,U.S. Senate,,Republican,James D. DUNCAN,1,0,1,0,0
Boone,A110,U.S. Senate,,Republican,Jimmy I. LEON,0,0,0,0,0
Boone,A110,U.S. Senate,,Republican,George WASHINGTON,10,1,9,0,0
Boone,A110,U.S. Senate,,,Under Votes,5,0,5,0,0
Boone,A110,U.S. Senate,,,Over Votes,0,0,0,0,0
Boone,A110,U.S. House,4,Republican,Thomas MASSIE,130,10,113,5,2
Boone,A110,U.S. House,4,Republican,Ed GALLREIN,154,8,142,4,0
Boone,A110,U.S. House,4,,Under Votes,4,0,4,0,0
Boone,A110,U.S. House,4,,Over Votes,1,0,1,0,0
Boone,A110,Ballots Cast,,,,336,,,,
Boone,A110,County Judge/Executive,,,Chet HAND,164,12,144,7,1
Boone,A110,County Judge/Executive,,,Gary W. MOORE,119,6,110,2,1
Boone,A110,County Judge/Executive,,,Under Votes,5,0,5,0,0
Boone,A110,County Judge/Executive,,,Over Votes,0,0,0,0,0
Boone,A110,U.S. Senate,,Democratic,Dale Lewis ROMANS,0,0,0,0,0
Boone,A110,U.S. Senate,,Democratic,Charles BOOKER,15,2,13,0,0
Boone,A110,U.S. Senate,,Democratic,Logan FORSYTHE,1,0,1,0,0
Boone,A110,U.S. Senate,,Democratic,Joshua BLANTON SR.,0,0,0,0,0
Boone,A110,U.S. Senate,,Democratic,Vincent Anthony THOMPSON,0,0,0,0,0
Boone,A110,U.S. Senate,,Democratic,Pamela STEVENSON,4,1,2,0,1
Boone,A110,U.S. Senate,,Democratic,Amy McGRATH,28,1,26,1,0
Boone,A110,U.S. House,4,Democratic,Melissa Claire STRANGE,27,3,22,1,1
Boone,A110,U.S. House,4,Democratic,Jesse Russell BREWER,20,1,19,0,0
Boone,A111,U.S. Senate,,Republican,A. Nick SHELLEY,1,0,1,0,0
Boone,A111,U.S. Senate,,Republican,Daniel CAMERON,70,9,53,5,3
Boone,A111,U.S. Senate,,Republican,Andy BARR,174,21,142,5,6
Boone,A111,U.S. Senate,,Republican,Anissa CATLETT,5,0,5,0,0
Boone,A111,U.S. Senate,,Republican,"Valerie ""Dr Val"" FREDRICK",8,0,8,0,0
Boone,A111,U.S. Senate,,Republican,Jonathan M. HOLLIDAY,0,0,0,0,0
Boone,A111,U.S. Senate,,Republican,Other Donald WENZEL,4,1,3,0,0
Boone,A111,U.S. Senate,,Republican,Michael James FARIS,11,0,11,0,0
Boone,A111,U.S. Senate,,Republican,Nate MORRIS,6,0,6,0,0
Boone,A111,U.S. Senate,,Republican,James D. DUNCAN,2,0,2,0,0
Boone,A111,U.S. Senate,,Republican,Jimmy I. LEON,2,0,2,0,0
Boone,A111,U.S. Senate,,Republican,George WASHINGTON,5,0,5,0,0
Boone,A111,U.S. Senate,,,Under Votes,7,1,6,0,0
Boone,A111,U.S. Senate,,,Over Votes,1,0,0,0,1
Boone,A111,U.S. House,4,Republican,Thomas MASSIE,99,4,91,1,3
Boone,A111,U.S. House,4,Republican,Ed GALLREIN,192,27,150,9,6
Boone,A111,U.S. House,4,,Under Votes,5,1,4,0,0
Boone,A111,U.S. House,4,,Over Votes,0,0,0,0,0
Boone,A111,Ballots Cast,,,,394,,,,
Boone,A111,County Judge/Executive,,,Chet HAND,157,16,131,8,2
Boone,A111,County Judge/Executive,,,Gary W. MOORE,128,15,105,1,7
Boone,A111,County Judge/Executive,,,Under Votes,8,0,7,1,0
Boone,A111,County Judge/Executive,,,Over Votes,0,0,0,0,0
Boone,A111,U.S. Senate,,Democratic,Dale Lewis ROMANS,3,1,2,0,0
Boone,A111,U.S. Senate,,Democratic,Charles BOOKER,36,3,33,0,0
Boone,A111,U.S. Senate,,Democratic,Logan FORSYTHE,0,0,0,0,0
Boone,A111,U.S. Senate,,Democratic,Joshua BLANTON SR.,3,2,1,0,0
Boone,A111,U.S. Senate,,Democratic,Vincent Anthony THOMPSON,2,1,1,0,0
Boone,A111,U.S. Senate,,Democratic,Pamela STEVENSON,4,1,3,0,0
Boone,A111,U.S. Senate,,Democratic,Amy McGRATH,50,8,39,2,1
Boone,A111,U.S. House,4,Democratic,Melissa Claire STRANGE,77,12,63,1,1
Boone,A111,U.S. House,4,Democratic,Jesse Russell BREWER,21,4,15,1,1
Boone,A112,U.S. Senate,,Republican,A. Nick SHELLEY,2,0,2,0,0
Boone,A112,U.S. Senate,,Republican,Daniel CAMERON,48,7,40,0,1
Boone,A112,U.S. Senate,,Republican,Andy BARR,134,13,114,3,4
Boone,A112,U.S. Senate,,Republican,Anissa CATLETT,3,0,3,0,0
Boone,A112,U.S. Senate,,Republican,"Valerie ""Dr Val"" FREDRICK",2,1,1,0,0
Boone,A112,U.S. Senate,,Republican,Jonathan M. HOLLIDAY,0,0,0,0,0
Boone,A112,U.S. Senate,,Republican,Other Donald WENZEL,0,0,0,0,0
Boone,A112,U.S. Senate,,Republican,Michael James FARIS,16,4,11,1,0
Boone,A112,U.S. Senate,,Republican,Nate MORRIS,11,1,8,2,0
Boone,A112,U.S. Senate,,Republican,James D. DUNCAN,1,0,1,0,0
Boone,A112,U.S. Senate,,Republican,Jimmy I. LEON,1,0,1,0,0
Boone,A112,U.S. Senate,,Republican,George WASHINGTON,3,0,3,0,0
Boone,A112,U.S. Senate,,,Under Votes,10,3,5,1,1
Boone,A112,U.S. Senate,,,Over Votes,0,0,0,0,0
Boone,A112,U.S. House,4,Republican,Thomas MASSIE,92,13,77,1,1
Boone,A112,U.S. House,4,Republican,Ed GALLREIN,133,15,110,5,3
Boone,A112,U.S. House,4,,Under Votes,5,1,1,1,2
Boone,A112,U.S. House,4,,Over Votes,0,0,0,0,0
Boone,A112,Ballots Cast,,,,285,,,,
Boone,A112,County Judge/Executive,,,Chet HAND,111,12,95,3,1
Boone,A112,County Judge/Executive,,,Gary W. MOORE,117,17,91,4,5
Boone,A112,County Judge/Executive,,,Under Votes,2,0,2,0,0
Boone,A112,County Judge/Executive,,,Over Votes,0,0,0,0,0
Boone,A112,U.S. Senate,,Democratic,Dale Lewis ROMANS,1,0,1,0,0
Boone,A112,U.S. Senate,,Democratic,Charles BOOKER,25,1,21,2,1
Boone,A112,U.S. Senate,,Democratic,Logan FORSYTHE,1,0,1,0,0
Boone,A112,U.S. Senate,,Democratic,Joshua BLANTON SR.,0,0,0,0,0
Boone,A112,U.S. Senate,,Democratic,Vincent Anthony THOMPSON,0,0,0,0,0
Boone,A112,U.S. Senate,,Democratic,Pamela STEVENSON,2,0,2,0,0
Boone,A112,U.S. Senate,,Democratic,Amy McGRATH,25,4,20,1,0
Boone,A112,U.S. House,4,Democratic,Melissa Claire STRANGE,38,4,31,3,0
Boone,A112,U.S. House,4,Democratic,Jesse Russell BREWER,17,1,15,0,1
Boone,A113,U.S. Senate,,Republican,A. Nick SHELLEY,0,0,0,0,0
Boone,A113,U.S. Senate,,Republican,Daniel CAMERON,71,14,55,1,1
Boone,A113,U.S. Senate,,Republican,Andy BARR,176,28,141,5,2
Boone,A113,U.S. Senate,,Republican,Anissa CATLETT,2,0,2,0,0
Boone,A113,U.S. Senate,,Republican,"Valerie ""Dr Val"" FREDRICK",8,0,8,0,0
Boone,A113,U.S. Senate,,Republican,Jonathan M. HOLLIDAY,3,0,2,1,0
Boone,A113,U.S. Senate,,Republican,Other Donald WENZEL,0,0,0,0,0
Boone,A113,U.S. Senate,,Republican,Michael James FARIS,13,3,9,0,1
Boone,A113,U.S. Senate,,Republican,Nate MORRIS,13,4,8,1,0
Boone,A113,U.S. Senate,,Republican,James D. DUNCAN,2,0,1,0,1
Boone,A113,U.S. Senate,,Republican,Jimmy I. LEON,0,0,0,0,0
Boone,A113,U.S. Senate,,Republican,George WASHINGTON,4,0,4,0,0
Boone,A113,U.S. Senate,,,Under Votes,8,0,8,0,0
Boone,A113,U.S. Senate,,,Over Votes,1,1,0,0,0
Boone,A113,U.S. House,4,Republican,Thomas MASSIE,113,19,90,2,2
Boone,A113,U.S. House,4,Republican,Ed GALLREIN,187,31,147,6,3
Boone,A113,U.S. House,4,,Under Votes,2,0,2,0,0
Boone,A113,U.S. House,4,,Over Votes,0,0,0,0,0
Boone,A113,Ballots Cast,,,,434,,,,
Boone,A113,County Judge/Executive,,,Chet HAND,167,30,130,3,4
Boone,A113,County Judge/Executive,,,Gary W. MOORE,127,20,101,5,1
Boone,A113,County Judge/Executive,,,Under Votes,7,0,7,0,0
Boone,A113,County Judge/Executive,,,Over Votes,0,0,0,0,0
Boone,A113,U.S. Senate,,Democratic,Dale Lewis ROMANS,1,0,1,0,0
Boone,A113,U.S. Senate,,Democratic,Charles BOOKER,69,7,59,3,0
Boone,A113,U.S. Senate,,Democratic,Logan FORSYTHE,3,0,2,0,1
Boone,A113,U.S. Senate,,Democratic,Joshua BLANTON SR.,0,0,0,0,0
Boone,A113,U.S. Senate,,Democratic,Vincent Anthony THOMPSON,2,0,2,0,0
Boone,A113,U.S. Senate,,Democratic,Pamela STEVENSON,9,2,7,0,0
Boone,A113,U.S. Senate,,Democratic,Amy McGRATH,49,10,33,5,1
Boone,A113,U.S. House,4,Democratic,Melissa Claire STRANGE,98,15,76,6,1
Boone,A113,U.S. House,4,Democratic,Jesse Russell BREWER,34,4,27,2,1
Boone,A114,U.S. Senate,,Republican,A. Nick SHELLEY,5,0,5,0,0
Boone,A114,U.S. Senate,,Republican,Daniel CAMERON,218,30,181,4,3
Boone,A114,U.S. Senate,,Republican,Andy BARR,322,40,268,10,4
Boone,A114,U.S. Senate,,Republican,Anissa CATLETT,10,0,7,3,0
Boone,A114,U.S. Senate,,Republican,"Valerie ""Dr Val"" FREDRICK",10,3,7,0,0
Boone,A114,U.S. Senate,,Republican,Jonathan M. HOLLIDAY,1,0,1,0,0
Boone,A114,U.S. Senate,,Republican,Other Donald WENZEL,1,0,1,0,0
Boone,A114,U.S. Senate,,Republican,Michael James FARIS,25,1,23,0,1
Boone,A114,U.S. Senate,,Republican,Nate MORRIS,14,2,5,6,1
Boone,A114,U.S. Senate,,Republican,James D. DUNCAN,6,2,2,2,0
Boone,A114,U.S. Senate,,Republican,Jimmy I. LEON,0,0,0,0,0
Boone,A114,U.S. Senate,,Republican,George WASHINGTON,10,0,10,0,0
Boone,A114,U.S. Senate,,,Under Votes,23,1,18,3,1
Boone,A114,U.S. Senate,,,Over Votes,0,0,0,0,0
Boone,A114,U.S. House,4,Republican,Thomas MASSIE,295,37,238,13,7
Boone,A114,U.S. House,4,Republican,Ed GALLREIN,344,41,286,14,3
Boone,A114,U.S. House,4,,Under Votes,8,1,6,1,0
Boone,A114,U.S. House,4,,Over Votes,0,0,0,0,0
Boone,A114,Ballots Cast,,,,792,,,,
Boone,A114,County Judge/Executive,,,Chet HAND,309,35,253,17,4
Boone,A114,County Judge/Executive,,,Gary W. MOORE,321,44,261,10,6
Boone,A114,County Judge/Executive,,,Under Votes,15,0,14,1,0
Boone,A114,County Judge/Executive,,,Over Votes,0,0,0,0,0
Boone,A114,U.S. Senate,,Democratic,Dale Lewis ROMANS,2,1,1,0,0
Boone,A114,U.S. Senate,,Democratic,Charles BOOKER,52,4,47,1,0
Boone,A114,U.S. Senate,,Democratic,Logan FORSYTHE,10,3,7,0,0
Boone,A114,U.S. Senate,,Democratic,Joshua BLANTON SR.,0,0,0,0,0
Boone,A114,U.S. Senate,,Democratic,Vincent Anthony THOMPSON,3,0,3,0,0
Boone,A114,U.S. Senate,,Democratic,Pamela STEVENSON,8,1,7,0,0
Boone,A114,U.S. Senate,,Democratic,Amy McGRATH,72,14,54,4,0
Boone,A114,U.S. House,4,Democratic,Melissa Claire STRANGE,114,21,89,4,0
Boone,A114,U.S. House,4,Democratic,Jesse Russell BREWER,31,2,28,1,0
Boone,A115,U.S. Senate,,Republican,A. Nick SHELLEY,6,1,5,0,0
Boone,A115,U.S. Senate,,Republican,Daniel CAMERON,101,9,89,3,0
Boone,A115,U.S. Senate,,Republican,Andy BARR,216,22,181,11,2
Boone,A115,U.S. Senate,,Republican,Anissa CATLETT,3,0,2,1,0
Boone,A115,U.S. Senate,,Republican,"Valerie ""Dr Val"" FREDRICK",5,0,5,0,0
Boone,A115,U.S. Senate,,Republican,Jonathan M. HOLLIDAY,2,0,1,1,0
Boone,A115,U.S. Senate,,Republican,Other Donald WENZEL,1,0,1,0,0
Boone,A115,U.S. Senate,,Republican,Michael James FARIS,16,0,15,1,0
Boone,A115,U.S. Senate,,Republican,Nate MORRIS,12,0,11,1,0
Boone,A115,U.S. Senate,,Republican,James D. DUNCAN,1,0,1,0,0
Boone,A115,U.S. Senate,,Republican,Jimmy I. LEON,1,1,0,0,0
Boone,A115,U.S. Senate,,Republican,George WASHINGTON,9,0,8,1,0
Boone,A115,U.S. Senate,,,Under Votes,11,0,11,0,0
Boone,A115,U.S. Senate,,,Over Votes,0,0,0,0,0
Boone,A115,U.S. House,4,Republican,Thomas MASSIE,148,12,127,8,1
Boone,A115,U.S. House,4,Republican,Ed GALLREIN,228,21,196,10,1
Boone,A115,U.S. House,4,,Under Votes,8,0,7,1,0
Boone,A115,U.S. House,4,,Over Votes,0,0,0,0,0
Boone,A115,Ballots Cast,,,,499,,,,
Boone,A115,County Judge/Executive,,,Chet HAND,176,16,150,9,1
Boone,A115,County Judge/Executive,,,Gary W. MOORE,199,17,171,10,1
Boone,A115,County Judge/Executive,,,Under Votes,4,0,4,0,0
Boone,A115,County Judge/Executive,,,Over Votes,0,0,0,0,0
Boone,A115,U.S. Senate,,Democratic,Dale Lewis ROMANS,2,0,2,0,0
Boone,A115,U.S. Senate,,Democratic,Charles BOOKER,36,5,30,1,0
Boone,A115,U.S. Senate,,Democratic,Logan FORSYTHE,2,0,2,0,0
Boone,A115,U.S. Senate,,Democratic,Joshua BLANTON SR.,3,0,3,0,0
Boone,A115,U.S. Senate,,Democratic,Vincent Anthony THOMPSON,2,0,2,0,0
Boone,A115,U.S. Senate,,Democratic,Pamela STEVENSON,12,5,6,0,1
Boone,A115,U.S. Senate,,Democratic,Amy McGRATH,58,10,44,4,0
Boone,A115,U.S. House,4,Democratic,Melissa Claire STRANGE,83,17,63,2,1
Boone,A115,U.S. House,4,Democratic,Jesse Russell BREWER,32,3,26,3,0
Boone,A116,U.S. Senate,,Republican,A. Nick SHELLEY,5,0,5,0,0
Boone,A116,U.S. Senate,,Republican,Daniel CAMERON,54,7,45,1,1
Boone,A116,U.S. Senate,,Republican,Andy BARR,131,18,107,2,4
Boone,A116,U.S. Senate,,Republican,Anissa CATLETT,2,0,2,0,0
Boone,A116,U.S. Senate,,Republican,"Valerie ""Dr Val"" FREDRICK",2,0,2,0,0
Boone,A116,U.S. Senate,,Republican,Jonathan M. HOLLIDAY,1,0,1,0,0
Boone,A116,U.S. Senate,,Republican,Other Donald WENZEL,0,0,0,0,0
Boone,A116,U.S. Senate,,Republican,Michael James FARIS,11,3,8,0,0
Boone,A116,U.S. Senate,,Republican,Nate MORRIS,3,2,1,0,0
Boone,A116,U.S. Senate,,Republican,James D. DUNCAN,2,0,2,0,0
Boone,A116,U.S. Senate,,Republican,Jimmy I. LEON,0,0,0,0,0
Boone,A116,U.S. Senate,,Republican,George WASHINGTON,3,1,2,0,0
Boone,A116,U.S. Senate,,,Under Votes,3,0,2,0,1
Boone,A116,U.S. Senate,,,Over Votes,0,0,0,0,0
Boone,A116,U.S. House,4,Republican,Thomas MASSIE,93,12,77,0,4
Boone,A116,U.S. House,4,Republican,Ed GALLREIN,124,19,100,3,2
Boone,A116,U.S. House,4,,Under Votes,2,0,2,0,0
Boone,A116,U.S. House,4,,Over Votes,0,0,0,0,0
Boone,A116,Ballots Cast,,,,266,,,,
Boone,A116,County Judge/Executive,,,Chet HAND,113,20,86,3,4
Boone,A116,County Judge/Executive,,,Gary W. MOORE,104,11,91,0,2
Boone,A116,County Judge/Executive,,,Under Votes,0,0,0,0,0
Boone,A116,County Judge/Executive,,,Over Votes,0,0,0,0,0
Boone,A116,U.S. Senate,,Democratic,Dale Lewis ROMANS,1,0,1,0,0
Boone,A116,U.S. Senate,,Democratic,Charles BOOKER,13,0,13,0,0
Boone,A116,U.S. Senate,,Democratic,Logan FORSYTHE,2,0,2,0,0
Boone,A116,U.S. Senate,,Democratic,Joshua BLANTON SR.,3,0,3,0,0
Boone,A116,U.S. Senate,,Democratic,Vincent Anthony THOMPSON,0,0,0,0,0
Boone,A116,U.S. Senate,,Democratic,Pamela STEVENSON,5,0,4,0,1
Boone,A116,U.S. Senate,,Democratic,Amy McGRATH,25,1,24,0,0
Boone,A116,U.S. House,4,Democratic,Melissa Claire STRANGE,32,1,30,0,1
Boone,A116,U.S. House,4,Democratic,Jesse Russell BREWER,15,0,15,0,0
Boone,A117,U.S. Senate,,Republican,A. Nick SHELLEY,8,0,8,0,0
Boone,A117,U.S. Senate,,Republican,Daniel CAMERON,210,14,188,4,4
Boone,A117,U.S. Senate,,Republican,Andy BARR,320,21,288,8,3
Boone,A117,U.S. Senate,,Republican,Anissa CATLETT,0,0,0,0,0
Boone,A117,U.S. Senate,,Republican,"Valerie ""Dr Val"" FREDRICK",4,0,4,0,0
Boone,A117,U.S. Senate,,Republican,Jonathan M. HOLLIDAY,2,0,2,0,0
Boone,A117,U.S. Senate,,Republican,Other Donald WENZEL,2,1,1,0,0
Boone,A117,U.S. Senate,,Republican,Michael James FARIS,34,2,32,0,0
Boone,A117,U.S. Senate,,Republican,Nate MORRIS,20,2,16,2,0
Boone,A117,U.S. Senate,,Republican,James D. DUNCAN,4,0,4,0,0
Boone,A117,U.S. Senate,,Republican,Jimmy I. LEON,1,0,1,0,0
Boone,A117,U.S. Senate,,Republican,George WASHINGTON,2,0,2,0,0
Boone,A117,U.S. Senate,,,Under Votes,21,2,19,0,0
Boone,A117,U.S. Senate,,,Over Votes,1,0,1,0,0
Boone,A117,U.S. House,4,Republican,Thomas MASSIE,292,19,265,2,6
Boone,A117,U.S. House,4,Republican,Ed GALLREIN,331,22,296,12,1
Boone,A117,U.S. House,4,,Under Votes,11,2,9,0,0
Boone,A117,U.S. House,4,,Over Votes,0,0,0,0,0
Boone,A117,Ballots Cast,,,,792,,,,
Boone,A117,County Judge/Executive,,,Chet HAND,317,26,281,7,3
Boone,A117,County Judge/Executive,,,Gary W. MOORE,296,13,272,7,4
Boone,A117,County Judge/Executive,,,Under Votes,14,2,12,0,0
Boone,A117,County Judge/Executive,,,Over Votes,0,0,0,0,0
Boone,A117,U.S. Senate,,Democratic,Dale Lewis ROMANS,3,0,3,0,0
Boone,A117,U.S. Senate,,Democratic,Charles BOOKER,63,2,60,1,0
Boone,A117,U.S. Senate,,Democratic,Logan FORSYTHE,5,0,5,0,0
Boone,A117,U.S. Senate,,Democratic,Joshua BLANTON SR.,1,0,1,0,0
Boone,A117,U.S. Senate,,Democratic,Vincent Anthony THOMPSON,1,0,1,0,0
Boone,A117,U.S. Senate,,Democratic,Pamela STEVENSON,14,2,12,0,0
Boone,A117,U.S. Senate,,Democratic,Amy McGRATH,76,10,62,3,1
Boone,A117,U.S. House,4,Democratic,Melissa Claire STRANGE,126,10,111,4,1
Boone,A117,U.S. House,4,Democratic,Jesse Russell BREWER,32,3,29,0,0
Boone,A118,U.S. Senate,,Republican,A. Nick SHELLEY,0,0,0,0,0
Boone,A118,U.S. Senate,,Republican,Daniel CAMERON,114,10,100,3,1
Boone,A118,U.S. Senate,,Republican,Andy BARR,203,19,177,7,0
Boone,A118,U.S. Senate,,Republican,Anissa CATLETT,1,0,1,0,0
Boone,A118,U.S. Senate,,Republican,"Valerie ""Dr Val"" FREDRICK",2,0,2,0,0
Boone,A118,U.S. Senate,,Republican,Jonathan M. HOLLIDAY,5,2,3,0,0
Boone,A118,U.S. Senate,,Republican,Other Donald WENZEL,0,0,0,0,0
Boone,A118,U.S. Senate,,Republican,Michael James FARIS,83,3,74,2,4
Boone,A118,U.S. Senate,,Republican,Nate MORRIS,3,1,2,0,0
Boone,A118,U.S. Senate,,Republican,James D. DUNCAN,1,0,1,0,0
Boone,A118,U.S. Senate,,Republican,Jimmy I. LEON,0,0,0,0,0
Boone,A118,U.S. Senate,,Republican,George WASHINGTON,4,0,4,0,0
Boone,A118,U.S. Senate,,,Under Votes,13,0,13,0,0
Boone,A118,U.S. Senate,,,Over Votes,0,0,0,0,0
Boone,A118,U.S. House,4,Republican,Thomas MASSIE,230,12,207,7,4
Boone,A118,U.S. House,4,Republican,Ed GALLREIN,193,23,164,5,1
Boone,A118,U.S. House,4,,Under Votes,6,0,6,0,0
Boone,A118,U.S. House,4,,Over Votes,0,0,0,0,0
Boone,A118,Ballots Cast,,,,492,,,,
Boone,A118,County Judge/Executive,,,Chet HAND,266,25,231,8,2
Boone,A118,County Judge/Executive,,,Gary W. MOORE,137,10,120,4,3
Boone,A118,County Judge/Executive,,,Under Votes,26,0,26,0,0
Boone,A118,County Judge/Executive,,,Over Votes,0,0,0,0,0
Boone,A118,U.S. Senate,,Democratic,Dale Lewis ROMANS,1,0,1,0,0
Boone,A118,U.S. Senate,,Democratic,Charles BOOKER,18,2,14,2,0
Boone,A118,U.S. Senate,,Democratic,Logan FORSYTHE,1,1,0,0,0
Boone,A118,U.S. Senate,,Democratic,Joshua BLANTON SR.,0,0,0,0,0
Boone,A118,U.S. Senate,,Democratic,Vincent Anthony THOMPSON,1,0,1,0,0
Boone,A118,U.S. Senate,,Democratic,Pamela STEVENSON,1,0,1,0,0
Boone,A118,U.S. Senate,,Democratic,Amy McGRATH,41,3,36,1,1
Boone,A118,U.S. House,4,Democratic,Melissa Claire STRANGE,49,5,40,3,1
Boone,A118,U.S. House,4,Democratic,Jesse Russell BREWER,14,1,13,0,0
Boone,A119,U.S. Senate,,Republican,A. Nick SHELLEY,0,0,0,0,0
Boone,A119,U.S. Senate,,Republican,Daniel CAMERON,19,3,16,0,0
Boone,A119,U.S. Senate,,Republican,Andy BARR,81,11,68,1,1
Boone,A119,U.S. Senate,,Republican,Anissa CATLETT,1,0,0,1,0
Boone,A119,U.S. Senate,,Republican,"Valerie ""Dr Val"" FREDRICK",2,0,2,0,0
Boone,A119,U.S. Senate,,Republican,Jonathan M. HOLLIDAY,2,0,1,1,0
Boone,A119,U.S. Senate,,Republican,Other Donald WENZEL,0,0,0,0,0
Boone,A119,U.S. Senate,,Republican,Michael James FARIS,1,0,0,1,0
Boone,A119,U.S. Senate,,Republican,Nate MORRIS,4,0,4,0,0
Boone,A119,U.S. Senate,,Republican,James D. DUNCAN,0,0,0,0,0
Boone,A119,U.S. Senate,,Republican,Jimmy I. LEON,1,1,0,0,0
Boone,A119,U.S. Senate,,Republican,George WASHINGTON,0,0,0,0,0
Boone,A119,U.S. Senate,,,Under Votes,1,0,1,0,0
Boone,A119,U.S. Senate,,,Over Votes,0,0,0,0,0
Boone,A119,U.S. House,4,Republican,Thomas MASSIE,20,3,14,3,0
Boone,A119,U.S. House,4,Republican,Ed GALLREIN,92,12,78,1,1
Boone,A119,U.S. House,4,,Under Votes,0,0,0,0,0
Boone,A119,U.S. House,4,,Over Votes,0,0,0,0,0
Boone,A119,Ballots Cast,,,,143,,,,
Boone,A119,State Representative,63,Republican,Seth Winslow YOUNG,15,1,13,1,0
Boone,A119,State Representative,63,Republican,Cole CUZICK,43,6,36,0,1
Boone,A119,State Representative,63,Republican,Kim BANTA,50,8,39,3,0
Boone,A119,State Representative,63,,Under Votes,4,0,4,0,0
Boone,A119,State Representative,63,,Over Votes,0,0,0,0,0
Boone,A119,County Judge/Executive,,,Chet HAND,56,11,44,1,0
Boone,A119,County Judge/Executive,,,Gary W. MOORE,54,4,46,3,1
Boone,A119,County Judge/Executive,,,Under Votes,2,0,2,0,0
Boone,A119,County Judge/Executive,,,Over Votes,0,0,0,0,0
Boone,A119,U.S. Senate,,Democratic,Dale Lewis ROMANS,0,0,0,0,0
Boone,A119,U.S. Senate,,Democratic,Charles BOOKER,7,0,6,1,0
Boone,A119,U.S. Senate,,Democratic,Logan FORSYTHE,4,0,1,3,0
Boone,A119,U.S. Senate,,Democratic,Joshua BLANTON SR.,1,0,0,1,0
Boone,A119,U.S. Senate,,Democratic,Vincent Anthony THOMPSON,1,0,1,0,0
Boone,A119,U.S. Senate,,Democratic,Pamela STEVENSON,5,0,4,1,0
Boone,A119,U.S. Senate,,Democratic,Amy McGRATH,13,3,9,1,0
Boone,A119,U.S. House,4,Democratic,Melissa Claire STRANGE,23,3,14,6,0
Boone,A119,U.S. House,4,Democratic,Jesse Russell BREWER,8,0,7,1,0
Boone,A120,U.S. Senate,,Republican,A. Nick SHELLEY,5,0,5,0,0
Boone,A120,U.S. Senate,,Republican,Daniel CAMERON,142,13,126,2,1
Boone,A120,U.S. Senate,,Republican,Andy BARR,261,32,216,11,2
Boone,A120,U.S. Senate,,Republican,Anissa CATLETT,8,3,4,1,0
Boone,A120,U.S. Senate,,Republican,"Valerie ""Dr Val"" FREDRICK",9,0,8,0,1
Boone,A120,U.S. Senate,,Republican,Jonathan M. HOLLIDAY,2,0,2,0,0
Boone,A120,U.S. Senate,,Republican,Other Donald WENZEL,1,0,1,0,0
Boone,A120,U.S. Senate,,Republican,Michael James FARIS,26,4,22,0,0
Boone,A120,U.S. Senate,,Republican,Nate MORRIS,15,6,7,2,0
Boone,A120,U.S. Senate,,Republican,James D. DUNCAN,6,1,5,0,0
Boone,A120,U.S. Senate,,Republican,Jimmy I. LEON,0,0,0,0,0
Boone,A120,U.S. Senate,,Republican,George WASHINGTON,12,0,12,0,0
Boone,A120,U.S. Senate,,,Under Votes,21,1,19,0,1
Boone,A120,U.S. Senate,,,Over Votes,0,0,0,0,0
Boone,A120,U.S. House,4,Republican,Thomas MASSIE,226,25,196,3,2
Boone,A120,U.S. House,4,Republican,Ed GALLREIN,278,35,227,13,3
Boone,A120,U.S. House,4,,Under Votes,6,0,6,0,0
Boone,A120,U.S. House,4,,Over Votes,0,0,0,0,0
Boone,A120,Ballots Cast,,,,606,,,,
Boone,A120,County Judge/Executive,,,Chet HAND,260,29,223,6,2
Boone,A120,County Judge/Executive,,,Gary W. MOORE,241,31,197,10,3
Boone,A120,County Judge/Executive,,,Under Votes,7,0,7,0,0
Boone,A120,County Judge/Executive,,,Over Votes,0,0,0,0,0
Boone,A120,U.S. Senate,,Democratic,Dale Lewis ROMANS,2,1,1,0,0
Boone,A120,U.S. Senate,,Democratic,Charles BOOKER,51,4,45,2,0
Boone,A120,U.S. Senate,,Democratic,Logan FORSYTHE,4,0,4,0,0
Boone,A120,U.S. Senate,,Democratic,Joshua BLANTON SR.,2,0,2,0,0
Boone,A120,U.S. Senate,,Democratic,Vincent Anthony THOMPSON,3,0,3,0,0
Boone,A120,U.S. Senate,,Democratic,Pamela STEVENSON,1,0,1,0,0
Boone,A120,U.S. Senate,,Democratic,Amy McGRATH,35,6,28,0,1
Boone,A120,U.S. House,4,Democratic,Melissa Claire STRANGE,71,7,62,1,1
Boone,A120,U.S. House,4,Democratic,Jesse Russell BREWER,25,4,20,1,0
Boone,A121,U.S. Senate,,Republican,A. Nick SHELLEY,4,1,3,0,0
Boone,A121,U.S. Senate,,Republican,Daniel CAMERON,208,10,190,7,1
Boone,A121,U.S. Senate,,Republican,Andy BARR,293,23,261,2,7
Boone,A121,U.S. Senate,,Republican,Anissa CATLETT,11,1,10,0,0
Boone,A121,U.S. Senate,,Republican,"Valerie ""Dr Val"" FREDRICK",12,1,11,0,0
Boone,A121,U.S. Senate,,Republican,Jonathan M. HOLLIDAY,4,0,4,0,0
Boone,A121,U.S. Senate,,Republican,Other Donald WENZEL,1,0,1,0,0
Boone,A121,U.S. Senate,,Republican,Michael James FARIS,30,5,25,0,0
Boone,A121,U.S. Senate,,Republican,Nate MORRIS,29,1,26,0,2
Boone,A121,U.S. Senate,,Republican,James D. DUNCAN,2,0,2,0,0
Boone,A121,U.S. Senate,,Republican,Jimmy I. LEON,1,1,0,0,0
Boone,A121,U.S. Senate,,Republican,George WASHINGTON,6,1,5,0,0
Boone,A121,U.S. Senate,,,Under Votes,29,1,27,1,0
Boone,A121,U.S. Senate,,,Over Votes,0,0,0,0,0
Boone,A121,U.S. House,4,Republican,Thomas MASSIE,299,20,272,5,2
Boone,A121,U.S. House,4,Republican,Ed GALLREIN,314,23,278,5,8
Boone,A121,U.S. House,4,,Under Votes,20,2,17,1,0
Boone,A121,U.S. House,4,,Over Votes,0,0,0,0,0
Boone,A121,Ballots Cast,,,,770,,,,
Boone,A121,County Judge/Executive,,,Chet HAND,313,17,289,2,5
Boone,A121,County Judge/Executive,,,Gary W. MOORE,295,27,255,8,5
Boone,A121,County Judge/Executive,,,Under Votes,13,1,12,0,0
Boone,A121,County Judge/Executive,,,Over Votes,0,0,0,0,0
Boone,A121,U.S. Senate,,Democratic,Dale Lewis ROMANS,2,0,1,1,0
Boone,A121,U.S. Senate,,Democratic,Charles BOOKER,51,6,44,1,0
Boone,A121,U.S. Senate,,Democratic,Logan FORSYTHE,6,1,4,1,0
Boone,A121,U.S. Senate,,Democratic,Joshua BLANTON SR.,1,0,1,0,0
Boone,A121,U.S. Senate,,Democratic,Vincent Anthony THOMPSON,3,0,3,0,0
Boone,A121,U.S. Senate,,Democratic,Pamela STEVENSON,7,2,3,2,0
Boone,A121,U.S. Senate,,Democratic,Amy McGRATH,70,8,57,5,0
Boone,A121,U.S. House,4,Democratic,Melissa Claire STRANGE,104,14,84,6,0
Boone,A121,U.S. House,4,Democratic,Jesse Russell BREWER,33,3,27,3,0
Boone,A122,U.S. Senate,,Republican,A. Nick SHELLEY,1,0,1,0,0
Boone,A122,U.S. Senate,,Republican,Daniel CAMERON,66,4,60,1,1
Boone,A122,U.S. Senate,,Republican,Andy BARR,138,11,125,0,2
Boone,A122,U.S. Senate,,Republican,Anissa CATLETT,6,1,5,0,0
Boone,A122,U.S. Senate,,Republican,"Valerie ""Dr Val"" FREDRICK",1,0,1,0,0
Boone,A122,U.S. Senate,,Republican,Jonathan M. HOLLIDAY,1,0,1,0,0
Boone,A122,U.S. Senate,,Republican,Other Donald WENZEL,0,0,0,0,0
Boone,A122,U.S. Senate,,Republican,Michael James FARIS,14,2,12,0,0
Boone,A122,U.S. Senate,,Republican,Nate MORRIS,6,1,5,0,0
Boone,A122,U.S. Senate,,Republican,James D. DUNCAN,1,0,0,0,1
Boone,A122,U.S. Senate,,Republican,Jimmy I. LEON,0,0,0,0,0
Boone,A122,U.S. Senate,,Republican,George WASHINGTON,0,0,0,0,0
Boone,A122,U.S. Senate,,,Under Votes,9,0,7,0,2
Boone,A122,U.S. Senate,,,Over Votes,0,0,0,0,0
Boone,A122,U.S. House,4,Republican,Thomas MASSIE,98,5,90,0,3
Boone,A122,U.S. House,4,Republican,Ed GALLREIN,144,14,127,1,2
Boone,A122,U.S. House,4,,Under Votes,2,0,1,0,1
Boone,A122,U.S. House,4,,Over Votes,0,0,0,0,0
Boone,A122,Ballots Cast,,,,302,,,,
Boone,A122,County Judge/Executive,,,Chet HAND,126,4,118,1,3
Boone,A122,County Judge/Executive,,,Gary W. MOORE,109,15,92,0,2
Boone,A122,County Judge/Executive,,,Under Votes,8,0,7,0,1
Boone,A122,County Judge/Executive,,,Over Votes,0,0,0,0,0
Boone,A122,U.S. Senate,,Democratic,Dale Lewis ROMANS,2,0,1,1,0
Boone,A122,U.S. Senate,,Democratic,Charles BOOKER,21,1,19,0,1
Boone,A122,U.S. Senate,,Democratic,Logan FORSYTHE,2,1,1,0,0
Boone,A122,U.S. Senate,,Democratic,Joshua BLANTON SR.,2,0,2,0,0
Boone,A122,U.S. Senate,,Democratic,Vincent Anthony THOMPSON,3,0,3,0,0
Boone,A122,U.S. Senate,,Democratic,Pamela STEVENSON,5,1,4,0,0
Boone,A122,U.S. Senate,,Democratic,Amy McGRATH,24,2,20,0,2
Boone,A122,U.S. House,4,Democratic,Melissa Claire STRANGE,39,5,31,0,3
Boone,A122,U.S. House,4,Democratic,Jesse Russell BREWER,19,0,18,1,0
Boone,A123,U.S. Senate,,Republican,A. Nick SHELLEY,2,0,1,1,0
Boone,A123,U.S. Senate,,Republican,Daniel CAMERON,111,11,97,1,2
Boone,A123,U.S. Senate,,Republican,Andy BARR,171,11,155,0,5
Boone,A123,U.S. Senate,,Republican,Anissa CATLETT,8,0,8,0,0
Boone,A123,U.S. Senate,,Republican,"Valerie ""Dr Val"" FREDRICK",2,0,2,0,0
Boone,A123,U.S. Senate,,Republican,Jonathan M. HOLLIDAY,3,0,3,0,0
Boone,A123,U.S. Senate,,Republican,Other Donald WENZEL,0,0,0,0,0
Boone,A123,U.S. Senate,,Republican,Michael James FARIS,26,3,22,0,1
Boone,A123,U.S. Senate,,Republican,Nate MORRIS,11,2,9,0,0
Boone,A123,U.S. Senate,,Republican,James D. DUNCAN,2,0,2,0,0
Boone,A123,U.S. Senate,,Republican,Jimmy I. LEON,0,0,0,0,0
Boone,A123,U.S. Senate,,Republican,George WASHINGTON,3,1,2,0,0
Boone,A123,U.S. Senate,,,Under Votes,13,0,13,0,0
Boone,A123,U.S. Senate,,,Over Votes,2,0,2,0,0
Boone,A123,U.S. House,4,Republican,Thomas MASSIE,159,15,138,2,4
Boone,A123,U.S. House,4,Republican,Ed GALLREIN,192,13,175,0,4
Boone,A123,U.S. House,4,,Under Votes,3,1,2,0,0
Boone,A123,U.S. House,4,,Over Votes,1,0,1,0,0
Boone,A123,Ballots Cast,,,,466,,,,
Boone,A123,County Judge/Executive,,,Chet HAND,177,11,160,1,5
Boone,A123,County Judge/Executive,,,Gary W. MOORE,173,17,152,1,3
Boone,A123,County Judge/Executive,,,Under Votes,2,0,2,0,0
Boone,A123,County Judge/Executive,,,Over Votes,0,0,0,0,0
Boone,A123,U.S. Senate,,Democratic,Dale Lewis ROMANS,1,1,0,0,0
Boone,A123,U.S. Senate,,Democratic,Charles BOOKER,52,1,50,1,0
Boone,A123,U.S. Senate,,Democratic,Logan FORSYTHE,2,0,2,0,0
Boone,A123,U.S. Senate,,Democratic,Joshua BLANTON SR.,0,0,0,0,0
Boone,A123,U.S. Senate,,Democratic,Vincent Anthony THOMPSON,0,0,0,0,0
Boone,A123,U.S. Senate,,Democratic,Pamela STEVENSON,15,2,12,0,1
Boone,A123,U.S. Senate,,Democratic,Amy McGRATH,42,7,33,2,0
Boone,A123,U.S. House,4,Democratic,Melissa Claire STRANGE,79,6,70,3,0
Boone,A123,U.S. House,4,Democratic,Jesse Russell BREWER,32,4,27,0,1
Boone,B114,U.S. Senate,,Republican,A. Nick SHELLEY,4,0,4,0,0
Boone,B114,U.S. Senate,,Republican,Daniel CAMERON,82,4,78,0,0
Boone,B114,U.S. Senate,,Republican,Andy BARR,152,5,141,5,1
Boone,B114,U.S. Senate,,Republican,Anissa CATLETT,5,0,4,0,1
Boone,B114,U.S. Senate,,Republican,"Valerie ""Dr Val"" FREDRICK",1,0,1,0,0
Boone,B114,U.S. Senate,,Republican,Jonathan M. HOLLIDAY,2,1,1,0,0
Boone,B114,U.S. Senate,,Republican,Other Donald WENZEL,2,0,2,0,0
Boone,B114,U.S. Senate,,Republican,Michael James FARIS,37,0,35,1,1
Boone,B114,U.S. Senate,,Republican,Nate MORRIS,5,0,5,0,0
Boone,B114,U.S. Senate,,Republican,James D. DUNCAN,2,0,2,0,0
Boone,B114,U.S. Senate,,Republican,Jimmy I. LEON,1,0,0,0,1
Boone,B114,U.S. Senate,,Republican,George WASHINGTON,5,0,5,0,0
Boone,B114,U.S. Senate,,,Under Votes,18,0,18,0,0
Boone,B114,U.S. Senate,,,Over Votes,0,0,0,0,0
Boone,B114,U.S. House,4,Republican,Thomas MASSIE,156,5,147,1,3
Boone,B114,U.S. House,4,Republican,Ed GALLREIN,159,5,148,5,1
Boone,B114,U.S. House,4,,Under Votes,4,0,4,0,0
Boone,B114,U.S. House,4,,Over Votes,0,0,0,0,0
Boone,B114,Ballots Cast,,,,359,,,,
Boone,B114,County Judge/Executive,,,Chet HAND,175,3,166,5,1
Boone,B114,County Judge/Executive,,,Gary W. MOORE,123,7,112,1,3
Boone,B114,County Judge/Executive,,,Under Votes,17,0,17,0,0
Boone,B114,County Judge/Executive,,,Over Votes,0,0,0,0,0
Boone,B114,Constable,,,Bill PRICE,114,4,107,3,0
Boone,B114,Constable,,,Patrick Ryan BAILEY,123,4,114,3,2
Boone,B114,Constable,,,Under Votes,78,2,74,0,2
Boone,B114,Constable,,,Over Votes,0,0,0,0,0
Boone,B114,U.S. Senate,,Democratic,Dale Lewis ROMANS,3,1,2,0,0
Boone,B114,U.S. Senate,,Democratic,Charles BOOKER,16,0,16,0,0
Boone,B114,U.S. Senate,,Democratic,Logan FORSYTHE,1,0,1,0,0
Boone,B114,U.S. Senate,,Democratic,Joshua BLANTON SR.,1,0,1,0,0
Boone,B114,U.S. Senate,,Democratic,Vincent Anthony THOMPSON,1,0,1,0,0
Boone,B114,U.S. Senate,,Democratic,Pamela STEVENSON,3,1,2,0,0
Boone,B114,U.S. Senate,,Democratic,Amy McGRATH,18,0,17,1,0
Boone,B114,U.S. House,4,Democratic,Melissa Claire STRANGE,25,1,23,1,0
Boone,B114,U.S. House,4,Democratic,Jesse Russell BREWER,15,1,14,0,0
Boone,B115,U.S. Senate,,Republican,A. Nick SHELLEY,0,0,0,0,0
Boone,B115,U.S. Senate,,Republican,Daniel CAMERON,51,6,39,2,4
Boone,B115,U.S. Senate,,Republican,Andy BARR,90,13,74,2,1
Boone,B115,U.S. Senate,,Republican,Anissa CATLETT,2,0,1,1,0
Boone,B115,U.S. Senate,,Republican,"Valerie ""Dr Val"" FREDRICK",4,0,4,0,0
Boone,B115,U.S. Senate,,Republican,Jonathan M. HOLLIDAY,0,0,0,0,0
Boone,B115,U.S. Senate,,Republican,Other Donald WENZEL,0,0,0,0,0
Boone,B115,U.S. Senate,,Republican,Michael James FARIS,12,0,12,0,0
Boone,B115,U.S. Senate,,Republican,Nate MORRIS,5,2,3,0,0
Boone,B115,U.S. Senate,,Republican,James D. DUNCAN,0,0,0,0,0
Boone,B115,U.S. Senate,,Republican,Jimmy I. LEON,0,0,0,0,0
Boone,B115,U.S. Senate,,Republican,George WASHINGTON,6,1,5,0,0
Boone,B115,U.S. Senate,,,Under Votes,10,1,9,0,0
Boone,B115,U.S. Senate,,,Over Votes,0,0,0,0,0
Boone,B115,U.S. House,4,Republican,Thomas MASSIE,72,6,61,1,4
Boone,B115,U.S. House,4,Republican,Ed GALLREIN,105,16,84,4,1
Boone,B115,U.S. House,4,,Under Votes,4,1,3,0,0
Boone,B115,U.S. House,4,,Over Votes,0,0,0,0,0
Boone,B115,Ballots Cast,,,,241,,,,
Boone,B115,County Judge/Executive,,,Chet HAND,91,14,72,3,2
Boone,B115,County Judge/Executive,,,Gary W. MOORE,83,9,69,2,3
Boone,B115,County Judge/Executive,,,Under Votes,5,0,5,0,0
Boone,B115,County Judge/Executive,,,Over Votes,0,0,0,0,0
Boone,B115,Constable,,,Bill PRICE,53,4,46,2,1
Boone,B115,Constable,,,Patrick Ryan BAILEY,75,11,60,2,2
Boone,B115,Constable,,,Under Votes,50,7,40,1,2
Boone,B115,Constable,,,Over Votes,1,1,0,0,0
Boone,B115,U.S. Senate,,Democratic,Dale Lewis ROMANS,2,1,1,0,0
Boone,B115,U.S. Senate,,Democratic,Charles BOOKER,25,2,21,0,2
Boone,B115,U.S. Senate,,Democratic,Logan FORSYTHE,0,0,0,0,0
Boone,B115,U.S. Senate,,Democratic,Joshua BLANTON SR.,0,0,0,0,0
Boone,B115,U.S. Senate,,Democratic,Vincent Anthony THOMPSON,2,0,2,0,0
Boone,B115,U.S. Senate,,Democratic,Pamela STEVENSON,5,0,3,2,0
Boone,B115,U.S. Senate,,Democratic,Amy McGRATH,27,5,22,0,0
Boone,B115,U.S. House,4,Democratic,Melissa Claire STRANGE,40,2,35,2,1
Boone,B115,U.S. House,4,Democratic,Jesse Russell BREWER,20,6,13,0,1
Boone,B118,U.S. Senate,,Republican,A. Nick SHELLEY,1,0,1,0,0
Boone,B118,U.S. Senate,,Republican,Daniel CAMERON,43,2,41,0,0
Boone,B118,U.S. Senate,,Republican,Andy BARR,116,11,100,5,0
Boone,B118,U.S. Senate,,Republican,Anissa CATLETT,5,0,5,0,0
Boone,B118,U.S. Senate,,Republican,"Valerie ""Dr Val"" FREDRICK",4,0,4,0,0
Boone,B118,U.S. Senate,,Republican,Jonathan M. HOLLIDAY,0,0,0,0,0
Boone,B118,U.S. Senate,,Republican,Other Donald WENZEL,0,0,0,0,0
Boone,B118,U.S. Senate,,Republican,Michael James FARIS,2,0,2,0,0
Boone,B118,U.S. Senate,,Republican,Nate MORRIS,6,0,6,0,0
Boone,B118,U.S. Senate,,Republican,James D. DUNCAN,1,0,1,0,0
Boone,B118,U.S. Senate,,Republican,Jimmy I. LEON,0,0,0,0,0
Boone,B118,U.S. Senate,,Republican,George WASHINGTON,2,0,2,0,0
Boone,B118,U.S. Senate,,,Under Votes,4,0,4,0,0
Boone,B118,U.S. Senate,,,Over Votes,0,0,0,0,0
Boone,B118,U.S. House,4,Republican,Thomas MASSIE,67,3,64,0,0
Boone,B118,U.S. House,4,Republican,Ed GALLREIN,114,10,99,5,0
Boone,B118,U.S. House,4,,Under Votes,5,0,5,0,0
Boone,B118,U.S. House,4,,Over Votes,0,0,0,0,0
Boone,B118,Ballots Cast,,,,254,,,,
Boone,B118,State Representative,63,Republican,Seth Winslow YOUNG,14,0,14,0,0
Boone,B118,State Representative,63,Republican,Cole CUZICK,93,7,82,4,0
Boone,B118,State Representative,63,Republican,Kim BANTA,67,5,61,1,0
Boone,B118,State Representative,63,,Under Votes,10,1,9,0,0
Boone,B118,State Representative,63,,Over Votes,0,0,0,0,0
Boone,B118,County Judge/Executive,,,Chet HAND,86,7,75,4,0
Boone,B118,County Judge/Executive,,,Gary W. MOORE,93,6,86,1,0
Boone,B118,County Judge/Executive,,,Under Votes,5,0,5,0,0
Boone,B118,County Judge/Executive,,,Over Votes,0,0,0,0,0
Boone,B118,Constable,,,Bill PRICE,66,4,60,2,0
Boone,B118,Constable,,,Patrick Ryan BAILEY,86,6,77,3,0
Boone,B118,Constable,,,Under Votes,32,3,29,0,0
Boone,B118,Constable,,,Over Votes,0,0,0,0,0
Boone,B118,U.S. Senate,,Democratic,Dale Lewis ROMANS,0,0,0,0,0
Boone,B118,U.S. Senate,,Democratic,Charles BOOKER,22,3,15,3,1
Boone,B118,U.S. Senate,,Democratic,Logan FORSYTHE,2,1,1,0,0
Boone,B118,U.S. Senate,,Democratic,Joshua BLANTON SR.,0,0,0,0,0
Boone,B118,U.S. Senate,,Democratic,Vincent Anthony THOMPSON,0,0,0,0,0
Boone,B118,U.S. Senate,,Democratic,Pamela STEVENSON,5,2,3,0,0
Boone,B118,U.S. Senate,,Democratic,Amy McGRATH,41,4,37,0,0
Boone,B118,U.S. House,4,Democratic,Melissa Claire STRANGE,57,10,43,3,1
Boone,B118,U.S. House,4,Democratic,Jesse Russell BREWER,11,0,11,0,0
Boone,B120,U.S. Senate,,Republican,A. Nick SHELLEY,2,0,2,0,0
Boone,B120,U.S. Senate,,Republican,Daniel CAMERON,83,15,68,0,0
Boone,B120,U.S. Senate,,Republican,Andy BARR,152,20,127,1,4
Boone,B120,U.S. Senate,,Republican,Anissa CATLETT,7,0,7,0,0
Boone,B120,U.S. Senate,,Republican,"Valerie ""Dr Val"" FREDRICK",3,0,2,1,0
Boone,B120,U.S. Senate,,Republican,Jonathan M. HOLLIDAY,1,0,1,0,0
Boone,B120,U.S. Senate,,Republican,Other Donald WENZEL,0,0,0,0,0
Boone,B120,U.S. Senate,,Republican,Michael James FARIS,13,2,11,0,0
Boone,B120,U.S. Senate,,Republican,Nate MORRIS,5,1,1,3,0
Boone,B120,U.S. Senate,,Republican,James D. DUNCAN,1,0,1,0,0
Boone,B120,U.S. Senate,,Republican,Jimmy I. LEON,0,0,0,0,0
Boone,B120,U.S. Senate,,Republican,George WASHINGTON,6,0,6,0,0
Boone,B120,U.S. Senate,,,Under Votes,2,0,2,0,0
Boone,B120,U.S. Senate,,,Over Votes,0,0,0,0,0
Boone,B120,U.S. House,4,Republican,Thomas MASSIE,120,17,96,4,3
Boone,B120,U.S. House,4,Republican,Ed GALLREIN,152,21,129,1,1
Boone,B120,U.S. House,4,,Under Votes,5,0,5,0,0
Boone,B120,U.S. House,4,,Over Votes,0,0,0,0,0
Boone,B120,Ballots Cast,,,,319,,,,
Boone,B120,County Judge/Executive,,,Chet HAND,117,13,101,0,3
Boone,B120,County Judge/Executive,,,Gary W. MOORE,149,23,120,5,1
Boone,B120,County Judge/Executive,,,Under Votes,9,2,7,0,0
Boone,B120,County Judge/Executive,,,Over Votes,0,0,0,0,0
Boone,B120,Constable,,,Bill PRICE,83,8,71,1,3
Boone,B120,Constable,,,Patrick Ryan BAILEY,131,16,112,2,1
Boone,B120,Constable,,,Under Votes,61,14,45,2,0
Boone,B120,Constable,,,Over Votes,0,0,0,0,0
Boone,B120,U.S. Senate,,Democratic,Dale Lewis ROMANS,1,1,0,0,0
Boone,B120,U.S. Senate,,Democratic,Charles BOOKER,18,3,15,0,0
Boone,B120,U.S. Senate,,Democratic,Logan FORSYTHE,2,0,2,0,0
Boone,B120,U.S. Senate,,Democratic,Joshua BLANTON SR.,0,0,0,0,0
Boone,B120,U.S. Senate,,Democratic,Vincent Anthony THOMPSON,0,0,0,0,0
Boone,B120,U.S. Senate,,Democratic,Pamela STEVENSON,1,0,1,0,0
Boone,B120,U.S. Senate,,Democratic,Amy McGRATH,22,5,17,0,0
Boone,B120,U.S. House,4,Democratic,Melissa Claire STRANGE,33,6,27,0,0
Boone,B120,U.S. House,4,Democratic,Jesse Russell BREWER,9,3,6,0,0
Boone,B121,U.S. Senate,,Republican,A. Nick SHELLEY,4,0,4,0,0
Boone,B121,U.S. Senate,,Republican,Daniel CAMERON,210,17,187,6,0
Boone,B121,U.S. Senate,,Republican,Andy BARR,301,28,258,13,2
Boone,B121,U.S. Senate,,Republican,Anissa CATLETT,5,0,5,0,0
Boone,B121,U.S. Senate,,Republican,"Valerie ""Dr Val"" FREDRICK",7,1,5,1,0
Boone,B121,U.S. Senate,,Republican,Jonathan M. HOLLIDAY,1,0,1,0,0
Boone,B121,U.S. Senate,,Republican,Other Donald WENZEL,1,0,1,0,0
Boone,B121,U.S. Senate,,Republican,Michael James FARIS,110,8,97,5,0
Boone,B121,U.S. Senate,,Republican,Nate MORRIS,15,1,13,1,0
Boone,B121,U.S. Senate,,Republican,James D. DUNCAN,1,0,1,0,0
Boone,B121,U.S. Senate,,Republican,Jimmy I. LEON,3,1,2,0,0
Boone,B121,U.S. Senate,,Republican,George WASHINGTON,10,0,10,0,0
Boone,B121,U.S. Senate,,,Under Votes,31,3,27,1,0
Boone,B121,U.S. Senate,,,Over Votes,0,0,0,0,0
Boone,B121,U.S. House,4,Republican,Thomas MASSIE,360,22,327,11,0
Boone,B121,U.S. House,4,Republican,Ed GALLREIN,322,31,274,15,2
Boone,B121,U.S. House,4,,Under Votes,26,6,19,1,0
Boone,B121,U.S. House,4,,Over Votes,0,0,0,0,0
Boone,B121,Ballots Cast,,,,845,,,,
Boone,B121,County Judge/Executive,,,Chet HAND,471,35,419,16,1
Boone,B121,County Judge/Executive,,,Gary W. MOORE,205,22,173,9,1
Boone,B121,County Judge/Executive,,,Under Votes,19,1,16,2,0
Boone,B121,County Judge/Executive,,,Over Votes,0,0,0,0,0
Boone,B121,Constable,,,Bill PRICE,264,26,225,13,0
Boone,B121,Constable,,,Patrick Ryan BAILEY,285,21,255,8,1
Boone,B121,Constable,,,Under Votes,146,11,128,6,1
Boone,B121,Constable,,,Over Votes,0,0,0,0,0
Boone,B121,U.S. Senate,,Democratic,Dale Lewis ROMANS,3,0,3,0,0
Boone,B121,U.S. Senate,,Democratic,Charles BOOKER,54,6,47,1,0
Boone,B121,U.S. Senate,,Democratic,Logan FORSYTHE,4,0,4,0,0
Boone,B121,U.S. Senate,,Democratic,Joshua BLANTON SR.,2,0,2,0,0
Boone,B121,U.S. Senate,,Democratic,Vincent Anthony THOMPSON,2,0,2,0,0
Boone,B121,U.S. Senate,,Democratic,Pamela STEVENSON,11,0,11,0,0
Boone,B121,U.S. Senate,,Democratic,Amy McGRATH,70,8,55,5,2
Boone,B121,U.S. House,4,Democratic,Melissa Claire STRANGE,103,14,82,5,2
Boone,B121,U.S. House,4,Democratic,Jesse Russell BREWER,34,0,33,1,0
Boone,B122,U.S. Senate,,Republican,A. Nick SHELLEY,7,0,7,0,0
Boone,B122,U.S. Senate,,Republican,Daniel CAMERON,223,11,203,5,4
Boone,B122,U.S. Senate,,Republican,Andy BARR,290,10,267,9,4
Boone,B122,U.S. Senate,,Republican,Anissa CATLETT,7,0,5,2,0
Boone,B122,U.S. Senate,,Republican,"Valerie ""Dr Val"" FREDRICK",6,0,6,0,0
Boone,B122,U.S. Senate,,Republican,Jonathan M. HOLLIDAY,2,0,0,2,0
Boone,B122,U.S. Senate,,Republican,Other Donald WENZEL,1,0,1,0,0
Boone,B122,U.S. Senate,,Republican,Michael James FARIS,51,2,46,3,0
Boone,B122,U.S. Senate,,Republican,Nate MORRIS,18,0,15,3,0
Boone,B122,U.S. Senate,,Republican,James D. DUNCAN,4,0,4,0,0
Boone,B122,U.S. Senate,,Republican,Jimmy I. LEON,3,0,3,0,0
Boone,B122,U.S. Senate,,Republican,George WASHINGTON,9,1,7,1,0
Boone,B122,U.S. Senate,,,Under Votes,29,2,26,0,1
Boone,B122,U.S. Senate,,,Over Votes,0,0,0,0,0
Boone,B122,U.S. House,4,Republican,Thomas MASSIE,313,10,286,11,6
Boone,B122,U.S. House,4,Republican,Ed GALLREIN,328,15,296,14,3
Boone,B122,U.S. House,4,,Under Votes,11,1,10,0,0
Boone,B122,U.S. House,4,,Over Votes,1,0,1,0,0
Boone,B122,Ballots Cast,,,,817,,,,
Boone,B122,County Judge/Executive,,,Chet HAND,360,11,330,15,4
Boone,B122,County Judge/Executive,,,Gary W. MOORE,278,12,251,10,5
Boone,B122,County Judge/Executive,,,Under Votes,10,2,8,0,0
Boone,B122,County Judge/Executive,,,Over Votes,0,0,0,0,0
Boone,B122,Constable,,,Bill PRICE,219,12,200,3,4
Boone,B122,Constable,,,Patrick Ryan BAILEY,304,7,274,19,4
Boone,B122,Constable,,,Under Votes,125,6,115,3,1
Boone,B122,Constable,,,Over Votes,0,0,0,0,0
Boone,B122,U.S. Senate,,Democratic,Dale Lewis ROMANS,3,0,2,1,0
Boone,B122,U.S. Senate,,Democratic,Charles BOOKER,71,4,67,0,0
Boone,B122,U.S. Senate,,Democratic,Logan FORSYTHE,5,1,3,1,0
Boone,B122,U.S. Senate,,Democratic,Joshua BLANTON SR.,4,0,4,0,0
Boone,B122,U.S. Senate,,Democratic,Vincent Anthony THOMPSON,0,0,0,0,0
Boone,B122,U.S. Senate,,Democratic,Pamela STEVENSON,10,4,6,0,0
Boone,B122,U.S. Senate,,Democratic,Amy McGRATH,74,6,65,2,1
Boone,B122,U.S. House,4,Democratic,Melissa Claire STRANGE,130,12,115,2,1
Boone,B122,U.S. House,4,Democratic,Jesse Russell BREWER,34,3,29,2,0
Boone,B123,U.S. Senate,,Republican,A. Nick SHELLEY,5,1,4,0,0
Boone,B123,U.S. Senate,,Republican,Daniel CAMERON,215,20,182,8,5
Boone,B123,U.S. Senate,,Republican,Andy BARR,364,29,319,12,4
Boone,B123,U.S. Senate,,Republican,Anissa CATLETT,7,0,7,0,0
Boone,B123,U.S. Senate,,Republican,"Valerie ""Dr Val"" FREDRICK",7,0,6,1,0
Boone,B123,U.S. Senate,,Republican,Jonathan M. HOLLIDAY,4,1,3,0,0
Boone,B123,U.S. Senate,,Republican,Other Donald WENZEL,0,0,0,0,0
Boone,B123,U.S. Senate,,Republican,Michael James FARIS,22,1,20,0,1
Boone,B123,U.S. Senate,,Republican,Nate MORRIS,10,0,10,0,0
Boone,B123,U.S. Senate,,Republican,James D. DUNCAN,4,0,4,0,0
Boone,B123,U.S. Senate,,Republican,Jimmy I. LEON,2,0,2,0,0
Boone,B123,U.S. Senate,,Republican,George WASHINGTON,6,0,6,0,0
Boone,B123,U.S. Senate,,,Under Votes,22,3,16,2,1
Boone,B123,U.S. Senate,,,Over Votes,0,0,0,0,0
Boone,B123,U.S. House,4,Republican,Thomas MASSIE,271,20,239,9,3
Boone,B123,U.S. House,4,Republican,Ed GALLREIN,390,35,333,14,8
Boone,B123,U.S. House,4,,Under Votes,13,1,11,1,0
Boone,B123,U.S. House,4,,Over Votes,0,0,0,0,0
Boone,B123,Ballots Cast,,,,846,,,,
Boone,B123,County Judge/Executive,,,Chet HAND,304,23,262,11,8
Boone,B123,County Judge/Executive,,,Gary W. MOORE,348,32,301,12,3
Boone,B123,County Judge/Executive,,,Under Votes,16,0,16,0,0
Boone,B123,County Judge/Executive,,,Over Votes,0,0,0,0,0
Boone,B123,Constable,,,Bill PRICE,229,21,194,9,5
Boone,B123,Constable,,,Patrick Ryan BAILEY,324,19,286,13,6
Boone,B123,Constable,,,Under Votes,115,15,99,1,0
Boone,B123,Constable,,,Over Votes,0,0,0,0,0
Boone,B123,U.S. Senate,,Democratic,Dale Lewis ROMANS,4,1,3,0,0
Boone,B123,U.S. Senate,,Democratic,Charles BOOKER,67,5,56,6,0
Boone,B123,U.S. Senate,,Democratic,Logan FORSYTHE,4,0,3,1,0
Boone,B123,U.S. Senate,,Democratic,Joshua BLANTON SR.,1,0,1,0,0
Boone,B123,U.S. Senate,,Democratic,Vincent Anthony THOMPSON,0,0,0,0,0
Boone,B123,U.S. Senate,,Democratic,Pamela STEVENSON,8,2,5,1,0
Boone,B123,U.S. Senate,,Democratic,Amy McGRATH,94,12,75,7,0
Boone,B123,U.S. House,4,Democratic,Melissa Claire STRANGE,136,15,110,11,0
Boone,B123,U.S. House,4,Democratic,Jesse Russell BREWER,36,4,29,3,0
Boone,B124,U.S. Senate,,Republican,A. Nick SHELLEY,2,0,2,0,0
Boone,B124,U.S. Senate,,Republican,Daniel CAMERON,87,1,83,3,0
Boone,B124,U.S. Senate,,Republican,Andy BARR,144,11,129,2,2
Boone,B124,U.S. Senate,,Republican,Anissa CATLETT,6,1,5,0,0
Boone,B124,U.S. Senate,,Republican,"Valerie ""Dr Val"" FREDRICK",3,0,3,0,0
Boone,B124,U.S. Senate,,Republican,Jonathan M. HOLLIDAY,2,0,2,0,0
Boone,B124,U.S. Senate,,Republican,Other Donald WENZEL,0,0,0,0,0
Boone,B124,U.S. Senate,,Republican,Michael James FARIS,12,0,12,0,0
Boone,B124,U.S. Senate,,Republican,Nate MORRIS,6,2,4,0,0
Boone,B124,U.S. Senate,,Republican,James D. DUNCAN,3,0,3,0,0
Boone,B124,U.S. Senate,,Republican,Jimmy I. LEON,0,0,0,0,0
Boone,B124,U.S. Senate,,Republican,George WASHINGTON,4,0,4,0,0
Boone,B124,U.S. Senate,,,Under Votes,11,0,11,0,0
Boone,B124,U.S. Senate,,,Over Votes,0,0,0,0,0
Boone,B124,U.S. House,4,Republican,Thomas MASSIE,134,9,124,0,1
Boone,B124,U.S. House,4,Republican,Ed GALLREIN,140,6,128,5,1
Boone,B124,U.S. House,4,,Under Votes,8,0,8,0,0
Boone,B124,U.S. House,4,,Over Votes,0,0,0,0,0
Boone,B124,Ballots Cast,,,,356,,,,
Boone,B124,County Judge/Executive,,,Chet HAND,119,4,111,3,1
Boone,B124,County Judge/Executive,,,Gary W. MOORE,155,11,141,2,1
Boone,B124,County Judge/Executive,,,Under Votes,3,0,3,0,0
Boone,B124,County Judge/Executive,,,Over Votes,0,0,0,0,0
Boone,B124,Constable,,,Bill PRICE,93,6,83,2,2
Boone,B124,Constable,,,Patrick Ryan BAILEY,143,7,135,1,0
Boone,B124,Constable,,,Under Votes,41,2,37,2,0
Boone,B124,Constable,,,Over Votes,0,0,0,0,0
Boone,B124,U.S. Senate,,Democratic,Dale Lewis ROMANS,0,0,0,0,0
Boone,B124,U.S. Senate,,Democratic,Charles BOOKER,24,1,23,0,0
Boone,B124,U.S. Senate,,Democratic,Logan FORSYTHE,2,0,2,0,0
Boone,B124,U.S. Senate,,Democratic,Joshua BLANTON SR.,0,0,0,0,0
Boone,B124,U.S. Senate,,Democratic,Vincent Anthony THOMPSON,1,0,1,0,0
Boone,B124,U.S. Senate,,Democratic,Pamela STEVENSON,3,0,0,3,0
Boone,B124,U.S. Senate,,Democratic,Amy McGRATH,46,6,38,2,0
Boone,B124,U.S. House,4,Democratic,Melissa Claire STRANGE,53,6,43,4,0
Boone,B124,U.S. House,4,Democratic,Jesse Russell BREWER,21,1,19,1,0
Boone,B125,U.S. Senate,,Republican,A. Nick SHELLEY,5,0,5,0,0
Boone,B125,U.S. Senate,,Republican,Daniel CAMERON,73,2,68,1,2
Boone,B125,U.S. Senate,,Republican,Andy BARR,148,11,132,5,0
Boone,B125,U.S. Senate,,Republican,Anissa CATLETT,3,0,3,0,0
Boone,B125,U.S. Senate,,Republican,"Valerie ""Dr Val"" FREDRICK",4,1,3,0,0
Boone,B125,U.S. Senate,,Republican,Jonathan M. HOLLIDAY,0,0,0,0,0
Boone,B125,U.S. Senate,,Republican,Other Donald WENZEL,0,0,0,0,0
Boone,B125,U.S. Senate,,Republican,Michael James FARIS,26,1,25,0,0
Boone,B125,U.S. Senate,,Republican,Nate MORRIS,11,3,8,0,0
Boone,B125,U.S. Senate,,Republican,James D. DUNCAN,0,0,0,0,0
Boone,B125,U.S. Senate,,Republican,Jimmy I. LEON,1,0,1,0,0
Boone,B125,U.S. Senate,,Republican,George WASHINGTON,5,0,5,0,0
Boone,B125,U.S. Senate,,,Under Votes,18,0,16,2,0
Boone,B125,U.S. Senate,,,Over Votes,1,0,0,1,0
Boone,B125,U.S. House,4,Republican,Thomas MASSIE,146,13,131,2,0
Boone,B125,U.S. House,4,Republican,Ed GALLREIN,144,5,132,5,2
Boone,B125,U.S. House,4,,Under Votes,3,0,3,0,0
Boone,B125,U.S. House,4,,Over Votes,1,0,0,1,0
Boone,B125,Ballots Cast,,,,402,,,,
Boone,B125,County Judge/Executive,,,Chet HAND,154,10,139,3,2
Boone,B125,County Judge/Executive,,,Gary W. MOORE,125,8,114,3,0
Boone,B125,County Judge/Executive,,,Under Votes,12,0,11,1,0
Boone,B125,County Judge/Executive,,,Over Votes,0,0,0,0,0
Boone,B125,Constable,,,Bill PRICE,112,11,97,4,0
Boone,B125,Constable,,,Patrick Ryan BAILEY,127,5,117,3,2
Boone,B125,Constable,,,Under Votes,52,2,50,0,0
Boone,B125,Constable,,,Over Votes,0,0,0,0,0
Boone,B125,U.S. Senate,,Democratic,Dale Lewis ROMANS,1,0,1,0,0
Boone,B125,U.S. Senate,,Democratic,Charles BOOKER,43,5,37,1,0
Boone,B125,U.S. Senate,,Democratic,Logan FORSYTHE,4,2,2,0,0
Boone,B125,U.S. Senate,,Democratic,Joshua BLANTON SR.,0,0,0,0,0
Boone,B125,U.S. Senate,,Democratic,Vincent Anthony THOMPSON,2,2,0,0,0
Boone,B125,U.S. Senate,,Democratic,Pamela STEVENSON,6,0,5,1,0
Boone,B125,U.S. Senate,,Democratic,Amy McGRATH,51,7,38,5,1
Boone,B125,U.S. House,4,Democratic,Melissa Claire STRANGE,79,12,60,6,1
Boone,B125,U.S. House,4,Democratic,Jesse Russell BREWER,29,4,23,2,0
Boone,B126,U.S. Senate,,Republican,A. Nick SHELLEY,3,1,2,0,0
Boone,B126,U.S. Senate,,Republican,Daniel CAMERON,170,11,156,2,1
Boone,B126,U.S. Senate,,Republican,Andy BARR,306,20,277,5,4
Boone,B126,U.S. Senate,,Republican,Anissa CATLETT,4,0,4,0,0
Boone,B126,U.S. Senate,,Republican,"Valerie ""Dr Val"" FREDRICK",1,0,1,0,0
Boone,B126,U.S. Senate,,Republican,Jonathan M. HOLLIDAY,4,1,3,0,0
Boone,B126,U.S. Senate,,Republican,Other Donald WENZEL,0,0,0,0,0
Boone,B126,U.S. Senate,,Republican,Michael James FARIS,60,3,57,0,0
Boone,B126,U.S. Senate,,Republican,Nate MORRIS,16,2,14,0,0
Boone,B126,U.S. Senate,,Republican,James D. DUNCAN,1,0,1,0,0
Boone,B126,U.S. Senate,,Republican,Jimmy I. LEON,0,0,0,0,0
Boone,B126,U.S. Senate,,Republican,George WASHINGTON,6,1,5,0,0
Boone,B126,U.S. Senate,,,Under Votes,20,2,17,1,0
Boone,B126,U.S. Senate,,,Over Votes,0,0,0,0,0
Boone,B126,U.S. House,4,Republican,Thomas MASSIE,287,21,265,1,0
Boone,B126,U.S. House,4,Republican,Ed GALLREIN,293,18,264,6,5
Boone,B126,U.S. House,4,,Under Votes,12,2,9,1,0
Boone,B126,U.S. House,4,,Over Votes,0,0,0,0,0
Boone,B126,Ballots Cast,,,,685,,,,
Boone,B126,County Judge/Executive,,,Chet HAND,321,17,299,1,4
Boone,B126,County Judge/Executive,,,Gary W. MOORE,250,22,220,7,1
Boone,B126,County Judge/Executive,,,Under Votes,15,0,15,0,0
Boone,B126,County Judge/Executive,,,Over Votes,0,0,0,0,0
Boone,B126,Constable,,,Bill PRICE,231,10,216,2,3
Boone,B126,Constable,,,Patrick Ryan BAILEY,234,24,204,4,2
Boone,B126,Constable,,,Under Votes,121,5,114,2,0
Boone,B126,Constable,,,Over Votes,0,0,0,0,0
Boone,B126,U.S. Senate,,Democratic,Dale Lewis ROMANS,5,1,4,0,0
Boone,B126,U.S. Senate,,Democratic,Charles BOOKER,39,5,31,3,0
Boone,B126,U.S. Senate,,Democratic,Logan FORSYTHE,2,0,2,0,0
Boone,B126,U.S. Senate,,Democratic,Joshua BLANTON SR.,2,0,2,0,0
Boone,B126,U.S. Senate,,Democratic,Vincent Anthony THOMPSON,3,0,2,1,0
Boone,B126,U.S. Senate,,Democratic,Pamela STEVENSON,4,0,4,0,0
Boone,B126,U.S. Senate,,Democratic,Amy McGRATH,39,2,34,3,0
Boone,B126,U.S. House,4,Democratic,Melissa Claire STRANGE,68,7,56,5,0
Boone,B126,U.S. House,4,Democratic,Jesse Russell BREWER,25,1,22,2,0
Boone,B127,U.S. Senate,,Republican,A. Nick SHELLEY,3,0,3,0,0
Boone,B127,U.S. Senate,,Republican,Daniel CAMERON,116,3,111,2,0
Boone,B127,U.S. Senate,,Republican,Andy BARR,149,9,134,5,1
Boone,B127,U.S. Senate,,Republican,Anissa CATLETT,1,0,1,0,0
Boone,B127,U.S. Senate,,Republican,"Valerie ""Dr Val"" FREDRICK",2,0,2,0,0
Boone,B127,U.S. Senate,,Republican,Jonathan M. HOLLIDAY,1,0,1,0,0
Boone,B127,U.S. Senate,,Republican,Other Donald WENZEL,0,0,0,0,0
Boone,B127,U.S. Senate,,Republican,Michael James FARIS,38,2,35,1,0
Boone,B127,U.S. Senate,,Republican,Nate MORRIS,15,1,13,1,0
Boone,B127,U.S. Senate,,Republican,James D. DUNCAN,3,0,3,0,0
Boone,B127,U.S. Senate,,Republican,Jimmy I. LEON,1,0,1,0,0
Boone,B127,U.S. Senate,,Republican,George WASHINGTON,5,0,5,0,0
Boone,B127,U.S. Senate,,,Under Votes,22,1,19,2,0
Boone,B127,U.S. Senate,,,Over Votes,0,0,0,0,0
Boone,B127,U.S. House,4,Republican,Thomas MASSIE,191,6,182,3,0
Boone,B127,U.S. House,4,Republican,Ed GALLREIN,159,8,142,8,1
Boone,B127,U.S. House,4,,Under Votes,8,2,6,0,0
Boone,B127,U.S. House,4,,Over Votes,0,0,0,0,0
Boone,B127,Ballots Cast,,,,441,,,,
Boone,B127,State Representative,78,Republican,Brandon N. MONTANO,94,2,89,2,1
Boone,B127,State Representative,78,Republican,Mark HART,183,11,168,4,0
Boone,B127,State Representative,78,,Under Votes,79,3,71,5,0
Boone,B127,State Representative,78,,Over Votes,0,0,0,0,0
Boone,B127,County Judge/Executive,,,Chet HAND,213,9,199,5,0
Boone,B127,County Judge/Executive,,,Gary W. MOORE,133,7,119,6,1
Boone,B127,County Judge/Executive,,,Under Votes,10,0,10,0,0
Boone,B127,County Judge/Executive,,,Over Votes,0,0,0,0,0
Boone,B127,Constable,,,Bill PRICE,102,2,96,4,0
Boone,B127,Constable,,,Patrick Ryan BAILEY,158,8,148,2,0
Boone,B127,Constable,,,Under Votes,96,6,84,5,1
Boone,B127,Constable,,,Over Votes,0,0,0,0,0
Boone,B127,U.S. Senate,,Democratic,Dale Lewis ROMANS,1,0,1,0,0
Boone,B127,U.S. Senate,,Democratic,Charles BOOKER,40,1,38,1,0
Boone,B127,U.S. Senate,,Democratic,Logan FORSYTHE,2,0,2,0,0
Boone,B127,U.S. Senate,,Democratic,Joshua BLANTON SR.,0,0,0,0,0
Boone,B127,U.S. Senate,,Democratic,Vincent Anthony THOMPSON,1,0,1,0,0
Boone,B127,U.S. Senate,,Democratic,Pamela STEVENSON,9,2,6,1,0
Boone,B127,U.S. Senate,,Democratic,Amy McGRATH,32,2,27,3,0
Boone,B127,U.S. House,4,Democratic,Melissa Claire STRANGE,68,3,60,5,0
Boone,B127,U.S. House,4,Democratic,Jesse Russell BREWER,15,2,13,0,0
Boone,B128,U.S. Senate,,Republican,A. Nick SHELLEY,2,0,2,0,0
Boone,B128,U.S. Senate,,Republican,Daniel CAMERON,92,5,87,0,0
Boone,B128,U.S. Senate,,Republican,Andy BARR,140,6,133,0,1
Boone,B128,U.S. Senate,,Republican,Anissa CATLETT,4,0,4,0,0
Boone,B128,U.S. Senate,,Republican,"Valerie ""Dr Val"" FREDRICK",3,0,3,0,0
Boone,B128,U.S. Senate,,Republican,Jonathan M. HOLLIDAY,5,0,5,0,0
Boone,B128,U.S. Senate,,Republican,Other Donald WENZEL,1,0,1,0,0
Boone,B128,U.S. Senate,,Republican,Michael James FARIS,76,6,70,0,0
Boone,B128,U.S. Senate,,Republican,Nate MORRIS,8,0,8,0,0
Boone,B128,U.S. Senate,,Republican,James D. DUNCAN,3,0,3,0,0
Boone,B128,U.S. Senate,,Republican,Jimmy I. LEON,1,0,1,0,0
Boone,B128,U.S. Senate,,Republican,George WASHINGTON,3,0,2,1,0
Boone,B128,U.S. Senate,,,Under Votes,7,0,7,0,0
Boone,B128,U.S. Senate,,,Over Votes,0,0,0,0,0
Boone,B128,U.S. House,4,Republican,Thomas MASSIE,171,7,163,1,0
Boone,B128,U.S. House,4,Republican,Ed GALLREIN,170,9,160,0,1
Boone,B128,U.S. House,4,,Under Votes,7,1,5,1,0
Boone,B128,U.S. House,4,,Over Votes,0,0,0,0,0
Boone,B128,Ballots Cast,,,,422,,,,
Boone,B128,State Representative,78,Republican,Brandon N. MONTANO,81,3,78,0,0
Boone,B128,State Representative,78,Republican,Mark HART,220,9,209,1,1
Boone,B128,State Representative,78,,Under Votes,44,5,39,0,0
Boone,B128,State Representative,78,,Over Votes,0,0,0,0,0
Boone,B128,County Judge/Executive,,,Chet HAND,206,11,194,1,0
Boone,B128,County Judge/Executive,,,Gary W. MOORE,131,6,124,0,1
Boone,B128,County Judge/Executive,,,Under Votes,8,0,8,0,0
Boone,B128,County Judge/Executive,,,Over Votes,0,0,0,0,0
Boone,B128,Constable,,,Bill PRICE,148,7,141,0,0
Boone,B128,Constable,,,Patrick Ryan BAILEY,146,7,137,1,1
Boone,B128,Constable,,,Under Votes,51,3,48,0,0
Boone,B128,Constable,,,Over Votes,0,0,0,0,0
Boone,B128,U.S. Senate,,Democratic,Dale Lewis ROMANS,1,0,1,0,0
Boone,B128,U.S. Senate,,Democratic,Charles BOOKER,27,1,25,1,0
Boone,B128,U.S. Senate,,Democratic,Logan FORSYTHE,8,0,8,0,0
Boone,B128,U.S. Senate,,Democratic,Joshua BLANTON SR.,0,0,0,0,0
Boone,B128,U.S. Senate,,Democratic,Vincent Anthony THOMPSON,3,0,3,0,0
Boone,B128,U.S. Senate,,Democratic,Pamela STEVENSON,2,1,1,0,0
Boone,B128,U.S. Senate,,Democratic,Amy McGRATH,36,0,28,8,0
Boone,B128,U.S. House,4,Democratic,Melissa Claire STRANGE,52,2,43,7,0
Boone,B128,U.S. House,4,Democratic,Jesse Russell BREWER,22,0,21,1,0
Boone,B129,U.S. Senate,,Republican,A. Nick SHELLEY,4,0,4,0,0
Boone,B129,U.S. Senate,,Republican,Daniel CAMERON,156,16,137,1,2
Boone,B129,U.S. Senate,,Republican,Andy BARR,244,15,222,6,1
Boone,B129,U.S. Senate,,Republican,Anissa CATLETT,6,0,6,0,0
Boone,B129,U.S. Senate,,Republican,"Valerie ""Dr Val"" FREDRICK",9,1,8,0,0
Boone,B129,U.S. Senate,,Republican,Jonathan M. HOLLIDAY,1,0,1,0,0
Boone,B129,U.S. Senate,,Republican,Other Donald WENZEL,0,0,0,0,0
Boone,B129,U.S. Senate,,Republican,Michael James FARIS,33,2,29,2,0
Boone,B129,U.S. Senate,,Republican,Nate MORRIS,10,3,6,1,0
Boone,B129,U.S. Senate,,Republican,James D. DUNCAN,2,0,2,0,0
Boone,B129,U.S. Senate,,Republican,Jimmy I. LEON,0,0,0,0,0
Boone,B129,U.S. Senate,,Republican,George WASHINGTON,8,1,7,0,0
Boone,B129,U.S. Senate,,,Under Votes,27,2,25,0,0
Boone,B129,U.S. Senate,,,Over Votes,0,0,0,0,0
Boone,B129,U.S. House,4,Republican,Thomas MASSIE,254,23,225,4,2
Boone,B129,U.S. House,4,Republican,Ed GALLREIN,244,17,220,6,1
Boone,B129,U.S. House,4,,Under Votes,6,0,6,0,0
Boone,B129,U.S. House,4,,Over Votes,0,0,0,0,0
Boone,B129,Ballots Cast,,,,625,,,,
Boone,B129,County Judge/Executive,,,Chet HAND,228,20,198,10,0
Boone,B129,County Judge/Executive,,,Gary W. MOORE,247,18,226,0,3
Boone,B129,County Judge/Executive,,,Under Votes,24,2,22,0,0
Boone,B129,County Judge/Executive,,,Over Votes,0,0,0,0,0
Boone,B129,Constable,,,Bill PRICE,159,16,138,4,1
Boone,B129,Constable,,,Patrick Ryan BAILEY,233,19,209,3,2
Boone,B129,Constable,,,Under Votes,107,5,99,3,0
Boone,B129,Constable,,,Over Votes,0,0,0,0,0
Boone,B129,U.S. Senate,,Democratic,Dale Lewis ROMANS,1,0,0,1,0
Boone,B129,U.S. Senate,,Democratic,Charles BOOKER,53,4,45,3,1
Boone,B129,U.S. Senate,,Democratic,Logan FORSYTHE,4,1,3,0,0
Boone,B129,U.S. Senate,,Democratic,Joshua BLANTON SR.,1,0,1,0,0
Boone,B129,U.S. Senate,,Democratic,Vincent Anthony THOMPSON,1,0,1,0,0
Boone,B129,U.S. Senate,,Democratic,Pamela STEVENSON,4,0,3,1,0
Boone,B129,U.S. Senate,,Democratic,Amy McGRATH,61,5,53,3,0
Boone,B129,U.S. House,4,Democratic,Melissa Claire STRANGE,97,7,84,5,1
Boone,B129,U.S. House,4,Democratic,Jesse Russell BREWER,24,3,18,3,0
Boone,B130,U.S. Senate,,Republican,A. Nick SHELLEY,3,1,2,0,0
Boone,B130,U.S. Senate,,Republican,Daniel CAMERON,113,10,97,4,2
Boone,B130,U.S. Senate,,Republican,Andy BARR,230,21,188,18,3
Boone,B130,U.S. Senate,,Republican,Anissa CATLETT,4,0,3,1,0
Boone,B130,U.S. Senate,,Republican,"Valerie ""Dr Val"" FREDRICK",8,1,6,1,0
Boone,B130,U.S. Senate,,Republican,Jonathan M. HOLLIDAY,1,0,1,0,0
Boone,B130,U.S. Senate,,Republican,Other Donald WENZEL,1,0,1,0,0
Boone,B130,U.S. Senate,,Republican,Michael James FARIS,27,3,23,0,1
Boone,B130,U.S. Senate,,Republican,Nate MORRIS,18,4,12,0,2
Boone,B130,U.S. Senate,,Republican,James D. DUNCAN,2,0,2,0,0
Boone,B130,U.S. Senate,,Republican,Jimmy I. LEON,1,0,0,1,0
Boone,B130,U.S. Senate,,Republican,George WASHINGTON,7,1,6,0,0
Boone,B130,U.S. Senate,,,Under Votes,19,1,15,2,1
Boone,B130,U.S. Senate,,,Over Votes,0,0,0,0,0
Boone,B130,U.S. House,4,Republican,Thomas MASSIE,181,20,148,10,3
Boone,B130,U.S. House,4,Republican,Ed GALLREIN,247,22,202,17,6
Boone,B130,U.S. House,4,,Under Votes,11,0,9,1,1
Boone,B130,U.S. House,4,,Over Votes,1,0,0,0,1
Boone,B130,Ballots Cast,,,,538,,,,
Boone,B130,County Judge/Executive,,,Chet HAND,196,22,159,9,6
Boone,B130,County Judge/Executive,,,Gary W. MOORE,225,19,185,18,3
Boone,B130,County Judge/Executive,,,Under Votes,12,1,11,0,0
Boone,B130,County Judge/Executive,,,Over Votes,0,0,0,0,0
Boone,B130,Constable,,,Bill PRICE,166,16,131,15,4
Boone,B130,Constable,,,Patrick Ryan BAILEY,176,21,142,9,4
Boone,B130,Constable,,,Under Votes,91,5,82,3,1
Boone,B130,Constable,,,Over Votes,0,0,0,0,0
Boone,B130,U.S. Senate,,Democratic,Dale Lewis ROMANS,6,0,5,1,0
Boone,B130,U.S. Senate,,Democratic,Charles BOOKER,38,1,33,3,1
Boone,B130,U.S. Senate,,Democratic,Logan FORSYTHE,2,0,1,0,1
Boone,B130,U.S. Senate,,Democratic,Joshua BLANTON SR.,0,0,0,0,0
Boone,B130,U.S. Senate,,Democratic,Vincent Anthony THOMPSON,1,1,0,0,0
Boone,B130,U.S. Senate,,Democratic,Pamela STEVENSON,3,0,3,0,0
Boone,B130,U.S. Senate,,Democratic,Amy McGRATH,54,11,33,9,1
Boone,B130,U.S. House,4,Democratic,Melissa Claire STRANGE,67,10,48,8,1
Boone,B130,U.S. House,4,Democratic,Jesse Russell BREWER,31,3,24,4,0
Boone,B131,U.S. Senate,,Republican,A. Nick SHELLEY,1,0,1,0,0
Boone,B131,U.S. Senate,,Republican,Daniel CAMERON,109,19,85,2,3
Boone,B131,U.S. Senate,,Republican,Andy BARR,172,31,134,4,3
Boone,B131,U.S. Senate,,Republican,Anissa CATLETT,6,0,6,0,0
Boone,B131,U.S. Senate,,Republican,"Valerie ""Dr Val"" FREDRICK",7,3,3,0,1
Boone,B131,U.S. Senate,,Republican,Jonathan M. HOLLIDAY,1,0,1,0,0
Boone,B131,U.S. Senate,,Republican,Other Donald WENZEL,1,0,1,0,0
Boone,B131,U.S. Senate,,Republican,Michael James FARIS,29,4,24,1,0
Boone,B131,U.S. Senate,,Republican,Nate MORRIS,12,0,11,1,0
Boone,B131,U.S. Senate,,Republican,James D. DUNCAN,5,0,4,0,1
Boone,B131,U.S. Senate,,Republican,Jimmy I. LEON,0,0,0,0,0
Boone,B131,U.S. Senate,,Republican,George WASHINGTON,9,2,7,0,0
Boone,B131,U.S. Senate,,,Under Votes,17,2,14,1,0
Boone,B131,U.S. Senate,,,Over Votes,0,0,0,0,0
Boone,B131,U.S. House,4,Republican,Thomas MASSIE,191,32,153,4,2
Boone,B131,U.S. House,4,Republican,Ed GALLREIN,171,28,132,5,6
Boone,B131,U.S. House,4,,Under Votes,15,3,10,2,0
Boone,B131,U.S. House,4,,Over Votes,0,0,0,0,0
Boone,B131,Ballots Cast,,,,499,,,,
Boone,B131,County Judge/Executive,,,Chet HAND,191,26,160,2,3
Boone,B131,County Judge/Executive,,,Gary W. MOORE,165,34,119,7,5
Boone,B131,County Judge/Executive,,,Under Votes,11,1,10,0,0
Boone,B131,County Judge/Executive,,,Over Votes,0,0,0,0,0
Boone,B131,Constable,,,Bill PRICE,100,20,76,0,4
Boone,B131,Constable,,,Patrick Ryan BAILEY,187,30,147,7,3
Boone,B131,Constable,,,Under Votes,80,11,66,2,1
Boone,B131,Constable,,,Over Votes,0,0,0,0,0
Boone,B131,U.S. Senate,,Democratic,Dale Lewis ROMANS,1,0,0,0,1
Boone,B131,U.S. Senate,,Democratic,Charles BOOKER,65,5,54,6,0
Boone,B131,U.S. Senate,,Democratic,Logan FORSYTHE,4,1,2,0,1
Boone,B131,U.S. Senate,,Democratic,Joshua BLANTON SR.,0,0,0,0,0
Boone,B131,U.S. Senate,,Democratic,Vincent Anthony THOMPSON,0,0,0,0,0
Boone,B131,U.S. Senate,,Democratic,Pamela STEVENSON,2,0,2,0,0
Boone,B131,U.S. Senate,,Democratic,Amy McGRATH,58,18,35,5,0
Boone,B131,U.S. House,4,Democratic,Melissa Claire STRANGE,90,16,64,8,2
Boone,B131,U.S. House,4,Democratic,Jesse Russell BREWER,32,6,25,1,0
Boone,B132,U.S. Senate,,Republican,A. Nick SHELLEY,4,0,4,0,0
Boone,B132,U.S. Senate,,Republican,Daniel CAMERON,144,17,124,2,1
Boone,B132,U.S. Senate,,Republican,Andy BARR,215,18,189,5,3
Boone,B132,U.S. Senate,,Republican,Anissa CATLETT,7,3,4,0,0
Boone,B132,U.S. Senate,,Republican,"Valerie ""Dr Val"" FREDRICK",6,0,6,0,0
Boone,B132,U.S. Senate,,Republican,Jonathan M. HOLLIDAY,1,1,0,0,0
Boone,B132,U.S. Senate,,Republican,Other Donald WENZEL,1,0,1,0,0
Boone,B132,U.S. Senate,,Republican,Michael James FARIS,37,5,29,1,2
Boone,B132,U.S. Senate,,Republican,Nate MORRIS,14,2,12,0,0
Boone,B132,U.S. Senate,,Republican,James D. DUNCAN,1,0,1,0,0
Boone,B132,U.S. Senate,,Republican,Jimmy I. LEON,1,0,1,0,0
Boone,B132,U.S. Senate,,Republican,George WASHINGTON,12,2,10,0,0
Boone,B132,U.S. Senate,,,Under Votes,20,2,18,0,0
Boone,B132,U.S. Senate,,,Over Votes,0,0,0,0,0
Boone,B132,U.S. House,4,Republican,Thomas MASSIE,219,30,181,5,3
Boone,B132,U.S. House,4,Republican,Ed GALLREIN,240,19,215,3,3
Boone,B132,U.S. House,4,,Under Votes,7,1,6,0,0
Boone,B132,U.S. House,4,,Over Votes,0,0,0,0,0
Boone,B132,Ballots Cast,,,,577,,,,
Boone,B132,County Judge/Executive,,,Chet HAND,228,21,202,3,2
Boone,B132,County Judge/Executive,,,Gary W. MOORE,218,27,183,4,4
Boone,B132,County Judge/Executive,,,Under Votes,16,2,13,1,0
Boone,B132,County Judge/Executive,,,Over Votes,0,0,0,0,0
Boone,B132,Constable,,,Bill PRICE,159,11,141,3,4
Boone,B132,Constable,,,Patrick Ryan BAILEY,222,31,187,3,1
Boone,B132,Constable,,,Under Votes,81,8,70,2,1
Boone,B132,Constable,,,Over Votes,0,0,0,0,0
Boone,B132,U.S. Senate,,Democratic,Dale Lewis ROMANS,1,0,1,0,0
Boone,B132,U.S. Senate,,Democratic,Charles BOOKER,58,6,51,1,0
Boone,B132,U.S. Senate,,Democratic,Logan FORSYTHE,2,0,2,0,0
Boone,B132,U.S. Senate,,Democratic,Joshua BLANTON SR.,3,0,3,0,0
Boone,B132,U.S. Senate,,Democratic,Vincent Anthony THOMPSON,2,1,1,0,0
Boone,B132,U.S. Senate,,Democratic,Pamela STEVENSON,5,0,3,0,2
Boone,B132,U.S. Senate,,Democratic,Amy McGRATH,43,4,32,7,0
Boone,B132,U.S. House,4,Democratic,Melissa Claire STRANGE,77,9,58,8,2
Boone,B132,U.S. House,4,Democratic,Jesse Russell BREWER,34,2,32,0,0
Boone,B133,U.S. Senate,,Republican,A. Nick SHELLEY,5,0,5,0,0
Boone,B133,U.S. Senate,,Republican,Daniel CAMERON,114,20,88,1,5
Boone,B133,U.S. Senate,,Republican,Andy BARR,244,25,210,8,1
Boone,B133,U.S. Senate,,Republican,Anissa CATLETT,5,1,3,1,0
Boone,B133,U.S. Senate,,Republican,"Valerie ""Dr Val"" FREDRICK",8,1,5,1,1
Boone,B133,U.S. Senate,,Republican,Jonathan M. HOLLIDAY,2,2,0,0,0
Boone,B133,U.S. Senate,,Republican,Other Donald WENZEL,0,0,0,0,0
Boone,B133,U.S. Senate,,Republican,Michael James FARIS,23,4,18,1,0
Boone,B133,U.S. Senate,,Republican,Nate MORRIS,10,0,9,1,0
Boone,B133,U.S. Senate,,Republican,James D. DUNCAN,3,0,3,0,0
Boone,B133,U.S. Senate,,Republican,Jimmy I. LEON,1,0,1,0,0
Boone,B133,U.S. Senate,,Republican,George WASHINGTON,8,0,7,0,1
Boone,B133,U.S. Senate,,,Under Votes,14,0,14,0,0
Boone,B133,U.S. Senate,,,Over Votes,0,0,0,0,0
Boone,B133,U.S. House,4,Republican,Thomas MASSIE,206,30,163,7,6
Boone,B133,U.S. House,4,Republican,Ed GALLREIN,229,23,198,6,2
Boone,B133,U.S. House,4,,Under Votes,5,2,3,0,0
Boone,B133,U.S. House,4,,Over Votes,0,0,0,0,0
Boone,B133,Ballots Cast,,,,568,,,,
Boone,B133,County Judge/Executive,,,Chet HAND,195,18,170,6,1
Boone,B133,County Judge/Executive,,,Gary W. MOORE,224,35,175,7,7
Boone,B133,County Judge/Executive,,,Under Votes,17,0,17,0,0
Boone,B133,County Judge/Executive,,,Over Votes,0,0,0,0,0
Boone,B133,Constable,,,Bill PRICE,141,12,123,3,3
Boone,B133,Constable,,,Patrick Ryan BAILEY,195,29,155,8,3
Boone,B133,Constable,,,Under Votes,100,12,84,2,2
Boone,B133,Constable,,,Over Votes,0,0,0,0,0
Boone,B133,U.S. Senate,,Democratic,Dale Lewis ROMANS,0,0,0,0,0
Boone,B133,U.S. Senate,,Democratic,Charles BOOKER,50,5,45,0,0
Boone,B133,U.S. Senate,,Democratic,Logan FORSYTHE,7,0,7,0,0
Boone,B133,U.S. Senate,,Democratic,Joshua BLANTON SR.,1,0,1,0,0
Boone,B133,U.S. Senate,,Democratic,Vincent Anthony THOMPSON,2,0,2,0,0
Boone,B133,U.S. Senate,,Democratic,Pamela STEVENSON,9,2,6,1,0
Boone,B133,U.S. Senate,,Democratic,Amy McGRATH,62,5,49,7,1
Boone,B133,U.S. House,4,Democratic,Melissa Claire STRANGE,96,8,80,7,1
Boone,B133,U.S. House,4,Democratic,Jesse Russell BREWER,32,2,29,1,0
Boone,B134,U.S. Senate,,Republican,A. Nick SHELLEY,2,0,2,0,0
Boone,B134,U.S. Senate,,Republican,Daniel CAMERON,96,6,84,4,2
Boone,B134,U.S. Senate,,Republican,Andy BARR,203,17,178,6,2
Boone,B134,U.S. Senate,,Republican,Anissa CATLETT,1,0,1,0,0
Boone,B134,U.S. Senate,,Republican,"Valerie ""Dr Val"" FREDRICK",3,1,1,0,1
Boone,B134,U.S. Senate,,Republican,Jonathan M. HOLLIDAY,2,0,2,0,0
Boone,B134,U.S. Senate,,Republican,Other Donald WENZEL,0,0,0,0,0
Boone,B134,U.S. Senate,,Republican,Michael James FARIS,6,1,5,0,0
Boone,B134,U.S. Senate,,Republican,Nate MORRIS,9,0,8,1,0
Boone,B134,U.S. Senate,,Republican,James D. DUNCAN,1,0,0,0,1
Boone,B134,U.S. Senate,,Republican,Jimmy I. LEON,0,0,0,0,0
Boone,B134,U.S. Senate,,Republican,George WASHINGTON,4,0,4,0,0
Boone,B134,U.S. Senate,,,Under Votes,9,2,4,2,1
Boone,B134,U.S. Senate,,,Over Votes,1,0,1,0,0
Boone,B134,U.S. House,4,Republican,Thomas MASSIE,122,10,100,6,6
Boone,B134,U.S. House,4,Republican,Ed GALLREIN,212,17,187,7,1
Boone,B134,U.S. House,4,,Under Votes,4,0,4,0,0
Boone,B134,U.S. House,4,,Over Votes,0,0,0,0,0
Boone,B134,Ballots Cast,,,,414,,,,
Boone,B134,State Representative,78,Republican,Brandon N. MONTANO,69,3,60,3,3
Boone,B134,State Representative,78,Republican,Mark HART,195,16,168,9,2
Boone,B134,State Representative,78,,Under Votes,71,8,60,1,2
Boone,B134,State Representative,78,,Over Votes,1,0,1,0,0
Boone,B134,County Judge/Executive,,,Chet HAND,140,10,118,8,4
Boone,B134,County Judge/Executive,,,Gary W. MOORE,185,15,163,4,3
Boone,B134,County Judge/Executive,,,Under Votes,11,2,8,1,0
Boone,B134,County Judge/Executive,,,Over Votes,0,0,0,0,0
Boone,B134,Constable,,,Bill PRICE,111,9,97,4,1
Boone,B134,Constable,,,Patrick Ryan BAILEY,134,10,117,3,4
Boone,B134,Constable,,,Under Votes,91,8,75,6,2
Boone,B134,Constable,,,Over Votes,0,0,0,0,0
Boone,B134,U.S. Senate,,Democratic,Dale Lewis ROMANS,3,0,2,0,1
Boone,B134,U.S. Senate,,Democratic,Charles BOOKER,29,2,23,4,0
Boone,B134,U.S. Senate,,Democratic,Logan FORSYTHE,0,0,0,0,0
Boone,B134,U.S. Senate,,Democratic,Joshua BLANTON SR.,0,0,0,0,0
Boone,B134,U.S. Senate,,Democratic,Vincent Anthony THOMPSON,2,0,2,0,0
Boone,B134,U.S. Senate,,Democratic,Pamela STEVENSON,3,1,2,0,0
Boone,B134,U.S. Senate,,Democratic,Amy McGRATH,40,11,26,2,1
Boone,B134,U.S. House,4,Democratic,Melissa Claire STRANGE,51,10,36,4,1
Boone,B134,U.S. House,4,Democratic,Jesse Russell BREWER,25,4,18,2,1
Boone,B135,U.S. Senate,,Republican,A. Nick SHELLEY,0,0,0,0,0
Boone,B135,U.S. Senate,,Republican,Daniel CAMERON,204,14,183,4,3
Boone,B135,U.S. Senate,,Republican,Andy BARR,314,25,263,18,8
Boone,B135,U.S. Senate,,Republican,Anissa CATLETT,10,1,9,0,0
Boone,B135,U.S. Senate,,Republican,"Valerie ""Dr Val"" FREDRICK",7,0,7,0,0
Boone,B135,U.S. Senate,,Republican,Jonathan M. HOLLIDAY,2,0,2,0,0
Boone,B135,U.S. Senate,,Republican,Other Donald WENZEL,0,0,0,0,0
Boone,B135,U.S. Senate,,Republican,Michael James FARIS,32,5,27,0,0
Boone,B135,U.S. Senate,,Republican,Nate MORRIS,21,1,18,1,1
Boone,B135,U.S. Senate,,Republican,James D. DUNCAN,2,0,2,0,0
Boone,B135,U.S. Senate,,Republican,Jimmy I. LEON,0,0,0,0,0
Boone,B135,U.S. Senate,,Republican,George WASHINGTON,10,1,9,0,0
Boone,B135,U.S. Senate,,,Under Votes,29,0,29,0,0
Boone,B135,U.S. Senate,,,Over Votes,0,0,0,0,0
Boone,B135,U.S. House,4,Republican,Thomas MASSIE,302,27,268,0,7
Boone,B135,U.S. House,4,Republican,Ed GALLREIN,328,20,280,23,5
Boone,B135,U.S. House,4,,Under Votes,4,0,4,0,0
Boone,B135,U.S. House,4,,Over Votes,0,0,0,0,0
Boone,B135,Ballots Cast,,,,761,,,,
Boone,B135,County Judge/Executive,,,Chet HAND,290,21,252,12,5
Boone,B135,County Judge/Executive,,,Gary W. MOORE,322,26,278,11,7
Boone,B135,County Judge/Executive,,,Under Votes,19,0,19,0,0
Boone,B135,County Judge/Executive,,,Over Votes,0,0,0,0,0
Boone,B135,Constable,,,Bill PRICE,219,13,192,9,5
Boone,B135,Constable,,,Patrick Ryan BAILEY,278,19,243,12,4
Boone,B135,Constable,,,Under Votes,134,15,114,2,3
Boone,B135,Constable,,,Over Votes,0,0,0,0,0
Boone,B135,U.S. Senate,,Democratic,Dale Lewis ROMANS,4,0,4,0,0
Boone,B135,U.S. Senate,,Democratic,Charles BOOKER,44,1,40,3,0
Boone,B135,U.S. Senate,,Democratic,Logan FORSYTHE,2,0,1,1,0
Boone,B135,U.S. Senate,,Democratic,Joshua BLANTON SR.,1,0,0,0,1
Boone,B135,U.S. Senate,,Democratic,Vincent Anthony THOMPSON,1,0,1,0,0
Boone,B135,U.S. Senate,,Democratic,Pamela STEVENSON,9,0,8,1,0
Boone,B135,U.S. Senate,,Democratic,Amy McGRATH,69,6,58,1,4
Boone,B135,U.S. House,4,Democratic,Melissa Claire STRANGE,101,5,90,4,2
Boone,B135,U.S. House,4,Democratic,Jesse Russell BREWER,26,2,19,2,3
Boone,B136,U.S. Senate,,Republican,A. Nick SHELLEY,3,0,3,0,0
Boone,B136,U.S. Senate,,Republican,Daniel CAMERON,54,2,51,1,0
Boone,B136,U.S. Senate,,Republican,Andy BARR,69,7,62,0,0
Boone,B136,U.S. Senate,,Republican,Anissa CATLETT,7,0,7,0,0
Boone,B136,U.S. Senate,,Republican,"Valerie ""Dr Val"" FREDRICK",1,0,1,0,0
Boone,B136,U.S. Senate,,Republican,Jonathan M. HOLLIDAY,0,0,0,0,0
Boone,B136,U.S. Senate,,Republican,Other Donald WENZEL,0,0,0,0,0
Boone,B136,U.S. Senate,,Republican,Michael James FARIS,21,1,20,0,0
Boone,B136,U.S. Senate,,Republican,Nate MORRIS,4,1,3,0,0
Boone,B136,U.S. Senate,,Republican,James D. DUNCAN,1,0,1,0,0
Boone,B136,U.S. Senate,,Republican,Jimmy I. LEON,1,0,1,0,0
Boone,B136,U.S. Senate,,Republican,George WASHINGTON,3,0,3,0,0
Boone,B136,U.S. Senate,,,Under Votes,8,0,8,0,0
Boone,B136,U.S. Senate,,,Over Votes,0,0,0,0,0
Boone,B136,U.S. House,4,Republican,Thomas MASSIE,88,4,83,1,0
Boone,B136,U.S. House,4,Republican,Ed GALLREIN,84,7,77,0,0
Boone,B136,U.S. House,4,,Under Votes,3,0,3,0,0
Boone,B136,U.S. House,4,,Over Votes,0,0,0,0,0
Boone,B136,Ballots Cast,,,,211,,,,
Boone,B136,County Judge/Executive,,,Chet HAND,99,5,93,1,0
Boone,B136,County Judge/Executive,,,Gary W. MOORE,67,6,61,0,0
Boone,B136,County Judge/Executive,,,Under Votes,6,0,6,0,0
Boone,B136,County Judge/Executive,,,Over Votes,0,0,0,0,0
Boone,B136,Constable,,,Bill PRICE,60,3,57,0,0
Boone,B136,Constable,,,Patrick Ryan BAILEY,81,4,77,0,0
Boone,B136,Constable,,,Under Votes,31,4,26,1,0
Boone,B136,Constable,,,Over Votes,0,0,0,0,0
Boone,B136,U.S. Senate,,Democratic,Dale Lewis ROMANS,1,0,1,0,0
Boone,B136,U.S. Senate,,Democratic,Charles BOOKER,15,1,13,1,0
Boone,B136,U.S. Senate,,Democratic,Logan FORSYTHE,3,0,3,0,0
Boone,B136,U.S. Senate,,Democratic,Joshua BLANTON SR.,0,0,0,0,0
Boone,B136,U.S. Senate,,Democratic,Vincent Anthony THOMPSON,1,0,1,0,0
Boone,B136,U.S. Senate,,Democratic,Pamela STEVENSON,2,0,2,0,0
Boone,B136,U.S. Senate,,Democratic,Amy McGRATH,17,0,15,2,0
Boone,B136,U.S. House,4,Democratic,Melissa Claire STRANGE,30,0,27,3,0
Boone,B136,U.S. House,4,Democratic,Jesse Russell BREWER,6,1,5,0,0
Boone,C102,U.S. Senate,,Republican,A. Nick SHELLEY,2,0,2,0,0
Boone,C102,U.S. Senate,,Republican,Daniel CAMERON,72,11,52,8,1
Boone,C102,U.S. Senate,,Republican,Andy BARR,174,25,142,5,2
Boone,C102,U.S. Senate,,Republican,Anissa CATLETT,3,0,2,1,0
Boone,C102,U.S. Senate,,Republican,"Valerie ""Dr Val"" FREDRICK",4,0,4,0,0
Boone,C102,U.S. Senate,,Republican,Jonathan M. HOLLIDAY,0,0,0,0,0
Boone,C102,U.S. Senate,,Republican,Other Donald WENZEL,0,0,0,0,0
Boone,C102,U.S. Senate,,Republican,Michael James FARIS,19,0,19,0,0
Boone,C102,U.S. Senate,,Republican,Nate MORRIS,10,1,8,1,0
Boone,C102,U.S. Senate,,Republican,James D. DUNCAN,0,0,0,0,0
Boone,C102,U.S. Senate,,Republican,Jimmy I. LEON,0,0,0,0,0
Boone,C102,U.S. Senate,,Republican,George WASHINGTON,2,0,1,1,0
Boone,C102,U.S. Senate,,,Under Votes,10,2,7,1,0
Boone,C102,U.S. Senate,,,Over Votes,0,0,0,0,0
Boone,C102,U.S. House,4,Republican,Thomas MASSIE,123,13,104,6,0
Boone,C102,U.S. House,4,Republican,Ed GALLREIN,170,26,132,9,3
Boone,C102,U.S. House,4,,Under Votes,7,0,4,3,0
Boone,C102,U.S. House,4,,Over Votes,0,0,0,0,0
Boone,C102,Ballots Cast,,,,391,,,,
Boone,C102,County Judge/Executive,,,Chet HAND,152,20,125,5,2
Boone,C102,County Judge/Executive,,,Gary W. MOORE,138,18,108,12,0
Boone,C102,County Judge/Executive,,,Under Votes,6,1,4,0,1
Boone,C102,County Judge/Executive,,,Over Votes,0,0,0,0,0
Boone,C102,U.S. Senate,,Democratic,Dale Lewis ROMANS,2,1,0,0,1
Boone,C102,U.S. Senate,,Democratic,Charles BOOKER,33,3,26,4,0
Boone,C102,U.S. Senate,,Democratic,Logan FORSYTHE,0,0,0,0,0
Boone,C102,U.S. Senate,,Democratic,Joshua BLANTON SR.,2,0,2,0,0
Boone,C102,U.S. Senate,,Democratic,Vincent Anthony THOMPSON,2,0,1,1,0
Boone,C102,U.S. Senate,,Democratic,Pamela STEVENSON,4,0,1,3,0
Boone,C102,U.S. Senate,,Democratic,Amy McGRATH,52,5,42,4,1
Boone,C102,U.S. House,4,Democratic,Melissa Claire STRANGE,69,9,49,9,2
Boone,C102,U.S. House,4,Democratic,Jesse Russell BREWER,22,0,20,2,0
Boone,C110,U.S. Senate,,Republican,A. Nick SHELLEY,1,0,1,0,0
Boone,C110,U.S. Senate,,Republican,Daniel CAMERON,53,5,43,5,0
Boone,C110,U.S. Senate,,Republican,Andy BARR,120,9,104,7,0
Boone,C110,U.S. Senate,,Republican,Anissa CATLETT,0,0,0,0,0
Boone,C110,U.S. Senate,,Republican,"Valerie ""Dr Val"" FREDRICK",2,0,2,0,0
Boone,C110,U.S. Senate,,Republican,Jonathan M. HOLLIDAY,3,0,3,0,0
Boone,C110,U.S. Senate,,Republican,Other Donald WENZEL,1,1,0,0,0
Boone,C110,U.S. Senate,,Republican,Michael James FARIS,12,3,8,1,0
Boone,C110,U.S. Senate,,Republican,Nate MORRIS,8,0,8,0,0
Boone,C110,U.S. Senate,,Republican,James D. DUNCAN,0,0,0,0,0
Boone,C110,U.S. Senate,,Republican,Jimmy I. LEON,0,0,0,0,0
Boone,C110,U.S. Senate,,Republican,George WASHINGTON,1,0,1,0,0
Boone,C110,U.S. Senate,,,Under Votes,9,0,8,1,0
Boone,C110,U.S. Senate,,,Over Votes,1,0,0,1,0
Boone,C110,U.S. House,4,Republican,Thomas MASSIE,70,7,56,7,0
Boone,C110,U.S. House,4,Republican,Ed GALLREIN,137,11,119,7,0
Boone,C110,U.S. House,4,,Under Votes,6,0,6,0,0
Boone,C110,U.S. House,4,,Over Votes,0,0,0,0,0
Boone,C110,Ballots Cast,,,,299,,,,
Boone,C110,County Judge/Executive,,,Chet HAND,106,13,89,4,0
Boone,C110,County Judge/Executive,,,Gary W. MOORE,99,5,84,10,0
Boone,C110,County Judge/Executive,,,Under Votes,4,0,4,0,0
Boone,C110,County Judge/Executive,,,Over Votes,0,0,0,0,0
Boone,C110,U.S. Senate,,Democratic,Dale Lewis ROMANS,0,0,0,0,0
Boone,C110,U.S. Senate,,Democratic,Charles BOOKER,47,5,35,7,0
Boone,C110,U.S. Senate,,Democratic,Logan FORSYTHE,2,0,2,0,0
Boone,C110,U.S. Senate,,Democratic,Joshua BLANTON SR.,0,0,0,0,0
Boone,C110,U.S. Senate,,Democratic,Vincent Anthony THOMPSON,0,0,0,0,0
Boone,C110,U.S. Senate,,Democratic,Pamela STEVENSON,8,0,8,0,0
Boone,C110,U.S. Senate,,Democratic,Amy McGRATH,31,6,23,2,0
Boone,C110,U.S. House,4,Democratic,Melissa Claire STRANGE,65,10,47,8,0
Boone,C110,U.S. House,4,Democratic,Jesse Russell BREWER,21,1,18,2,0
Boone,C116,U.S. Senate,,Republican,A. Nick SHELLEY,7,1,6,0,0
Boone,C116,U.S. Senate,,Republican,Daniel CAMERON,57,5,52,0,0
Boone,C116,U.S. Senate,,Republican,Andy BARR,111,10,101,0,0
Boone,C116,U.S. Senate,,Republican,Anissa CATLETT,3,0,2,0,1
Boone,C116,U.S. Senate,,Republican,"Valerie ""Dr Val"" FREDRICK",2,0,2,0,0
Boone,C116,U.S. Senate,,Republican,Jonathan M. HOLLIDAY,0,0,0,0,0
Boone,C116,U.S. Senate,,Republican,Other Donald WENZEL,0,0,0,0,0
Boone,C116,U.S. Senate,,Republican,Michael James FARIS,3,0,3,0,0
Boone,C116,U.S. Senate,,Republican,Nate MORRIS,8,2,6,0,0
Boone,C116,U.S. Senate,,Republican,James D. DUNCAN,2,0,2,0,0
Boone,C116,U.S. Senate,,Republican,Jimmy I. LEON,0,0,0,0,0
Boone,C116,U.S. Senate,,Republican,George WASHINGTON,3,1,2,0,0
Boone,C116,U.S. Senate,,,Under Votes,5,1,4,0,0
Boone,C116,U.S. Senate,,,Over Votes,0,0,0,0,0
Boone,C116,U.S. House,4,Republican,Thomas MASSIE,69,6,63,0,0
Boone,C116,U.S. House,4,Republican,Ed GALLREIN,132,14,117,0,1
Boone,C116,U.S. House,4,,Under Votes,3,1,2,0,0
Boone,C116,U.S. House,4,,Over Votes,0,0,0,0,0
Boone,C116,Ballots Cast,,,,284,,,,
Boone,C116,State Representative,63,Republican,Seth Winslow YOUNG,27,1,25,0,1
Boone,C116,State Representative,63,Republican,Cole CUZICK,82,10,72,0,0
Boone,C116,State Representative,63,Republican,Kim BANTA,85,9,76,0,0
Boone,C116,State Representative,63,,Under Votes,7,0,7,0,0
Boone,C116,State Representative,63,,Over Votes,0,0,0,0,0
Boone,C116,County Judge/Executive,,,Chet HAND,105,12,92,0,1
Boone,C116,County Judge/Executive,,,Gary W. MOORE,93,7,86,0,0
Boone,C116,County Judge/Executive,,,Under Votes,2,1,1,0,0
Boone,C116,County Judge/Executive,,,Over Votes,1,0,1,0,0
Boone,C116,U.S. Senate,,Democratic,Dale Lewis ROMANS,2,0,1,0,1
Boone,C116,U.S. Senate,,Democratic,Charles BOOKER,45,3,40,2,0
Boone,C116,U.S. Senate,,Democratic,Logan FORSYTHE,4,0,4,0,0
Boone,C116,U.S. Senate,,Democratic,Joshua BLANTON SR.,0,0,0,0,0
Boone,C116,U.S. Senate,,Democratic,Vincent Anthony THOMPSON,2,1,1,0,0
Boone,C116,U.S. Senate,,Democratic,Pamela STEVENSON,6,0,6,0,0
Boone,C116,U.S. Senate,,Democratic,Amy McGRATH,24,5,19,0,0
Boone,C116,U.S. House,4,Democratic,Melissa Claire STRANGE,63,7,53,2,1
Boone,C116,U.S. House,4,Democratic,Jesse Russell BREWER,17,1,16,0,0
Boone,C117,U.S. Senate,,Republican,A. Nick SHELLEY,1,0,1,0,0
Boone,C117,U.S. Senate,,Republican,Daniel CAMERON,81,5,75,1,0
Boone,C117,U.S. Senate,,Republican,Andy BARR,152,10,132,8,2
Boone,C117,U.S. Senate,,Republican,Anissa CATLETT,7,1,4,2,0
Boone,C117,U.S. Senate,,Republican,"Valerie ""Dr Val"" FREDRICK",5,0,5,0,0
Boone,C117,U.S. Senate,,Republican,Jonathan M. HOLLIDAY,1,0,1,0,0
Boone,C117,U.S. Senate,,Republican,Other Donald WENZEL,2,1,1,0,0
Boone,C117,U.S. Senate,,Republican,Michael James FARIS,19,0,18,0,1
Boone,C117,U.S. Senate,,Republican,Nate MORRIS,7,0,7,0,0
Boone,C117,U.S. Senate,,Republican,James D. DUNCAN,3,0,3,0,0
Boone,C117,U.S. Senate,,Republican,Jimmy I. LEON,0,0,0,0,0
Boone,C117,U.S. Senate,,Republican,George WASHINGTON,8,4,3,1,0
Boone,C117,U.S. Senate,,,Under Votes,13,2,10,0,1
Boone,C117,U.S. Senate,,,Over Votes,3,0,2,1,0
Boone,C117,U.S. House,4,Republican,Thomas MASSIE,132,13,113,5,1
Boone,C117,U.S. House,4,Republican,Ed GALLREIN,163,10,144,7,2
Boone,C117,U.S. House,4,,Under Votes,6,0,5,0,1
Boone,C117,U.S. House,4,,Over Votes,0,0,0,0,0
Boone,C117,Ballots Cast,,,,365,,,,
Boone,C117,County Judge/Executive,,,Chet HAND,147,8,132,5,2
Boone,C117,County Judge/Executive,,,Gary W. MOORE,149,15,127,6,1
Boone,C117,County Judge/Executive,,,Under Votes,3,0,2,1,0
Boone,C117,County Judge/Executive,,,Over Votes,0,0,0,0,0
Boone,C117,U.S. Senate,,Democratic,Dale Lewis ROMANS,0,0,0,0,0
Boone,C117,U.S. Senate,,Democratic,Charles BOOKER,23,3,18,1,1
Boone,C117,U.S. Senate,,Democratic,Logan FORSYTHE,0,0,0,0,0
Boone,C117,U.S. Senate,,Democratic,Joshua BLANTON SR.,1,1,0,0,0
Boone,C117,U.S. Senate,,Democratic,Vincent Anthony THOMPSON,1,0,1,0,0
Boone,C117,U.S. Senate,,Democratic,Pamela STEVENSON,3,0,2,1,0
Boone,C117,U.S. Senate,,Democratic,Amy McGRATH,35,3,31,1,0
Boone,C117,U.S. House,4,Democratic,Melissa Claire STRANGE,45,5,38,1,1
Boone,C117,U.S. House,4,Democratic,Jesse Russell BREWER,19,2,14,3,0
Boone,C118,U.S. Senate,,Republican,A. Nick SHELLEY,1,0,1,0,0
Boone,C118,U.S. Senate,,Republican,Daniel CAMERON,115,9,103,3,0
Boone,C118,U.S. Senate,,Republican,Andy BARR,215,30,173,8,4
Boone,C118,U.S. Senate,,Republican,Anissa CATLETT,4,0,4,0,0
Boone,C118,U.S. Senate,,Republican,"Valerie ""Dr Val"" FREDRICK",9,1,8,0,0
Boone,C118,U.S. Senate,,Republican,Jonathan M. HOLLIDAY,2,0,2,0,0
Boone,C118,U.S. Senate,,Republican,Other Donald WENZEL,0,0,0,0,0
Boone,C118,U.S. Senate,,Republican,Michael James FARIS,28,4,24,0,0
Boone,C118,U.S. Senate,,Republican,Nate MORRIS,10,1,9,0,0
Boone,C118,U.S. Senate,,Republican,James D. DUNCAN,2,0,2,0,0
Boone,C118,U.S. Senate,,Republican,Jimmy I. LEON,1,0,1,0,0
Boone,C118,U.S. Senate,,Republican,George WASHINGTON,8,1,7,0,0
Boone,C118,U.S. Senate,,,Under Votes,8,0,8,0,0
Boone,C118,U.S. Senate,,,Over Votes,0,0,0,0,0
Boone,C118,U.S. House,4,Republican,Thomas MASSIE,187,20,162,5,0
Boone,C118,U.S. House,4,Republican,Ed GALLREIN,215,26,179,6,4
Boone,C118,U.S. House,4,,Under Votes,6,2,4,0,0
Boone,C118,U.S. House,4,,Over Votes,0,0,0,0,0
Boone,C118,Ballots Cast,,,,520,,,,
Boone,C118,County Judge/Executive,,,Chet HAND,201,20,176,4,1
Boone,C118,County Judge/Executive,,,Gary W. MOORE,193,25,158,7,3
Boone,C118,County Judge/Executive,,,Under Votes,8,1,7,0,0
Boone,C118,County Judge/Executive,,,Over Votes,0,0,0,0,0
Boone,C118,U.S. Senate,,Democratic,Dale Lewis ROMANS,3,0,3,0,0
Boone,C118,U.S. Senate,,Democratic,Charles BOOKER,38,8,28,2,0
Boone,C118,U.S. Senate,,Democratic,Logan FORSYTHE,2,1,1,0,0
Boone,C118,U.S. Senate,,Democratic,Joshua BLANTON SR.,2,0,2,0,0
Boone,C118,U.S. Senate,,Democratic,Vincent Anthony THOMPSON,0,0,0,0,0
Boone,C118,U.S. Senate,,Democratic,Pamela STEVENSON,6,1,5,0,0
Boone,C118,U.S. Senate,,Democratic,Amy McGRATH,66,16,48,2,0
Boone,C118,U.S. House,4,Democratic,Melissa Claire STRANGE,85,17,67,1,0
Boone,C118,U.S. House,4,Democratic,Jesse Russell BREWER,27,7,17,3,0
Boone,C119,U.S. Senate,,Republican,A. Nick SHELLEY,1,0,1,0,0
Boone,C119,U.S. Senate,,Republican,Daniel CAMERON,40,6,34,0,0
Boone,C119,U.S. Senate,,Republican,Andy BARR,120,33,85,0,2
Boone,C119,U.S. Senate,,Republican,Anissa CATLETT,4,1,3,0,0
Boone,C119,U.S. Senate,,Republican,"Valerie ""Dr Val"" FREDRICK",3,1,2,0,0
Boone,C119,U.S. Senate,,Republican,Jonathan M. HOLLIDAY,0,0,0,0,0
Boone,C119,U.S. Senate,,Republican,Other Donald WENZEL,0,0,0,0,0
Boone,C119,U.S. Senate,,Republican,Michael James FARIS,2,0,2,0,0
Boone,C119,U.S. Senate,,Republican,Nate MORRIS,7,2,4,1,0
Boone,C119,U.S. Senate,,Republican,James D. DUNCAN,0,0,0,0,0
Boone,C119,U.S. Senate,,Republican,Jimmy I. LEON,0,0,0,0,0
Boone,C119,U.S. Senate,,Republican,George WASHINGTON,5,1,3,1,0
Boone,C119,U.S. Senate,,,Under Votes,4,0,4,0,0
Boone,C119,U.S. Senate,,,Over Votes,0,0,0,0,0
Boone,C119,U.S. House,4,Republican,Thomas MASSIE,63,11,51,1,0
Boone,C119,U.S. House,4,Republican,Ed GALLREIN,120,32,85,1,2
Boone,C119,U.S. House,4,,Under Votes,7,2,5,0,0
Boone,C119,U.S. House,4,,Over Votes,0,0,0,0,0
Boone,C119,Ballots Cast,,,,244,,,,
Boone,C119,State Representative,63,Republican,Seth Winslow YOUNG,19,3,15,0,1
Boone,C119,State Representative,63,Republican,Cole CUZICK,67,17,49,1,0
Boone,C119,State Representative,63,Republican,Kim BANTA,80,19,59,1,1
Boone,C119,State Representative,63,,Under Votes,18,5,13,0,0
Boone,C119,State Representative,63,,Over Votes,0,0,0,0,0
Boone,C119,County Judge/Executive,,,Chet HAND,82,18,62,1,1
Boone,C119,County Judge/Executive,,,Gary W. MOORE,100,24,74,1,1
Boone,C119,County Judge/Executive,,,Under Votes,2,2,0,0,0
Boone,C119,County Judge/Executive,,,Over Votes,0,0,0,0,0
Boone,C119,U.S. Senate,,Democratic,Dale Lewis ROMANS,1,0,1,0,0
Boone,C119,U.S. Senate,,Democratic,Charles BOOKER,18,2,16,0,0
Boone,C119,U.S. Senate,,Democratic,Logan FORSYTHE,2,0,2,0,0
Boone,C119,U.S. Senate,,Democratic,Joshua BLANTON SR.,1,0,1,0,0
Boone,C119,U.S. Senate,,Democratic,Vincent Anthony THOMPSON,0,0,0,0,0
Boone,C119,U.S. Senate,,Democratic,Pamela STEVENSON,1,1,0,0,0
Boone,C119,U.S. Senate,,Democratic,Amy McGRATH,35,8,27,0,0
Boone,C119,U.S. House,4,Democratic,Melissa Claire STRANGE,39,8,31,0,0
Boone,C119,U.S. House,4,Democratic,Jesse Russell BREWER,15,2,13,0,0
Boone,C121,U.S. Senate,,Republican,A. Nick SHELLEY,2,0,2,0,0
Boone,C121,U.S. Senate,,Republican,Daniel CAMERON,30,5,24,0,1
Boone,C121,U.S. Senate,,Republican,Andy BARR,75,10,62,1,2
Boone,C121,U.S. Senate,,Republican,Anissa CATLETT,5,0,4,1,0
Boone,C121,U.S. Senate,,Republican,"Valerie ""Dr Val"" FREDRICK",3,0,3,0,0
Boone,C121,U.S. Senate,,Republican,Jonathan M. HOLLIDAY,2,0,2,0,0
Boone,C121,U.S. Senate,,Republican,Other Donald WENZEL,0,0,0,0,0
Boone,C121,U.S. Senate,,Republican,Michael James FARIS,9,1,7,1,0
Boone,C121,U.S. Senate,,Republican,Nate MORRIS,5,1,3,1,0
Boone,C121,U.S. Senate,,Republican,James D. DUNCAN,0,0,0,0,0
Boone,C121,U.S. Senate,,Republican,Jimmy I. LEON,0,0,0,0,0
Boone,C121,U.S. Senate,,Republican,George WASHINGTON,4,1,3,0,0
Boone,C121,U.S. Senate,,,Under Votes,3,2,0,1,0
Boone,C121,U.S. Senate,,,Over Votes,0,0,0,0,0
Boone,C121,U.S. House,4,Republican,Thomas MASSIE,53,7,44,2,0
Boone,C121,U.S. House,4,Republican,Ed GALLREIN,85,13,66,3,3
Boone,C121,U.S. House,4,,Under Votes,1,0,1,0,0
Boone,C121,U.S. House,4,,Over Votes,0,0,0,0,0
Boone,C121,Ballots Cast,,,,230,,,,
Boone,C121,County Judge/Executive,,,Chet HAND,65,8,55,0,2
Boone,C121,County Judge/Executive,,,Gary W. MOORE,67,10,52,4,1
Boone,C121,County Judge/Executive,,,Under Votes,6,2,3,1,0
Boone,C121,County Judge/Executive,,,Over Votes,0,0,0,0,0
Boone,C121,U.S. Senate,,Democratic,Dale Lewis ROMANS,1,0,1,0,0
Boone,C121,U.S. Senate,,Democratic,Charles BOOKER,30,1,26,3,0
Boone,C121,U.S. Senate,,Democratic,Logan FORSYTHE,2,0,2,0,0
Boone,C121,U.S. Senate,,Democratic,Joshua BLANTON SR.,2,0,2,0,0
Boone,C121,U.S. Senate,,Democratic,Vincent Anthony THOMPSON,2,0,2,0,0
Boone,C121,U.S. Senate,,Democratic,Pamela STEVENSON,4,0,4,0,0
Boone,C121,U.S. Senate,,Democratic,Amy McGRATH,51,8,39,2,2
Boone,C121,U.S. House,4,Democratic,Melissa Claire STRANGE,63,7,52,3,1
Boone,C121,U.S. House,4,Democratic,Jesse Russell BREWER,28,2,23,2,1
Boone,C123,U.S. Senate,,Republican,A. Nick SHELLEY,1,0,1,0,0
Boone,C123,U.S. Senate,,Republican,Daniel CAMERON,21,4,17,0,0
Boone,C123,U.S. Senate,,Republican,Andy BARR,48,0,47,1,0
Boone,C123,U.S. Senate,,Republican,Anissa CATLETT,0,0,0,0,0
Boone,C123,U.S. Senate,,Republican,"Valerie ""Dr Val"" FREDRICK",0,0,0,0,0
Boone,C123,U.S. Senate,,Republican,Jonathan M. HOLLIDAY,2,0,2,0,0
Boone,C123,U.S. Senate,,Republican,Other Donald WENZEL,0,0,0,0,0
Boone,C123,U.S. Senate,,Republican,Michael James FARIS,4,0,4,0,0
Boone,C123,U.S. Senate,,Republican,Nate MORRIS,2,0,2,0,0
Boone,C123,U.S. Senate,,Republican,James D. DUNCAN,0,0,0,0,0
Boone,C123,U.S. Senate,,Republican,Jimmy I. LEON,0,0,0,0,0
Boone,C123,U.S. Senate,,Republican,George WASHINGTON,5,0,4,0,1
Boone,C123,U.S. Senate,,,Under Votes,3,0,3,0,0
Boone,C123,U.S. Senate,,,Over Votes,0,0,0,0,0
Boone,C123,U.S. House,4,Republican,Thomas MASSIE,45,3,42,0,0
Boone,C123,U.S. House,4,Republican,Ed GALLREIN,41,1,38,1,1
Boone,C123,U.S. House,4,,Under Votes,0,0,0,0,0
Boone,C123,U.S. House,4,,Over Votes,0,0,0,0,0
Boone,C123,Ballots Cast,,,,119,,,,
Boone,C123,State Representative,63,Republican,Seth Winslow YOUNG,9,0,8,0,1
Boone,C123,State Representative,63,Republican,Cole CUZICK,37,1,36,0,0
Boone,C123,State Representative,63,Republican,Kim BANTA,33,3,29,1,0
Boone,C123,State Representative,63,,Under Votes,7,0,7,0,0
Boone,C123,State Representative,63,,Over Votes,0,0,0,0,0
Boone,C123,County Judge/Executive,,,Chet HAND,31,2,27,1,1
Boone,C123,County Judge/Executive,,,Gary W. MOORE,53,2,51,0,0
Boone,C123,County Judge/Executive,,,Under Votes,2,0,2,0,0
Boone,C123,County Judge/Executive,,,Over Votes,0,0,0,0,0
Boone,C123,U.S. Senate,,Democratic,Dale Lewis ROMANS,3,0,3,0,0
Boone,C123,U.S. Senate,,Democratic,Charles BOOKER,10,1,8,1,0
Boone,C123,U.S. Senate,,Democratic,Logan FORSYTHE,1,0,1,0,0
Boone,C123,U.S. Senate,,Democratic,Joshua BLANTON SR.,3,0,3,0,0
Boone,C123,U.S. Senate,,Democratic,Vincent Anthony THOMPSON,2,0,2,0,0
Boone,C123,U.S. Senate,,Democratic,Pamela STEVENSON,1,0,1,0,0
Boone,C123,U.S. Senate,,Democratic,Amy McGRATH,13,1,12,0,0
Boone,C123,U.S. House,4,Democratic,Melissa Claire STRANGE,20,2,18,0,0
Boone,C123,U.S. House,4,Democratic,Jesse Russell BREWER,13,0,12,1,0
Boone,C124,U.S. Senate,,Republican,A. Nick SHELLEY,2,0,2,0,0
Boone,C124,U.S. Senate,,Republican,Daniel CAMERON,24,5,19,0,0
Boone,C124,U.S. Senate,,Republican,Andy BARR,89,10,73,5,1
Boone,C124,U.S. Senate,,Republican,Anissa CATLETT,0,0,0,0,0
Boone,C124,U.S. Senate,,Republican,"Valerie ""Dr Val"" FREDRICK",1,0,1,0,0
Boone,C124,U.S. Senate,,Republican,Jonathan M. HOLLIDAY,1,0,1,0,0
Boone,C124,U.S. Senate,,Republican,Other Donald WENZEL,0,0,0,0,0
Boone,C124,U.S. Senate,,Republican,Michael James FARIS,8,1,4,2,1
Boone,C124,U.S. Senate,,Republican,Nate MORRIS,3,2,1,0,0
Boone,C124,U.S. Senate,,Republican,James D. DUNCAN,1,0,1,0,0
Boone,C124,U.S. Senate,,Republican,Jimmy I. LEON,1,0,1,0,0
Boone,C124,U.S. Senate,,Republican,George WASHINGTON,2,0,2,0,0
Boone,C124,U.S. Senate,,,Under Votes,4,0,4,0,0
Boone,C124,U.S. Senate,,,Over Votes,0,0,0,0,0
Boone,C124,U.S. House,4,Republican,Thomas MASSIE,40,2,35,1,2
Boone,C124,U.S. House,4,Republican,Ed GALLREIN,93,16,71,6,0
Boone,C124,U.S. House,4,,Under Votes,5,0,5,0,0
Boone,C124,U.S. House,4,,Over Votes,0,0,0,0,0
Boone,C124,Ballots Cast,,,,208,,,,
Boone,C124,State Representative,69,Republican,Steven DOAN,92,12,73,5,2
Boone,C124,State Representative,69,Republican,Jesse FOREMAN,31,4,25,2,0
Boone,C124,State Representative,69,,Under Votes,17,4,13,0,0
Boone,C124,State Representative,69,,Over Votes,0,0,0,0,0
Boone,C124,County Judge/Executive,,,Chet HAND,56,6,47,1,2
Boone,C124,County Judge/Executive,,,Gary W. MOORE,75,12,57,6,0
Boone,C124,County Judge/Executive,,,Under Votes,2,0,2,0,0
Boone,C124,County Judge/Executive,,,Over Votes,0,0,0,0,0
Boone,C124,U.S. Senate,,Democratic,Dale Lewis ROMANS,2,0,2,0,0
Boone,C124,U.S. Senate,,Democratic,Charles BOOKER,23,3,16,4,0
Boone,C124,U.S. Senate,,Democratic,Logan FORSYTHE,2,0,2,0,0
Boone,C124,U.S. Senate,,Democratic,Joshua BLANTON SR.,0,0,0,0,0
Boone,C124,U.S. Senate,,Democratic,Vincent Anthony THOMPSON,2,1,1,0,0
Boone,C124,U.S. Senate,,Democratic,Pamela STEVENSON,2,0,2,0,0
Boone,C124,U.S. Senate,,Democratic,Amy McGRATH,41,11,28,2,0
Boone,C124,U.S. House,4,Democratic,Melissa Claire STRANGE,53,10,38,5,0
Boone,C124,U.S. House,4,Democratic,Jesse Russell BREWER,17,5,11,1,0
Boone,C124,State Representative,69,Democratic,Bryan G. SNAPP,38,9,26,3,0
Boone,C124,State Representative,69,Democratic,Wilanne STANGEL,30,4,23,3,0
Boone,C125,U.S. Senate,,Republican,A. Nick SHELLEY,1,0,1,0,0
Boone,C125,U.S. Senate,,Republican,Daniel CAMERON,22,2,18,2,0
Boone,C125,U.S. Senate,,Republican,Andy BARR,71,1,66,2,2
Boone,C125,U.S. Senate,,Republican,Anissa CATLETT,0,0,0,0,0
Boone,C125,U.S. Senate,,Republican,"Valerie ""Dr Val"" FREDRICK",2,0,2,0,0
Boone,C125,U.S. Senate,,Republican,Jonathan M. HOLLIDAY,0,0,0,0,0
Boone,C125,U.S. Senate,,Republican,Other Donald WENZEL,0,0,0,0,0
Boone,C125,U.S. Senate,,Republican,Michael James FARIS,4,0,4,0,0
Boone,C125,U.S. Senate,,Republican,Nate MORRIS,4,1,3,0,0
Boone,C125,U.S. Senate,,Republican,James D. DUNCAN,1,0,1,0,0
Boone,C125,U.S. Senate,,Republican,Jimmy I. LEON,0,0,0,0,0
Boone,C125,U.S. Senate,,Republican,George WASHINGTON,1,0,1,0,0
Boone,C125,U.S. Senate,,,Under Votes,3,0,3,0,0
Boone,C125,U.S. Senate,,,Over Votes,0,0,0,0,0
Boone,C125,U.S. House,4,Republican,Thomas MASSIE,40,1,37,0,2
Boone,C125,U.S. House,4,Republican,Ed GALLREIN,67,3,60,4,0
Boone,C125,U.S. House,4,,Under Votes,5,0,4,1,0
Boone,C125,U.S. House,4,,Over Votes,0,0,0,0,0
Boone,C125,Ballots Cast,,,,162,,,,
Boone,C125,State Representative,69,Republican,Steven DOAN,76,2,68,4,2
Boone,C125,State Representative,69,Republican,Jesse FOREMAN,23,2,21,0,0
Boone,C125,State Representative,69,,Under Votes,10,0,9,1,0
Boone,C125,State Representative,69,,Over Votes,0,0,0,0,0
Boone,C125,County Judge/Executive,,,Chet HAND,69,2,63,2,2
Boone,C125,County Judge/Executive,,,Gary W. MOORE,39,2,35,2,0
Boone,C125,County Judge/Executive,,,Under Votes,0,0,0,0,0
Boone,C125,County Judge/Executive,,,Over Votes,0,0,0,0,0
Boone,C125,U.S. Senate,,Democratic,Dale Lewis ROMANS,3,0,3,0,0
Boone,C125,U.S. Senate,,Democratic,Charles BOOKER,17,1,16,0,0
Boone,C125,U.S. Senate,,Democratic,Logan FORSYTHE,0,0,0,0,0
Boone,C125,U.S. Senate,,Democratic,Joshua BLANTON SR.,2,0,2,0,0
Boone,C125,U.S. Senate,,Democratic,Vincent Anthony THOMPSON,0,0,0,0,0
Boone,C125,U.S. Senate,,Democratic,Pamela STEVENSON,6,1,5,0,0
Boone,C125,U.S. Senate,,Democratic,Amy McGRATH,25,1,20,4,0
Boone,C125,U.S. House,4,Democratic,Melissa Claire STRANGE,39,3,33,3,0
Boone,C125,U.S. House,4,Democratic,Jesse Russell BREWER,11,0,11,0,0
Boone,C125,State Representative,69,Democratic,Bryan G. SNAPP,16,0,16,0,0
Boone,C125,State Representative,69,Democratic,Wilanne STANGEL,37,3,31,3,0
Boone,C126,U.S. Senate,,Republican,A. Nick SHELLEY,1,0,1,0,0
Boone,C126,U.S. Senate,,Republican,Daniel CAMERON,12,0,11,1,0
Boone,C126,U.S. Senate,,Republican,Andy BARR,20,0,18,2,0
Boone,C126,U.S. Senate,,Republican,Anissa CATLETT,1,0,1,0,0
Boone,C126,U.S. Senate,,Republican,"Valerie ""Dr Val"" FREDRICK",1,0,1,0,0
Boone,C126,U.S. Senate,,Republican,Jonathan M. HOLLIDAY,0,0,0,0,0
Boone,C126,U.S. Senate,,Republican,Other Donald WENZEL,0,0,0,0,0
Boone,C126,U.S. Senate,,Republican,Michael James FARIS,3,1,2,0,0
Boone,C126,U.S. Senate,,Republican,Nate MORRIS,0,0,0,0,0
Boone,C126,U.S. Senate,,Republican,James D. DUNCAN,0,0,0,0,0
Boone,C126,U.S. Senate,,Republican,Jimmy I. LEON,0,0,0,0,0
Boone,C126,U.S. Senate,,Republican,George WASHINGTON,2,0,2,0,0
Boone,C126,U.S. Senate,,,Under Votes,4,0,4,0,0
Boone,C126,U.S. Senate,,,Over Votes,0,0,0,0,0
Boone,C126,U.S. House,4,Republican,Thomas MASSIE,19,1,17,1,0
Boone,C126,U.S. House,4,Republican,Ed GALLREIN,23,0,21,2,0
Boone,C126,U.S. House,4,,Under Votes,1,0,1,0,0
Boone,C126,U.S. House,4,,Over Votes,0,0,0,0,0
Boone,C126,Ballots Cast,,,,81,,,,
Boone,C126,State Representative,63,Republican,Seth Winslow YOUNG,7,1,6,0,0
Boone,C126,State Representative,63,Republican,Cole CUZICK,16,0,14,2,0
Boone,C126,State Representative,63,Republican,Kim BANTA,16,0,15,1,0
Boone,C126,State Representative,63,,Under Votes,3,0,3,0,0
Boone,C126,State Representative,63,,Over Votes,0,0,0,0,0
Boone,C126,County Judge/Executive,,,Chet HAND,16,0,15,1,0
Boone,C126,County Judge/Executive,,,Gary W. MOORE,22,1,19,2,0
Boone,C126,County Judge/Executive,,,Under Votes,4,0,4,0,0
Boone,C126,County Judge/Executive,,,Over Votes,0,0,0,0,0
Boone,C126,U.S. Senate,,Democratic,Dale Lewis ROMANS,3,0,3,0,0
Boone,C126,U.S. Senate,,Democratic,Charles BOOKER,17,1,16,0,0
Boone,C126,U.S. Senate,,Democratic,Logan FORSYTHE,0,0,0,0,0
Boone,C126,U.S. Senate,,Democratic,Joshua BLANTON SR.,0,0,0,0,0
Boone,C126,U.S. Senate,,Democratic,Vincent Anthony THOMPSON,1,0,1,0,0
Boone,C126,U.S. Senate,,Democratic,Pamela STEVENSON,2,0,1,1,0
Boone,C126,U.S. Senate,,Democratic,Amy McGRATH,14,0,12,2,0
Boone,C126,U.S. House,4,Democratic,Melissa Claire STRANGE,31,1,28,2,0
Boone,C126,U.S. House,4,Democratic,Jesse Russell BREWER,7,0,6,1,0
Boone,C127,U.S. Senate,,Republican,A. Nick SHELLEY,1,0,1,0,0
Boone,C127,U.S. Senate,,Republican,Daniel CAMERON,48,7,38,2,1
Boone,C127,U.S. Senate,,Republican,Andy BARR,72,5,67,0,0
Boone,C127,U.S. Senate,,Republican,Anissa CATLETT,3,0,3,0,0
Boone,C127,U.S. Senate,,Republican,"Valerie ""Dr Val"" FREDRICK",3,0,3,0,0
Boone,C127,U.S. Senate,,Republican,Jonathan M. HOLLIDAY,2,0,2,0,0
Boone,C127,U.S. Senate,,Republican,Other Donald WENZEL,0,0,0,0,0
Boone,C127,U.S. Senate,,Republican,Michael James FARIS,7,0,7,0,0
Boone,C127,U.S. Senate,,Republican,Nate MORRIS,5,1,3,1,0
Boone,C127,U.S. Senate,,Republican,James D. DUNCAN,0,0,0,0,0
Boone,C127,U.S. Senate,,Republican,Jimmy I. LEON,0,0,0,0,0
Boone,C127,U.S. Senate,,Republican,George WASHINGTON,3,1,2,0,0
Boone,C127,U.S. Senate,,,Under Votes,0,0,0,0,0
Boone,C127,U.S. Senate,,,Over Votes,0,0,0,0,0
Boone,C127,U.S. House,4,Republican,Thomas MASSIE,54,5,47,1,1
Boone,C127,U.S. House,4,Republican,Ed GALLREIN,90,9,79,2,0
Boone,C127,U.S. House,4,,Under Votes,1,0,1,0,0
Boone,C127,U.S. House,4,,Over Votes,0,0,0,0,0
Boone,C127,Ballots Cast,,,,206,,,,
Boone,C127,State Representative,69,Republican,Steven DOAN,101,8,90,2,1
Boone,C127,State Representative,69,Republican,Jesse FOREMAN,38,6,31,1,0
Boone,C127,State Representative,69,,Under Votes,7,0,7,0,0
Boone,C127,State Representative,69,,Over Votes,0,0,0,0,0
Boone,C127,County Judge/Executive,,,Chet HAND,73,8,63,2,0
Boone,C127,County Judge/Executive,,,Gary W. MOORE,69,6,61,1,1
Boone,C127,County Judge/Executive,,,Under Votes,2,0,2,0,0
Boone,C127,County Judge/Executive,,,Over Votes,0,0,0,0,0
Boone,C127,U.S. Senate,,Democratic,Dale Lewis ROMANS,0,0,0,0,0
Boone,C127,U.S. Senate,,Democratic,Charles BOOKER,23,2,20,1,0
Boone,C127,U.S. Senate,,Democratic,Logan FORSYTHE,2,0,2,0,0
Boone,C127,U.S. Senate,,Democratic,Joshua BLANTON SR.,3,1,2,0,0
Boone,C127,U.S. Senate,,Democratic,Vincent Anthony THOMPSON,0,0,0,0,0
Boone,C127,U.S. Senate,,Democratic,Pamela STEVENSON,7,0,7,0,0
Boone,C127,U.S. Senate,,Democratic,Amy McGRATH,27,1,24,2,0
Boone,C127,U.S. House,4,Democratic,Melissa Claire STRANGE,49,3,44,2,0
Boone,C127,U.S. House,4,Democratic,Jesse Russell BREWER,12,1,10,1,0
Boone,C127,State Representative,69,Democratic,Bryan G. SNAPP,25,2,21,2,0
Boone,C127,State Representative,69,Democratic,Wilanne STANGEL,35,2,32,1,0
Boone,C128,U.S. Senate,,Republican,A. Nick SHELLEY,0,0,0,0,0
Boone,C128,U.S. Senate,,Republican,Daniel CAMERON,21,2,19,0,0
Boone,C128,U.S. Senate,,Republican,Andy BARR,71,2,68,1,0
Boone,C128,U.S. Senate,,Republican,Anissa CATLETT,0,0,0,0,0
Boone,C128,U.S. Senate,,Republican,"Valerie ""Dr Val"" FREDRICK",1,0,1,0,0
Boone,C128,U.S. Senate,,Republican,Jonathan M. HOLLIDAY,0,0,0,0,0
Boone,C128,U.S. Senate,,Republican,Other Donald WENZEL,0,0,0,0,0
Boone,C128,U.S. Senate,,Republican,Michael James FARIS,13,4,8,1,0
Boone,C128,U.S. Senate,,Republican,Nate MORRIS,2,1,1,0,0
Boone,C128,U.S. Senate,,Republican,James D. DUNCAN,0,0,0,0,0
Boone,C128,U.S. Senate,,Republican,Jimmy I. LEON,0,0,0,0,0
Boone,C128,U.S. Senate,,Republican,George WASHINGTON,2,0,2,0,0
Boone,C128,U.S. Senate,,,Under Votes,6,0,5,1,0
Boone,C128,U.S. Senate,,,Over Votes,0,0,0,0,0
Boone,C128,U.S. House,4,Republican,Thomas MASSIE,50,9,38,3,0
Boone,C128,U.S. House,4,Republican,Ed GALLREIN,62,0,62,0,0
Boone,C128,U.S. House,4,,Under Votes,5,0,5,0,0
Boone,C128,U.S. House,4,,Over Votes,0,0,0,0,0
Boone,C128,Ballots Cast,,,,165,,,,
Boone,C128,State Representative,69,Republican,Steven DOAN,86,9,76,1,0
Boone,C128,State Representative,69,Republican,Jesse FOREMAN,23,0,22,1,0
Boone,C128,State Representative,69,,Under Votes,7,0,6,1,0
Boone,C128,State Representative,69,,Over Votes,0,0,0,0,0
Boone,C128,County Judge/Executive,,,Chet HAND,57,6,50,1,0
Boone,C128,County Judge/Executive,,,Gary W. MOORE,55,3,51,1,0
Boone,C128,County Judge/Executive,,,Under Votes,3,0,2,1,0
Boone,C128,County Judge/Executive,,,Over Votes,0,0,0,0,0
Boone,C128,U.S. Senate,,Democratic,Dale Lewis ROMANS,0,0,0,0,0
Boone,C128,U.S. Senate,,Democratic,Charles BOOKER,21,0,21,0,0
Boone,C128,U.S. Senate,,Democratic,Logan FORSYTHE,1,0,1,0,0
Boone,C128,U.S. Senate,,Democratic,Joshua BLANTON SR.,1,0,0,1,0
Boone,C128,U.S. Senate,,Democratic,Vincent Anthony THOMPSON,2,0,2,0,0
Boone,C128,U.S. Senate,,Democratic,Pamela STEVENSON,2,0,2,0,0
Boone,C128,U.S. Senate,,Democratic,Amy McGRATH,22,0,21,1,0
Boone,C128,U.S. House,4,Democratic,Melissa Claire STRANGE,42,0,40,2,0
Boone,C128,U.S. House,4,Democratic,Jesse Russell BREWER,6,0,6,0,0
Boone,C128,State Representative,69,Democratic,Bryan G. SNAPP,28,0,27,1,0
Boone,C128,State Representative,69,Democratic,Wilanne STANGEL,21,0,20,1,0
Boone,C129,U.S. Senate,,Republican,A. Nick SHELLEY,4,0,4,0,0
Boone,C129,U.S. Senate,,Republican,Daniel CAMERON,42,0,41,1,0
Boone,C129,U.S. Senate,,Republican,Andy BARR,72,4,64,3,1
Boone,C129,U.S. Senate,,Republican,Anissa CATLETT,0,0,0,0,0
Boone,C129,U.S. Senate,,Republican,"Valerie ""Dr Val"" FREDRICK",1,0,1,0,0
Boone,C129,U.S. Senate,,Republican,Jonathan M. HOLLIDAY,3,0,3,0,0
Boone,C129,U.S. Senate,,Republican,Other Donald WENZEL,0,0,0,0,0
Boone,C129,U.S. Senate,,Republican,Michael James FARIS,6,0,6,0,0
Boone,C129,U.S. Senate,,Republican,Nate MORRIS,10,1,9,0,0
Boone,C129,U.S. Senate,,Republican,James D. DUNCAN,0,0,0,0,0
Boone,C129,U.S. Senate,,Republican,Jimmy I. LEON,0,0,0,0,0
Boone,C129,U.S. Senate,,Republican,George WASHINGTON,9,0,9,0,0
Boone,C129,U.S. Senate,,,Under Votes,5,0,5,0,0
Boone,C129,U.S. Senate,,,Over Votes,0,0,0,0,0
Boone,C129,U.S. House,4,Republican,Thomas MASSIE,63,1,61,1,0
Boone,C129,U.S. House,4,Republican,Ed GALLREIN,88,4,80,3,1
Boone,C129,U.S. House,4,,Under Votes,2,0,2,0,0
Boone,C129,U.S. House,4,,Over Votes,0,0,0,0,0
Boone,C129,Ballots Cast,,,,223,,,,
Boone,C129,State Representative,69,Republican,Steven DOAN,107,5,98,3,1
Boone,C129,State Representative,69,Republican,Jesse FOREMAN,28,0,27,1,0
Boone,C129,State Representative,69,,Under Votes,18,0,18,0,0
Boone,C129,State Representative,69,,Over Votes,0,0,0,0,0
Boone,C129,County Judge/Executive,,,Chet HAND,74,3,68,3,0
Boone,C129,County Judge/Executive,,,Gary W. MOORE,71,2,67,1,1
Boone,C129,County Judge/Executive,,,Under Votes,6,0,6,0,0
Boone,C129,County Judge/Executive,,,Over Votes,0,0,0,0,0
Boone,C129,U.S. Senate,,Democratic,Dale Lewis ROMANS,1,0,1,0,0
Boone,C129,U.S. Senate,,Democratic,Charles BOOKER,26,3,22,1,0
Boone,C129,U.S. Senate,,Democratic,Logan FORSYTHE,2,1,1,0,0
Boone,C129,U.S. Senate,,Democratic,Joshua BLANTON SR.,2,0,2,0,0
Boone,C129,U.S. Senate,,Democratic,Vincent Anthony THOMPSON,4,0,4,0,0
Boone,C129,U.S. Senate,,Democratic,Pamela STEVENSON,2,0,2,0,0
Boone,C129,U.S. Senate,,Democratic,Amy McGRATH,34,3,27,4,0
Boone,C129,U.S. House,4,Democratic,Melissa Claire STRANGE,55,6,45,4,0
Boone,C129,U.S. House,4,Democratic,Jesse Russell BREWER,15,1,13,1,0
Boone,C129,State Representative,69,Democratic,Bryan G. SNAPP,32,2,28,2,0
Boone,C129,State Representative,69,Democratic,Wilanne STANGEL,38,5,30,3,0
Boone,C130,U.S. Senate,,Republican,A. Nick SHELLEY,1,0,1,0,0
Boone,C130,U.S. Senate,,Republican,Daniel CAMERON,61,5,54,2,0
Boone,C130,U.S. Senate,,Republican,Andy BARR,98,7,83,4,4
Boone,C130,U.S. Senate,,Republican,Anissa CATLETT,9,0,5,2,2
Boone,C130,U.S. Senate,,Republican,"Valerie ""Dr Val"" FREDRICK",0,0,0,0,0
Boone,C130,U.S. Senate,,Republican,Jonathan M. HOLLIDAY,2,0,2,0,0
Boone,C130,U.S. Senate,,Republican,Other Donald WENZEL,1,0,1,0,0
Boone,C130,U.S. Senate,,Republican,Michael James FARIS,11,0,10,1,0
Boone,C130,U.S. Senate,,Republican,Nate MORRIS,6,0,2,3,1
Boone,C130,U.S. Senate,,Republican,James D. DUNCAN,0,0,0,0,0
Boone,C130,U.S. Senate,,Republican,Jimmy I. LEON,0,0,0,0,0
Boone,C130,U.S. Senate,,Republican,George WASHINGTON,5,0,4,1,0
Boone,C130,U.S. Senate,,,Under Votes,3,0,3,0,0
Boone,C130,U.S. Senate,,,Over Votes,2,0,2,0,0
Boone,C130,U.S. House,4,Republican,Thomas MASSIE,81,4,68,4,5
Boone,C130,U.S. House,4,Republican,Ed GALLREIN,112,8,94,8,2
Boone,C130,U.S. House,4,,Under Votes,5,0,4,1,0
Boone,C130,U.S. House,4,,Over Votes,1,0,1,0,0
Boone,C130,Ballots Cast,,,,294,,,,
Boone,C130,State Representative,69,Republican,Steven DOAN,140,12,113,11,4
Boone,C130,State Representative,69,Republican,Jesse FOREMAN,44,0,40,1,3
Boone,C130,State Representative,69,,Under Votes,18,0,15,2,1
Boone,C130,State Representative,69,,Over Votes,0,0,0,0,0
Boone,C130,County Judge/Executive,,,Chet HAND,92,2,88,1,1
Boone,C130,County Judge/Executive,,,Gary W. MOORE,101,10,73,12,6
Boone,C130,County Judge/Executive,,,Under Votes,6,0,6,0,0
Boone,C130,County Judge/Executive,,,Over Votes,0,0,0,0,0
Boone,C130,U.S. Senate,,Democratic,Dale Lewis ROMANS,2,0,1,1,0
Boone,C130,U.S. Senate,,Democratic,Charles BOOKER,27,4,20,2,1
Boone,C130,U.S. Senate,,Democratic,Logan FORSYTHE,2,0,1,1,0
Boone,C130,U.S. Senate,,Democratic,Joshua BLANTON SR.,1,0,1,0,0
Boone,C130,U.S. Senate,,Democratic,Vincent Anthony THOMPSON,2,0,2,0,0
Boone,C130,U.S. Senate,,Democratic,Pamela STEVENSON,8,3,4,1,0
Boone,C130,U.S. Senate,,Democratic,Amy McGRATH,53,6,42,4,1
Boone,C130,U.S. House,4,Democratic,Melissa Claire STRANGE,80,11,62,6,1
Boone,C130,U.S. House,4,Democratic,Jesse Russell BREWER,15,2,9,3,1
Boone,C130,State Representative,69,Democratic,Bryan G. SNAPP,41,10,27,3,1
Boone,C130,State Representative,69,Democratic,Wilanne STANGEL,51,3,43,5,0
Boone,C131,U.S. Senate,,Republican,A. Nick SHELLEY,3,0,3,0,0
Boone,C131,U.S. Senate,,Republican,Daniel CAMERON,35,2,31,1,1
Boone,C131,U.S. Senate,,Republican,Andy BARR,72,4,63,3,2
Boone,C131,U.S. Senate,,Republican,Anissa CATLETT,0,0,0,0,0
Boone,C131,U.S. Senate,,Republican,"Valerie ""Dr Val"" FREDRICK",6,1,5,0,0
Boone,C131,U.S. Senate,,Republican,Jonathan M. HOLLIDAY,2,0,1,1,0
Boone,C131,U.S. Senate,,Republican,Other Donald WENZEL,1,0,1,0,0
Boone,C131,U.S. Senate,,Republican,Michael James FARIS,8,0,8,0,0
Boone,C131,U.S. Senate,,Republican,Nate MORRIS,10,0,9,1,0
Boone,C131,U.S. Senate,,Republican,James D. DUNCAN,0,0,0,0,0
Boone,C131,U.S. Senate,,Republican,Jimmy I. LEON,0,0,0,0,0
Boone,C131,U.S. Senate,,Republican,George WASHINGTON,2,1,1,0,0
Boone,C131,U.S. Senate,,,Under Votes,6,0,6,0,0
Boone,C131,U.S. Senate,,,Over Votes,0,0,0,0,0
Boone,C131,U.S. House,4,Republican,Thomas MASSIE,75,5,66,3,1
Boone,C131,U.S. House,4,Republican,Ed GALLREIN,68,3,60,3,2
Boone,C131,U.S. House,4,,Under Votes,5,0,5,0,0
Boone,C131,U.S. House,4,,Over Votes,0,0,0,0,0
Boone,C131,Ballots Cast,,,,210,,,,
Boone,C131,State Representative,69,Republican,Steven DOAN,100,7,87,5,1
Boone,C131,State Representative,69,Republican,Jesse FOREMAN,32,1,29,1,1
Boone,C131,State Representative,69,,Under Votes,17,0,16,0,1
Boone,C131,State Representative,69,,Over Votes,0,0,0,0,0
Boone,C131,County Judge/Executive,,,Chet HAND,77,7,68,2,0
Boone,C131,County Judge/Executive,,,Gary W. MOORE,63,1,56,4,2
Boone,C131,County Judge/Executive,,,Under Votes,4,0,3,0,1
Boone,C131,County Judge/Executive,,,Over Votes,0,0,0,0,0
Boone,C131,U.S. Senate,,Democratic,Dale Lewis ROMANS,3,1,2,0,0
Boone,C131,U.S. Senate,,Democratic,Charles BOOKER,25,1,23,1,0
Boone,C131,U.S. Senate,,Democratic,Logan FORSYTHE,3,0,3,0,0
Boone,C131,U.S. Senate,,Democratic,Joshua BLANTON SR.,1,0,1,0,0
Boone,C131,U.S. Senate,,Democratic,Vincent Anthony THOMPSON,0,0,0,0,0
Boone,C131,U.S. Senate,,Democratic,Pamela STEVENSON,3,0,3,0,0
Boone,C131,U.S. Senate,,Democratic,Amy McGRATH,30,0,29,1,0
Boone,C131,U.S. House,4,Democratic,Melissa Claire STRANGE,53,2,49,2,0
Boone,C131,U.S. House,4,Democratic,Jesse Russell BREWER,9,0,9,0,0
Boone,C131,State Representative,69,Democratic,Bryan G. SNAPP,33,1,32,0,0
Boone,C131,State Representative,69,Democratic,Wilanne STANGEL,28,1,25,2,0
Boone,C132,U.S. Senate,,Republican,A. Nick SHELLEY,2,0,2,0,0
Boone,C132,U.S. Senate,,Republican,Daniel CAMERON,36,4,31,1,0
Boone,C132,U.S. Senate,,Republican,Andy BARR,86,8,75,3,0
Boone,C132,U.S. Senate,,Republican,Anissa CATLETT,1,0,0,1,0
Boone,C132,U.S. Senate,,Republican,"Valerie ""Dr Val"" FREDRICK",2,0,2,0,0
Boone,C132,U.S. Senate,,Republican,Jonathan M. HOLLIDAY,0,0,0,0,0
Boone,C132,U.S. Senate,,Republican,Other Donald WENZEL,0,0,0,0,0
Boone,C132,U.S. Senate,,Republican,Michael James FARIS,11,7,4,0,0
Boone,C132,U.S. Senate,,Republican,Nate MORRIS,4,0,4,0,0
Boone,C132,U.S. Senate,,Republican,James D. DUNCAN,1,0,1,0,0
Boone,C132,U.S. Senate,,Republican,Jimmy I. LEON,0,0,0,0,0
Boone,C132,U.S. Senate,,Republican,George WASHINGTON,2,0,2,0,0
Boone,C132,U.S. Senate,,,Under Votes,7,1,6,0,0
Boone,C132,U.S. Senate,,,Over Votes,0,0,0,0,0
Boone,C132,U.S. House,4,Republican,Thomas MASSIE,68,11,55,2,0
Boone,C132,U.S. House,4,Republican,Ed GALLREIN,79,8,68,3,0
Boone,C132,U.S. House,4,,Under Votes,8,1,7,0,0
Boone,C132,U.S. House,4,,Over Votes,0,0,0,0,0
Boone,C132,Ballots Cast,,,,219,,,,
Boone,C132,State Representative,69,Republican,Steven DOAN,114,15,96,3,0
Boone,C132,State Representative,69,Republican,Jesse FOREMAN,28,3,23,2,0
Boone,C132,State Representative,69,,Under Votes,13,2,11,0,0
Boone,C132,State Representative,69,,Over Votes,0,0,0,0,0
Boone,C132,County Judge/Executive,,,Chet HAND,77,9,67,1,0
Boone,C132,County Judge/Executive,,,Gary W. MOORE,65,9,52,4,0
Boone,C132,County Judge/Executive,,,Under Votes,9,1,8,0,0
Boone,C132,County Judge/Executive,,,Over Votes,0,0,0,0,0
Boone,C132,U.S. Senate,,Democratic,Dale Lewis ROMANS,2,0,2,0,0
Boone,C132,U.S. Senate,,Democratic,Charles BOOKER,33,3,29,1,0
Boone,C132,U.S. Senate,,Democratic,Logan FORSYTHE,0,0,0,0,0
Boone,C132,U.S. Senate,,Democratic,Joshua BLANTON SR.,1,0,1,0,0
Boone,C132,U.S. Senate,,Democratic,Vincent Anthony THOMPSON,0,0,0,0,0
Boone,C132,U.S. Senate,,Democratic,Pamela STEVENSON,3,0,2,1,0
Boone,C132,U.S. Senate,,Democratic,Amy McGRATH,28,2,25,1,0
Boone,C132,U.S. House,4,Democratic,Melissa Claire STRANGE,46,5,38,3,0
Boone,C132,U.S. House,4,Democratic,Jesse Russell BREWER,18,0,18,0,0
Boone,C132,State Representative,69,Democratic,Bryan G. SNAPP,26,1,23,2,0
Boone,C132,State Representative,69,Democratic,Wilanne STANGEL,38,4,33,1,0
Boone,C133,U.S. Senate,,Republican,A. Nick SHELLEY,0,0,0,0,0
Boone,C133,U.S. Senate,,Republican,Daniel CAMERON,25,0,24,1,0
Boone,C133,U.S. Senate,,Republican,Andy BARR,45,2,42,0,1
Boone,C133,U.S. Senate,,Republican,Anissa CATLETT,3,0,3,0,0
Boone,C133,U.S. Senate,,Republican,"Valerie ""Dr Val"" FREDRICK",2,1,1,0,0
Boone,C133,U.S. Senate,,Republican,Jonathan M. HOLLIDAY,4,0,4,0,0
Boone,C133,U.S. Senate,,Republican,Other Donald WENZEL,0,0,0,0,0
Boone,C133,U.S. Senate,,Republican,Michael James FARIS,3,0,3,0,0
Boone,C133,U.S. Senate,,Republican,Nate MORRIS,5,1,4,0,0
Boone,C133,U.S. Senate,,Republican,James D. DUNCAN,0,0,0,0,0
Boone,C133,U.S. Senate,,Republican,Jimmy I. LEON,0,0,0,0,0
Boone,C133,U.S. Senate,,Republican,George WASHINGTON,0,0,0,0,0
Boone,C133,U.S. Senate,,,Under Votes,0,0,0,0,0
Boone,C133,U.S. Senate,,,Over Votes,0,0,0,0,0
Boone,C133,U.S. House,4,Republican,Thomas MASSIE,34,2,31,1,0
Boone,C133,U.S. House,4,Republican,Ed GALLREIN,52,2,49,0,1
Boone,C133,U.S. House,4,,Under Votes,1,0,1,0,0
Boone,C133,U.S. House,4,,Over Votes,0,0,0,0,0
Boone,C133,Ballots Cast,,,,116,,,,
Boone,C133,County Judge/Executive,,,Chet HAND,40,1,39,0,0
Boone,C133,County Judge/Executive,,,Gary W. MOORE,45,3,40,1,1
Boone,C133,County Judge/Executive,,,Under Votes,2,0,2,0,0
Boone,C133,County Judge/Executive,,,Over Votes,0,0,0,0,0
Boone,C133,U.S. Senate,,Democratic,Dale Lewis ROMANS,1,0,1,0,0
Boone,C133,U.S. Senate,,Democratic,Charles BOOKER,17,0,17,0,0
Boone,C133,U.S. Senate,,Democratic,Logan FORSYTHE,0,0,0,0,0
Boone,C133,U.S. Senate,,Democratic,Joshua BLANTON SR.,0,0,0,0,0
Boone,C133,U.S. Senate,,Democratic,Vincent Anthony THOMPSON,1,0,1,0,0
Boone,C133,U.S. Senate,,Democratic,Pamela STEVENSON,1,0,1,0,0
Boone,C133,U.S. Senate,,Democratic,Amy McGRATH,9,0,8,1,0
Boone,C133,U.S. House,4,Democratic,Melissa Claire STRANGE,22,0,21,1,0
Boone,C133,U.S. House,4,Democratic,Jesse Russell BREWER,7,0,7,0,0
Boone,C134,U.S. Senate,,Republican,A. Nick SHELLEY,5,0,5,0,0
Boone,C134,U.S. Senate,,Republican,Daniel CAMERON,126,8,114,2,2
Boone,C134,U.S. Senate,,Republican,Andy BARR,246,14,222,9,1
Boone,C134,U.S. Senate,,Republican,Anissa CATLETT,13,1,10,2,0
Boone,C134,U.S. Senate,,Republican,"Valerie ""Dr Val"" FREDRICK",11,1,10,0,0
Boone,C134,U.S. Senate,,Republican,Jonathan M. HOLLIDAY,3,0,2,1,0
Boone,C134,U.S. Senate,,Republican,Other Donald WENZEL,1,0,1,0,0
Boone,C134,U.S. Senate,,Republican,Michael James FARIS,28,5,22,1,0
Boone,C134,U.S. Senate,,Republican,Nate MORRIS,15,0,11,4,0
Boone,C134,U.S. Senate,,Republican,James D. DUNCAN,2,0,2,0,0
Boone,C134,U.S. Senate,,Republican,Jimmy I. LEON,1,0,1,0,0
Boone,C134,U.S. Senate,,Republican,George WASHINGTON,7,0,7,0,0
Boone,C134,U.S. Senate,,,Under Votes,21,1,20,0,0
Boone,C134,U.S. Senate,,,Over Votes,0,0,0,0,0
Boone,C134,U.S. House,4,Republican,Thomas MASSIE,212,12,188,9,3
Boone,C134,U.S. House,4,Republican,Ed GALLREIN,262,18,234,10,0
Boone,C134,U.S. House,4,,Under Votes,14,0,13,1,0
Boone,C134,U.S. House,4,,Over Votes,0,0,0,0,0
Boone,C134,Ballots Cast,,,,620,,,,
Boone,C134,County Judge/Executive,,,Chet HAND,220,18,193,8,1
Boone,C134,County Judge/Executive,,,Gary W. MOORE,251,12,226,11,2
Boone,C134,County Judge/Executive,,,Under Votes,8,0,8,0,0
Boone,C134,County Judge/Executive,,,Over Votes,0,0,0,0,0
Boone,C134,U.S. Senate,,Democratic,Dale Lewis ROMANS,3,0,3,0,0
Boone,C134,U.S. Senate,,Democratic,Charles BOOKER,50,4,42,3,1
Boone,C134,U.S. Senate,,Democratic,Logan FORSYTHE,2,0,2,0,0
Boone,C134,U.S. Senate,,Democratic,Joshua BLANTON SR.,2,0,2,0,0
Boone,C134,U.S. Senate,,Democratic,Vincent Anthony THOMPSON,1,0,1,0,0
Boone,C134,U.S. Senate,,Democratic,Pamela STEVENSON,10,1,8,0,1
Boone,C134,U.S. Senate,,Democratic,Amy McGRATH,73,10,52,9,2
Boone,C134,U.S. House,4,Democratic,Melissa Claire STRANGE,107,10,85,8,4
Boone,C134,U.S. House,4,Democratic,Jesse Russell BREWER,25,5,17,3,0
Boone,C135,U.S. Senate,,Republican,A. Nick SHELLEY,3,0,3,0,0
Boone,C135,U.S. Senate,,Republican,Daniel CAMERON,55,7,48,0,0
Boone,C135,U.S. Senate,,Republican,Andy BARR,99,7,86,5,1
Boone,C135,U.S. Senate,,Republican,Anissa CATLETT,2,1,1,0,0
Boone,C135,U.S. Senate,,Republican,"Valerie ""Dr Val"" FREDRICK",4,0,4,0,0
Boone,C135,U.S. Senate,,Republican,Jonathan M. HOLLIDAY,3,0,3,0,0
Boone,C135,U.S. Senate,,Republican,Other Donald WENZEL,0,0,0,0,0
Boone,C135,U.S. Senate,,Republican,Michael James FARIS,4,0,4,0,0
Boone,C135,U.S. Senate,,Republican,Nate MORRIS,8,1,7,0,0
Boone,C135,U.S. Senate,,Republican,James D. DUNCAN,1,0,1,0,0
Boone,C135,U.S. Senate,,Republican,Jimmy I. LEON,1,0,1,0,0
Boone,C135,U.S. Senate,,Republican,George WASHINGTON,2,0,2,0,0
Boone,C135,U.S. Senate,,,Under Votes,3,0,3,0,0
Boone,C135,U.S. Senate,,,Over Votes,0,0,0,0,0
Boone,C135,U.S. House,4,Republican,Thomas MASSIE,73,7,65,1,0
Boone,C135,U.S. House,4,Republican,Ed GALLREIN,111,9,97,4,1
Boone,C135,U.S. House,4,,Under Votes,2,0,2,0,0
Boone,C135,U.S. House,4,,Over Votes,0,0,0,0,0
Boone,C135,Ballots Cast,,,,265,,,,
Boone,C135,State Representative,69,Republican,Steven DOAN,130,15,110,4,1
Boone,C135,State Representative,69,Republican,Jesse FOREMAN,45,1,44,0,0
Boone,C135,State Representative,69,,Under Votes,11,0,10,1,0
Boone,C135,State Representative,69,,Over Votes,0,0,0,0,0
Boone,C135,County Judge/Executive,,,Chet HAND,84,9,74,1,0
Boone,C135,County Judge/Executive,,,Gary W. MOORE,101,7,89,4,1
Boone,C135,County Judge/Executive,,,Under Votes,0,0,0,0,0
Boone,C135,County Judge/Executive,,,Over Votes,0,0,0,0,0
Boone,C135,U.S. Senate,,Democratic,Dale Lewis ROMANS,1,0,1,0,0
Boone,C135,U.S. Senate,,Democratic,Charles BOOKER,31,0,30,0,1
Boone,C135,U.S. Senate,,Democratic,Logan FORSYTHE,5,1,4,0,0
Boone,C135,U.S. Senate,,Democratic,Joshua BLANTON SR.,0,0,0,0,0
Boone,C135,U.S. Senate,,Democratic,Vincent Anthony THOMPSON,0,0,0,0,0
Boone,C135,U.S. Senate,,Democratic,Pamela STEVENSON,3,0,3,0,0
Boone,C135,U.S. Senate,,Democratic,Amy McGRATH,40,5,35,0,0
Boone,C135,U.S. House,4,Democratic,Melissa Claire STRANGE,61,5,55,0,1
Boone,C135,U.S. House,4,Democratic,Jesse Russell BREWER,18,1,17,0,0
Boone,C135,State Representative,69,Democratic,Bryan G. SNAPP,37,5,31,0,1
Boone,C135,State Representative,69,Democratic,Wilanne STANGEL,42,1,41,0,0
Boone,C136,U.S. Senate,,Republican,A. Nick SHELLEY,2,0,2,0,0
Boone,C136,U.S. Senate,,Republican,Daniel CAMERON,36,0,32,2,2
Boone,C136,U.S. Senate,,Republican,Andy BARR,94,9,80,1,4
Boone,C136,U.S. Senate,,Republican,Anissa CATLETT,4,0,4,0,0
Boone,C136,U.S. Senate,,Republican,"Valerie ""Dr Val"" FREDRICK",3,0,3,0,0
Boone,C136,U.S. Senate,,Republican,Jonathan M. HOLLIDAY,0,0,0,0,0
Boone,C136,U.S. Senate,,Republican,Other Donald WENZEL,0,0,0,0,0
Boone,C136,U.S. Senate,,Republican,Michael James FARIS,10,1,8,1,0
Boone,C136,U.S. Senate,,Republican,Nate MORRIS,8,0,7,1,0
Boone,C136,U.S. Senate,,Republican,James D. DUNCAN,2,0,2,0,0
Boone,C136,U.S. Senate,,Republican,Jimmy I. LEON,0,0,0,0,0
Boone,C136,U.S. Senate,,Republican,George WASHINGTON,2,0,2,0,0
Boone,C136,U.S. Senate,,,Under Votes,7,1,5,0,1
Boone,C136,U.S. Senate,,,Over Votes,0,0,0,0,0
Boone,C136,U.S. House,4,Republican,Thomas MASSIE,77,6,65,1,5
Boone,C136,U.S. House,4,Republican,Ed GALLREIN,89,5,78,4,2
Boone,C136,U.S. House,4,,Under Votes,5,0,5,0,0
Boone,C136,U.S. House,4,,Over Votes,0,0,0,0,0
Boone,C136,Ballots Cast,,,,227,,,,
Boone,C136,County Judge/Executive,,,Chet HAND,71,4,63,3,1
Boone,C136,County Judge/Executive,,,Gary W. MOORE,88,7,74,2,5
Boone,C136,County Judge/Executive,,,Under Votes,8,0,7,0,1
Boone,C136,County Judge/Executive,,,Over Votes,0,0,0,0,0
Boone,C136,U.S. Senate,,Democratic,Dale Lewis ROMANS,2,1,1,0,0
Boone,C136,U.S. Senate,,Democratic,Charles BOOKER,20,0,15,5,0
Boone,C136,U.S. Senate,,Democratic,Logan FORSYTHE,2,0,2,0,0
Boone,C136,U.S. Senate,,Democratic,Joshua BLANTON SR.,1,0,1,0,0
Boone,C136,U.S. Senate,,Democratic,Vincent Anthony THOMPSON,0,0,0,0,0
Boone,C136,U.S. Senate,,Democratic,Pamela STEVENSON,1,0,1,0,0
Boone,C136,U.S. Senate,,Democratic,Amy McGRATH,33,2,28,3,0
Boone,C136,U.S. House,4,Democratic,Melissa Claire STRANGE,47,3,38,6,0
Boone,C136,U.S. House,4,Democratic,Jesse Russell BREWER,9,0,7,2,0
Boone,C137,U.S. Senate,,Republican,A. Nick SHELLEY,5,0,5,0,0
Boone,C137,U.S. Senate,,Republican,Daniel CAMERON,108,14,87,4,3
Boone,C137,U.S. Senate,,Republican,Andy BARR,191,15,166,8,2
Boone,C137,U.S. Senate,,Republican,Anissa CATLETT,2,0,2,0,0
Boone,C137,U.S. Senate,,Republican,"Valerie ""Dr Val"" FREDRICK",5,0,4,1,0
Boone,C137,U.S. Senate,,Republican,Jonathan M. HOLLIDAY,2,0,2,0,0
Boone,C137,U.S. Senate,,Republican,Other Donald WENZEL,4,0,2,1,1
Boone,C137,U.S. Senate,,Republican,Michael James FARIS,14,1,11,1,1
Boone,C137,U.S. Senate,,Republican,Nate MORRIS,11,2,9,0,0
Boone,C137,U.S. Senate,,Republican,James D. DUNCAN,1,0,1,0,0
Boone,C137,U.S. Senate,,Republican,Jimmy I. LEON,0,0,0,0,0
Boone,C137,U.S. Senate,,Republican,George WASHINGTON,7,0,7,0,0
Boone,C137,U.S. Senate,,,Under Votes,11,0,11,0,0
Boone,C137,U.S. Senate,,,Over Votes,0,0,0,0,0
Boone,C137,U.S. House,4,Republican,Thomas MASSIE,145,9,128,5,3
Boone,C137,U.S. House,4,Republican,Ed GALLREIN,212,23,175,10,4
Boone,C137,U.S. House,4,,Under Votes,9,0,8,1,0
Boone,C137,U.S. House,4,,Over Votes,0,0,0,0,0
Boone,C137,Ballots Cast,,,,501,,,,
Boone,C137,County Judge/Executive,,,Chet HAND,168,16,143,6,3
Boone,C137,County Judge/Executive,,,Gary W. MOORE,184,16,155,9,4
Boone,C137,County Judge/Executive,,,Under Votes,6,0,6,0,0
Boone,C137,County Judge/Executive,,,Over Votes,0,0,0,0,0
Boone,C137,U.S. Senate,,Democratic,Dale Lewis ROMANS,1,0,1,0,0
Boone,C137,U.S. Senate,,Democratic,Charles BOOKER,55,6,47,2,0
Boone,C137,U.S. Senate,,Democratic,Logan FORSYTHE,4,0,4,0,0
Boone,C137,U.S. Senate,,Democratic,Joshua BLANTON SR.,2,0,2,0,0
Boone,C137,U.S. Senate,,Democratic,Vincent Anthony THOMPSON,1,0,1,0,0
Boone,C137,U.S. Senate,,Democratic,Pamela STEVENSON,7,1,5,1,0
Boone,C137,U.S. Senate,,Democratic,Amy McGRATH,70,6,54,8,2
Boone,C137,U.S. House,4,Democratic,Melissa Claire STRANGE,104,8,85,10,1
Boone,C137,U.S. House,4,Democratic,Jesse Russell BREWER,31,5,25,0,1
