county,precinct,office,district,party,candidate,votes,early_voting,election_day,absentee_mail,absentee
Nelson,A102,U.S. Senate,,Republican,Anissa CATLETT,3,0,3,0,0
Nelson,A102,U.S. Senate,,Republican,A. Nick SHELLEY,4,0,4,0,0
Nelson,A102,U.S. Senate,,Republican,"Valerie ""Dr Val"" FREDRICK",2,0,2,0,0
Nelson,A102,U.S. Senate,,Republican,Michael James FARIS,8,1,7,0,0
Nelson,A102,U.S. Senate,,Republican,Nate MORRIS,8,0,8,0,0
Nelson,A102,U.S. Senate,,Republican,Other Donald WENZEL,1,0,1,0,0
Nelson,A102,U.S. Senate,,Republican,Jonathan M. HOLLIDAY,3,1,2,0,0
Nelson,A102,U.S. Senate,,Republican,George WASHINGTON,7,0,6,0,1
Nelson,A102,U.S. Senate,,Republican,Andy BARR,110,16,91,0,3
Nelson,A102,U.S. Senate,,Republican,Daniel CAMERON,83,7,74,1,1
Nelson,A102,U.S. Senate,,Republican,Jimmy I. LEON,1,0,1,0,0
Nelson,A102,U.S. Senate,,Republican,James D. DUNCAN,0,0,0,0,0
Nelson,A102,U.S. Senate,,,Under Votes,9,0,9,0,0
Nelson,A102,U.S. Senate,,,Over Votes,0,0,0,0,0
Nelson,A102,Ballots Cast,,,,479,,,,
Nelson,A102,U.S. House,2,Republican,"G. ""Shay"" PERRY-ADELMANN",18,0,18,0,0
Nelson,A102,U.S. House,2,Republican,S. Brett GUTHRIE,175,18,152,1,4
Nelson,A102,U.S. House,2,Republican,Joshua M. FERGUSON,33,6,26,0,1
Nelson,A102,U.S. House,2,,Under Votes,13,1,12,0,0
Nelson,A102,U.S. House,2,,Over Votes,0,0,0,0,0
Nelson,A102,State Senate,14,Republican,Peggy Brady SMITH,4,0,4,0,0
Nelson,A102,State Senate,14,Republican,Brian BAYERS,5,0,5,0,0
Nelson,A102,State Senate,14,Republican,James VICTERY,47,7,40,0,0
Nelson,A102,State Senate,14,Republican,Ben MUDD,63,8,54,0,1
Nelson,A102,State Senate,14,Republican,Stephen CARNEY,11,0,11,0,0
Nelson,A102,State Senate,14,Republican,Dallas ROBINSON,94,10,80,0,4
Nelson,A102,State Senate,14,Republican,Lynn SHELBURNE,4,0,3,1,0
Nelson,A102,State Senate,14,,Under Votes,11,0,11,0,0
Nelson,A102,State Senate,14,,Over Votes,0,0,0,0,0
Nelson,A102,Property Valuation Administrator,,,Stephen HIBBS,103,8,94,0,1
Nelson,A102,Property Valuation Administrator,,,"Jason ""Jay"" WILLIAMS",122,17,100,1,4
Nelson,A102,Property Valuation Administrator,,,Under Votes,14,0,14,0,0
Nelson,A102,Property Valuation Administrator,,,Over Votes,0,0,0,0,0
Nelson,A102,County Judge/Executive,,,"Donald ""Don"" THRASHER",99,11,85,0,3
Nelson,A102,County Judge/Executive,,,Tim HUTCHINS,132,14,115,1,2
Nelson,A102,County Judge/Executive,,,Under Votes,8,0,8,0,0
Nelson,A102,County Judge/Executive,,,Over Votes,0,0,0,0,0
Nelson,A102,Coroner,,,Kerry P. MONIN,118,9,106,0,3
Nelson,A102,Coroner,,,Danielle E. CHLADEK,105,14,88,1,2
Nelson,A102,Coroner,,,Under Votes,16,2,14,0,0
Nelson,A102,Coroner,,,Over Votes,0,0,0,0,0
Nelson,A102,U.S. Senate,,Democratic,Logan FORSYTHE,6,1,5,0,0
Nelson,A102,U.S. Senate,,Democratic,Amy McGRATH,98,15,78,4,1
Nelson,A102,U.S. Senate,,Democratic,Dale Lewis ROMANS,15,5,10,0,0
Nelson,A102,U.S. Senate,,Democratic,Joshua BLANTON SR.,7,0,7,0,0
Nelson,A102,U.S. Senate,,Democratic,Vincent Anthony THOMPSON,9,0,9,0,0
Nelson,A102,U.S. Senate,,Democratic,Charles BOOKER,72,9,62,0,1
Nelson,A102,U.S. Senate,,Democratic,Pamela STEVENSON,7,0,7,0,0
Nelson,A102,U.S. Senate,,,Under Votes,26,1,25,0,0
Nelson,A102,U.S. Senate,,,Over Votes,0,0,0,0,0
Nelson,A102,U.S. House,2,Democratic,David S. HATFIELD,59,10,48,0,1
Nelson,A102,U.S. House,2,Democratic,Megan WINGFIELD,47,7,38,2,0
Nelson,A102,U.S. House,2,Democratic,Hank LINDERMAN,62,5,57,0,0
Nelson,A102,U.S. House,2,Democratic,William Dakota COMPTON,24,3,21,0,0
Nelson,A102,U.S. House,2,,Under Votes,48,6,39,2,1
Nelson,A102,U.S. House,2,,Over Votes,0,0,0,0,0
Nelson,A102,State Senate,14,Democratic,Carrie Gribbins TRUITT,152,23,126,2,1
Nelson,A102,State Senate,14,Democratic,Malcolm W. JONES,40,4,36,0,0
Nelson,A102,State Senate,14,,Under Votes,48,4,41,2,1
Nelson,A102,State Senate,14,,Over Votes,0,0,0,0,0
Nelson,A102,County Judge/Executive,,,Benjamin CORDER,26,2,24,0,0
Nelson,A102,County Judge/Executive,,,Shameca ASHBY,35,8,26,1,0
Nelson,A102,County Judge/Executive,,,"James Taylor ""JT"" ROBY",146,19,125,1,1
Nelson,A102,County Judge/Executive,,,Under Votes,33,2,28,2,1
Nelson,A102,County Judge/Executive,,,Over Votes,0,0,0,0,0
Nelson,A102,Sheriff,,,"Adrian ""A. J."" LEWIS JR.",154,20,132,1,1
Nelson,A102,Sheriff,,,"Ramon ""P-RO"" PINEIROA",82,9,70,3,0
Nelson,A102,Sheriff,,,Under Votes,4,2,1,0,1
Nelson,A102,Sheriff,,,Over Votes,0,0,0,0,0
Nelson,A103,U.S. Senate,,Republican,Anissa CATLETT,1,0,1,0,0
Nelson,A103,U.S. Senate,,Republican,A. Nick SHELLEY,2,0,2,0,0
Nelson,A103,U.S. Senate,,Republican,"Valerie ""Dr Val"" FREDRICK",4,1,2,1,0
Nelson,A103,U.S. Senate,,Republican,Michael James FARIS,1,0,1,0,0
Nelson,A103,U.S. Senate,,Republican,Nate MORRIS,3,1,2,0,0
Nelson,A103,U.S. Senate,,Republican,Other Donald WENZEL,0,0,0,0,0
Nelson,A103,U.S. Senate,,Republican,Jonathan M. HOLLIDAY,1,0,1,0,0
Nelson,A103,U.S. Senate,,Republican,George WASHINGTON,1,0,1,0,0
Nelson,A103,U.S. Senate,,Republican,Andy BARR,66,17,44,0,5
Nelson,A103,U.S. Senate,,Republican,Daniel CAMERON,49,10,36,1,2
Nelson,A103,U.S. Senate,,Republican,Jimmy I. LEON,1,0,1,0,0
Nelson,A103,U.S. Senate,,Republican,James D. DUNCAN,0,0,0,0,0
Nelson,A103,U.S. Senate,,,Under Votes,6,1,5,0,0
Nelson,A103,U.S. Senate,,,Over Votes,0,0,0,0,0
Nelson,A103,Ballots Cast,,,,404,,,,
Nelson,A103,U.S. House,2,Republican,"G. ""Shay"" PERRY-ADELMANN",6,1,4,1,0
Nelson,A103,U.S. House,2,Republican,S. Brett GUTHRIE,107,21,79,1,6
Nelson,A103,U.S. House,2,Republican,Joshua M. FERGUSON,12,4,8,0,0
Nelson,A103,U.S. House,2,,Under Votes,10,4,5,0,1
Nelson,A103,U.S. House,2,,Over Votes,0,0,0,0,0
Nelson,A103,State Senate,14,Republican,Peggy Brady SMITH,7,2,5,0,0
Nelson,A103,State Senate,14,Republican,Brian BAYERS,1,1,0,0,0
Nelson,A103,State Senate,14,Republican,James VICTERY,42,5,34,0,3
Nelson,A103,State Senate,14,Republican,Ben MUDD,31,7,20,1,3
Nelson,A103,State Senate,14,Republican,Stephen CARNEY,2,1,1,0,0
Nelson,A103,State Senate,14,Republican,Dallas ROBINSON,36,8,26,1,1
Nelson,A103,State Senate,14,Republican,Lynn SHELBURNE,6,1,5,0,0
Nelson,A103,State Senate,14,,Under Votes,10,5,5,0,0
Nelson,A103,State Senate,14,,Over Votes,0,0,0,0,0
Nelson,A103,Property Valuation Administrator,,,Stephen HIBBS,81,12,64,0,5
Nelson,A103,Property Valuation Administrator,,,"Jason ""Jay"" WILLIAMS",41,14,23,2,2
Nelson,A103,Property Valuation Administrator,,,Under Votes,13,4,9,0,0
Nelson,A103,Property Valuation Administrator,,,Over Votes,0,0,0,0,0
Nelson,A103,County Judge/Executive,,,"Donald ""Don"" THRASHER",42,12,28,1,1
Nelson,A103,County Judge/Executive,,,Tim HUTCHINS,79,14,59,1,5
Nelson,A103,County Judge/Executive,,,Under Votes,14,4,9,0,1
Nelson,A103,County Judge/Executive,,,Over Votes,0,0,0,0,0
Nelson,A103,Coroner,,,Kerry P. MONIN,79,15,62,0,2
Nelson,A103,Coroner,,,Danielle E. CHLADEK,47,11,29,2,5
Nelson,A103,Coroner,,,Under Votes,9,4,5,0,0
Nelson,A103,Coroner,,,Over Votes,0,0,0,0,0
Nelson,A103,U.S. Senate,,Democratic,Logan FORSYTHE,5,1,4,0,0
Nelson,A103,U.S. Senate,,Democratic,Amy McGRATH,113,27,65,11,10
Nelson,A103,U.S. Senate,,Democratic,Dale Lewis ROMANS,9,1,7,1,0
Nelson,A103,U.S. Senate,,Democratic,Joshua BLANTON SR.,4,1,3,0,0
Nelson,A103,U.S. Senate,,Democratic,Vincent Anthony THOMPSON,5,1,4,0,0
Nelson,A103,U.S. Senate,,Democratic,Charles BOOKER,105,22,71,9,3
Nelson,A103,U.S. Senate,,Democratic,Pamela STEVENSON,15,7,7,0,1
Nelson,A103,U.S. Senate,,,Under Votes,13,4,8,1,0
Nelson,A103,U.S. Senate,,,Over Votes,0,0,0,0,0
Nelson,A103,U.S. House,2,Democratic,David S. HATFIELD,61,16,39,3,3
Nelson,A103,U.S. House,2,Democratic,Megan WINGFIELD,84,16,59,8,1
Nelson,A103,U.S. House,2,Democratic,Hank LINDERMAN,50,10,26,8,6
Nelson,A103,U.S. House,2,Democratic,William Dakota COMPTON,29,5,19,2,3
Nelson,A103,U.S. House,2,,Under Votes,45,17,26,1,1
Nelson,A103,U.S. House,2,,Over Votes,0,0,0,0,0
Nelson,A103,State Senate,14,Democratic,Carrie Gribbins TRUITT,147,26,106,8,7
Nelson,A103,State Senate,14,Democratic,Malcolm W. JONES,82,26,39,11,6
Nelson,A103,State Senate,14,,Under Votes,40,12,24,3,1
Nelson,A103,State Senate,14,,Over Votes,0,0,0,0,0
Nelson,A103,County Judge/Executive,,,Benjamin CORDER,38,9,24,2,3
Nelson,A103,County Judge/Executive,,,Shameca ASHBY,57,16,33,6,2
Nelson,A103,County Judge/Executive,,,"James Taylor ""JT"" ROBY",149,31,98,14,6
Nelson,A103,County Judge/Executive,,,Under Votes,25,8,14,0,3
Nelson,A103,County Judge/Executive,,,Over Votes,0,0,0,0,0
Nelson,A103,Sheriff,,,"Adrian ""A. J."" LEWIS JR.",187,40,126,15,6
Nelson,A103,Sheriff,,,"Ramon ""P-RO"" PINEIROA",74,19,41,6,8
Nelson,A103,Sheriff,,,Under Votes,8,5,2,1,0
Nelson,A103,Sheriff,,,Over Votes,0,0,0,0,0
Nelson,A104,U.S. Senate,,Republican,Anissa CATLETT,3,0,3,0,0
Nelson,A104,U.S. Senate,,Republican,A. Nick SHELLEY,1,1,0,0,0
Nelson,A104,U.S. Senate,,Republican,"Valerie ""Dr Val"" FREDRICK",2,1,1,0,0
Nelson,A104,U.S. Senate,,Republican,Michael James FARIS,6,3,3,0,0
Nelson,A104,U.S. Senate,,Republican,Nate MORRIS,5,0,5,0,0
Nelson,A104,U.S. Senate,,Republican,Other Donald WENZEL,0,0,0,0,0
Nelson,A104,U.S. Senate,,Republican,Jonathan M. HOLLIDAY,0,0,0,0,0
Nelson,A104,U.S. Senate,,Republican,George WASHINGTON,4,0,4,0,0
Nelson,A104,U.S. Senate,,Republican,Andy BARR,82,19,60,1,2
Nelson,A104,U.S. Senate,,Republican,Daniel CAMERON,102,20,80,2,0
Nelson,A104,U.S. Senate,,Republican,Jimmy I. LEON,0,0,0,0,0
Nelson,A104,U.S. Senate,,Republican,James D. DUNCAN,0,0,0,0,0
Nelson,A104,U.S. Senate,,,Under Votes,5,0,5,0,0
Nelson,A104,U.S. Senate,,,Over Votes,2,0,2,0,0
Nelson,A104,Ballots Cast,,,,371,,,,
Nelson,A104,U.S. House,2,Republican,"G. ""Shay"" PERRY-ADELMANN",8,2,6,0,0
Nelson,A104,U.S. House,2,Republican,S. Brett GUTHRIE,176,35,137,2,2
Nelson,A104,U.S. House,2,Republican,Joshua M. FERGUSON,14,5,8,1,0
Nelson,A104,U.S. House,2,,Under Votes,14,2,12,0,0
Nelson,A104,U.S. House,2,,Over Votes,0,0,0,0,0
Nelson,A104,State Senate,14,Republican,Peggy Brady SMITH,3,1,1,1,0
Nelson,A104,State Senate,14,Republican,Brian BAYERS,0,0,0,0,0
Nelson,A104,State Senate,14,Republican,James VICTERY,41,9,32,0,0
Nelson,A104,State Senate,14,Republican,Ben MUDD,66,11,53,1,1
Nelson,A104,State Senate,14,Republican,Stephen CARNEY,10,2,8,0,0
Nelson,A104,State Senate,14,Republican,Dallas ROBINSON,78,16,60,1,1
Nelson,A104,State Senate,14,Republican,Lynn SHELBURNE,8,3,5,0,0
Nelson,A104,State Senate,14,,Under Votes,6,2,4,0,0
Nelson,A104,State Senate,14,,Over Votes,0,0,0,0,0
Nelson,A104,Property Valuation Administrator,,,Stephen HIBBS,106,28,75,1,2
Nelson,A104,Property Valuation Administrator,,,"Jason ""Jay"" WILLIAMS",90,13,75,2,0
Nelson,A104,Property Valuation Administrator,,,Under Votes,16,3,13,0,0
Nelson,A104,Property Valuation Administrator,,,Over Votes,0,0,0,0,0
Nelson,A104,County Judge/Executive,,,"Donald ""Don"" THRASHER",67,23,43,1,0
Nelson,A104,County Judge/Executive,,,Tim HUTCHINS,136,21,111,2,2
Nelson,A104,County Judge/Executive,,,Under Votes,9,0,9,0,0
Nelson,A104,County Judge/Executive,,,Over Votes,0,0,0,0,0
Nelson,A104,Coroner,,,Kerry P. MONIN,126,20,106,0,0
Nelson,A104,Coroner,,,Danielle E. CHLADEK,74,21,49,3,1
Nelson,A104,Coroner,,,Under Votes,12,3,8,0,1
Nelson,A104,Coroner,,,Over Votes,0,0,0,0,0
Nelson,A104,U.S. Senate,,Democratic,Logan FORSYTHE,6,0,6,0,0
Nelson,A104,U.S. Senate,,Democratic,Amy McGRATH,72,14,54,4,0
Nelson,A104,U.S. Senate,,Democratic,Dale Lewis ROMANS,11,1,10,0,0
Nelson,A104,U.S. Senate,,Democratic,Joshua BLANTON SR.,4,0,4,0,0
Nelson,A104,U.S. Senate,,Democratic,Vincent Anthony THOMPSON,11,0,10,0,1
Nelson,A104,U.S. Senate,,Democratic,Charles BOOKER,34,4,29,0,1
Nelson,A104,U.S. Senate,,Democratic,Pamela STEVENSON,4,0,4,0,0
Nelson,A104,U.S. Senate,,,Under Votes,17,3,14,0,0
Nelson,A104,U.S. Senate,,,Over Votes,0,0,0,0,0
Nelson,A104,U.S. House,2,Democratic,David S. HATFIELD,39,1,37,1,0
Nelson,A104,U.S. House,2,Democratic,Megan WINGFIELD,53,13,37,1,2
Nelson,A104,U.S. House,2,Democratic,Hank LINDERMAN,23,2,21,0,0
Nelson,A104,U.S. House,2,Democratic,William Dakota COMPTON,13,0,11,2,0
Nelson,A104,U.S. House,2,,Under Votes,31,6,25,0,0
Nelson,A104,U.S. House,2,,Over Votes,0,0,0,0,0
Nelson,A104,State Senate,14,Democratic,Carrie Gribbins TRUITT,87,12,73,1,1
Nelson,A104,State Senate,14,Democratic,Malcolm W. JONES,39,5,30,3,1
Nelson,A104,State Senate,14,,Under Votes,33,5,28,0,0
Nelson,A104,State Senate,14,,Over Votes,0,0,0,0,0
Nelson,A104,County Judge/Executive,,,Benjamin CORDER,20,2,17,0,1
Nelson,A104,County Judge/Executive,,,Shameca ASHBY,24,3,21,0,0
Nelson,A104,County Judge/Executive,,,"James Taylor ""JT"" ROBY",84,13,66,4,1
Nelson,A104,County Judge/Executive,,,Under Votes,31,4,27,0,0
Nelson,A104,County Judge/Executive,,,Over Votes,0,0,0,0,0
Nelson,A104,Sheriff,,,"Adrian ""A. J."" LEWIS JR.",86,12,73,1,0
Nelson,A104,Sheriff,,,"Ramon ""P-RO"" PINEIROA",68,8,55,3,2
Nelson,A104,Sheriff,,,Under Votes,5,2,3,0,0
Nelson,A104,Sheriff,,,Over Votes,0,0,0,0,0
Nelson,A105,U.S. Senate,,Republican,Anissa CATLETT,3,0,3,0,0
Nelson,A105,U.S. Senate,,Republican,A. Nick SHELLEY,2,0,2,0,0
Nelson,A105,U.S. Senate,,Republican,"Valerie ""Dr Val"" FREDRICK",4,2,2,0,0
Nelson,A105,U.S. Senate,,Republican,Michael James FARIS,5,1,4,0,0
Nelson,A105,U.S. Senate,,Republican,Nate MORRIS,15,1,13,1,0
Nelson,A105,U.S. Senate,,Republican,Other Donald WENZEL,0,0,0,0,0
Nelson,A105,U.S. Senate,,Republican,Jonathan M. HOLLIDAY,1,0,1,0,0
Nelson,A105,U.S. Senate,,Republican,George WASHINGTON,1,0,1,0,0
Nelson,A105,U.S. Senate,,Republican,Andy BARR,121,36,79,2,4
Nelson,A105,U.S. Senate,,Republican,Daniel CAMERON,79,16,63,0,0
Nelson,A105,U.S. Senate,,Republican,Jimmy I. LEON,0,0,0,0,0
Nelson,A105,U.S. Senate,,Republican,James D. DUNCAN,1,1,0,0,0
Nelson,A105,U.S. Senate,,,Under Votes,7,1,6,0,0
Nelson,A105,U.S. Senate,,,Over Votes,0,0,0,0,0
Nelson,A105,Ballots Cast,,,,473,,,,
Nelson,A105,U.S. House,2,Republican,"G. ""Shay"" PERRY-ADELMANN",6,2,4,0,0
Nelson,A105,U.S. House,2,Republican,S. Brett GUTHRIE,197,46,144,3,4
Nelson,A105,U.S. House,2,Republican,Joshua M. FERGUSON,25,9,16,0,0
Nelson,A105,U.S. House,2,,Under Votes,11,1,10,0,0
Nelson,A105,U.S. House,2,,Over Votes,0,0,0,0,0
Nelson,A105,State Senate,14,Republican,Peggy Brady SMITH,5,3,2,0,0
Nelson,A105,State Senate,14,Republican,Brian BAYERS,2,0,2,0,0
Nelson,A105,State Senate,14,Republican,James VICTERY,46,7,38,0,1
Nelson,A105,State Senate,14,Republican,Ben MUDD,85,29,53,0,3
Nelson,A105,State Senate,14,Republican,Stephen CARNEY,6,1,5,0,0
Nelson,A105,State Senate,14,Republican,Dallas ROBINSON,72,15,55,2,0
Nelson,A105,State Senate,14,Republican,Lynn SHELBURNE,11,2,9,0,0
Nelson,A105,State Senate,14,,Under Votes,12,1,10,1,0
Nelson,A105,State Senate,14,,Over Votes,0,0,0,0,0
Nelson,A105,Property Valuation Administrator,,,Stephen HIBBS,134,32,101,1,0
Nelson,A105,Property Valuation Administrator,,,"Jason ""Jay"" WILLIAMS",89,26,57,2,4
Nelson,A105,Property Valuation Administrator,,,Under Votes,16,0,16,0,0
Nelson,A105,Property Valuation Administrator,,,Over Votes,0,0,0,0,0
Nelson,A105,County Judge/Executive,,,"Donald ""Don"" THRASHER",73,18,53,0,2
Nelson,A105,County Judge/Executive,,,Tim HUTCHINS,157,39,113,3,2
Nelson,A105,County Judge/Executive,,,Under Votes,9,1,8,0,0
Nelson,A105,County Judge/Executive,,,Over Votes,0,0,0,0,0
Nelson,A105,Coroner,,,Kerry P. MONIN,146,36,108,1,1
Nelson,A105,Coroner,,,Danielle E. CHLADEK,83,22,57,1,3
Nelson,A105,Coroner,,,Under Votes,10,0,9,1,0
Nelson,A105,Coroner,,,Over Votes,0,0,0,0,0
Nelson,A105,U.S. Senate,,Democratic,Logan FORSYTHE,7,3,4,0,0
Nelson,A105,U.S. Senate,,Democratic,Amy McGRATH,101,25,67,4,5
Nelson,A105,U.S. Senate,,Democratic,Dale Lewis ROMANS,14,4,8,2,0
Nelson,A105,U.S. Senate,,Democratic,Joshua BLANTON SR.,5,1,4,0,0
Nelson,A105,U.S. Senate,,Democratic,Vincent Anthony THOMPSON,8,2,6,0,0
Nelson,A105,U.S. Senate,,Democratic,Charles BOOKER,59,12,38,7,2
Nelson,A105,U.S. Senate,,Democratic,Pamela STEVENSON,18,5,12,0,1
Nelson,A105,U.S. Senate,,,Under Votes,22,3,16,1,2
Nelson,A105,U.S. Senate,,,Over Votes,0,0,0,0,0
Nelson,A105,U.S. House,2,Democratic,David S. HATFIELD,50,9,33,3,5
Nelson,A105,U.S. House,2,Democratic,Megan WINGFIELD,66,15,44,4,3
Nelson,A105,U.S. House,2,Democratic,Hank LINDERMAN,53,17,31,4,1
Nelson,A105,U.S. House,2,Democratic,William Dakota COMPTON,27,4,21,2,0
Nelson,A105,U.S. House,2,,Under Votes,38,10,26,1,1
Nelson,A105,U.S. House,2,,Over Votes,0,0,0,0,0
Nelson,A105,State Senate,14,Democratic,Carrie Gribbins TRUITT,146,37,92,10,7
Nelson,A105,State Senate,14,Democratic,Malcolm W. JONES,45,11,31,2,1
Nelson,A105,State Senate,14,,Under Votes,43,7,32,2,2
Nelson,A105,State Senate,14,,Over Votes,0,0,0,0,0
Nelson,A105,County Judge/Executive,,,Benjamin CORDER,37,4,25,5,3
Nelson,A105,County Judge/Executive,,,Shameca ASHBY,27,9,15,3,0
Nelson,A105,County Judge/Executive,,,"James Taylor ""JT"" ROBY",146,39,96,5,6
Nelson,A105,County Judge/Executive,,,Under Votes,23,3,18,1,1
Nelson,A105,County Judge/Executive,,,Over Votes,1,0,1,0,0
Nelson,A105,Sheriff,,,"Adrian ""A. J."" LEWIS JR.",130,29,94,6,1
Nelson,A105,Sheriff,,,"Ramon ""P-RO"" PINEIROA",97,24,59,7,7
Nelson,A105,Sheriff,,,Under Votes,7,2,2,1,2
Nelson,A105,Sheriff,,,Over Votes,0,0,0,0,0
Nelson,B101,U.S. Senate,,Republican,A. Nick SHELLEY,2,0,2,0,0
Nelson,B101,U.S. Senate,,Republican,Daniel CAMERON,179,22,154,1,2
Nelson,B101,U.S. Senate,,Republican,Andy BARR,177,40,129,3,5
Nelson,B101,U.S. Senate,,Republican,Anissa CATLETT,5,1,4,0,0
Nelson,B101,U.S. Senate,,Republican,"Valerie ""Dr Val"" FREDRICK",3,0,3,0,0
Nelson,B101,U.S. Senate,,Republican,Jonathan M. HOLLIDAY,0,0,0,0,0
Nelson,B101,U.S. Senate,,Republican,Other Donald WENZEL,1,0,1,0,0
Nelson,B101,U.S. Senate,,Republican,Michael James FARIS,13,0,13,0,0
Nelson,B101,U.S. Senate,,Republican,Nate MORRIS,10,4,5,0,1
Nelson,B101,U.S. Senate,,Republican,James D. DUNCAN,1,0,1,0,0
Nelson,B101,U.S. Senate,,Republican,Jimmy I. LEON,0,0,0,0,0
Nelson,B101,U.S. Senate,,Republican,George WASHINGTON,5,2,2,1,0
Nelson,B101,U.S. Senate,,,Under Votes,13,4,9,0,0
Nelson,B101,U.S. Senate,,,Over Votes,0,0,0,0,0
Nelson,B101,U.S. House,4,Republican,Thomas MASSIE,163,22,136,2,3
Nelson,B101,U.S. House,4,Republican,Ed GALLREIN,233,48,177,3,5
Nelson,B101,U.S. House,4,,Under Votes,13,3,10,0,0
Nelson,B101,U.S. House,4,,Over Votes,0,0,0,0,0
Nelson,B101,Ballots Cast,,,,669,,,,
Nelson,B101,State Senate,14,Republican,Peggy Brady SMITH,11,1,9,1,0
Nelson,B101,State Senate,14,Republican,Brian BAYERS,8,1,7,0,0
Nelson,B101,State Senate,14,Republican,James VICTERY,93,8,82,1,2
Nelson,B101,State Senate,14,Republican,Ben MUDD,112,28,81,2,1
Nelson,B101,State Senate,14,Republican,Stephen CARNEY,27,4,22,0,1
Nelson,B101,State Senate,14,Republican,Dallas ROBINSON,125,25,96,1,3
Nelson,B101,State Senate,14,Republican,Lynn SHELBURNE,14,2,12,0,0
Nelson,B101,State Senate,14,,Under Votes,19,4,14,0,1
Nelson,B101,State Senate,14,,Over Votes,0,0,0,0,0
Nelson,B101,Property Valuation Administrator,,,Stephen HIBBS,148,21,124,1,2
Nelson,B101,Property Valuation Administrator,,,"Jason ""Jay"" WILLIAMS",223,46,168,4,5
Nelson,B101,Property Valuation Administrator,,,Under Votes,38,6,31,0,1
Nelson,B101,Property Valuation Administrator,,,Over Votes,0,0,0,0,0
Nelson,B101,County Judge/Executive,,,"Donald ""Don"" THRASHER",136,28,107,0,1
Nelson,B101,County Judge/Executive,,,Tim HUTCHINS,246,39,196,5,6
Nelson,B101,County Judge/Executive,,,Under Votes,27,6,20,0,1
Nelson,B101,County Judge/Executive,,,Over Votes,0,0,0,0,0
Nelson,B101,Coroner,,,Kerry P. MONIN,221,28,188,4,1
Nelson,B101,Coroner,,,Danielle E. CHLADEK,161,41,113,1,6
Nelson,B101,Coroner,,,Under Votes,27,4,22,0,1
Nelson,B101,Coroner,,,Over Votes,0,0,0,0,0
Nelson,B101,Magistrate,,,Gary W. COULTER,188,31,153,1,3
Nelson,B101,Magistrate,,,Adam WHEATLEY,190,36,146,4,4
Nelson,B101,Magistrate,,,Under Votes,31,6,24,0,1
Nelson,B101,Magistrate,,,Over Votes,0,0,0,0,0
Nelson,B101,U.S. Senate,,Democratic,Dale Lewis ROMANS,18,4,14,0,0
Nelson,B101,U.S. Senate,,Democratic,Charles BOOKER,87,9,72,6,0
Nelson,B101,U.S. Senate,,Democratic,Logan FORSYTHE,9,2,7,0,0
Nelson,B101,U.S. Senate,,Democratic,Joshua BLANTON SR.,3,0,3,0,0
Nelson,B101,U.S. Senate,,Democratic,Vincent Anthony THOMPSON,12,3,9,0,0
Nelson,B101,U.S. Senate,,Democratic,Pamela STEVENSON,19,6,9,3,1
Nelson,B101,U.S. Senate,,Democratic,Amy McGRATH,92,14,77,0,1
Nelson,B101,U.S. Senate,,,Under Votes,20,1,19,0,0
Nelson,B101,U.S. Senate,,,Over Votes,0,0,0,0,0
Nelson,B101,U.S. House,4,Democratic,Melissa Claire STRANGE,154,25,120,7,2
Nelson,B101,U.S. House,4,Democratic,Jesse Russell BREWER,69,9,60,0,0
Nelson,B101,U.S. House,4,,Under Votes,37,5,30,2,0
Nelson,B101,U.S. House,4,,Over Votes,0,0,0,0,0
Nelson,B101,State Senate,14,Democratic,Carrie Gribbins TRUITT,154,26,122,4,2
Nelson,B101,State Senate,14,Democratic,Malcolm W. JONES,72,7,61,4,0
Nelson,B101,State Senate,14,,Under Votes,34,6,27,1,0
Nelson,B101,State Senate,14,,Over Votes,0,0,0,0,0
Nelson,B101,County Judge/Executive,,,Benjamin CORDER,34,5,27,2,0
Nelson,B101,County Judge/Executive,,,Shameca ASHBY,42,7,34,1,0
Nelson,B101,County Judge/Executive,,,"James Taylor ""JT"" ROBY",162,26,129,5,2
Nelson,B101,County Judge/Executive,,,Under Votes,22,1,20,1,0
Nelson,B101,County Judge/Executive,,,Over Votes,0,0,0,0,0
Nelson,B101,Sheriff,,,"Adrian ""A. J."" LEWIS JR.",159,25,132,2,0
Nelson,B101,Sheriff,,,"Ramon ""P-RO"" PINEIROA",93,14,71,6,2
Nelson,B101,Sheriff,,,Under Votes,8,0,7,1,0
Nelson,B101,Sheriff,,,Over Votes,0,0,0,0,0
Nelson,B102,U.S. Senate,,Republican,Anissa CATLETT,0,0,0,0,0
Nelson,B102,U.S. Senate,,Republican,A. Nick SHELLEY,0,0,0,0,0
Nelson,B102,U.S. Senate,,Republican,"Valerie ""Dr Val"" FREDRICK",1,0,1,0,0
Nelson,B102,U.S. Senate,,Republican,Michael James FARIS,6,0,6,0,0
Nelson,B102,U.S. Senate,,Republican,Nate MORRIS,2,1,1,0,0
Nelson,B102,U.S. Senate,,Republican,Other Donald WENZEL,0,0,0,0,0
Nelson,B102,U.S. Senate,,Republican,Jonathan M. HOLLIDAY,0,0,0,0,0
Nelson,B102,U.S. Senate,,Republican,George WASHINGTON,1,0,1,0,0
Nelson,B102,U.S. Senate,,Republican,Andy BARR,44,17,26,0,1
Nelson,B102,U.S. Senate,,Republican,Daniel CAMERON,35,6,24,4,1
Nelson,B102,U.S. Senate,,Republican,Jimmy I. LEON,1,0,1,0,0
Nelson,B102,U.S. Senate,,Republican,James D. DUNCAN,1,0,1,0,0
Nelson,B102,U.S. Senate,,,Under Votes,5,0,5,0,0
Nelson,B102,U.S. Senate,,,Over Votes,0,0,0,0,0
Nelson,B102,Ballots Cast,,,,266,,,,
Nelson,B102,U.S. House,2,Republican,"G. ""Shay"" PERRY-ADELMANN",6,1,3,1,1
Nelson,B102,U.S. House,2,Republican,S. Brett GUTHRIE,69,17,48,3,1
Nelson,B102,U.S. House,2,Republican,Joshua M. FERGUSON,11,3,8,0,0
Nelson,B102,U.S. House,2,,Under Votes,10,3,7,0,0
Nelson,B102,U.S. House,2,,Over Votes,0,0,0,0,0
Nelson,B102,State Senate,14,Republican,Peggy Brady SMITH,5,2,3,0,0
Nelson,B102,State Senate,14,Republican,Brian BAYERS,2,1,1,0,0
Nelson,B102,State Senate,14,Republican,James VICTERY,8,1,6,1,0
Nelson,B102,State Senate,14,Republican,Ben MUDD,32,9,19,3,1
Nelson,B102,State Senate,14,Republican,Stephen CARNEY,2,0,2,0,0
Nelson,B102,State Senate,14,Republican,Dallas ROBINSON,29,7,22,0,0
Nelson,B102,State Senate,14,Republican,Lynn SHELBURNE,10,3,6,0,1
Nelson,B102,State Senate,14,,Under Votes,8,1,7,0,0
Nelson,B102,State Senate,14,,Over Votes,0,0,0,0,0
Nelson,B102,Property Valuation Administrator,,,Stephen HIBBS,48,10,35,2,1
Nelson,B102,Property Valuation Administrator,,,"Jason ""Jay"" WILLIAMS",40,13,24,2,1
Nelson,B102,Property Valuation Administrator,,,Under Votes,8,1,7,0,0
Nelson,B102,Property Valuation Administrator,,,Over Votes,0,0,0,0,0
Nelson,B102,County Judge/Executive,,,"Donald ""Don"" THRASHER",36,11,24,1,0
Nelson,B102,County Judge/Executive,,,Tim HUTCHINS,57,13,39,3,2
Nelson,B102,County Judge/Executive,,,Under Votes,3,0,3,0,0
Nelson,B102,County Judge/Executive,,,Over Votes,0,0,0,0,0
Nelson,B102,Coroner,,,Kerry P. MONIN,45,13,30,2,0
Nelson,B102,Coroner,,,Danielle E. CHLADEK,40,10,26,2,2
Nelson,B102,Coroner,,,Under Votes,11,1,10,0,0
Nelson,B102,Coroner,,,Over Votes,0,0,0,0,0
Nelson,B102,Magistrate,,,Gary W. COULTER,46,11,32,2,1
Nelson,B102,Magistrate,,,Adam WHEATLEY,41,12,26,2,1
Nelson,B102,Magistrate,,,Under Votes,9,1,8,0,0
Nelson,B102,Magistrate,,,Over Votes,0,0,0,0,0
Nelson,B102,U.S. Senate,,Democratic,Logan FORSYTHE,3,1,2,0,0
Nelson,B102,U.S. Senate,,Democratic,Amy McGRATH,63,18,41,3,1
Nelson,B102,U.S. Senate,,Democratic,Dale Lewis ROMANS,8,2,4,1,1
Nelson,B102,U.S. Senate,,Democratic,Joshua BLANTON SR.,1,0,1,0,0
Nelson,B102,U.S. Senate,,Democratic,Vincent Anthony THOMPSON,3,0,3,0,0
Nelson,B102,U.S. Senate,,Democratic,Charles BOOKER,78,20,55,3,0
Nelson,B102,U.S. Senate,,Democratic,Pamela STEVENSON,7,3,3,1,0
Nelson,B102,U.S. Senate,,,Under Votes,7,0,7,0,0
Nelson,B102,U.S. Senate,,,Over Votes,0,0,0,0,0
Nelson,B102,U.S. House,2,Democratic,David S. HATFIELD,38,9,26,2,1
Nelson,B102,U.S. House,2,Democratic,Megan WINGFIELD,55,14,40,1,0
Nelson,B102,U.S. House,2,Democratic,Hank LINDERMAN,35,14,18,2,1
Nelson,B102,U.S. House,2,Democratic,William Dakota COMPTON,20,3,14,3,0
Nelson,B102,U.S. House,2,,Under Votes,22,4,18,0,0
Nelson,B102,U.S. House,2,,Over Votes,0,0,0,0,0
Nelson,B102,State Senate,14,Democratic,Carrie Gribbins TRUITT,90,23,60,6,1
Nelson,B102,State Senate,14,Democratic,Malcolm W. JONES,61,17,41,2,1
Nelson,B102,State Senate,14,,Under Votes,19,4,15,0,0
Nelson,B102,State Senate,14,,Over Votes,0,0,0,0,0
Nelson,B102,County Judge/Executive,,,Benjamin CORDER,17,5,11,0,1
Nelson,B102,County Judge/Executive,,,Shameca ASHBY,48,8,38,2,0
Nelson,B102,County Judge/Executive,,,"James Taylor ""JT"" ROBY",95,29,59,6,1
Nelson,B102,County Judge/Executive,,,Under Votes,10,2,8,0,0
Nelson,B102,County Judge/Executive,,,Over Votes,0,0,0,0,0
Nelson,B102,Sheriff,,,"Adrian ""A. J."" LEWIS JR.",130,36,87,5,2
Nelson,B102,Sheriff,,,"Ramon ""P-RO"" PINEIROA",38,7,28,3,0
Nelson,B102,Sheriff,,,Under Votes,2,1,1,0,0
Nelson,B102,Sheriff,,,Over Votes,0,0,0,0,0
Nelson,B103,U.S. Senate,,Republican,A. Nick SHELLEY,4,2,2,0,0
Nelson,B103,U.S. Senate,,Republican,Daniel CAMERON,148,30,115,0,3
Nelson,B103,U.S. Senate,,Republican,Andy BARR,186,39,146,0,1
Nelson,B103,U.S. Senate,,Republican,Anissa CATLETT,1,0,1,0,0
Nelson,B103,U.S. Senate,,Republican,"Valerie ""Dr Val"" FREDRICK",2,0,2,0,0
Nelson,B103,U.S. Senate,,Republican,Jonathan M. HOLLIDAY,2,0,2,0,0
Nelson,B103,U.S. Senate,,Republican,Other Donald WENZEL,0,0,0,0,0
Nelson,B103,U.S. Senate,,Republican,Michael James FARIS,5,1,4,0,0
Nelson,B103,U.S. Senate,,Republican,Nate MORRIS,6,1,3,2,0
Nelson,B103,U.S. Senate,,Republican,James D. DUNCAN,2,1,1,0,0
Nelson,B103,U.S. Senate,,Republican,Jimmy I. LEON,0,0,0,0,0
Nelson,B103,U.S. Senate,,Republican,George WASHINGTON,6,0,6,0,0
Nelson,B103,U.S. Senate,,,Under Votes,10,1,9,0,0
Nelson,B103,U.S. Senate,,,Over Votes,0,0,0,0,0
Nelson,B103,U.S. House,4,Republican,Thomas MASSIE,127,22,102,0,3
Nelson,B103,U.S. House,4,Republican,Ed GALLREIN,228,49,176,2,1
Nelson,B103,U.S. House,4,,Under Votes,17,4,13,0,0
Nelson,B103,U.S. House,4,,Over Votes,0,0,0,0,0
Nelson,B103,Ballots Cast,,,,567,,,,
Nelson,B103,State Senate,14,Republican,Peggy Brady SMITH,10,1,8,0,1
Nelson,B103,State Senate,14,Republican,Brian BAYERS,4,2,2,0,0
Nelson,B103,State Senate,14,Republican,James VICTERY,110,24,85,0,1
Nelson,B103,State Senate,14,Republican,Ben MUDD,114,23,89,0,2
Nelson,B103,State Senate,14,Republican,Stephen CARNEY,10,2,8,0,0
Nelson,B103,State Senate,14,Republican,Dallas ROBINSON,79,16,61,2,0
Nelson,B103,State Senate,14,Republican,Lynn SHELBURNE,20,4,16,0,0
Nelson,B103,State Senate,14,,Under Votes,24,3,21,0,0
Nelson,B103,State Senate,14,,Over Votes,1,0,1,0,0
Nelson,B103,Property Valuation Administrator,,,Stephen HIBBS,180,32,146,0,2
Nelson,B103,Property Valuation Administrator,,,"Jason ""Jay"" WILLIAMS",159,38,117,2,2
Nelson,B103,Property Valuation Administrator,,,Under Votes,33,5,28,0,0
Nelson,B103,Property Valuation Administrator,,,Over Votes,0,0,0,0,0
Nelson,B103,County Judge/Executive,,,"Donald ""Don"" THRASHER",94,18,73,0,3
Nelson,B103,County Judge/Executive,,,Tim HUTCHINS,248,53,192,2,1
Nelson,B103,County Judge/Executive,,,Under Votes,30,4,26,0,0
Nelson,B103,County Judge/Executive,,,Over Votes,0,0,0,0,0
Nelson,B103,Coroner,,,Kerry P. MONIN,213,46,165,0,2
Nelson,B103,Coroner,,,Danielle E. CHLADEK,129,26,101,0,2
Nelson,B103,Coroner,,,Under Votes,30,3,25,2,0
Nelson,B103,Coroner,,,Over Votes,0,0,0,0,0
Nelson,B103,Magistrate,,,Gary W. COULTER,197,41,151,2,3
Nelson,B103,Magistrate,,,Adam WHEATLEY,140,31,108,0,1
Nelson,B103,Magistrate,,,Under Votes,34,3,31,0,0
Nelson,B103,Magistrate,,,Over Votes,1,0,1,0,0
Nelson,B103,U.S. Senate,,Democratic,Dale Lewis ROMANS,13,3,10,0,0
Nelson,B103,U.S. Senate,,Democratic,Charles BOOKER,74,11,61,1,1
Nelson,B103,U.S. Senate,,Democratic,Logan FORSYTHE,10,1,7,2,0
Nelson,B103,U.S. Senate,,Democratic,Joshua BLANTON SR.,3,0,3,0,0
Nelson,B103,U.S. Senate,,Democratic,Vincent Anthony THOMPSON,4,0,3,1,0
Nelson,B103,U.S. Senate,,Democratic,Pamela STEVENSON,7,2,4,1,0
Nelson,B103,U.S. Senate,,Democratic,Amy McGRATH,73,20,45,3,5
Nelson,B103,U.S. Senate,,,Under Votes,10,3,6,1,0
Nelson,B103,U.S. Senate,,,Over Votes,1,0,1,0,0
Nelson,B103,U.S. House,4,Democratic,Melissa Claire STRANGE,116,23,84,6,3
Nelson,B103,U.S. House,4,Democratic,Jesse Russell BREWER,53,10,39,1,3
Nelson,B103,U.S. House,4,,Under Votes,26,7,17,2,0
Nelson,B103,U.S. House,4,,Over Votes,0,0,0,0,0
Nelson,B103,State Senate,14,Democratic,Carrie Gribbins TRUITT,132,30,93,5,4
Nelson,B103,State Senate,14,Democratic,Malcolm W. JONES,41,4,33,2,2
Nelson,B103,State Senate,14,,Under Votes,22,6,14,2,0
Nelson,B103,State Senate,14,,Over Votes,0,0,0,0,0
Nelson,B103,County Judge/Executive,,,Benjamin CORDER,31,7,22,2,0
Nelson,B103,County Judge/Executive,,,Shameca ASHBY,28,6,20,1,1
Nelson,B103,County Judge/Executive,,,"James Taylor ""JT"" ROBY",119,23,87,4,5
Nelson,B103,County Judge/Executive,,,Under Votes,17,4,11,2,0
Nelson,B103,County Judge/Executive,,,Over Votes,0,0,0,0,0
Nelson,B103,Sheriff,,,"Adrian ""A. J."" LEWIS JR.",116,23,84,3,6
Nelson,B103,Sheriff,,,"Ramon ""P-RO"" PINEIROA",76,16,56,4,0
Nelson,B103,Sheriff,,,Under Votes,3,1,0,2,0
Nelson,B103,Sheriff,,,Over Votes,0,0,0,0,0
Nelson,B104,U.S. Senate,,Republican,A. Nick SHELLEY,6,1,5,0,0
Nelson,B104,U.S. Senate,,Republican,Daniel CAMERON,125,26,92,5,2
Nelson,B104,U.S. Senate,,Republican,Andy BARR,156,25,126,4,1
Nelson,B104,U.S. Senate,,Republican,Anissa CATLETT,4,1,3,0,0
Nelson,B104,U.S. Senate,,Republican,"Valerie ""Dr Val"" FREDRICK",3,1,2,0,0
Nelson,B104,U.S. Senate,,Republican,Jonathan M. HOLLIDAY,3,1,1,0,1
Nelson,B104,U.S. Senate,,Republican,Other Donald WENZEL,0,0,0,0,0
Nelson,B104,U.S. Senate,,Republican,Michael James FARIS,7,1,6,0,0
Nelson,B104,U.S. Senate,,Republican,Nate MORRIS,8,0,7,0,1
Nelson,B104,U.S. Senate,,Republican,James D. DUNCAN,1,0,1,0,0
Nelson,B104,U.S. Senate,,Republican,Jimmy I. LEON,2,0,2,0,0
Nelson,B104,U.S. Senate,,Republican,George WASHINGTON,8,1,7,0,0
Nelson,B104,U.S. Senate,,,Under Votes,16,6,10,0,0
Nelson,B104,U.S. Senate,,,Over Votes,0,0,0,0,0
Nelson,B104,U.S. House,4,Republican,Thomas MASSIE,136,33,98,3,2
Nelson,B104,U.S. House,4,Republican,Ed GALLREIN,190,25,157,6,2
Nelson,B104,U.S. House,4,,Under Votes,13,5,7,0,1
Nelson,B104,U.S. House,4,,Over Votes,0,0,0,0,0
Nelson,B104,Ballots Cast,,,,558,,,,
Nelson,B104,State Senate,14,Republican,Peggy Brady SMITH,11,3,7,0,1
Nelson,B104,State Senate,14,Republican,Brian BAYERS,6,1,5,0,0
Nelson,B104,State Senate,14,Republican,James VICTERY,95,22,67,4,2
Nelson,B104,State Senate,14,Republican,Ben MUDD,81,16,63,2,0
Nelson,B104,State Senate,14,Republican,Stephen CARNEY,18,3,15,0,0
Nelson,B104,State Senate,14,Republican,Dallas ROBINSON,79,11,63,3,2
Nelson,B104,State Senate,14,Republican,Lynn SHELBURNE,21,3,18,0,0
Nelson,B104,State Senate,14,,Under Votes,28,4,24,0,0
Nelson,B104,State Senate,14,,Over Votes,0,0,0,0,0
Nelson,B104,Property Valuation Administrator,,,Stephen HIBBS,159,31,123,3,2
Nelson,B104,Property Valuation Administrator,,,"Jason ""Jay"" WILLIAMS",137,25,105,4,3
Nelson,B104,Property Valuation Administrator,,,Under Votes,43,7,34,2,0
Nelson,B104,Property Valuation Administrator,,,Over Votes,0,0,0,0,0
Nelson,B104,County Judge/Executive,,,"Donald ""Don"" THRASHER",121,20,94,6,1
Nelson,B104,County Judge/Executive,,,Tim HUTCHINS,190,33,150,3,4
Nelson,B104,County Judge/Executive,,,Under Votes,27,10,17,0,0
Nelson,B104,County Judge/Executive,,,Over Votes,1,0,1,0,0
Nelson,B104,Coroner,,,Kerry P. MONIN,175,39,126,8,2
Nelson,B104,Coroner,,,Danielle E. CHLADEK,129,19,106,1,3
Nelson,B104,Coroner,,,Under Votes,34,5,29,0,0
Nelson,B104,Coroner,,,Over Votes,1,0,1,0,0
Nelson,B104,Magistrate,,,Gary W. COULTER,191,40,141,6,4
Nelson,B104,Magistrate,,,Adam WHEATLEY,125,19,102,3,1
Nelson,B104,Magistrate,,,Under Votes,23,4,19,0,0
Nelson,B104,Magistrate,,,Over Votes,0,0,0,0,0
Nelson,B104,U.S. Senate,,Democratic,Dale Lewis ROMANS,12,3,8,0,1
Nelson,B104,U.S. Senate,,Democratic,Charles BOOKER,81,14,60,3,4
Nelson,B104,U.S. Senate,,Democratic,Logan FORSYTHE,3,0,2,0,1
Nelson,B104,U.S. Senate,,Democratic,Joshua BLANTON SR.,10,0,10,0,0
Nelson,B104,U.S. Senate,,Democratic,Vincent Anthony THOMPSON,4,0,4,0,0
Nelson,B104,U.S. Senate,,Democratic,Pamela STEVENSON,14,3,10,1,0
Nelson,B104,U.S. Senate,,Democratic,Amy McGRATH,82,10,65,7,0
Nelson,B104,U.S. Senate,,,Under Votes,13,3,10,0,0
Nelson,B104,U.S. Senate,,,Over Votes,0,0,0,0,0
Nelson,B104,U.S. House,4,Democratic,Melissa Claire STRANGE,114,20,82,8,4
Nelson,B104,U.S. House,4,Democratic,Jesse Russell BREWER,65,6,54,3,2
Nelson,B104,U.S. House,4,,Under Votes,40,7,33,0,0
Nelson,B104,U.S. House,4,,Over Votes,0,0,0,0,0
Nelson,B104,State Senate,14,Democratic,Carrie Gribbins TRUITT,130,22,97,8,3
Nelson,B104,State Senate,14,Democratic,Malcolm W. JONES,54,5,43,3,3
Nelson,B104,State Senate,14,,Under Votes,35,6,29,0,0
Nelson,B104,State Senate,14,,Over Votes,0,0,0,0,0
Nelson,B104,County Judge/Executive,,,Benjamin CORDER,31,5,25,0,1
Nelson,B104,County Judge/Executive,,,Shameca ASHBY,30,4,23,2,1
Nelson,B104,County Judge/Executive,,,"James Taylor ""JT"" ROBY",136,19,104,9,4
Nelson,B104,County Judge/Executive,,,Under Votes,22,5,17,0,0
Nelson,B104,County Judge/Executive,,,Over Votes,0,0,0,0,0
Nelson,B104,Sheriff,,,"Adrian ""A. J."" LEWIS JR.",119,13,93,7,6
Nelson,B104,Sheriff,,,"Ramon ""P-RO"" PINEIROA",93,17,72,4,0
Nelson,B104,Sheriff,,,Under Votes,7,3,4,0,0
Nelson,B104,Sheriff,,,Over Votes,0,0,0,0,0
Nelson,C101,U.S. Senate,,Republican,Anissa CATLETT,1,0,1,0,0
Nelson,C101,U.S. Senate,,Republican,A. Nick SHELLEY,0,0,0,0,0
Nelson,C101,U.S. Senate,,Republican,"Valerie ""Dr Val"" FREDRICK",2,0,2,0,0
Nelson,C101,U.S. Senate,,Republican,Michael James FARIS,2,0,2,0,0
Nelson,C101,U.S. Senate,,Republican,Nate MORRIS,3,1,2,0,0
Nelson,C101,U.S. Senate,,Republican,Other Donald WENZEL,1,0,1,0,0
Nelson,C101,U.S. Senate,,Republican,Jonathan M. HOLLIDAY,1,0,1,0,0
Nelson,C101,U.S. Senate,,Republican,George WASHINGTON,1,0,1,0,0
Nelson,C101,U.S. Senate,,Republican,Andy BARR,49,10,31,5,3
Nelson,C101,U.S. Senate,,Republican,Daniel CAMERON,64,11,50,1,2
Nelson,C101,U.S. Senate,,Republican,Jimmy I. LEON,0,0,0,0,0
Nelson,C101,U.S. Senate,,Republican,James D. DUNCAN,2,1,1,0,0
Nelson,C101,U.S. Senate,,,Under Votes,3,0,3,0,0
Nelson,C101,U.S. Senate,,,Over Votes,0,0,0,0,0
Nelson,C101,Ballots Cast,,,,293,,,,
Nelson,C101,U.S. House,2,Republican,"G. ""Shay"" PERRY-ADELMANN",6,1,5,0,0
Nelson,C101,U.S. House,2,Republican,S. Brett GUTHRIE,116,20,85,6,5
Nelson,C101,U.S. House,2,Republican,Joshua M. FERGUSON,4,2,2,0,0
Nelson,C101,U.S. House,2,,Under Votes,3,0,3,0,0
Nelson,C101,U.S. House,2,,Over Votes,0,0,0,0,0
Nelson,C101,State Senate,14,Republican,Peggy Brady SMITH,8,2,6,0,0
Nelson,C101,State Senate,14,Republican,Brian BAYERS,0,0,0,0,0
Nelson,C101,State Senate,14,Republican,James VICTERY,46,8,30,5,3
Nelson,C101,State Senate,14,Republican,Ben MUDD,32,7,24,0,1
Nelson,C101,State Senate,14,Republican,Stephen CARNEY,3,0,3,0,0
Nelson,C101,State Senate,14,Republican,Dallas ROBINSON,31,6,24,0,1
Nelson,C101,State Senate,14,Republican,Lynn SHELBURNE,4,0,4,0,0
Nelson,C101,State Senate,14,,Under Votes,5,0,4,1,0
Nelson,C101,State Senate,14,,Over Votes,0,0,0,0,0
Nelson,C101,Property Valuation Administrator,,,Stephen HIBBS,67,10,50,4,3
Nelson,C101,Property Valuation Administrator,,,"Jason ""Jay"" WILLIAMS",53,10,39,2,2
Nelson,C101,Property Valuation Administrator,,,Under Votes,9,3,6,0,0
Nelson,C101,Property Valuation Administrator,,,Over Votes,0,0,0,0,0
Nelson,C101,County Judge/Executive,,,"Donald ""Don"" THRASHER",34,6,22,5,1
Nelson,C101,County Judge/Executive,,,Tim HUTCHINS,89,16,69,1,3
Nelson,C101,County Judge/Executive,,,Under Votes,6,1,4,0,1
Nelson,C101,County Judge/Executive,,,Over Votes,0,0,0,0,0
Nelson,C101,Coroner,,,Kerry P. MONIN,85,13,65,5,2
Nelson,C101,Coroner,,,Danielle E. CHLADEK,39,10,25,1,3
Nelson,C101,Coroner,,,Under Votes,5,0,5,0,0
Nelson,C101,Coroner,,,Over Votes,0,0,0,0,0
Nelson,C101,Magistrate,,,David Lee CALL,10,3,5,2,0
Nelson,C101,Magistrate,,,M. T. HARNED,112,18,85,4,5
Nelson,C101,Magistrate,,,Under Votes,7,2,5,0,0
Nelson,C101,Magistrate,,,Over Votes,0,0,0,0,0
Nelson,C101,U.S. Senate,,Democratic,Logan FORSYTHE,3,0,3,0,0
Nelson,C101,U.S. Senate,,Democratic,Amy McGRATH,83,17,59,3,4
Nelson,C101,U.S. Senate,,Democratic,Dale Lewis ROMANS,8,1,5,0,2
Nelson,C101,U.S. Senate,,Democratic,Joshua BLANTON SR.,0,0,0,0,0
Nelson,C101,U.S. Senate,,Democratic,Vincent Anthony THOMPSON,3,0,1,0,2
Nelson,C101,U.S. Senate,,Democratic,Charles BOOKER,52,8,42,2,0
Nelson,C101,U.S. Senate,,Democratic,Pamela STEVENSON,8,2,5,1,0
Nelson,C101,U.S. Senate,,,Under Votes,7,2,5,0,0
Nelson,C101,U.S. Senate,,,Over Votes,0,0,0,0,0
Nelson,C101,U.S. House,2,Democratic,David S. HATFIELD,25,7,18,0,0
Nelson,C101,U.S. House,2,Democratic,Megan WINGFIELD,54,12,37,3,2
Nelson,C101,U.S. House,2,Democratic,Hank LINDERMAN,47,6,33,2,6
Nelson,C101,U.S. House,2,Democratic,William Dakota COMPTON,10,1,8,1,0
Nelson,C101,U.S. House,2,,Under Votes,28,4,24,0,0
Nelson,C101,U.S. House,2,,Over Votes,0,0,0,0,0
Nelson,C101,State Senate,14,Democratic,Carrie Gribbins TRUITT,97,20,70,5,2
Nelson,C101,State Senate,14,Democratic,Malcolm W. JONES,38,5,27,1,5
Nelson,C101,State Senate,14,,Under Votes,29,5,23,0,1
Nelson,C101,State Senate,14,,Over Votes,0,0,0,0,0
Nelson,C101,County Judge/Executive,,,Benjamin CORDER,24,2,21,1,0
Nelson,C101,County Judge/Executive,,,Shameca ASHBY,34,9,24,1,0
Nelson,C101,County Judge/Executive,,,"James Taylor ""JT"" ROBY",92,16,65,4,7
Nelson,C101,County Judge/Executive,,,Under Votes,14,3,10,0,1
Nelson,C101,County Judge/Executive,,,Over Votes,0,0,0,0,0
Nelson,C101,Sheriff,,,"Adrian ""A. J."" LEWIS JR.",92,21,64,3,4
Nelson,C101,Sheriff,,,"Ramon ""P-RO"" PINEIROA",68,9,52,3,4
Nelson,C101,Sheriff,,,Under Votes,4,0,4,0,0
Nelson,C101,Sheriff,,,Over Votes,0,0,0,0,0
Nelson,C102,U.S. Senate,,Republican,Anissa CATLETT,2,2,0,0,0
Nelson,C102,U.S. Senate,,Republican,A. Nick SHELLEY,2,0,2,0,0
Nelson,C102,U.S. Senate,,Republican,"Valerie ""Dr Val"" FREDRICK",1,0,1,0,0
Nelson,C102,U.S. Senate,,Republican,Michael James FARIS,1,1,0,0,0
Nelson,C102,U.S. Senate,,Republican,Nate MORRIS,6,1,5,0,0
Nelson,C102,U.S. Senate,,Republican,Other Donald WENZEL,2,0,2,0,0
Nelson,C102,U.S. Senate,,Republican,Jonathan M. HOLLIDAY,1,0,1,0,0
Nelson,C102,U.S. Senate,,Republican,George WASHINGTON,0,0,0,0,0
Nelson,C102,U.S. Senate,,Republican,Andy BARR,76,17,58,1,0
Nelson,C102,U.S. Senate,,Republican,Daniel CAMERON,71,19,50,0,2
Nelson,C102,U.S. Senate,,Republican,Jimmy I. LEON,0,0,0,0,0
Nelson,C102,U.S. Senate,,Republican,James D. DUNCAN,4,1,3,0,0
Nelson,C102,U.S. Senate,,,Under Votes,5,1,4,0,0
Nelson,C102,U.S. Senate,,,Over Votes,1,0,1,0,0
Nelson,C102,Ballots Cast,,,,346,,,,
Nelson,C102,U.S. House,2,Republican,"G. ""Shay"" PERRY-ADELMANN",10,3,7,0,0
Nelson,C102,U.S. House,2,Republican,S. Brett GUTHRIE,141,36,103,0,2
Nelson,C102,U.S. House,2,Republican,Joshua M. FERGUSON,11,1,9,1,0
Nelson,C102,U.S. House,2,,Under Votes,10,2,8,0,0
Nelson,C102,U.S. House,2,,Over Votes,0,0,0,0,0
Nelson,C102,State Senate,14,Republican,Peggy Brady SMITH,5,2,3,0,0
Nelson,C102,State Senate,14,Republican,Brian BAYERS,3,2,1,0,0
Nelson,C102,State Senate,14,Republican,James VICTERY,40,5,33,0,2
Nelson,C102,State Senate,14,Republican,Ben MUDD,49,17,32,0,0
Nelson,C102,State Senate,14,Republican,Stephen CARNEY,4,2,2,0,0
Nelson,C102,State Senate,14,Republican,Dallas ROBINSON,48,10,38,0,0
Nelson,C102,State Senate,14,Republican,Lynn SHELBURNE,14,2,11,1,0
Nelson,C102,State Senate,14,,Under Votes,9,2,7,0,0
Nelson,C102,State Senate,14,,Over Votes,0,0,0,0,0
Nelson,C102,Property Valuation Administrator,,,Stephen HIBBS,95,27,68,0,0
Nelson,C102,Property Valuation Administrator,,,"Jason ""Jay"" WILLIAMS",67,12,52,1,2
Nelson,C102,Property Valuation Administrator,,,Under Votes,10,3,7,0,0
Nelson,C102,Property Valuation Administrator,,,Over Votes,0,0,0,0,0
Nelson,C102,County Judge/Executive,,,"Donald ""Don"" THRASHER",57,15,42,0,0
Nelson,C102,County Judge/Executive,,,Tim HUTCHINS,108,24,81,1,2
Nelson,C102,County Judge/Executive,,,Under Votes,7,3,4,0,0
Nelson,C102,County Judge/Executive,,,Over Votes,0,0,0,0,0
Nelson,C102,Coroner,,,Kerry P. MONIN,93,24,69,0,0
Nelson,C102,Coroner,,,Danielle E. CHLADEK,70,15,52,1,2
Nelson,C102,Coroner,,,Under Votes,9,3,6,0,0
Nelson,C102,Coroner,,,Over Votes,0,0,0,0,0
Nelson,C102,Magistrate,,,David Lee CALL,25,5,20,0,0
Nelson,C102,Magistrate,,,M. T. HARNED,132,32,97,1,2
Nelson,C102,Magistrate,,,Under Votes,15,5,10,0,0
Nelson,C102,Magistrate,,,Over Votes,0,0,0,0,0
Nelson,C102,U.S. Senate,,Democratic,Logan FORSYTHE,2,1,1,0,0
Nelson,C102,U.S. Senate,,Democratic,Amy McGRATH,57,15,37,3,2
Nelson,C102,U.S. Senate,,Democratic,Dale Lewis ROMANS,9,1,7,1,0
Nelson,C102,U.S. Senate,,Democratic,Joshua BLANTON SR.,1,0,1,0,0
Nelson,C102,U.S. Senate,,Democratic,Vincent Anthony THOMPSON,2,1,1,0,0
Nelson,C102,U.S. Senate,,Democratic,Charles BOOKER,85,12,68,5,0
Nelson,C102,U.S. Senate,,Democratic,Pamela STEVENSON,13,6,3,2,2
Nelson,C102,U.S. Senate,,,Under Votes,5,1,4,0,0
Nelson,C102,U.S. Senate,,,Over Votes,0,0,0,0,0
Nelson,C102,U.S. House,2,Democratic,David S. HATFIELD,33,8,21,3,1
Nelson,C102,U.S. House,2,Democratic,Megan WINGFIELD,57,11,42,3,1
Nelson,C102,U.S. House,2,Democratic,Hank LINDERMAN,29,4,22,1,2
Nelson,C102,U.S. House,2,Democratic,William Dakota COMPTON,19,7,9,3,0
Nelson,C102,U.S. House,2,,Under Votes,36,7,28,1,0
Nelson,C102,U.S. House,2,,Over Votes,0,0,0,0,0
Nelson,C102,State Senate,14,Democratic,Carrie Gribbins TRUITT,99,26,63,6,4
Nelson,C102,State Senate,14,Democratic,Malcolm W. JONES,45,4,37,4,0
Nelson,C102,State Senate,14,,Under Votes,30,7,22,1,0
Nelson,C102,State Senate,14,,Over Votes,0,0,0,0,0
Nelson,C102,County Judge/Executive,,,Benjamin CORDER,30,6,19,5,0
Nelson,C102,County Judge/Executive,,,Shameca ASHBY,38,6,30,2,0
Nelson,C102,County Judge/Executive,,,"James Taylor ""JT"" ROBY",91,21,62,4,4
Nelson,C102,County Judge/Executive,,,Under Votes,15,4,11,0,0
Nelson,C102,County Judge/Executive,,,Over Votes,0,0,0,0,0
Nelson,C102,Sheriff,,,"Adrian ""A. J."" LEWIS JR.",134,24,100,6,4
Nelson,C102,Sheriff,,,"Ramon ""P-RO"" PINEIROA",39,13,21,5,0
Nelson,C102,Sheriff,,,Under Votes,1,0,1,0,0
Nelson,C102,Sheriff,,,Over Votes,0,0,0,0,0
Nelson,C103,U.S. Senate,,Republican,Anissa CATLETT,4,2,2,0,0
Nelson,C103,U.S. Senate,,Republican,A. Nick SHELLEY,2,0,2,0,0
Nelson,C103,U.S. Senate,,Republican,"Valerie ""Dr Val"" FREDRICK",3,2,1,0,0
Nelson,C103,U.S. Senate,,Republican,Michael James FARIS,3,0,3,0,0
Nelson,C103,U.S. Senate,,Republican,Nate MORRIS,6,1,4,0,1
Nelson,C103,U.S. Senate,,Republican,Other Donald WENZEL,0,0,0,0,0
Nelson,C103,U.S. Senate,,Republican,Jonathan M. HOLLIDAY,2,0,2,0,0
Nelson,C103,U.S. Senate,,Republican,George WASHINGTON,5,1,4,0,0
Nelson,C103,U.S. Senate,,Republican,Andy BARR,82,18,61,0,3
Nelson,C103,U.S. Senate,,Republican,Daniel CAMERON,75,13,61,1,0
Nelson,C103,U.S. Senate,,Republican,Jimmy I. LEON,0,0,0,0,0
Nelson,C103,U.S. Senate,,Republican,James D. DUNCAN,2,0,2,0,0
Nelson,C103,U.S. Senate,,,Under Votes,5,0,5,0,0
Nelson,C103,U.S. Senate,,,Over Votes,0,0,0,0,0
Nelson,C103,Ballots Cast,,,,379,,,,
Nelson,C103,U.S. House,2,Republican,"G. ""Shay"" PERRY-ADELMANN",12,6,6,0,0
Nelson,C103,U.S. House,2,Republican,S. Brett GUTHRIE,145,27,113,1,4
Nelson,C103,U.S. House,2,Republican,Joshua M. FERGUSON,20,3,17,0,0
Nelson,C103,U.S. House,2,,Under Votes,12,1,11,0,0
Nelson,C103,U.S. House,2,,Over Votes,0,0,0,0,0
Nelson,C103,State Senate,14,Republican,Peggy Brady SMITH,3,1,2,0,0
Nelson,C103,State Senate,14,Republican,Brian BAYERS,5,2,3,0,0
Nelson,C103,State Senate,14,Republican,James VICTERY,33,6,26,0,1
Nelson,C103,State Senate,14,Republican,Ben MUDD,55,11,43,0,1
Nelson,C103,State Senate,14,Republican,Stephen CARNEY,3,1,2,0,0
Nelson,C103,State Senate,14,Republican,Dallas ROBINSON,66,13,51,0,2
Nelson,C103,State Senate,14,Republican,Lynn SHELBURNE,10,2,8,0,0
Nelson,C103,State Senate,14,,Under Votes,13,1,11,1,0
Nelson,C103,State Senate,14,,Over Votes,1,0,1,0,0
Nelson,C103,Property Valuation Administrator,,,Stephen HIBBS,92,17,73,1,1
Nelson,C103,Property Valuation Administrator,,,"Jason ""Jay"" WILLIAMS",81,18,60,0,3
Nelson,C103,Property Valuation Administrator,,,Under Votes,15,2,13,0,0
Nelson,C103,Property Valuation Administrator,,,Over Votes,1,0,1,0,0
Nelson,C103,County Judge/Executive,,,"Donald ""Don"" THRASHER",57,10,46,0,1
Nelson,C103,County Judge/Executive,,,Tim HUTCHINS,124,25,96,1,2
Nelson,C103,County Judge/Executive,,,Under Votes,8,2,5,0,1
Nelson,C103,County Judge/Executive,,,Over Votes,0,0,0,0,0
Nelson,C103,Coroner,,,Kerry P. MONIN,94,16,77,1,0
Nelson,C103,Coroner,,,Danielle E. CHLADEK,85,21,60,0,4
Nelson,C103,Coroner,,,Under Votes,10,0,10,0,0
Nelson,C103,Coroner,,,Over Votes,0,0,0,0,0
Nelson,C103,Magistrate,,,David Lee CALL,51,10,40,1,0
Nelson,C103,Magistrate,,,M. T. HARNED,129,27,98,0,4
Nelson,C103,Magistrate,,,Under Votes,9,0,9,0,0
Nelson,C103,Magistrate,,,Over Votes,0,0,0,0,0
Nelson,C103,U.S. Senate,,Democratic,Logan FORSYTHE,7,4,3,0,0
Nelson,C103,U.S. Senate,,Democratic,Amy McGRATH,80,14,56,6,4
Nelson,C103,U.S. Senate,,Democratic,Dale Lewis ROMANS,10,3,6,0,1
Nelson,C103,U.S. Senate,,Democratic,Joshua BLANTON SR.,3,0,3,0,0
Nelson,C103,U.S. Senate,,Democratic,Vincent Anthony THOMPSON,4,1,3,0,0
Nelson,C103,U.S. Senate,,Democratic,Charles BOOKER,70,14,53,0,3
Nelson,C103,U.S. Senate,,Democratic,Pamela STEVENSON,1,0,1,0,0
Nelson,C103,U.S. Senate,,,Under Votes,15,1,14,0,0
Nelson,C103,U.S. Senate,,,Over Votes,0,0,0,0,0
Nelson,C103,U.S. House,2,Democratic,David S. HATFIELD,43,11,30,1,1
Nelson,C103,U.S. House,2,Democratic,Megan WINGFIELD,55,10,45,0,0
Nelson,C103,U.S. House,2,Democratic,Hank LINDERMAN,29,8,15,3,3
Nelson,C103,U.S. House,2,Democratic,William Dakota COMPTON,27,5,19,2,1
Nelson,C103,U.S. House,2,,Under Votes,36,3,30,0,3
Nelson,C103,U.S. House,2,,Over Votes,0,0,0,0,0
Nelson,C103,State Senate,14,Democratic,Carrie Gribbins TRUITT,117,30,78,6,3
Nelson,C103,State Senate,14,Democratic,Malcolm W. JONES,42,5,35,0,2
Nelson,C103,State Senate,14,,Under Votes,31,2,26,0,3
Nelson,C103,State Senate,14,,Over Votes,0,0,0,0,0
Nelson,C103,County Judge/Executive,,,Benjamin CORDER,38,9,24,4,1
Nelson,C103,County Judge/Executive,,,Shameca ASHBY,28,3,24,0,1
Nelson,C103,County Judge/Executive,,,"James Taylor ""JT"" ROBY",105,24,76,2,3
Nelson,C103,County Judge/Executive,,,Under Votes,19,1,15,0,3
Nelson,C103,County Judge/Executive,,,Over Votes,0,0,0,0,0
Nelson,C103,Sheriff,,,"Adrian ""A. J."" LEWIS JR.",112,19,85,6,2
Nelson,C103,Sheriff,,,"Ramon ""P-RO"" PINEIROA",73,17,50,0,6
Nelson,C103,Sheriff,,,Under Votes,5,1,4,0,0
Nelson,C103,Sheriff,,,Over Votes,0,0,0,0,0
Nelson,C104,U.S. Senate,,Republican,Anissa CATLETT,3,1,2,0,0
Nelson,C104,U.S. Senate,,Republican,A. Nick SHELLEY,0,0,0,0,0
Nelson,C104,U.S. Senate,,Republican,"Valerie ""Dr Val"" FREDRICK",2,0,2,0,0
Nelson,C104,U.S. Senate,,Republican,Michael James FARIS,2,0,1,0,1
Nelson,C104,U.S. Senate,,Republican,Nate MORRIS,7,2,5,0,0
Nelson,C104,U.S. Senate,,Republican,Other Donald WENZEL,0,0,0,0,0
Nelson,C104,U.S. Senate,,Republican,Jonathan M. HOLLIDAY,0,0,0,0,0
Nelson,C104,U.S. Senate,,Republican,George WASHINGTON,2,1,1,0,0
Nelson,C104,U.S. Senate,,Republican,Andy BARR,52,9,39,0,4
Nelson,C104,U.S. Senate,,Republican,Daniel CAMERON,51,10,41,0,0
Nelson,C104,U.S. Senate,,Republican,Jimmy I. LEON,0,0,0,0,0
Nelson,C104,U.S. Senate,,Republican,James D. DUNCAN,1,0,1,0,0
Nelson,C104,U.S. Senate,,,Under Votes,3,2,1,0,0
Nelson,C104,U.S. Senate,,,Over Votes,2,0,2,0,0
Nelson,C104,Ballots Cast,,,,304,,,,
Nelson,C104,U.S. House,2,Republican,"G. ""Shay"" PERRY-ADELMANN",4,1,2,0,1
Nelson,C104,U.S. House,2,Republican,S. Brett GUTHRIE,101,22,75,0,4
Nelson,C104,U.S. House,2,Republican,Joshua M. FERGUSON,6,1,5,0,0
Nelson,C104,U.S. House,2,,Under Votes,14,1,13,0,0
Nelson,C104,U.S. House,2,,Over Votes,0,0,0,0,0
Nelson,C104,State Senate,14,Republican,Peggy Brady SMITH,4,1,3,0,0
Nelson,C104,State Senate,14,Republican,Brian BAYERS,1,1,0,0,0
Nelson,C104,State Senate,14,Republican,James VICTERY,34,8,26,0,0
Nelson,C104,State Senate,14,Republican,Ben MUDD,37,8,28,0,1
Nelson,C104,State Senate,14,Republican,Stephen CARNEY,3,2,1,0,0
Nelson,C104,State Senate,14,Republican,Dallas ROBINSON,30,4,23,0,3
Nelson,C104,State Senate,14,Republican,Lynn SHELBURNE,4,0,3,0,1
Nelson,C104,State Senate,14,,Under Votes,12,1,11,0,0
Nelson,C104,State Senate,14,,Over Votes,0,0,0,0,0
Nelson,C104,Property Valuation Administrator,,,Stephen HIBBS,71,17,50,0,4
Nelson,C104,Property Valuation Administrator,,,"Jason ""Jay"" WILLIAMS",41,8,32,0,1
Nelson,C104,Property Valuation Administrator,,,Under Votes,13,0,13,0,0
Nelson,C104,Property Valuation Administrator,,,Over Votes,0,0,0,0,0
Nelson,C104,County Judge/Executive,,,"Donald ""Don"" THRASHER",45,8,34,0,3
Nelson,C104,County Judge/Executive,,,Tim HUTCHINS,69,17,50,0,2
Nelson,C104,County Judge/Executive,,,Under Votes,11,0,11,0,0
Nelson,C104,County Judge/Executive,,,Over Votes,0,0,0,0,0
Nelson,C104,Coroner,,,Kerry P. MONIN,75,16,56,0,3
Nelson,C104,Coroner,,,Danielle E. CHLADEK,41,9,30,0,2
Nelson,C104,Coroner,,,Under Votes,9,0,9,0,0
Nelson,C104,Coroner,,,Over Votes,0,0,0,0,0
Nelson,C104,Magistrate,,,David Lee CALL,23,10,13,0,0
Nelson,C104,Magistrate,,,M. T. HARNED,90,14,71,0,5
Nelson,C104,Magistrate,,,Under Votes,12,1,11,0,0
Nelson,C104,Magistrate,,,Over Votes,0,0,0,0,0
Nelson,C104,U.S. Senate,,Democratic,Logan FORSYTHE,2,0,1,1,0
Nelson,C104,U.S. Senate,,Democratic,Amy McGRATH,64,19,39,3,3
Nelson,C104,U.S. Senate,,Democratic,Dale Lewis ROMANS,9,2,6,1,0
Nelson,C104,U.S. Senate,,Democratic,Joshua BLANTON SR.,2,0,2,0,0
Nelson,C104,U.S. Senate,,Democratic,Vincent Anthony THOMPSON,5,0,4,1,0
Nelson,C104,U.S. Senate,,Democratic,Charles BOOKER,80,15,56,3,6
Nelson,C104,U.S. Senate,,Democratic,Pamela STEVENSON,9,1,7,1,0
Nelson,C104,U.S. Senate,,,Under Votes,8,3,5,0,0
Nelson,C104,U.S. Senate,,,Over Votes,0,0,0,0,0
Nelson,C104,U.S. House,2,Democratic,David S. HATFIELD,28,6,19,1,2
Nelson,C104,U.S. House,2,Democratic,Megan WINGFIELD,63,11,46,4,2
Nelson,C104,U.S. House,2,Democratic,Hank LINDERMAN,54,17,29,4,4
Nelson,C104,U.S. House,2,Democratic,William Dakota COMPTON,13,2,9,1,1
Nelson,C104,U.S. House,2,,Under Votes,21,4,17,0,0
Nelson,C104,U.S. House,2,,Over Votes,0,0,0,0,0
Nelson,C104,State Senate,14,Democratic,Carrie Gribbins TRUITT,92,18,68,6,0
Nelson,C104,State Senate,14,Democratic,Malcolm W. JONES,65,17,35,4,9
Nelson,C104,State Senate,14,,Under Votes,22,5,17,0,0
Nelson,C104,State Senate,14,,Over Votes,0,0,0,0,0
Nelson,C104,County Judge/Executive,,,Benjamin CORDER,22,2,18,2,0
Nelson,C104,County Judge/Executive,,,Shameca ASHBY,47,9,32,3,3
Nelson,C104,County Judge/Executive,,,"James Taylor ""JT"" ROBY",102,27,64,5,6
Nelson,C104,County Judge/Executive,,,Under Votes,8,2,6,0,0
Nelson,C104,County Judge/Executive,,,Over Votes,0,0,0,0,0
Nelson,C104,Sheriff,,,"Adrian ""A. J."" LEWIS JR.",118,31,76,5,6
Nelson,C104,Sheriff,,,"Ramon ""P-RO"" PINEIROA",55,7,40,5,3
Nelson,C104,Sheriff,,,Under Votes,6,2,4,0,0
Nelson,C104,Sheriff,,,Over Votes,0,0,0,0,0
Nelson,C105,U.S. Senate,,Republican,Anissa CATLETT,3,0,3,0,0
Nelson,C105,U.S. Senate,,Republican,A. Nick SHELLEY,0,0,0,0,0
Nelson,C105,U.S. Senate,,Republican,"Valerie ""Dr Val"" FREDRICK",2,0,2,0,0
Nelson,C105,U.S. Senate,,Republican,Michael James FARIS,12,0,12,0,0
Nelson,C105,U.S. Senate,,Republican,Nate MORRIS,8,0,8,0,0
Nelson,C105,U.S. Senate,,Republican,Other Donald WENZEL,1,0,1,0,0
Nelson,C105,U.S. Senate,,Republican,Jonathan M. HOLLIDAY,2,0,2,0,0
Nelson,C105,U.S. Senate,,Republican,George WASHINGTON,2,0,2,0,0
Nelson,C105,U.S. Senate,,Republican,Andy BARR,86,2,83,1,0
Nelson,C105,U.S. Senate,,Republican,Daniel CAMERON,101,11,88,2,0
Nelson,C105,U.S. Senate,,Republican,Jimmy I. LEON,1,0,1,0,0
Nelson,C105,U.S. Senate,,Republican,James D. DUNCAN,1,0,1,0,0
Nelson,C105,U.S. Senate,,,Under Votes,3,0,3,0,0
Nelson,C105,U.S. Senate,,,Over Votes,1,0,1,0,0
Nelson,C105,Ballots Cast,,,,334,,,,
Nelson,C105,U.S. House,2,Republican,"G. ""Shay"" PERRY-ADELMANN",20,1,18,1,0
Nelson,C105,U.S. House,2,Republican,S. Brett GUTHRIE,165,10,153,2,0
Nelson,C105,U.S. House,2,Republican,Joshua M. FERGUSON,27,2,25,0,0
Nelson,C105,U.S. House,2,,Under Votes,11,0,11,0,0
Nelson,C105,U.S. House,2,,Over Votes,0,0,0,0,0
Nelson,C105,State Senate,14,Republican,Peggy Brady SMITH,6,0,6,0,0
Nelson,C105,State Senate,14,Republican,Brian BAYERS,4,0,4,0,0
Nelson,C105,State Senate,14,Republican,James VICTERY,30,3,26,1,0
Nelson,C105,State Senate,14,Republican,Ben MUDD,61,2,59,0,0
Nelson,C105,State Senate,14,Republican,Stephen CARNEY,15,3,12,0,0
Nelson,C105,State Senate,14,Republican,Dallas ROBINSON,67,4,61,2,0
Nelson,C105,State Senate,14,Republican,Lynn SHELBURNE,20,1,19,0,0
Nelson,C105,State Senate,14,,Under Votes,20,0,20,0,0
Nelson,C105,State Senate,14,,Over Votes,0,0,0,0,0
Nelson,C105,Property Valuation Administrator,,,Stephen HIBBS,98,3,94,1,0
Nelson,C105,Property Valuation Administrator,,,"Jason ""Jay"" WILLIAMS",102,10,90,2,0
Nelson,C105,Property Valuation Administrator,,,Under Votes,23,0,23,0,0
Nelson,C105,Property Valuation Administrator,,,Over Votes,0,0,0,0,0
Nelson,C105,County Judge/Executive,,,"Donald ""Don"" THRASHER",93,6,85,2,0
Nelson,C105,County Judge/Executive,,,Tim HUTCHINS,112,7,104,1,0
Nelson,C105,County Judge/Executive,,,Under Votes,18,0,18,0,0
Nelson,C105,County Judge/Executive,,,Over Votes,0,0,0,0,0
Nelson,C105,Coroner,,,Kerry P. MONIN,103,7,94,2,0
Nelson,C105,Coroner,,,Danielle E. CHLADEK,103,6,96,1,0
Nelson,C105,Coroner,,,Under Votes,17,0,17,0,0
Nelson,C105,Coroner,,,Over Votes,0,0,0,0,0
Nelson,C105,Magistrate,,,David Lee CALL,50,3,45,2,0
Nelson,C105,Magistrate,,,M. T. HARNED,163,10,152,1,0
Nelson,C105,Magistrate,,,Under Votes,10,0,10,0,0
Nelson,C105,Magistrate,,,Over Votes,0,0,0,0,0
Nelson,C105,U.S. Senate,,Democratic,Logan FORSYTHE,3,0,2,1,0
Nelson,C105,U.S. Senate,,Democratic,Amy McGRATH,34,4,26,3,1
Nelson,C105,U.S. Senate,,Democratic,Dale Lewis ROMANS,11,0,11,0,0
Nelson,C105,U.S. Senate,,Democratic,Joshua BLANTON SR.,3,0,3,0,0
Nelson,C105,U.S. Senate,,Democratic,Vincent Anthony THOMPSON,6,2,4,0,0
Nelson,C105,U.S. Senate,,Democratic,Charles BOOKER,38,1,36,1,0
Nelson,C105,U.S. Senate,,Democratic,Pamela STEVENSON,9,0,9,0,0
Nelson,C105,U.S. Senate,,,Under Votes,7,1,6,0,0
Nelson,C105,U.S. Senate,,,Over Votes,0,0,0,0,0
Nelson,C105,U.S. House,2,Democratic,David S. HATFIELD,21,2,19,0,0
Nelson,C105,U.S. House,2,Democratic,Megan WINGFIELD,37,2,32,3,0
Nelson,C105,U.S. House,2,Democratic,Hank LINDERMAN,22,1,18,2,1
Nelson,C105,U.S. House,2,Democratic,William Dakota COMPTON,14,1,13,0,0
Nelson,C105,U.S. House,2,,Under Votes,17,2,15,0,0
Nelson,C105,U.S. House,2,,Over Votes,0,0,0,0,0
Nelson,C105,State Senate,14,Democratic,Carrie Gribbins TRUITT,60,3,52,4,1
Nelson,C105,State Senate,14,Democratic,Malcolm W. JONES,28,2,25,1,0
Nelson,C105,State Senate,14,,Under Votes,23,3,20,0,0
Nelson,C105,State Senate,14,,Over Votes,0,0,0,0,0
Nelson,C105,County Judge/Executive,,,Benjamin CORDER,24,2,20,2,0
Nelson,C105,County Judge/Executive,,,Shameca ASHBY,15,0,15,0,0
Nelson,C105,County Judge/Executive,,,"James Taylor ""JT"" ROBY",60,4,52,3,1
Nelson,C105,County Judge/Executive,,,Under Votes,12,2,10,0,0
Nelson,C105,County Judge/Executive,,,Over Votes,0,0,0,0,0
Nelson,C105,Sheriff,,,"Adrian ""A. J."" LEWIS JR.",68,5,59,3,1
Nelson,C105,Sheriff,,,"Ramon ""P-RO"" PINEIROA",42,2,38,2,0
Nelson,C105,Sheriff,,,Under Votes,1,1,0,0,0
Nelson,C105,Sheriff,,,Over Votes,0,0,0,0,0
Nelson,C106,U.S. Senate,,Republican,A. Nick SHELLEY,1,0,1,0,0
Nelson,C106,U.S. Senate,,Republican,Daniel CAMERON,55,11,41,0,3
Nelson,C106,U.S. Senate,,Republican,Andy BARR,75,19,55,0,1
Nelson,C106,U.S. Senate,,Republican,Anissa CATLETT,2,0,2,0,0
Nelson,C106,U.S. Senate,,Republican,"Valerie ""Dr Val"" FREDRICK",2,1,1,0,0
Nelson,C106,U.S. Senate,,Republican,Jonathan M. HOLLIDAY,0,0,0,0,0
Nelson,C106,U.S. Senate,,Republican,Other Donald WENZEL,0,0,0,0,0
Nelson,C106,U.S. Senate,,Republican,Michael James FARIS,2,0,2,0,0
Nelson,C106,U.S. Senate,,Republican,Nate MORRIS,3,0,3,0,0
Nelson,C106,U.S. Senate,,Republican,James D. DUNCAN,0,0,0,0,0
Nelson,C106,U.S. Senate,,Republican,Jimmy I. LEON,0,0,0,0,0
Nelson,C106,U.S. Senate,,Republican,George WASHINGTON,4,1,3,0,0
Nelson,C106,U.S. Senate,,,Under Votes,3,2,1,0,0
Nelson,C106,U.S. Senate,,,Over Votes,0,0,0,0,0
Nelson,C106,U.S. House,4,Republican,Thomas MASSIE,55,12,43,0,0
Nelson,C106,U.S. House,4,Republican,Ed GALLREIN,89,22,64,0,3
Nelson,C106,U.S. House,4,,Under Votes,3,0,2,0,1
Nelson,C106,U.S. House,4,,Over Votes,0,0,0,0,0
Nelson,C106,Ballots Cast,,,,277,,,,
Nelson,C106,State Senate,14,Republican,Peggy Brady SMITH,5,0,5,0,0
Nelson,C106,State Senate,14,Republican,Brian BAYERS,3,0,3,0,0
Nelson,C106,State Senate,14,Republican,James VICTERY,49,6,42,0,1
Nelson,C106,State Senate,14,Republican,Ben MUDD,47,20,24,0,3
Nelson,C106,State Senate,14,Republican,Stephen CARNEY,4,2,2,0,0
Nelson,C106,State Senate,14,Republican,Dallas ROBINSON,19,4,15,0,0
Nelson,C106,State Senate,14,Republican,Lynn SHELBURNE,6,0,6,0,0
Nelson,C106,State Senate,14,,Under Votes,14,2,12,0,0
Nelson,C106,State Senate,14,,Over Votes,0,0,0,0,0
Nelson,C106,Property Valuation Administrator,,,Stephen HIBBS,81,16,62,0,3
Nelson,C106,Property Valuation Administrator,,,"Jason ""Jay"" WILLIAMS",50,13,36,0,1
Nelson,C106,Property Valuation Administrator,,,Under Votes,16,5,11,0,0
Nelson,C106,Property Valuation Administrator,,,Over Votes,0,0,0,0,0
Nelson,C106,County Judge/Executive,,,"Donald ""Don"" THRASHER",39,8,30,0,1
Nelson,C106,County Judge/Executive,,,Tim HUTCHINS,97,24,70,0,3
Nelson,C106,County Judge/Executive,,,Under Votes,11,2,9,0,0
Nelson,C106,County Judge/Executive,,,Over Votes,0,0,0,0,0
Nelson,C106,Coroner,,,Kerry P. MONIN,87,15,68,0,4
Nelson,C106,Coroner,,,Danielle E. CHLADEK,45,14,31,0,0
Nelson,C106,Coroner,,,Under Votes,14,4,10,0,0
Nelson,C106,Coroner,,,Over Votes,1,1,0,0,0
Nelson,C106,Magistrate,,,David Lee CALL,43,7,35,0,1
Nelson,C106,Magistrate,,,M. T. HARNED,81,21,57,0,3
Nelson,C106,Magistrate,,,Under Votes,23,6,17,0,0
Nelson,C106,Magistrate,,,Over Votes,0,0,0,0,0
Nelson,C106,U.S. Senate,,Democratic,Dale Lewis ROMANS,14,1,13,0,0
Nelson,C106,U.S. Senate,,Democratic,Charles BOOKER,40,5,35,0,0
Nelson,C106,U.S. Senate,,Democratic,Logan FORSYTHE,2,1,1,0,0
Nelson,C106,U.S. Senate,,Democratic,Joshua BLANTON SR.,3,0,3,0,0
Nelson,C106,U.S. Senate,,Democratic,Vincent Anthony THOMPSON,2,0,2,0,0
Nelson,C106,U.S. Senate,,Democratic,Pamela STEVENSON,2,0,2,0,0
Nelson,C106,U.S. Senate,,Democratic,Amy McGRATH,62,16,41,0,5
Nelson,C106,U.S. Senate,,,Under Votes,5,1,4,0,0
Nelson,C106,U.S. Senate,,,Over Votes,0,0,0,0,0
Nelson,C106,U.S. House,4,Democratic,Melissa Claire STRANGE,77,13,59,0,5
Nelson,C106,U.S. House,4,Democratic,Jesse Russell BREWER,32,8,24,0,0
Nelson,C106,U.S. House,4,,Under Votes,21,3,18,0,0
Nelson,C106,U.S. House,4,,Over Votes,0,0,0,0,0
Nelson,C106,State Senate,14,Democratic,Carrie Gribbins TRUITT,85,16,64,0,5
Nelson,C106,State Senate,14,Democratic,Malcolm W. JONES,26,6,20,0,0
Nelson,C106,State Senate,14,,Under Votes,19,2,17,0,0
Nelson,C106,State Senate,14,,Over Votes,0,0,0,0,0
Nelson,C106,County Judge/Executive,,,Benjamin CORDER,15,5,10,0,0
Nelson,C106,County Judge/Executive,,,Shameca ASHBY,19,3,15,0,1
Nelson,C106,County Judge/Executive,,,"James Taylor ""JT"" ROBY",84,16,65,0,3
Nelson,C106,County Judge/Executive,,,Under Votes,12,0,11,0,1
Nelson,C106,County Judge/Executive,,,Over Votes,0,0,0,0,0
Nelson,C106,Sheriff,,,"Adrian ""A. J."" LEWIS JR.",77,17,59,0,1
Nelson,C106,Sheriff,,,"Ramon ""P-RO"" PINEIROA",49,7,39,0,3
Nelson,C106,Sheriff,,,Under Votes,4,0,3,0,1
Nelson,C106,Sheriff,,,Over Votes,0,0,0,0,0
Nelson,D101,U.S. Senate,,Republican,Anissa CATLETT,1,0,1,0,0
Nelson,D101,U.S. Senate,,Republican,A. Nick SHELLEY,1,0,1,0,0
Nelson,D101,U.S. Senate,,Republican,"Valerie ""Dr Val"" FREDRICK",2,1,1,0,0
Nelson,D101,U.S. Senate,,Republican,Michael James FARIS,12,1,10,1,0
Nelson,D101,U.S. Senate,,Republican,Nate MORRIS,8,3,5,0,0
Nelson,D101,U.S. Senate,,Republican,Other Donald WENZEL,1,0,1,0,0
Nelson,D101,U.S. Senate,,Republican,Jonathan M. HOLLIDAY,1,0,1,0,0
Nelson,D101,U.S. Senate,,Republican,George WASHINGTON,3,0,3,0,0
Nelson,D101,U.S. Senate,,Republican,Andy BARR,103,12,89,2,0
Nelson,D101,U.S. Senate,,Republican,Daniel CAMERON,114,17,96,0,1
Nelson,D101,U.S. Senate,,Republican,Jimmy I. LEON,0,0,0,0,0
Nelson,D101,U.S. Senate,,Republican,James D. DUNCAN,2,0,2,0,0
Nelson,D101,U.S. Senate,,,Under Votes,6,0,6,0,0
Nelson,D101,U.S. Senate,,,Over Votes,0,0,0,0,0
Nelson,D101,Ballots Cast,,,,403,,,,
Nelson,D101,U.S. House,2,Republican,"G. ""Shay"" PERRY-ADELMANN",17,3,14,0,0
Nelson,D101,U.S. House,2,Republican,S. Brett GUTHRIE,201,29,168,3,1
Nelson,D101,U.S. House,2,Republican,Joshua M. FERGUSON,21,1,20,0,0
Nelson,D101,U.S. House,2,,Under Votes,15,1,14,0,0
Nelson,D101,U.S. House,2,,Over Votes,0,0,0,0,0
Nelson,D101,State Senate,14,Republican,Peggy Brady SMITH,9,1,8,0,0
Nelson,D101,State Senate,14,Republican,Brian BAYERS,4,2,2,0,0
Nelson,D101,State Senate,14,Republican,James VICTERY,81,11,70,0,0
Nelson,D101,State Senate,14,Republican,Ben MUDD,58,12,44,2,0
Nelson,D101,State Senate,14,Republican,Stephen CARNEY,4,2,2,0,0
Nelson,D101,State Senate,14,Republican,Dallas ROBINSON,66,5,59,1,1
Nelson,D101,State Senate,14,Republican,Lynn SHELBURNE,11,0,11,0,0
Nelson,D101,State Senate,14,,Under Votes,21,1,20,0,0
Nelson,D101,State Senate,14,,Over Votes,0,0,0,0,0
Nelson,D101,Property Valuation Administrator,,,Stephen HIBBS,126,16,106,3,1
Nelson,D101,Property Valuation Administrator,,,"Jason ""Jay"" WILLIAMS",106,16,90,0,0
Nelson,D101,Property Valuation Administrator,,,Under Votes,21,2,19,0,0
Nelson,D101,Property Valuation Administrator,,,Over Votes,1,0,1,0,0
Nelson,D101,County Judge/Executive,,,"Donald ""Don"" THRASHER",74,14,59,1,0
Nelson,D101,County Judge/Executive,,,Tim HUTCHINS,170,20,147,2,1
Nelson,D101,County Judge/Executive,,,Under Votes,10,0,10,0,0
Nelson,D101,County Judge/Executive,,,Over Votes,0,0,0,0,0
Nelson,D101,Coroner,,,Kerry P. MONIN,107,14,90,3,0
Nelson,D101,Coroner,,,Danielle E. CHLADEK,122,15,106,0,1
Nelson,D101,Coroner,,,Under Votes,25,5,20,0,0
Nelson,D101,Coroner,,,Over Votes,0,0,0,0,0
Nelson,D101,U.S. Senate,,Democratic,Logan FORSYTHE,3,2,1,0,0
Nelson,D101,U.S. Senate,,Democratic,Amy McGRATH,65,14,47,2,2
Nelson,D101,U.S. Senate,,Democratic,Dale Lewis ROMANS,6,2,4,0,0
Nelson,D101,U.S. Senate,,Democratic,Joshua BLANTON SR.,3,1,2,0,0
Nelson,D101,U.S. Senate,,Democratic,Vincent Anthony THOMPSON,6,2,4,0,0
Nelson,D101,U.S. Senate,,Democratic,Charles BOOKER,47,4,38,3,2
Nelson,D101,U.S. Senate,,Democratic,Pamela STEVENSON,9,1,8,0,0
Nelson,D101,U.S. Senate,,,Under Votes,10,2,8,0,0
Nelson,D101,U.S. Senate,,,Over Votes,0,0,0,0,0
Nelson,D101,U.S. House,2,Democratic,David S. HATFIELD,24,3,20,0,1
Nelson,D101,U.S. House,2,Democratic,Megan WINGFIELD,56,9,46,0,1
Nelson,D101,U.S. House,2,Democratic,Hank LINDERMAN,28,8,17,2,1
Nelson,D101,U.S. House,2,Democratic,William Dakota COMPTON,12,2,7,3,0
Nelson,D101,U.S. House,2,,Under Votes,29,6,22,0,1
Nelson,D101,U.S. House,2,,Over Votes,0,0,0,0,0
Nelson,D101,State Senate,14,Democratic,Carrie Gribbins TRUITT,95,18,69,5,3
Nelson,D101,State Senate,14,Democratic,Malcolm W. JONES,28,5,23,0,0
Nelson,D101,State Senate,14,,Under Votes,26,5,20,0,1
Nelson,D101,State Senate,14,,Over Votes,0,0,0,0,0
Nelson,D101,County Judge/Executive,,,Benjamin CORDER,20,3,16,1,0
Nelson,D101,County Judge/Executive,,,Shameca ASHBY,22,7,14,1,0
Nelson,D101,County Judge/Executive,,,"James Taylor ""JT"" ROBY",89,16,67,2,4
Nelson,D101,County Judge/Executive,,,Under Votes,17,2,14,1,0
Nelson,D101,County Judge/Executive,,,Over Votes,1,0,1,0,0
Nelson,D101,Sheriff,,,"Adrian ""A. J."" LEWIS JR.",89,12,73,3,1
Nelson,D101,Sheriff,,,"Ramon ""P-RO"" PINEIROA",57,15,37,2,3
Nelson,D101,Sheriff,,,Under Votes,3,1,2,0,0
Nelson,D101,Sheriff,,,Over Votes,0,0,0,0,0
Nelson,D102,U.S. Senate,,Republican,A. Nick SHELLEY,3,0,3,0,0
Nelson,D102,U.S. Senate,,Republican,Daniel CAMERON,112,15,94,2,1
Nelson,D102,U.S. Senate,,Republican,Andy BARR,113,19,90,3,1
Nelson,D102,U.S. Senate,,Republican,Anissa CATLETT,0,0,0,0,0
Nelson,D102,U.S. Senate,,Republican,"Valerie ""Dr Val"" FREDRICK",1,0,1,0,0
Nelson,D102,U.S. Senate,,Republican,Jonathan M. HOLLIDAY,5,1,4,0,0
Nelson,D102,U.S. Senate,,Republican,Other Donald WENZEL,0,0,0,0,0
Nelson,D102,U.S. Senate,,Republican,Michael James FARIS,2,1,1,0,0
Nelson,D102,U.S. Senate,,Republican,Nate MORRIS,7,2,4,1,0
Nelson,D102,U.S. Senate,,Republican,James D. DUNCAN,1,0,1,0,0
Nelson,D102,U.S. Senate,,Republican,Jimmy I. LEON,0,0,0,0,0
Nelson,D102,U.S. Senate,,Republican,George WASHINGTON,2,1,1,0,0
Nelson,D102,U.S. Senate,,,Under Votes,6,1,5,0,0
Nelson,D102,U.S. Senate,,,Over Votes,0,0,0,0,0
Nelson,D102,U.S. House,4,Republican,Thomas MASSIE,98,17,79,0,2
Nelson,D102,U.S. House,4,Republican,Ed GALLREIN,148,23,119,6,0
Nelson,D102,U.S. House,4,,Under Votes,6,0,6,0,0
Nelson,D102,U.S. House,4,,Over Votes,0,0,0,0,0
Nelson,D102,Ballots Cast,,,,378,,,,
Nelson,D102,State Senate,14,Republican,Peggy Brady SMITH,11,2,9,0,0
Nelson,D102,State Senate,14,Republican,Brian BAYERS,13,0,11,2,0
Nelson,D102,State Senate,14,Republican,James VICTERY,88,11,75,1,1
Nelson,D102,State Senate,14,Republican,Ben MUDD,41,6,34,1,0
Nelson,D102,State Senate,14,Republican,Stephen CARNEY,8,2,6,0,0
Nelson,D102,State Senate,14,Republican,Dallas ROBINSON,68,16,51,1,0
Nelson,D102,State Senate,14,Republican,Lynn SHELBURNE,11,3,7,1,0
Nelson,D102,State Senate,14,,Under Votes,11,0,10,0,1
Nelson,D102,State Senate,14,,Over Votes,1,0,1,0,0
Nelson,D102,Property Valuation Administrator,,,Stephen HIBBS,123,20,98,3,2
Nelson,D102,Property Valuation Administrator,,,"Jason ""Jay"" WILLIAMS",112,19,90,3,0
Nelson,D102,Property Valuation Administrator,,,Under Votes,17,1,16,0,0
Nelson,D102,Property Valuation Administrator,,,Over Votes,0,0,0,0,0
Nelson,D102,County Judge/Executive,,,"Donald ""Don"" THRASHER",72,12,56,3,1
Nelson,D102,County Judge/Executive,,,Tim HUTCHINS,169,28,137,3,1
Nelson,D102,County Judge/Executive,,,Under Votes,11,0,11,0,0
Nelson,D102,County Judge/Executive,,,Over Votes,0,0,0,0,0
Nelson,D102,Coroner,,,Kerry P. MONIN,139,24,112,2,1
Nelson,D102,Coroner,,,Danielle E. CHLADEK,102,16,81,4,1
Nelson,D102,Coroner,,,Under Votes,11,0,11,0,0
Nelson,D102,Coroner,,,Over Votes,0,0,0,0,0
Nelson,D102,U.S. Senate,,Democratic,Dale Lewis ROMANS,8,3,4,0,1
Nelson,D102,U.S. Senate,,Democratic,Charles BOOKER,52,5,45,2,0
Nelson,D102,U.S. Senate,,Democratic,Logan FORSYTHE,2,1,1,0,0
Nelson,D102,U.S. Senate,,Democratic,Joshua BLANTON SR.,4,0,4,0,0
Nelson,D102,U.S. Senate,,Democratic,Vincent Anthony THOMPSON,3,0,3,0,0
Nelson,D102,U.S. Senate,,Democratic,Pamela STEVENSON,5,1,4,0,0
Nelson,D102,U.S. Senate,,Democratic,Amy McGRATH,45,8,31,4,2
Nelson,D102,U.S. Senate,,,Under Votes,7,3,3,1,0
Nelson,D102,U.S. Senate,,,Over Votes,0,0,0,0,0
Nelson,D102,U.S. House,4,Democratic,Melissa Claire STRANGE,76,13,59,4,0
Nelson,D102,U.S. House,4,Democratic,Jesse Russell BREWER,27,3,20,2,2
Nelson,D102,U.S. House,4,,Under Votes,23,5,16,1,1
Nelson,D102,U.S. House,4,,Over Votes,0,0,0,0,0
Nelson,D102,State Senate,14,Democratic,Carrie Gribbins TRUITT,76,14,56,4,2
Nelson,D102,State Senate,14,Democratic,Malcolm W. JONES,30,2,25,2,1
Nelson,D102,State Senate,14,,Under Votes,20,5,14,1,0
Nelson,D102,State Senate,14,,Over Votes,0,0,0,0,0
Nelson,D102,County Judge/Executive,,,Benjamin CORDER,15,4,11,0,0
Nelson,D102,County Judge/Executive,,,Shameca ASHBY,27,2,23,2,0
Nelson,D102,County Judge/Executive,,,"James Taylor ""JT"" ROBY",72,11,53,5,3
Nelson,D102,County Judge/Executive,,,Under Votes,12,4,8,0,0
Nelson,D102,County Judge/Executive,,,Over Votes,0,0,0,0,0
Nelson,D102,Sheriff,,,"Adrian ""A. J."" LEWIS JR.",78,12,62,3,1
Nelson,D102,Sheriff,,,"Ramon ""P-RO"" PINEIROA",45,7,32,4,2
Nelson,D102,Sheriff,,,Under Votes,3,2,1,0,0
Nelson,D102,Sheriff,,,Over Votes,0,0,0,0,0
Nelson,D103,U.S. Senate,,Republican,A. Nick SHELLEY,1,0,1,0,0
Nelson,D103,U.S. Senate,,Republican,Daniel CAMERON,128,11,111,3,3
Nelson,D103,U.S. Senate,,Republican,Andy BARR,143,13,123,3,4
Nelson,D103,U.S. Senate,,Republican,Anissa CATLETT,3,1,2,0,0
Nelson,D103,U.S. Senate,,Republican,"Valerie ""Dr Val"" FREDRICK",6,0,5,1,0
Nelson,D103,U.S. Senate,,Republican,Jonathan M. HOLLIDAY,2,0,2,0,0
Nelson,D103,U.S. Senate,,Republican,Other Donald WENZEL,1,0,1,0,0
Nelson,D103,U.S. Senate,,Republican,Michael James FARIS,2,0,2,0,0
Nelson,D103,U.S. Senate,,Republican,Nate MORRIS,9,0,9,0,0
Nelson,D103,U.S. Senate,,Republican,James D. DUNCAN,2,0,2,0,0
Nelson,D103,U.S. Senate,,Republican,Jimmy I. LEON,0,0,0,0,0
Nelson,D103,U.S. Senate,,Republican,George WASHINGTON,2,0,2,0,0
Nelson,D103,U.S. Senate,,,Under Votes,7,1,6,0,0
Nelson,D103,U.S. Senate,,,Over Votes,0,0,0,0,0
Nelson,D103,U.S. House,4,Republican,Thomas MASSIE,110,8,99,3,0
Nelson,D103,U.S. House,4,Republican,Ed GALLREIN,189,16,162,4,7
Nelson,D103,U.S. House,4,,Under Votes,7,2,5,0,0
Nelson,D103,U.S. House,4,,Over Votes,0,0,0,0,0
Nelson,D103,Ballots Cast,,,,528,,,,
Nelson,D103,State Senate,14,Republican,Peggy Brady SMITH,6,0,6,0,0
Nelson,D103,State Senate,14,Republican,Brian BAYERS,6,0,5,1,0
Nelson,D103,State Senate,14,Republican,James VICTERY,82,3,77,1,1
Nelson,D103,State Senate,14,Republican,Ben MUDD,84,7,73,1,3
Nelson,D103,State Senate,14,Republican,Stephen CARNEY,7,1,6,0,0
Nelson,D103,State Senate,14,Republican,Dallas ROBINSON,91,13,75,1,2
Nelson,D103,State Senate,14,Republican,Lynn SHELBURNE,14,1,9,3,1
Nelson,D103,State Senate,14,,Under Votes,16,1,15,0,0
Nelson,D103,State Senate,14,,Over Votes,0,0,0,0,0
Nelson,D103,Property Valuation Administrator,,,Stephen HIBBS,179,14,154,5,6
Nelson,D103,Property Valuation Administrator,,,"Jason ""Jay"" WILLIAMS",104,11,90,2,1
Nelson,D103,Property Valuation Administrator,,,Under Votes,23,1,22,0,0
Nelson,D103,Property Valuation Administrator,,,Over Votes,0,0,0,0,0
Nelson,D103,County Judge/Executive,,,"Donald ""Don"" THRASHER",113,10,100,2,1
Nelson,D103,County Judge/Executive,,,Tim HUTCHINS,184,15,158,5,6
Nelson,D103,County Judge/Executive,,,Under Votes,9,1,8,0,0
Nelson,D103,County Judge/Executive,,,Over Votes,0,0,0,0,0
Nelson,D103,Coroner,,,Kerry P. MONIN,178,13,157,4,4
Nelson,D103,Coroner,,,Danielle E. CHLADEK,118,13,99,3,3
Nelson,D103,Coroner,,,Under Votes,10,0,10,0,0
Nelson,D103,Coroner,,,Over Votes,0,0,0,0,0
Nelson,D103,U.S. Senate,,Democratic,Dale Lewis ROMANS,12,1,9,1,1
Nelson,D103,U.S. Senate,,Democratic,Charles BOOKER,62,12,44,4,2
Nelson,D103,U.S. Senate,,Democratic,Logan FORSYTHE,6,4,2,0,0
Nelson,D103,U.S. Senate,,Democratic,Joshua BLANTON SR.,4,1,2,1,0
Nelson,D103,U.S. Senate,,Democratic,Vincent Anthony THOMPSON,4,1,3,0,0
Nelson,D103,U.S. Senate,,Democratic,Pamela STEVENSON,8,1,2,4,1
Nelson,D103,U.S. Senate,,Democratic,Amy McGRATH,115,16,67,31,1
Nelson,D103,U.S. Senate,,,Under Votes,11,1,10,0,0
Nelson,D103,U.S. Senate,,,Over Votes,0,0,0,0,0
Nelson,D103,U.S. House,4,Democratic,Melissa Claire STRANGE,140,26,76,36,2
Nelson,D103,U.S. House,4,Democratic,Jesse Russell BREWER,52,9,37,3,3
Nelson,D103,U.S. House,4,,Under Votes,30,2,26,2,0
Nelson,D103,U.S. House,4,,Over Votes,0,0,0,0,0
Nelson,D103,State Senate,14,Democratic,Carrie Gribbins TRUITT,137,26,79,29,3
Nelson,D103,State Senate,14,Democratic,Malcolm W. JONES,58,8,38,10,2
Nelson,D103,State Senate,14,,Under Votes,27,3,22,2,0
Nelson,D103,State Senate,14,,Over Votes,0,0,0,0,0
Nelson,D103,County Judge/Executive,,,Benjamin CORDER,40,6,20,13,1
Nelson,D103,County Judge/Executive,,,Shameca ASHBY,55,11,30,14,0
Nelson,D103,County Judge/Executive,,,"James Taylor ""JT"" ROBY",109,19,74,12,4
Nelson,D103,County Judge/Executive,,,Under Votes,18,1,15,2,0
Nelson,D103,County Judge/Executive,,,Over Votes,0,0,0,0,0
Nelson,D103,Sheriff,,,"Adrian ""A. J."" LEWIS JR.",133,23,84,23,3
Nelson,D103,Sheriff,,,"Ramon ""P-RO"" PINEIROA",81,13,51,16,1
Nelson,D103,Sheriff,,,Under Votes,8,1,4,2,1
Nelson,D103,Sheriff,,,Over Votes,0,0,0,0,0
Nelson,D104,U.S. Senate,,Republican,A. Nick SHELLEY,3,1,2,0,0
Nelson,D104,U.S. Senate,,Republican,Daniel CAMERON,117,19,97,0,1
Nelson,D104,U.S. Senate,,Republican,Andy BARR,120,17,98,1,4
Nelson,D104,U.S. Senate,,Republican,Anissa CATLETT,2,1,1,0,0
Nelson,D104,U.S. Senate,,Republican,"Valerie ""Dr Val"" FREDRICK",1,0,1,0,0
Nelson,D104,U.S. Senate,,Republican,Jonathan M. HOLLIDAY,1,0,1,0,0
Nelson,D104,U.S. Senate,,Republican,Other Donald WENZEL,0,0,0,0,0
Nelson,D104,U.S. Senate,,Republican,Michael James FARIS,3,0,3,0,0
Nelson,D104,U.S. Senate,,Republican,Nate MORRIS,6,1,5,0,0
Nelson,D104,U.S. Senate,,Republican,James D. DUNCAN,1,0,1,0,0
Nelson,D104,U.S. Senate,,Republican,Jimmy I. LEON,0,0,0,0,0
Nelson,D104,U.S. Senate,,Republican,George WASHINGTON,4,0,4,0,0
Nelson,D104,U.S. Senate,,,Under Votes,7,0,7,0,0
Nelson,D104,U.S. Senate,,,Over Votes,0,0,0,0,0
Nelson,D104,U.S. House,4,Republican,Thomas MASSIE,96,12,82,1,1
Nelson,D104,U.S. House,4,Republican,Ed GALLREIN,158,26,128,0,4
Nelson,D104,U.S. House,4,,Under Votes,11,1,10,0,0
Nelson,D104,U.S. House,4,,Over Votes,0,0,0,0,0
Nelson,D104,Ballots Cast,,,,395,,,,
Nelson,D104,State Senate,14,Republican,Peggy Brady SMITH,3,0,3,0,0
Nelson,D104,State Senate,14,Republican,Brian BAYERS,3,0,3,0,0
Nelson,D104,State Senate,14,Republican,James VICTERY,77,13,60,0,4
Nelson,D104,State Senate,14,Republican,Ben MUDD,60,9,51,0,0
Nelson,D104,State Senate,14,Republican,Stephen CARNEY,21,2,19,0,0
Nelson,D104,State Senate,14,Republican,Dallas ROBINSON,69,12,57,0,0
Nelson,D104,State Senate,14,Republican,Lynn SHELBURNE,14,2,10,1,1
Nelson,D104,State Senate,14,,Under Votes,18,1,17,0,0
Nelson,D104,State Senate,14,,Over Votes,0,0,0,0,0
Nelson,D104,Property Valuation Administrator,,,Stephen HIBBS,136,21,111,1,3
Nelson,D104,Property Valuation Administrator,,,"Jason ""Jay"" WILLIAMS",103,16,85,0,2
Nelson,D104,Property Valuation Administrator,,,Under Votes,26,2,24,0,0
Nelson,D104,Property Valuation Administrator,,,Over Votes,0,0,0,0,0
Nelson,D104,County Judge/Executive,,,"Donald ""Don"" THRASHER",91,17,71,1,2
Nelson,D104,County Judge/Executive,,,Tim HUTCHINS,164,21,140,0,3
Nelson,D104,County Judge/Executive,,,Under Votes,10,1,9,0,0
Nelson,D104,County Judge/Executive,,,Over Votes,0,0,0,0,0
Nelson,D104,Coroner,,,Kerry P. MONIN,146,20,122,1,3
Nelson,D104,Coroner,,,Danielle E. CHLADEK,101,18,81,0,2
Nelson,D104,Coroner,,,Under Votes,18,1,17,0,0
Nelson,D104,Coroner,,,Over Votes,0,0,0,0,0
Nelson,D104,U.S. Senate,,Democratic,Dale Lewis ROMANS,7,0,7,0,0
Nelson,D104,U.S. Senate,,Democratic,Charles BOOKER,44,5,37,1,1
Nelson,D104,U.S. Senate,,Democratic,Logan FORSYTHE,4,1,2,1,0
Nelson,D104,U.S. Senate,,Democratic,Joshua BLANTON SR.,4,0,4,0,0
Nelson,D104,U.S. Senate,,Democratic,Vincent Anthony THOMPSON,3,1,2,0,0
Nelson,D104,U.S. Senate,,Democratic,Pamela STEVENSON,4,0,4,0,0
Nelson,D104,U.S. Senate,,Democratic,Amy McGRATH,59,11,48,0,0
Nelson,D104,U.S. Senate,,,Under Votes,5,1,4,0,0
Nelson,D104,U.S. Senate,,,Over Votes,0,0,0,0,0
Nelson,D104,U.S. House,4,Democratic,Melissa Claire STRANGE,86,15,70,1,0
Nelson,D104,U.S. House,4,Democratic,Jesse Russell BREWER,31,2,27,1,1
Nelson,D104,U.S. House,4,,Under Votes,13,2,11,0,0
Nelson,D104,U.S. House,4,,Over Votes,0,0,0,0,0
Nelson,D104,State Senate,14,Democratic,Carrie Gribbins TRUITT,90,15,74,1,0
Nelson,D104,State Senate,14,Democratic,Malcolm W. JONES,25,2,21,1,1
Nelson,D104,State Senate,14,,Under Votes,15,2,13,0,0
Nelson,D104,State Senate,14,,Over Votes,0,0,0,0,0
Nelson,D104,County Judge/Executive,,,Benjamin CORDER,16,3,13,0,0
Nelson,D104,County Judge/Executive,,,Shameca ASHBY,27,5,22,0,0
Nelson,D104,County Judge/Executive,,,"James Taylor ""JT"" ROBY",77,10,64,2,1
Nelson,D104,County Judge/Executive,,,Under Votes,10,1,9,0,0
Nelson,D104,County Judge/Executive,,,Over Votes,0,0,0,0,0
Nelson,D104,Sheriff,,,"Adrian ""A. J."" LEWIS JR.",80,14,65,1,0
Nelson,D104,Sheriff,,,"Ramon ""P-RO"" PINEIROA",46,5,39,1,1
Nelson,D104,Sheriff,,,Under Votes,4,0,4,0,0
Nelson,D104,Sheriff,,,Over Votes,0,0,0,0,0
Nelson,D105,U.S. Senate,,Republican,A. Nick SHELLEY,3,0,3,0,0
Nelson,D105,U.S. Senate,,Republican,Daniel CAMERON,114,19,95,0,0
Nelson,D105,U.S. Senate,,Republican,Andy BARR,127,27,94,1,5
Nelson,D105,U.S. Senate,,Republican,Anissa CATLETT,3,0,3,0,0
Nelson,D105,U.S. Senate,,Republican,"Valerie ""Dr Val"" FREDRICK",5,1,4,0,0
Nelson,D105,U.S. Senate,,Republican,Jonathan M. HOLLIDAY,1,0,1,0,0
Nelson,D105,U.S. Senate,,Republican,Other Donald WENZEL,0,0,0,0,0
Nelson,D105,U.S. Senate,,Republican,Michael James FARIS,5,0,5,0,0
Nelson,D105,U.S. Senate,,Republican,Nate MORRIS,4,0,4,0,0
Nelson,D105,U.S. Senate,,Republican,James D. DUNCAN,2,0,2,0,0
Nelson,D105,U.S. Senate,,Republican,Jimmy I. LEON,0,0,0,0,0
Nelson,D105,U.S. Senate,,Republican,George WASHINGTON,5,1,4,0,0
Nelson,D105,U.S. Senate,,,Under Votes,12,2,9,1,0
Nelson,D105,U.S. Senate,,,Over Votes,0,0,0,0,0
Nelson,D105,U.S. House,4,Republican,Thomas MASSIE,91,16,73,1,1
Nelson,D105,U.S. House,4,Republican,Ed GALLREIN,178,33,141,1,3
Nelson,D105,U.S. House,4,,Under Votes,11,1,9,0,1
Nelson,D105,U.S. House,4,,Over Votes,1,0,1,0,0
Nelson,D105,Ballots Cast,,,,475,,,,
Nelson,D105,State Senate,14,Republican,Peggy Brady SMITH,8,1,7,0,0
Nelson,D105,State Senate,14,Republican,Brian BAYERS,12,5,7,0,0
Nelson,D105,State Senate,14,Republican,James VICTERY,95,13,81,1,0
Nelson,D105,State Senate,14,Republican,Ben MUDD,54,14,38,0,2
Nelson,D105,State Senate,14,Republican,Stephen CARNEY,11,0,11,0,0
Nelson,D105,State Senate,14,Republican,Dallas ROBINSON,70,12,56,1,1
Nelson,D105,State Senate,14,Republican,Lynn SHELBURNE,17,2,15,0,0
Nelson,D105,State Senate,14,,Under Votes,14,3,9,0,2
Nelson,D105,State Senate,14,,Over Votes,0,0,0,0,0
Nelson,D105,Property Valuation Administrator,,,Stephen HIBBS,142,23,113,1,5
Nelson,D105,Property Valuation Administrator,,,"Jason ""Jay"" WILLIAMS",118,22,96,0,0
Nelson,D105,Property Valuation Administrator,,,Under Votes,21,5,15,1,0
Nelson,D105,Property Valuation Administrator,,,Over Votes,0,0,0,0,0
Nelson,D105,County Judge/Executive,,,"Donald ""Don"" THRASHER",63,9,53,0,1
Nelson,D105,County Judge/Executive,,,Tim HUTCHINS,205,38,162,1,4
Nelson,D105,County Judge/Executive,,,Under Votes,13,3,9,1,0
Nelson,D105,County Judge/Executive,,,Over Votes,0,0,0,0,0
Nelson,D105,Coroner,,,Kerry P. MONIN,152,19,130,1,2
Nelson,D105,Coroner,,,Danielle E. CHLADEK,118,27,87,1,3
Nelson,D105,Coroner,,,Under Votes,11,4,7,0,0
Nelson,D105,Coroner,,,Over Votes,0,0,0,0,0
Nelson,D105,U.S. Senate,,Democratic,Dale Lewis ROMANS,18,1,16,1,0
Nelson,D105,U.S. Senate,,Democratic,Charles BOOKER,60,11,44,2,3
Nelson,D105,U.S. Senate,,Democratic,Logan FORSYTHE,2,2,0,0,0
Nelson,D105,U.S. Senate,,Democratic,Joshua BLANTON SR.,2,0,2,0,0
Nelson,D105,U.S. Senate,,Democratic,Vincent Anthony THOMPSON,8,2,6,0,0
Nelson,D105,U.S. Senate,,Democratic,Pamela STEVENSON,7,2,5,0,0
Nelson,D105,U.S. Senate,,Democratic,Amy McGRATH,88,17,64,3,4
Nelson,D105,U.S. Senate,,,Under Votes,9,0,9,0,0
Nelson,D105,U.S. Senate,,,Over Votes,0,0,0,0,0
Nelson,D105,U.S. House,4,Democratic,Melissa Claire STRANGE,104,21,72,6,5
Nelson,D105,U.S. House,4,Democratic,Jesse Russell BREWER,63,12,49,0,2
Nelson,D105,U.S. House,4,,Under Votes,26,2,24,0,0
Nelson,D105,U.S. House,4,,Over Votes,1,0,1,0,0
Nelson,D105,State Senate,14,Democratic,Carrie Gribbins TRUITT,110,23,78,6,3
Nelson,D105,State Senate,14,Democratic,Malcolm W. JONES,58,9,45,0,4
Nelson,D105,State Senate,14,,Under Votes,26,3,23,0,0
Nelson,D105,State Senate,14,,Over Votes,0,0,0,0,0
Nelson,D105,County Judge/Executive,,,Benjamin CORDER,21,4,16,0,1
Nelson,D105,County Judge/Executive,,,Shameca ASHBY,26,4,21,0,1
Nelson,D105,County Judge/Executive,,,"James Taylor ""JT"" ROBY",131,25,95,6,5
Nelson,D105,County Judge/Executive,,,Under Votes,16,2,14,0,0
Nelson,D105,County Judge/Executive,,,Over Votes,0,0,0,0,0
Nelson,D105,Sheriff,,,"Adrian ""A. J."" LEWIS JR.",109,24,77,3,5
Nelson,D105,Sheriff,,,"Ramon ""P-RO"" PINEIROA",76,10,61,3,2
Nelson,D105,Sheriff,,,Under Votes,9,1,8,0,0
Nelson,D105,Sheriff,,,Over Votes,0,0,0,0,0
Nelson,E101,U.S. Senate,,Republican,A. Nick SHELLEY,0,0,0,0,0
Nelson,E101,U.S. Senate,,Republican,Daniel CAMERON,67,7,60,0,0
Nelson,E101,U.S. Senate,,Republican,Andy BARR,64,5,55,4,0
Nelson,E101,U.S. Senate,,Republican,Anissa CATLETT,0,0,0,0,0
Nelson,E101,U.S. Senate,,Republican,"Valerie ""Dr Val"" FREDRICK",3,0,3,0,0
Nelson,E101,U.S. Senate,,Republican,Jonathan M. HOLLIDAY,1,1,0,0,0
Nelson,E101,U.S. Senate,,Republican,Other Donald WENZEL,0,0,0,0,0
Nelson,E101,U.S. Senate,,Republican,Michael James FARIS,7,1,6,0,0
Nelson,E101,U.S. Senate,,Republican,Nate MORRIS,5,3,2,0,0
Nelson,E101,U.S. Senate,,Republican,James D. DUNCAN,4,0,4,0,0
Nelson,E101,U.S. Senate,,Republican,Jimmy I. LEON,0,0,0,0,0
Nelson,E101,U.S. Senate,,Republican,George WASHINGTON,1,0,1,0,0
Nelson,E101,U.S. Senate,,,Under Votes,4,1,3,0,0
Nelson,E101,U.S. Senate,,,Over Votes,0,0,0,0,0
Nelson,E101,U.S. House,4,Republican,Thomas MASSIE,63,9,54,0,0
Nelson,E101,U.S. House,4,Republican,Ed GALLREIN,88,7,77,4,0
Nelson,E101,U.S. House,4,,Under Votes,5,2,3,0,0
Nelson,E101,U.S. House,4,,Over Votes,0,0,0,0,0
Nelson,E101,Ballots Cast,,,,280,,,,
Nelson,E101,State Senate,14,Republican,Peggy Brady SMITH,7,2,5,0,0
Nelson,E101,State Senate,14,Republican,Brian BAYERS,5,1,4,0,0
Nelson,E101,State Senate,14,Republican,James VICTERY,26,3,23,0,0
Nelson,E101,State Senate,14,Republican,Ben MUDD,36,5,27,4,0
Nelson,E101,State Senate,14,Republican,Stephen CARNEY,10,2,8,0,0
Nelson,E101,State Senate,14,Republican,Dallas ROBINSON,40,4,36,0,0
Nelson,E101,State Senate,14,Republican,Lynn SHELBURNE,15,1,14,0,0
Nelson,E101,State Senate,14,,Under Votes,16,0,16,0,0
Nelson,E101,State Senate,14,,Over Votes,1,0,1,0,0
Nelson,E101,Property Valuation Administrator,,,Stephen HIBBS,81,10,71,0,0
Nelson,E101,Property Valuation Administrator,,,"Jason ""Jay"" WILLIAMS",60,8,48,4,0
Nelson,E101,Property Valuation Administrator,,,Under Votes,15,0,15,0,0
Nelson,E101,Property Valuation Administrator,,,Over Votes,0,0,0,0,0
Nelson,E101,County Judge/Executive,,,"Donald ""Don"" THRASHER",46,5,37,4,0
Nelson,E101,County Judge/Executive,,,Tim HUTCHINS,102,12,90,0,0
Nelson,E101,County Judge/Executive,,,Under Votes,8,1,7,0,0
Nelson,E101,County Judge/Executive,,,Over Votes,0,0,0,0,0
Nelson,E101,Coroner,,,Kerry P. MONIN,96,12,82,2,0
Nelson,E101,Coroner,,,Danielle E. CHLADEK,47,6,39,2,0
Nelson,E101,Coroner,,,Under Votes,13,0,13,0,0
Nelson,E101,Coroner,,,Over Votes,0,0,0,0,0
Nelson,E101,Magistrate,,,Ted SHIELDS,90,9,79,2,0
Nelson,E101,Magistrate,,,Debra BOHACHEVSKY,33,5,26,2,0
Nelson,E101,Magistrate,,,Robert Allen CHESSER,22,3,19,0,0
Nelson,E101,Magistrate,,,Under Votes,11,1,10,0,0
Nelson,E101,Magistrate,,,Over Votes,0,0,0,0,0
Nelson,E101,U.S. Senate,,Democratic,Dale Lewis ROMANS,12,3,9,0,0
Nelson,E101,U.S. Senate,,Democratic,Charles BOOKER,28,4,24,0,0
Nelson,E101,U.S. Senate,,Democratic,Logan FORSYTHE,1,0,1,0,0
Nelson,E101,U.S. Senate,,Democratic,Joshua BLANTON SR.,3,0,3,0,0
Nelson,E101,U.S. Senate,,Democratic,Vincent Anthony THOMPSON,7,1,6,0,0
Nelson,E101,U.S. Senate,,Democratic,Pamela STEVENSON,5,2,3,0,0
Nelson,E101,U.S. Senate,,Democratic,Amy McGRATH,56,9,46,0,1
Nelson,E101,U.S. Senate,,,Under Votes,12,2,10,0,0
Nelson,E101,U.S. Senate,,,Over Votes,0,0,0,0,0
Nelson,E101,U.S. House,4,Democratic,Melissa Claire STRANGE,58,10,47,0,1
Nelson,E101,U.S. House,4,Democratic,Jesse Russell BREWER,42,5,37,0,0
Nelson,E101,U.S. House,4,,Under Votes,24,6,18,0,0
Nelson,E101,U.S. House,4,,Over Votes,0,0,0,0,0
Nelson,E101,State Senate,14,Democratic,Carrie Gribbins TRUITT,71,16,54,0,1
Nelson,E101,State Senate,14,Democratic,Malcolm W. JONES,25,1,24,0,0
Nelson,E101,State Senate,14,,Under Votes,28,4,24,0,0
Nelson,E101,State Senate,14,,Over Votes,0,0,0,0,0
Nelson,E101,County Judge/Executive,,,Benjamin CORDER,14,2,12,0,0
Nelson,E101,County Judge/Executive,,,Shameca ASHBY,21,3,18,0,0
Nelson,E101,County Judge/Executive,,,"James Taylor ""JT"" ROBY",71,13,57,0,1
Nelson,E101,County Judge/Executive,,,Under Votes,18,3,15,0,0
Nelson,E101,County Judge/Executive,,,Over Votes,0,0,0,0,0
Nelson,E101,Sheriff,,,"Adrian ""A. J."" LEWIS JR.",68,10,57,0,1
Nelson,E101,Sheriff,,,"Ramon ""P-RO"" PINEIROA",53,11,42,0,0
Nelson,E101,Sheriff,,,Under Votes,3,0,3,0,0
Nelson,E101,Sheriff,,,Over Votes,0,0,0,0,0
Nelson,E102,U.S. Senate,,Republican,A. Nick SHELLEY,2,0,2,0,0
Nelson,E102,U.S. Senate,,Republican,Daniel CAMERON,95,12,83,0,0
Nelson,E102,U.S. Senate,,Republican,Andy BARR,118,20,97,0,1
Nelson,E102,U.S. Senate,,Republican,Anissa CATLETT,2,0,2,0,0
Nelson,E102,U.S. Senate,,Republican,"Valerie ""Dr Val"" FREDRICK",5,0,5,0,0
Nelson,E102,U.S. Senate,,Republican,Jonathan M. HOLLIDAY,2,0,2,0,0
Nelson,E102,U.S. Senate,,Republican,Other Donald WENZEL,0,0,0,0,0
Nelson,E102,U.S. Senate,,Republican,Michael James FARIS,3,1,2,0,0
Nelson,E102,U.S. Senate,,Republican,Nate MORRIS,7,2,4,0,1
Nelson,E102,U.S. Senate,,Republican,James D. DUNCAN,0,0,0,0,0
Nelson,E102,U.S. Senate,,Republican,Jimmy I. LEON,0,0,0,0,0
Nelson,E102,U.S. Senate,,Republican,George WASHINGTON,2,0,2,0,0
Nelson,E102,U.S. Senate,,,Under Votes,7,1,6,0,0
Nelson,E102,U.S. Senate,,,Over Votes,1,0,1,0,0
Nelson,E102,U.S. House,4,Republican,Thomas MASSIE,87,14,72,0,1
Nelson,E102,U.S. House,4,Republican,Ed GALLREIN,155,22,132,0,1
Nelson,E102,U.S. House,4,,Under Votes,2,0,2,0,0
Nelson,E102,U.S. House,4,,Over Votes,0,0,0,0,0
Nelson,E102,Ballots Cast,,,,485,,,,
Nelson,E102,State Senate,14,Republican,Peggy Brady SMITH,10,0,10,0,0
Nelson,E102,State Senate,14,Republican,Brian BAYERS,4,3,1,0,0
Nelson,E102,State Senate,14,Republican,James VICTERY,50,6,44,0,0
Nelson,E102,State Senate,14,Republican,Ben MUDD,65,9,56,0,0
Nelson,E102,State Senate,14,Republican,Stephen CARNEY,11,0,11,0,0
Nelson,E102,State Senate,14,Republican,Dallas ROBINSON,59,8,50,0,1
Nelson,E102,State Senate,14,Republican,Lynn SHELBURNE,24,3,20,0,1
Nelson,E102,State Senate,14,,Under Votes,21,7,14,0,0
Nelson,E102,State Senate,14,,Over Votes,0,0,0,0,0
Nelson,E102,Property Valuation Administrator,,,Stephen HIBBS,124,18,106,0,0
Nelson,E102,Property Valuation Administrator,,,"Jason ""Jay"" WILLIAMS",95,13,80,0,2
Nelson,E102,Property Valuation Administrator,,,Under Votes,25,5,20,0,0
Nelson,E102,Property Valuation Administrator,,,Over Votes,0,0,0,0,0
Nelson,E102,County Judge/Executive,,,"Donald ""Don"" THRASHER",93,15,77,0,1
Nelson,E102,County Judge/Executive,,,Tim HUTCHINS,135,18,116,0,1
Nelson,E102,County Judge/Executive,,,Under Votes,15,3,12,0,0
Nelson,E102,County Judge/Executive,,,Over Votes,1,0,1,0,0
Nelson,E102,Coroner,,,Kerry P. MONIN,118,19,98,0,1
Nelson,E102,Coroner,,,Danielle E. CHLADEK,104,14,89,0,1
Nelson,E102,Coroner,,,Under Votes,21,3,18,0,0
Nelson,E102,Coroner,,,Over Votes,1,0,1,0,0
Nelson,E102,Magistrate,,,Ted SHIELDS,122,18,102,0,2
Nelson,E102,Magistrate,,,Debra BOHACHEVSKY,56,12,44,0,0
Nelson,E102,Magistrate,,,Robert Allen CHESSER,37,2,35,0,0
Nelson,E102,Magistrate,,,Under Votes,29,4,25,0,0
Nelson,E102,Magistrate,,,Over Votes,0,0,0,0,0
Nelson,E102,U.S. Senate,,Democratic,Dale Lewis ROMANS,19,5,13,1,0
Nelson,E102,U.S. Senate,,Democratic,Charles BOOKER,110,21,86,2,1
Nelson,E102,U.S. Senate,,Democratic,Logan FORSYTHE,11,3,8,0,0
Nelson,E102,U.S. Senate,,Democratic,Joshua BLANTON SR.,1,0,1,0,0
Nelson,E102,U.S. Senate,,Democratic,Vincent Anthony THOMPSON,7,1,6,0,0
Nelson,E102,U.S. Senate,,Democratic,Pamela STEVENSON,7,3,4,0,0
Nelson,E102,U.S. Senate,,Democratic,Amy McGRATH,74,23,45,3,3
Nelson,E102,U.S. Senate,,,Under Votes,12,1,10,1,0
Nelson,E102,U.S. Senate,,,Over Votes,0,0,0,0,0
Nelson,E102,U.S. House,4,Democratic,Melissa Claire STRANGE,139,38,96,3,2
Nelson,E102,U.S. House,4,Democratic,Jesse Russell BREWER,72,16,53,2,1
Nelson,E102,U.S. House,4,,Under Votes,30,3,24,2,1
Nelson,E102,U.S. House,4,,Over Votes,0,0,0,0,0
Nelson,E102,State Senate,14,Democratic,Carrie Gribbins TRUITT,147,38,102,4,3
Nelson,E102,State Senate,14,Democratic,Malcolm W. JONES,60,17,41,1,1
Nelson,E102,State Senate,14,,Under Votes,33,2,29,2,0
Nelson,E102,State Senate,14,,Over Votes,1,0,1,0,0
Nelson,E102,County Judge/Executive,,,Benjamin CORDER,21,5,15,0,1
Nelson,E102,County Judge/Executive,,,Shameca ASHBY,50,16,33,1,0
Nelson,E102,County Judge/Executive,,,"James Taylor ""JT"" ROBY",147,34,107,4,2
Nelson,E102,County Judge/Executive,,,Under Votes,23,2,18,2,1
Nelson,E102,County Judge/Executive,,,Over Votes,0,0,0,0,0
Nelson,E102,Sheriff,,,"Adrian ""A. J."" LEWIS JR.",161,38,116,5,2
Nelson,E102,Sheriff,,,"Ramon ""P-RO"" PINEIROA",76,19,54,1,2
Nelson,E102,Sheriff,,,Under Votes,4,0,3,1,0
Nelson,E102,Sheriff,,,Over Votes,0,0,0,0,0
Nelson,E103,U.S. Senate,,Republican,A. Nick SHELLEY,1,0,1,0,0
Nelson,E103,U.S. Senate,,Republican,Daniel CAMERON,101,6,95,0,0
Nelson,E103,U.S. Senate,,Republican,Andy BARR,111,5,101,3,2
Nelson,E103,U.S. Senate,,Republican,Anissa CATLETT,1,1,0,0,0
Nelson,E103,U.S. Senate,,Republican,"Valerie ""Dr Val"" FREDRICK",0,0,0,0,0
Nelson,E103,U.S. Senate,,Republican,Jonathan M. HOLLIDAY,3,0,3,0,0
Nelson,E103,U.S. Senate,,Republican,Other Donald WENZEL,0,0,0,0,0
Nelson,E103,U.S. Senate,,Republican,Michael James FARIS,3,1,1,1,0
Nelson,E103,U.S. Senate,,Republican,Nate MORRIS,6,0,6,0,0
Nelson,E103,U.S. Senate,,Republican,James D. DUNCAN,2,0,2,0,0
Nelson,E103,U.S. Senate,,Republican,Jimmy I. LEON,0,0,0,0,0
Nelson,E103,U.S. Senate,,Republican,George WASHINGTON,2,0,2,0,0
Nelson,E103,U.S. Senate,,,Under Votes,8,0,8,0,0
Nelson,E103,U.S. Senate,,,Over Votes,0,0,0,0,0
Nelson,E103,U.S. House,4,Republican,Thomas MASSIE,81,5,75,1,0
Nelson,E103,U.S. House,4,Republican,Ed GALLREIN,151,6,140,3,2
Nelson,E103,U.S. House,4,,Under Votes,6,2,4,0,0
Nelson,E103,U.S. House,4,,Over Votes,0,0,0,0,0
Nelson,E103,Ballots Cast,,,,394,,,,
Nelson,E103,State Senate,14,Republican,Peggy Brady SMITH,4,0,3,1,0
Nelson,E103,State Senate,14,Republican,Brian BAYERS,6,0,6,0,0
Nelson,E103,State Senate,14,Republican,James VICTERY,39,4,34,0,1
Nelson,E103,State Senate,14,Republican,Ben MUDD,72,3,67,1,1
Nelson,E103,State Senate,14,Republican,Stephen CARNEY,22,3,19,0,0
Nelson,E103,State Senate,14,Republican,Dallas ROBINSON,51,1,50,0,0
Nelson,E103,State Senate,14,Republican,Lynn SHELBURNE,26,2,22,2,0
Nelson,E103,State Senate,14,,Under Votes,18,0,18,0,0
Nelson,E103,State Senate,14,,Over Votes,0,0,0,0,0
Nelson,E103,Property Valuation Administrator,,,Stephen HIBBS,99,4,93,1,1
Nelson,E103,Property Valuation Administrator,,,"Jason ""Jay"" WILLIAMS",107,5,98,3,1
Nelson,E103,Property Valuation Administrator,,,Under Votes,32,4,28,0,0
Nelson,E103,Property Valuation Administrator,,,Over Votes,0,0,0,0,0
Nelson,E103,County Judge/Executive,,,"Donald ""Don"" THRASHER",73,7,63,3,0
Nelson,E103,County Judge/Executive,,,Tim HUTCHINS,150,6,141,1,2
Nelson,E103,County Judge/Executive,,,Under Votes,15,0,15,0,0
Nelson,E103,County Judge/Executive,,,Over Votes,0,0,0,0,0
Nelson,E103,Coroner,,,Kerry P. MONIN,127,6,119,1,1
Nelson,E103,Coroner,,,Danielle E. CHLADEK,85,4,77,3,1
Nelson,E103,Coroner,,,Under Votes,26,3,23,0,0
Nelson,E103,Coroner,,,Over Votes,0,0,0,0,0
Nelson,E103,Magistrate,,,Ted SHIELDS,173,7,163,2,1
Nelson,E103,Magistrate,,,Debra BOHACHEVSKY,34,3,29,2,0
Nelson,E103,Magistrate,,,Robert Allen CHESSER,20,2,17,0,1
Nelson,E103,Magistrate,,,Under Votes,11,1,10,0,0
Nelson,E103,Magistrate,,,Over Votes,0,0,0,0,0
Nelson,E103,U.S. Senate,,Democratic,Dale Lewis ROMANS,14,1,12,1,0
Nelson,E103,U.S. Senate,,Democratic,Charles BOOKER,57,2,54,1,0
Nelson,E103,U.S. Senate,,Democratic,Logan FORSYTHE,0,0,0,0,0
Nelson,E103,U.S. Senate,,Democratic,Joshua BLANTON SR.,2,0,1,1,0
Nelson,E103,U.S. Senate,,Democratic,Vincent Anthony THOMPSON,3,0,3,0,0
Nelson,E103,U.S. Senate,,Democratic,Pamela STEVENSON,8,2,6,0,0
Nelson,E103,U.S. Senate,,Democratic,Amy McGRATH,65,6,58,1,0
Nelson,E103,U.S. Senate,,,Under Votes,7,1,6,0,0
Nelson,E103,U.S. Senate,,,Over Votes,0,0,0,0,0
Nelson,E103,U.S. House,4,Democratic,Melissa Claire STRANGE,94,8,83,3,0
Nelson,E103,U.S. House,4,Democratic,Jesse Russell BREWER,35,1,33,1,0
Nelson,E103,U.S. House,4,,Under Votes,27,3,24,0,0
Nelson,E103,U.S. House,4,,Over Votes,0,0,0,0,0
Nelson,E103,State Senate,14,Democratic,Carrie Gribbins TRUITT,93,6,84,3,0
Nelson,E103,State Senate,14,Democratic,Malcolm W. JONES,36,3,33,0,0
Nelson,E103,State Senate,14,,Under Votes,27,3,23,1,0
Nelson,E103,State Senate,14,,Over Votes,0,0,0,0,0
Nelson,E103,County Judge/Executive,,,Benjamin CORDER,27,5,21,1,0
Nelson,E103,County Judge/Executive,,,Shameca ASHBY,34,0,33,1,0
Nelson,E103,County Judge/Executive,,,"James Taylor ""JT"" ROBY",79,7,71,1,0
Nelson,E103,County Judge/Executive,,,Under Votes,16,0,15,1,0
Nelson,E103,County Judge/Executive,,,Over Votes,0,0,0,0,0
Nelson,E103,Sheriff,,,"Adrian ""A. J."" LEWIS JR.",94,6,84,4,0
Nelson,E103,Sheriff,,,"Ramon ""P-RO"" PINEIROA",58,6,52,0,0
Nelson,E103,Sheriff,,,Under Votes,4,0,4,0,0
Nelson,E103,Sheriff,,,Over Votes,0,0,0,0,0
Nelson,E104,U.S. Senate,,Republican,A. Nick SHELLEY,1,0,1,0,0
Nelson,E104,U.S. Senate,,Republican,Daniel CAMERON,97,13,82,2,0
Nelson,E104,U.S. Senate,,Republican,Andy BARR,79,12,66,0,1
Nelson,E104,U.S. Senate,,Republican,Anissa CATLETT,0,0,0,0,0
Nelson,E104,U.S. Senate,,Republican,"Valerie ""Dr Val"" FREDRICK",2,0,2,0,0
Nelson,E104,U.S. Senate,,Republican,Jonathan M. HOLLIDAY,1,0,1,0,0
Nelson,E104,U.S. Senate,,Republican,Other Donald WENZEL,0,0,0,0,0
Nelson,E104,U.S. Senate,,Republican,Michael James FARIS,11,0,11,0,0
Nelson,E104,U.S. Senate,,Republican,Nate MORRIS,7,2,5,0,0
Nelson,E104,U.S. Senate,,Republican,James D. DUNCAN,0,0,0,0,0
Nelson,E104,U.S. Senate,,Republican,Jimmy I. LEON,0,0,0,0,0
Nelson,E104,U.S. Senate,,Republican,George WASHINGTON,2,0,2,0,0
Nelson,E104,U.S. Senate,,,Under Votes,6,0,6,0,0
Nelson,E104,U.S. Senate,,,Over Votes,0,0,0,0,0
Nelson,E104,U.S. House,4,Republican,Thomas MASSIE,73,10,62,0,1
Nelson,E104,U.S. House,4,Republican,Ed GALLREIN,126,16,108,2,0
Nelson,E104,U.S. House,4,,Under Votes,7,1,6,0,0
Nelson,E104,U.S. House,4,,Over Votes,0,0,0,0,0
Nelson,E104,Ballots Cast,,,,291,,,,
Nelson,E104,State Senate,14,Republican,Peggy Brady SMITH,4,0,4,0,0
Nelson,E104,State Senate,14,Republican,Brian BAYERS,3,1,2,0,0
Nelson,E104,State Senate,14,Republican,James VICTERY,32,5,27,0,0
Nelson,E104,State Senate,14,Republican,Ben MUDD,51,5,44,2,0
Nelson,E104,State Senate,14,Republican,Stephen CARNEY,29,3,26,0,0
Nelson,E104,State Senate,14,Republican,Dallas ROBINSON,62,10,51,0,1
Nelson,E104,State Senate,14,Republican,Lynn SHELBURNE,14,2,12,0,0
Nelson,E104,State Senate,14,,Under Votes,11,1,10,0,0
Nelson,E104,State Senate,14,,Over Votes,0,0,0,0,0
Nelson,E104,Property Valuation Administrator,,,Stephen HIBBS,88,13,74,1,0
Nelson,E104,Property Valuation Administrator,,,"Jason ""Jay"" WILLIAMS",95,12,81,1,1
Nelson,E104,Property Valuation Administrator,,,Under Votes,23,2,21,0,0
Nelson,E104,Property Valuation Administrator,,,Over Votes,0,0,0,0,0
Nelson,E104,County Judge/Executive,,,"Donald ""Don"" THRASHER",58,4,51,2,1
Nelson,E104,County Judge/Executive,,,Tim HUTCHINS,142,22,120,0,0
Nelson,E104,County Judge/Executive,,,Under Votes,6,1,5,0,0
Nelson,E104,County Judge/Executive,,,Over Votes,0,0,0,0,0
Nelson,E104,Coroner,,,Kerry P. MONIN,104,16,87,1,0
Nelson,E104,Coroner,,,Danielle E. CHLADEK,88,11,75,1,1
Nelson,E104,Coroner,,,Under Votes,14,0,14,0,0
Nelson,E104,Coroner,,,Over Votes,0,0,0,0,0
Nelson,E104,Magistrate,,,Ted SHIELDS,105,12,92,1,0
Nelson,E104,Magistrate,,,Debra BOHACHEVSKY,52,4,48,0,0
Nelson,E104,Magistrate,,,Robert Allen CHESSER,44,9,33,1,1
Nelson,E104,Magistrate,,,Under Votes,5,2,3,0,0
Nelson,E104,Magistrate,,,Over Votes,0,0,0,0,0
Nelson,E104,U.S. Senate,,Democratic,Dale Lewis ROMANS,11,2,9,0,0
Nelson,E104,U.S. Senate,,Democratic,Charles BOOKER,21,0,19,2,0
Nelson,E104,U.S. Senate,,Democratic,Logan FORSYTHE,3,1,2,0,0
Nelson,E104,U.S. Senate,,Democratic,Joshua BLANTON SR.,1,1,0,0,0
Nelson,E104,U.S. Senate,,Democratic,Vincent Anthony THOMPSON,1,0,1,0,0
Nelson,E104,U.S. Senate,,Democratic,Pamela STEVENSON,3,0,3,0,0
Nelson,E104,U.S. Senate,,Democratic,Amy McGRATH,32,3,26,3,0
Nelson,E104,U.S. Senate,,,Under Votes,13,1,12,0,0
Nelson,E104,U.S. Senate,,,Over Votes,0,0,0,0,0
Nelson,E104,U.S. House,4,Democratic,Melissa Claire STRANGE,37,1,31,5,0
Nelson,E104,U.S. House,4,Democratic,Jesse Russell BREWER,24,4,20,0,0
Nelson,E104,U.S. House,4,,Under Votes,24,3,21,0,0
Nelson,E104,U.S. House,4,,Over Votes,0,0,0,0,0
Nelson,E104,State Senate,14,Democratic,Carrie Gribbins TRUITT,41,3,36,2,0
Nelson,E104,State Senate,14,Democratic,Malcolm W. JONES,17,1,13,3,0
Nelson,E104,State Senate,14,,Under Votes,27,4,23,0,0
Nelson,E104,State Senate,14,,Over Votes,0,0,0,0,0
Nelson,E104,County Judge/Executive,,,Benjamin CORDER,7,1,4,2,0
Nelson,E104,County Judge/Executive,,,Shameca ASHBY,12,0,11,1,0
Nelson,E104,County Judge/Executive,,,"James Taylor ""JT"" ROBY",47,4,41,2,0
Nelson,E104,County Judge/Executive,,,Under Votes,19,3,16,0,0
Nelson,E104,County Judge/Executive,,,Over Votes,0,0,0,0,0
Nelson,E104,Sheriff,,,"Adrian ""A. J."" LEWIS JR.",44,2,39,3,0
Nelson,E104,Sheriff,,,"Ramon ""P-RO"" PINEIROA",39,5,32,2,0
Nelson,E104,Sheriff,,,Under Votes,2,1,1,0,0
Nelson,E104,Sheriff,,,Over Votes,0,0,0,0,0
Nelson,E105,U.S. Senate,,Republican,A. Nick SHELLEY,0,0,0,0,0
Nelson,E105,U.S. Senate,,Republican,Daniel CAMERON,37,6,30,0,1
Nelson,E105,U.S. Senate,,Republican,Andy BARR,36,3,33,0,0
Nelson,E105,U.S. Senate,,Republican,Anissa CATLETT,1,0,1,0,0
Nelson,E105,U.S. Senate,,Republican,"Valerie ""Dr Val"" FREDRICK",4,1,3,0,0
Nelson,E105,U.S. Senate,,Republican,Jonathan M. HOLLIDAY,0,0,0,0,0
Nelson,E105,U.S. Senate,,Republican,Other Donald WENZEL,1,0,1,0,0
Nelson,E105,U.S. Senate,,Republican,Michael James FARIS,5,0,5,0,0
Nelson,E105,U.S. Senate,,Republican,Nate MORRIS,5,0,5,0,0
Nelson,E105,U.S. Senate,,Republican,James D. DUNCAN,0,0,0,0,0
Nelson,E105,U.S. Senate,,Republican,Jimmy I. LEON,1,0,1,0,0
Nelson,E105,U.S. Senate,,Republican,George WASHINGTON,0,0,0,0,0
Nelson,E105,U.S. Senate,,,Under Votes,2,0,2,0,0
Nelson,E105,U.S. Senate,,,Over Votes,0,0,0,0,0
Nelson,E105,U.S. House,4,Republican,Thomas MASSIE,43,5,37,0,1
Nelson,E105,U.S. House,4,Republican,Ed GALLREIN,45,5,40,0,0
Nelson,E105,U.S. House,4,,Under Votes,4,0,4,0,0
Nelson,E105,U.S. House,4,,Over Votes,0,0,0,0,0
Nelson,E105,Ballots Cast,,,,242,,,,
Nelson,E105,State Senate,14,Republican,Peggy Brady SMITH,4,1,3,0,0
Nelson,E105,State Senate,14,Republican,Brian BAYERS,2,0,2,0,0
Nelson,E105,State Senate,14,Republican,James VICTERY,16,2,14,0,0
Nelson,E105,State Senate,14,Republican,Ben MUDD,22,1,21,0,0
Nelson,E105,State Senate,14,Republican,Stephen CARNEY,8,0,8,0,0
Nelson,E105,State Senate,14,Republican,Dallas ROBINSON,21,5,15,0,1
Nelson,E105,State Senate,14,Republican,Lynn SHELBURNE,9,1,8,0,0
Nelson,E105,State Senate,14,,Under Votes,9,0,9,0,0
Nelson,E105,State Senate,14,,Over Votes,1,0,1,0,0
Nelson,E105,Property Valuation Administrator,,,Stephen HIBBS,51,4,47,0,0
Nelson,E105,Property Valuation Administrator,,,"Jason ""Jay"" WILLIAMS",29,5,24,0,0
Nelson,E105,Property Valuation Administrator,,,Under Votes,12,1,10,0,1
Nelson,E105,Property Valuation Administrator,,,Over Votes,0,0,0,0,0
Nelson,E105,County Judge/Executive,,,"Donald ""Don"" THRASHER",28,4,24,0,0
Nelson,E105,County Judge/Executive,,,Tim HUTCHINS,59,5,53,0,1
Nelson,E105,County Judge/Executive,,,Under Votes,5,1,4,0,0
Nelson,E105,County Judge/Executive,,,Over Votes,0,0,0,0,0
Nelson,E105,Coroner,,,Kerry P. MONIN,41,4,37,0,0
Nelson,E105,Coroner,,,Danielle E. CHLADEK,41,5,35,0,1
Nelson,E105,Coroner,,,Under Votes,10,1,9,0,0
Nelson,E105,Coroner,,,Over Votes,0,0,0,0,0
Nelson,E105,Magistrate,,,Ted SHIELDS,41,4,36,0,1
Nelson,E105,Magistrate,,,Debra BOHACHEVSKY,24,5,19,0,0
Nelson,E105,Magistrate,,,Robert Allen CHESSER,19,1,18,0,0
Nelson,E105,Magistrate,,,Under Votes,8,0,8,0,0
Nelson,E105,Magistrate,,,Over Votes,0,0,0,0,0
Nelson,E105,U.S. Senate,,Democratic,Dale Lewis ROMANS,9,3,6,0,0
Nelson,E105,U.S. Senate,,Democratic,Charles BOOKER,85,14,65,3,3
Nelson,E105,U.S. Senate,,Democratic,Logan FORSYTHE,2,0,2,0,0
Nelson,E105,U.S. Senate,,Democratic,Joshua BLANTON SR.,0,0,0,0,0
Nelson,E105,U.S. Senate,,Democratic,Vincent Anthony THOMPSON,4,3,1,0,0
Nelson,E105,U.S. Senate,,Democratic,Pamela STEVENSON,6,1,4,1,0
Nelson,E105,U.S. Senate,,Democratic,Amy McGRATH,39,9,30,0,0
Nelson,E105,U.S. Senate,,,Under Votes,4,0,4,0,0
Nelson,E105,U.S. Senate,,,Over Votes,1,0,1,0,0
Nelson,E105,U.S. House,4,Democratic,Melissa Claire STRANGE,91,20,66,2,3
Nelson,E105,U.S. House,4,Democratic,Jesse Russell BREWER,42,7,33,2,0
Nelson,E105,U.S. House,4,,Under Votes,17,3,14,0,0
Nelson,E105,U.S. House,4,,Over Votes,0,0,0,0,0
Nelson,E105,State Senate,14,Democratic,Carrie Gribbins TRUITT,63,9,51,1,2
Nelson,E105,State Senate,14,Democratic,Malcolm W. JONES,68,17,47,3,1
Nelson,E105,State Senate,14,,Under Votes,19,4,15,0,0
Nelson,E105,State Senate,14,,Over Votes,0,0,0,0,0
Nelson,E105,County Judge/Executive,,,Benjamin CORDER,17,2,15,0,0
Nelson,E105,County Judge/Executive,,,Shameca ASHBY,58,6,48,2,2
Nelson,E105,County Judge/Executive,,,"James Taylor ""JT"" ROBY",64,22,39,2,1
Nelson,E105,County Judge/Executive,,,Under Votes,11,0,11,0,0
Nelson,E105,County Judge/Executive,,,Over Votes,0,0,0,0,0
Nelson,E105,Sheriff,,,"Adrian ""A. J."" LEWIS JR.",122,24,91,4,3
Nelson,E105,Sheriff,,,"Ramon ""P-RO"" PINEIROA",20,4,16,0,0
Nelson,E105,Sheriff,,,Under Votes,8,2,6,0,0
Nelson,E105,Sheriff,,,Over Votes,0,0,0,0,0
