county,precinct,office,district,party,candidate,votes,early_voting,election_day,absentee_mail,absentee
Boyd,A101,U.S. Senate,,Republican,Daniel CAMERON,38,12,26,0,0
Boyd,A101,U.S. Senate,,Republican,Jonathan M. HOLLIDAY,2,0,2,0,0
Boyd,A101,U.S. Senate,,Republican,Andy BARR,58,6,52,0,0
Boyd,A101,U.S. Senate,,Republican,"Valerie ""Dr Val"" FREDRICK",2,1,1,0,0
Boyd,A101,U.S. Senate,,Republican,A. Nick SHELLEY,1,0,1,0,0
Boyd,A101,U.S. Senate,,Republican,James D. DUNCAN,3,0,3,0,0
Boyd,A101,U.S. Senate,,Republican,Michael James FARIS,2,1,0,0,1
Boyd,A101,U.S. Senate,,Republican,Anissa CATLETT,1,0,1,0,0
Boyd,A101,U.S. Senate,,Republican,Other Donald WENZEL,0,0,0,0,0
Boyd,A101,U.S. Senate,,Republican,Jimmy I. LEON,0,0,0,0,0
Boyd,A101,U.S. Senate,,Republican,George WASHINGTON,1,0,1,0,0
Boyd,A101,U.S. Senate,,,Under Votes,6,1,5,0,0
Boyd,A101,U.S. Senate,,,Over Votes,0,0,0,0,0
Boyd,A101,Ballots Cast,,,,191,,,,
Boyd,A101,U.S. House,5,Republican,Kevin SMITH,21,5,16,0,0
Boyd,A101,U.S. House,5,Republican,Benjamin HURLEY,14,2,12,0,0
Boyd,A101,U.S. House,5,Republican,Hal ROGERS,65,12,52,0,1
Boyd,A101,U.S. House,5,Republican,Jerry Lee SHELTON,5,1,4,0,0
Boyd,A101,U.S. House,5,Republican,Brandon R. MONHOLLEN,3,0,3,0,0
Boyd,A101,U.S. House,5,,Under Votes,11,1,10,0,0
Boyd,A101,U.S. House,5,,Over Votes,0,0,0,0,0
Boyd,A101,Property Valuation Administrator,,,Brandon Reid RAMSEY,30,1,29,0,0
Boyd,A101,Property Valuation Administrator,,,"Homer I. ""Jay"" WOODS JR.",82,20,61,0,1
Boyd,A101,Property Valuation Administrator,,,Under Votes,7,0,7,0,0
Boyd,A101,Property Valuation Administrator,,,Over Votes,0,0,0,0,0
Boyd,A101,County Attorney,,,Curtis DOTSON,81,14,67,0,0
Boyd,A101,County Attorney,,,Katee Elizabeth NELTNER,34,6,27,0,1
Boyd,A101,County Attorney,,,Under Votes,4,1,3,0,0
Boyd,A101,County Attorney,,,Over Votes,0,0,0,0,0
Boyd,A101,Sheriff,,,"James ""Jamie"" REIHS",82,18,63,0,1
Boyd,A101,Sheriff,,,John DANIELS,36,3,33,0,0
Boyd,A101,Sheriff,,,Under Votes,1,0,1,0,0
Boyd,A101,Sheriff,,,Over Votes,0,0,0,0,0
Boyd,A101,County Commissioner 1st District,,,"James ""Boo"" KING",21,5,16,0,0
Boyd,A101,County Commissioner 1st District,,,John Michael CONLEY,16,2,14,0,0
Boyd,A101,County Commissioner 1st District,,,David SALISBURY,43,8,35,0,0
Boyd,A101,County Commissioner 1st District,,,Heather MOORE,18,5,13,0,0
Boyd,A101,County Commissioner 1st District,,,Keith WATTS,14,1,12,0,1
Boyd,A101,County Commissioner 1st District,,,Under Votes,7,0,7,0,0
Boyd,A101,County Commissioner 1st District,,,Over Votes,0,0,0,0,0
Boyd,A101,County Commissioner 3rd District,,,Randy STAPLETON,53,9,43,0,1
Boyd,A101,County Commissioner 3rd District,,,"William ""Bud"" STEVENS JR.",54,11,43,0,0
Boyd,A101,County Commissioner 3rd District,,,Under Votes,12,1,11,0,0
Boyd,A101,County Commissioner 3rd District,,,Over Votes,0,0,0,0,0
Boyd,A101,Constable,,,Aaron S. PROFIT,44,11,33,0,0
Boyd,A101,Constable,,,Brian K. RAMSDELL,64,8,55,0,1
Boyd,A101,Constable,,,Under Votes,11,2,9,0,0
Boyd,A101,Constable,,,Over Votes,0,0,0,0,0
Boyd,A101,U.S. Senate,,Democratic,Vincent Anthony THOMPSON,3,0,3,0,0
Boyd,A101,U.S. Senate,,Democratic,Amy McGRATH,31,5,25,1,0
Boyd,A101,U.S. Senate,,Democratic,Dale Lewis ROMANS,0,0,0,0,0
Boyd,A101,U.S. Senate,,Democratic,Charles BOOKER,27,4,22,1,0
Boyd,A101,U.S. Senate,,Democratic,Pamela STEVENSON,2,0,1,1,0
Boyd,A101,U.S. Senate,,Democratic,Joshua BLANTON SR.,7,1,4,2,0
Boyd,A101,U.S. Senate,,Democratic,Logan FORSYTHE,2,0,2,0,0
Boyd,A105,U.S. Senate,,Republican,Daniel CAMERON,25,1,24,0,0
Boyd,A105,U.S. Senate,,Republican,Jonathan M. HOLLIDAY,1,0,1,0,0
Boyd,A105,U.S. Senate,,Republican,Andy BARR,68,5,63,0,0
Boyd,A105,U.S. Senate,,Republican,"Valerie ""Dr Val"" FREDRICK",2,0,2,0,0
Boyd,A105,U.S. Senate,,Republican,A. Nick SHELLEY,0,0,0,0,0
Boyd,A105,U.S. Senate,,Republican,James D. DUNCAN,1,0,1,0,0
Boyd,A105,U.S. Senate,,Republican,Michael James FARIS,5,0,4,1,0
Boyd,A105,U.S. Senate,,Republican,Anissa CATLETT,0,0,0,0,0
Boyd,A105,U.S. Senate,,Republican,Other Donald WENZEL,0,0,0,0,0
Boyd,A105,U.S. Senate,,Republican,Jimmy I. LEON,0,0,0,0,0
Boyd,A105,U.S. Senate,,Republican,George WASHINGTON,3,0,3,0,0
Boyd,A105,U.S. Senate,,,Under Votes,3,0,3,0,0
Boyd,A105,U.S. Senate,,,Over Votes,0,0,0,0,0
Boyd,A105,Ballots Cast,,,,160,,,,
Boyd,A105,U.S. House,5,Republican,Kevin SMITH,25,1,24,0,0
Boyd,A105,U.S. House,5,Republican,Benjamin HURLEY,20,0,19,1,0
Boyd,A105,U.S. House,5,Republican,Hal ROGERS,45,5,38,2,0
Boyd,A105,U.S. House,5,Republican,Jerry Lee SHELTON,3,0,3,0,0
Boyd,A105,U.S. House,5,Republican,Brandon R. MONHOLLEN,6,0,6,0,0
Boyd,A105,U.S. House,5,,Under Votes,13,0,13,0,0
Boyd,A105,U.S. House,5,,Over Votes,0,0,0,0,0
Boyd,A105,Property Valuation Administrator,,,Brandon Reid RAMSEY,48,2,45,1,0
Boyd,A105,Property Valuation Administrator,,,"Homer I. ""Jay"" WOODS JR.",53,4,47,2,0
Boyd,A105,Property Valuation Administrator,,,Under Votes,11,0,11,0,0
Boyd,A105,Property Valuation Administrator,,,Over Votes,0,0,0,0,0
Boyd,A105,County Attorney,,,Curtis DOTSON,70,6,62,2,0
Boyd,A105,County Attorney,,,Katee Elizabeth NELTNER,36,0,35,1,0
Boyd,A105,County Attorney,,,Under Votes,6,0,6,0,0
Boyd,A105,County Attorney,,,Over Votes,0,0,0,0,0
Boyd,A105,Sheriff,,,"James ""Jamie"" REIHS",88,6,79,3,0
Boyd,A105,Sheriff,,,John DANIELS,22,0,22,0,0
Boyd,A105,Sheriff,,,Under Votes,1,0,1,0,0
Boyd,A105,Sheriff,,,Over Votes,1,0,1,0,0
Boyd,A105,County Commissioner 1st District,,,"James ""Boo"" KING",25,2,21,2,0
Boyd,A105,County Commissioner 1st District,,,John Michael CONLEY,16,1,15,0,0
Boyd,A105,County Commissioner 1st District,,,David SALISBURY,24,3,21,0,0
Boyd,A105,County Commissioner 1st District,,,Heather MOORE,27,0,26,1,0
Boyd,A105,County Commissioner 1st District,,,Keith WATTS,11,0,11,0,0
Boyd,A105,County Commissioner 1st District,,,Under Votes,9,0,9,0,0
Boyd,A105,County Commissioner 1st District,,,Over Votes,0,0,0,0,0
Boyd,A105,County Commissioner 3rd District,,,Randy STAPLETON,62,3,56,3,0
Boyd,A105,County Commissioner 3rd District,,,"William ""Bud"" STEVENS JR.",38,1,37,0,0
Boyd,A105,County Commissioner 3rd District,,,Under Votes,12,2,10,0,0
Boyd,A105,County Commissioner 3rd District,,,Over Votes,0,0,0,0,0
Boyd,A105,Constable,,,Aaron S. PROFIT,55,3,49,3,0
Boyd,A105,Constable,,,Brian K. RAMSDELL,44,3,41,0,0
Boyd,A105,Constable,,,Under Votes,13,0,13,0,0
Boyd,A105,Constable,,,Over Votes,0,0,0,0,0
Boyd,A105,U.S. Senate,,Democratic,Vincent Anthony THOMPSON,1,0,1,0,0
Boyd,A105,U.S. Senate,,Democratic,Amy McGRATH,23,3,19,1,0
Boyd,A105,U.S. Senate,,Democratic,Dale Lewis ROMANS,0,0,0,0,0
Boyd,A105,U.S. Senate,,Democratic,Charles BOOKER,13,6,7,0,0
Boyd,A105,U.S. Senate,,Democratic,Pamela STEVENSON,2,0,2,0,0
Boyd,A105,U.S. Senate,,Democratic,Joshua BLANTON SR.,5,0,5,0,0
Boyd,A105,U.S. Senate,,Democratic,Logan FORSYTHE,3,2,1,0,0
Boyd,A106,U.S. Senate,,Republican,Daniel CAMERON,28,2,25,1,0
Boyd,A106,U.S. Senate,,Republican,Jonathan M. HOLLIDAY,2,2,0,0,0
Boyd,A106,U.S. Senate,,Republican,Andy BARR,44,3,41,0,0
Boyd,A106,U.S. Senate,,Republican,"Valerie ""Dr Val"" FREDRICK",1,0,1,0,0
Boyd,A106,U.S. Senate,,Republican,A. Nick SHELLEY,0,0,0,0,0
Boyd,A106,U.S. Senate,,Republican,James D. DUNCAN,0,0,0,0,0
Boyd,A106,U.S. Senate,,Republican,Michael James FARIS,0,0,0,0,0
Boyd,A106,U.S. Senate,,Republican,Anissa CATLETT,1,1,0,0,0
Boyd,A106,U.S. Senate,,Republican,Other Donald WENZEL,0,0,0,0,0
Boyd,A106,U.S. Senate,,Republican,Jimmy I. LEON,0,0,0,0,0
Boyd,A106,U.S. Senate,,Republican,George WASHINGTON,2,0,2,0,0
Boyd,A106,U.S. Senate,,,Under Votes,5,0,5,0,0
Boyd,A106,U.S. Senate,,,Over Votes,0,0,0,0,0
Boyd,A106,Ballots Cast,,,,138,,,,
Boyd,A106,U.S. House,5,Republican,Kevin SMITH,11,0,11,0,0
Boyd,A106,U.S. House,5,Republican,Benjamin HURLEY,7,2,5,0,0
Boyd,A106,U.S. House,5,Republican,Hal ROGERS,55,4,50,1,0
Boyd,A106,U.S. House,5,Republican,Jerry Lee SHELTON,5,2,3,0,0
Boyd,A106,U.S. House,5,Republican,Brandon R. MONHOLLEN,3,0,3,0,0
Boyd,A106,U.S. House,5,,Under Votes,4,0,4,0,0
Boyd,A106,U.S. House,5,,Over Votes,0,0,0,0,0
Boyd,A106,Property Valuation Administrator,,,Brandon Reid RAMSEY,39,3,36,0,0
Boyd,A106,Property Valuation Administrator,,,"Homer I. ""Jay"" WOODS JR.",40,4,35,1,0
Boyd,A106,Property Valuation Administrator,,,Under Votes,6,1,5,0,0
Boyd,A106,Property Valuation Administrator,,,Over Votes,0,0,0,0,0
Boyd,A106,County Attorney,,,Curtis DOTSON,56,6,49,1,0
Boyd,A106,County Attorney,,,Katee Elizabeth NELTNER,24,1,23,0,0
Boyd,A106,County Attorney,,,Under Votes,4,1,3,0,0
Boyd,A106,County Attorney,,,Over Votes,1,0,1,0,0
Boyd,A106,Sheriff,,,"James ""Jamie"" REIHS",66,7,58,1,0
Boyd,A106,Sheriff,,,John DANIELS,16,0,16,0,0
Boyd,A106,Sheriff,,,Under Votes,3,1,2,0,0
Boyd,A106,Sheriff,,,Over Votes,0,0,0,0,0
Boyd,A106,County Commissioner 1st District,,,"James ""Boo"" KING",10,2,8,0,0
Boyd,A106,County Commissioner 1st District,,,John Michael CONLEY,14,2,12,0,0
Boyd,A106,County Commissioner 1st District,,,David SALISBURY,44,3,41,0,0
Boyd,A106,County Commissioner 1st District,,,Heather MOORE,10,0,9,1,0
Boyd,A106,County Commissioner 1st District,,,Keith WATTS,1,0,1,0,0
Boyd,A106,County Commissioner 1st District,,,Under Votes,6,1,5,0,0
Boyd,A106,County Commissioner 1st District,,,Over Votes,0,0,0,0,0
Boyd,A106,County Commissioner 3rd District,,,Randy STAPLETON,56,7,48,1,0
Boyd,A106,County Commissioner 3rd District,,,"William ""Bud"" STEVENS JR.",22,0,22,0,0
Boyd,A106,County Commissioner 3rd District,,,Under Votes,7,1,6,0,0
Boyd,A106,County Commissioner 3rd District,,,Over Votes,0,0,0,0,0
Boyd,A106,Constable,,,Aaron S. PROFIT,36,3,32,1,0
Boyd,A106,Constable,,,Brian K. RAMSDELL,38,5,33,0,0
Boyd,A106,Constable,,,Under Votes,11,0,11,0,0
Boyd,A106,Constable,,,Over Votes,0,0,0,0,0
Boyd,A106,U.S. Senate,,Democratic,Vincent Anthony THOMPSON,1,0,1,0,0
Boyd,A106,U.S. Senate,,Democratic,Amy McGRATH,21,4,16,1,0
Boyd,A106,U.S. Senate,,Democratic,Dale Lewis ROMANS,2,0,2,0,0
Boyd,A106,U.S. Senate,,Democratic,Charles BOOKER,20,1,18,1,0
Boyd,A106,U.S. Senate,,Democratic,Pamela STEVENSON,1,0,1,0,0
Boyd,A106,U.S. Senate,,Democratic,Joshua BLANTON SR.,5,0,3,0,2
Boyd,A106,U.S. Senate,,Democratic,Logan FORSYTHE,2,0,2,0,0
Boyd,A107,U.S. Senate,,Republican,Daniel CAMERON,60,3,57,0,0
Boyd,A107,U.S. Senate,,Republican,Jonathan M. HOLLIDAY,2,0,2,0,0
Boyd,A107,U.S. Senate,,Republican,Andy BARR,105,10,95,0,0
Boyd,A107,U.S. Senate,,Republican,"Valerie ""Dr Val"" FREDRICK",2,1,1,0,0
Boyd,A107,U.S. Senate,,Republican,A. Nick SHELLEY,2,0,2,0,0
Boyd,A107,U.S. Senate,,Republican,James D. DUNCAN,3,0,3,0,0
Boyd,A107,U.S. Senate,,Republican,Michael James FARIS,9,1,6,2,0
Boyd,A107,U.S. Senate,,Republican,Anissa CATLETT,0,0,0,0,0
Boyd,A107,U.S. Senate,,Republican,Other Donald WENZEL,0,0,0,0,0
Boyd,A107,U.S. Senate,,Republican,Jimmy I. LEON,0,0,0,0,0
Boyd,A107,U.S. Senate,,Republican,George WASHINGTON,2,2,0,0,0
Boyd,A107,U.S. Senate,,,Under Votes,7,0,7,0,0
Boyd,A107,U.S. Senate,,,Over Votes,0,0,0,0,0
Boyd,A107,Ballots Cast,,,,272,,,,
Boyd,A107,U.S. House,5,Republican,Kevin SMITH,31,3,28,0,0
Boyd,A107,U.S. House,5,Republican,Benjamin HURLEY,23,2,19,2,0
Boyd,A107,U.S. House,5,Republican,Hal ROGERS,119,12,107,0,0
Boyd,A107,U.S. House,5,Republican,Jerry Lee SHELTON,9,1,8,0,0
Boyd,A107,U.S. House,5,Republican,Brandon R. MONHOLLEN,7,1,6,0,0
Boyd,A107,U.S. House,5,,Under Votes,15,0,15,0,0
Boyd,A107,U.S. House,5,,Over Votes,0,0,0,0,0
Boyd,A107,Property Valuation Administrator,,,Brandon Reid RAMSEY,68,7,61,0,0
Boyd,A107,Property Valuation Administrator,,,"Homer I. ""Jay"" WOODS JR.",120,11,107,2,0
Boyd,A107,Property Valuation Administrator,,,Under Votes,16,1,15,0,0
Boyd,A107,Property Valuation Administrator,,,Over Votes,0,0,0,0,0
Boyd,A107,County Attorney,,,Curtis DOTSON,140,13,127,0,0
Boyd,A107,County Attorney,,,Katee Elizabeth NELTNER,55,6,47,2,0
Boyd,A107,County Attorney,,,Under Votes,9,0,9,0,0
Boyd,A107,County Attorney,,,Over Votes,0,0,0,0,0
Boyd,A107,Sheriff,,,"James ""Jamie"" REIHS",145,17,126,2,0
Boyd,A107,Sheriff,,,John DANIELS,57,2,55,0,0
Boyd,A107,Sheriff,,,Under Votes,2,0,2,0,0
Boyd,A107,Sheriff,,,Over Votes,0,0,0,0,0
Boyd,A107,County Commissioner 1st District,,,"James ""Boo"" KING",72,5,67,0,0
Boyd,A107,County Commissioner 1st District,,,John Michael CONLEY,18,1,17,0,0
Boyd,A107,County Commissioner 1st District,,,David SALISBURY,61,9,52,0,0
Boyd,A107,County Commissioner 1st District,,,Heather MOORE,25,1,22,2,0
Boyd,A107,County Commissioner 1st District,,,Keith WATTS,20,2,18,0,0
Boyd,A107,County Commissioner 1st District,,,Under Votes,8,1,7,0,0
Boyd,A107,County Commissioner 1st District,,,Over Votes,0,0,0,0,0
Boyd,A107,County Commissioner 3rd District,,,Randy STAPLETON,102,9,91,2,0
Boyd,A107,County Commissioner 3rd District,,,"William ""Bud"" STEVENS JR.",87,9,78,0,0
Boyd,A107,County Commissioner 3rd District,,,Under Votes,15,1,14,0,0
Boyd,A107,County Commissioner 3rd District,,,Over Votes,0,0,0,0,0
Boyd,A107,Constable,,,Aaron S. PROFIT,81,6,73,2,0
Boyd,A107,Constable,,,Brian K. RAMSDELL,107,13,94,0,0
Boyd,A107,Constable,,,Under Votes,16,0,16,0,0
Boyd,A107,Constable,,,Over Votes,0,0,0,0,0
Boyd,A107,U.S. Senate,,Democratic,Vincent Anthony THOMPSON,6,0,6,0,0
Boyd,A107,U.S. Senate,,Democratic,Amy McGRATH,29,1,27,1,0
Boyd,A107,U.S. Senate,,Democratic,Dale Lewis ROMANS,3,0,3,0,0
Boyd,A107,U.S. Senate,,Democratic,Charles BOOKER,21,3,17,1,0
Boyd,A107,U.S. Senate,,Democratic,Pamela STEVENSON,2,0,2,0,0
Boyd,A107,U.S. Senate,,Democratic,Joshua BLANTON SR.,4,0,4,0,0
Boyd,A107,U.S. Senate,,Democratic,Logan FORSYTHE,3,0,3,0,0
Boyd,A108,U.S. Senate,,Republican,Daniel CAMERON,23,2,20,1,0
Boyd,A108,U.S. Senate,,Republican,Jonathan M. HOLLIDAY,2,0,2,0,0
Boyd,A108,U.S. Senate,,Republican,Andy BARR,35,1,34,0,0
Boyd,A108,U.S. Senate,,Republican,"Valerie ""Dr Val"" FREDRICK",1,1,0,0,0
Boyd,A108,U.S. Senate,,Republican,A. Nick SHELLEY,0,0,0,0,0
Boyd,A108,U.S. Senate,,Republican,James D. DUNCAN,2,0,2,0,0
Boyd,A108,U.S. Senate,,Republican,Michael James FARIS,2,0,2,0,0
Boyd,A108,U.S. Senate,,Republican,Anissa CATLETT,0,0,0,0,0
Boyd,A108,U.S. Senate,,Republican,Other Donald WENZEL,1,0,1,0,0
Boyd,A108,U.S. Senate,,Republican,Jimmy I. LEON,0,0,0,0,0
Boyd,A108,U.S. Senate,,Republican,George WASHINGTON,1,0,1,0,0
Boyd,A108,U.S. Senate,,,Under Votes,3,0,3,0,0
Boyd,A108,U.S. Senate,,,Over Votes,0,0,0,0,0
Boyd,A108,Ballots Cast,,,,114,,,,
Boyd,A108,U.S. House,5,Republican,Kevin SMITH,11,0,11,0,0
Boyd,A108,U.S. House,5,Republican,Benjamin HURLEY,9,0,9,0,0
Boyd,A108,U.S. House,5,Republican,Hal ROGERS,42,3,38,1,0
Boyd,A108,U.S. House,5,Republican,Jerry Lee SHELTON,2,0,2,0,0
Boyd,A108,U.S. House,5,Republican,Brandon R. MONHOLLEN,2,0,2,0,0
Boyd,A108,U.S. House,5,,Under Votes,6,1,5,0,0
Boyd,A108,U.S. House,5,,Over Votes,0,0,0,0,0
Boyd,A108,Property Valuation Administrator,,,Brandon Reid RAMSEY,31,0,31,0,0
Boyd,A108,Property Valuation Administrator,,,"Homer I. ""Jay"" WOODS JR.",38,4,33,1,0
Boyd,A108,Property Valuation Administrator,,,Under Votes,3,0,3,0,0
Boyd,A108,Property Valuation Administrator,,,Over Votes,0,0,0,0,0
Boyd,A108,County Attorney,,,Curtis DOTSON,53,3,49,1,0
Boyd,A108,County Attorney,,,Katee Elizabeth NELTNER,17,1,16,0,0
Boyd,A108,County Attorney,,,Under Votes,2,0,2,0,0
Boyd,A108,County Attorney,,,Over Votes,0,0,0,0,0
Boyd,A108,Sheriff,,,"James ""Jamie"" REIHS",50,4,45,1,0
Boyd,A108,Sheriff,,,John DANIELS,21,0,21,0,0
Boyd,A108,Sheriff,,,Under Votes,1,0,1,0,0
Boyd,A108,Sheriff,,,Over Votes,0,0,0,0,0
Boyd,A108,County Commissioner 1st District,,,"James ""Boo"" KING",13,1,12,0,0
Boyd,A108,County Commissioner 1st District,,,John Michael CONLEY,13,0,12,1,0
Boyd,A108,County Commissioner 1st District,,,David SALISBURY,25,1,24,0,0
Boyd,A108,County Commissioner 1st District,,,Heather MOORE,11,1,10,0,0
Boyd,A108,County Commissioner 1st District,,,Keith WATTS,10,1,9,0,0
Boyd,A108,County Commissioner 1st District,,,Under Votes,0,0,0,0,0
Boyd,A108,County Commissioner 1st District,,,Over Votes,0,0,0,0,0
Boyd,A108,County Commissioner 3rd District,,,Randy STAPLETON,40,4,35,1,0
Boyd,A108,County Commissioner 3rd District,,,"William ""Bud"" STEVENS JR.",28,0,28,0,0
Boyd,A108,County Commissioner 3rd District,,,Under Votes,4,0,4,0,0
Boyd,A108,County Commissioner 3rd District,,,Over Votes,0,0,0,0,0
Boyd,A108,Constable,,,Aaron S. PROFIT,39,1,37,1,0
Boyd,A108,Constable,,,Brian K. RAMSDELL,26,2,24,0,0
Boyd,A108,Constable,,,Under Votes,7,1,6,0,0
Boyd,A108,Constable,,,Over Votes,0,0,0,0,0
Boyd,A108,U.S. Senate,,Democratic,Vincent Anthony THOMPSON,3,0,2,1,0
Boyd,A108,U.S. Senate,,Democratic,Amy McGRATH,15,1,14,0,0
Boyd,A108,U.S. Senate,,Democratic,Dale Lewis ROMANS,0,0,0,0,0
Boyd,A108,U.S. Senate,,Democratic,Charles BOOKER,15,0,12,3,0
Boyd,A108,U.S. Senate,,Democratic,Pamela STEVENSON,2,0,2,0,0
Boyd,A108,U.S. Senate,,Democratic,Joshua BLANTON SR.,5,0,5,0,0
Boyd,A108,U.S. Senate,,Democratic,Logan FORSYTHE,2,2,0,0,0
Boyd,A109,U.S. Senate,,Republican,Daniel CAMERON,32,5,27,0,0
Boyd,A109,U.S. Senate,,Republican,Jonathan M. HOLLIDAY,0,0,0,0,0
Boyd,A109,U.S. Senate,,Republican,Andy BARR,35,6,29,0,0
Boyd,A109,U.S. Senate,,Republican,"Valerie ""Dr Val"" FREDRICK",1,0,1,0,0
Boyd,A109,U.S. Senate,,Republican,A. Nick SHELLEY,0,0,0,0,0
Boyd,A109,U.S. Senate,,Republican,James D. DUNCAN,2,0,2,0,0
Boyd,A109,U.S. Senate,,Republican,Michael James FARIS,4,3,1,0,0
Boyd,A109,U.S. Senate,,Republican,Anissa CATLETT,1,0,1,0,0
Boyd,A109,U.S. Senate,,Republican,Other Donald WENZEL,0,0,0,0,0
Boyd,A109,U.S. Senate,,Republican,Jimmy I. LEON,0,0,0,0,0
Boyd,A109,U.S. Senate,,Republican,George WASHINGTON,0,0,0,0,0
Boyd,A109,U.S. Senate,,,Under Votes,2,0,2,0,0
Boyd,A109,U.S. Senate,,,Over Votes,0,0,0,0,0
Boyd,A109,Ballots Cast,,,,109,,,,
Boyd,A109,U.S. House,5,Republican,Kevin SMITH,8,1,7,0,0
Boyd,A109,U.S. House,5,Republican,Benjamin HURLEY,14,5,9,0,0
Boyd,A109,U.S. House,5,Republican,Hal ROGERS,53,11,42,0,0
Boyd,A109,U.S. House,5,Republican,Jerry Lee SHELTON,2,0,2,0,0
Boyd,A109,U.S. House,5,Republican,Brandon R. MONHOLLEN,3,0,3,0,0
Boyd,A109,U.S. House,5,,Under Votes,6,0,6,0,0
Boyd,A109,U.S. House,5,,Over Votes,0,0,0,0,0
Boyd,A109,Property Valuation Administrator,,,Brandon Reid RAMSEY,37,9,28,0,0
Boyd,A109,Property Valuation Administrator,,,"Homer I. ""Jay"" WOODS JR.",43,7,36,0,0
Boyd,A109,Property Valuation Administrator,,,Under Votes,6,1,5,0,0
Boyd,A109,Property Valuation Administrator,,,Over Votes,0,0,0,0,0
Boyd,A109,County Attorney,,,Curtis DOTSON,52,13,39,0,0
Boyd,A109,County Attorney,,,Katee Elizabeth NELTNER,29,3,26,0,0
Boyd,A109,County Attorney,,,Under Votes,5,1,4,0,0
Boyd,A109,County Attorney,,,Over Votes,0,0,0,0,0
Boyd,A109,Sheriff,,,"James ""Jamie"" REIHS",68,16,52,0,0
Boyd,A109,Sheriff,,,John DANIELS,18,1,17,0,0
Boyd,A109,Sheriff,,,Under Votes,0,0,0,0,0
Boyd,A109,Sheriff,,,Over Votes,0,0,0,0,0
Boyd,A109,County Commissioner 1st District,,,"James ""Boo"" KING",12,3,9,0,0
Boyd,A109,County Commissioner 1st District,,,John Michael CONLEY,11,4,7,0,0
Boyd,A109,County Commissioner 1st District,,,David SALISBURY,23,2,21,0,0
Boyd,A109,County Commissioner 1st District,,,Heather MOORE,11,2,9,0,0
Boyd,A109,County Commissioner 1st District,,,Keith WATTS,26,6,20,0,0
Boyd,A109,County Commissioner 1st District,,,Under Votes,3,0,3,0,0
Boyd,A109,County Commissioner 1st District,,,Over Votes,0,0,0,0,0
Boyd,A109,County Commissioner 3rd District,,,Randy STAPLETON,42,9,33,0,0
Boyd,A109,County Commissioner 3rd District,,,"William ""Bud"" STEVENS JR.",36,8,28,0,0
Boyd,A109,County Commissioner 3rd District,,,Under Votes,8,0,8,0,0
Boyd,A109,County Commissioner 3rd District,,,Over Votes,0,0,0,0,0
Boyd,A109,Constable,,,Aaron S. PROFIT,30,8,22,0,0
Boyd,A109,Constable,,,Brian K. RAMSDELL,47,7,40,0,0
Boyd,A109,Constable,,,Under Votes,9,2,7,0,0
Boyd,A109,Constable,,,Over Votes,0,0,0,0,0
Boyd,A109,U.S. Senate,,Democratic,Vincent Anthony THOMPSON,1,0,1,0,0
Boyd,A109,U.S. Senate,,Democratic,Amy McGRATH,12,2,10,0,0
Boyd,A109,U.S. Senate,,Democratic,Dale Lewis ROMANS,0,0,0,0,0
Boyd,A109,U.S. Senate,,Democratic,Charles BOOKER,5,0,5,0,0
Boyd,A109,U.S. Senate,,Democratic,Pamela STEVENSON,3,1,2,0,0
Boyd,A109,U.S. Senate,,Democratic,Joshua BLANTON SR.,1,0,1,0,0
Boyd,A109,U.S. Senate,,Democratic,Logan FORSYTHE,1,0,1,0,0
Boyd,A110,U.S. Senate,,Republican,Daniel CAMERON,21,3,18,0,0
Boyd,A110,U.S. Senate,,Republican,Jonathan M. HOLLIDAY,0,0,0,0,0
Boyd,A110,U.S. Senate,,Republican,Andy BARR,31,6,25,0,0
Boyd,A110,U.S. Senate,,Republican,"Valerie ""Dr Val"" FREDRICK",1,0,1,0,0
Boyd,A110,U.S. Senate,,Republican,A. Nick SHELLEY,1,0,1,0,0
Boyd,A110,U.S. Senate,,Republican,James D. DUNCAN,1,0,1,0,0
Boyd,A110,U.S. Senate,,Republican,Michael James FARIS,2,0,2,0,0
Boyd,A110,U.S. Senate,,Republican,Anissa CATLETT,0,0,0,0,0
Boyd,A110,U.S. Senate,,Republican,Other Donald WENZEL,0,0,0,0,0
Boyd,A110,U.S. Senate,,Republican,Jimmy I. LEON,0,0,0,0,0
Boyd,A110,U.S. Senate,,Republican,George WASHINGTON,1,0,1,0,0
Boyd,A110,U.S. Senate,,,Under Votes,9,0,6,3,0
Boyd,A110,U.S. Senate,,,Over Votes,0,0,0,0,0
Boyd,A110,Ballots Cast,,,,128,,,,
Boyd,A110,U.S. House,5,Republican,Kevin SMITH,7,1,6,0,0
Boyd,A110,U.S. House,5,Republican,Benjamin HURLEY,11,2,9,0,0
Boyd,A110,U.S. House,5,Republican,Hal ROGERS,30,6,24,0,0
Boyd,A110,U.S. House,5,Republican,Jerry Lee SHELTON,2,0,2,0,0
Boyd,A110,U.S. House,5,Republican,Brandon R. MONHOLLEN,5,0,5,0,0
Boyd,A110,U.S. House,5,,Under Votes,10,0,10,0,0
Boyd,A110,U.S. House,5,,Over Votes,0,0,0,0,0
Boyd,A110,Property Valuation Administrator,,,Brandon Reid RAMSEY,30,1,29,0,0
Boyd,A110,Property Valuation Administrator,,,"Homer I. ""Jay"" WOODS JR.",27,8,19,0,0
Boyd,A110,Property Valuation Administrator,,,Under Votes,8,0,8,0,0
Boyd,A110,Property Valuation Administrator,,,Over Votes,0,0,0,0,0
Boyd,A110,County Attorney,,,Curtis DOTSON,42,7,35,0,0
Boyd,A110,County Attorney,,,Katee Elizabeth NELTNER,21,2,19,0,0
Boyd,A110,County Attorney,,,Under Votes,2,0,2,0,0
Boyd,A110,County Attorney,,,Over Votes,0,0,0,0,0
Boyd,A110,Sheriff,,,"James ""Jamie"" REIHS",52,7,45,0,0
Boyd,A110,Sheriff,,,John DANIELS,13,2,11,0,0
Boyd,A110,Sheriff,,,Under Votes,0,0,0,0,0
Boyd,A110,Sheriff,,,Over Votes,0,0,0,0,0
Boyd,A110,County Commissioner 1st District,,,"James ""Boo"" KING",17,3,14,0,0
Boyd,A110,County Commissioner 1st District,,,John Michael CONLEY,6,0,6,0,0
Boyd,A110,County Commissioner 1st District,,,David SALISBURY,19,1,18,0,0
Boyd,A110,County Commissioner 1st District,,,Heather MOORE,11,5,6,0,0
Boyd,A110,County Commissioner 1st District,,,Keith WATTS,6,0,6,0,0
Boyd,A110,County Commissioner 1st District,,,Under Votes,5,0,5,0,0
Boyd,A110,County Commissioner 1st District,,,Over Votes,1,0,1,0,0
Boyd,A110,County Commissioner 3rd District,,,Randy STAPLETON,24,1,23,0,0
Boyd,A110,County Commissioner 3rd District,,,"William ""Bud"" STEVENS JR.",32,7,25,0,0
Boyd,A110,County Commissioner 3rd District,,,Under Votes,9,1,8,0,0
Boyd,A110,County Commissioner 3rd District,,,Over Votes,0,0,0,0,0
Boyd,A110,Constable,,,Aaron S. PROFIT,29,3,26,0,0
Boyd,A110,Constable,,,Brian K. RAMSDELL,28,6,22,0,0
Boyd,A110,Constable,,,Under Votes,8,0,8,0,0
Boyd,A110,Constable,,,Over Votes,0,0,0,0,0
Boyd,A110,U.S. Senate,,Democratic,Vincent Anthony THOMPSON,3,0,3,0,0
Boyd,A110,U.S. Senate,,Democratic,Amy McGRATH,21,3,17,1,0
Boyd,A110,U.S. Senate,,Democratic,Dale Lewis ROMANS,3,0,3,0,0
Boyd,A110,U.S. Senate,,Democratic,Charles BOOKER,10,0,10,0,0
Boyd,A110,U.S. Senate,,Democratic,Pamela STEVENSON,3,0,3,0,0
Boyd,A110,U.S. Senate,,Democratic,Joshua BLANTON SR.,6,0,6,0,0
Boyd,A110,U.S. Senate,,Democratic,Logan FORSYTHE,2,0,2,0,0
Boyd,A110,City Commissioners City of Ashland,,,Timothy RENFROE,52,7,44,1,0
Boyd,A110,City Commissioners City of Ashland,,,Clayton E. WILLS,14,0,14,0,0
Boyd,A110,City Commissioners City of Ashland,,,Marty GUTE,53,5,48,0,0
Boyd,A110,City Commissioners City of Ashland,,,Jeremy LOWRANCE,18,2,16,0,0
Boyd,A110,City Commissioners City of Ashland,,,"David J. ""DJ"" RYMER II.",84,11,70,3,0
Boyd,A110,City Commissioners City of Ashland,,,Socrates MAROUDIS,25,2,22,1,0
Boyd,A110,City Commissioners City of Ashland,,,Fred UNRUE,32,3,29,0,0
Boyd,A110,City Commissioners City of Ashland,,,Amanda CLARK,34,2,30,2,0
Boyd,A110,City Commissioners City of Ashland,,,Heather HAYES,35,3,31,1,0
Boyd,A110,City Commissioners City of Ashland,,,Under Votes,165,17,140,8,0
Boyd,A110,City Commissioners City of Ashland,,,Over Votes,0,0,0,0,0
Boyd,A111,U.S. Senate,,Republican,Daniel CAMERON,23,0,23,0,0
Boyd,A111,U.S. Senate,,Republican,Jonathan M. HOLLIDAY,0,0,0,0,0
Boyd,A111,U.S. Senate,,Republican,Andy BARR,34,5,27,0,2
Boyd,A111,U.S. Senate,,Republican,"Valerie ""Dr Val"" FREDRICK",2,0,2,0,0
Boyd,A111,U.S. Senate,,Republican,A. Nick SHELLEY,0,0,0,0,0
Boyd,A111,U.S. Senate,,Republican,James D. DUNCAN,1,0,1,0,0
Boyd,A111,U.S. Senate,,Republican,Michael James FARIS,3,0,3,0,0
Boyd,A111,U.S. Senate,,Republican,Anissa CATLETT,1,0,1,0,0
Boyd,A111,U.S. Senate,,Republican,Other Donald WENZEL,2,0,2,0,0
Boyd,A111,U.S. Senate,,Republican,Jimmy I. LEON,1,0,1,0,0
Boyd,A111,U.S. Senate,,Republican,George WASHINGTON,2,0,2,0,0
Boyd,A111,U.S. Senate,,,Under Votes,8,0,8,0,0
Boyd,A111,U.S. Senate,,,Over Votes,0,0,0,0,0
Boyd,A111,Ballots Cast,,,,145,,,,
Boyd,A111,U.S. House,5,Republican,Kevin SMITH,15,2,12,0,1
Boyd,A111,U.S. House,5,Republican,Benjamin HURLEY,9,0,9,0,0
Boyd,A111,U.S. House,5,Republican,Hal ROGERS,36,3,32,0,1
Boyd,A111,U.S. House,5,Republican,Jerry Lee SHELTON,3,0,3,0,0
Boyd,A111,U.S. House,5,Republican,Brandon R. MONHOLLEN,3,0,3,0,0
Boyd,A111,U.S. House,5,,Under Votes,13,0,13,0,0
Boyd,A111,U.S. House,5,,Over Votes,0,0,0,0,0
Boyd,A111,Property Valuation Administrator,,,Brandon Reid RAMSEY,18,1,16,0,1
Boyd,A111,Property Valuation Administrator,,,"Homer I. ""Jay"" WOODS JR.",39,4,35,0,0
Boyd,A111,Property Valuation Administrator,,,Under Votes,22,0,21,0,1
Boyd,A111,Property Valuation Administrator,,,Over Votes,0,0,0,0,0
Boyd,A111,County Attorney,,,Curtis DOTSON,39,2,36,0,1
Boyd,A111,County Attorney,,,Katee Elizabeth NELTNER,29,3,26,0,0
Boyd,A111,County Attorney,,,Under Votes,11,0,10,0,1
Boyd,A111,County Attorney,,,Over Votes,0,0,0,0,0
Boyd,A111,Sheriff,,,"James ""Jamie"" REIHS",59,4,55,0,0
Boyd,A111,Sheriff,,,John DANIELS,16,1,14,0,1
Boyd,A111,Sheriff,,,Under Votes,4,0,3,0,1
Boyd,A111,Sheriff,,,Over Votes,0,0,0,0,0
Boyd,A111,County Commissioner 1st District,,,"James ""Boo"" KING",19,1,18,0,0
Boyd,A111,County Commissioner 1st District,,,John Michael CONLEY,7,3,4,0,0
Boyd,A111,County Commissioner 1st District,,,David SALISBURY,25,1,24,0,0
Boyd,A111,County Commissioner 1st District,,,Heather MOORE,12,0,11,0,1
Boyd,A111,County Commissioner 1st District,,,Keith WATTS,7,0,7,0,0
Boyd,A111,County Commissioner 1st District,,,Under Votes,9,0,8,0,1
Boyd,A111,County Commissioner 1st District,,,Over Votes,0,0,0,0,0
Boyd,A111,County Commissioner 3rd District,,,Randy STAPLETON,32,1,30,0,1
Boyd,A111,County Commissioner 3rd District,,,"William ""Bud"" STEVENS JR.",32,4,28,0,0
Boyd,A111,County Commissioner 3rd District,,,Under Votes,15,0,14,0,1
Boyd,A111,County Commissioner 3rd District,,,Over Votes,0,0,0,0,0
Boyd,A111,Constable,,,Aaron S. PROFIT,27,2,25,0,0
Boyd,A111,Constable,,,Brian K. RAMSDELL,26,2,24,0,0
Boyd,A111,Constable,,,Under Votes,26,1,23,0,2
Boyd,A111,Constable,,,Over Votes,0,0,0,0,0
Boyd,A111,U.S. Senate,,Democratic,Vincent Anthony THOMPSON,1,0,1,0,0
Boyd,A111,U.S. Senate,,Democratic,Amy McGRATH,27,1,26,0,0
Boyd,A111,U.S. Senate,,Democratic,Dale Lewis ROMANS,0,0,0,0,0
Boyd,A111,U.S. Senate,,Democratic,Charles BOOKER,23,1,22,0,0
Boyd,A111,U.S. Senate,,Democratic,Pamela STEVENSON,1,0,1,0,0
Boyd,A111,U.S. Senate,,Democratic,Joshua BLANTON SR.,5,2,3,0,0
Boyd,A111,U.S. Senate,,Democratic,Logan FORSYTHE,1,0,1,0,0
Boyd,A111,City Commissioners City of Ashland,,,Timothy RENFROE,61,4,57,0,0
Boyd,A111,City Commissioners City of Ashland,,,Clayton E. WILLS,21,0,21,0,0
Boyd,A111,City Commissioners City of Ashland,,,Marty GUTE,59,5,53,0,1
Boyd,A111,City Commissioners City of Ashland,,,Jeremy LOWRANCE,22,0,22,0,0
Boyd,A111,City Commissioners City of Ashland,,,"David J. ""DJ"" RYMER II.",95,9,86,0,0
Boyd,A111,City Commissioners City of Ashland,,,Socrates MAROUDIS,38,5,32,0,1
Boyd,A111,City Commissioners City of Ashland,,,Fred UNRUE,24,0,24,0,0
Boyd,A111,City Commissioners City of Ashland,,,Amanda CLARK,41,6,35,0,0
Boyd,A111,City Commissioners City of Ashland,,,Heather HAYES,36,1,35,0,0
Boyd,A111,City Commissioners City of Ashland,,,Under Votes,183,6,171,0,6
Boyd,A111,City Commissioners City of Ashland,,,Over Votes,0,0,0,0,0
Boyd,A113,U.S. Senate,,Republican,Daniel CAMERON,30,1,27,1,1
Boyd,A113,U.S. Senate,,Republican,Jonathan M. HOLLIDAY,1,0,1,0,0
Boyd,A113,U.S. Senate,,Republican,Andy BARR,52,1,51,0,0
Boyd,A113,U.S. Senate,,Republican,"Valerie ""Dr Val"" FREDRICK",4,1,3,0,0
Boyd,A113,U.S. Senate,,Republican,A. Nick SHELLEY,0,0,0,0,0
Boyd,A113,U.S. Senate,,Republican,James D. DUNCAN,0,0,0,0,0
Boyd,A113,U.S. Senate,,Republican,Michael James FARIS,6,1,5,0,0
Boyd,A113,U.S. Senate,,Republican,Anissa CATLETT,0,0,0,0,0
Boyd,A113,U.S. Senate,,Republican,Other Donald WENZEL,0,0,0,0,0
Boyd,A113,U.S. Senate,,Republican,Jimmy I. LEON,0,0,0,0,0
Boyd,A113,U.S. Senate,,Republican,George WASHINGTON,2,0,1,1,0
Boyd,A113,U.S. Senate,,,Under Votes,9,1,8,0,0
Boyd,A113,U.S. Senate,,,Over Votes,1,0,1,0,0
Boyd,A113,Ballots Cast,,,,190,,,,
Boyd,A113,U.S. House,5,Republican,Kevin SMITH,15,1,14,0,0
Boyd,A113,U.S. House,5,Republican,Benjamin HURLEY,8,1,7,0,0
Boyd,A113,U.S. House,5,Republican,Hal ROGERS,64,1,62,1,0
Boyd,A113,U.S. House,5,Republican,Jerry Lee SHELTON,2,0,1,1,0
Boyd,A113,U.S. House,5,Republican,Brandon R. MONHOLLEN,4,0,4,0,0
Boyd,A113,U.S. House,5,,Under Votes,11,2,8,0,1
Boyd,A113,U.S. House,5,,Over Votes,0,0,0,0,0
Boyd,A113,Property Valuation Administrator,,,Brandon Reid RAMSEY,36,1,34,0,1
Boyd,A113,Property Valuation Administrator,,,"Homer I. ""Jay"" WOODS JR.",56,3,51,2,0
Boyd,A113,Property Valuation Administrator,,,Under Votes,12,1,11,0,0
Boyd,A113,Property Valuation Administrator,,,Over Votes,0,0,0,0,0
Boyd,A113,County Attorney,,,Curtis DOTSON,70,2,66,1,1
Boyd,A113,County Attorney,,,Katee Elizabeth NELTNER,28,2,25,1,0
Boyd,A113,County Attorney,,,Under Votes,6,1,5,0,0
Boyd,A113,County Attorney,,,Over Votes,0,0,0,0,0
Boyd,A113,Sheriff,,,"James ""Jamie"" REIHS",92,5,84,2,1
Boyd,A113,Sheriff,,,John DANIELS,10,0,10,0,0
Boyd,A113,Sheriff,,,Under Votes,1,0,1,0,0
Boyd,A113,Sheriff,,,Over Votes,1,0,1,0,0
Boyd,A113,County Commissioner 1st District,,,"James ""Boo"" KING",45,2,42,0,1
Boyd,A113,County Commissioner 1st District,,,John Michael CONLEY,9,0,9,0,0
Boyd,A113,County Commissioner 1st District,,,David SALISBURY,20,1,19,0,0
Boyd,A113,County Commissioner 1st District,,,Heather MOORE,15,0,13,2,0
Boyd,A113,County Commissioner 1st District,,,Keith WATTS,8,1,7,0,0
Boyd,A113,County Commissioner 1st District,,,Under Votes,7,1,6,0,0
Boyd,A113,County Commissioner 1st District,,,Over Votes,0,0,0,0,0
Boyd,A113,County Commissioner 3rd District,,,Randy STAPLETON,58,2,55,0,1
Boyd,A113,County Commissioner 3rd District,,,"William ""Bud"" STEVENS JR.",30,1,27,2,0
Boyd,A113,County Commissioner 3rd District,,,Under Votes,16,2,14,0,0
Boyd,A113,County Commissioner 3rd District,,,Over Votes,0,0,0,0,0
Boyd,A113,Constable,,,Aaron S. PROFIT,45,1,43,1,0
Boyd,A113,Constable,,,Brian K. RAMSDELL,35,2,32,1,0
Boyd,A113,Constable,,,Under Votes,24,2,21,0,1
Boyd,A113,Constable,,,Over Votes,0,0,0,0,0
Boyd,A113,U.S. Senate,,Democratic,Vincent Anthony THOMPSON,3,2,1,0,0
Boyd,A113,U.S. Senate,,Democratic,Amy McGRATH,34,3,28,3,0
Boyd,A113,U.S. Senate,,Democratic,Dale Lewis ROMANS,2,1,1,0,0
Boyd,A113,U.S. Senate,,Democratic,Charles BOOKER,25,2,22,1,0
Boyd,A113,U.S. Senate,,Democratic,Pamela STEVENSON,1,0,1,0,0
Boyd,A113,U.S. Senate,,Democratic,Joshua BLANTON SR.,9,2,7,0,0
Boyd,A113,U.S. Senate,,Democratic,Logan FORSYTHE,1,0,1,0,0
Boyd,A113,City Commissioners City of Ashland,,,Timothy RENFROE,85,6,77,2,0
Boyd,A113,City Commissioners City of Ashland,,,Clayton E. WILLS,30,3,26,1,0
Boyd,A113,City Commissioners City of Ashland,,,Marty GUTE,68,5,61,2,0
Boyd,A113,City Commissioners City of Ashland,,,Jeremy LOWRANCE,30,1,29,0,0
Boyd,A113,City Commissioners City of Ashland,,,"David J. ""DJ"" RYMER II.",115,6,106,3,0
Boyd,A113,City Commissioners City of Ashland,,,Socrates MAROUDIS,74,4,65,4,1
Boyd,A113,City Commissioners City of Ashland,,,Fred UNRUE,47,6,39,1,1
Boyd,A113,City Commissioners City of Ashland,,,Amanda CLARK,63,4,57,2,0
Boyd,A113,City Commissioners City of Ashland,,,Heather HAYES,48,2,43,3,0
Boyd,A113,City Commissioners City of Ashland,,,Under Votes,200,23,169,6,2
Boyd,A113,City Commissioners City of Ashland,,,Over Votes,0,0,0,0,0
Boyd,A114A,U.S. Senate,,Republican,Daniel CAMERON,2,0,2,0,0
Boyd,A114A,U.S. Senate,,Republican,Jonathan M. HOLLIDAY,0,0,0,0,0
Boyd,A114A,U.S. Senate,,Republican,Andy BARR,4,0,4,0,0
Boyd,A114A,U.S. Senate,,Republican,"Valerie ""Dr Val"" FREDRICK",1,0,0,1,0
Boyd,A114A,U.S. Senate,,Republican,A. Nick SHELLEY,0,0,0,0,0
Boyd,A114A,U.S. Senate,,Republican,James D. DUNCAN,0,0,0,0,0
Boyd,A114A,U.S. Senate,,Republican,Michael James FARIS,0,0,0,0,0
Boyd,A114A,U.S. Senate,,Republican,Anissa CATLETT,1,0,1,0,0
Boyd,A114A,U.S. Senate,,Republican,Other Donald WENZEL,0,0,0,0,0
Boyd,A114A,U.S. Senate,,Republican,Jimmy I. LEON,0,0,0,0,0
Boyd,A114A,U.S. Senate,,Republican,George WASHINGTON,0,0,0,0,0
Boyd,A114A,U.S. Senate,,,Under Votes,1,0,1,0,0
Boyd,A114A,U.S. Senate,,,Over Votes,0,0,0,0,0
Boyd,A114A,Ballots Cast,,,,26,,,,
Boyd,A114A,U.S. House,5,Republican,Kevin SMITH,0,0,0,0,0
Boyd,A114A,U.S. House,5,Republican,Benjamin HURLEY,2,0,1,1,0
Boyd,A114A,U.S. House,5,Republican,Hal ROGERS,5,0,5,0,0
Boyd,A114A,U.S. House,5,Republican,Jerry Lee SHELTON,0,0,0,0,0
Boyd,A114A,U.S. House,5,Republican,Brandon R. MONHOLLEN,1,0,1,0,0
Boyd,A114A,U.S. House,5,,Under Votes,1,0,1,0,0
Boyd,A114A,U.S. House,5,,Over Votes,0,0,0,0,0
Boyd,A114A,Property Valuation Administrator,,,Brandon Reid RAMSEY,3,0,3,0,0
Boyd,A114A,Property Valuation Administrator,,,"Homer I. ""Jay"" WOODS JR.",5,0,4,1,0
Boyd,A114A,Property Valuation Administrator,,,Under Votes,1,0,1,0,0
Boyd,A114A,Property Valuation Administrator,,,Over Votes,0,0,0,0,0
Boyd,A114A,County Attorney,,,Curtis DOTSON,5,0,4,1,0
Boyd,A114A,County Attorney,,,Katee Elizabeth NELTNER,3,0,3,0,0
Boyd,A114A,County Attorney,,,Under Votes,1,0,1,0,0
Boyd,A114A,County Attorney,,,Over Votes,0,0,0,0,0
Boyd,A114A,Sheriff,,,"James ""Jamie"" REIHS",7,0,7,0,0
Boyd,A114A,Sheriff,,,John DANIELS,2,0,1,1,0
Boyd,A114A,Sheriff,,,Under Votes,0,0,0,0,0
Boyd,A114A,Sheriff,,,Over Votes,0,0,0,0,0
Boyd,A114A,County Commissioner 1st District,,,"James ""Boo"" KING",2,0,2,0,0
Boyd,A114A,County Commissioner 1st District,,,John Michael CONLEY,1,0,1,0,0
Boyd,A114A,County Commissioner 1st District,,,David SALISBURY,0,0,0,0,0
Boyd,A114A,County Commissioner 1st District,,,Heather MOORE,4,0,3,1,0
Boyd,A114A,County Commissioner 1st District,,,Keith WATTS,0,0,0,0,0
Boyd,A114A,County Commissioner 1st District,,,Under Votes,2,0,2,0,0
Boyd,A114A,County Commissioner 1st District,,,Over Votes,0,0,0,0,0
Boyd,A114A,County Commissioner 3rd District,,,Randy STAPLETON,4,0,4,0,0
Boyd,A114A,County Commissioner 3rd District,,,"William ""Bud"" STEVENS JR.",4,0,3,1,0
Boyd,A114A,County Commissioner 3rd District,,,Under Votes,1,0,1,0,0
Boyd,A114A,County Commissioner 3rd District,,,Over Votes,0,0,0,0,0
Boyd,A114A,Constable,,,Aaron S. PROFIT,4,0,3,1,0
Boyd,A114A,Constable,,,Brian K. RAMSDELL,4,0,4,0,0
Boyd,A114A,Constable,,,Under Votes,1,0,1,0,0
Boyd,A114A,Constable,,,Over Votes,0,0,0,0,0
Boyd,A114A,U.S. Senate,,Democratic,Vincent Anthony THOMPSON,1,0,1,0,0
Boyd,A114A,U.S. Senate,,Democratic,Amy McGRATH,4,0,4,0,0
Boyd,A114A,U.S. Senate,,Democratic,Dale Lewis ROMANS,0,0,0,0,0
Boyd,A114A,U.S. Senate,,Democratic,Charles BOOKER,6,0,6,0,0
Boyd,A114A,U.S. Senate,,Democratic,Pamela STEVENSON,1,0,0,1,0
Boyd,A114A,U.S. Senate,,Democratic,Joshua BLANTON SR.,1,0,1,0,0
Boyd,A114A,U.S. Senate,,Democratic,Logan FORSYTHE,0,0,0,0,0
Boyd,A114A,City Commissioners City of Ashland,,,Timothy RENFROE,14,0,13,1,0
Boyd,A114A,City Commissioners City of Ashland,,,Clayton E. WILLS,6,0,6,0,0
Boyd,A114A,City Commissioners City of Ashland,,,Marty GUTE,6,0,5,1,0
Boyd,A114A,City Commissioners City of Ashland,,,Jeremy LOWRANCE,4,0,4,0,0
Boyd,A114A,City Commissioners City of Ashland,,,"David J. ""DJ"" RYMER II.",8,0,7,1,0
Boyd,A114A,City Commissioners City of Ashland,,,Socrates MAROUDIS,4,0,4,0,0
Boyd,A114A,City Commissioners City of Ashland,,,Fred UNRUE,3,0,3,0,0
Boyd,A114A,City Commissioners City of Ashland,,,Amanda CLARK,16,0,15,1,0
Boyd,A114A,City Commissioners City of Ashland,,,Heather HAYES,13,0,11,2,0
Boyd,A114A,City Commissioners City of Ashland,,,Under Votes,30,0,28,2,0
Boyd,A114A,City Commissioners City of Ashland,,,Over Votes,0,0,0,0,0
Boyd,A115,U.S. Senate,,Republican,Daniel CAMERON,29,3,26,0,0
Boyd,A115,U.S. Senate,,Republican,Jonathan M. HOLLIDAY,2,0,1,0,1
Boyd,A115,U.S. Senate,,Republican,Andy BARR,40,3,36,1,0
Boyd,A115,U.S. Senate,,Republican,"Valerie ""Dr Val"" FREDRICK",4,1,2,1,0
Boyd,A115,U.S. Senate,,Republican,A. Nick SHELLEY,0,0,0,0,0
Boyd,A115,U.S. Senate,,Republican,James D. DUNCAN,0,0,0,0,0
Boyd,A115,U.S. Senate,,Republican,Michael James FARIS,2,0,2,0,0
Boyd,A115,U.S. Senate,,Republican,Anissa CATLETT,0,0,0,0,0
Boyd,A115,U.S. Senate,,Republican,Other Donald WENZEL,1,0,1,0,0
Boyd,A115,U.S. Senate,,Republican,Jimmy I. LEON,0,0,0,0,0
Boyd,A115,U.S. Senate,,Republican,George WASHINGTON,4,1,2,1,0
Boyd,A115,U.S. Senate,,,Under Votes,7,1,5,1,0
Boyd,A115,U.S. Senate,,,Over Votes,0,0,0,0,0
Boyd,A115,Ballots Cast,,,,168,,,,
Boyd,A115,U.S. House,5,Republican,Kevin SMITH,11,2,8,0,1
Boyd,A115,U.S. House,5,Republican,Benjamin HURLEY,7,1,6,0,0
Boyd,A115,U.S. House,5,Republican,Hal ROGERS,54,5,46,3,0
Boyd,A115,U.S. House,5,Republican,Jerry Lee SHELTON,6,1,4,1,0
Boyd,A115,U.S. House,5,Republican,Brandon R. MONHOLLEN,2,0,2,0,0
Boyd,A115,U.S. House,5,,Under Votes,16,0,15,1,0
Boyd,A115,U.S. House,5,,Over Votes,0,0,0,0,0
Boyd,A115,Property Valuation Administrator,,,Brandon Reid RAMSEY,30,1,27,1,1
Boyd,A115,Property Valuation Administrator,,,"Homer I. ""Jay"" WOODS JR.",51,7,41,3,0
Boyd,A115,Property Valuation Administrator,,,Under Votes,15,1,13,1,0
Boyd,A115,Property Valuation Administrator,,,Over Votes,0,0,0,0,0
Boyd,A115,County Attorney,,,Curtis DOTSON,55,6,45,3,1
Boyd,A115,County Attorney,,,Katee Elizabeth NELTNER,33,3,29,1,0
Boyd,A115,County Attorney,,,Under Votes,8,0,7,1,0
Boyd,A115,County Attorney,,,Over Votes,0,0,0,0,0
Boyd,A115,Sheriff,,,"James ""Jamie"" REIHS",76,7,64,4,1
Boyd,A115,Sheriff,,,John DANIELS,17,2,14,1,0
Boyd,A115,Sheriff,,,Under Votes,3,0,3,0,0
Boyd,A115,Sheriff,,,Over Votes,0,0,0,0,0
Boyd,A115,County Commissioner 1st District,,,"James ""Boo"" KING",32,1,29,2,0
Boyd,A115,County Commissioner 1st District,,,John Michael CONLEY,15,0,13,1,1
Boyd,A115,County Commissioner 1st District,,,David SALISBURY,20,1,17,2,0
Boyd,A115,County Commissioner 1st District,,,Heather MOORE,15,2,13,0,0
Boyd,A115,County Commissioner 1st District,,,Keith WATTS,6,2,4,0,0
Boyd,A115,County Commissioner 1st District,,,Under Votes,7,2,5,0,0
Boyd,A115,County Commissioner 1st District,,,Over Votes,1,1,0,0,0
Boyd,A115,County Commissioner 3rd District,,,Randy STAPLETON,39,3,32,3,1
Boyd,A115,County Commissioner 3rd District,,,"William ""Bud"" STEVENS JR.",39,4,34,1,0
Boyd,A115,County Commissioner 3rd District,,,Under Votes,18,2,15,1,0
Boyd,A115,County Commissioner 3rd District,,,Over Votes,0,0,0,0,0
Boyd,A115,Constable,,,Aaron S. PROFIT,45,6,36,2,1
Boyd,A115,Constable,,,Brian K. RAMSDELL,38,2,34,2,0
Boyd,A115,Constable,,,Under Votes,13,1,11,1,0
Boyd,A115,Constable,,,Over Votes,0,0,0,0,0
Boyd,A115,U.S. Senate,,Democratic,Vincent Anthony THOMPSON,2,1,1,0,0
Boyd,A115,U.S. Senate,,Democratic,Amy McGRATH,19,0,18,0,1
Boyd,A115,U.S. Senate,,Democratic,Dale Lewis ROMANS,0,0,0,0,0
Boyd,A115,U.S. Senate,,Democratic,Charles BOOKER,45,3,42,0,0
Boyd,A115,U.S. Senate,,Democratic,Pamela STEVENSON,0,0,0,0,0
Boyd,A115,U.S. Senate,,Democratic,Joshua BLANTON SR.,1,0,1,0,0
Boyd,A115,U.S. Senate,,Democratic,Logan FORSYTHE,0,0,0,0,0
Boyd,A115,City Commissioners City of Ashland,,,Timothy RENFROE,83,8,73,1,1
Boyd,A115,City Commissioners City of Ashland,,,Clayton E. WILLS,20,0,20,0,0
Boyd,A115,City Commissioners City of Ashland,,,Marty GUTE,73,9,61,3,0
Boyd,A115,City Commissioners City of Ashland,,,Jeremy LOWRANCE,26,1,24,1,0
Boyd,A115,City Commissioners City of Ashland,,,"David J. ""DJ"" RYMER II.",103,12,84,5,2
Boyd,A115,City Commissioners City of Ashland,,,Socrates MAROUDIS,43,4,37,2,0
Boyd,A115,City Commissioners City of Ashland,,,Fred UNRUE,35,1,30,3,1
Boyd,A115,City Commissioners City of Ashland,,,Amanda CLARK,46,5,38,2,1
Boyd,A115,City Commissioners City of Ashland,,,Heather HAYES,62,2,59,1,0
Boyd,A115,City Commissioners City of Ashland,,,Under Votes,177,18,154,2,3
Boyd,A115,City Commissioners City of Ashland,,,Over Votes,1,0,1,0,0
Boyd,A116,U.S. Senate,,Republican,Daniel CAMERON,22,0,22,0,0
Boyd,A116,U.S. Senate,,Republican,Jonathan M. HOLLIDAY,0,0,0,0,0
Boyd,A116,U.S. Senate,,Republican,Andy BARR,23,2,19,2,0
Boyd,A116,U.S. Senate,,Republican,"Valerie ""Dr Val"" FREDRICK",0,0,0,0,0
Boyd,A116,U.S. Senate,,Republican,A. Nick SHELLEY,0,0,0,0,0
Boyd,A116,U.S. Senate,,Republican,James D. DUNCAN,2,0,2,0,0
Boyd,A116,U.S. Senate,,Republican,Michael James FARIS,1,0,1,0,0
Boyd,A116,U.S. Senate,,Republican,Anissa CATLETT,0,0,0,0,0
Boyd,A116,U.S. Senate,,Republican,Other Donald WENZEL,0,0,0,0,0
Boyd,A116,U.S. Senate,,Republican,Jimmy I. LEON,0,0,0,0,0
Boyd,A116,U.S. Senate,,Republican,George WASHINGTON,1,0,1,0,0
Boyd,A116,U.S. Senate,,,Under Votes,10,2,7,1,0
Boyd,A116,U.S. Senate,,,Over Votes,0,0,0,0,0
Boyd,A116,Ballots Cast,,,,142,,,,
Boyd,A116,U.S. House,5,Republican,Kevin SMITH,11,1,10,0,0
Boyd,A116,U.S. House,5,Republican,Benjamin HURLEY,4,0,4,0,0
Boyd,A116,U.S. House,5,Republican,Hal ROGERS,38,3,32,3,0
Boyd,A116,U.S. House,5,Republican,Jerry Lee SHELTON,2,0,2,0,0
Boyd,A116,U.S. House,5,Republican,Brandon R. MONHOLLEN,1,0,1,0,0
Boyd,A116,U.S. House,5,,Under Votes,6,1,5,0,0
Boyd,A116,U.S. House,5,,Over Votes,0,0,0,0,0
Boyd,A116,Property Valuation Administrator,,,Brandon Reid RAMSEY,14,1,13,0,0
Boyd,A116,Property Valuation Administrator,,,"Homer I. ""Jay"" WOODS JR.",36,3,30,3,0
Boyd,A116,Property Valuation Administrator,,,Under Votes,12,1,11,0,0
Boyd,A116,Property Valuation Administrator,,,Over Votes,0,0,0,0,0
Boyd,A116,County Attorney,,,Curtis DOTSON,39,3,35,1,0
Boyd,A116,County Attorney,,,Katee Elizabeth NELTNER,20,2,16,2,0
Boyd,A116,County Attorney,,,Under Votes,3,0,3,0,0
Boyd,A116,County Attorney,,,Over Votes,0,0,0,0,0
Boyd,A116,Sheriff,,,"James ""Jamie"" REIHS",47,3,41,3,0
Boyd,A116,Sheriff,,,John DANIELS,11,2,9,0,0
Boyd,A116,Sheriff,,,Under Votes,4,0,4,0,0
Boyd,A116,Sheriff,,,Over Votes,0,0,0,0,0
Boyd,A116,County Commissioner 1st District,,,"James ""Boo"" KING",16,0,16,0,0
Boyd,A116,County Commissioner 1st District,,,John Michael CONLEY,8,1,7,0,0
Boyd,A116,County Commissioner 1st District,,,David SALISBURY,22,2,17,3,0
Boyd,A116,County Commissioner 1st District,,,Heather MOORE,5,1,4,0,0
Boyd,A116,County Commissioner 1st District,,,Keith WATTS,2,0,2,0,0
Boyd,A116,County Commissioner 1st District,,,Under Votes,9,1,8,0,0
Boyd,A116,County Commissioner 1st District,,,Over Votes,0,0,0,0,0
Boyd,A116,County Commissioner 3rd District,,,Randy STAPLETON,30,3,26,1,0
Boyd,A116,County Commissioner 3rd District,,,"William ""Bud"" STEVENS JR.",20,1,17,2,0
Boyd,A116,County Commissioner 3rd District,,,Under Votes,12,1,11,0,0
Boyd,A116,County Commissioner 3rd District,,,Over Votes,0,0,0,0,0
Boyd,A116,Constable,,,Aaron S. PROFIT,29,2,26,1,0
Boyd,A116,Constable,,,Brian K. RAMSDELL,21,3,17,1,0
Boyd,A116,Constable,,,Under Votes,12,0,11,1,0
Boyd,A116,Constable,,,Over Votes,0,0,0,0,0
Boyd,A116,U.S. Senate,,Democratic,Vincent Anthony THOMPSON,4,0,4,0,0
Boyd,A116,U.S. Senate,,Democratic,Amy McGRATH,30,3,25,1,1
Boyd,A116,U.S. Senate,,Democratic,Dale Lewis ROMANS,1,1,0,0,0
Boyd,A116,U.S. Senate,,Democratic,Charles BOOKER,29,1,28,0,0
Boyd,A116,U.S. Senate,,Democratic,Pamela STEVENSON,3,0,3,0,0
Boyd,A116,U.S. Senate,,Democratic,Joshua BLANTON SR.,5,0,5,0,0
Boyd,A116,U.S. Senate,,Democratic,Logan FORSYTHE,2,0,2,0,0
Boyd,A116,City Commissioners City of Ashland,,,Timothy RENFROE,56,7,44,4,1
Boyd,A116,City Commissioners City of Ashland,,,Clayton E. WILLS,22,2,20,0,0
Boyd,A116,City Commissioners City of Ashland,,,Marty GUTE,74,5,64,4,1
Boyd,A116,City Commissioners City of Ashland,,,Jeremy LOWRANCE,22,2,20,0,0
Boyd,A116,City Commissioners City of Ashland,,,"David J. ""DJ"" RYMER II.",90,9,76,4,1
Boyd,A116,City Commissioners City of Ashland,,,Socrates MAROUDIS,52,2,49,0,1
Boyd,A116,City Commissioners City of Ashland,,,Fred UNRUE,21,2,19,0,0
Boyd,A116,City Commissioners City of Ashland,,,Amanda CLARK,50,2,46,2,0
Boyd,A116,City Commissioners City of Ashland,,,Heather HAYES,37,3,34,0,0
Boyd,A116,City Commissioners City of Ashland,,,Under Votes,144,10,132,2,0
Boyd,A116,City Commissioners City of Ashland,,,Over Votes,0,0,0,0,0
Boyd,A118,U.S. Senate,,Republican,Daniel CAMERON,90,15,74,1,0
Boyd,A118,U.S. Senate,,Republican,Jonathan M. HOLLIDAY,3,0,3,0,0
Boyd,A118,U.S. Senate,,Republican,Andy BARR,120,10,105,1,4
Boyd,A118,U.S. Senate,,Republican,"Valerie ""Dr Val"" FREDRICK",2,1,1,0,0
Boyd,A118,U.S. Senate,,Republican,A. Nick SHELLEY,2,0,2,0,0
Boyd,A118,U.S. Senate,,Republican,James D. DUNCAN,4,3,1,0,0
Boyd,A118,U.S. Senate,,Republican,Michael James FARIS,6,0,6,0,0
Boyd,A118,U.S. Senate,,Republican,Anissa CATLETT,0,0,0,0,0
Boyd,A118,U.S. Senate,,Republican,Other Donald WENZEL,0,0,0,0,0
Boyd,A118,U.S. Senate,,Republican,Jimmy I. LEON,0,0,0,0,0
Boyd,A118,U.S. Senate,,Republican,George WASHINGTON,5,1,3,1,0
Boyd,A118,U.S. Senate,,,Under Votes,17,2,15,0,0
Boyd,A118,U.S. Senate,,,Over Votes,0,0,0,0,0
Boyd,A118,Ballots Cast,,,,354,,,,
Boyd,A118,U.S. House,5,Republican,Kevin SMITH,41,5,35,0,1
Boyd,A118,U.S. House,5,Republican,Benjamin HURLEY,15,1,14,0,0
Boyd,A118,U.S. House,5,Republican,Hal ROGERS,160,21,134,2,3
Boyd,A118,U.S. House,5,Republican,Jerry Lee SHELTON,3,0,3,0,0
Boyd,A118,U.S. House,5,Republican,Brandon R. MONHOLLEN,8,2,5,1,0
Boyd,A118,U.S. House,5,,Under Votes,27,4,23,0,0
Boyd,A118,U.S. House,5,,Over Votes,0,0,0,0,0
Boyd,A118,Property Valuation Administrator,,,Brandon Reid RAMSEY,109,13,93,1,2
Boyd,A118,Property Valuation Administrator,,,"Homer I. ""Jay"" WOODS JR.",123,19,100,2,2
Boyd,A118,Property Valuation Administrator,,,Under Votes,22,1,21,0,0
Boyd,A118,Property Valuation Administrator,,,Over Votes,0,0,0,0,0
Boyd,A118,County Attorney,,,Curtis DOTSON,169,24,138,3,4
Boyd,A118,County Attorney,,,Katee Elizabeth NELTNER,72,9,63,0,0
Boyd,A118,County Attorney,,,Under Votes,13,0,13,0,0
Boyd,A118,County Attorney,,,Over Votes,0,0,0,0,0
Boyd,A118,Sheriff,,,"James ""Jamie"" REIHS",203,30,167,2,4
Boyd,A118,Sheriff,,,John DANIELS,49,3,45,1,0
Boyd,A118,Sheriff,,,Under Votes,2,0,2,0,0
Boyd,A118,Sheriff,,,Over Votes,0,0,0,0,0
Boyd,A118,County Commissioner 1st District,,,"James ""Boo"" KING",43,10,32,1,0
Boyd,A118,County Commissioner 1st District,,,John Michael CONLEY,46,5,39,0,2
Boyd,A118,County Commissioner 1st District,,,David SALISBURY,84,5,77,1,1
Boyd,A118,County Commissioner 1st District,,,Heather MOORE,46,7,38,1,0
Boyd,A118,County Commissioner 1st District,,,Keith WATTS,22,3,18,0,1
Boyd,A118,County Commissioner 1st District,,,Under Votes,12,2,10,0,0
Boyd,A118,County Commissioner 1st District,,,Over Votes,1,1,0,0,0
Boyd,A118,County Commissioner 3rd District,,,Randy STAPLETON,148,22,121,2,3
Boyd,A118,County Commissioner 3rd District,,,"William ""Bud"" STEVENS JR.",88,8,78,1,1
Boyd,A118,County Commissioner 3rd District,,,Under Votes,18,3,15,0,0
Boyd,A118,County Commissioner 3rd District,,,Over Votes,0,0,0,0,0
Boyd,A118,Constable,,,Aaron S. PROFIT,111,22,86,3,0
Boyd,A118,Constable,,,Brian K. RAMSDELL,108,8,96,0,4
Boyd,A118,Constable,,,Under Votes,35,3,32,0,0
Boyd,A118,Constable,,,Over Votes,0,0,0,0,0
Boyd,A118,U.S. Senate,,Democratic,Vincent Anthony THOMPSON,5,2,3,0,0
Boyd,A118,U.S. Senate,,Democratic,Amy McGRATH,51,8,43,0,0
Boyd,A118,U.S. Senate,,Democratic,Dale Lewis ROMANS,5,0,5,0,0
Boyd,A118,U.S. Senate,,Democratic,Charles BOOKER,24,3,21,0,0
Boyd,A118,U.S. Senate,,Democratic,Pamela STEVENSON,2,1,1,0,0
Boyd,A118,U.S. Senate,,Democratic,Joshua BLANTON SR.,7,0,7,0,0
Boyd,A118,U.S. Senate,,Democratic,Logan FORSYTHE,3,1,2,0,0
Boyd,A119,U.S. Senate,,Republican,Daniel CAMERON,47,7,39,1,0
Boyd,A119,U.S. Senate,,Republican,Jonathan M. HOLLIDAY,0,0,0,0,0
Boyd,A119,U.S. Senate,,Republican,Andy BARR,66,9,57,0,0
Boyd,A119,U.S. Senate,,Republican,"Valerie ""Dr Val"" FREDRICK",2,1,0,1,0
Boyd,A119,U.S. Senate,,Republican,A. Nick SHELLEY,0,0,0,0,0
Boyd,A119,U.S. Senate,,Republican,James D. DUNCAN,0,0,0,0,0
Boyd,A119,U.S. Senate,,Republican,Michael James FARIS,0,0,0,0,0
Boyd,A119,U.S. Senate,,Republican,Anissa CATLETT,1,0,0,1,0
Boyd,A119,U.S. Senate,,Republican,Other Donald WENZEL,0,0,0,0,0
Boyd,A119,U.S. Senate,,Republican,Jimmy I. LEON,0,0,0,0,0
Boyd,A119,U.S. Senate,,Republican,George WASHINGTON,1,0,1,0,0
Boyd,A119,U.S. Senate,,,Under Votes,7,0,7,0,0
Boyd,A119,U.S. Senate,,,Over Votes,1,0,1,0,0
Boyd,A119,Ballots Cast,,,,177,,,,
Boyd,A119,U.S. House,5,Republican,Kevin SMITH,30,3,25,2,0
Boyd,A119,U.S. House,5,Republican,Benjamin HURLEY,6,1,5,0,0
Boyd,A119,U.S. House,5,Republican,Hal ROGERS,80,13,66,1,0
Boyd,A119,U.S. House,5,Republican,Jerry Lee SHELTON,2,0,2,0,0
Boyd,A119,U.S. House,5,Republican,Brandon R. MONHOLLEN,2,0,2,0,0
Boyd,A119,U.S. House,5,,Under Votes,6,0,6,0,0
Boyd,A119,U.S. House,5,,Over Votes,0,0,0,0,0
Boyd,A119,Property Valuation Administrator,,,Brandon Reid RAMSEY,60,10,47,3,0
Boyd,A119,Property Valuation Administrator,,,"Homer I. ""Jay"" WOODS JR.",50,5,45,0,0
Boyd,A119,Property Valuation Administrator,,,Under Votes,16,2,14,0,0
Boyd,A119,Property Valuation Administrator,,,Over Votes,0,0,0,0,0
Boyd,A119,County Attorney,,,Curtis DOTSON,86,14,69,3,0
Boyd,A119,County Attorney,,,Katee Elizabeth NELTNER,32,2,30,0,0
Boyd,A119,County Attorney,,,Under Votes,8,1,7,0,0
Boyd,A119,County Attorney,,,Over Votes,0,0,0,0,0
Boyd,A119,Sheriff,,,"James ""Jamie"" REIHS",94,12,80,2,0
Boyd,A119,Sheriff,,,John DANIELS,28,4,23,1,0
Boyd,A119,Sheriff,,,Under Votes,4,1,3,0,0
Boyd,A119,Sheriff,,,Over Votes,0,0,0,0,0
Boyd,A119,County Commissioner 1st District,,,"James ""Boo"" KING",28,4,24,0,0
Boyd,A119,County Commissioner 1st District,,,John Michael CONLEY,21,2,19,0,0
Boyd,A119,County Commissioner 1st District,,,David SALISBURY,53,11,40,2,0
Boyd,A119,County Commissioner 1st District,,,Heather MOORE,11,0,11,0,0
Boyd,A119,County Commissioner 1st District,,,Keith WATTS,9,0,8,1,0
Boyd,A119,County Commissioner 1st District,,,Under Votes,4,0,4,0,0
Boyd,A119,County Commissioner 1st District,,,Over Votes,0,0,0,0,0
Boyd,A119,County Commissioner 3rd District,,,Randy STAPLETON,75,12,60,3,0
Boyd,A119,County Commissioner 3rd District,,,"William ""Bud"" STEVENS JR.",41,4,37,0,0
Boyd,A119,County Commissioner 3rd District,,,Under Votes,10,1,9,0,0
Boyd,A119,County Commissioner 3rd District,,,Over Votes,0,0,0,0,0
Boyd,A119,Constable,,,Aaron S. PROFIT,44,6,36,2,0
Boyd,A119,Constable,,,Brian K. RAMSDELL,67,9,57,1,0
Boyd,A119,Constable,,,Under Votes,15,2,13,0,0
Boyd,A119,Constable,,,Over Votes,0,0,0,0,0
Boyd,A119,U.S. Senate,,Democratic,Vincent Anthony THOMPSON,3,0,3,0,0
Boyd,A119,U.S. Senate,,Democratic,Amy McGRATH,27,4,20,3,0
Boyd,A119,U.S. Senate,,Democratic,Dale Lewis ROMANS,0,0,0,0,0
Boyd,A119,U.S. Senate,,Democratic,Charles BOOKER,12,0,11,1,0
Boyd,A119,U.S. Senate,,Democratic,Pamela STEVENSON,3,0,3,0,0
Boyd,A119,U.S. Senate,,Democratic,Joshua BLANTON SR.,3,1,2,0,0
Boyd,A119,U.S. Senate,,Democratic,Logan FORSYTHE,0,0,0,0,0
Boyd,A121,U.S. Senate,,Republican,Daniel CAMERON,42,9,32,1,0
Boyd,A121,U.S. Senate,,Republican,Jonathan M. HOLLIDAY,2,0,2,0,0
Boyd,A121,U.S. Senate,,Republican,Andy BARR,69,7,61,1,0
Boyd,A121,U.S. Senate,,Republican,"Valerie ""Dr Val"" FREDRICK",2,2,0,0,0
Boyd,A121,U.S. Senate,,Republican,A. Nick SHELLEY,0,0,0,0,0
Boyd,A121,U.S. Senate,,Republican,James D. DUNCAN,2,0,2,0,0
Boyd,A121,U.S. Senate,,Republican,Michael James FARIS,0,0,0,0,0
Boyd,A121,U.S. Senate,,Republican,Anissa CATLETT,0,0,0,0,0
Boyd,A121,U.S. Senate,,Republican,Other Donald WENZEL,0,0,0,0,0
Boyd,A121,U.S. Senate,,Republican,Jimmy I. LEON,0,0,0,0,0
Boyd,A121,U.S. Senate,,Republican,George WASHINGTON,4,0,3,0,1
Boyd,A121,U.S. Senate,,,Under Votes,10,0,10,0,0
Boyd,A121,U.S. Senate,,,Over Votes,1,0,1,0,0
Boyd,A121,Ballots Cast,,,,201,,,,
Boyd,A121,U.S. House,5,Republican,Kevin SMITH,30,6,24,0,0
Boyd,A121,U.S. House,5,Republican,Benjamin HURLEY,9,0,9,0,0
Boyd,A121,U.S. House,5,Republican,Hal ROGERS,75,12,60,2,1
Boyd,A121,U.S. House,5,Republican,Jerry Lee SHELTON,4,0,4,0,0
Boyd,A121,U.S. House,5,Republican,Brandon R. MONHOLLEN,4,0,4,0,0
Boyd,A121,U.S. House,5,,Under Votes,13,0,13,0,0
Boyd,A121,U.S. House,5,,Over Votes,0,0,0,0,0
Boyd,A121,Property Valuation Administrator,,,Brandon Reid RAMSEY,49,10,38,0,1
Boyd,A121,Property Valuation Administrator,,,"Homer I. ""Jay"" WOODS JR.",76,8,66,2,0
Boyd,A121,Property Valuation Administrator,,,Under Votes,10,0,10,0,0
Boyd,A121,Property Valuation Administrator,,,Over Votes,0,0,0,0,0
Boyd,A121,County Attorney,,,Curtis DOTSON,87,12,72,2,1
Boyd,A121,County Attorney,,,Katee Elizabeth NELTNER,39,6,33,0,0
Boyd,A121,County Attorney,,,Under Votes,8,0,8,0,0
Boyd,A121,County Attorney,,,Over Votes,1,0,1,0,0
Boyd,A121,Sheriff,,,"James ""Jamie"" REIHS",115,18,94,2,1
Boyd,A121,Sheriff,,,John DANIELS,19,0,19,0,0
Boyd,A121,Sheriff,,,Under Votes,1,0,1,0,0
Boyd,A121,Sheriff,,,Over Votes,0,0,0,0,0
Boyd,A121,County Commissioner 1st District,,,"James ""Boo"" KING",25,3,22,0,0
Boyd,A121,County Commissioner 1st District,,,John Michael CONLEY,25,4,21,0,0
Boyd,A121,County Commissioner 1st District,,,David SALISBURY,35,5,29,1,0
Boyd,A121,County Commissioner 1st District,,,Heather MOORE,26,3,22,0,1
Boyd,A121,County Commissioner 1st District,,,Keith WATTS,18,3,14,1,0
Boyd,A121,County Commissioner 1st District,,,Under Votes,6,0,6,0,0
Boyd,A121,County Commissioner 1st District,,,Over Votes,0,0,0,0,0
Boyd,A121,County Commissioner 3rd District,,,Randy STAPLETON,79,8,68,2,1
Boyd,A121,County Commissioner 3rd District,,,"William ""Bud"" STEVENS JR.",48,8,40,0,0
Boyd,A121,County Commissioner 3rd District,,,Under Votes,8,2,6,0,0
Boyd,A121,County Commissioner 3rd District,,,Over Votes,0,0,0,0,0
Boyd,A121,Constable,,,Aaron S. PROFIT,65,14,50,0,1
Boyd,A121,Constable,,,Brian K. RAMSDELL,53,4,47,2,0
Boyd,A121,Constable,,,Under Votes,17,0,17,0,0
Boyd,A121,Constable,,,Over Votes,0,0,0,0,0
Boyd,A121,U.S. Senate,,Democratic,Vincent Anthony THOMPSON,3,0,3,0,0
Boyd,A121,U.S. Senate,,Democratic,Amy McGRATH,25,0,22,0,3
Boyd,A121,U.S. Senate,,Democratic,Dale Lewis ROMANS,0,0,0,0,0
Boyd,A121,U.S. Senate,,Democratic,Charles BOOKER,22,0,21,1,0
Boyd,A121,U.S. Senate,,Democratic,Pamela STEVENSON,1,0,1,0,0
Boyd,A121,U.S. Senate,,Democratic,Joshua BLANTON SR.,3,0,3,0,0
Boyd,A121,U.S. Senate,,Democratic,Logan FORSYTHE,7,0,7,0,0
Boyd,A122,U.S. Senate,,Republican,Daniel CAMERON,1,0,1,0,0
Boyd,A122,U.S. Senate,,Republican,Jonathan M. HOLLIDAY,0,0,0,0,0
Boyd,A122,U.S. Senate,,Republican,Andy BARR,0,0,0,0,0
Boyd,A122,U.S. Senate,,Republican,"Valerie ""Dr Val"" FREDRICK",0,0,0,0,0
Boyd,A122,U.S. Senate,,Republican,A. Nick SHELLEY,0,0,0,0,0
Boyd,A122,U.S. Senate,,Republican,James D. DUNCAN,0,0,0,0,0
Boyd,A122,U.S. Senate,,Republican,Michael James FARIS,0,0,0,0,0
Boyd,A122,U.S. Senate,,Republican,Anissa CATLETT,0,0,0,0,0
Boyd,A122,U.S. Senate,,Republican,Other Donald WENZEL,0,0,0,0,0
Boyd,A122,U.S. Senate,,Republican,Jimmy I. LEON,0,0,0,0,0
Boyd,A122,U.S. Senate,,Republican,George WASHINGTON,1,0,1,0,0
Boyd,A122,U.S. Senate,,,Under Votes,0,0,0,0,0
Boyd,A122,U.S. Senate,,,Over Votes,0,0,0,0,0
Boyd,A122,Ballots Cast,,,,2,,,,
Boyd,A122,U.S. House,5,Republican,Kevin SMITH,1,0,1,0,0
Boyd,A122,U.S. House,5,Republican,Benjamin HURLEY,0,0,0,0,0
Boyd,A122,U.S. House,5,Republican,Hal ROGERS,1,0,1,0,0
Boyd,A122,U.S. House,5,Republican,Jerry Lee SHELTON,0,0,0,0,0
Boyd,A122,U.S. House,5,Republican,Brandon R. MONHOLLEN,0,0,0,0,0
Boyd,A122,U.S. House,5,,Under Votes,0,0,0,0,0
Boyd,A122,U.S. House,5,,Over Votes,0,0,0,0,0
Boyd,A122,Property Valuation Administrator,,,Brandon Reid RAMSEY,0,0,0,0,0
Boyd,A122,Property Valuation Administrator,,,"Homer I. ""Jay"" WOODS JR.",2,0,2,0,0
Boyd,A122,Property Valuation Administrator,,,Under Votes,0,0,0,0,0
Boyd,A122,Property Valuation Administrator,,,Over Votes,0,0,0,0,0
Boyd,A122,County Attorney,,,Curtis DOTSON,0,0,0,0,0
Boyd,A122,County Attorney,,,Katee Elizabeth NELTNER,2,0,2,0,0
Boyd,A122,County Attorney,,,Under Votes,0,0,0,0,0
Boyd,A122,County Attorney,,,Over Votes,0,0,0,0,0
Boyd,A122,Sheriff,,,"James ""Jamie"" REIHS",1,0,1,0,0
Boyd,A122,Sheriff,,,John DANIELS,1,0,1,0,0
Boyd,A122,Sheriff,,,Under Votes,0,0,0,0,0
Boyd,A122,Sheriff,,,Over Votes,0,0,0,0,0
Boyd,A122,County Commissioner 1st District,,,"James ""Boo"" KING",1,0,1,0,0
Boyd,A122,County Commissioner 1st District,,,John Michael CONLEY,0,0,0,0,0
Boyd,A122,County Commissioner 1st District,,,David SALISBURY,0,0,0,0,0
Boyd,A122,County Commissioner 1st District,,,Heather MOORE,1,0,1,0,0
Boyd,A122,County Commissioner 1st District,,,Keith WATTS,0,0,0,0,0
Boyd,A122,County Commissioner 1st District,,,Under Votes,0,0,0,0,0
Boyd,A122,County Commissioner 1st District,,,Over Votes,0,0,0,0,0
Boyd,A122,County Commissioner 3rd District,,,Randy STAPLETON,1,0,1,0,0
Boyd,A122,County Commissioner 3rd District,,,"William ""Bud"" STEVENS JR.",1,0,1,0,0
Boyd,A122,County Commissioner 3rd District,,,Under Votes,0,0,0,0,0
Boyd,A122,County Commissioner 3rd District,,,Over Votes,0,0,0,0,0
Boyd,A122,Constable,,,Aaron S. PROFIT,1,0,1,0,0
Boyd,A122,Constable,,,Brian K. RAMSDELL,1,0,1,0,0
Boyd,A122,Constable,,,Under Votes,0,0,0,0,0
Boyd,A122,Constable,,,Over Votes,0,0,0,0,0
Boyd,A122,U.S. Senate,,Democratic,Vincent Anthony THOMPSON,0,0,0,0,0
Boyd,A122,U.S. Senate,,Democratic,Amy McGRATH,0,0,0,0,0
Boyd,A122,U.S. Senate,,Democratic,Dale Lewis ROMANS,0,0,0,0,0
Boyd,A122,U.S. Senate,,Democratic,Charles BOOKER,0,0,0,0,0
Boyd,A122,U.S. Senate,,Democratic,Pamela STEVENSON,0,0,0,0,0
Boyd,A122,U.S. Senate,,Democratic,Joshua BLANTON SR.,0,0,0,0,0
Boyd,A122,U.S. Senate,,Democratic,Logan FORSYTHE,0,0,0,0,0
Boyd,B101A,U.S. Senate,,Republican,Daniel CAMERON,22,1,20,1,0
Boyd,B101A,U.S. Senate,,Republican,Jonathan M. HOLLIDAY,0,0,0,0,0
Boyd,B101A,U.S. Senate,,Republican,Andy BARR,38,3,34,1,0
Boyd,B101A,U.S. Senate,,Republican,"Valerie ""Dr Val"" FREDRICK",1,0,1,0,0
Boyd,B101A,U.S. Senate,,Republican,A. Nick SHELLEY,0,0,0,0,0
Boyd,B101A,U.S. Senate,,Republican,James D. DUNCAN,0,0,0,0,0
Boyd,B101A,U.S. Senate,,Republican,Michael James FARIS,2,0,2,0,0
Boyd,B101A,U.S. Senate,,Republican,Anissa CATLETT,0,0,0,0,0
Boyd,B101A,U.S. Senate,,Republican,Other Donald WENZEL,0,0,0,0,0
Boyd,B101A,U.S. Senate,,Republican,Jimmy I. LEON,0,0,0,0,0
Boyd,B101A,U.S. Senate,,Republican,George WASHINGTON,0,0,0,0,0
Boyd,B101A,U.S. Senate,,,Under Votes,9,0,9,0,0
Boyd,B101A,U.S. Senate,,,Over Votes,0,0,0,0,0
Boyd,B101A,Ballots Cast,,,,151,,,,
Boyd,B101A,U.S. House,5,Republican,Kevin SMITH,16,1,15,0,0
Boyd,B101A,U.S. House,5,Republican,Benjamin HURLEY,5,0,4,1,0
Boyd,B101A,U.S. House,5,Republican,Hal ROGERS,34,3,30,1,0
Boyd,B101A,U.S. House,5,Republican,Jerry Lee SHELTON,1,0,1,0,0
Boyd,B101A,U.S. House,5,Republican,Brandon R. MONHOLLEN,2,0,2,0,0
Boyd,B101A,U.S. House,5,,Under Votes,13,0,13,0,0
Boyd,B101A,U.S. House,5,,Over Votes,0,0,0,0,0
Boyd,B101A,Property Valuation Administrator,,,Brandon Reid RAMSEY,20,2,16,2,0
Boyd,B101A,Property Valuation Administrator,,,"Homer I. ""Jay"" WOODS JR.",35,2,33,0,0
Boyd,B101A,Property Valuation Administrator,,,Under Votes,16,0,16,0,0
Boyd,B101A,Property Valuation Administrator,,,Over Votes,0,0,0,0,0
Boyd,B101A,County Attorney,,,Curtis DOTSON,44,3,39,2,0
Boyd,B101A,County Attorney,,,Katee Elizabeth NELTNER,17,1,16,0,0
Boyd,B101A,County Attorney,,,Under Votes,10,0,10,0,0
Boyd,B101A,County Attorney,,,Over Votes,0,0,0,0,0
Boyd,B101A,Sheriff,,,"James ""Jamie"" REIHS",53,3,48,2,0
Boyd,B101A,Sheriff,,,John DANIELS,16,1,15,0,0
Boyd,B101A,Sheriff,,,Under Votes,2,0,2,0,0
Boyd,B101A,Sheriff,,,Over Votes,0,0,0,0,0
Boyd,B101A,County Commissioner 1st District,,,"James ""Boo"" KING",23,1,22,0,0
Boyd,B101A,County Commissioner 1st District,,,John Michael CONLEY,3,1,2,0,0
Boyd,B101A,County Commissioner 1st District,,,David SALISBURY,19,0,18,1,0
Boyd,B101A,County Commissioner 1st District,,,Heather MOORE,9,1,7,1,0
Boyd,B101A,County Commissioner 1st District,,,Keith WATTS,7,0,7,0,0
Boyd,B101A,County Commissioner 1st District,,,Under Votes,10,1,9,0,0
Boyd,B101A,County Commissioner 1st District,,,Over Votes,0,0,0,0,0
Boyd,B101A,County Commissioner 3rd District,,,Randy STAPLETON,27,2,25,0,0
Boyd,B101A,County Commissioner 3rd District,,,"William ""Bud"" STEVENS JR.",29,2,25,2,0
Boyd,B101A,County Commissioner 3rd District,,,Under Votes,15,0,15,0,0
Boyd,B101A,County Commissioner 3rd District,,,Over Votes,0,0,0,0,0
Boyd,B101A,U.S. Senate,,Democratic,Vincent Anthony THOMPSON,2,0,1,1,0
Boyd,B101A,U.S. Senate,,Democratic,Amy McGRATH,26,1,24,1,0
Boyd,B101A,U.S. Senate,,Democratic,Dale Lewis ROMANS,2,1,1,0,0
Boyd,B101A,U.S. Senate,,Democratic,Charles BOOKER,27,1,26,0,0
Boyd,B101A,U.S. Senate,,Democratic,Pamela STEVENSON,3,0,3,0,0
Boyd,B101A,U.S. Senate,,Democratic,Joshua BLANTON SR.,3,0,3,0,0
Boyd,B101A,U.S. Senate,,Democratic,Logan FORSYTHE,4,0,4,0,0
Boyd,B101A,City Commissioners City of Ashland,,,Timothy RENFROE,56,6,48,2,0
Boyd,B101A,City Commissioners City of Ashland,,,Clayton E. WILLS,38,3,33,2,0
Boyd,B101A,City Commissioners City of Ashland,,,Marty GUTE,51,3,47,1,0
Boyd,B101A,City Commissioners City of Ashland,,,Jeremy LOWRANCE,23,2,20,1,0
Boyd,B101A,City Commissioners City of Ashland,,,"David J. ""DJ"" RYMER II.",76,5,68,3,0
Boyd,B101A,City Commissioners City of Ashland,,,Socrates MAROUDIS,41,2,37,2,0
Boyd,B101A,City Commissioners City of Ashland,,,Fred UNRUE,38,1,36,1,0
Boyd,B101A,City Commissioners City of Ashland,,,Amanda CLARK,46,2,43,1,0
Boyd,B101A,City Commissioners City of Ashland,,,Heather HAYES,43,3,37,3,0
Boyd,B101A,City Commissioners City of Ashland,,,Under Votes,192,9,183,0,0
Boyd,B101A,City Commissioners City of Ashland,,,Over Votes,0,0,0,0,0
Boyd,B102A,U.S. Senate,,Republican,Daniel CAMERON,29,3,25,1,0
Boyd,B102A,U.S. Senate,,Republican,Jonathan M. HOLLIDAY,0,0,0,0,0
Boyd,B102A,U.S. Senate,,Republican,Andy BARR,30,3,26,1,0
Boyd,B102A,U.S. Senate,,Republican,"Valerie ""Dr Val"" FREDRICK",1,0,1,0,0
Boyd,B102A,U.S. Senate,,Republican,A. Nick SHELLEY,1,0,1,0,0
Boyd,B102A,U.S. Senate,,Republican,James D. DUNCAN,2,0,2,0,0
Boyd,B102A,U.S. Senate,,Republican,Michael James FARIS,4,1,3,0,0
Boyd,B102A,U.S. Senate,,Republican,Anissa CATLETT,1,0,1,0,0
Boyd,B102A,U.S. Senate,,Republican,Other Donald WENZEL,0,0,0,0,0
Boyd,B102A,U.S. Senate,,Republican,Jimmy I. LEON,0,0,0,0,0
Boyd,B102A,U.S. Senate,,Republican,George WASHINGTON,3,0,3,0,0
Boyd,B102A,U.S. Senate,,,Under Votes,7,1,6,0,0
Boyd,B102A,U.S. Senate,,,Over Votes,0,0,0,0,0
Boyd,B102A,Ballots Cast,,,,140,,,,
Boyd,B102A,U.S. House,5,Republican,Kevin SMITH,16,1,14,1,0
Boyd,B102A,U.S. House,5,Republican,Benjamin HURLEY,9,2,7,0,0
Boyd,B102A,U.S. House,5,Republican,Hal ROGERS,36,3,32,1,0
Boyd,B102A,U.S. House,5,Republican,Jerry Lee SHELTON,1,0,1,0,0
Boyd,B102A,U.S. House,5,Republican,Brandon R. MONHOLLEN,6,1,5,0,0
Boyd,B102A,U.S. House,5,,Under Votes,12,1,11,0,0
Boyd,B102A,U.S. House,5,,Over Votes,0,0,0,0,0
Boyd,B102A,Property Valuation Administrator,,,Brandon Reid RAMSEY,33,6,26,1,0
Boyd,B102A,Property Valuation Administrator,,,"Homer I. ""Jay"" WOODS JR.",36,2,33,1,0
Boyd,B102A,Property Valuation Administrator,,,Under Votes,11,0,11,0,0
Boyd,B102A,Property Valuation Administrator,,,Over Votes,0,0,0,0,0
Boyd,B102A,County Attorney,,,Curtis DOTSON,45,6,37,2,0
Boyd,B102A,County Attorney,,,Katee Elizabeth NELTNER,31,2,29,0,0
Boyd,B102A,County Attorney,,,Under Votes,3,0,3,0,0
Boyd,B102A,County Attorney,,,Over Votes,1,0,1,0,0
Boyd,B102A,Sheriff,,,"James ""Jamie"" REIHS",53,6,45,2,0
Boyd,B102A,Sheriff,,,John DANIELS,24,2,22,0,0
Boyd,B102A,Sheriff,,,Under Votes,3,0,3,0,0
Boyd,B102A,Sheriff,,,Over Votes,0,0,0,0,0
Boyd,B102A,County Commissioner 1st District,,,"James ""Boo"" KING",24,0,24,0,0
Boyd,B102A,County Commissioner 1st District,,,John Michael CONLEY,8,0,7,1,0
Boyd,B102A,County Commissioner 1st District,,,David SALISBURY,29,7,21,1,0
Boyd,B102A,County Commissioner 1st District,,,Heather MOORE,9,1,8,0,0
Boyd,B102A,County Commissioner 1st District,,,Keith WATTS,3,0,3,0,0
Boyd,B102A,County Commissioner 1st District,,,Under Votes,7,0,7,0,0
Boyd,B102A,County Commissioner 1st District,,,Over Votes,0,0,0,0,0
Boyd,B102A,County Commissioner 3rd District,,,Randy STAPLETON,35,6,28,1,0
Boyd,B102A,County Commissioner 3rd District,,,"William ""Bud"" STEVENS JR.",31,2,28,1,0
Boyd,B102A,County Commissioner 3rd District,,,Under Votes,14,0,14,0,0
Boyd,B102A,County Commissioner 3rd District,,,Over Votes,0,0,0,0,0
Boyd,B102A,U.S. Senate,,Democratic,Vincent Anthony THOMPSON,4,0,4,0,0
Boyd,B102A,U.S. Senate,,Democratic,Amy McGRATH,25,1,23,1,0
Boyd,B102A,U.S. Senate,,Democratic,Dale Lewis ROMANS,0,0,0,0,0
Boyd,B102A,U.S. Senate,,Democratic,Charles BOOKER,21,3,17,1,0
Boyd,B102A,U.S. Senate,,Democratic,Pamela STEVENSON,1,0,1,0,0
Boyd,B102A,U.S. Senate,,Democratic,Joshua BLANTON SR.,1,0,1,0,0
Boyd,B102A,U.S. Senate,,Democratic,Logan FORSYTHE,1,0,1,0,0
Boyd,B102A,City Commissioners City of Ashland,,,Timothy RENFROE,53,4,46,3,0
Boyd,B102A,City Commissioners City of Ashland,,,Clayton E. WILLS,27,3,21,3,0
Boyd,B102A,City Commissioners City of Ashland,,,Marty GUTE,63,6,56,1,0
Boyd,B102A,City Commissioners City of Ashland,,,Jeremy LOWRANCE,30,2,28,0,0
Boyd,B102A,City Commissioners City of Ashland,,,"David J. ""DJ"" RYMER II.",72,7,63,2,0
Boyd,B102A,City Commissioners City of Ashland,,,Socrates MAROUDIS,48,4,43,1,0
Boyd,B102A,City Commissioners City of Ashland,,,Fred UNRUE,32,1,29,2,0
Boyd,B102A,City Commissioners City of Ashland,,,Amanda CLARK,50,5,44,1,0
Boyd,B102A,City Commissioners City of Ashland,,,Heather HAYES,44,4,38,2,0
Boyd,B102A,City Commissioners City of Ashland,,,Under Votes,137,8,128,1,0
Boyd,B102A,City Commissioners City of Ashland,,,Over Votes,1,1,0,0,0
Boyd,B103A,U.S. Senate,,Republican,Daniel CAMERON,10,1,9,0,0
Boyd,B103A,U.S. Senate,,Republican,Jonathan M. HOLLIDAY,0,0,0,0,0
Boyd,B103A,U.S. Senate,,Republican,Andy BARR,40,3,36,1,0
Boyd,B103A,U.S. Senate,,Republican,"Valerie ""Dr Val"" FREDRICK",2,0,2,0,0
Boyd,B103A,U.S. Senate,,Republican,A. Nick SHELLEY,0,0,0,0,0
Boyd,B103A,U.S. Senate,,Republican,James D. DUNCAN,3,0,3,0,0
Boyd,B103A,U.S. Senate,,Republican,Michael James FARIS,0,0,0,0,0
Boyd,B103A,U.S. Senate,,Republican,Anissa CATLETT,0,0,0,0,0
Boyd,B103A,U.S. Senate,,Republican,Other Donald WENZEL,1,0,1,0,0
Boyd,B103A,U.S. Senate,,Republican,Jimmy I. LEON,0,0,0,0,0
Boyd,B103A,U.S. Senate,,Republican,George WASHINGTON,3,0,3,0,0
Boyd,B103A,U.S. Senate,,,Under Votes,6,0,6,0,0
Boyd,B103A,U.S. Senate,,,Over Votes,0,0,0,0,0
Boyd,B103A,Ballots Cast,,,,119,,,,
Boyd,B103A,U.S. House,5,Republican,Kevin SMITH,11,1,10,0,0
Boyd,B103A,U.S. House,5,Republican,Benjamin HURLEY,7,0,7,0,0
Boyd,B103A,U.S. House,5,Republican,Hal ROGERS,38,3,34,1,0
Boyd,B103A,U.S. House,5,Republican,Jerry Lee SHELTON,2,0,2,0,0
Boyd,B103A,U.S. House,5,Republican,Brandon R. MONHOLLEN,2,0,2,0,0
Boyd,B103A,U.S. House,5,,Under Votes,7,0,7,0,0
Boyd,B103A,U.S. House,5,,Over Votes,0,0,0,0,0
Boyd,B103A,Property Valuation Administrator,,,Brandon Reid RAMSEY,22,0,21,1,0
Boyd,B103A,Property Valuation Administrator,,,"Homer I. ""Jay"" WOODS JR.",35,4,31,0,0
Boyd,B103A,Property Valuation Administrator,,,Under Votes,10,0,10,0,0
Boyd,B103A,Property Valuation Administrator,,,Over Votes,0,0,0,0,0
Boyd,B103A,County Attorney,,,Curtis DOTSON,48,4,44,0,0
Boyd,B103A,County Attorney,,,Katee Elizabeth NELTNER,15,0,14,1,0
Boyd,B103A,County Attorney,,,Under Votes,4,0,4,0,0
Boyd,B103A,County Attorney,,,Over Votes,0,0,0,0,0
Boyd,B103A,Sheriff,,,"James ""Jamie"" REIHS",45,0,44,1,0
Boyd,B103A,Sheriff,,,John DANIELS,20,4,16,0,0
Boyd,B103A,Sheriff,,,Under Votes,2,0,2,0,0
Boyd,B103A,Sheriff,,,Over Votes,0,0,0,0,0
Boyd,B103A,County Commissioner 1st District,,,"James ""Boo"" KING",26,3,22,1,0
Boyd,B103A,County Commissioner 1st District,,,John Michael CONLEY,6,0,6,0,0
Boyd,B103A,County Commissioner 1st District,,,David SALISBURY,14,1,13,0,0
Boyd,B103A,County Commissioner 1st District,,,Heather MOORE,10,0,10,0,0
Boyd,B103A,County Commissioner 1st District,,,Keith WATTS,4,0,4,0,0
Boyd,B103A,County Commissioner 1st District,,,Under Votes,7,0,7,0,0
Boyd,B103A,County Commissioner 1st District,,,Over Votes,0,0,0,0,0
Boyd,B103A,County Commissioner 3rd District,,,Randy STAPLETON,21,1,20,0,0
Boyd,B103A,County Commissioner 3rd District,,,"William ""Bud"" STEVENS JR.",35,3,31,1,0
Boyd,B103A,County Commissioner 3rd District,,,Under Votes,11,0,11,0,0
Boyd,B103A,County Commissioner 3rd District,,,Over Votes,0,0,0,0,0
Boyd,B103A,U.S. Senate,,Democratic,Vincent Anthony THOMPSON,2,0,2,0,0
Boyd,B103A,U.S. Senate,,Democratic,Amy McGRATH,21,0,21,0,0
Boyd,B103A,U.S. Senate,,Democratic,Dale Lewis ROMANS,1,0,1,0,0
Boyd,B103A,U.S. Senate,,Democratic,Charles BOOKER,14,2,12,0,0
Boyd,B103A,U.S. Senate,,Democratic,Pamela STEVENSON,3,0,3,0,0
Boyd,B103A,U.S. Senate,,Democratic,Joshua BLANTON SR.,4,0,4,0,0
Boyd,B103A,U.S. Senate,,Democratic,Logan FORSYTHE,1,0,1,0,0
Boyd,B103A,City Commissioners City of Ashland,,,Timothy RENFROE,49,3,46,0,0
Boyd,B103A,City Commissioners City of Ashland,,,Clayton E. WILLS,16,1,15,0,0
Boyd,B103A,City Commissioners City of Ashland,,,Marty GUTE,46,1,44,1,0
Boyd,B103A,City Commissioners City of Ashland,,,Jeremy LOWRANCE,24,2,22,0,0
Boyd,B103A,City Commissioners City of Ashland,,,"David J. ""DJ"" RYMER II.",74,6,67,1,0
Boyd,B103A,City Commissioners City of Ashland,,,Socrates MAROUDIS,32,5,26,1,0
Boyd,B103A,City Commissioners City of Ashland,,,Fred UNRUE,20,3,17,0,0
Boyd,B103A,City Commissioners City of Ashland,,,Amanda CLARK,41,2,38,1,0
Boyd,B103A,City Commissioners City of Ashland,,,Heather HAYES,34,2,32,0,0
Boyd,B103A,City Commissioners City of Ashland,,,Under Votes,140,3,137,0,0
Boyd,B103A,City Commissioners City of Ashland,,,Over Votes,0,0,0,0,0
Boyd,B105,U.S. Senate,,Republican,Daniel CAMERON,14,1,13,0,0
Boyd,B105,U.S. Senate,,Republican,Jonathan M. HOLLIDAY,0,0,0,0,0
Boyd,B105,U.S. Senate,,Republican,Andy BARR,16,1,15,0,0
Boyd,B105,U.S. Senate,,Republican,"Valerie ""Dr Val"" FREDRICK",1,0,1,0,0
Boyd,B105,U.S. Senate,,Republican,A. Nick SHELLEY,0,0,0,0,0
Boyd,B105,U.S. Senate,,Republican,James D. DUNCAN,1,0,1,0,0
Boyd,B105,U.S. Senate,,Republican,Michael James FARIS,2,0,2,0,0
Boyd,B105,U.S. Senate,,Republican,Anissa CATLETT,1,0,1,0,0
Boyd,B105,U.S. Senate,,Republican,Other Donald WENZEL,0,0,0,0,0
Boyd,B105,U.S. Senate,,Republican,Jimmy I. LEON,0,0,0,0,0
Boyd,B105,U.S. Senate,,Republican,George WASHINGTON,1,0,1,0,0
Boyd,B105,U.S. Senate,,,Under Votes,3,0,3,0,0
Boyd,B105,U.S. Senate,,,Over Votes,0,0,0,0,0
Boyd,B105,Ballots Cast,,,,87,,,,
Boyd,B105,U.S. House,5,Republican,Kevin SMITH,9,1,8,0,0
Boyd,B105,U.S. House,5,Republican,Benjamin HURLEY,5,0,5,0,0
Boyd,B105,U.S. House,5,Republican,Hal ROGERS,17,1,16,0,0
Boyd,B105,U.S. House,5,Republican,Jerry Lee SHELTON,3,0,3,0,0
Boyd,B105,U.S. House,5,Republican,Brandon R. MONHOLLEN,1,0,1,0,0
Boyd,B105,U.S. House,5,,Under Votes,5,0,5,0,0
Boyd,B105,U.S. House,5,,Over Votes,0,0,0,0,0
Boyd,B105,Property Valuation Administrator,,,Brandon Reid RAMSEY,13,1,12,0,0
Boyd,B105,Property Valuation Administrator,,,"Homer I. ""Jay"" WOODS JR.",18,0,18,0,0
Boyd,B105,Property Valuation Administrator,,,Under Votes,9,1,8,0,0
Boyd,B105,Property Valuation Administrator,,,Over Votes,0,0,0,0,0
Boyd,B105,County Attorney,,,Curtis DOTSON,20,0,20,0,0
Boyd,B105,County Attorney,,,Katee Elizabeth NELTNER,16,1,15,0,0
Boyd,B105,County Attorney,,,Under Votes,4,1,3,0,0
Boyd,B105,County Attorney,,,Over Votes,0,0,0,0,0
Boyd,B105,Sheriff,,,"James ""Jamie"" REIHS",23,2,21,0,0
Boyd,B105,Sheriff,,,John DANIELS,15,0,15,0,0
Boyd,B105,Sheriff,,,Under Votes,2,0,2,0,0
Boyd,B105,Sheriff,,,Over Votes,0,0,0,0,0
Boyd,B105,County Commissioner 1st District,,,"James ""Boo"" KING",14,1,13,0,0
Boyd,B105,County Commissioner 1st District,,,John Michael CONLEY,2,0,2,0,0
Boyd,B105,County Commissioner 1st District,,,David SALISBURY,12,0,12,0,0
Boyd,B105,County Commissioner 1st District,,,Heather MOORE,6,0,6,0,0
Boyd,B105,County Commissioner 1st District,,,Keith WATTS,2,0,2,0,0
Boyd,B105,County Commissioner 1st District,,,Under Votes,4,1,3,0,0
Boyd,B105,County Commissioner 1st District,,,Over Votes,0,0,0,0,0
Boyd,B105,County Commissioner 3rd District,,,Randy STAPLETON,13,0,13,0,0
Boyd,B105,County Commissioner 3rd District,,,"William ""Bud"" STEVENS JR.",19,0,19,0,0
Boyd,B105,County Commissioner 3rd District,,,Under Votes,8,2,6,0,0
Boyd,B105,County Commissioner 3rd District,,,Over Votes,0,0,0,0,0
Boyd,B105,U.S. Senate,,Democratic,Vincent Anthony THOMPSON,0,0,0,0,0
Boyd,B105,U.S. Senate,,Democratic,Amy McGRATH,9,1,8,0,0
Boyd,B105,U.S. Senate,,Democratic,Dale Lewis ROMANS,1,1,0,0,0
Boyd,B105,U.S. Senate,,Democratic,Charles BOOKER,27,2,20,5,0
Boyd,B105,U.S. Senate,,Democratic,Pamela STEVENSON,1,1,0,0,0
Boyd,B105,U.S. Senate,,Democratic,Joshua BLANTON SR.,6,0,6,0,0
Boyd,B105,U.S. Senate,,Democratic,Logan FORSYTHE,0,0,0,0,0
Boyd,B105,City Commissioners City of Ashland,,,Timothy RENFROE,43,4,39,0,0
Boyd,B105,City Commissioners City of Ashland,,,Clayton E. WILLS,17,0,17,0,0
Boyd,B105,City Commissioners City of Ashland,,,Marty GUTE,33,1,30,2,0
Boyd,B105,City Commissioners City of Ashland,,,Jeremy LOWRANCE,10,1,9,0,0
Boyd,B105,City Commissioners City of Ashland,,,"David J. ""DJ"" RYMER II.",54,4,45,5,0
Boyd,B105,City Commissioners City of Ashland,,,Socrates MAROUDIS,20,2,18,0,0
Boyd,B105,City Commissioners City of Ashland,,,Fred UNRUE,10,0,10,0,0
Boyd,B105,City Commissioners City of Ashland,,,Amanda CLARK,24,1,23,0,0
Boyd,B105,City Commissioners City of Ashland,,,Heather HAYES,31,3,27,1,0
Boyd,B105,City Commissioners City of Ashland,,,Under Votes,106,12,82,12,0
Boyd,B105,City Commissioners City of Ashland,,,Over Votes,0,0,0,0,0
Boyd,B106A,U.S. Senate,,Republican,Daniel CAMERON,24,6,18,0,0
Boyd,B106A,U.S. Senate,,Republican,Jonathan M. HOLLIDAY,0,0,0,0,0
Boyd,B106A,U.S. Senate,,Republican,Andy BARR,34,3,29,2,0
Boyd,B106A,U.S. Senate,,Republican,"Valerie ""Dr Val"" FREDRICK",2,0,2,0,0
Boyd,B106A,U.S. Senate,,Republican,A. Nick SHELLEY,1,0,1,0,0
Boyd,B106A,U.S. Senate,,Republican,James D. DUNCAN,1,0,1,0,0
Boyd,B106A,U.S. Senate,,Republican,Michael James FARIS,0,0,0,0,0
Boyd,B106A,U.S. Senate,,Republican,Anissa CATLETT,3,1,2,0,0
Boyd,B106A,U.S. Senate,,Republican,Other Donald WENZEL,0,0,0,0,0
Boyd,B106A,U.S. Senate,,Republican,Jimmy I. LEON,0,0,0,0,0
Boyd,B106A,U.S. Senate,,Republican,George WASHINGTON,1,0,1,0,0
Boyd,B106A,U.S. Senate,,,Under Votes,12,1,11,0,0
Boyd,B106A,U.S. Senate,,,Over Votes,0,0,0,0,0
Boyd,B106A,Ballots Cast,,,,148,,,,
Boyd,B106A,U.S. House,5,Republican,Kevin SMITH,18,2,16,0,0
Boyd,B106A,U.S. House,5,Republican,Benjamin HURLEY,3,1,2,0,0
Boyd,B106A,U.S. House,5,Republican,Hal ROGERS,40,3,35,2,0
Boyd,B106A,U.S. House,5,Republican,Jerry Lee SHELTON,4,2,2,0,0
Boyd,B106A,U.S. House,5,Republican,Brandon R. MONHOLLEN,4,2,2,0,0
Boyd,B106A,U.S. House,5,,Under Votes,10,1,9,0,0
Boyd,B106A,U.S. House,5,,Over Votes,0,0,0,0,0
Boyd,B106A,Property Valuation Administrator,,,Brandon Reid RAMSEY,22,2,19,1,0
Boyd,B106A,Property Valuation Administrator,,,"Homer I. ""Jay"" WOODS JR.",42,6,35,1,0
Boyd,B106A,Property Valuation Administrator,,,Under Votes,15,3,12,0,0
Boyd,B106A,Property Valuation Administrator,,,Over Votes,0,0,0,0,0
Boyd,B106A,County Attorney,,,Curtis DOTSON,59,11,46,2,0
Boyd,B106A,County Attorney,,,Katee Elizabeth NELTNER,14,0,14,0,0
Boyd,B106A,County Attorney,,,Under Votes,6,0,6,0,0
Boyd,B106A,County Attorney,,,Over Votes,0,0,0,0,0
Boyd,B106A,Sheriff,,,"James ""Jamie"" REIHS",62,9,51,2,0
Boyd,B106A,Sheriff,,,John DANIELS,13,1,12,0,0
Boyd,B106A,Sheriff,,,Under Votes,4,1,3,0,0
Boyd,B106A,Sheriff,,,Over Votes,0,0,0,0,0
Boyd,B106A,County Commissioner 1st District,,,"James ""Boo"" KING",22,6,15,1,0
Boyd,B106A,County Commissioner 1st District,,,John Michael CONLEY,2,0,2,0,0
Boyd,B106A,County Commissioner 1st District,,,David SALISBURY,26,0,26,0,0
Boyd,B106A,County Commissioner 1st District,,,Heather MOORE,14,3,11,0,0
Boyd,B106A,County Commissioner 1st District,,,Keith WATTS,4,1,3,0,0
Boyd,B106A,County Commissioner 1st District,,,Under Votes,11,1,9,1,0
Boyd,B106A,County Commissioner 1st District,,,Over Votes,0,0,0,0,0
Boyd,B106A,County Commissioner 3rd District,,,Randy STAPLETON,31,4,26,1,0
Boyd,B106A,County Commissioner 3rd District,,,"William ""Bud"" STEVENS JR.",32,5,27,0,0
Boyd,B106A,County Commissioner 3rd District,,,Under Votes,16,2,13,1,0
Boyd,B106A,County Commissioner 3rd District,,,Over Votes,0,0,0,0,0
Boyd,B106A,U.S. Senate,,Democratic,Vincent Anthony THOMPSON,2,0,2,0,0
Boyd,B106A,U.S. Senate,,Democratic,Amy McGRATH,22,1,21,0,0
Boyd,B106A,U.S. Senate,,Democratic,Dale Lewis ROMANS,0,0,0,0,0
Boyd,B106A,U.S. Senate,,Democratic,Charles BOOKER,30,1,29,0,0
Boyd,B106A,U.S. Senate,,Democratic,Pamela STEVENSON,1,0,1,0,0
Boyd,B106A,U.S. Senate,,Democratic,Joshua BLANTON SR.,5,0,5,0,0
Boyd,B106A,U.S. Senate,,Democratic,Logan FORSYTHE,0,0,0,0,0
Boyd,B106A,City Commissioners City of Ashland,,,Timothy RENFROE,70,9,59,2,0
Boyd,B106A,City Commissioners City of Ashland,,,Clayton E. WILLS,15,3,12,0,0
Boyd,B106A,City Commissioners City of Ashland,,,Marty GUTE,57,8,48,1,0
Boyd,B106A,City Commissioners City of Ashland,,,Jeremy LOWRANCE,16,2,14,0,0
Boyd,B106A,City Commissioners City of Ashland,,,"David J. ""DJ"" RYMER II.",95,7,87,1,0
Boyd,B106A,City Commissioners City of Ashland,,,Socrates MAROUDIS,50,5,45,0,0
Boyd,B106A,City Commissioners City of Ashland,,,Fred UNRUE,23,2,20,1,0
Boyd,B106A,City Commissioners City of Ashland,,,Amanda CLARK,54,2,52,0,0
Boyd,B106A,City Commissioners City of Ashland,,,Heather HAYES,35,3,32,0,0
Boyd,B106A,City Commissioners City of Ashland,,,Under Votes,177,15,159,3,0
Boyd,B106A,City Commissioners City of Ashland,,,Over Votes,0,0,0,0,0
Boyd,B107,U.S. Senate,,Republican,Daniel CAMERON,28,7,21,0,0
Boyd,B107,U.S. Senate,,Republican,Jonathan M. HOLLIDAY,1,0,1,0,0
Boyd,B107,U.S. Senate,,Republican,Andy BARR,34,4,29,1,0
Boyd,B107,U.S. Senate,,Republican,"Valerie ""Dr Val"" FREDRICK",4,0,3,1,0
Boyd,B107,U.S. Senate,,Republican,A. Nick SHELLEY,0,0,0,0,0
Boyd,B107,U.S. Senate,,Republican,James D. DUNCAN,2,0,2,0,0
Boyd,B107,U.S. Senate,,Republican,Michael James FARIS,0,0,0,0,0
Boyd,B107,U.S. Senate,,Republican,Anissa CATLETT,0,0,0,0,0
Boyd,B107,U.S. Senate,,Republican,Other Donald WENZEL,0,0,0,0,0
Boyd,B107,U.S. Senate,,Republican,Jimmy I. LEON,1,0,1,0,0
Boyd,B107,U.S. Senate,,Republican,George WASHINGTON,1,0,1,0,0
Boyd,B107,U.S. Senate,,,Under Votes,8,1,6,1,0
Boyd,B107,U.S. Senate,,,Over Votes,0,0,0,0,0
Boyd,B107,Ballots Cast,,,,139,,,,
Boyd,B107,U.S. House,5,Republican,Kevin SMITH,8,2,6,0,0
Boyd,B107,U.S. House,5,Republican,Benjamin HURLEY,6,1,5,0,0
Boyd,B107,U.S. House,5,Republican,Hal ROGERS,45,8,35,2,0
Boyd,B107,U.S. House,5,Republican,Jerry Lee SHELTON,6,0,6,0,0
Boyd,B107,U.S. House,5,Republican,Brandon R. MONHOLLEN,1,0,1,0,0
Boyd,B107,U.S. House,5,,Under Votes,12,0,12,0,0
Boyd,B107,U.S. House,5,,Over Votes,0,0,0,0,0
Boyd,B107,Property Valuation Administrator,,,Brandon Reid RAMSEY,19,0,19,0,0
Boyd,B107,Property Valuation Administrator,,,"Homer I. ""Jay"" WOODS JR.",41,9,30,2,0
Boyd,B107,Property Valuation Administrator,,,Under Votes,18,2,16,0,0
Boyd,B107,Property Valuation Administrator,,,Over Votes,0,0,0,0,0
Boyd,B107,County Attorney,,,Curtis DOTSON,52,10,41,1,0
Boyd,B107,County Attorney,,,Katee Elizabeth NELTNER,17,1,15,1,0
Boyd,B107,County Attorney,,,Under Votes,9,0,9,0,0
Boyd,B107,County Attorney,,,Over Votes,0,0,0,0,0
Boyd,B107,Sheriff,,,"James ""Jamie"" REIHS",61,9,50,2,0
Boyd,B107,Sheriff,,,John DANIELS,15,2,13,0,0
Boyd,B107,Sheriff,,,Under Votes,2,0,2,0,0
Boyd,B107,Sheriff,,,Over Votes,0,0,0,0,0
Boyd,B107,County Commissioner 1st District,,,"James ""Boo"" KING",27,6,20,1,0
Boyd,B107,County Commissioner 1st District,,,John Michael CONLEY,4,0,4,0,0
Boyd,B107,County Commissioner 1st District,,,David SALISBURY,22,2,19,1,0
Boyd,B107,County Commissioner 1st District,,,Heather MOORE,13,2,11,0,0
Boyd,B107,County Commissioner 1st District,,,Keith WATTS,5,1,4,0,0
Boyd,B107,County Commissioner 1st District,,,Under Votes,7,0,7,0,0
Boyd,B107,County Commissioner 1st District,,,Over Votes,0,0,0,0,0
Boyd,B107,County Commissioner 3rd District,,,Randy STAPLETON,38,7,31,0,0
Boyd,B107,County Commissioner 3rd District,,,"William ""Bud"" STEVENS JR.",26,3,21,2,0
Boyd,B107,County Commissioner 3rd District,,,Under Votes,14,1,13,0,0
Boyd,B107,County Commissioner 3rd District,,,Over Votes,0,0,0,0,0
Boyd,B107,U.S. Senate,,Democratic,Vincent Anthony THOMPSON,3,1,2,0,0
Boyd,B107,U.S. Senate,,Democratic,Amy McGRATH,25,1,24,0,0
Boyd,B107,U.S. Senate,,Democratic,Dale Lewis ROMANS,0,0,0,0,0
Boyd,B107,U.S. Senate,,Democratic,Charles BOOKER,13,3,10,0,0
Boyd,B107,U.S. Senate,,Democratic,Pamela STEVENSON,3,0,3,0,0
Boyd,B107,U.S. Senate,,Democratic,Joshua BLANTON SR.,5,1,4,0,0
Boyd,B107,U.S. Senate,,Democratic,Logan FORSYTHE,1,0,1,0,0
Boyd,B107,City Commissioners City of Ashland,,,Timothy RENFROE,70,10,59,1,0
Boyd,B107,City Commissioners City of Ashland,,,Clayton E. WILLS,24,2,22,0,0
Boyd,B107,City Commissioners City of Ashland,,,Marty GUTE,56,7,47,2,0
Boyd,B107,City Commissioners City of Ashland,,,Jeremy LOWRANCE,16,2,14,0,0
Boyd,B107,City Commissioners City of Ashland,,,"David J. ""DJ"" RYMER II.",89,14,72,3,0
Boyd,B107,City Commissioners City of Ashland,,,Socrates MAROUDIS,36,6,27,3,0
Boyd,B107,City Commissioners City of Ashland,,,Fred UNRUE,23,2,20,1,0
Boyd,B107,City Commissioners City of Ashland,,,Amanda CLARK,47,7,38,2,0
Boyd,B107,City Commissioners City of Ashland,,,Heather HAYES,39,2,37,0,0
Boyd,B107,City Commissioners City of Ashland,,,Under Votes,156,20,136,0,0
Boyd,B107,City Commissioners City of Ashland,,,Over Votes,0,0,0,0,0
Boyd,B108,U.S. Senate,,Republican,Daniel CAMERON,43,2,40,1,0
Boyd,B108,U.S. Senate,,Republican,Jonathan M. HOLLIDAY,2,0,2,0,0
Boyd,B108,U.S. Senate,,Republican,Andy BARR,41,4,36,1,0
Boyd,B108,U.S. Senate,,Republican,"Valerie ""Dr Val"" FREDRICK",0,0,0,0,0
Boyd,B108,U.S. Senate,,Republican,A. Nick SHELLEY,0,0,0,0,0
Boyd,B108,U.S. Senate,,Republican,James D. DUNCAN,1,0,1,0,0
Boyd,B108,U.S. Senate,,Republican,Michael James FARIS,1,0,1,0,0
Boyd,B108,U.S. Senate,,Republican,Anissa CATLETT,0,0,0,0,0
Boyd,B108,U.S. Senate,,Republican,Other Donald WENZEL,0,0,0,0,0
Boyd,B108,U.S. Senate,,Republican,Jimmy I. LEON,0,0,0,0,0
Boyd,B108,U.S. Senate,,Republican,George WASHINGTON,1,0,1,0,0
Boyd,B108,U.S. Senate,,,Under Votes,9,0,7,2,0
Boyd,B108,U.S. Senate,,,Over Votes,0,0,0,0,0
Boyd,B108,Ballots Cast,,,,188,,,,
Boyd,B108,U.S. House,5,Republican,Kevin SMITH,16,1,15,0,0
Boyd,B108,U.S. House,5,Republican,Benjamin HURLEY,5,0,5,0,0
Boyd,B108,U.S. House,5,Republican,Hal ROGERS,60,3,55,2,0
Boyd,B108,U.S. House,5,Republican,Jerry Lee SHELTON,0,0,0,0,0
Boyd,B108,U.S. House,5,Republican,Brandon R. MONHOLLEN,1,0,1,0,0
Boyd,B108,U.S. House,5,,Under Votes,13,2,9,2,0
Boyd,B108,U.S. House,5,,Over Votes,0,0,0,0,0
Boyd,B108,Property Valuation Administrator,,,Brandon Reid RAMSEY,24,0,24,0,0
Boyd,B108,Property Valuation Administrator,,,"Homer I. ""Jay"" WOODS JR.",47,6,40,1,0
Boyd,B108,Property Valuation Administrator,,,Under Votes,24,0,21,3,0
Boyd,B108,Property Valuation Administrator,,,Over Votes,0,0,0,0,0
Boyd,B108,County Attorney,,,Curtis DOTSON,66,6,60,0,0
Boyd,B108,County Attorney,,,Katee Elizabeth NELTNER,18,0,16,2,0
Boyd,B108,County Attorney,,,Under Votes,11,0,9,2,0
Boyd,B108,County Attorney,,,Over Votes,0,0,0,0,0
Boyd,B108,Sheriff,,,"James ""Jamie"" REIHS",76,6,66,4,0
Boyd,B108,Sheriff,,,John DANIELS,19,0,19,0,0
Boyd,B108,Sheriff,,,Under Votes,0,0,0,0,0
Boyd,B108,Sheriff,,,Over Votes,0,0,0,0,0
Boyd,B108,County Commissioner 1st District,,,"James ""Boo"" KING",39,3,34,2,0
Boyd,B108,County Commissioner 1st District,,,John Michael CONLEY,11,0,11,0,0
Boyd,B108,County Commissioner 1st District,,,David SALISBURY,22,2,20,0,0
Boyd,B108,County Commissioner 1st District,,,Heather MOORE,10,0,9,1,0
Boyd,B108,County Commissioner 1st District,,,Keith WATTS,2,0,2,0,0
Boyd,B108,County Commissioner 1st District,,,Under Votes,11,1,9,1,0
Boyd,B108,County Commissioner 1st District,,,Over Votes,0,0,0,0,0
Boyd,B108,County Commissioner 3rd District,,,Randy STAPLETON,31,3,28,0,0
Boyd,B108,County Commissioner 3rd District,,,"William ""Bud"" STEVENS JR.",43,2,40,1,0
Boyd,B108,County Commissioner 3rd District,,,Under Votes,21,1,17,3,0
Boyd,B108,County Commissioner 3rd District,,,Over Votes,0,0,0,0,0
Boyd,B108,U.S. Senate,,Democratic,Vincent Anthony THOMPSON,2,0,2,0,0
Boyd,B108,U.S. Senate,,Democratic,Amy McGRATH,39,5,32,1,1
Boyd,B108,U.S. Senate,,Democratic,Dale Lewis ROMANS,0,0,0,0,0
Boyd,B108,U.S. Senate,,Democratic,Charles BOOKER,28,0,27,1,0
Boyd,B108,U.S. Senate,,Democratic,Pamela STEVENSON,2,0,2,0,0
Boyd,B108,U.S. Senate,,Democratic,Joshua BLANTON SR.,9,0,8,0,1
Boyd,B108,U.S. Senate,,Democratic,Logan FORSYTHE,3,0,3,0,0
Boyd,B108,City Commissioners City of Ashland,,,Timothy RENFROE,76,4,70,1,1
Boyd,B108,City Commissioners City of Ashland,,,Clayton E. WILLS,24,1,23,0,0
Boyd,B108,City Commissioners City of Ashland,,,Marty GUTE,103,6,92,5,0
Boyd,B108,City Commissioners City of Ashland,,,Jeremy LOWRANCE,22,2,20,0,0
Boyd,B108,City Commissioners City of Ashland,,,"David J. ""DJ"" RYMER II.",119,8,106,4,1
Boyd,B108,City Commissioners City of Ashland,,,Socrates MAROUDIS,45,6,39,0,0
Boyd,B108,City Commissioners City of Ashland,,,Fred UNRUE,37,2,34,1,0
Boyd,B108,City Commissioners City of Ashland,,,Amanda CLARK,46,3,41,2,0
Boyd,B108,City Commissioners City of Ashland,,,Heather HAYES,38,3,35,0,0
Boyd,B108,City Commissioners City of Ashland,,,Under Votes,242,9,216,11,6
Boyd,B108,City Commissioners City of Ashland,,,Over Votes,0,0,0,0,0
Boyd,B109,U.S. Senate,,Republican,Daniel CAMERON,38,4,33,1,0
Boyd,B109,U.S. Senate,,Republican,Jonathan M. HOLLIDAY,2,0,1,1,0
Boyd,B109,U.S. Senate,,Republican,Andy BARR,52,10,40,2,0
Boyd,B109,U.S. Senate,,Republican,"Valerie ""Dr Val"" FREDRICK",0,0,0,0,0
Boyd,B109,U.S. Senate,,Republican,A. Nick SHELLEY,1,0,1,0,0
Boyd,B109,U.S. Senate,,Republican,James D. DUNCAN,4,1,3,0,0
Boyd,B109,U.S. Senate,,Republican,Michael James FARIS,1,0,1,0,0
Boyd,B109,U.S. Senate,,Republican,Anissa CATLETT,3,2,1,0,0
Boyd,B109,U.S. Senate,,Republican,Other Donald WENZEL,0,0,0,0,0
Boyd,B109,U.S. Senate,,Republican,Jimmy I. LEON,0,0,0,0,0
Boyd,B109,U.S. Senate,,Republican,George WASHINGTON,1,0,1,0,0
Boyd,B109,U.S. Senate,,,Under Votes,11,0,10,1,0
Boyd,B109,U.S. Senate,,,Over Votes,0,0,0,0,0
Boyd,B109,Ballots Cast,,,,209,,,,
Boyd,B109,U.S. House,5,Republican,Kevin SMITH,20,3,17,0,0
Boyd,B109,U.S. House,5,Republican,Benjamin HURLEY,10,1,9,0,0
Boyd,B109,U.S. House,5,Republican,Hal ROGERS,66,12,51,3,0
Boyd,B109,U.S. House,5,Republican,Jerry Lee SHELTON,4,1,3,0,0
Boyd,B109,U.S. House,5,Republican,Brandon R. MONHOLLEN,5,1,2,2,0
Boyd,B109,U.S. House,5,,Under Votes,11,0,11,0,0
Boyd,B109,U.S. House,5,,Over Votes,0,0,0,0,0
Boyd,B109,Property Valuation Administrator,,,Brandon Reid RAMSEY,28,4,22,2,0
Boyd,B109,Property Valuation Administrator,,,"Homer I. ""Jay"" WOODS JR.",64,11,52,1,0
Boyd,B109,Property Valuation Administrator,,,Under Votes,24,3,19,2,0
Boyd,B109,Property Valuation Administrator,,,Over Votes,0,0,0,0,0
Boyd,B109,County Attorney,,,Curtis DOTSON,78,14,62,2,0
Boyd,B109,County Attorney,,,Katee Elizabeth NELTNER,25,4,20,1,0
Boyd,B109,County Attorney,,,Under Votes,13,0,11,2,0
Boyd,B109,County Attorney,,,Over Votes,0,0,0,0,0
Boyd,B109,Sheriff,,,"James ""Jamie"" REIHS",84,15,67,2,0
Boyd,B109,Sheriff,,,John DANIELS,28,3,24,1,0
Boyd,B109,Sheriff,,,Under Votes,4,0,2,2,0
Boyd,B109,Sheriff,,,Over Votes,0,0,0,0,0
Boyd,B109,County Commissioner 1st District,,,"James ""Boo"" KING",36,9,27,0,0
Boyd,B109,County Commissioner 1st District,,,John Michael CONLEY,9,0,8,1,0
Boyd,B109,County Commissioner 1st District,,,David SALISBURY,35,5,29,1,0
Boyd,B109,County Commissioner 1st District,,,Heather MOORE,16,1,14,1,0
Boyd,B109,County Commissioner 1st District,,,Keith WATTS,5,1,4,0,0
Boyd,B109,County Commissioner 1st District,,,Under Votes,15,2,11,2,0
Boyd,B109,County Commissioner 1st District,,,Over Votes,0,0,0,0,0
Boyd,B109,County Commissioner 3rd District,,,Randy STAPLETON,40,7,31,2,0
Boyd,B109,County Commissioner 3rd District,,,"William ""Bud"" STEVENS JR.",53,7,45,1,0
Boyd,B109,County Commissioner 3rd District,,,Under Votes,23,4,17,2,0
Boyd,B109,County Commissioner 3rd District,,,Over Votes,0,0,0,0,0
Boyd,B109,U.S. Senate,,Democratic,Vincent Anthony THOMPSON,3,0,3,0,0
Boyd,B109,U.S. Senate,,Democratic,Amy McGRATH,44,11,28,5,0
Boyd,B109,U.S. Senate,,Democratic,Dale Lewis ROMANS,2,1,1,0,0
Boyd,B109,U.S. Senate,,Democratic,Charles BOOKER,32,11,21,0,0
Boyd,B109,U.S. Senate,,Democratic,Pamela STEVENSON,1,0,1,0,0
Boyd,B109,U.S. Senate,,Democratic,Joshua BLANTON SR.,3,1,2,0,0
Boyd,B109,U.S. Senate,,Democratic,Logan FORSYTHE,2,0,2,0,0
Boyd,B109,City Commissioners City of Ashland,,,Timothy RENFROE,99,22,73,4,0
Boyd,B109,City Commissioners City of Ashland,,,Clayton E. WILLS,35,17,18,0,0
Boyd,B109,City Commissioners City of Ashland,,,Marty GUTE,82,11,67,4,0
Boyd,B109,City Commissioners City of Ashland,,,Jeremy LOWRANCE,33,9,24,0,0
Boyd,B109,City Commissioners City of Ashland,,,"David J. ""DJ"" RYMER II.",126,25,95,6,0
Boyd,B109,City Commissioners City of Ashland,,,Socrates MAROUDIS,52,12,39,1,0
Boyd,B109,City Commissioners City of Ashland,,,Fred UNRUE,44,6,35,3,0
Boyd,B109,City Commissioners City of Ashland,,,Amanda CLARK,56,6,47,3,0
Boyd,B109,City Commissioners City of Ashland,,,Heather HAYES,59,14,44,1,0
Boyd,B109,City Commissioners City of Ashland,,,Under Votes,246,50,178,18,0
Boyd,B109,City Commissioners City of Ashland,,,Over Votes,1,0,0,1,0
Boyd,B110,U.S. Senate,,Republican,Daniel CAMERON,20,4,16,0,0
Boyd,B110,U.S. Senate,,Republican,Jonathan M. HOLLIDAY,0,0,0,0,0
Boyd,B110,U.S. Senate,,Republican,Andy BARR,53,3,49,1,0
Boyd,B110,U.S. Senate,,Republican,"Valerie ""Dr Val"" FREDRICK",3,0,3,0,0
Boyd,B110,U.S. Senate,,Republican,A. Nick SHELLEY,0,0,0,0,0
Boyd,B110,U.S. Senate,,Republican,James D. DUNCAN,1,0,1,0,0
Boyd,B110,U.S. Senate,,Republican,Michael James FARIS,2,0,2,0,0
Boyd,B110,U.S. Senate,,Republican,Anissa CATLETT,3,1,2,0,0
Boyd,B110,U.S. Senate,,Republican,Other Donald WENZEL,0,0,0,0,0
Boyd,B110,U.S. Senate,,Republican,Jimmy I. LEON,0,0,0,0,0
Boyd,B110,U.S. Senate,,Republican,George WASHINGTON,3,0,3,0,0
Boyd,B110,U.S. Senate,,,Under Votes,8,0,7,1,0
Boyd,B110,U.S. Senate,,,Over Votes,0,0,0,0,0
Boyd,B110,Ballots Cast,,,,189,,,,
Boyd,B110,U.S. House,5,Republican,Kevin SMITH,8,2,6,0,0
Boyd,B110,U.S. House,5,Republican,Benjamin HURLEY,12,1,11,0,0
Boyd,B110,U.S. House,5,Republican,Hal ROGERS,58,6,52,0,0
Boyd,B110,U.S. House,5,Republican,Jerry Lee SHELTON,1,0,1,0,0
Boyd,B110,U.S. House,5,Republican,Brandon R. MONHOLLEN,3,0,3,0,0
Boyd,B110,U.S. House,5,,Under Votes,16,0,14,2,0
Boyd,B110,U.S. House,5,,Over Votes,0,0,0,0,0
Boyd,B110,Property Valuation Administrator,,,Brandon Reid RAMSEY,29,4,25,0,0
Boyd,B110,Property Valuation Administrator,,,"Homer I. ""Jay"" WOODS JR.",46,5,41,0,0
Boyd,B110,Property Valuation Administrator,,,Under Votes,23,0,21,2,0
Boyd,B110,Property Valuation Administrator,,,Over Votes,0,0,0,0,0
Boyd,B110,County Attorney,,,Curtis DOTSON,68,8,58,2,0
Boyd,B110,County Attorney,,,Katee Elizabeth NELTNER,19,1,18,0,0
Boyd,B110,County Attorney,,,Under Votes,11,0,11,0,0
Boyd,B110,County Attorney,,,Over Votes,0,0,0,0,0
Boyd,B110,Sheriff,,,"James ""Jamie"" REIHS",80,6,72,2,0
Boyd,B110,Sheriff,,,John DANIELS,13,3,10,0,0
Boyd,B110,Sheriff,,,Under Votes,5,0,5,0,0
Boyd,B110,Sheriff,,,Over Votes,0,0,0,0,0
Boyd,B110,County Commissioner 1st District,,,"James ""Boo"" KING",31,2,29,0,0
Boyd,B110,County Commissioner 1st District,,,John Michael CONLEY,9,0,9,0,0
Boyd,B110,County Commissioner 1st District,,,David SALISBURY,20,4,16,0,0
Boyd,B110,County Commissioner 1st District,,,Heather MOORE,14,3,10,1,0
Boyd,B110,County Commissioner 1st District,,,Keith WATTS,8,0,7,1,0
Boyd,B110,County Commissioner 1st District,,,Under Votes,16,0,16,0,0
Boyd,B110,County Commissioner 1st District,,,Over Votes,0,0,0,0,0
Boyd,B110,County Commissioner 3rd District,,,Randy STAPLETON,33,5,28,0,0
Boyd,B110,County Commissioner 3rd District,,,"William ""Bud"" STEVENS JR.",42,4,38,0,0
Boyd,B110,County Commissioner 3rd District,,,Under Votes,23,0,21,2,0
Boyd,B110,County Commissioner 3rd District,,,Over Votes,0,0,0,0,0
Boyd,B110,U.S. Senate,,Democratic,Vincent Anthony THOMPSON,0,0,0,0,0
Boyd,B110,U.S. Senate,,Democratic,Amy McGRATH,34,1,30,3,0
Boyd,B110,U.S. Senate,,Democratic,Dale Lewis ROMANS,2,0,2,0,0
Boyd,B110,U.S. Senate,,Democratic,Charles BOOKER,39,3,35,0,1
Boyd,B110,U.S. Senate,,Democratic,Pamela STEVENSON,4,0,4,0,0
Boyd,B110,U.S. Senate,,Democratic,Joshua BLANTON SR.,5,1,3,1,0
Boyd,B110,U.S. Senate,,Democratic,Logan FORSYTHE,1,0,1,0,0
Boyd,B110,City Commissioners City of Ashland,,,Timothy RENFROE,75,7,64,3,1
Boyd,B110,City Commissioners City of Ashland,,,Clayton E. WILLS,36,3,33,0,0
Boyd,B110,City Commissioners City of Ashland,,,Marty GUTE,49,2,46,0,1
Boyd,B110,City Commissioners City of Ashland,,,Jeremy LOWRANCE,20,0,20,0,0
Boyd,B110,City Commissioners City of Ashland,,,"David J. ""DJ"" RYMER II.",108,8,96,3,1
Boyd,B110,City Commissioners City of Ashland,,,Socrates MAROUDIS,57,2,53,2,0
Boyd,B110,City Commissioners City of Ashland,,,Fred UNRUE,29,3,26,0,0
Boyd,B110,City Commissioners City of Ashland,,,Amanda CLARK,79,9,67,3,0
Boyd,B110,City Commissioners City of Ashland,,,Heather HAYES,55,3,49,3,0
Boyd,B110,City Commissioners City of Ashland,,,Under Votes,248,19,218,10,1
Boyd,B110,City Commissioners City of Ashland,,,Over Votes,0,0,0,0,0
Boyd,B114,U.S. Senate,,Republican,Daniel CAMERON,28,3,25,0,0
Boyd,B114,U.S. Senate,,Republican,Jonathan M. HOLLIDAY,1,0,1,0,0
Boyd,B114,U.S. Senate,,Republican,Andy BARR,20,0,19,1,0
Boyd,B114,U.S. Senate,,Republican,"Valerie ""Dr Val"" FREDRICK",3,0,3,0,0
Boyd,B114,U.S. Senate,,Republican,A. Nick SHELLEY,0,0,0,0,0
Boyd,B114,U.S. Senate,,Republican,James D. DUNCAN,2,0,2,0,0
Boyd,B114,U.S. Senate,,Republican,Michael James FARIS,1,1,0,0,0
Boyd,B114,U.S. Senate,,Republican,Anissa CATLETT,0,0,0,0,0
Boyd,B114,U.S. Senate,,Republican,Other Donald WENZEL,0,0,0,0,0
Boyd,B114,U.S. Senate,,Republican,Jimmy I. LEON,0,0,0,0,0
Boyd,B114,U.S. Senate,,Republican,George WASHINGTON,0,0,0,0,0
Boyd,B114,U.S. Senate,,,Under Votes,7,2,5,0,0
Boyd,B114,U.S. Senate,,,Over Votes,0,0,0,0,0
Boyd,B114,Ballots Cast,,,,134,,,,
Boyd,B114,U.S. House,5,Republican,Kevin SMITH,10,1,9,0,0
Boyd,B114,U.S. House,5,Republican,Benjamin HURLEY,5,0,4,1,0
Boyd,B114,U.S. House,5,Republican,Hal ROGERS,33,3,29,1,0
Boyd,B114,U.S. House,5,Republican,Jerry Lee SHELTON,5,0,5,0,0
Boyd,B114,U.S. House,5,Republican,Brandon R. MONHOLLEN,3,1,2,0,0
Boyd,B114,U.S. House,5,,Under Votes,8,0,8,0,0
Boyd,B114,U.S. House,5,,Over Votes,0,0,0,0,0
Boyd,B114,Property Valuation Administrator,,,Brandon Reid RAMSEY,21,1,18,2,0
Boyd,B114,Property Valuation Administrator,,,"Homer I. ""Jay"" WOODS JR.",36,4,32,0,0
Boyd,B114,Property Valuation Administrator,,,Under Votes,7,0,7,0,0
Boyd,B114,Property Valuation Administrator,,,Over Votes,0,0,0,0,0
Boyd,B114,County Attorney,,,Curtis DOTSON,41,3,36,2,0
Boyd,B114,County Attorney,,,Katee Elizabeth NELTNER,16,2,14,0,0
Boyd,B114,County Attorney,,,Under Votes,7,0,7,0,0
Boyd,B114,County Attorney,,,Over Votes,0,0,0,0,0
Boyd,B114,Sheriff,,,"James ""Jamie"" REIHS",46,5,39,2,0
Boyd,B114,Sheriff,,,John DANIELS,16,0,16,0,0
Boyd,B114,Sheriff,,,Under Votes,2,0,2,0,0
Boyd,B114,Sheriff,,,Over Votes,0,0,0,0,0
Boyd,B114,County Commissioner 1st District,,,"James ""Boo"" KING",24,3,21,0,0
Boyd,B114,County Commissioner 1st District,,,John Michael CONLEY,8,0,7,1,0
Boyd,B114,County Commissioner 1st District,,,David SALISBURY,13,2,10,1,0
Boyd,B114,County Commissioner 1st District,,,Heather MOORE,9,0,9,0,0
Boyd,B114,County Commissioner 1st District,,,Keith WATTS,5,0,5,0,0
Boyd,B114,County Commissioner 1st District,,,Under Votes,5,0,5,0,0
Boyd,B114,County Commissioner 1st District,,,Over Votes,0,0,0,0,0
Boyd,B114,County Commissioner 3rd District,,,Randy STAPLETON,27,3,23,1,0
Boyd,B114,County Commissioner 3rd District,,,"William ""Bud"" STEVENS JR.",26,2,23,1,0
Boyd,B114,County Commissioner 3rd District,,,Under Votes,11,0,11,0,0
Boyd,B114,County Commissioner 3rd District,,,Over Votes,0,0,0,0,0
Boyd,B114,U.S. Senate,,Democratic,Vincent Anthony THOMPSON,1,0,1,0,0
Boyd,B114,U.S. Senate,,Democratic,Amy McGRATH,24,5,18,1,0
Boyd,B114,U.S. Senate,,Democratic,Dale Lewis ROMANS,0,0,0,0,0
Boyd,B114,U.S. Senate,,Democratic,Charles BOOKER,18,1,17,0,0
Boyd,B114,U.S. Senate,,Democratic,Pamela STEVENSON,4,2,2,0,0
Boyd,B114,U.S. Senate,,Democratic,Joshua BLANTON SR.,6,0,6,0,0
Boyd,B114,U.S. Senate,,Democratic,Logan FORSYTHE,5,0,5,0,0
Boyd,B114,City Commissioners City of Ashland,,,Timothy RENFROE,69,5,63,1,0
Boyd,B114,City Commissioners City of Ashland,,,Clayton E. WILLS,13,0,12,1,0
Boyd,B114,City Commissioners City of Ashland,,,Marty GUTE,63,9,53,1,0
Boyd,B114,City Commissioners City of Ashland,,,Jeremy LOWRANCE,12,2,9,1,0
Boyd,B114,City Commissioners City of Ashland,,,"David J. ""DJ"" RYMER II.",81,6,72,3,0
Boyd,B114,City Commissioners City of Ashland,,,Socrates MAROUDIS,28,6,20,2,0
Boyd,B114,City Commissioners City of Ashland,,,Fred UNRUE,26,2,23,1,0
Boyd,B114,City Commissioners City of Ashland,,,Amanda CLARK,49,9,40,0,0
Boyd,B114,City Commissioners City of Ashland,,,Heather HAYES,32,2,30,0,0
Boyd,B114,City Commissioners City of Ashland,,,Under Votes,159,23,134,2,0
Boyd,B114,City Commissioners City of Ashland,,,Over Votes,1,0,1,0,0
Boyd,B115,U.S. Senate,,Republican,Daniel CAMERON,41,5,33,3,0
Boyd,B115,U.S. Senate,,Republican,Jonathan M. HOLLIDAY,2,0,2,0,0
Boyd,B115,U.S. Senate,,Republican,Andy BARR,49,5,43,1,0
Boyd,B115,U.S. Senate,,Republican,"Valerie ""Dr Val"" FREDRICK",5,0,5,0,0
Boyd,B115,U.S. Senate,,Republican,A. Nick SHELLEY,1,0,1,0,0
Boyd,B115,U.S. Senate,,Republican,James D. DUNCAN,2,0,2,0,0
Boyd,B115,U.S. Senate,,Republican,Michael James FARIS,9,1,8,0,0
Boyd,B115,U.S. Senate,,Republican,Anissa CATLETT,0,0,0,0,0
Boyd,B115,U.S. Senate,,Republican,Other Donald WENZEL,0,0,0,0,0
Boyd,B115,U.S. Senate,,Republican,Jimmy I. LEON,0,0,0,0,0
Boyd,B115,U.S. Senate,,Republican,George WASHINGTON,3,0,3,0,0
Boyd,B115,U.S. Senate,,,Under Votes,15,1,14,0,0
Boyd,B115,U.S. Senate,,,Over Votes,1,0,1,0,0
Boyd,B115,Ballots Cast,,,,237,,,,
Boyd,B115,U.S. House,5,Republican,Kevin SMITH,29,5,24,0,0
Boyd,B115,U.S. House,5,Republican,Benjamin HURLEY,9,0,9,0,0
Boyd,B115,U.S. House,5,Republican,Hal ROGERS,62,6,52,4,0
Boyd,B115,U.S. House,5,Republican,Jerry Lee SHELTON,3,0,3,0,0
Boyd,B115,U.S. House,5,Republican,Brandon R. MONHOLLEN,3,0,3,0,0
Boyd,B115,U.S. House,5,,Under Votes,19,1,18,0,0
Boyd,B115,U.S. House,5,,Over Votes,0,0,0,0,0
Boyd,B115,Property Valuation Administrator,,,Brandon Reid RAMSEY,32,2,28,2,0
Boyd,B115,Property Valuation Administrator,,,"Homer I. ""Jay"" WOODS JR.",63,7,54,2,0
Boyd,B115,Property Valuation Administrator,,,Under Votes,30,3,27,0,0
Boyd,B115,Property Valuation Administrator,,,Over Votes,0,0,0,0,0
Boyd,B115,County Attorney,,,Curtis DOTSON,81,9,68,4,0
Boyd,B115,County Attorney,,,Katee Elizabeth NELTNER,28,3,25,0,0
Boyd,B115,County Attorney,,,Under Votes,16,0,16,0,0
Boyd,B115,County Attorney,,,Over Votes,0,0,0,0,0
Boyd,B115,Sheriff,,,"James ""Jamie"" REIHS",98,10,84,4,0
Boyd,B115,Sheriff,,,John DANIELS,22,1,21,0,0
Boyd,B115,Sheriff,,,Under Votes,5,1,4,0,0
Boyd,B115,Sheriff,,,Over Votes,0,0,0,0,0
Boyd,B115,County Commissioner 1st District,,,"James ""Boo"" KING",40,5,34,1,0
Boyd,B115,County Commissioner 1st District,,,John Michael CONLEY,8,0,8,0,0
Boyd,B115,County Commissioner 1st District,,,David SALISBURY,39,3,36,0,0
Boyd,B115,County Commissioner 1st District,,,Heather MOORE,16,0,15,1,0
Boyd,B115,County Commissioner 1st District,,,Keith WATTS,5,1,2,2,0
Boyd,B115,County Commissioner 1st District,,,Under Votes,17,3,14,0,0
Boyd,B115,County Commissioner 1st District,,,Over Votes,0,0,0,0,0
Boyd,B115,County Commissioner 3rd District,,,Randy STAPLETON,53,6,45,2,0
Boyd,B115,County Commissioner 3rd District,,,"William ""Bud"" STEVENS JR.",47,5,40,2,0
Boyd,B115,County Commissioner 3rd District,,,Under Votes,25,1,24,0,0
Boyd,B115,County Commissioner 3rd District,,,Over Votes,0,0,0,0,0
Boyd,B115,U.S. Senate,,Democratic,Vincent Anthony THOMPSON,5,0,5,0,0
Boyd,B115,U.S. Senate,,Democratic,Amy McGRATH,54,9,45,0,0
Boyd,B115,U.S. Senate,,Democratic,Dale Lewis ROMANS,0,0,0,0,0
Boyd,B115,U.S. Senate,,Democratic,Charles BOOKER,25,2,23,0,0
Boyd,B115,U.S. Senate,,Democratic,Pamela STEVENSON,0,0,0,0,0
Boyd,B115,U.S. Senate,,Democratic,Joshua BLANTON SR.,12,1,11,0,0
Boyd,B115,U.S. Senate,,Democratic,Logan FORSYTHE,2,0,2,0,0
Boyd,B115,City Commissioners City of Ashland,,,Timothy RENFROE,103,11,88,4,0
Boyd,B115,City Commissioners City of Ashland,,,Clayton E. WILLS,34,4,29,0,1
Boyd,B115,City Commissioners City of Ashland,,,Marty GUTE,104,12,88,4,0
Boyd,B115,City Commissioners City of Ashland,,,Jeremy LOWRANCE,35,5,29,0,1
Boyd,B115,City Commissioners City of Ashland,,,"David J. ""DJ"" RYMER II.",142,14,124,4,0
Boyd,B115,City Commissioners City of Ashland,,,Socrates MAROUDIS,70,5,65,0,0
Boyd,B115,City Commissioners City of Ashland,,,Fred UNRUE,66,6,57,2,1
Boyd,B115,City Commissioners City of Ashland,,,Amanda CLARK,74,9,65,0,0
Boyd,B115,City Commissioners City of Ashland,,,Heather HAYES,52,6,44,2,0
Boyd,B115,City Commissioners City of Ashland,,,Under Votes,268,24,243,0,1
Boyd,B115,City Commissioners City of Ashland,,,Over Votes,0,0,0,0,0
Boyd,B116,U.S. Senate,,Republican,Daniel CAMERON,35,12,22,1,0
Boyd,B116,U.S. Senate,,Republican,Jonathan M. HOLLIDAY,0,0,0,0,0
Boyd,B116,U.S. Senate,,Republican,Andy BARR,46,6,38,2,0
Boyd,B116,U.S. Senate,,Republican,"Valerie ""Dr Val"" FREDRICK",0,0,0,0,0
Boyd,B116,U.S. Senate,,Republican,A. Nick SHELLEY,1,0,1,0,0
Boyd,B116,U.S. Senate,,Republican,James D. DUNCAN,0,0,0,0,0
Boyd,B116,U.S. Senate,,Republican,Michael James FARIS,2,1,1,0,0
Boyd,B116,U.S. Senate,,Republican,Anissa CATLETT,1,0,1,0,0
Boyd,B116,U.S. Senate,,Republican,Other Donald WENZEL,0,0,0,0,0
Boyd,B116,U.S. Senate,,Republican,Jimmy I. LEON,0,0,0,0,0
Boyd,B116,U.S. Senate,,Republican,George WASHINGTON,2,0,2,0,0
Boyd,B116,U.S. Senate,,,Under Votes,5,0,5,0,0
Boyd,B116,U.S. Senate,,,Over Votes,0,0,0,0,0
Boyd,B116,Ballots Cast,,,,168,,,,
Boyd,B116,U.S. House,5,Republican,Kevin SMITH,15,1,14,0,0
Boyd,B116,U.S. House,5,Republican,Benjamin HURLEY,7,3,4,0,0
Boyd,B116,U.S. House,5,Republican,Hal ROGERS,61,11,47,3,0
Boyd,B116,U.S. House,5,Republican,Jerry Lee SHELTON,4,0,4,0,0
Boyd,B116,U.S. House,5,Republican,Brandon R. MONHOLLEN,0,0,0,0,0
Boyd,B116,U.S. House,5,,Under Votes,10,4,6,0,0
Boyd,B116,U.S. House,5,,Over Votes,0,0,0,0,0
Boyd,B116,Property Valuation Administrator,,,Brandon Reid RAMSEY,30,3,27,0,0
Boyd,B116,Property Valuation Administrator,,,"Homer I. ""Jay"" WOODS JR.",56,15,38,3,0
Boyd,B116,Property Valuation Administrator,,,Under Votes,11,1,10,0,0
Boyd,B116,Property Valuation Administrator,,,Over Votes,0,0,0,0,0
Boyd,B116,County Attorney,,,Curtis DOTSON,56,12,43,1,0
Boyd,B116,County Attorney,,,Katee Elizabeth NELTNER,33,6,25,2,0
Boyd,B116,County Attorney,,,Under Votes,8,1,7,0,0
Boyd,B116,County Attorney,,,Over Votes,0,0,0,0,0
Boyd,B116,Sheriff,,,"James ""Jamie"" REIHS",77,15,60,2,0
Boyd,B116,Sheriff,,,John DANIELS,16,4,11,1,0
Boyd,B116,Sheriff,,,Under Votes,4,0,4,0,0
Boyd,B116,Sheriff,,,Over Votes,0,0,0,0,0
Boyd,B116,County Commissioner 1st District,,,"James ""Boo"" KING",32,9,23,0,0
Boyd,B116,County Commissioner 1st District,,,John Michael CONLEY,2,0,2,0,0
Boyd,B116,County Commissioner 1st District,,,David SALISBURY,30,6,22,2,0
Boyd,B116,County Commissioner 1st District,,,Heather MOORE,15,1,14,0,0
Boyd,B116,County Commissioner 1st District,,,Keith WATTS,5,0,4,1,0
Boyd,B116,County Commissioner 1st District,,,Under Votes,13,3,10,0,0
Boyd,B116,County Commissioner 1st District,,,Over Votes,0,0,0,0,0
Boyd,B116,County Commissioner 3rd District,,,Randy STAPLETON,35,9,26,0,0
Boyd,B116,County Commissioner 3rd District,,,"William ""Bud"" STEVENS JR.",47,7,37,3,0
Boyd,B116,County Commissioner 3rd District,,,Under Votes,15,3,12,0,0
Boyd,B116,County Commissioner 3rd District,,,Over Votes,0,0,0,0,0
Boyd,B116,U.S. Senate,,Democratic,Vincent Anthony THOMPSON,1,1,0,0,0
Boyd,B116,U.S. Senate,,Democratic,Amy McGRATH,24,0,24,0,0
Boyd,B116,U.S. Senate,,Democratic,Dale Lewis ROMANS,1,0,0,1,0
Boyd,B116,U.S. Senate,,Democratic,Charles BOOKER,28,2,26,0,0
Boyd,B116,U.S. Senate,,Democratic,Pamela STEVENSON,1,0,0,1,0
Boyd,B116,U.S. Senate,,Democratic,Joshua BLANTON SR.,4,0,4,0,0
Boyd,B116,U.S. Senate,,Democratic,Logan FORSYTHE,1,0,1,0,0
Boyd,B116,City Commissioners City of Ashland,,,Timothy RENFROE,70,11,56,3,0
Boyd,B116,City Commissioners City of Ashland,,,Clayton E. WILLS,31,3,28,0,0
Boyd,B116,City Commissioners City of Ashland,,,Marty GUTE,75,10,63,2,0
Boyd,B116,City Commissioners City of Ashland,,,Jeremy LOWRANCE,25,4,21,0,0
Boyd,B116,City Commissioners City of Ashland,,,"David J. ""DJ"" RYMER II.",95,6,85,4,0
Boyd,B116,City Commissioners City of Ashland,,,Socrates MAROUDIS,69,10,56,3,0
Boyd,B116,City Commissioners City of Ashland,,,Fred UNRUE,33,4,29,0,0
Boyd,B116,City Commissioners City of Ashland,,,Amanda CLARK,48,6,41,1,0
Boyd,B116,City Commissioners City of Ashland,,,Heather HAYES,37,1,36,0,0
Boyd,B116,City Commissioners City of Ashland,,,Under Votes,189,33,149,7,0
Boyd,B116,City Commissioners City of Ashland,,,Over Votes,0,0,0,0,0
Boyd,B117,U.S. Senate,,Republican,Daniel CAMERON,35,8,22,5,0
Boyd,B117,U.S. Senate,,Republican,Jonathan M. HOLLIDAY,0,0,0,0,0
Boyd,B117,U.S. Senate,,Republican,Andy BARR,41,4,37,0,0
Boyd,B117,U.S. Senate,,Republican,"Valerie ""Dr Val"" FREDRICK",0,0,0,0,0
Boyd,B117,U.S. Senate,,Republican,A. Nick SHELLEY,0,0,0,0,0
Boyd,B117,U.S. Senate,,Republican,James D. DUNCAN,1,0,1,0,0
Boyd,B117,U.S. Senate,,Republican,Michael James FARIS,1,0,1,0,0
Boyd,B117,U.S. Senate,,Republican,Anissa CATLETT,1,0,1,0,0
Boyd,B117,U.S. Senate,,Republican,Other Donald WENZEL,0,0,0,0,0
Boyd,B117,U.S. Senate,,Republican,Jimmy I. LEON,0,0,0,0,0
Boyd,B117,U.S. Senate,,Republican,George WASHINGTON,0,0,0,0,0
Boyd,B117,U.S. Senate,,,Under Votes,6,0,5,1,0
Boyd,B117,U.S. Senate,,,Over Votes,0,0,0,0,0
Boyd,B117,Ballots Cast,,,,170,,,,
Boyd,B117,U.S. House,5,Republican,Kevin SMITH,11,3,7,1,0
Boyd,B117,U.S. House,5,Republican,Benjamin HURLEY,5,1,4,0,0
Boyd,B117,U.S. House,5,Republican,Hal ROGERS,54,6,47,1,0
Boyd,B117,U.S. House,5,Republican,Jerry Lee SHELTON,5,2,2,1,0
Boyd,B117,U.S. House,5,Republican,Brandon R. MONHOLLEN,7,0,5,2,0
Boyd,B117,U.S. House,5,,Under Votes,5,1,3,1,0
Boyd,B117,U.S. House,5,,Over Votes,0,0,0,0,0
Boyd,B117,Property Valuation Administrator,,,Brandon Reid RAMSEY,21,4,15,2,0
Boyd,B117,Property Valuation Administrator,,,"Homer I. ""Jay"" WOODS JR.",49,6,40,3,0
Boyd,B117,Property Valuation Administrator,,,Under Votes,17,3,13,1,0
Boyd,B117,Property Valuation Administrator,,,Over Votes,0,0,0,0,0
Boyd,B117,County Attorney,,,Curtis DOTSON,59,8,45,6,0
Boyd,B117,County Attorney,,,Katee Elizabeth NELTNER,21,4,17,0,0
Boyd,B117,County Attorney,,,Under Votes,7,1,6,0,0
Boyd,B117,County Attorney,,,Over Votes,0,0,0,0,0
Boyd,B117,Sheriff,,,"James ""Jamie"" REIHS",69,12,51,6,0
Boyd,B117,Sheriff,,,John DANIELS,17,0,17,0,0
Boyd,B117,Sheriff,,,Under Votes,1,1,0,0,0
Boyd,B117,Sheriff,,,Over Votes,0,0,0,0,0
Boyd,B117,County Commissioner 1st District,,,"James ""Boo"" KING",34,4,30,0,0
Boyd,B117,County Commissioner 1st District,,,John Michael CONLEY,10,2,7,1,0
Boyd,B117,County Commissioner 1st District,,,David SALISBURY,19,5,10,4,0
Boyd,B117,County Commissioner 1st District,,,Heather MOORE,12,0,11,1,0
Boyd,B117,County Commissioner 1st District,,,Keith WATTS,5,0,5,0,0
Boyd,B117,County Commissioner 1st District,,,Under Votes,7,2,5,0,0
Boyd,B117,County Commissioner 1st District,,,Over Votes,0,0,0,0,0
Boyd,B117,County Commissioner 3rd District,,,Randy STAPLETON,32,4,25,3,0
Boyd,B117,County Commissioner 3rd District,,,"William ""Bud"" STEVENS JR.",37,6,29,2,0
Boyd,B117,County Commissioner 3rd District,,,Under Votes,18,3,14,1,0
Boyd,B117,County Commissioner 3rd District,,,Over Votes,0,0,0,0,0
Boyd,B117,U.S. Senate,,Democratic,Vincent Anthony THOMPSON,1,0,1,0,0
Boyd,B117,U.S. Senate,,Democratic,Amy McGRATH,32,7,22,3,0
Boyd,B117,U.S. Senate,,Democratic,Dale Lewis ROMANS,2,0,2,0,0
Boyd,B117,U.S. Senate,,Democratic,Charles BOOKER,31,1,29,1,0
Boyd,B117,U.S. Senate,,Democratic,Pamela STEVENSON,1,0,1,0,0
Boyd,B117,U.S. Senate,,Democratic,Joshua BLANTON SR.,7,0,7,0,0
Boyd,B117,U.S. Senate,,Democratic,Logan FORSYTHE,0,0,0,0,0
Boyd,B117,City Commissioners City of Ashland,,,Timothy RENFROE,84,12,67,5,0
Boyd,B117,City Commissioners City of Ashland,,,Clayton E. WILLS,23,2,19,2,0
Boyd,B117,City Commissioners City of Ashland,,,Marty GUTE,66,8,55,3,0
Boyd,B117,City Commissioners City of Ashland,,,Jeremy LOWRANCE,24,1,22,1,0
Boyd,B117,City Commissioners City of Ashland,,,"David J. ""DJ"" RYMER II.",97,11,79,7,0
Boyd,B117,City Commissioners City of Ashland,,,Socrates MAROUDIS,69,9,56,4,0
Boyd,B117,City Commissioners City of Ashland,,,Fred UNRUE,29,2,24,3,0
Boyd,B117,City Commissioners City of Ashland,,,Amanda CLARK,49,5,37,7,0
Boyd,B117,City Commissioners City of Ashland,,,Heather HAYES,47,4,42,1,0
Boyd,B117,City Commissioners City of Ashland,,,Under Votes,192,30,155,7,0
Boyd,B117,City Commissioners City of Ashland,,,Over Votes,0,0,0,0,0
Boyd,B118,U.S. Senate,,Republican,Daniel CAMERON,44,12,31,1,0
Boyd,B118,U.S. Senate,,Republican,Jonathan M. HOLLIDAY,1,0,1,0,0
Boyd,B118,U.S. Senate,,Republican,Andy BARR,45,6,38,0,1
Boyd,B118,U.S. Senate,,Republican,"Valerie ""Dr Val"" FREDRICK",0,0,0,0,0
Boyd,B118,U.S. Senate,,Republican,A. Nick SHELLEY,0,0,0,0,0
Boyd,B118,U.S. Senate,,Republican,James D. DUNCAN,1,0,1,0,0
Boyd,B118,U.S. Senate,,Republican,Michael James FARIS,2,1,1,0,0
Boyd,B118,U.S. Senate,,Republican,Anissa CATLETT,3,0,2,1,0
Boyd,B118,U.S. Senate,,Republican,Other Donald WENZEL,0,0,0,0,0
Boyd,B118,U.S. Senate,,Republican,Jimmy I. LEON,0,0,0,0,0
Boyd,B118,U.S. Senate,,Republican,George WASHINGTON,0,0,0,0,0
Boyd,B118,U.S. Senate,,,Under Votes,1,0,1,0,0
Boyd,B118,U.S. Senate,,,Over Votes,0,0,0,0,0
Boyd,B118,Ballots Cast,,,,144,,,,
Boyd,B118,U.S. House,5,Republican,Kevin SMITH,22,4,18,0,0
Boyd,B118,U.S. House,5,Republican,Benjamin HURLEY,10,1,9,0,0
Boyd,B118,U.S. House,5,Republican,Hal ROGERS,59,15,41,2,1
Boyd,B118,U.S. House,5,Republican,Jerry Lee SHELTON,3,0,3,0,0
Boyd,B118,U.S. House,5,Republican,Brandon R. MONHOLLEN,3,0,3,0,0
Boyd,B118,U.S. House,5,,Under Votes,6,1,5,0,0
Boyd,B118,U.S. House,5,,Over Votes,0,0,0,0,0
Boyd,B118,Property Valuation Administrator,,,Brandon Reid RAMSEY,28,7,20,0,1
Boyd,B118,Property Valuation Administrator,,,"Homer I. ""Jay"" WOODS JR.",66,10,54,2,0
Boyd,B118,Property Valuation Administrator,,,Under Votes,9,4,5,0,0
Boyd,B118,Property Valuation Administrator,,,Over Votes,0,0,0,0,0
Boyd,B118,County Attorney,,,Curtis DOTSON,70,13,54,2,1
Boyd,B118,County Attorney,,,Katee Elizabeth NELTNER,32,7,25,0,0
Boyd,B118,County Attorney,,,Under Votes,1,1,0,0,0
Boyd,B118,County Attorney,,,Over Votes,0,0,0,0,0
Boyd,B118,Sheriff,,,"James ""Jamie"" REIHS",81,16,62,2,1
Boyd,B118,Sheriff,,,John DANIELS,20,5,15,0,0
Boyd,B118,Sheriff,,,Under Votes,2,0,2,0,0
Boyd,B118,Sheriff,,,Over Votes,0,0,0,0,0
Boyd,B118,County Commissioner 1st District,,,"James ""Boo"" KING",33,6,26,0,1
Boyd,B118,County Commissioner 1st District,,,John Michael CONLEY,10,2,8,0,0
Boyd,B118,County Commissioner 1st District,,,David SALISBURY,37,6,29,2,0
Boyd,B118,County Commissioner 1st District,,,Heather MOORE,11,1,10,0,0
Boyd,B118,County Commissioner 1st District,,,Keith WATTS,9,6,3,0,0
Boyd,B118,County Commissioner 1st District,,,Under Votes,3,0,3,0,0
Boyd,B118,County Commissioner 1st District,,,Over Votes,0,0,0,0,0
Boyd,B118,County Commissioner 3rd District,,,Randy STAPLETON,54,15,37,1,1
Boyd,B118,County Commissioner 3rd District,,,"William ""Bud"" STEVENS JR.",43,5,37,1,0
Boyd,B118,County Commissioner 3rd District,,,Under Votes,6,1,5,0,0
Boyd,B118,County Commissioner 3rd District,,,Over Votes,0,0,0,0,0
Boyd,B118,U.S. Senate,,Democratic,Vincent Anthony THOMPSON,1,0,1,0,0
Boyd,B118,U.S. Senate,,Democratic,Amy McGRATH,18,3,15,0,0
Boyd,B118,U.S. Senate,,Democratic,Dale Lewis ROMANS,0,0,0,0,0
Boyd,B118,U.S. Senate,,Democratic,Charles BOOKER,16,1,15,0,0
Boyd,B118,U.S. Senate,,Democratic,Pamela STEVENSON,2,0,2,0,0
Boyd,B118,U.S. Senate,,Democratic,Joshua BLANTON SR.,3,1,2,0,0
Boyd,B118,U.S. Senate,,Democratic,Logan FORSYTHE,1,0,1,0,0
Boyd,B118,City Commissioners City of Ashland,,,Timothy RENFROE,1,0,1,0,0
Boyd,B118,City Commissioners City of Ashland,,,Clayton E. WILLS,1,0,1,0,0
Boyd,B118,City Commissioners City of Ashland,,,Marty GUTE,0,0,0,0,0
Boyd,B118,City Commissioners City of Ashland,,,Jeremy LOWRANCE,0,0,0,0,0
Boyd,B118,City Commissioners City of Ashland,,,"David J. ""DJ"" RYMER II.",2,0,2,0,0
Boyd,B118,City Commissioners City of Ashland,,,Socrates MAROUDIS,0,0,0,0,0
Boyd,B118,City Commissioners City of Ashland,,,Fred UNRUE,0,0,0,0,0
Boyd,B118,City Commissioners City of Ashland,,,Amanda CLARK,1,0,1,0,0
Boyd,B118,City Commissioners City of Ashland,,,Heather HAYES,0,0,0,0,0
Boyd,B118,City Commissioners City of Ashland,,,Under Votes,7,0,7,0,0
Boyd,B118,City Commissioners City of Ashland,,,Over Votes,0,0,0,0,0
Boyd,B119,U.S. Senate,,Republican,Daniel CAMERON,28,3,25,0,0
Boyd,B119,U.S. Senate,,Republican,Jonathan M. HOLLIDAY,3,0,3,0,0
Boyd,B119,U.S. Senate,,Republican,Andy BARR,71,8,63,0,0
Boyd,B119,U.S. Senate,,Republican,"Valerie ""Dr Val"" FREDRICK",0,0,0,0,0
Boyd,B119,U.S. Senate,,Republican,A. Nick SHELLEY,1,0,1,0,0
Boyd,B119,U.S. Senate,,Republican,James D. DUNCAN,1,0,1,0,0
Boyd,B119,U.S. Senate,,Republican,Michael James FARIS,0,0,0,0,0
Boyd,B119,U.S. Senate,,Republican,Anissa CATLETT,0,0,0,0,0
Boyd,B119,U.S. Senate,,Republican,Other Donald WENZEL,0,0,0,0,0
Boyd,B119,U.S. Senate,,Republican,Jimmy I. LEON,0,0,0,0,0
Boyd,B119,U.S. Senate,,Republican,George WASHINGTON,0,0,0,0,0
Boyd,B119,U.S. Senate,,,Under Votes,2,0,2,0,0
Boyd,B119,U.S. Senate,,,Over Votes,0,0,0,0,0
Boyd,B119,Ballots Cast,,,,164,,,,
Boyd,B119,U.S. House,5,Republican,Kevin SMITH,14,0,14,0,0
Boyd,B119,U.S. House,5,Republican,Benjamin HURLEY,9,1,8,0,0
Boyd,B119,U.S. House,5,Republican,Hal ROGERS,68,10,58,0,0
Boyd,B119,U.S. House,5,Republican,Jerry Lee SHELTON,8,0,8,0,0
Boyd,B119,U.S. House,5,Republican,Brandon R. MONHOLLEN,3,0,3,0,0
Boyd,B119,U.S. House,5,,Under Votes,6,1,5,0,0
Boyd,B119,U.S. House,5,,Over Votes,0,0,0,0,0
Boyd,B119,Property Valuation Administrator,,,Brandon Reid RAMSEY,34,6,28,0,0
Boyd,B119,Property Valuation Administrator,,,"Homer I. ""Jay"" WOODS JR.",61,4,57,0,0
Boyd,B119,Property Valuation Administrator,,,Under Votes,13,2,11,0,0
Boyd,B119,Property Valuation Administrator,,,Over Votes,0,0,0,0,0
Boyd,B119,County Attorney,,,Curtis DOTSON,71,6,65,0,0
Boyd,B119,County Attorney,,,Katee Elizabeth NELTNER,30,4,26,0,0
Boyd,B119,County Attorney,,,Under Votes,7,2,5,0,0
Boyd,B119,County Attorney,,,Over Votes,0,0,0,0,0
Boyd,B119,Sheriff,,,"James ""Jamie"" REIHS",81,9,72,0,0
Boyd,B119,Sheriff,,,John DANIELS,27,3,24,0,0
Boyd,B119,Sheriff,,,Under Votes,0,0,0,0,0
Boyd,B119,Sheriff,,,Over Votes,0,0,0,0,0
Boyd,B119,County Commissioner 1st District,,,"James ""Boo"" KING",32,2,30,0,0
Boyd,B119,County Commissioner 1st District,,,John Michael CONLEY,5,0,5,0,0
Boyd,B119,County Commissioner 1st District,,,David SALISBURY,41,4,37,0,0
Boyd,B119,County Commissioner 1st District,,,Heather MOORE,15,3,12,0,0
Boyd,B119,County Commissioner 1st District,,,Keith WATTS,8,2,6,0,0
Boyd,B119,County Commissioner 1st District,,,Under Votes,7,1,6,0,0
Boyd,B119,County Commissioner 1st District,,,Over Votes,0,0,0,0,0
Boyd,B119,County Commissioner 3rd District,,,Randy STAPLETON,45,6,39,0,0
Boyd,B119,County Commissioner 3rd District,,,"William ""Bud"" STEVENS JR.",50,5,45,0,0
Boyd,B119,County Commissioner 3rd District,,,Under Votes,13,1,12,0,0
Boyd,B119,County Commissioner 3rd District,,,Over Votes,0,0,0,0,0
Boyd,B119,U.S. Senate,,Democratic,Vincent Anthony THOMPSON,5,1,4,0,0
Boyd,B119,U.S. Senate,,Democratic,Amy McGRATH,20,4,13,3,0
Boyd,B119,U.S. Senate,,Democratic,Dale Lewis ROMANS,0,0,0,0,0
Boyd,B119,U.S. Senate,,Democratic,Charles BOOKER,16,3,13,0,0
Boyd,B119,U.S. Senate,,Democratic,Pamela STEVENSON,2,1,1,0,0
Boyd,B119,U.S. Senate,,Democratic,Joshua BLANTON SR.,5,2,3,0,0
Boyd,B119,U.S. Senate,,Democratic,Logan FORSYTHE,5,0,5,0,0
Boyd,B119,City Commissioners City of Ashland,,,Timothy RENFROE,37,8,29,0,0
Boyd,B119,City Commissioners City of Ashland,,,Clayton E. WILLS,20,2,18,0,0
Boyd,B119,City Commissioners City of Ashland,,,Marty GUTE,38,3,35,0,0
Boyd,B119,City Commissioners City of Ashland,,,Jeremy LOWRANCE,13,1,12,0,0
Boyd,B119,City Commissioners City of Ashland,,,"David J. ""DJ"" RYMER II.",54,6,48,0,0
Boyd,B119,City Commissioners City of Ashland,,,Socrates MAROUDIS,36,4,32,0,0
Boyd,B119,City Commissioners City of Ashland,,,Fred UNRUE,20,2,18,0,0
Boyd,B119,City Commissioners City of Ashland,,,Amanda CLARK,30,3,27,0,0
Boyd,B119,City Commissioners City of Ashland,,,Heather HAYES,15,0,15,0,0
Boyd,B119,City Commissioners City of Ashland,,,Under Votes,77,11,66,0,0
Boyd,B119,City Commissioners City of Ashland,,,Over Votes,0,0,0,0,0
Boyd,B121A,U.S. Senate,,Republican,Daniel CAMERON,34,1,31,2,0
Boyd,B121A,U.S. Senate,,Republican,Jonathan M. HOLLIDAY,0,0,0,0,0
Boyd,B121A,U.S. Senate,,Republican,Andy BARR,61,6,55,0,0
Boyd,B121A,U.S. Senate,,Republican,"Valerie ""Dr Val"" FREDRICK",1,0,1,0,0
Boyd,B121A,U.S. Senate,,Republican,A. Nick SHELLEY,0,0,0,0,0
Boyd,B121A,U.S. Senate,,Republican,James D. DUNCAN,0,0,0,0,0
Boyd,B121A,U.S. Senate,,Republican,Michael James FARIS,0,0,0,0,0
Boyd,B121A,U.S. Senate,,Republican,Anissa CATLETT,4,1,3,0,0
Boyd,B121A,U.S. Senate,,Republican,Other Donald WENZEL,0,0,0,0,0
Boyd,B121A,U.S. Senate,,Republican,Jimmy I. LEON,0,0,0,0,0
Boyd,B121A,U.S. Senate,,Republican,George WASHINGTON,3,0,3,0,0
Boyd,B121A,U.S. Senate,,,Under Votes,17,2,14,1,0
Boyd,B121A,U.S. Senate,,,Over Votes,0,0,0,0,0
Boyd,B121A,Ballots Cast,,,,202,,,,
Boyd,B121A,U.S. House,5,Republican,Kevin SMITH,18,3,14,1,0
Boyd,B121A,U.S. House,5,Republican,Benjamin HURLEY,8,1,7,0,0
Boyd,B121A,U.S. House,5,Republican,Hal ROGERS,72,6,64,2,0
Boyd,B121A,U.S. House,5,Republican,Jerry Lee SHELTON,1,0,1,0,0
Boyd,B121A,U.S. House,5,Republican,Brandon R. MONHOLLEN,2,0,2,0,0
Boyd,B121A,U.S. House,5,,Under Votes,15,0,15,0,0
Boyd,B121A,U.S. House,5,,Over Votes,0,0,0,0,0
Boyd,B121A,Property Valuation Administrator,,,Brandon Reid RAMSEY,35,2,31,2,0
Boyd,B121A,Property Valuation Administrator,,,"Homer I. ""Jay"" WOODS JR.",53,4,48,1,0
Boyd,B121A,Property Valuation Administrator,,,Under Votes,28,4,24,0,0
Boyd,B121A,Property Valuation Administrator,,,Over Votes,0,0,0,0,0
Boyd,B121A,County Attorney,,,Curtis DOTSON,69,7,59,3,0
Boyd,B121A,County Attorney,,,Katee Elizabeth NELTNER,31,2,29,0,0
Boyd,B121A,County Attorney,,,Under Votes,16,1,15,0,0
Boyd,B121A,County Attorney,,,Over Votes,0,0,0,0,0
Boyd,B121A,Sheriff,,,"James ""Jamie"" REIHS",91,7,82,2,0
Boyd,B121A,Sheriff,,,John DANIELS,23,3,19,1,0
Boyd,B121A,Sheriff,,,Under Votes,2,0,2,0,0
Boyd,B121A,Sheriff,,,Over Votes,0,0,0,0,0
Boyd,B121A,County Commissioner 1st District,,,"James ""Boo"" KING",44,2,41,1,0
Boyd,B121A,County Commissioner 1st District,,,John Michael CONLEY,18,3,15,0,0
Boyd,B121A,County Commissioner 1st District,,,David SALISBURY,18,0,16,2,0
Boyd,B121A,County Commissioner 1st District,,,Heather MOORE,11,2,9,0,0
Boyd,B121A,County Commissioner 1st District,,,Keith WATTS,5,0,5,0,0
Boyd,B121A,County Commissioner 1st District,,,Under Votes,18,2,16,0,0
Boyd,B121A,County Commissioner 1st District,,,Over Votes,2,1,1,0,0
Boyd,B121A,County Commissioner 3rd District,,,Randy STAPLETON,50,5,45,0,0
Boyd,B121A,County Commissioner 3rd District,,,"William ""Bud"" STEVENS JR.",32,2,28,2,0
Boyd,B121A,County Commissioner 3rd District,,,Under Votes,34,3,30,1,0
Boyd,B121A,County Commissioner 3rd District,,,Over Votes,0,0,0,0,0
Boyd,B121A,U.S. Senate,,Democratic,Vincent Anthony THOMPSON,2,1,1,0,0
Boyd,B121A,U.S. Senate,,Democratic,Amy McGRATH,39,5,32,2,0
Boyd,B121A,U.S. Senate,,Democratic,Dale Lewis ROMANS,2,2,0,0,0
Boyd,B121A,U.S. Senate,,Democratic,Charles BOOKER,20,1,19,0,0
Boyd,B121A,U.S. Senate,,Democratic,Pamela STEVENSON,2,0,2,0,0
Boyd,B121A,U.S. Senate,,Democratic,Joshua BLANTON SR.,3,0,3,0,0
Boyd,B121A,U.S. Senate,,Democratic,Logan FORSYTHE,3,1,2,0,0
Boyd,B121A,City Commissioners City of Ashland,,,Timothy RENFROE,96,11,84,1,0
Boyd,B121A,City Commissioners City of Ashland,,,Clayton E. WILLS,31,6,25,0,0
Boyd,B121A,City Commissioners City of Ashland,,,Marty GUTE,79,8,70,1,0
Boyd,B121A,City Commissioners City of Ashland,,,Jeremy LOWRANCE,41,4,37,0,0
Boyd,B121A,City Commissioners City of Ashland,,,"David J. ""DJ"" RYMER II.",115,8,102,5,0
Boyd,B121A,City Commissioners City of Ashland,,,Socrates MAROUDIS,83,8,72,3,0
Boyd,B121A,City Commissioners City of Ashland,,,Fred UNRUE,49,2,47,0,0
Boyd,B121A,City Commissioners City of Ashland,,,Amanda CLARK,67,6,57,4,0
Boyd,B121A,City Commissioners City of Ashland,,,Heather HAYES,40,6,34,0,0
Boyd,B121A,City Commissioners City of Ashland,,,Under Votes,207,25,172,10,0
Boyd,B121A,City Commissioners City of Ashland,,,Over Votes,0,0,0,0,0
Boyd,C102,U.S. Senate,,Republican,Daniel CAMERON,34,5,28,0,1
Boyd,C102,U.S. Senate,,Republican,Jonathan M. HOLLIDAY,1,0,1,0,0
Boyd,C102,U.S. Senate,,Republican,Andy BARR,43,0,40,3,0
Boyd,C102,U.S. Senate,,Republican,"Valerie ""Dr Val"" FREDRICK",0,0,0,0,0
Boyd,C102,U.S. Senate,,Republican,A. Nick SHELLEY,1,0,1,0,0
Boyd,C102,U.S. Senate,,Republican,James D. DUNCAN,0,0,0,0,0
Boyd,C102,U.S. Senate,,Republican,Michael James FARIS,0,0,0,0,0
Boyd,C102,U.S. Senate,,Republican,Anissa CATLETT,0,0,0,0,0
Boyd,C102,U.S. Senate,,Republican,Other Donald WENZEL,0,0,0,0,0
Boyd,C102,U.S. Senate,,Republican,Jimmy I. LEON,0,0,0,0,0
Boyd,C102,U.S. Senate,,Republican,George WASHINGTON,0,0,0,0,0
Boyd,C102,U.S. Senate,,,Under Votes,7,0,7,0,0
Boyd,C102,U.S. Senate,,,Over Votes,0,0,0,0,0
Boyd,C102,Ballots Cast,,,,119,,,,
Boyd,C102,U.S. House,5,Republican,Kevin SMITH,7,0,7,0,0
Boyd,C102,U.S. House,5,Republican,Benjamin HURLEY,6,0,6,0,0
Boyd,C102,U.S. House,5,Republican,Hal ROGERS,54,4,46,3,1
Boyd,C102,U.S. House,5,Republican,Jerry Lee SHELTON,4,1,3,0,0
Boyd,C102,U.S. House,5,Republican,Brandon R. MONHOLLEN,7,0,7,0,0
Boyd,C102,U.S. House,5,,Under Votes,11,1,10,0,0
Boyd,C102,U.S. House,5,,Over Votes,0,0,0,0,0
Boyd,C102,Property Valuation Administrator,,,Brandon Reid RAMSEY,34,3,30,0,1
Boyd,C102,Property Valuation Administrator,,,"Homer I. ""Jay"" WOODS JR.",44,1,40,3,0
Boyd,C102,Property Valuation Administrator,,,Under Votes,11,2,9,0,0
Boyd,C102,Property Valuation Administrator,,,Over Votes,0,0,0,0,0
Boyd,C102,County Attorney,,,Curtis DOTSON,50,6,41,2,1
Boyd,C102,County Attorney,,,Katee Elizabeth NELTNER,34,0,33,1,0
Boyd,C102,County Attorney,,,Under Votes,5,0,5,0,0
Boyd,C102,County Attorney,,,Over Votes,0,0,0,0,0
Boyd,C102,Sheriff,,,"James ""Jamie"" REIHS",59,5,50,3,1
Boyd,C102,Sheriff,,,John DANIELS,26,1,25,0,0
Boyd,C102,Sheriff,,,Under Votes,3,0,3,0,0
Boyd,C102,Sheriff,,,Over Votes,1,0,1,0,0
Boyd,C102,County Commissioner 1st District,,,"James ""Boo"" KING",17,0,14,2,1
Boyd,C102,County Commissioner 1st District,,,John Michael CONLEY,11,1,10,0,0
Boyd,C102,County Commissioner 1st District,,,David SALISBURY,26,2,23,1,0
Boyd,C102,County Commissioner 1st District,,,Heather MOORE,12,0,12,0,0
Boyd,C102,County Commissioner 1st District,,,Keith WATTS,11,3,8,0,0
Boyd,C102,County Commissioner 1st District,,,Under Votes,12,0,12,0,0
Boyd,C102,County Commissioner 1st District,,,Over Votes,0,0,0,0,0
Boyd,C102,County Commissioner 3rd District,,,Randy STAPLETON,49,4,42,2,1
Boyd,C102,County Commissioner 3rd District,,,"William ""Bud"" STEVENS JR.",34,1,32,1,0
Boyd,C102,County Commissioner 3rd District,,,Under Votes,6,1,5,0,0
Boyd,C102,County Commissioner 3rd District,,,Over Votes,0,0,0,0,0
Boyd,C102,Constable,,,Mitchell W. FETTERS,20,0,19,0,1
Boyd,C102,Constable,,,Richard Shawn VANHOOSE,49,4,43,2,0
Boyd,C102,Constable,,,Under Votes,20,2,17,1,0
Boyd,C102,Constable,,,Over Votes,0,0,0,0,0
Boyd,C102,U.S. Senate,,Democratic,Vincent Anthony THOMPSON,2,0,2,0,0
Boyd,C102,U.S. Senate,,Democratic,Amy McGRATH,14,0,13,0,1
Boyd,C102,U.S. Senate,,Democratic,Dale Lewis ROMANS,1,0,1,0,0
Boyd,C102,U.S. Senate,,Democratic,Charles BOOKER,8,0,7,1,0
Boyd,C102,U.S. Senate,,Democratic,Pamela STEVENSON,1,0,1,0,0
Boyd,C102,U.S. Senate,,Democratic,Joshua BLANTON SR.,2,1,1,0,0
Boyd,C102,U.S. Senate,,Democratic,Logan FORSYTHE,0,0,0,0,0
Boyd,C103,U.S. Senate,,Republican,Daniel CAMERON,35,2,29,1,3
Boyd,C103,U.S. Senate,,Republican,Jonathan M. HOLLIDAY,0,0,0,0,0
Boyd,C103,U.S. Senate,,Republican,Andy BARR,47,5,41,1,0
Boyd,C103,U.S. Senate,,Republican,"Valerie ""Dr Val"" FREDRICK",4,0,4,0,0
Boyd,C103,U.S. Senate,,Republican,A. Nick SHELLEY,1,0,1,0,0
Boyd,C103,U.S. Senate,,Republican,James D. DUNCAN,1,0,1,0,0
Boyd,C103,U.S. Senate,,Republican,Michael James FARIS,5,1,4,0,0
Boyd,C103,U.S. Senate,,Republican,Anissa CATLETT,0,0,0,0,0
Boyd,C103,U.S. Senate,,Republican,Other Donald WENZEL,0,0,0,0,0
Boyd,C103,U.S. Senate,,Republican,Jimmy I. LEON,0,0,0,0,0
Boyd,C103,U.S. Senate,,Republican,George WASHINGTON,1,0,1,0,0
Boyd,C103,U.S. Senate,,,Under Votes,4,0,4,0,0
Boyd,C103,U.S. Senate,,,Over Votes,0,0,0,0,0
Boyd,C103,Ballots Cast,,,,138,,,,
Boyd,C103,U.S. House,5,Republican,Kevin SMITH,22,1,18,2,1
Boyd,C103,U.S. House,5,Republican,Benjamin HURLEY,3,0,3,0,0
Boyd,C103,U.S. House,5,Republican,Hal ROGERS,55,7,45,1,2
Boyd,C103,U.S. House,5,Republican,Jerry Lee SHELTON,6,0,6,0,0
Boyd,C103,U.S. House,5,Republican,Brandon R. MONHOLLEN,3,0,3,0,0
Boyd,C103,U.S. House,5,,Under Votes,11,0,11,0,0
Boyd,C103,U.S. House,5,,Over Votes,0,0,0,0,0
Boyd,C103,Property Valuation Administrator,,,Brandon Reid RAMSEY,37,1,34,1,1
Boyd,C103,Property Valuation Administrator,,,"Homer I. ""Jay"" WOODS JR.",59,7,48,2,2
Boyd,C103,Property Valuation Administrator,,,Under Votes,4,0,4,0,0
Boyd,C103,Property Valuation Administrator,,,Over Votes,0,0,0,0,0
Boyd,C103,County Attorney,,,Curtis DOTSON,67,6,57,1,3
Boyd,C103,County Attorney,,,Katee Elizabeth NELTNER,26,2,22,2,0
Boyd,C103,County Attorney,,,Under Votes,6,0,6,0,0
Boyd,C103,County Attorney,,,Over Votes,1,0,1,0,0
Boyd,C103,Sheriff,,,"James ""Jamie"" REIHS",70,7,58,2,3
Boyd,C103,Sheriff,,,John DANIELS,29,1,27,1,0
Boyd,C103,Sheriff,,,Under Votes,1,0,1,0,0
Boyd,C103,Sheriff,,,Over Votes,0,0,0,0,0
Boyd,C103,County Commissioner 1st District,,,"James ""Boo"" KING",28,1,26,0,1
Boyd,C103,County Commissioner 1st District,,,John Michael CONLEY,9,0,8,1,0
Boyd,C103,County Commissioner 1st District,,,David SALISBURY,29,2,27,0,0
Boyd,C103,County Commissioner 1st District,,,Heather MOORE,16,1,14,1,0
Boyd,C103,County Commissioner 1st District,,,Keith WATTS,13,4,6,1,2
Boyd,C103,County Commissioner 1st District,,,Under Votes,5,0,5,0,0
Boyd,C103,County Commissioner 1st District,,,Over Votes,0,0,0,0,0
Boyd,C103,County Commissioner 3rd District,,,Randy STAPLETON,67,8,53,3,3
Boyd,C103,County Commissioner 3rd District,,,"William ""Bud"" STEVENS JR.",26,0,26,0,0
Boyd,C103,County Commissioner 3rd District,,,Under Votes,6,0,6,0,0
Boyd,C103,County Commissioner 3rd District,,,Over Votes,1,0,1,0,0
Boyd,C103,Constable,,,Mitchell W. FETTERS,26,2,24,0,0
Boyd,C103,Constable,,,Richard Shawn VANHOOSE,60,4,50,3,3
Boyd,C103,Constable,,,Under Votes,14,2,12,0,0
Boyd,C103,Constable,,,Over Votes,0,0,0,0,0
Boyd,C103,U.S. Senate,,Democratic,Vincent Anthony THOMPSON,1,0,1,0,0
Boyd,C103,U.S. Senate,,Democratic,Amy McGRATH,16,4,12,0,0
Boyd,C103,U.S. Senate,,Democratic,Dale Lewis ROMANS,0,0,0,0,0
Boyd,C103,U.S. Senate,,Democratic,Charles BOOKER,13,0,13,0,0
Boyd,C103,U.S. Senate,,Democratic,Pamela STEVENSON,0,0,0,0,0
Boyd,C103,U.S. Senate,,Democratic,Joshua BLANTON SR.,2,0,2,0,0
Boyd,C103,U.S. Senate,,Democratic,Logan FORSYTHE,4,0,4,0,0
Boyd,C104,U.S. Senate,,Republican,Daniel CAMERON,42,4,38,0,0
Boyd,C104,U.S. Senate,,Republican,Jonathan M. HOLLIDAY,0,0,0,0,0
Boyd,C104,U.S. Senate,,Republican,Andy BARR,83,7,76,0,0
Boyd,C104,U.S. Senate,,Republican,"Valerie ""Dr Val"" FREDRICK",3,0,3,0,0
Boyd,C104,U.S. Senate,,Republican,A. Nick SHELLEY,1,0,0,1,0
Boyd,C104,U.S. Senate,,Republican,James D. DUNCAN,2,0,2,0,0
Boyd,C104,U.S. Senate,,Republican,Michael James FARIS,4,0,4,0,0
Boyd,C104,U.S. Senate,,Republican,Anissa CATLETT,0,0,0,0,0
Boyd,C104,U.S. Senate,,Republican,Other Donald WENZEL,0,0,0,0,0
Boyd,C104,U.S. Senate,,Republican,Jimmy I. LEON,1,0,1,0,0
Boyd,C104,U.S. Senate,,Republican,George WASHINGTON,4,0,2,2,0
Boyd,C104,U.S. Senate,,,Under Votes,9,0,9,0,0
Boyd,C104,U.S. Senate,,,Over Votes,0,0,0,0,0
Boyd,C104,Ballots Cast,,,,211,,,,
Boyd,C104,U.S. House,5,Republican,Kevin SMITH,38,1,37,0,0
Boyd,C104,U.S. House,5,Republican,Benjamin HURLEY,14,2,12,0,0
Boyd,C104,U.S. House,5,Republican,Hal ROGERS,84,8,76,0,0
Boyd,C104,U.S. House,5,Republican,Jerry Lee SHELTON,4,1,2,1,0
Boyd,C104,U.S. House,5,Republican,Brandon R. MONHOLLEN,5,0,3,2,0
Boyd,C104,U.S. House,5,,Under Votes,7,0,7,0,0
Boyd,C104,U.S. House,5,,Over Votes,0,0,0,0,0
Boyd,C104,Property Valuation Administrator,,,Brandon Reid RAMSEY,49,4,44,1,0
Boyd,C104,Property Valuation Administrator,,,"Homer I. ""Jay"" WOODS JR.",95,7,86,2,0
Boyd,C104,Property Valuation Administrator,,,Under Votes,8,1,7,0,0
Boyd,C104,Property Valuation Administrator,,,Over Votes,0,0,0,0,0
Boyd,C104,County Attorney,,,Curtis DOTSON,103,6,96,1,0
Boyd,C104,County Attorney,,,Katee Elizabeth NELTNER,46,6,38,2,0
Boyd,C104,County Attorney,,,Under Votes,3,0,3,0,0
Boyd,C104,County Attorney,,,Over Votes,0,0,0,0,0
Boyd,C104,Sheriff,,,"James ""Jamie"" REIHS",125,8,115,2,0
Boyd,C104,Sheriff,,,John DANIELS,27,4,22,1,0
Boyd,C104,Sheriff,,,Under Votes,0,0,0,0,0
Boyd,C104,Sheriff,,,Over Votes,0,0,0,0,0
Boyd,C104,County Commissioner 1st District,,,"James ""Boo"" KING",41,2,39,0,0
Boyd,C104,County Commissioner 1st District,,,John Michael CONLEY,12,2,10,0,0
Boyd,C104,County Commissioner 1st District,,,David SALISBURY,56,3,52,1,0
Boyd,C104,County Commissioner 1st District,,,Heather MOORE,23,3,19,1,0
Boyd,C104,County Commissioner 1st District,,,Keith WATTS,13,2,10,1,0
Boyd,C104,County Commissioner 1st District,,,Under Votes,7,0,7,0,0
Boyd,C104,County Commissioner 1st District,,,Over Votes,0,0,0,0,0
Boyd,C104,County Commissioner 3rd District,,,Randy STAPLETON,82,10,71,1,0
Boyd,C104,County Commissioner 3rd District,,,"William ""Bud"" STEVENS JR.",65,2,61,2,0
Boyd,C104,County Commissioner 3rd District,,,Under Votes,5,0,5,0,0
Boyd,C104,County Commissioner 3rd District,,,Over Votes,0,0,0,0,0
Boyd,C104,Constable,,,Mitchell W. FETTERS,46,3,43,0,0
Boyd,C104,Constable,,,Richard Shawn VANHOOSE,94,8,83,3,0
Boyd,C104,Constable,,,Under Votes,12,1,11,0,0
Boyd,C104,Constable,,,Over Votes,0,0,0,0,0
Boyd,C104,U.S. Senate,,Democratic,Vincent Anthony THOMPSON,7,1,6,0,0
Boyd,C104,U.S. Senate,,Democratic,Amy McGRATH,25,6,17,2,0
Boyd,C104,U.S. Senate,,Democratic,Dale Lewis ROMANS,2,2,0,0,0
Boyd,C104,U.S. Senate,,Democratic,Charles BOOKER,14,1,13,0,0
Boyd,C104,U.S. Senate,,Democratic,Pamela STEVENSON,1,0,1,0,0
Boyd,C104,U.S. Senate,,Democratic,Joshua BLANTON SR.,5,0,5,0,0
Boyd,C104,U.S. Senate,,Democratic,Logan FORSYTHE,1,1,0,0,0
Boyd,C105,U.S. Senate,,Republican,Daniel CAMERON,38,4,34,0,0
Boyd,C105,U.S. Senate,,Republican,Jonathan M. HOLLIDAY,1,0,1,0,0
Boyd,C105,U.S. Senate,,Republican,Andy BARR,54,3,51,0,0
Boyd,C105,U.S. Senate,,Republican,"Valerie ""Dr Val"" FREDRICK",2,0,2,0,0
Boyd,C105,U.S. Senate,,Republican,A. Nick SHELLEY,0,0,0,0,0
Boyd,C105,U.S. Senate,,Republican,James D. DUNCAN,0,0,0,0,0
Boyd,C105,U.S. Senate,,Republican,Michael James FARIS,1,0,0,1,0
Boyd,C105,U.S. Senate,,Republican,Anissa CATLETT,1,0,1,0,0
Boyd,C105,U.S. Senate,,Republican,Other Donald WENZEL,0,0,0,0,0
Boyd,C105,U.S. Senate,,Republican,Jimmy I. LEON,0,0,0,0,0
Boyd,C105,U.S. Senate,,Republican,George WASHINGTON,3,0,3,0,0
Boyd,C105,U.S. Senate,,,Under Votes,12,0,12,0,0
Boyd,C105,U.S. Senate,,,Over Votes,0,0,0,0,0
Boyd,C105,Ballots Cast,,,,180,,,,
Boyd,C105,U.S. House,5,Republican,Kevin SMITH,28,1,27,0,0
Boyd,C105,U.S. House,5,Republican,Benjamin HURLEY,8,0,8,0,0
Boyd,C105,U.S. House,5,Republican,Hal ROGERS,48,4,44,0,0
Boyd,C105,U.S. House,5,Republican,Jerry Lee SHELTON,10,1,8,1,0
Boyd,C105,U.S. House,5,Republican,Brandon R. MONHOLLEN,6,0,6,0,0
Boyd,C105,U.S. House,5,,Under Votes,17,2,15,0,0
Boyd,C105,U.S. House,5,,Over Votes,0,0,0,0,0
Boyd,C105,Property Valuation Administrator,,,Brandon Reid RAMSEY,18,1,17,0,0
Boyd,C105,Property Valuation Administrator,,,"Homer I. ""Jay"" WOODS JR.",91,5,85,1,0
Boyd,C105,Property Valuation Administrator,,,Under Votes,8,2,6,0,0
Boyd,C105,Property Valuation Administrator,,,Over Votes,0,0,0,0,0
Boyd,C105,County Attorney,,,Curtis DOTSON,73,5,68,0,0
Boyd,C105,County Attorney,,,Katee Elizabeth NELTNER,35,1,33,1,0
Boyd,C105,County Attorney,,,Under Votes,9,2,7,0,0
Boyd,C105,County Attorney,,,Over Votes,0,0,0,0,0
Boyd,C105,Sheriff,,,"James ""Jamie"" REIHS",82,6,75,1,0
Boyd,C105,Sheriff,,,John DANIELS,31,0,31,0,0
Boyd,C105,Sheriff,,,Under Votes,4,2,2,0,0
Boyd,C105,Sheriff,,,Over Votes,0,0,0,0,0
Boyd,C105,County Commissioner 1st District,,,"James ""Boo"" KING",36,2,34,0,0
Boyd,C105,County Commissioner 1st District,,,John Michael CONLEY,9,0,9,0,0
Boyd,C105,County Commissioner 1st District,,,David SALISBURY,42,4,38,0,0
Boyd,C105,County Commissioner 1st District,,,Heather MOORE,8,0,7,1,0
Boyd,C105,County Commissioner 1st District,,,Keith WATTS,10,0,10,0,0
Boyd,C105,County Commissioner 1st District,,,Under Votes,12,2,10,0,0
Boyd,C105,County Commissioner 1st District,,,Over Votes,0,0,0,0,0
Boyd,C105,County Commissioner 3rd District,,,Randy STAPLETON,43,3,39,1,0
Boyd,C105,County Commissioner 3rd District,,,"William ""Bud"" STEVENS JR.",62,3,59,0,0
Boyd,C105,County Commissioner 3rd District,,,Under Votes,11,2,9,0,0
Boyd,C105,County Commissioner 3rd District,,,Over Votes,1,0,1,0,0
Boyd,C105,Constable,,,Mitchell W. FETTERS,59,5,53,1,0
Boyd,C105,Constable,,,Richard Shawn VANHOOSE,50,1,49,0,0
Boyd,C105,Constable,,,Under Votes,8,2,6,0,0
Boyd,C105,Constable,,,Over Votes,0,0,0,0,0
Boyd,C105,U.S. Senate,,Democratic,Vincent Anthony THOMPSON,6,0,6,0,0
Boyd,C105,U.S. Senate,,Democratic,Amy McGRATH,24,1,21,2,0
Boyd,C105,U.S. Senate,,Democratic,Dale Lewis ROMANS,0,0,0,0,0
Boyd,C105,U.S. Senate,,Democratic,Charles BOOKER,18,0,17,1,0
Boyd,C105,U.S. Senate,,Democratic,Pamela STEVENSON,3,0,3,0,0
Boyd,C105,U.S. Senate,,Democratic,Joshua BLANTON SR.,7,0,7,0,0
Boyd,C105,U.S. Senate,,Democratic,Logan FORSYTHE,4,0,4,0,0
Boyd,C106,U.S. Senate,,Republican,Daniel CAMERON,62,2,57,3,0
Boyd,C106,U.S. Senate,,Republican,Jonathan M. HOLLIDAY,2,0,2,0,0
Boyd,C106,U.S. Senate,,Republican,Andy BARR,58,4,53,1,0
Boyd,C106,U.S. Senate,,Republican,"Valerie ""Dr Val"" FREDRICK",3,0,3,0,0
Boyd,C106,U.S. Senate,,Republican,A. Nick SHELLEY,1,0,1,0,0
Boyd,C106,U.S. Senate,,Republican,James D. DUNCAN,1,0,1,0,0
Boyd,C106,U.S. Senate,,Republican,Michael James FARIS,0,0,0,0,0
Boyd,C106,U.S. Senate,,Republican,Anissa CATLETT,0,0,0,0,0
Boyd,C106,U.S. Senate,,Republican,Other Donald WENZEL,0,0,0,0,0
Boyd,C106,U.S. Senate,,Republican,Jimmy I. LEON,0,0,0,0,0
Boyd,C106,U.S. Senate,,Republican,George WASHINGTON,5,0,5,0,0
Boyd,C106,U.S. Senate,,,Under Votes,11,0,10,1,0
Boyd,C106,U.S. Senate,,,Over Votes,1,0,0,1,0
Boyd,C106,Ballots Cast,,,,211,,,,
Boyd,C106,U.S. House,5,Republican,Kevin SMITH,29,0,28,1,0
Boyd,C106,U.S. House,5,Republican,Benjamin HURLEY,16,0,14,2,0
Boyd,C106,U.S. House,5,Republican,Hal ROGERS,71,5,65,1,0
Boyd,C106,U.S. House,5,Republican,Jerry Lee SHELTON,10,0,10,0,0
Boyd,C106,U.S. House,5,Republican,Brandon R. MONHOLLEN,4,1,3,0,0
Boyd,C106,U.S. House,5,,Under Votes,16,0,15,1,0
Boyd,C106,U.S. House,5,,Over Votes,0,0,0,0,0
Boyd,C106,Property Valuation Administrator,,,Brandon Reid RAMSEY,29,1,27,1,0
Boyd,C106,Property Valuation Administrator,,,"Homer I. ""Jay"" WOODS JR.",104,5,96,3,0
Boyd,C106,Property Valuation Administrator,,,Under Votes,13,0,12,1,0
Boyd,C106,Property Valuation Administrator,,,Over Votes,0,0,0,0,0
Boyd,C106,County Attorney,,,Curtis DOTSON,93,2,88,3,0
Boyd,C106,County Attorney,,,Katee Elizabeth NELTNER,43,4,37,2,0
Boyd,C106,County Attorney,,,Under Votes,10,0,10,0,0
Boyd,C106,County Attorney,,,Over Votes,0,0,0,0,0
Boyd,C106,Sheriff,,,"James ""Jamie"" REIHS",109,2,103,4,0
Boyd,C106,Sheriff,,,John DANIELS,37,4,32,1,0
Boyd,C106,Sheriff,,,Under Votes,0,0,0,0,0
Boyd,C106,Sheriff,,,Over Votes,0,0,0,0,0
Boyd,C106,County Commissioner 1st District,,,"James ""Boo"" KING",43,0,43,0,0
Boyd,C106,County Commissioner 1st District,,,John Michael CONLEY,17,0,16,1,0
Boyd,C106,County Commissioner 1st District,,,David SALISBURY,49,4,42,3,0
Boyd,C106,County Commissioner 1st District,,,Heather MOORE,15,2,13,0,0
Boyd,C106,County Commissioner 1st District,,,Keith WATTS,11,0,11,0,0
Boyd,C106,County Commissioner 1st District,,,Under Votes,11,0,10,1,0
Boyd,C106,County Commissioner 1st District,,,Over Votes,0,0,0,0,0
Boyd,C106,County Commissioner 3rd District,,,Randy STAPLETON,56,3,50,3,0
Boyd,C106,County Commissioner 3rd District,,,"William ""Bud"" STEVENS JR.",74,3,70,1,0
Boyd,C106,County Commissioner 3rd District,,,Under Votes,15,0,14,1,0
Boyd,C106,County Commissioner 3rd District,,,Over Votes,1,0,1,0,0
Boyd,C106,Constable,,,Mitchell W. FETTERS,59,1,56,2,0
Boyd,C106,Constable,,,Richard Shawn VANHOOSE,75,5,68,2,0
Boyd,C106,Constable,,,Under Votes,12,0,11,1,0
Boyd,C106,Constable,,,Over Votes,0,0,0,0,0
Boyd,C106,U.S. Senate,,Democratic,Vincent Anthony THOMPSON,5,0,5,0,0
Boyd,C106,U.S. Senate,,Democratic,Amy McGRATH,26,0,26,0,0
Boyd,C106,U.S. Senate,,Democratic,Dale Lewis ROMANS,1,0,1,0,0
Boyd,C106,U.S. Senate,,Democratic,Charles BOOKER,15,0,15,0,0
Boyd,C106,U.S. Senate,,Democratic,Pamela STEVENSON,4,0,4,0,0
Boyd,C106,U.S. Senate,,Democratic,Joshua BLANTON SR.,8,0,7,1,0
Boyd,C106,U.S. Senate,,Democratic,Logan FORSYTHE,3,0,2,1,0
Boyd,C107,U.S. Senate,,Republican,Daniel CAMERON,26,2,24,0,0
Boyd,C107,U.S. Senate,,Republican,Jonathan M. HOLLIDAY,1,0,1,0,0
Boyd,C107,U.S. Senate,,Republican,Andy BARR,26,2,24,0,0
Boyd,C107,U.S. Senate,,Republican,"Valerie ""Dr Val"" FREDRICK",2,0,2,0,0
Boyd,C107,U.S. Senate,,Republican,A. Nick SHELLEY,0,0,0,0,0
Boyd,C107,U.S. Senate,,Republican,James D. DUNCAN,0,0,0,0,0
Boyd,C107,U.S. Senate,,Republican,Michael James FARIS,1,0,1,0,0
Boyd,C107,U.S. Senate,,Republican,Anissa CATLETT,2,0,1,1,0
Boyd,C107,U.S. Senate,,Republican,Other Donald WENZEL,0,0,0,0,0
Boyd,C107,U.S. Senate,,Republican,Jimmy I. LEON,0,0,0,0,0
Boyd,C107,U.S. Senate,,Republican,George WASHINGTON,4,2,2,0,0
Boyd,C107,U.S. Senate,,,Under Votes,8,0,8,0,0
Boyd,C107,U.S. Senate,,,Over Votes,0,0,0,0,0
Boyd,C107,Ballots Cast,,,,107,,,,
Boyd,C107,U.S. House,5,Republican,Kevin SMITH,12,3,9,0,0
Boyd,C107,U.S. House,5,Republican,Benjamin HURLEY,9,1,8,0,0
Boyd,C107,U.S. House,5,Republican,Hal ROGERS,35,2,33,0,0
Boyd,C107,U.S. House,5,Republican,Jerry Lee SHELTON,8,0,8,0,0
Boyd,C107,U.S. House,5,Republican,Brandon R. MONHOLLEN,3,0,2,1,0
Boyd,C107,U.S. House,5,,Under Votes,4,0,4,0,0
Boyd,C107,U.S. House,5,,Over Votes,0,0,0,0,0
Boyd,C107,Property Valuation Administrator,,,Brandon Reid RAMSEY,16,0,16,0,0
Boyd,C107,Property Valuation Administrator,,,"Homer I. ""Jay"" WOODS JR.",52,6,45,1,0
Boyd,C107,Property Valuation Administrator,,,Under Votes,3,0,3,0,0
Boyd,C107,Property Valuation Administrator,,,Over Votes,0,0,0,0,0
Boyd,C107,County Attorney,,,Curtis DOTSON,43,3,40,0,0
Boyd,C107,County Attorney,,,Katee Elizabeth NELTNER,25,3,21,1,0
Boyd,C107,County Attorney,,,Under Votes,2,0,2,0,0
Boyd,C107,County Attorney,,,Over Votes,1,0,1,0,0
Boyd,C107,Sheriff,,,"James ""Jamie"" REIHS",48,5,42,1,0
Boyd,C107,Sheriff,,,John DANIELS,23,1,22,0,0
Boyd,C107,Sheriff,,,Under Votes,0,0,0,0,0
Boyd,C107,Sheriff,,,Over Votes,0,0,0,0,0
Boyd,C107,County Commissioner 1st District,,,"James ""Boo"" KING",24,2,22,0,0
Boyd,C107,County Commissioner 1st District,,,John Michael CONLEY,12,1,11,0,0
Boyd,C107,County Commissioner 1st District,,,David SALISBURY,17,2,14,1,0
Boyd,C107,County Commissioner 1st District,,,Heather MOORE,7,0,7,0,0
Boyd,C107,County Commissioner 1st District,,,Keith WATTS,8,1,7,0,0
Boyd,C107,County Commissioner 1st District,,,Under Votes,3,0,3,0,0
Boyd,C107,County Commissioner 1st District,,,Over Votes,0,0,0,0,0
Boyd,C107,County Commissioner 3rd District,,,Randy STAPLETON,26,3,23,0,0
Boyd,C107,County Commissioner 3rd District,,,"William ""Bud"" STEVENS JR.",41,3,37,1,0
Boyd,C107,County Commissioner 3rd District,,,Under Votes,4,0,4,0,0
Boyd,C107,County Commissioner 3rd District,,,Over Votes,0,0,0,0,0
Boyd,C107,Constable,,,Mitchell W. FETTERS,35,4,31,0,0
Boyd,C107,Constable,,,Richard Shawn VANHOOSE,33,2,30,1,0
Boyd,C107,Constable,,,Under Votes,3,0,3,0,0
Boyd,C107,Constable,,,Over Votes,0,0,0,0,0
Boyd,C107,U.S. Senate,,Democratic,Vincent Anthony THOMPSON,4,0,4,0,0
Boyd,C107,U.S. Senate,,Democratic,Amy McGRATH,13,0,13,0,0
Boyd,C107,U.S. Senate,,Democratic,Dale Lewis ROMANS,2,0,2,0,0
Boyd,C107,U.S. Senate,,Democratic,Charles BOOKER,10,2,8,0,0
Boyd,C107,U.S. Senate,,Democratic,Pamela STEVENSON,0,0,0,0,0
Boyd,C107,U.S. Senate,,Democratic,Joshua BLANTON SR.,3,0,3,0,0
Boyd,C107,U.S. Senate,,Democratic,Logan FORSYTHE,1,0,1,0,0
Boyd,C108,U.S. Senate,,Republican,Daniel CAMERON,36,0,36,0,0
Boyd,C108,U.S. Senate,,Republican,Jonathan M. HOLLIDAY,1,0,1,0,0
Boyd,C108,U.S. Senate,,Republican,Andy BARR,46,0,44,2,0
Boyd,C108,U.S. Senate,,Republican,"Valerie ""Dr Val"" FREDRICK",2,0,2,0,0
Boyd,C108,U.S. Senate,,Republican,A. Nick SHELLEY,0,0,0,0,0
Boyd,C108,U.S. Senate,,Republican,James D. DUNCAN,3,0,3,0,0
Boyd,C108,U.S. Senate,,Republican,Michael James FARIS,0,0,0,0,0
Boyd,C108,U.S. Senate,,Republican,Anissa CATLETT,0,0,0,0,0
Boyd,C108,U.S. Senate,,Republican,Other Donald WENZEL,0,0,0,0,0
Boyd,C108,U.S. Senate,,Republican,Jimmy I. LEON,0,0,0,0,0
Boyd,C108,U.S. Senate,,Republican,George WASHINGTON,2,0,2,0,0
Boyd,C108,U.S. Senate,,,Under Votes,4,0,4,0,0
Boyd,C108,U.S. Senate,,,Over Votes,0,0,0,0,0
Boyd,C108,Ballots Cast,,,,141,,,,
Boyd,C108,U.S. House,5,Republican,Kevin SMITH,23,0,23,0,0
Boyd,C108,U.S. House,5,Republican,Benjamin HURLEY,5,0,5,0,0
Boyd,C108,U.S. House,5,Republican,Hal ROGERS,51,0,49,2,0
Boyd,C108,U.S. House,5,Republican,Jerry Lee SHELTON,3,0,3,0,0
Boyd,C108,U.S. House,5,Republican,Brandon R. MONHOLLEN,3,0,3,0,0
Boyd,C108,U.S. House,5,,Under Votes,10,0,10,0,0
Boyd,C108,U.S. House,5,,Over Votes,0,0,0,0,0
Boyd,C108,Property Valuation Administrator,,,Brandon Reid RAMSEY,27,0,25,2,0
Boyd,C108,Property Valuation Administrator,,,"Homer I. ""Jay"" WOODS JR.",52,0,52,0,0
Boyd,C108,Property Valuation Administrator,,,Under Votes,16,0,16,0,0
Boyd,C108,Property Valuation Administrator,,,Over Votes,0,0,0,0,0
Boyd,C108,County Attorney,,,Curtis DOTSON,62,0,61,1,0
Boyd,C108,County Attorney,,,Katee Elizabeth NELTNER,26,0,25,1,0
Boyd,C108,County Attorney,,,Under Votes,7,0,7,0,0
Boyd,C108,County Attorney,,,Over Votes,0,0,0,0,0
Boyd,C108,Sheriff,,,"James ""Jamie"" REIHS",76,0,74,2,0
Boyd,C108,Sheriff,,,John DANIELS,16,0,16,0,0
Boyd,C108,Sheriff,,,Under Votes,3,0,3,0,0
Boyd,C108,Sheriff,,,Over Votes,0,0,0,0,0
Boyd,C108,County Commissioner 1st District,,,"James ""Boo"" KING",19,0,19,0,0
Boyd,C108,County Commissioner 1st District,,,John Michael CONLEY,7,0,7,0,0
Boyd,C108,County Commissioner 1st District,,,David SALISBURY,27,0,27,0,0
Boyd,C108,County Commissioner 1st District,,,Heather MOORE,23,0,22,1,0
Boyd,C108,County Commissioner 1st District,,,Keith WATTS,10,0,10,0,0
Boyd,C108,County Commissioner 1st District,,,Under Votes,8,0,8,0,0
Boyd,C108,County Commissioner 1st District,,,Over Votes,1,0,0,1,0
Boyd,C108,County Commissioner 3rd District,,,Randy STAPLETON,39,0,37,2,0
Boyd,C108,County Commissioner 3rd District,,,"William ""Bud"" STEVENS JR.",44,0,44,0,0
Boyd,C108,County Commissioner 3rd District,,,Under Votes,12,0,12,0,0
Boyd,C108,County Commissioner 3rd District,,,Over Votes,0,0,0,0,0
Boyd,C108,Constable,,,Mitchell W. FETTERS,38,0,38,0,0
Boyd,C108,Constable,,,Richard Shawn VANHOOSE,41,0,39,2,0
Boyd,C108,Constable,,,Under Votes,16,0,16,0,0
Boyd,C108,Constable,,,Over Votes,0,0,0,0,0
Boyd,C108,U.S. Senate,,Democratic,Vincent Anthony THOMPSON,2,0,2,0,0
Boyd,C108,U.S. Senate,,Democratic,Amy McGRATH,24,0,21,3,0
Boyd,C108,U.S. Senate,,Democratic,Dale Lewis ROMANS,0,0,0,0,0
Boyd,C108,U.S. Senate,,Democratic,Charles BOOKER,13,0,10,3,0
Boyd,C108,U.S. Senate,,Democratic,Pamela STEVENSON,3,0,3,0,0
Boyd,C108,U.S. Senate,,Democratic,Joshua BLANTON SR.,1,0,1,0,0
Boyd,C108,U.S. Senate,,Democratic,Logan FORSYTHE,1,0,1,0,0
Boyd,C109A,U.S. Senate,,Republican,Daniel CAMERON,8,1,4,3,0
Boyd,C109A,U.S. Senate,,Republican,Jonathan M. HOLLIDAY,1,0,1,0,0
Boyd,C109A,U.S. Senate,,Republican,Andy BARR,25,1,23,1,0
Boyd,C109A,U.S. Senate,,Republican,"Valerie ""Dr Val"" FREDRICK",2,0,2,0,0
Boyd,C109A,U.S. Senate,,Republican,A. Nick SHELLEY,0,0,0,0,0
Boyd,C109A,U.S. Senate,,Republican,James D. DUNCAN,0,0,0,0,0
Boyd,C109A,U.S. Senate,,Republican,Michael James FARIS,0,0,0,0,0
Boyd,C109A,U.S. Senate,,Republican,Anissa CATLETT,0,0,0,0,0
Boyd,C109A,U.S. Senate,,Republican,Other Donald WENZEL,0,0,0,0,0
Boyd,C109A,U.S. Senate,,Republican,Jimmy I. LEON,0,0,0,0,0
Boyd,C109A,U.S. Senate,,Republican,George WASHINGTON,3,0,3,0,0
Boyd,C109A,U.S. Senate,,,Under Votes,6,0,6,0,0
Boyd,C109A,U.S. Senate,,,Over Votes,0,0,0,0,0
Boyd,C109A,Ballots Cast,,,,93,,,,
Boyd,C109A,U.S. House,5,Republican,Kevin SMITH,8,1,7,0,0
Boyd,C109A,U.S. House,5,Republican,Benjamin HURLEY,4,1,3,0,0
Boyd,C109A,U.S. House,5,Republican,Hal ROGERS,24,0,21,3,0
Boyd,C109A,U.S. House,5,Republican,Jerry Lee SHELTON,2,0,1,1,0
Boyd,C109A,U.S. House,5,Republican,Brandon R. MONHOLLEN,1,0,1,0,0
Boyd,C109A,U.S. House,5,,Under Votes,8,0,8,0,0
Boyd,C109A,U.S. House,5,,Over Votes,0,0,0,0,0
Boyd,C109A,Property Valuation Administrator,,,Brandon Reid RAMSEY,15,1,14,0,0
Boyd,C109A,Property Valuation Administrator,,,"Homer I. ""Jay"" WOODS JR.",21,1,16,4,0
Boyd,C109A,Property Valuation Administrator,,,Under Votes,11,0,11,0,0
Boyd,C109A,Property Valuation Administrator,,,Over Votes,0,0,0,0,0
Boyd,C109A,County Attorney,,,Curtis DOTSON,26,1,21,4,0
Boyd,C109A,County Attorney,,,Katee Elizabeth NELTNER,11,1,10,0,0
Boyd,C109A,County Attorney,,,Under Votes,10,0,10,0,0
Boyd,C109A,County Attorney,,,Over Votes,0,0,0,0,0
Boyd,C109A,Sheriff,,,"James ""Jamie"" REIHS",34,2,28,4,0
Boyd,C109A,Sheriff,,,John DANIELS,9,0,9,0,0
Boyd,C109A,Sheriff,,,Under Votes,4,0,4,0,0
Boyd,C109A,Sheriff,,,Over Votes,0,0,0,0,0
Boyd,C109A,County Commissioner 1st District,,,"James ""Boo"" KING",15,0,12,3,0
Boyd,C109A,County Commissioner 1st District,,,John Michael CONLEY,3,0,3,0,0
Boyd,C109A,County Commissioner 1st District,,,David SALISBURY,11,1,10,0,0
Boyd,C109A,County Commissioner 1st District,,,Heather MOORE,7,0,6,1,0
Boyd,C109A,County Commissioner 1st District,,,Keith WATTS,3,0,3,0,0
Boyd,C109A,County Commissioner 1st District,,,Under Votes,8,1,7,0,0
Boyd,C109A,County Commissioner 1st District,,,Over Votes,0,0,0,0,0
Boyd,C109A,County Commissioner 3rd District,,,Randy STAPLETON,16,1,14,1,0
Boyd,C109A,County Commissioner 3rd District,,,"William ""Bud"" STEVENS JR.",20,0,17,3,0
Boyd,C109A,County Commissioner 3rd District,,,Under Votes,11,1,10,0,0
Boyd,C109A,County Commissioner 3rd District,,,Over Votes,0,0,0,0,0
Boyd,C109A,Constable,,,Mitchell W. FETTERS,13,0,13,0,0
Boyd,C109A,Constable,,,Richard Shawn VANHOOSE,19,1,15,3,0
Boyd,C109A,Constable,,,Under Votes,15,1,13,1,0
Boyd,C109A,Constable,,,Over Votes,0,0,0,0,0
Boyd,C109A,U.S. Senate,,Democratic,Vincent Anthony THOMPSON,1,0,1,0,0
Boyd,C109A,U.S. Senate,,Democratic,Amy McGRATH,19,2,17,0,0
Boyd,C109A,U.S. Senate,,Democratic,Dale Lewis ROMANS,0,0,0,0,0
Boyd,C109A,U.S. Senate,,Democratic,Charles BOOKER,17,0,14,3,0
Boyd,C109A,U.S. Senate,,Democratic,Pamela STEVENSON,2,1,1,0,0
Boyd,C109A,U.S. Senate,,Democratic,Joshua BLANTON SR.,3,1,2,0,0
Boyd,C109A,U.S. Senate,,Democratic,Logan FORSYTHE,2,0,1,1,0
Boyd,C109A,City Commissioners City of Ashland,,,Timothy RENFROE,32,4,26,2,0
Boyd,C109A,City Commissioners City of Ashland,,,Clayton E. WILLS,11,0,9,2,0
Boyd,C109A,City Commissioners City of Ashland,,,Marty GUTE,36,3,31,2,0
Boyd,C109A,City Commissioners City of Ashland,,,Jeremy LOWRANCE,10,0,8,2,0
Boyd,C109A,City Commissioners City of Ashland,,,"David J. ""DJ"" RYMER II.",48,4,41,3,0
Boyd,C109A,City Commissioners City of Ashland,,,Socrates MAROUDIS,37,1,33,3,0
Boyd,C109A,City Commissioners City of Ashland,,,Fred UNRUE,17,2,14,1,0
Boyd,C109A,City Commissioners City of Ashland,,,Amanda CLARK,35,0,33,2,0
Boyd,C109A,City Commissioners City of Ashland,,,Heather HAYES,20,0,18,2,0
Boyd,C109A,City Commissioners City of Ashland,,,Under Votes,126,10,103,13,0
Boyd,C109A,City Commissioners City of Ashland,,,Over Votes,0,0,0,0,0
Boyd,C110,U.S. Senate,,Republican,Daniel CAMERON,0,0,0,0,0
Boyd,C110,U.S. Senate,,Republican,Jonathan M. HOLLIDAY,0,0,0,0,0
Boyd,C110,U.S. Senate,,Republican,Andy BARR,0,0,0,0,0
Boyd,C110,U.S. Senate,,Republican,"Valerie ""Dr Val"" FREDRICK",0,0,0,0,0
Boyd,C110,U.S. Senate,,Republican,A. Nick SHELLEY,0,0,0,0,0
Boyd,C110,U.S. Senate,,Republican,James D. DUNCAN,0,0,0,0,0
Boyd,C110,U.S. Senate,,Republican,Michael James FARIS,0,0,0,0,0
Boyd,C110,U.S. Senate,,Republican,Anissa CATLETT,0,0,0,0,0
Boyd,C110,U.S. Senate,,Republican,Other Donald WENZEL,0,0,0,0,0
Boyd,C110,U.S. Senate,,Republican,Jimmy I. LEON,0,0,0,0,0
Boyd,C110,U.S. Senate,,Republican,George WASHINGTON,0,0,0,0,0
Boyd,C110,U.S. Senate,,,Under Votes,0,0,0,0,0
Boyd,C110,U.S. Senate,,,Over Votes,0,0,0,0,0
Boyd,C110,Ballots Cast,,,,0,,,,
Boyd,C110,U.S. House,5,Republican,Kevin SMITH,0,0,0,0,0
Boyd,C110,U.S. House,5,Republican,Benjamin HURLEY,0,0,0,0,0
Boyd,C110,U.S. House,5,Republican,Hal ROGERS,0,0,0,0,0
Boyd,C110,U.S. House,5,Republican,Jerry Lee SHELTON,0,0,0,0,0
Boyd,C110,U.S. House,5,Republican,Brandon R. MONHOLLEN,0,0,0,0,0
Boyd,C110,U.S. House,5,,Under Votes,0,0,0,0,0
Boyd,C110,U.S. House,5,,Over Votes,0,0,0,0,0
Boyd,C110,Property Valuation Administrator,,,Brandon Reid RAMSEY,0,0,0,0,0
Boyd,C110,Property Valuation Administrator,,,"Homer I. ""Jay"" WOODS JR.",0,0,0,0,0
Boyd,C110,Property Valuation Administrator,,,Under Votes,0,0,0,0,0
Boyd,C110,Property Valuation Administrator,,,Over Votes,0,0,0,0,0
Boyd,C110,County Attorney,,,Curtis DOTSON,0,0,0,0,0
Boyd,C110,County Attorney,,,Katee Elizabeth NELTNER,0,0,0,0,0
Boyd,C110,County Attorney,,,Under Votes,0,0,0,0,0
Boyd,C110,County Attorney,,,Over Votes,0,0,0,0,0
Boyd,C110,Sheriff,,,"James ""Jamie"" REIHS",0,0,0,0,0
Boyd,C110,Sheriff,,,John DANIELS,0,0,0,0,0
Boyd,C110,Sheriff,,,Under Votes,0,0,0,0,0
Boyd,C110,Sheriff,,,Over Votes,0,0,0,0,0
Boyd,C110,County Commissioner 1st District,,,"James ""Boo"" KING",0,0,0,0,0
Boyd,C110,County Commissioner 1st District,,,John Michael CONLEY,0,0,0,0,0
Boyd,C110,County Commissioner 1st District,,,David SALISBURY,0,0,0,0,0
Boyd,C110,County Commissioner 1st District,,,Heather MOORE,0,0,0,0,0
Boyd,C110,County Commissioner 1st District,,,Keith WATTS,0,0,0,0,0
Boyd,C110,County Commissioner 1st District,,,Under Votes,0,0,0,0,0
Boyd,C110,County Commissioner 1st District,,,Over Votes,0,0,0,0,0
Boyd,C110,County Commissioner 3rd District,,,Randy STAPLETON,0,0,0,0,0
Boyd,C110,County Commissioner 3rd District,,,"William ""Bud"" STEVENS JR.",0,0,0,0,0
Boyd,C110,County Commissioner 3rd District,,,Under Votes,0,0,0,0,0
Boyd,C110,County Commissioner 3rd District,,,Over Votes,0,0,0,0,0
Boyd,C110,Constable,,,Mitchell W. FETTERS,0,0,0,0,0
Boyd,C110,Constable,,,Richard Shawn VANHOOSE,0,0,0,0,0
Boyd,C110,Constable,,,Under Votes,0,0,0,0,0
Boyd,C110,Constable,,,Over Votes,0,0,0,0,0
Boyd,C110,U.S. Senate,,Democratic,Vincent Anthony THOMPSON,0,0,0,0,0
Boyd,C110,U.S. Senate,,Democratic,Amy McGRATH,0,0,0,0,0
Boyd,C110,U.S. Senate,,Democratic,Dale Lewis ROMANS,0,0,0,0,0
Boyd,C110,U.S. Senate,,Democratic,Charles BOOKER,0,0,0,0,0
Boyd,C110,U.S. Senate,,Democratic,Pamela STEVENSON,0,0,0,0,0
Boyd,C110,U.S. Senate,,Democratic,Joshua BLANTON SR.,0,0,0,0,0
Boyd,C110,U.S. Senate,,Democratic,Logan FORSYTHE,0,0,0,0,0
Boyd,C111,U.S. Senate,,Republican,Daniel CAMERON,17,3,14,0,0
Boyd,C111,U.S. Senate,,Republican,Jonathan M. HOLLIDAY,1,0,1,0,0
Boyd,C111,U.S. Senate,,Republican,Andy BARR,26,4,21,1,0
Boyd,C111,U.S. Senate,,Republican,"Valerie ""Dr Val"" FREDRICK",1,0,1,0,0
Boyd,C111,U.S. Senate,,Republican,A. Nick SHELLEY,0,0,0,0,0
Boyd,C111,U.S. Senate,,Republican,James D. DUNCAN,0,0,0,0,0
Boyd,C111,U.S. Senate,,Republican,Michael James FARIS,0,0,0,0,0
Boyd,C111,U.S. Senate,,Republican,Anissa CATLETT,1,0,1,0,0
Boyd,C111,U.S. Senate,,Republican,Other Donald WENZEL,0,0,0,0,0
Boyd,C111,U.S. Senate,,Republican,Jimmy I. LEON,0,0,0,0,0
Boyd,C111,U.S. Senate,,Republican,George WASHINGTON,0,0,0,0,0
Boyd,C111,U.S. Senate,,,Under Votes,2,0,2,0,0
Boyd,C111,U.S. Senate,,,Over Votes,0,0,0,0,0
Boyd,C111,Ballots Cast,,,,64,,,,
Boyd,C111,U.S. House,5,Republican,Kevin SMITH,10,0,10,0,0
Boyd,C111,U.S. House,5,Republican,Benjamin HURLEY,1,0,1,0,0
Boyd,C111,U.S. House,5,Republican,Hal ROGERS,30,7,23,0,0
Boyd,C111,U.S. House,5,Republican,Jerry Lee SHELTON,1,0,1,0,0
Boyd,C111,U.S. House,5,Republican,Brandon R. MONHOLLEN,1,0,0,1,0
Boyd,C111,U.S. House,5,,Under Votes,4,0,4,0,0
Boyd,C111,U.S. House,5,,Over Votes,0,0,0,0,0
Boyd,C111,Property Valuation Administrator,,,Brandon Reid RAMSEY,19,2,16,1,0
Boyd,C111,Property Valuation Administrator,,,"Homer I. ""Jay"" WOODS JR.",26,5,21,0,0
Boyd,C111,Property Valuation Administrator,,,Under Votes,2,0,2,0,0
Boyd,C111,Property Valuation Administrator,,,Over Votes,0,0,0,0,0
Boyd,C111,County Attorney,,,Curtis DOTSON,35,5,29,1,0
Boyd,C111,County Attorney,,,Katee Elizabeth NELTNER,11,2,9,0,0
Boyd,C111,County Attorney,,,Under Votes,1,0,1,0,0
Boyd,C111,County Attorney,,,Over Votes,0,0,0,0,0
Boyd,C111,Sheriff,,,"James ""Jamie"" REIHS",44,7,36,1,0
Boyd,C111,Sheriff,,,John DANIELS,2,0,2,0,0
Boyd,C111,Sheriff,,,Under Votes,1,0,1,0,0
Boyd,C111,Sheriff,,,Over Votes,0,0,0,0,0
Boyd,C111,County Commissioner 1st District,,,"James ""Boo"" KING",9,1,8,0,0
Boyd,C111,County Commissioner 1st District,,,John Michael CONLEY,4,1,3,0,0
Boyd,C111,County Commissioner 1st District,,,David SALISBURY,23,4,19,0,0
Boyd,C111,County Commissioner 1st District,,,Heather MOORE,4,0,3,1,0
Boyd,C111,County Commissioner 1st District,,,Keith WATTS,5,1,4,0,0
Boyd,C111,County Commissioner 1st District,,,Under Votes,2,0,2,0,0
Boyd,C111,County Commissioner 1st District,,,Over Votes,0,0,0,0,0
Boyd,C111,County Commissioner 3rd District,,,Randy STAPLETON,25,5,19,1,0
Boyd,C111,County Commissioner 3rd District,,,"William ""Bud"" STEVENS JR.",18,2,16,0,0
Boyd,C111,County Commissioner 3rd District,,,Under Votes,4,0,4,0,0
Boyd,C111,County Commissioner 3rd District,,,Over Votes,0,0,0,0,0
Boyd,C111,Constable,,,Mitchell W. FETTERS,8,2,5,1,0
Boyd,C111,Constable,,,Richard Shawn VANHOOSE,31,5,26,0,0
Boyd,C111,Constable,,,Under Votes,8,0,8,0,0
Boyd,C111,Constable,,,Over Votes,0,0,0,0,0
Boyd,C111,U.S. Senate,,Democratic,Vincent Anthony THOMPSON,1,0,1,0,0
Boyd,C111,U.S. Senate,,Democratic,Amy McGRATH,8,2,6,0,0
Boyd,C111,U.S. Senate,,Democratic,Dale Lewis ROMANS,0,0,0,0,0
Boyd,C111,U.S. Senate,,Democratic,Charles BOOKER,7,0,7,0,0
Boyd,C111,U.S. Senate,,Democratic,Pamela STEVENSON,0,0,0,0,0
Boyd,C111,U.S. Senate,,Democratic,Joshua BLANTON SR.,0,0,0,0,0
Boyd,C111,U.S. Senate,,Democratic,Logan FORSYTHE,0,0,0,0,0
Boyd,C112,U.S. Senate,,Republican,Daniel CAMERON,47,5,39,2,1
Boyd,C112,U.S. Senate,,Republican,Jonathan M. HOLLIDAY,1,0,0,1,0
Boyd,C112,U.S. Senate,,Republican,Andy BARR,56,9,46,1,0
Boyd,C112,U.S. Senate,,Republican,"Valerie ""Dr Val"" FREDRICK",2,1,1,0,0
Boyd,C112,U.S. Senate,,Republican,A. Nick SHELLEY,2,0,2,0,0
Boyd,C112,U.S. Senate,,Republican,James D. DUNCAN,3,0,3,0,0
Boyd,C112,U.S. Senate,,Republican,Michael James FARIS,0,0,0,0,0
Boyd,C112,U.S. Senate,,Republican,Anissa CATLETT,2,1,1,0,0
Boyd,C112,U.S. Senate,,Republican,Other Donald WENZEL,0,0,0,0,0
Boyd,C112,U.S. Senate,,Republican,Jimmy I. LEON,1,0,1,0,0
Boyd,C112,U.S. Senate,,Republican,George WASHINGTON,0,0,0,0,0
Boyd,C112,U.S. Senate,,,Under Votes,4,1,3,0,0
Boyd,C112,U.S. Senate,,,Over Votes,0,0,0,0,0
Boyd,C112,Ballots Cast,,,,190,,,,
Boyd,C112,U.S. House,5,Republican,Kevin SMITH,32,1,29,2,0
Boyd,C112,U.S. House,5,Republican,Benjamin HURLEY,7,1,6,0,0
Boyd,C112,U.S. House,5,Republican,Hal ROGERS,67,12,50,4,1
Boyd,C112,U.S. House,5,Republican,Jerry Lee SHELTON,3,0,3,0,0
Boyd,C112,U.S. House,5,Republican,Brandon R. MONHOLLEN,3,1,2,0,0
Boyd,C112,U.S. House,5,,Under Votes,13,3,10,0,0
Boyd,C112,U.S. House,5,,Over Votes,1,0,1,0,0
Boyd,C112,Property Valuation Administrator,,,Brandon Reid RAMSEY,49,7,40,2,0
Boyd,C112,Property Valuation Administrator,,,"Homer I. ""Jay"" WOODS JR.",67,9,53,4,1
Boyd,C112,Property Valuation Administrator,,,Under Votes,10,2,8,0,0
Boyd,C112,Property Valuation Administrator,,,Over Votes,0,0,0,0,0
Boyd,C112,County Attorney,,,Curtis DOTSON,80,11,67,1,1
Boyd,C112,County Attorney,,,Katee Elizabeth NELTNER,39,4,30,5,0
Boyd,C112,County Attorney,,,Under Votes,7,3,4,0,0
Boyd,C112,County Attorney,,,Over Votes,0,0,0,0,0
Boyd,C112,Sheriff,,,"James ""Jamie"" REIHS",99,14,81,3,1
Boyd,C112,Sheriff,,,John DANIELS,27,4,20,3,0
Boyd,C112,Sheriff,,,Under Votes,0,0,0,0,0
Boyd,C112,Sheriff,,,Over Votes,0,0,0,0,0
Boyd,C112,County Commissioner 1st District,,,"James ""Boo"" KING",37,5,29,2,1
Boyd,C112,County Commissioner 1st District,,,John Michael CONLEY,10,2,8,0,0
Boyd,C112,County Commissioner 1st District,,,David SALISBURY,46,6,38,2,0
Boyd,C112,County Commissioner 1st District,,,Heather MOORE,16,4,10,2,0
Boyd,C112,County Commissioner 1st District,,,Keith WATTS,9,0,9,0,0
Boyd,C112,County Commissioner 1st District,,,Under Votes,8,1,7,0,0
Boyd,C112,County Commissioner 1st District,,,Over Votes,0,0,0,0,0
Boyd,C112,County Commissioner 3rd District,,,Randy STAPLETON,66,10,51,5,0
Boyd,C112,County Commissioner 3rd District,,,"William ""Bud"" STEVENS JR.",53,7,44,1,1
Boyd,C112,County Commissioner 3rd District,,,Under Votes,7,1,6,0,0
Boyd,C112,County Commissioner 3rd District,,,Over Votes,0,0,0,0,0
Boyd,C112,Constable,,,Mitchell W. FETTERS,56,4,51,1,0
Boyd,C112,Constable,,,Richard Shawn VANHOOSE,58,12,40,5,1
Boyd,C112,Constable,,,Under Votes,11,2,9,0,0
Boyd,C112,Constable,,,Over Votes,1,0,1,0,0
Boyd,C112,U.S. Senate,,Democratic,Vincent Anthony THOMPSON,0,0,0,0,0
Boyd,C112,U.S. Senate,,Democratic,Amy McGRATH,35,7,28,0,0
Boyd,C112,U.S. Senate,,Democratic,Dale Lewis ROMANS,2,0,0,2,0
Boyd,C112,U.S. Senate,,Democratic,Charles BOOKER,21,1,18,2,0
Boyd,C112,U.S. Senate,,Democratic,Pamela STEVENSON,1,0,1,0,0
Boyd,C112,U.S. Senate,,Democratic,Joshua BLANTON SR.,3,0,3,0,0
Boyd,C112,U.S. Senate,,Democratic,Logan FORSYTHE,1,0,1,0,0
Boyd,C113,U.S. Senate,,Republican,Daniel CAMERON,35,3,32,0,0
Boyd,C113,U.S. Senate,,Republican,Jonathan M. HOLLIDAY,0,0,0,0,0
Boyd,C113,U.S. Senate,,Republican,Andy BARR,61,3,57,1,0
Boyd,C113,U.S. Senate,,Republican,"Valerie ""Dr Val"" FREDRICK",0,0,0,0,0
Boyd,C113,U.S. Senate,,Republican,A. Nick SHELLEY,1,0,1,0,0
Boyd,C113,U.S. Senate,,Republican,James D. DUNCAN,2,0,2,0,0
Boyd,C113,U.S. Senate,,Republican,Michael James FARIS,1,0,1,0,0
Boyd,C113,U.S. Senate,,Republican,Anissa CATLETT,3,1,2,0,0
Boyd,C113,U.S. Senate,,Republican,Other Donald WENZEL,0,0,0,0,0
Boyd,C113,U.S. Senate,,Republican,Jimmy I. LEON,0,0,0,0,0
Boyd,C113,U.S. Senate,,Republican,George WASHINGTON,1,0,1,0,0
Boyd,C113,U.S. Senate,,,Under Votes,7,0,7,0,0
Boyd,C113,U.S. Senate,,,Over Votes,0,0,0,0,0
Boyd,C113,Ballots Cast,,,,175,,,,
Boyd,C113,U.S. House,5,Republican,Kevin SMITH,19,0,19,0,0
Boyd,C113,U.S. House,5,Republican,Benjamin HURLEY,8,1,7,0,0
Boyd,C113,U.S. House,5,Republican,Hal ROGERS,71,6,64,1,0
Boyd,C113,U.S. House,5,Republican,Jerry Lee SHELTON,3,0,3,0,0
Boyd,C113,U.S. House,5,Republican,Brandon R. MONHOLLEN,1,0,1,0,0
Boyd,C113,U.S. House,5,,Under Votes,12,1,11,0,0
Boyd,C113,U.S. House,5,,Over Votes,0,0,0,0,0
Boyd,C113,Property Valuation Administrator,,,Brandon Reid RAMSEY,42,3,39,0,0
Boyd,C113,Property Valuation Administrator,,,"Homer I. ""Jay"" WOODS JR.",57,5,51,1,0
Boyd,C113,Property Valuation Administrator,,,Under Votes,15,0,15,0,0
Boyd,C113,Property Valuation Administrator,,,Over Votes,0,0,0,0,0
Boyd,C113,County Attorney,,,Curtis DOTSON,58,5,53,0,0
Boyd,C113,County Attorney,,,Katee Elizabeth NELTNER,50,3,46,1,0
Boyd,C113,County Attorney,,,Under Votes,6,0,6,0,0
Boyd,C113,County Attorney,,,Over Votes,0,0,0,0,0
Boyd,C113,Sheriff,,,"James ""Jamie"" REIHS",92,8,83,1,0
Boyd,C113,Sheriff,,,John DANIELS,21,0,21,0,0
Boyd,C113,Sheriff,,,Under Votes,1,0,1,0,0
Boyd,C113,Sheriff,,,Over Votes,0,0,0,0,0
Boyd,C113,County Commissioner 1st District,,,"James ""Boo"" KING",30,3,26,1,0
Boyd,C113,County Commissioner 1st District,,,John Michael CONLEY,12,0,12,0,0
Boyd,C113,County Commissioner 1st District,,,David SALISBURY,34,2,32,0,0
Boyd,C113,County Commissioner 1st District,,,Heather MOORE,18,2,16,0,0
Boyd,C113,County Commissioner 1st District,,,Keith WATTS,10,1,9,0,0
Boyd,C113,County Commissioner 1st District,,,Under Votes,9,0,9,0,0
Boyd,C113,County Commissioner 1st District,,,Over Votes,1,0,1,0,0
Boyd,C113,County Commissioner 3rd District,,,Randy STAPLETON,63,7,55,1,0
Boyd,C113,County Commissioner 3rd District,,,"William ""Bud"" STEVENS JR.",44,1,43,0,0
Boyd,C113,County Commissioner 3rd District,,,Under Votes,7,0,7,0,0
Boyd,C113,County Commissioner 3rd District,,,Over Votes,0,0,0,0,0
Boyd,C113,Constable,,,Mitchell W. FETTERS,42,4,37,1,0
Boyd,C113,Constable,,,Richard Shawn VANHOOSE,56,4,52,0,0
Boyd,C113,Constable,,,Under Votes,16,0,16,0,0
Boyd,C113,Constable,,,Over Votes,0,0,0,0,0
Boyd,C113,U.S. Senate,,Democratic,Vincent Anthony THOMPSON,5,0,5,0,0
Boyd,C113,U.S. Senate,,Democratic,Amy McGRATH,22,0,22,0,0
Boyd,C113,U.S. Senate,,Democratic,Dale Lewis ROMANS,0,0,0,0,0
Boyd,C113,U.S. Senate,,Democratic,Charles BOOKER,20,1,19,0,0
Boyd,C113,U.S. Senate,,Democratic,Pamela STEVENSON,3,0,3,0,0
Boyd,C113,U.S. Senate,,Democratic,Joshua BLANTON SR.,5,0,5,0,0
Boyd,C113,U.S. Senate,,Democratic,Logan FORSYTHE,5,1,3,1,0
Boyd,C114,U.S. Senate,,Republican,Daniel CAMERON,39,5,33,1,0
Boyd,C114,U.S. Senate,,Republican,Jonathan M. HOLLIDAY,2,1,1,0,0
Boyd,C114,U.S. Senate,,Republican,Andy BARR,39,2,34,2,1
Boyd,C114,U.S. Senate,,Republican,"Valerie ""Dr Val"" FREDRICK",4,1,3,0,0
Boyd,C114,U.S. Senate,,Republican,A. Nick SHELLEY,0,0,0,0,0
Boyd,C114,U.S. Senate,,Republican,James D. DUNCAN,1,0,1,0,0
Boyd,C114,U.S. Senate,,Republican,Michael James FARIS,2,0,2,0,0
Boyd,C114,U.S. Senate,,Republican,Anissa CATLETT,0,0,0,0,0
Boyd,C114,U.S. Senate,,Republican,Other Donald WENZEL,0,0,0,0,0
Boyd,C114,U.S. Senate,,Republican,Jimmy I. LEON,2,0,2,0,0
Boyd,C114,U.S. Senate,,Republican,George WASHINGTON,5,0,5,0,0
Boyd,C114,U.S. Senate,,,Under Votes,11,1,10,0,0
Boyd,C114,U.S. Senate,,,Over Votes,0,0,0,0,0
Boyd,C114,Ballots Cast,,,,160,,,,
Boyd,C114,U.S. House,5,Republican,Kevin SMITH,35,5,28,2,0
Boyd,C114,U.S. House,5,Republican,Benjamin HURLEY,8,0,8,0,0
Boyd,C114,U.S. House,5,Republican,Hal ROGERS,47,3,42,1,1
Boyd,C114,U.S. House,5,Republican,Jerry Lee SHELTON,5,1,4,0,0
Boyd,C114,U.S. House,5,Republican,Brandon R. MONHOLLEN,4,1,3,0,0
Boyd,C114,U.S. House,5,,Under Votes,14,1,13,0,0
Boyd,C114,U.S. House,5,,Over Votes,0,0,0,0,0
Boyd,C114,Property Valuation Administrator,,,Brandon Reid RAMSEY,44,2,41,1,0
Boyd,C114,Property Valuation Administrator,,,"Homer I. ""Jay"" WOODS JR.",55,9,43,2,1
Boyd,C114,Property Valuation Administrator,,,Under Votes,14,0,14,0,0
Boyd,C114,Property Valuation Administrator,,,Over Votes,0,0,0,0,0
Boyd,C114,County Attorney,,,Curtis DOTSON,65,8,55,1,1
Boyd,C114,County Attorney,,,Katee Elizabeth NELTNER,39,2,35,2,0
Boyd,C114,County Attorney,,,Under Votes,9,1,8,0,0
Boyd,C114,County Attorney,,,Over Votes,0,0,0,0,0
Boyd,C114,Sheriff,,,"James ""Jamie"" REIHS",94,11,79,3,1
Boyd,C114,Sheriff,,,John DANIELS,17,0,17,0,0
Boyd,C114,Sheriff,,,Under Votes,2,0,2,0,0
Boyd,C114,Sheriff,,,Over Votes,0,0,0,0,0
Boyd,C114,County Commissioner 1st District,,,"James ""Boo"" KING",26,2,23,0,1
Boyd,C114,County Commissioner 1st District,,,John Michael CONLEY,16,2,14,0,0
Boyd,C114,County Commissioner 1st District,,,David SALISBURY,40,5,33,2,0
Boyd,C114,County Commissioner 1st District,,,Heather MOORE,17,1,15,1,0
Boyd,C114,County Commissioner 1st District,,,Keith WATTS,7,1,6,0,0
Boyd,C114,County Commissioner 1st District,,,Under Votes,7,0,7,0,0
Boyd,C114,County Commissioner 1st District,,,Over Votes,0,0,0,0,0
Boyd,C114,County Commissioner 3rd District,,,Randy STAPLETON,58,5,52,0,1
Boyd,C114,County Commissioner 3rd District,,,"William ""Bud"" STEVENS JR.",48,6,39,3,0
Boyd,C114,County Commissioner 3rd District,,,Under Votes,7,0,7,0,0
Boyd,C114,County Commissioner 3rd District,,,Over Votes,0,0,0,0,0
Boyd,C114,Constable,,,Mitchell W. FETTERS,32,3,28,1,0
Boyd,C114,Constable,,,Richard Shawn VANHOOSE,64,7,54,2,1
Boyd,C114,Constable,,,Under Votes,17,1,16,0,0
Boyd,C114,Constable,,,Over Votes,0,0,0,0,0
Boyd,C114,U.S. Senate,,Democratic,Vincent Anthony THOMPSON,3,0,3,0,0
Boyd,C114,U.S. Senate,,Democratic,Amy McGRATH,21,1,19,1,0
Boyd,C114,U.S. Senate,,Democratic,Dale Lewis ROMANS,2,0,2,0,0
Boyd,C114,U.S. Senate,,Democratic,Charles BOOKER,13,3,9,1,0
Boyd,C114,U.S. Senate,,Democratic,Pamela STEVENSON,2,0,2,0,0
Boyd,C114,U.S. Senate,,Democratic,Joshua BLANTON SR.,4,1,3,0,0
Boyd,C114,U.S. Senate,,Democratic,Logan FORSYTHE,1,0,1,0,0
Boyd,C115,U.S. Senate,,Republican,Daniel CAMERON,59,2,53,2,2
Boyd,C115,U.S. Senate,,Republican,Jonathan M. HOLLIDAY,3,0,3,0,0
Boyd,C115,U.S. Senate,,Republican,Andy BARR,81,4,75,2,0
Boyd,C115,U.S. Senate,,Republican,"Valerie ""Dr Val"" FREDRICK",2,0,1,1,0
Boyd,C115,U.S. Senate,,Republican,A. Nick SHELLEY,0,0,0,0,0
Boyd,C115,U.S. Senate,,Republican,James D. DUNCAN,0,0,0,0,0
Boyd,C115,U.S. Senate,,Republican,Michael James FARIS,0,0,0,0,0
Boyd,C115,U.S. Senate,,Republican,Anissa CATLETT,0,0,0,0,0
Boyd,C115,U.S. Senate,,Republican,Other Donald WENZEL,0,0,0,0,0
Boyd,C115,U.S. Senate,,Republican,Jimmy I. LEON,1,0,1,0,0
Boyd,C115,U.S. Senate,,Republican,George WASHINGTON,4,0,4,0,0
Boyd,C115,U.S. Senate,,,Under Votes,9,2,7,0,0
Boyd,C115,U.S. Senate,,,Over Votes,2,0,2,0,0
Boyd,C115,Ballots Cast,,,,240,,,,
Boyd,C115,U.S. House,5,Republican,Kevin SMITH,35,1,33,1,0
Boyd,C115,U.S. House,5,Republican,Benjamin HURLEY,13,0,11,2,0
Boyd,C115,U.S. House,5,Republican,Hal ROGERS,95,5,87,1,2
Boyd,C115,U.S. House,5,Republican,Jerry Lee SHELTON,5,0,4,1,0
Boyd,C115,U.S. House,5,Republican,Brandon R. MONHOLLEN,6,0,6,0,0
Boyd,C115,U.S. House,5,,Under Votes,8,2,6,0,0
Boyd,C115,U.S. House,5,,Over Votes,0,0,0,0,0
Boyd,C115,Property Valuation Administrator,,,Brandon Reid RAMSEY,62,0,61,1,0
Boyd,C115,Property Valuation Administrator,,,"Homer I. ""Jay"" WOODS JR.",79,7,66,4,2
Boyd,C115,Property Valuation Administrator,,,Under Votes,19,1,18,0,0
Boyd,C115,Property Valuation Administrator,,,Over Votes,2,0,2,0,0
Boyd,C115,County Attorney,,,Curtis DOTSON,108,7,96,3,2
Boyd,C115,County Attorney,,,Katee Elizabeth NELTNER,46,1,43,2,0
Boyd,C115,County Attorney,,,Under Votes,8,0,8,0,0
Boyd,C115,County Attorney,,,Over Votes,0,0,0,0,0
Boyd,C115,Sheriff,,,"James ""Jamie"" REIHS",128,8,116,4,0
Boyd,C115,Sheriff,,,John DANIELS,33,0,30,1,2
Boyd,C115,Sheriff,,,Under Votes,1,0,1,0,0
Boyd,C115,Sheriff,,,Over Votes,0,0,0,0,0
Boyd,C115,County Commissioner 1st District,,,"James ""Boo"" KING",49,1,47,1,0
Boyd,C115,County Commissioner 1st District,,,John Michael CONLEY,15,1,13,1,0
Boyd,C115,County Commissioner 1st District,,,David SALISBURY,54,2,48,2,2
Boyd,C115,County Commissioner 1st District,,,Heather MOORE,20,0,19,1,0
Boyd,C115,County Commissioner 1st District,,,Keith WATTS,12,3,9,0,0
Boyd,C115,County Commissioner 1st District,,,Under Votes,9,1,8,0,0
Boyd,C115,County Commissioner 1st District,,,Over Votes,3,0,3,0,0
Boyd,C115,County Commissioner 3rd District,,,Randy STAPLETON,86,5,77,4,0
Boyd,C115,County Commissioner 3rd District,,,"William ""Bud"" STEVENS JR.",62,2,57,1,2
Boyd,C115,County Commissioner 3rd District,,,Under Votes,14,1,13,0,0
Boyd,C115,County Commissioner 3rd District,,,Over Votes,0,0,0,0,0
Boyd,C115,Constable,,,Mitchell W. FETTERS,47,3,42,1,1
Boyd,C115,Constable,,,Richard Shawn VANHOOSE,89,2,83,3,1
Boyd,C115,Constable,,,Under Votes,26,3,22,1,0
Boyd,C115,Constable,,,Over Votes,0,0,0,0,0
Boyd,C115,U.S. Senate,,Democratic,Vincent Anthony THOMPSON,8,1,6,1,0
Boyd,C115,U.S. Senate,,Democratic,Amy McGRATH,29,3,23,3,0
Boyd,C115,U.S. Senate,,Democratic,Dale Lewis ROMANS,2,0,2,0,0
Boyd,C115,U.S. Senate,,Democratic,Charles BOOKER,28,1,27,0,0
Boyd,C115,U.S. Senate,,Democratic,Pamela STEVENSON,1,0,1,0,0
Boyd,C115,U.S. Senate,,Democratic,Joshua BLANTON SR.,4,0,4,0,0
Boyd,C115,U.S. Senate,,Democratic,Logan FORSYTHE,2,0,2,0,0
Boyd,C116,U.S. Senate,,Republican,Daniel CAMERON,39,8,31,0,0
Boyd,C116,U.S. Senate,,Republican,Jonathan M. HOLLIDAY,1,0,1,0,0
Boyd,C116,U.S. Senate,,Republican,Andy BARR,80,10,67,1,2
Boyd,C116,U.S. Senate,,Republican,"Valerie ""Dr Val"" FREDRICK",1,0,1,0,0
Boyd,C116,U.S. Senate,,Republican,A. Nick SHELLEY,1,1,0,0,0
Boyd,C116,U.S. Senate,,Republican,James D. DUNCAN,1,0,1,0,0
Boyd,C116,U.S. Senate,,Republican,Michael James FARIS,1,0,1,0,0
Boyd,C116,U.S. Senate,,Republican,Anissa CATLETT,0,0,0,0,0
Boyd,C116,U.S. Senate,,Republican,Other Donald WENZEL,0,0,0,0,0
Boyd,C116,U.S. Senate,,Republican,Jimmy I. LEON,0,0,0,0,0
Boyd,C116,U.S. Senate,,Republican,George WASHINGTON,1,0,1,0,0
Boyd,C116,U.S. Senate,,,Under Votes,8,1,7,0,0
Boyd,C116,U.S. Senate,,,Over Votes,0,0,0,0,0
Boyd,C116,Ballots Cast,,,,190,,,,
Boyd,C116,U.S. House,5,Republican,Kevin SMITH,24,4,19,0,1
Boyd,C116,U.S. House,5,Republican,Benjamin HURLEY,15,2,13,0,0
Boyd,C116,U.S. House,5,Republican,Hal ROGERS,79,14,62,1,2
Boyd,C116,U.S. House,5,Republican,Jerry Lee SHELTON,3,0,3,0,0
Boyd,C116,U.S. House,5,Republican,Brandon R. MONHOLLEN,2,0,2,0,0
Boyd,C116,U.S. House,5,,Under Votes,15,1,14,0,0
Boyd,C116,U.S. House,5,,Over Votes,0,0,0,0,0
Boyd,C116,Property Valuation Administrator,,,Brandon Reid RAMSEY,52,7,42,0,3
Boyd,C116,Property Valuation Administrator,,,"Homer I. ""Jay"" WOODS JR.",74,14,59,1,0
Boyd,C116,Property Valuation Administrator,,,Under Votes,12,0,12,0,0
Boyd,C116,Property Valuation Administrator,,,Over Votes,0,0,0,0,0
Boyd,C116,County Attorney,,,Curtis DOTSON,91,14,74,1,2
Boyd,C116,County Attorney,,,Katee Elizabeth NELTNER,36,5,30,0,1
Boyd,C116,County Attorney,,,Under Votes,11,2,9,0,0
Boyd,C116,County Attorney,,,Over Votes,0,0,0,0,0
Boyd,C116,Sheriff,,,"James ""Jamie"" REIHS",106,14,90,1,1
Boyd,C116,Sheriff,,,John DANIELS,24,5,17,0,2
Boyd,C116,Sheriff,,,Under Votes,8,2,6,0,0
Boyd,C116,Sheriff,,,Over Votes,0,0,0,0,0
Boyd,C116,County Commissioner 1st District,,,"James ""Boo"" KING",29,2,27,0,0
Boyd,C116,County Commissioner 1st District,,,John Michael CONLEY,9,0,9,0,0
Boyd,C116,County Commissioner 1st District,,,David SALISBURY,53,11,40,0,2
Boyd,C116,County Commissioner 1st District,,,Heather MOORE,20,1,18,0,1
Boyd,C116,County Commissioner 1st District,,,Keith WATTS,16,5,10,1,0
Boyd,C116,County Commissioner 1st District,,,Under Votes,11,2,9,0,0
Boyd,C116,County Commissioner 1st District,,,Over Votes,0,0,0,0,0
Boyd,C116,County Commissioner 3rd District,,,Randy STAPLETON,70,8,60,1,1
Boyd,C116,County Commissioner 3rd District,,,"William ""Bud"" STEVENS JR.",60,11,49,0,0
Boyd,C116,County Commissioner 3rd District,,,Under Votes,8,2,4,0,2
Boyd,C116,County Commissioner 3rd District,,,Over Votes,0,0,0,0,0
Boyd,C116,Constable,,,Mitchell W. FETTERS,40,7,32,1,0
Boyd,C116,Constable,,,Richard Shawn VANHOOSE,77,11,66,0,0
Boyd,C116,Constable,,,Under Votes,20,3,14,0,3
Boyd,C116,Constable,,,Over Votes,1,0,1,0,0
Boyd,C116,U.S. Senate,,Democratic,Vincent Anthony THOMPSON,2,0,2,0,0
Boyd,C116,U.S. Senate,,Democratic,Amy McGRATH,25,1,21,3,0
Boyd,C116,U.S. Senate,,Democratic,Dale Lewis ROMANS,1,0,1,0,0
Boyd,C116,U.S. Senate,,Democratic,Charles BOOKER,13,1,10,2,0
Boyd,C116,U.S. Senate,,Democratic,Pamela STEVENSON,1,0,1,0,0
Boyd,C116,U.S. Senate,,Democratic,Joshua BLANTON SR.,7,0,7,0,0
Boyd,C116,U.S. Senate,,Democratic,Logan FORSYTHE,2,0,2,0,0
Boyd,C116,City Commissioners City of Ashland,,,Timothy RENFROE,2,1,1,0,0
Boyd,C116,City Commissioners City of Ashland,,,Clayton E. WILLS,0,0,0,0,0
Boyd,C116,City Commissioners City of Ashland,,,Marty GUTE,1,0,1,0,0
Boyd,C116,City Commissioners City of Ashland,,,Jeremy LOWRANCE,0,0,0,0,0
Boyd,C116,City Commissioners City of Ashland,,,"David J. ""DJ"" RYMER II.",2,1,1,0,0
Boyd,C116,City Commissioners City of Ashland,,,Socrates MAROUDIS,0,0,0,0,0
Boyd,C116,City Commissioners City of Ashland,,,Fred UNRUE,1,1,0,0,0
Boyd,C116,City Commissioners City of Ashland,,,Amanda CLARK,1,1,0,0,0
Boyd,C116,City Commissioners City of Ashland,,,Heather HAYES,2,1,1,0,0
Boyd,C116,City Commissioners City of Ashland,,,Under Votes,3,3,0,0,0
Boyd,C116,City Commissioners City of Ashland,,,Over Votes,0,0,0,0,0
Boyd,C117,U.S. Senate,,Republican,Daniel CAMERON,50,1,45,2,2
Boyd,C117,U.S. Senate,,Republican,Jonathan M. HOLLIDAY,2,0,2,0,0
Boyd,C117,U.S. Senate,,Republican,Andy BARR,64,6,54,1,3
Boyd,C117,U.S. Senate,,Republican,"Valerie ""Dr Val"" FREDRICK",2,1,1,0,0
Boyd,C117,U.S. Senate,,Republican,A. Nick SHELLEY,0,0,0,0,0
Boyd,C117,U.S. Senate,,Republican,James D. DUNCAN,1,0,1,0,0
Boyd,C117,U.S. Senate,,Republican,Michael James FARIS,1,0,1,0,0
Boyd,C117,U.S. Senate,,Republican,Anissa CATLETT,0,0,0,0,0
Boyd,C117,U.S. Senate,,Republican,Other Donald WENZEL,0,0,0,0,0
Boyd,C117,U.S. Senate,,Republican,Jimmy I. LEON,0,0,0,0,0
Boyd,C117,U.S. Senate,,Republican,George WASHINGTON,1,1,0,0,0
Boyd,C117,U.S. Senate,,,Under Votes,7,0,7,0,0
Boyd,C117,U.S. Senate,,,Over Votes,0,0,0,0,0
Boyd,C117,Ballots Cast,,,,181,,,,
Boyd,C117,U.S. House,5,Republican,Kevin SMITH,32,4,27,0,1
Boyd,C117,U.S. House,5,Republican,Benjamin HURLEY,15,1,12,1,1
Boyd,C117,U.S. House,5,Republican,Hal ROGERS,77,5,67,2,3
Boyd,C117,U.S. House,5,Republican,Jerry Lee SHELTON,0,0,0,0,0
Boyd,C117,U.S. House,5,Republican,Brandon R. MONHOLLEN,2,0,2,0,0
Boyd,C117,U.S. House,5,,Under Votes,10,1,9,0,0
Boyd,C117,U.S. House,5,,Over Votes,0,0,0,0,0
Boyd,C117,Property Valuation Administrator,,,Brandon Reid RAMSEY,53,5,44,2,2
Boyd,C117,Property Valuation Administrator,,,"Homer I. ""Jay"" WOODS JR.",68,6,58,1,3
Boyd,C117,Property Valuation Administrator,,,Under Votes,15,0,15,0,0
Boyd,C117,Property Valuation Administrator,,,Over Votes,0,0,0,0,0
Boyd,C117,County Attorney,,,Curtis DOTSON,85,6,71,3,5
Boyd,C117,County Attorney,,,Katee Elizabeth NELTNER,42,5,37,0,0
Boyd,C117,County Attorney,,,Under Votes,9,0,9,0,0
Boyd,C117,County Attorney,,,Over Votes,0,0,0,0,0
Boyd,C117,Sheriff,,,"James ""Jamie"" REIHS",106,10,90,2,4
Boyd,C117,Sheriff,,,John DANIELS,29,1,26,1,1
Boyd,C117,Sheriff,,,Under Votes,1,0,1,0,0
Boyd,C117,Sheriff,,,Over Votes,0,0,0,0,0
Boyd,C117,County Commissioner 1st District,,,"James ""Boo"" KING",34,3,31,0,0
Boyd,C117,County Commissioner 1st District,,,John Michael CONLEY,15,1,14,0,0
Boyd,C117,County Commissioner 1st District,,,David SALISBURY,50,5,41,1,3
Boyd,C117,County Commissioner 1st District,,,Heather MOORE,16,1,12,2,1
Boyd,C117,County Commissioner 1st District,,,Keith WATTS,12,1,10,0,1
Boyd,C117,County Commissioner 1st District,,,Under Votes,9,0,9,0,0
Boyd,C117,County Commissioner 1st District,,,Over Votes,0,0,0,0,0
Boyd,C117,County Commissioner 3rd District,,,Randy STAPLETON,82,6,71,1,4
Boyd,C117,County Commissioner 3rd District,,,"William ""Bud"" STEVENS JR.",44,5,36,2,1
Boyd,C117,County Commissioner 3rd District,,,Under Votes,10,0,10,0,0
Boyd,C117,County Commissioner 3rd District,,,Over Votes,0,0,0,0,0
Boyd,C117,Constable,,,Mitchell W. FETTERS,41,5,33,1,2
Boyd,C117,Constable,,,Richard Shawn VANHOOSE,74,5,64,2,3
Boyd,C117,Constable,,,Under Votes,21,1,20,0,0
Boyd,C117,Constable,,,Over Votes,0,0,0,0,0
Boyd,C117,U.S. Senate,,Democratic,Vincent Anthony THOMPSON,3,0,3,0,0
Boyd,C117,U.S. Senate,,Democratic,Amy McGRATH,23,4,19,0,0
Boyd,C117,U.S. Senate,,Democratic,Dale Lewis ROMANS,1,0,1,0,0
Boyd,C117,U.S. Senate,,Democratic,Charles BOOKER,11,5,5,1,0
Boyd,C117,U.S. Senate,,Democratic,Pamela STEVENSON,0,0,0,0,0
Boyd,C117,U.S. Senate,,Democratic,Joshua BLANTON SR.,2,1,1,0,0
Boyd,C117,U.S. Senate,,Democratic,Logan FORSYTHE,4,1,3,0,0
