county,precinct,office,district,party,candidate,votes,early_voting,election_day,absentee_mail,absentee
Hardin,A001,U.S. Senate,,Republican,Anissa CATLETT,0,0,0,0,0
Hardin,A001,U.S. Senate,,Republican,A. Nick SHELLEY,1,0,1,0,0
Hardin,A001,U.S. Senate,,Republican,"Valerie ""Dr Val"" FREDRICK",2,0,2,0,0
Hardin,A001,U.S. Senate,,Republican,Michael James FARIS,2,0,2,0,0
Hardin,A001,U.S. Senate,,Republican,Nate MORRIS,0,0,0,0,0
Hardin,A001,U.S. Senate,,Republican,Other Donald WENZEL,0,0,0,0,0
Hardin,A001,U.S. Senate,,Republican,Jonathan M. HOLLIDAY,0,0,0,0,0
Hardin,A001,U.S. Senate,,Republican,George WASHINGTON,0,0,0,0,0
Hardin,A001,U.S. Senate,,Republican,Andy BARR,29,0,29,0,0
Hardin,A001,U.S. Senate,,Republican,Daniel CAMERON,29,0,28,1,0
Hardin,A001,U.S. Senate,,Republican,Jimmy I. LEON,0,0,0,0,0
Hardin,A001,U.S. Senate,,Republican,James D. DUNCAN,0,0,0,0,0
Hardin,A001,U.S. House,2,Republican,"G. ""Shay"" PERRY-ADELMANN",2,0,2,0,0
Hardin,A001,U.S. House,2,Republican,S. Brett GUTHRIE,56,0,56,0,0
Hardin,A001,U.S. House,2,Republican,Joshua M. FERGUSON,7,0,6,1,0
Hardin,A001,Ballots Cast,,,,106,,,,
Hardin,A001,State Senate,10,Republican,Matt DENEEN,53,0,52,1,0
Hardin,A001,State Senate,10,Republican,Louis GRIDER,9,0,9,0,0
Hardin,A001,Property Valuation Administrator,,,Michelle Pirtle BOWEN,29,0,28,1,0
Hardin,A001,Property Valuation Administrator,,,Dennis DAVIS,10,0,10,0,0
Hardin,A001,Property Valuation Administrator,,,Casey OVERSTREET,20,0,20,0,0
Hardin,A001,Sheriff,,,Willie ODEN,28,0,28,0,0
Hardin,A001,Sheriff,,,Brian C. SANKEY,34,0,33,1,0
Hardin,A001,U.S. Senate,,Democratic,Logan FORSYTHE,0,0,0,0,0
Hardin,A001,U.S. Senate,,Democratic,Amy McGRATH,21,0,20,1,0
Hardin,A001,U.S. Senate,,Democratic,Dale Lewis ROMANS,3,0,3,0,0
Hardin,A001,U.S. Senate,,Democratic,Joshua BLANTON SR.,0,0,0,0,0
Hardin,A001,U.S. Senate,,Democratic,Vincent Anthony THOMPSON,0,0,0,0,0
Hardin,A001,U.S. Senate,,Democratic,Charles BOOKER,13,0,13,0,0
Hardin,A001,U.S. Senate,,Democratic,Pamela STEVENSON,3,0,2,1,0
Hardin,A001,U.S. House,2,Democratic,David S. HATFIELD,10,0,9,1,0
Hardin,A001,U.S. House,2,Democratic,Megan WINGFIELD,13,0,12,1,0
Hardin,A001,U.S. House,2,Democratic,Hank LINDERMAN,12,0,12,0,0
Hardin,A001,U.S. House,2,Democratic,William Dakota COMPTON,3,0,3,0,0
Hardin,A002,U.S. Senate,,Republican,Anissa CATLETT,4,2,2,0,0
Hardin,A002,U.S. Senate,,Republican,A. Nick SHELLEY,0,0,0,0,0
Hardin,A002,U.S. Senate,,Republican,"Valerie ""Dr Val"" FREDRICK",3,2,1,0,0
Hardin,A002,U.S. Senate,,Republican,Michael James FARIS,4,1,3,0,0
Hardin,A002,U.S. Senate,,Republican,Nate MORRIS,6,2,4,0,0
Hardin,A002,U.S. Senate,,Republican,Other Donald WENZEL,0,0,0,0,0
Hardin,A002,U.S. Senate,,Republican,Jonathan M. HOLLIDAY,1,1,0,0,0
Hardin,A002,U.S. Senate,,Republican,George WASHINGTON,0,0,0,0,0
Hardin,A002,U.S. Senate,,Republican,Andy BARR,36,11,24,1,0
Hardin,A002,U.S. Senate,,Republican,Daniel CAMERON,34,11,23,0,0
Hardin,A002,U.S. Senate,,Republican,Jimmy I. LEON,0,0,0,0,0
Hardin,A002,U.S. Senate,,Republican,James D. DUNCAN,0,0,0,0,0
Hardin,A002,U.S. House,2,Republican,"G. ""Shay"" PERRY-ADELMANN",12,3,9,0,0
Hardin,A002,U.S. House,2,Republican,S. Brett GUTHRIE,59,18,40,1,0
Hardin,A002,U.S. House,2,Republican,Joshua M. FERGUSON,13,8,5,0,0
Hardin,A002,Ballots Cast,,,,239,,,,
Hardin,A002,State Senate,10,Republican,Matt DENEEN,55,18,36,1,0
Hardin,A002,State Senate,10,Republican,Louis GRIDER,20,8,12,0,0
Hardin,A002,State Representative,27,Republican,Paul SMITH,13,3,9,1,0
Hardin,A002,State Representative,27,Republican,Joseph REDMON,31,11,20,0,0
Hardin,A002,State Representative,27,Republican,Sandra CARTER,10,4,6,0,0
Hardin,A002,State Representative,27,Republican,Rachelle FRAZIER,24,9,15,0,0
Hardin,A002,Property Valuation Administrator,,,Michelle Pirtle BOWEN,37,9,28,0,0
Hardin,A002,Property Valuation Administrator,,,Dennis DAVIS,27,11,15,1,0
Hardin,A002,Property Valuation Administrator,,,Casey OVERSTREET,15,5,10,0,0
Hardin,A002,Sheriff,,,Willie ODEN,43,10,33,0,0
Hardin,A002,Sheriff,,,Brian C. SANKEY,37,17,19,1,0
Hardin,A002,U.S. Senate,,Democratic,Logan FORSYTHE,13,6,7,0,0
Hardin,A002,U.S. Senate,,Democratic,Amy McGRATH,47,16,27,3,1
Hardin,A002,U.S. Senate,,Democratic,Dale Lewis ROMANS,3,0,3,0,0
Hardin,A002,U.S. Senate,,Democratic,Joshua BLANTON SR.,2,0,1,1,0
Hardin,A002,U.S. Senate,,Democratic,Vincent Anthony THOMPSON,0,0,0,0,0
Hardin,A002,U.S. Senate,,Democratic,Charles BOOKER,46,17,25,4,0
Hardin,A002,U.S. Senate,,Democratic,Pamela STEVENSON,18,7,9,2,0
Hardin,A002,U.S. House,2,Democratic,David S. HATFIELD,20,9,11,0,0
Hardin,A002,U.S. House,2,Democratic,Megan WINGFIELD,63,20,36,7,0
Hardin,A002,U.S. House,2,Democratic,Hank LINDERMAN,21,10,10,1,0
Hardin,A002,U.S. House,2,Democratic,William Dakota COMPTON,14,4,7,2,1
Hardin,A002,Mayor City OF Radcliff,,,Douglas H. GOODMAN,42,19,23,0,0
Hardin,A002,Mayor City OF Radcliff,,,Terry OWENS,68,26,39,3,0
Hardin,A002,Mayor City OF Radcliff,,,Michelle MITCHELL,49,14,31,3,1
Hardin,A002,Mayor City OF Radcliff,,,Toshie MURRELL,74,23,46,5,0
Hardin,A002,City Council City OF Radcliff,,,LaQuita Y. GASKINS,87,25,56,5,1
Hardin,A002,City Council City OF Radcliff,,,Emmanouil KONSTANTINIDIS,20,7,12,1,0
Hardin,A002,City Council City OF Radcliff,,,Mitchell McLAURIN,47,27,19,1,0
Hardin,A002,City Council City OF Radcliff,,,Jerry BROWN,76,31,43,2,0
Hardin,A002,City Council City OF Radcliff,,,Serenity JOHNSON,84,30,52,1,1
Hardin,A002,City Council City OF Radcliff,,,Aundra Lett JACKSON,88,30,49,8,1
Hardin,A002,City Council City OF Radcliff,,,Alyssa C. AGER-BOOI,50,15,34,1,0
Hardin,A002,City Council City OF Radcliff,,,Steve CRUM,61,30,30,1,0
Hardin,A002,City Council City OF Radcliff,,,Bryan L. PACKARD,37,15,19,3,0
Hardin,A002,City Council City OF Radcliff,,,"Robert ""Bob"" MAHANNA",65,29,33,2,1
Hardin,A002,City Council City OF Radcliff,,,Maria BELL,107,34,68,4,1
Hardin,A002,City Council City OF Radcliff,,,Lynnette KENNEDY,65,21,39,5,0
Hardin,A002,City Council City OF Radcliff,,,Pamela J. DeROCHE,92,25,59,7,1
Hardin,A002,City Council City OF Radcliff,,,Kim THOMPSON,96,31,62,3,0
Hardin,A003,U.S. Senate,,Republican,Anissa CATLETT,1,0,1,0,0
Hardin,A003,U.S. Senate,,Republican,A. Nick SHELLEY,0,0,0,0,0
Hardin,A003,U.S. Senate,,Republican,"Valerie ""Dr Val"" FREDRICK",0,0,0,0,0
Hardin,A003,U.S. Senate,,Republican,Michael James FARIS,0,0,0,0,0
Hardin,A003,U.S. Senate,,Republican,Nate MORRIS,1,0,1,0,0
Hardin,A003,U.S. Senate,,Republican,Other Donald WENZEL,1,0,1,0,0
Hardin,A003,U.S. Senate,,Republican,Jonathan M. HOLLIDAY,0,0,0,0,0
Hardin,A003,U.S. Senate,,Republican,George WASHINGTON,0,0,0,0,0
Hardin,A003,U.S. Senate,,Republican,Andy BARR,19,3,15,1,0
Hardin,A003,U.S. Senate,,Republican,Daniel CAMERON,11,5,6,0,0
Hardin,A003,U.S. Senate,,Republican,Jimmy I. LEON,0,0,0,0,0
Hardin,A003,U.S. Senate,,Republican,James D. DUNCAN,1,0,1,0,0
Hardin,A003,U.S. House,2,Republican,"G. ""Shay"" PERRY-ADELMANN",3,1,2,0,0
Hardin,A003,U.S. House,2,Republican,S. Brett GUTHRIE,24,5,18,1,0
Hardin,A003,U.S. House,2,Republican,Joshua M. FERGUSON,4,1,3,0,0
Hardin,A003,Ballots Cast,,,,113,,,,
Hardin,A003,State Senate,10,Republican,Matt DENEEN,23,6,16,1,0
Hardin,A003,State Senate,10,Republican,Louis GRIDER,3,0,3,0,0
Hardin,A003,State Representative,27,Republican,Paul SMITH,3,2,1,0,0
Hardin,A003,State Representative,27,Republican,Joseph REDMON,13,3,10,0,0
Hardin,A003,State Representative,27,Republican,Sandra CARTER,4,0,3,1,0
Hardin,A003,State Representative,27,Republican,Rachelle FRAZIER,4,2,2,0,0
Hardin,A003,Property Valuation Administrator,,,Michelle Pirtle BOWEN,10,3,6,1,0
Hardin,A003,Property Valuation Administrator,,,Dennis DAVIS,6,1,5,0,0
Hardin,A003,Property Valuation Administrator,,,Casey OVERSTREET,9,3,6,0,0
Hardin,A003,Sheriff,,,Willie ODEN,15,2,13,0,0
Hardin,A003,Sheriff,,,Brian C. SANKEY,16,5,10,1,0
Hardin,A003,U.S. Senate,,Democratic,Logan FORSYTHE,1,0,1,0,0
Hardin,A003,U.S. Senate,,Democratic,Amy McGRATH,23,6,13,4,0
Hardin,A003,U.S. Senate,,Democratic,Dale Lewis ROMANS,1,1,0,0,0
Hardin,A003,U.S. Senate,,Democratic,Joshua BLANTON SR.,0,0,0,0,0
Hardin,A003,U.S. Senate,,Democratic,Vincent Anthony THOMPSON,1,1,0,0,0
Hardin,A003,U.S. Senate,,Democratic,Charles BOOKER,29,9,19,1,0
Hardin,A003,U.S. Senate,,Democratic,Pamela STEVENSON,7,2,5,0,0
Hardin,A003,U.S. House,2,Democratic,David S. HATFIELD,12,5,5,2,0
Hardin,A003,U.S. House,2,Democratic,Megan WINGFIELD,30,8,21,1,0
Hardin,A003,U.S. House,2,Democratic,Hank LINDERMAN,7,0,7,0,0
Hardin,A003,U.S. House,2,Democratic,William Dakota COMPTON,9,4,3,2,0
Hardin,A003,Mayor City OF Radcliff,,,Douglas H. GOODMAN,19,4,14,1,0
Hardin,A003,Mayor City OF Radcliff,,,Terry OWENS,38,12,26,0,0
Hardin,A003,Mayor City OF Radcliff,,,Michelle MITCHELL,22,3,18,1,0
Hardin,A003,Mayor City OF Radcliff,,,Toshie MURRELL,33,11,18,4,0
Hardin,A003,City Council City OF Radcliff,,,LaQuita Y. GASKINS,43,6,34,3,0
Hardin,A003,City Council City OF Radcliff,,,Emmanouil KONSTANTINIDIS,11,3,7,1,0
Hardin,A003,City Council City OF Radcliff,,,Mitchell McLAURIN,22,5,16,1,0
Hardin,A003,City Council City OF Radcliff,,,Jerry BROWN,30,8,19,3,0
Hardin,A003,City Council City OF Radcliff,,,Serenity JOHNSON,32,8,23,1,0
Hardin,A003,City Council City OF Radcliff,,,Aundra Lett JACKSON,34,6,27,1,0
Hardin,A003,City Council City OF Radcliff,,,Alyssa C. AGER-BOOI,32,7,24,1,0
Hardin,A003,City Council City OF Radcliff,,,Steve CRUM,26,8,15,3,0
Hardin,A003,City Council City OF Radcliff,,,Bryan L. PACKARD,15,4,11,0,0
Hardin,A003,City Council City OF Radcliff,,,"Robert ""Bob"" MAHANNA",37,9,26,2,0
Hardin,A003,City Council City OF Radcliff,,,Maria BELL,40,9,30,1,0
Hardin,A003,City Council City OF Radcliff,,,Lynnette KENNEDY,26,4,20,2,0
Hardin,A003,City Council City OF Radcliff,,,Pamela J. DeROCHE,54,17,34,3,0
Hardin,A003,City Council City OF Radcliff,,,Kim THOMPSON,49,10,36,3,0
Hardin,A004,U.S. Senate,,Republican,Anissa CATLETT,7,1,6,0,0
Hardin,A004,U.S. Senate,,Republican,A. Nick SHELLEY,0,0,0,0,0
Hardin,A004,U.S. Senate,,Republican,"Valerie ""Dr Val"" FREDRICK",3,3,0,0,0
Hardin,A004,U.S. Senate,,Republican,Michael James FARIS,1,0,1,0,0
Hardin,A004,U.S. Senate,,Republican,Nate MORRIS,4,1,3,0,0
Hardin,A004,U.S. Senate,,Republican,Other Donald WENZEL,0,0,0,0,0
Hardin,A004,U.S. Senate,,Republican,Jonathan M. HOLLIDAY,0,0,0,0,0
Hardin,A004,U.S. Senate,,Republican,George WASHINGTON,2,0,2,0,0
Hardin,A004,U.S. Senate,,Republican,Andy BARR,52,17,32,3,0
Hardin,A004,U.S. Senate,,Republican,Daniel CAMERON,45,14,30,1,0
Hardin,A004,U.S. Senate,,Republican,Jimmy I. LEON,1,0,1,0,0
Hardin,A004,U.S. Senate,,Republican,James D. DUNCAN,1,0,1,0,0
Hardin,A004,U.S. House,2,Republican,"G. ""Shay"" PERRY-ADELMANN",9,3,5,1,0
Hardin,A004,U.S. House,2,Republican,S. Brett GUTHRIE,92,28,61,3,0
Hardin,A004,U.S. House,2,Republican,Joshua M. FERGUSON,12,5,7,0,0
Hardin,A004,Ballots Cast,,,,280,,,,
Hardin,A004,State Senate,10,Republican,Matt DENEEN,79,24,51,4,0
Hardin,A004,State Senate,10,Republican,Louis GRIDER,25,6,19,0,0
Hardin,A004,State Representative,27,Republican,Paul SMITH,18,7,11,0,0
Hardin,A004,State Representative,27,Republican,Joseph REDMON,48,18,28,2,0
Hardin,A004,State Representative,27,Republican,Sandra CARTER,19,5,13,1,0
Hardin,A004,State Representative,27,Republican,Rachelle FRAZIER,20,2,17,1,0
Hardin,A004,Property Valuation Administrator,,,Michelle Pirtle BOWEN,33,13,18,2,0
Hardin,A004,Property Valuation Administrator,,,Dennis DAVIS,47,10,35,2,0
Hardin,A004,Property Valuation Administrator,,,Casey OVERSTREET,22,7,15,0,0
Hardin,A004,Sheriff,,,Willie ODEN,56,17,36,3,0
Hardin,A004,Sheriff,,,Brian C. SANKEY,53,16,36,1,0
Hardin,A004,U.S. Senate,,Democratic,Logan FORSYTHE,1,0,1,0,0
Hardin,A004,U.S. Senate,,Democratic,Amy McGRATH,62,20,41,1,0
Hardin,A004,U.S. Senate,,Democratic,Dale Lewis ROMANS,1,1,0,0,0
Hardin,A004,U.S. Senate,,Democratic,Joshua BLANTON SR.,1,1,0,0,0
Hardin,A004,U.S. Senate,,Democratic,Vincent Anthony THOMPSON,3,0,3,0,0
Hardin,A004,U.S. Senate,,Democratic,Charles BOOKER,59,16,40,3,0
Hardin,A004,U.S. Senate,,Democratic,Pamela STEVENSON,23,10,11,2,0
Hardin,A004,U.S. House,2,Democratic,David S. HATFIELD,25,5,18,2,0
Hardin,A004,U.S. House,2,Democratic,Megan WINGFIELD,57,12,44,1,0
Hardin,A004,U.S. House,2,Democratic,Hank LINDERMAN,29,10,18,1,0
Hardin,A004,U.S. House,2,Democratic,William Dakota COMPTON,23,13,8,2,0
Hardin,A004,Mayor City OF Radcliff,,,Douglas H. GOODMAN,66,24,39,3,0
Hardin,A004,Mayor City OF Radcliff,,,Terry OWENS,77,23,52,2,0
Hardin,A004,Mayor City OF Radcliff,,,Michelle MITCHELL,50,14,32,4,0
Hardin,A004,Mayor City OF Radcliff,,,Toshie MURRELL,85,27,56,2,0
Hardin,A004,City Council City OF Radcliff,,,LaQuita Y. GASKINS,88,23,62,3,0
Hardin,A004,City Council City OF Radcliff,,,Emmanouil KONSTANTINIDIS,22,9,12,1,0
Hardin,A004,City Council City OF Radcliff,,,Mitchell McLAURIN,81,26,53,2,0
Hardin,A004,City Council City OF Radcliff,,,Jerry BROWN,119,30,84,5,0
Hardin,A004,City Council City OF Radcliff,,,Serenity JOHNSON,70,19,48,3,0
Hardin,A004,City Council City OF Radcliff,,,Aundra Lett JACKSON,107,35,69,3,0
Hardin,A004,City Council City OF Radcliff,,,Alyssa C. AGER-BOOI,56,13,38,5,0
Hardin,A004,City Council City OF Radcliff,,,Steve CRUM,77,19,56,2,0
Hardin,A004,City Council City OF Radcliff,,,Bryan L. PACKARD,48,13,35,0,0
Hardin,A004,City Council City OF Radcliff,,,"Robert ""Bob"" MAHANNA",116,36,76,4,0
Hardin,A004,City Council City OF Radcliff,,,Maria BELL,140,49,88,3,0
Hardin,A004,City Council City OF Radcliff,,,Lynnette KENNEDY,64,16,46,2,0
Hardin,A004,City Council City OF Radcliff,,,Pamela J. DeROCHE,157,55,97,5,0
Hardin,A004,City Council City OF Radcliff,,,Kim THOMPSON,127,38,83,6,0
Hardin,A005,U.S. Senate,,Republican,Anissa CATLETT,2,0,2,0,0
Hardin,A005,U.S. Senate,,Republican,A. Nick SHELLEY,0,0,0,0,0
Hardin,A005,U.S. Senate,,Republican,"Valerie ""Dr Val"" FREDRICK",4,1,2,1,0
Hardin,A005,U.S. Senate,,Republican,Michael James FARIS,1,0,1,0,0
Hardin,A005,U.S. Senate,,Republican,Nate MORRIS,8,1,5,2,0
Hardin,A005,U.S. Senate,,Republican,Other Donald WENZEL,0,0,0,0,0
Hardin,A005,U.S. Senate,,Republican,Jonathan M. HOLLIDAY,2,0,1,1,0
Hardin,A005,U.S. Senate,,Republican,George WASHINGTON,0,0,0,0,0
Hardin,A005,U.S. Senate,,Republican,Andy BARR,58,11,42,4,1
Hardin,A005,U.S. Senate,,Republican,Daniel CAMERON,41,11,25,4,1
Hardin,A005,U.S. Senate,,Republican,Jimmy I. LEON,0,0,0,0,0
Hardin,A005,U.S. Senate,,Republican,James D. DUNCAN,1,1,0,0,0
Hardin,A005,U.S. House,2,Republican,"G. ""Shay"" PERRY-ADELMANN",5,1,4,0,0
Hardin,A005,U.S. House,2,Republican,S. Brett GUTHRIE,98,23,64,9,2
Hardin,A005,U.S. House,2,Republican,Joshua M. FERGUSON,9,0,7,2,0
Hardin,A005,Ballots Cast,,,,240,,,,
Hardin,A005,State Senate,10,Republican,Matt DENEEN,81,19,54,6,2
Hardin,A005,State Senate,10,Republican,Louis GRIDER,24,2,17,5,0
Hardin,A005,State Representative,27,Republican,Paul SMITH,14,1,11,1,1
Hardin,A005,State Representative,27,Republican,Joseph REDMON,53,12,38,3,0
Hardin,A005,State Representative,27,Republican,Sandra CARTER,15,5,8,2,0
Hardin,A005,State Representative,27,Republican,Rachelle FRAZIER,17,3,8,5,1
Hardin,A005,Property Valuation Administrator,,,Michelle Pirtle BOWEN,30,9,18,3,0
Hardin,A005,Property Valuation Administrator,,,Dennis DAVIS,40,6,30,3,1
Hardin,A005,Property Valuation Administrator,,,Casey OVERSTREET,28,7,17,4,0
Hardin,A005,Sheriff,,,Willie ODEN,57,12,36,9,0
Hardin,A005,Sheriff,,,Brian C. SANKEY,53,13,36,2,2
Hardin,A005,U.S. Senate,,Democratic,Logan FORSYTHE,0,0,0,0,0
Hardin,A005,U.S. Senate,,Democratic,Amy McGRATH,37,13,20,4,0
Hardin,A005,U.S. Senate,,Democratic,Dale Lewis ROMANS,1,1,0,0,0
Hardin,A005,U.S. Senate,,Democratic,Joshua BLANTON SR.,0,0,0,0,0
Hardin,A005,U.S. Senate,,Democratic,Vincent Anthony THOMPSON,2,0,2,0,0
Hardin,A005,U.S. Senate,,Democratic,Charles BOOKER,44,10,31,3,0
Hardin,A005,U.S. Senate,,Democratic,Pamela STEVENSON,15,5,8,2,0
Hardin,A005,U.S. House,2,Democratic,David S. HATFIELD,8,1,7,0,0
Hardin,A005,U.S. House,2,Democratic,Megan WINGFIELD,48,17,28,3,0
Hardin,A005,U.S. House,2,Democratic,Hank LINDERMAN,15,3,10,2,0
Hardin,A005,U.S. House,2,Democratic,William Dakota COMPTON,16,4,10,2,0
Hardin,A005,Mayor City OF Radcliff,,,Douglas H. GOODMAN,53,13,36,4,0
Hardin,A005,Mayor City OF Radcliff,,,Terry OWENS,63,11,43,9,0
Hardin,A005,Mayor City OF Radcliff,,,Michelle MITCHELL,52,11,35,5,1
Hardin,A005,Mayor City OF Radcliff,,,Toshie MURRELL,70,24,42,3,1
Hardin,A005,City Council City OF Radcliff,,,LaQuita Y. GASKINS,71,17,51,3,0
Hardin,A005,City Council City OF Radcliff,,,Emmanouil KONSTANTINIDIS,23,6,16,1,0
Hardin,A005,City Council City OF Radcliff,,,Mitchell McLAURIN,45,3,39,2,1
Hardin,A005,City Council City OF Radcliff,,,Jerry BROWN,105,23,72,9,1
Hardin,A005,City Council City OF Radcliff,,,Serenity JOHNSON,56,17,31,8,0
Hardin,A005,City Council City OF Radcliff,,,Aundra Lett JACKSON,63,14,40,8,1
Hardin,A005,City Council City OF Radcliff,,,Alyssa C. AGER-BOOI,37,8,25,3,1
Hardin,A005,City Council City OF Radcliff,,,Steve CRUM,74,14,55,4,1
Hardin,A005,City Council City OF Radcliff,,,Bryan L. PACKARD,35,7,25,3,0
Hardin,A005,City Council City OF Radcliff,,,"Robert ""Bob"" MAHANNA",101,31,64,5,1
Hardin,A005,City Council City OF Radcliff,,,Maria BELL,96,21,70,4,1
Hardin,A005,City Council City OF Radcliff,,,Lynnette KENNEDY,60,10,44,6,0
Hardin,A005,City Council City OF Radcliff,,,Pamela J. DeROCHE,149,42,96,9,2
Hardin,A005,City Council City OF Radcliff,,,Kim THOMPSON,93,16,67,9,1
Hardin,A006,U.S. Senate,,Republican,Anissa CATLETT,1,0,1,0,0
Hardin,A006,U.S. Senate,,Republican,A. Nick SHELLEY,0,0,0,0,0
Hardin,A006,U.S. Senate,,Republican,"Valerie ""Dr Val"" FREDRICK",1,1,0,0,0
Hardin,A006,U.S. Senate,,Republican,Michael James FARIS,6,1,5,0,0
Hardin,A006,U.S. Senate,,Republican,Nate MORRIS,2,0,2,0,0
Hardin,A006,U.S. Senate,,Republican,Other Donald WENZEL,0,0,0,0,0
Hardin,A006,U.S. Senate,,Republican,Jonathan M. HOLLIDAY,1,0,1,0,0
Hardin,A006,U.S. Senate,,Republican,George WASHINGTON,1,0,1,0,0
Hardin,A006,U.S. Senate,,Republican,Andy BARR,46,5,37,3,1
Hardin,A006,U.S. Senate,,Republican,Daniel CAMERON,44,8,35,1,0
Hardin,A006,U.S. Senate,,Republican,Jimmy I. LEON,0,0,0,0,0
Hardin,A006,U.S. Senate,,Republican,James D. DUNCAN,1,1,0,0,0
Hardin,A006,U.S. House,2,Republican,"G. ""Shay"" PERRY-ADELMANN",11,2,9,0,0
Hardin,A006,U.S. House,2,Republican,S. Brett GUTHRIE,78,9,64,4,1
Hardin,A006,U.S. House,2,Republican,Joshua M. FERGUSON,8,5,3,0,0
Hardin,A006,Ballots Cast,,,,297,,,,
Hardin,A006,State Senate,10,Republican,Matt DENEEN,67,14,48,4,1
Hardin,A006,State Senate,10,Republican,Louis GRIDER,21,2,18,1,0
Hardin,A006,State Representative,27,Republican,Paul SMITH,12,1,9,1,1
Hardin,A006,State Representative,27,Republican,Joseph REDMON,34,7,26,1,0
Hardin,A006,State Representative,27,Republican,Sandra CARTER,14,1,12,1,0
Hardin,A006,State Representative,27,Republican,Rachelle FRAZIER,32,6,24,2,0
Hardin,A006,Property Valuation Administrator,,,Michelle Pirtle BOWEN,34,7,26,0,1
Hardin,A006,Property Valuation Administrator,,,Dennis DAVIS,28,5,20,3,0
Hardin,A006,Property Valuation Administrator,,,Casey OVERSTREET,26,2,20,4,0
Hardin,A006,Sheriff,,,Willie ODEN,49,10,34,4,1
Hardin,A006,Sheriff,,,Brian C. SANKEY,51,5,43,3,0
Hardin,A006,U.S. Senate,,Democratic,Logan FORSYTHE,1,1,0,0,0
Hardin,A006,U.S. Senate,,Democratic,Amy McGRATH,45,13,29,3,0
Hardin,A006,U.S. Senate,,Democratic,Dale Lewis ROMANS,4,0,1,3,0
Hardin,A006,U.S. Senate,,Democratic,Joshua BLANTON SR.,5,1,4,0,0
Hardin,A006,U.S. Senate,,Democratic,Vincent Anthony THOMPSON,3,0,2,0,1
Hardin,A006,U.S. Senate,,Democratic,Charles BOOKER,81,19,61,1,0
Hardin,A006,U.S. Senate,,Democratic,Pamela STEVENSON,21,4,14,3,0
Hardin,A006,U.S. House,2,Democratic,David S. HATFIELD,17,3,12,2,0
Hardin,A006,U.S. House,2,Democratic,Megan WINGFIELD,94,23,68,2,1
Hardin,A006,U.S. House,2,Democratic,Hank LINDERMAN,24,6,16,2,0
Hardin,A006,U.S. House,2,Democratic,William Dakota COMPTON,16,4,10,2,0
Hardin,A006,Mayor City OF Radcliff,,,Douglas H. GOODMAN,44,10,30,4,0
Hardin,A006,Mayor City OF Radcliff,,,Terry OWENS,105,21,76,8,0
Hardin,A006,Mayor City OF Radcliff,,,Michelle MITCHELL,62,7,50,4,1
Hardin,A006,Mayor City OF Radcliff,,,Toshie MURRELL,84,20,62,1,1
Hardin,A006,City Council City OF Radcliff,,,LaQuita Y. GASKINS,115,28,82,5,0
Hardin,A006,City Council City OF Radcliff,,,Emmanouil KONSTANTINIDIS,18,8,10,0,0
Hardin,A006,City Council City OF Radcliff,,,Mitchell McLAURIN,58,8,39,10,1
Hardin,A006,City Council City OF Radcliff,,,Jerry BROWN,119,28,77,13,1
Hardin,A006,City Council City OF Radcliff,,,Serenity JOHNSON,69,16,47,6,0
Hardin,A006,City Council City OF Radcliff,,,Aundra Lett JACKSON,106,27,73,6,0
Hardin,A006,City Council City OF Radcliff,,,Alyssa C. AGER-BOOI,66,14,47,5,0
Hardin,A006,City Council City OF Radcliff,,,Steve CRUM,63,10,50,2,1
Hardin,A006,City Council City OF Radcliff,,,Bryan L. PACKARD,39,4,34,0,1
Hardin,A006,City Council City OF Radcliff,,,"Robert ""Bob"" MAHANNA",101,22,71,7,1
Hardin,A006,City Council City OF Radcliff,,,Maria BELL,121,29,83,8,1
Hardin,A006,City Council City OF Radcliff,,,Lynnette KENNEDY,99,27,67,5,0
Hardin,A006,City Council City OF Radcliff,,,Pamela J. DeROCHE,140,32,98,9,1
Hardin,A006,City Council City OF Radcliff,,,Kim THOMPSON,136,35,92,9,0
Hardin,A007,U.S. Senate,,Republican,Anissa CATLETT,2,0,2,0,0
Hardin,A007,U.S. Senate,,Republican,A. Nick SHELLEY,0,0,0,0,0
Hardin,A007,U.S. Senate,,Republican,"Valerie ""Dr Val"" FREDRICK",2,2,0,0,0
Hardin,A007,U.S. Senate,,Republican,Michael James FARIS,2,0,2,0,0
Hardin,A007,U.S. Senate,,Republican,Nate MORRIS,1,0,1,0,0
Hardin,A007,U.S. Senate,,Republican,Other Donald WENZEL,0,0,0,0,0
Hardin,A007,U.S. Senate,,Republican,Jonathan M. HOLLIDAY,0,0,0,0,0
Hardin,A007,U.S. Senate,,Republican,George WASHINGTON,1,0,1,0,0
Hardin,A007,U.S. Senate,,Republican,Andy BARR,11,2,9,0,0
Hardin,A007,U.S. Senate,,Republican,Daniel CAMERON,21,2,17,2,0
Hardin,A007,U.S. Senate,,Republican,Jimmy I. LEON,0,0,0,0,0
Hardin,A007,U.S. Senate,,Republican,James D. DUNCAN,0,0,0,0,0
Hardin,A007,U.S. House,2,Republican,"G. ""Shay"" PERRY-ADELMANN",0,0,0,0,0
Hardin,A007,U.S. House,2,Republican,S. Brett GUTHRIE,31,4,25,2,0
Hardin,A007,U.S. House,2,Republican,Joshua M. FERGUSON,6,2,4,0,0
Hardin,A007,Ballots Cast,,,,101,,,,
Hardin,A007,State Senate,10,Republican,Matt DENEEN,26,4,20,2,0
Hardin,A007,State Senate,10,Republican,Louis GRIDER,6,2,4,0,0
Hardin,A007,State Representative,10,Republican,Josh CALLOWAY,26,4,20,2,0
Hardin,A007,State Representative,10,Republican,Julie CANTWELL,9,2,7,0,0
Hardin,A007,Property Valuation Administrator,,,Michelle Pirtle BOWEN,15,2,11,2,0
Hardin,A007,Property Valuation Administrator,,,Dennis DAVIS,5,0,5,0,0
Hardin,A007,Property Valuation Administrator,,,Casey OVERSTREET,11,3,8,0,0
Hardin,A007,Sheriff,,,Willie ODEN,15,1,14,0,0
Hardin,A007,Sheriff,,,Brian C. SANKEY,20,5,13,2,0
Hardin,A007,U.S. Senate,,Democratic,Logan FORSYTHE,1,0,1,0,0
Hardin,A007,U.S. Senate,,Democratic,Amy McGRATH,19,3,12,4,0
Hardin,A007,U.S. Senate,,Democratic,Dale Lewis ROMANS,1,0,1,0,0
Hardin,A007,U.S. Senate,,Democratic,Joshua BLANTON SR.,3,0,2,1,0
Hardin,A007,U.S. Senate,,Democratic,Vincent Anthony THOMPSON,0,0,0,0,0
Hardin,A007,U.S. Senate,,Democratic,Charles BOOKER,24,4,19,0,1
Hardin,A007,U.S. Senate,,Democratic,Pamela STEVENSON,7,4,1,2,0
Hardin,A007,U.S. House,2,Democratic,David S. HATFIELD,13,3,9,1,0
Hardin,A007,U.S. House,2,Democratic,Megan WINGFIELD,22,5,13,3,1
Hardin,A007,U.S. House,2,Democratic,Hank LINDERMAN,5,0,4,1,0
Hardin,A007,U.S. House,2,Democratic,William Dakota COMPTON,10,1,7,2,0
Hardin,A007,Mayor City OF Radcliff,,,Douglas H. GOODMAN,7,2,3,2,0
Hardin,A007,Mayor City OF Radcliff,,,Terry OWENS,13,2,11,0,0
Hardin,A007,Mayor City OF Radcliff,,,Michelle MITCHELL,6,2,4,0,0
Hardin,A007,Mayor City OF Radcliff,,,Toshie MURRELL,11,2,7,2,0
Hardin,A007,City Council City OF Radcliff,,,LaQuita Y. GASKINS,17,4,13,0,0
Hardin,A007,City Council City OF Radcliff,,,Emmanouil KONSTANTINIDIS,4,1,3,0,0
Hardin,A007,City Council City OF Radcliff,,,Mitchell McLAURIN,6,1,5,0,0
Hardin,A007,City Council City OF Radcliff,,,Jerry BROWN,13,5,4,4,0
Hardin,A007,City Council City OF Radcliff,,,Serenity JOHNSON,11,3,8,0,0
Hardin,A007,City Council City OF Radcliff,,,Aundra Lett JACKSON,9,4,5,0,0
Hardin,A007,City Council City OF Radcliff,,,Alyssa C. AGER-BOOI,7,2,5,0,0
Hardin,A007,City Council City OF Radcliff,,,Steve CRUM,8,3,5,0,0
Hardin,A007,City Council City OF Radcliff,,,Bryan L. PACKARD,0,0,0,0,0
Hardin,A007,City Council City OF Radcliff,,,"Robert ""Bob"" MAHANNA",10,3,7,0,0
Hardin,A007,City Council City OF Radcliff,,,Maria BELL,19,5,14,0,0
Hardin,A007,City Council City OF Radcliff,,,Lynnette KENNEDY,7,3,4,0,0
Hardin,A007,City Council City OF Radcliff,,,Pamela J. DeROCHE,17,3,14,0,0
Hardin,A007,City Council City OF Radcliff,,,Kim THOMPSON,17,4,13,0,0
Hardin,A008,U.S. Senate,,Republican,Anissa CATLETT,3,1,1,1,0
Hardin,A008,U.S. Senate,,Republican,A. Nick SHELLEY,0,0,0,0,0
Hardin,A008,U.S. Senate,,Republican,"Valerie ""Dr Val"" FREDRICK",4,0,4,0,0
Hardin,A008,U.S. Senate,,Republican,Michael James FARIS,2,0,2,0,0
Hardin,A008,U.S. Senate,,Republican,Nate MORRIS,6,1,5,0,0
Hardin,A008,U.S. Senate,,Republican,Other Donald WENZEL,0,0,0,0,0
Hardin,A008,U.S. Senate,,Republican,Jonathan M. HOLLIDAY,1,0,1,0,0
Hardin,A008,U.S. Senate,,Republican,George WASHINGTON,0,0,0,0,0
Hardin,A008,U.S. Senate,,Republican,Andy BARR,53,15,36,2,0
Hardin,A008,U.S. Senate,,Republican,Daniel CAMERON,46,12,32,2,0
Hardin,A008,U.S. Senate,,Republican,Jimmy I. LEON,0,0,0,0,0
Hardin,A008,U.S. Senate,,Republican,James D. DUNCAN,0,0,0,0,0
Hardin,A008,U.S. House,2,Republican,"G. ""Shay"" PERRY-ADELMANN",13,5,8,0,0
Hardin,A008,U.S. House,2,Republican,S. Brett GUTHRIE,84,22,57,5,0
Hardin,A008,U.S. House,2,Republican,Joshua M. FERGUSON,14,2,12,0,0
Hardin,A008,Ballots Cast,,,,255,,,,
Hardin,A008,State Senate,10,Republican,Matt DENEEN,78,22,53,3,0
Hardin,A008,State Senate,10,Republican,Louis GRIDER,23,4,19,0,0
Hardin,A008,State Representative,27,Republican,Paul SMITH,17,2,14,1,0
Hardin,A008,State Representative,27,Republican,Joseph REDMON,38,11,26,1,0
Hardin,A008,State Representative,27,Republican,Sandra CARTER,18,4,13,1,0
Hardin,A008,State Representative,27,Republican,Rachelle FRAZIER,19,4,15,0,0
Hardin,A008,Property Valuation Administrator,,,Michelle Pirtle BOWEN,31,9,20,2,0
Hardin,A008,Property Valuation Administrator,,,Dennis DAVIS,26,9,16,1,0
Hardin,A008,Property Valuation Administrator,,,Casey OVERSTREET,32,5,27,0,0
Hardin,A008,Sheriff,,,Willie ODEN,51,10,39,2,0
Hardin,A008,Sheriff,,,Brian C. SANKEY,52,15,36,1,0
Hardin,A008,U.S. Senate,,Democratic,Logan FORSYTHE,3,0,3,0,0
Hardin,A008,U.S. Senate,,Democratic,Amy McGRATH,46,15,26,5,0
Hardin,A008,U.S. Senate,,Democratic,Dale Lewis ROMANS,2,0,1,1,0
Hardin,A008,U.S. Senate,,Democratic,Joshua BLANTON SR.,0,0,0,0,0
Hardin,A008,U.S. Senate,,Democratic,Vincent Anthony THOMPSON,1,1,0,0,0
Hardin,A008,U.S. Senate,,Democratic,Charles BOOKER,46,8,35,3,0
Hardin,A008,U.S. Senate,,Democratic,Pamela STEVENSON,20,8,12,0,0
Hardin,A008,U.S. House,2,Democratic,David S. HATFIELD,16,6,9,1,0
Hardin,A008,U.S. House,2,Democratic,Megan WINGFIELD,56,14,35,7,0
Hardin,A008,U.S. House,2,Democratic,Hank LINDERMAN,19,5,13,1,0
Hardin,A008,U.S. House,2,Democratic,William Dakota COMPTON,20,5,15,0,0
Hardin,A008,Mayor City OF Radcliff,,,Douglas H. GOODMAN,64,18,41,5,0
Hardin,A008,Mayor City OF Radcliff,,,Terry OWENS,52,17,31,4,0
Hardin,A008,Mayor City OF Radcliff,,,Michelle MITCHELL,42,3,37,2,0
Hardin,A008,Mayor City OF Radcliff,,,Toshie MURRELL,86,25,58,3,0
Hardin,A008,City Council City OF Radcliff,,,LaQuita Y. GASKINS,66,17,43,6,0
Hardin,A008,City Council City OF Radcliff,,,Emmanouil KONSTANTINIDIS,18,6,10,2,0
Hardin,A008,City Council City OF Radcliff,,,Mitchell McLAURIN,46,9,35,2,0
Hardin,A008,City Council City OF Radcliff,,,Jerry BROWN,98,33,62,3,0
Hardin,A008,City Council City OF Radcliff,,,Serenity JOHNSON,66,13,48,5,0
Hardin,A008,City Council City OF Radcliff,,,Aundra Lett JACKSON,72,18,45,9,0
Hardin,A008,City Council City OF Radcliff,,,Alyssa C. AGER-BOOI,54,10,38,6,0
Hardin,A008,City Council City OF Radcliff,,,Steve CRUM,73,23,48,2,0
Hardin,A008,City Council City OF Radcliff,,,Bryan L. PACKARD,34,9,22,3,0
Hardin,A008,City Council City OF Radcliff,,,"Robert ""Bob"" MAHANNA",96,28,64,4,0
Hardin,A008,City Council City OF Radcliff,,,Maria BELL,100,23,67,10,0
Hardin,A008,City Council City OF Radcliff,,,Lynnette KENNEDY,59,9,42,8,0
Hardin,A008,City Council City OF Radcliff,,,Pamela J. DeROCHE,126,34,89,3,0
Hardin,A008,City Council City OF Radcliff,,,Kim THOMPSON,97,27,66,4,0
Hardin,A009,U.S. Senate,,Republican,Anissa CATLETT,0,0,0,0,0
Hardin,A009,U.S. Senate,,Republican,A. Nick SHELLEY,1,0,1,0,0
Hardin,A009,U.S. Senate,,Republican,"Valerie ""Dr Val"" FREDRICK",1,0,1,0,0
Hardin,A009,U.S. Senate,,Republican,Michael James FARIS,2,1,1,0,0
Hardin,A009,U.S. Senate,,Republican,Nate MORRIS,3,0,3,0,0
Hardin,A009,U.S. Senate,,Republican,Other Donald WENZEL,0,0,0,0,0
Hardin,A009,U.S. Senate,,Republican,Jonathan M. HOLLIDAY,1,1,0,0,0
Hardin,A009,U.S. Senate,,Republican,George WASHINGTON,0,0,0,0,0
Hardin,A009,U.S. Senate,,Republican,Andy BARR,22,2,19,1,0
Hardin,A009,U.S. Senate,,Republican,Daniel CAMERON,11,0,11,0,0
Hardin,A009,U.S. Senate,,Republican,Jimmy I. LEON,0,0,0,0,0
Hardin,A009,U.S. Senate,,Republican,James D. DUNCAN,1,1,0,0,0
Hardin,A009,U.S. House,2,Republican,"G. ""Shay"" PERRY-ADELMANN",2,0,2,0,0
Hardin,A009,U.S. House,2,Republican,S. Brett GUTHRIE,37,5,31,1,0
Hardin,A009,U.S. House,2,Republican,Joshua M. FERGUSON,3,0,3,0,0
Hardin,A009,Ballots Cast,,,,84,,,,
Hardin,A009,State Senate,10,Republican,Matt DENEEN,27,5,22,0,0
Hardin,A009,State Senate,10,Republican,Louis GRIDER,11,0,10,1,0
Hardin,A009,Property Valuation Administrator,,,Michelle Pirtle BOWEN,13,1,11,1,0
Hardin,A009,Property Valuation Administrator,,,Dennis DAVIS,12,1,11,0,0
Hardin,A009,Property Valuation Administrator,,,Casey OVERSTREET,13,3,10,0,0
Hardin,A009,Sheriff,,,Willie ODEN,18,0,18,0,0
Hardin,A009,Sheriff,,,Brian C. SANKEY,22,5,16,1,0
Hardin,A009,U.S. Senate,,Democratic,Logan FORSYTHE,0,0,0,0,0
Hardin,A009,U.S. Senate,,Democratic,Amy McGRATH,12,0,10,1,1
Hardin,A009,U.S. Senate,,Democratic,Dale Lewis ROMANS,1,0,1,0,0
Hardin,A009,U.S. Senate,,Democratic,Joshua BLANTON SR.,0,0,0,0,0
Hardin,A009,U.S. Senate,,Democratic,Vincent Anthony THOMPSON,1,0,1,0,0
Hardin,A009,U.S. Senate,,Democratic,Charles BOOKER,23,7,15,0,1
Hardin,A009,U.S. Senate,,Democratic,Pamela STEVENSON,4,2,1,0,1
Hardin,A009,U.S. House,2,Democratic,David S. HATFIELD,4,0,4,0,0
Hardin,A009,U.S. House,2,Democratic,Megan WINGFIELD,27,8,15,1,3
Hardin,A009,U.S. House,2,Democratic,Hank LINDERMAN,6,0,6,0,0
Hardin,A009,U.S. House,2,Democratic,William Dakota COMPTON,4,1,3,0,0
Hardin,A010,U.S. Senate,,Republican,Anissa CATLETT,0,0,0,0,0
Hardin,A010,U.S. Senate,,Republican,A. Nick SHELLEY,0,0,0,0,0
Hardin,A010,U.S. Senate,,Republican,"Valerie ""Dr Val"" FREDRICK",0,0,0,0,0
Hardin,A010,U.S. Senate,,Republican,Michael James FARIS,0,0,0,0,0
Hardin,A010,U.S. Senate,,Republican,Nate MORRIS,0,0,0,0,0
Hardin,A010,U.S. Senate,,Republican,Other Donald WENZEL,0,0,0,0,0
Hardin,A010,U.S. Senate,,Republican,Jonathan M. HOLLIDAY,0,0,0,0,0
Hardin,A010,U.S. Senate,,Republican,George WASHINGTON,0,0,0,0,0
Hardin,A010,U.S. Senate,,Republican,Andy BARR,0,0,0,0,0
Hardin,A010,U.S. Senate,,Republican,Daniel CAMERON,0,0,0,0,0
Hardin,A010,U.S. Senate,,Republican,Jimmy I. LEON,0,0,0,0,0
Hardin,A010,U.S. Senate,,Republican,James D. DUNCAN,0,0,0,0,0
Hardin,A010,U.S. House,2,Republican,"G. ""Shay"" PERRY-ADELMANN",0,0,0,0,0
Hardin,A010,U.S. House,2,Republican,S. Brett GUTHRIE,0,0,0,0,0
Hardin,A010,U.S. House,2,Republican,Joshua M. FERGUSON,0,0,0,0,0
Hardin,A010,Ballots Cast,,,,3,,,,
Hardin,A010,State Senate,10,Republican,Matt DENEEN,0,0,0,0,0
Hardin,A010,State Senate,10,Republican,Louis GRIDER,0,0,0,0,0
Hardin,A010,State Representative,27,Republican,Paul SMITH,0,0,0,0,0
Hardin,A010,State Representative,27,Republican,Joseph REDMON,0,0,0,0,0
Hardin,A010,State Representative,27,Republican,Sandra CARTER,0,0,0,0,0
Hardin,A010,State Representative,27,Republican,Rachelle FRAZIER,0,0,0,0,0
Hardin,A010,Property Valuation Administrator,,,Michelle Pirtle BOWEN,0,0,0,0,0
Hardin,A010,Property Valuation Administrator,,,Dennis DAVIS,0,0,0,0,0
Hardin,A010,Property Valuation Administrator,,,Casey OVERSTREET,0,0,0,0,0
Hardin,A010,Sheriff,,,Willie ODEN,0,0,0,0,0
Hardin,A010,Sheriff,,,Brian C. SANKEY,0,0,0,0,0
Hardin,A010,U.S. Senate,,Democratic,Logan FORSYTHE,0,0,0,0,0
Hardin,A010,U.S. Senate,,Democratic,Amy McGRATH,0,0,0,0,0
Hardin,A010,U.S. Senate,,Democratic,Dale Lewis ROMANS,0,0,0,0,0
Hardin,A010,U.S. Senate,,Democratic,Joshua BLANTON SR.,0,0,0,0,0
Hardin,A010,U.S. Senate,,Democratic,Vincent Anthony THOMPSON,0,0,0,0,0
Hardin,A010,U.S. Senate,,Democratic,Charles BOOKER,2,0,2,0,0
Hardin,A010,U.S. Senate,,Democratic,Pamela STEVENSON,1,0,1,0,0
Hardin,A010,U.S. House,2,Democratic,David S. HATFIELD,0,0,0,0,0
Hardin,A010,U.S. House,2,Democratic,Megan WINGFIELD,3,0,3,0,0
Hardin,A010,U.S. House,2,Democratic,Hank LINDERMAN,0,0,0,0,0
Hardin,A010,U.S. House,2,Democratic,William Dakota COMPTON,0,0,0,0,0
Hardin,B001,U.S. Senate,,Republican,Anissa CATLETT,4,0,2,2,0
Hardin,B001,U.S. Senate,,Republican,A. Nick SHELLEY,3,1,2,0,0
Hardin,B001,U.S. Senate,,Republican,"Valerie ""Dr Val"" FREDRICK",0,0,0,0,0
Hardin,B001,U.S. Senate,,Republican,Michael James FARIS,4,0,4,0,0
Hardin,B001,U.S. Senate,,Republican,Nate MORRIS,1,0,1,0,0
Hardin,B001,U.S. Senate,,Republican,Other Donald WENZEL,0,0,0,0,0
Hardin,B001,U.S. Senate,,Republican,Jonathan M. HOLLIDAY,0,0,0,0,0
Hardin,B001,U.S. Senate,,Republican,George WASHINGTON,0,0,0,0,0
Hardin,B001,U.S. Senate,,Republican,Andy BARR,33,3,28,2,0
Hardin,B001,U.S. Senate,,Republican,Daniel CAMERON,15,3,12,0,0
Hardin,B001,U.S. Senate,,Republican,Jimmy I. LEON,0,0,0,0,0
Hardin,B001,U.S. Senate,,Republican,James D. DUNCAN,0,0,0,0,0
Hardin,B001,U.S. House,2,Republican,"G. ""Shay"" PERRY-ADELMANN",5,1,4,0,0
Hardin,B001,U.S. House,2,Republican,S. Brett GUTHRIE,41,4,33,4,0
Hardin,B001,U.S. House,2,Republican,Joshua M. FERGUSON,9,2,7,0,0
Hardin,B001,Ballots Cast,,,,132,,,,
Hardin,B001,State Senate,10,Republican,Matt DENEEN,47,7,36,4,0
Hardin,B001,State Senate,10,Republican,Louis GRIDER,9,0,9,0,0
Hardin,B001,State Representative,27,Republican,Paul SMITH,9,1,7,1,0
Hardin,B001,State Representative,27,Republican,Joseph REDMON,26,2,22,2,0
Hardin,B001,State Representative,27,Republican,Sandra CARTER,3,2,1,0,0
Hardin,B001,State Representative,27,Republican,Rachelle FRAZIER,12,2,9,1,0
Hardin,B001,Property Valuation Administrator,,,Michelle Pirtle BOWEN,20,4,15,1,0
Hardin,B001,Property Valuation Administrator,,,Dennis DAVIS,15,0,14,1,0
Hardin,B001,Property Valuation Administrator,,,Casey OVERSTREET,16,3,11,2,0
Hardin,B001,Sheriff,,,Willie ODEN,29,5,23,1,0
Hardin,B001,Sheriff,,,Brian C. SANKEY,27,2,22,3,0
Hardin,B001,U.S. Senate,,Democratic,Logan FORSYTHE,1,1,0,0,0
Hardin,B001,U.S. Senate,,Democratic,Amy McGRATH,18,7,9,2,0
Hardin,B001,U.S. Senate,,Democratic,Dale Lewis ROMANS,1,0,1,0,0
Hardin,B001,U.S. Senate,,Democratic,Joshua BLANTON SR.,3,0,3,0,0
Hardin,B001,U.S. Senate,,Democratic,Vincent Anthony THOMPSON,2,1,1,0,0
Hardin,B001,U.S. Senate,,Democratic,Charles BOOKER,29,10,19,0,0
Hardin,B001,U.S. Senate,,Democratic,Pamela STEVENSON,7,3,4,0,0
Hardin,B001,U.S. House,2,Democratic,David S. HATFIELD,15,2,13,0,0
Hardin,B001,U.S. House,2,Democratic,Megan WINGFIELD,23,9,13,1,0
Hardin,B001,U.S. House,2,Democratic,Hank LINDERMAN,12,3,9,0,0
Hardin,B001,U.S. House,2,Democratic,William Dakota COMPTON,8,4,3,1,0
Hardin,B001,Mayor City OF Radcliff,,,Douglas H. GOODMAN,32,4,28,0,0
Hardin,B001,Mayor City OF Radcliff,,,Terry OWENS,24,9,15,0,0
Hardin,B001,Mayor City OF Radcliff,,,Michelle MITCHELL,13,2,10,1,0
Hardin,B001,Mayor City OF Radcliff,,,Toshie MURRELL,31,14,15,2,0
Hardin,B001,City Council City OF Radcliff,,,LaQuita Y. GASKINS,30,11,19,0,0
Hardin,B001,City Council City OF Radcliff,,,Emmanouil KONSTANTINIDIS,9,4,5,0,0
Hardin,B001,City Council City OF Radcliff,,,Mitchell McLAURIN,32,9,22,1,0
Hardin,B001,City Council City OF Radcliff,,,Jerry BROWN,36,7,26,3,0
Hardin,B001,City Council City OF Radcliff,,,Serenity JOHNSON,35,12,22,1,0
Hardin,B001,City Council City OF Radcliff,,,Aundra Lett JACKSON,49,18,30,1,0
Hardin,B001,City Council City OF Radcliff,,,Alyssa C. AGER-BOOI,18,10,7,1,0
Hardin,B001,City Council City OF Radcliff,,,Steve CRUM,41,11,28,2,0
Hardin,B001,City Council City OF Radcliff,,,Bryan L. PACKARD,28,8,19,1,0
Hardin,B001,City Council City OF Radcliff,,,"Robert ""Bob"" MAHANNA",38,11,25,2,0
Hardin,B001,City Council City OF Radcliff,,,Maria BELL,43,14,28,1,0
Hardin,B001,City Council City OF Radcliff,,,Lynnette KENNEDY,36,7,29,0,0
Hardin,B001,City Council City OF Radcliff,,,Pamela J. DeROCHE,43,14,27,2,0
Hardin,B001,City Council City OF Radcliff,,,Kim THOMPSON,39,13,25,1,0
Hardin,B002,U.S. Senate,,Republican,Anissa CATLETT,4,2,2,0,0
Hardin,B002,U.S. Senate,,Republican,A. Nick SHELLEY,0,0,0,0,0
Hardin,B002,U.S. Senate,,Republican,"Valerie ""Dr Val"" FREDRICK",4,0,4,0,0
Hardin,B002,U.S. Senate,,Republican,Michael James FARIS,7,3,4,0,0
Hardin,B002,U.S. Senate,,Republican,Nate MORRIS,5,1,4,0,0
Hardin,B002,U.S. Senate,,Republican,Other Donald WENZEL,1,0,1,0,0
Hardin,B002,U.S. Senate,,Republican,Jonathan M. HOLLIDAY,1,0,1,0,0
Hardin,B002,U.S. Senate,,Republican,George WASHINGTON,1,0,1,0,0
Hardin,B002,U.S. Senate,,Republican,Andy BARR,47,7,38,2,0
Hardin,B002,U.S. Senate,,Republican,Daniel CAMERON,33,12,19,2,0
Hardin,B002,U.S. Senate,,Republican,Jimmy I. LEON,1,0,0,1,0
Hardin,B002,U.S. Senate,,Republican,James D. DUNCAN,5,1,4,0,0
Hardin,B002,U.S. House,2,Republican,"G. ""Shay"" PERRY-ADELMANN",10,2,7,1,0
Hardin,B002,U.S. House,2,Republican,S. Brett GUTHRIE,86,20,63,3,0
Hardin,B002,U.S. House,2,Republican,Joshua M. FERGUSON,11,4,6,1,0
Hardin,B002,Ballots Cast,,,,325,,,,
Hardin,B002,State Senate,10,Republican,Matt DENEEN,71,15,52,4,0
Hardin,B002,State Senate,10,Republican,Louis GRIDER,29,8,20,1,0
Hardin,B002,Property Valuation Administrator,,,Michelle Pirtle BOWEN,26,2,20,4,0
Hardin,B002,Property Valuation Administrator,,,Dennis DAVIS,32,13,18,1,0
Hardin,B002,Property Valuation Administrator,,,Casey OVERSTREET,41,9,32,0,0
Hardin,B002,Sheriff,,,Willie ODEN,56,15,39,2,0
Hardin,B002,Sheriff,,,Brian C. SANKEY,46,11,32,3,0
Hardin,B002,U.S. Senate,,Democratic,Logan FORSYTHE,3,0,2,1,0
Hardin,B002,U.S. Senate,,Democratic,Amy McGRATH,67,23,44,0,0
Hardin,B002,U.S. Senate,,Democratic,Dale Lewis ROMANS,5,3,2,0,0
Hardin,B002,U.S. Senate,,Democratic,Joshua BLANTON SR.,1,1,0,0,0
Hardin,B002,U.S. Senate,,Democratic,Vincent Anthony THOMPSON,2,0,2,0,0
Hardin,B002,U.S. Senate,,Democratic,Charles BOOKER,96,36,55,3,2
Hardin,B002,U.S. Senate,,Democratic,Pamela STEVENSON,24,4,19,1,0
Hardin,B002,U.S. House,2,Democratic,David S. HATFIELD,14,3,11,0,0
Hardin,B002,U.S. House,2,Democratic,Megan WINGFIELD,108,36,69,1,2
Hardin,B002,U.S. House,2,Democratic,Hank LINDERMAN,34,13,18,3,0
Hardin,B002,U.S. House,2,Democratic,William Dakota COMPTON,32,14,17,1,0
Hardin,B002,Mayor City OF Radcliff,,,Douglas H. GOODMAN,65,19,42,4,0
Hardin,B002,Mayor City OF Radcliff,,,Terry OWENS,110,33,73,2,2
Hardin,B002,Mayor City OF Radcliff,,,Michelle MITCHELL,55,17,36,2,0
Hardin,B002,Mayor City OF Radcliff,,,Toshie MURRELL,90,27,61,2,0
Hardin,B002,City Council City OF Radcliff,,,LaQuita Y. GASKINS,134,36,96,2,0
Hardin,B002,City Council City OF Radcliff,,,Emmanouil KONSTANTINIDIS,26,10,16,0,0
Hardin,B002,City Council City OF Radcliff,,,Mitchell McLAURIN,92,25,64,1,2
Hardin,B002,City Council City OF Radcliff,,,Jerry BROWN,118,35,77,6,0
Hardin,B002,City Council City OF Radcliff,,,Serenity JOHNSON,113,42,71,0,0
Hardin,B002,City Council City OF Radcliff,,,Aundra Lett JACKSON,116,40,71,5,0
Hardin,B002,City Council City OF Radcliff,,,Alyssa C. AGER-BOOI,74,27,47,0,0
Hardin,B002,City Council City OF Radcliff,,,Steve CRUM,92,27,60,5,0
Hardin,B002,City Council City OF Radcliff,,,Bryan L. PACKARD,47,14,32,1,0
Hardin,B002,City Council City OF Radcliff,,,"Robert ""Bob"" MAHANNA",85,26,54,5,0
Hardin,B002,City Council City OF Radcliff,,,Maria BELL,139,46,90,3,0
Hardin,B002,City Council City OF Radcliff,,,Lynnette KENNEDY,100,32,67,1,0
Hardin,B002,City Council City OF Radcliff,,,Pamela J. DeROCHE,155,54,95,6,0
Hardin,B002,City Council City OF Radcliff,,,Kim THOMPSON,131,38,89,4,0
Hardin,B003,U.S. Senate,,Republican,Anissa CATLETT,2,0,2,0,0
Hardin,B003,U.S. Senate,,Republican,A. Nick SHELLEY,1,0,1,0,0
Hardin,B003,U.S. Senate,,Republican,"Valerie ""Dr Val"" FREDRICK",3,2,1,0,0
Hardin,B003,U.S. Senate,,Republican,Michael James FARIS,5,1,4,0,0
Hardin,B003,U.S. Senate,,Republican,Nate MORRIS,5,0,5,0,0
Hardin,B003,U.S. Senate,,Republican,Other Donald WENZEL,0,0,0,0,0
Hardin,B003,U.S. Senate,,Republican,Jonathan M. HOLLIDAY,0,0,0,0,0
Hardin,B003,U.S. Senate,,Republican,George WASHINGTON,2,0,2,0,0
Hardin,B003,U.S. Senate,,Republican,Andy BARR,59,16,43,0,0
Hardin,B003,U.S. Senate,,Republican,Daniel CAMERON,65,19,42,3,1
Hardin,B003,U.S. Senate,,Republican,Jimmy I. LEON,0,0,0,0,0
Hardin,B003,U.S. Senate,,Republican,James D. DUNCAN,2,0,2,0,0
Hardin,B003,U.S. House,2,Republican,"G. ""Shay"" PERRY-ADELMANN",9,1,8,0,0
Hardin,B003,U.S. House,2,Republican,S. Brett GUTHRIE,120,34,83,3,0
Hardin,B003,U.S. House,2,Republican,Joshua M. FERGUSON,9,1,8,0,0
Hardin,B003,Ballots Cast,,,,440,,,,
Hardin,B003,State Senate,10,Republican,Matt DENEEN,114,28,83,3,0
Hardin,B003,State Senate,10,Republican,Louis GRIDER,18,6,12,0,0
Hardin,B003,Property Valuation Administrator,,,Michelle Pirtle BOWEN,45,10,33,1,1
Hardin,B003,Property Valuation Administrator,,,Dennis DAVIS,32,10,22,0,0
Hardin,B003,Property Valuation Administrator,,,Casey OVERSTREET,51,11,40,0,0
Hardin,B003,Sheriff,,,Willie ODEN,71,17,53,1,0
Hardin,B003,Sheriff,,,Brian C. SANKEY,59,13,45,0,1
Hardin,B003,U.S. Senate,,Democratic,Logan FORSYTHE,6,0,2,4,0
Hardin,B003,U.S. Senate,,Democratic,Amy McGRATH,75,27,44,4,0
Hardin,B003,U.S. Senate,,Democratic,Dale Lewis ROMANS,0,0,0,0,0
Hardin,B003,U.S. Senate,,Democratic,Joshua BLANTON SR.,3,1,2,0,0
Hardin,B003,U.S. Senate,,Democratic,Vincent Anthony THOMPSON,3,1,2,0,0
Hardin,B003,U.S. Senate,,Democratic,Charles BOOKER,141,31,95,12,3
Hardin,B003,U.S. Senate,,Democratic,Pamela STEVENSON,34,12,22,0,0
Hardin,B003,U.S. House,2,Democratic,David S. HATFIELD,27,5,20,2,0
Hardin,B003,U.S. House,2,Democratic,Megan WINGFIELD,121,32,76,10,3
Hardin,B003,U.S. House,2,Democratic,Hank LINDERMAN,41,13,26,2,0
Hardin,B003,U.S. House,2,Democratic,William Dakota COMPTON,48,9,32,7,0
Hardin,B003,Mayor City OF Radcliff,,,Douglas H. GOODMAN,69,18,43,7,1
Hardin,B003,Mayor City OF Radcliff,,,Terry OWENS,152,40,105,7,0
Hardin,B003,Mayor City OF Radcliff,,,Michelle MITCHELL,85,20,57,5,3
Hardin,B003,Mayor City OF Radcliff,,,Toshie MURRELL,126,37,80,9,0
Hardin,B003,City Council City OF Radcliff,,,LaQuita Y. GASKINS,199,52,133,11,3
Hardin,B003,City Council City OF Radcliff,,,Emmanouil KONSTANTINIDIS,41,11,27,3,0
Hardin,B003,City Council City OF Radcliff,,,Mitchell McLAURIN,120,27,84,8,1
Hardin,B003,City Council City OF Radcliff,,,Jerry BROWN,142,42,90,10,0
Hardin,B003,City Council City OF Radcliff,,,Serenity JOHNSON,141,40,91,9,1
Hardin,B003,City Council City OF Radcliff,,,Aundra Lett JACKSON,167,44,108,13,2
Hardin,B003,City Council City OF Radcliff,,,Alyssa C. AGER-BOOI,116,38,64,14,0
Hardin,B003,City Council City OF Radcliff,,,Steve CRUM,101,24,73,4,0
Hardin,B003,City Council City OF Radcliff,,,Bryan L. PACKARD,72,10,58,4,0
Hardin,B003,City Council City OF Radcliff,,,"Robert ""Bob"" MAHANNA",123,40,78,5,0
Hardin,B003,City Council City OF Radcliff,,,Maria BELL,203,56,128,17,2
Hardin,B003,City Council City OF Radcliff,,,Lynnette KENNEDY,134,41,79,13,1
Hardin,B003,City Council City OF Radcliff,,,Pamela J. DeROCHE,172,57,105,9,1
Hardin,B003,City Council City OF Radcliff,,,Kim THOMPSON,212,56,141,13,2
Hardin,B004,U.S. Senate,,Republican,Anissa CATLETT,5,1,4,0,0
Hardin,B004,U.S. Senate,,Republican,A. Nick SHELLEY,0,0,0,0,0
Hardin,B004,U.S. Senate,,Republican,"Valerie ""Dr Val"" FREDRICK",0,0,0,0,0
Hardin,B004,U.S. Senate,,Republican,Michael James FARIS,5,1,4,0,0
Hardin,B004,U.S. Senate,,Republican,Nate MORRIS,3,1,2,0,0
Hardin,B004,U.S. Senate,,Republican,Other Donald WENZEL,0,0,0,0,0
Hardin,B004,U.S. Senate,,Republican,Jonathan M. HOLLIDAY,3,1,2,0,0
Hardin,B004,U.S. Senate,,Republican,George WASHINGTON,0,0,0,0,0
Hardin,B004,U.S. Senate,,Republican,Andy BARR,46,9,37,0,0
Hardin,B004,U.S. Senate,,Republican,Daniel CAMERON,26,6,19,1,0
Hardin,B004,U.S. Senate,,Republican,Jimmy I. LEON,0,0,0,0,0
Hardin,B004,U.S. Senate,,Republican,James D. DUNCAN,2,0,2,0,0
Hardin,B004,U.S. House,2,Republican,"G. ""Shay"" PERRY-ADELMANN",4,1,3,0,0
Hardin,B004,U.S. House,2,Republican,S. Brett GUTHRIE,68,15,52,1,0
Hardin,B004,U.S. House,2,Republican,Joshua M. FERGUSON,15,4,11,0,0
Hardin,B004,Ballots Cast,,,,292,,,,
Hardin,B004,State Senate,10,Republican,Matt DENEEN,63,16,47,0,0
Hardin,B004,State Senate,10,Republican,Louis GRIDER,19,3,15,1,0
Hardin,B004,Property Valuation Administrator,,,Michelle Pirtle BOWEN,29,5,24,0,0
Hardin,B004,Property Valuation Administrator,,,Dennis DAVIS,30,8,22,0,0
Hardin,B004,Property Valuation Administrator,,,Casey OVERSTREET,23,6,16,1,0
Hardin,B004,Sheriff,,,Willie ODEN,53,11,41,1,0
Hardin,B004,Sheriff,,,Brian C. SANKEY,32,7,25,0,0
Hardin,B004,U.S. Senate,,Democratic,Logan FORSYTHE,2,0,2,0,0
Hardin,B004,U.S. Senate,,Democratic,Amy McGRATH,41,8,28,5,0
Hardin,B004,U.S. Senate,,Democratic,Dale Lewis ROMANS,6,1,5,0,0
Hardin,B004,U.S. Senate,,Democratic,Joshua BLANTON SR.,3,0,3,0,0
Hardin,B004,U.S. Senate,,Democratic,Vincent Anthony THOMPSON,5,0,5,0,0
Hardin,B004,U.S. Senate,,Democratic,Charles BOOKER,87,17,63,6,1
Hardin,B004,U.S. Senate,,Democratic,Pamela STEVENSON,22,1,15,6,0
Hardin,B004,U.S. House,2,Democratic,David S. HATFIELD,20,4,16,0,0
Hardin,B004,U.S. House,2,Democratic,Megan WINGFIELD,87,14,59,13,1
Hardin,B004,U.S. House,2,Democratic,Hank LINDERMAN,30,5,24,1,0
Hardin,B004,U.S. House,2,Democratic,William Dakota COMPTON,17,1,15,1,0
Hardin,B004,Mayor City OF Radcliff,,,Douglas H. GOODMAN,64,10,51,2,1
Hardin,B004,Mayor City OF Radcliff,,,Terry OWENS,89,14,61,13,1
Hardin,B004,Mayor City OF Radcliff,,,Michelle MITCHELL,51,8,42,1,0
Hardin,B004,Mayor City OF Radcliff,,,Toshie MURRELL,85,22,60,3,0
Hardin,B004,City Council City OF Radcliff,,,LaQuita Y. GASKINS,132,28,90,12,2
Hardin,B004,City Council City OF Radcliff,,,Emmanouil KONSTANTINIDIS,30,6,22,1,1
Hardin,B004,City Council City OF Radcliff,,,Mitchell McLAURIN,64,13,49,2,0
Hardin,B004,City Council City OF Radcliff,,,Jerry BROWN,86,11,69,5,1
Hardin,B004,City Council City OF Radcliff,,,Serenity JOHNSON,93,23,67,2,1
Hardin,B004,City Council City OF Radcliff,,,Aundra Lett JACKSON,117,24,87,4,2
Hardin,B004,City Council City OF Radcliff,,,Alyssa C. AGER-BOOI,61,15,39,6,1
Hardin,B004,City Council City OF Radcliff,,,Steve CRUM,64,12,49,3,0
Hardin,B004,City Council City OF Radcliff,,,Bryan L. PACKARD,49,7,41,1,0
Hardin,B004,City Council City OF Radcliff,,,"Robert ""Bob"" MAHANNA",94,18,76,0,0
Hardin,B004,City Council City OF Radcliff,,,Maria BELL,147,22,115,9,1
Hardin,B004,City Council City OF Radcliff,,,Lynnette KENNEDY,94,20,64,9,1
Hardin,B004,City Council City OF Radcliff,,,Pamela J. DeROCHE,146,32,105,8,1
Hardin,B004,City Council City OF Radcliff,,,Kim THOMPSON,129,25,102,2,0
Hardin,B005,U.S. Senate,,Republican,Anissa CATLETT,2,0,2,0,0
Hardin,B005,U.S. Senate,,Republican,A. Nick SHELLEY,2,0,2,0,0
Hardin,B005,U.S. Senate,,Republican,"Valerie ""Dr Val"" FREDRICK",0,0,0,0,0
Hardin,B005,U.S. Senate,,Republican,Michael James FARIS,6,0,6,0,0
Hardin,B005,U.S. Senate,,Republican,Nate MORRIS,1,0,1,0,0
Hardin,B005,U.S. Senate,,Republican,Other Donald WENZEL,0,0,0,0,0
Hardin,B005,U.S. Senate,,Republican,Jonathan M. HOLLIDAY,0,0,0,0,0
Hardin,B005,U.S. Senate,,Republican,George WASHINGTON,2,1,1,0,0
Hardin,B005,U.S. Senate,,Republican,Andy BARR,48,9,39,0,0
Hardin,B005,U.S. Senate,,Republican,Daniel CAMERON,40,10,30,0,0
Hardin,B005,U.S. Senate,,Republican,Jimmy I. LEON,0,0,0,0,0
Hardin,B005,U.S. Senate,,Republican,James D. DUNCAN,1,0,1,0,0
Hardin,B005,U.S. House,2,Republican,"G. ""Shay"" PERRY-ADELMANN",8,0,8,0,0
Hardin,B005,U.S. House,2,Republican,S. Brett GUTHRIE,79,19,60,0,0
Hardin,B005,U.S. House,2,Republican,Joshua M. FERGUSON,14,1,13,0,0
Hardin,B005,Ballots Cast,,,,176,,,,
Hardin,B005,State Senate,10,Republican,Matt DENEEN,75,16,59,0,0
Hardin,B005,State Senate,10,Republican,Louis GRIDER,22,4,18,0,0
Hardin,B005,Property Valuation Administrator,,,Michelle Pirtle BOWEN,28,4,24,0,0
Hardin,B005,Property Valuation Administrator,,,Dennis DAVIS,38,11,27,0,0
Hardin,B005,Property Valuation Administrator,,,Casey OVERSTREET,28,5,23,0,0
Hardin,B005,Sheriff,,,Willie ODEN,58,10,48,0,0
Hardin,B005,Sheriff,,,Brian C. SANKEY,38,9,29,0,0
Hardin,B005,U.S. Senate,,Democratic,Logan FORSYTHE,2,0,2,0,0
Hardin,B005,U.S. Senate,,Democratic,Amy McGRATH,25,7,17,1,0
Hardin,B005,U.S. Senate,,Democratic,Dale Lewis ROMANS,0,0,0,0,0
Hardin,B005,U.S. Senate,,Democratic,Joshua BLANTON SR.,1,0,1,0,0
Hardin,B005,U.S. Senate,,Democratic,Vincent Anthony THOMPSON,2,0,2,0,0
Hardin,B005,U.S. Senate,,Democratic,Charles BOOKER,38,6,30,2,0
Hardin,B005,U.S. Senate,,Democratic,Pamela STEVENSON,5,3,2,0,0
Hardin,B005,U.S. House,2,Democratic,David S. HATFIELD,16,3,12,1,0
Hardin,B005,U.S. House,2,Democratic,Megan WINGFIELD,29,8,21,0,0
Hardin,B005,U.S. House,2,Democratic,Hank LINDERMAN,13,3,9,1,0
Hardin,B005,U.S. House,2,Democratic,William Dakota COMPTON,13,1,11,1,0
Hardin,B006,U.S. Senate,,Republican,Anissa CATLETT,3,1,2,0,0
Hardin,B006,U.S. Senate,,Republican,A. Nick SHELLEY,0,0,0,0,0
Hardin,B006,U.S. Senate,,Republican,"Valerie ""Dr Val"" FREDRICK",3,1,2,0,0
Hardin,B006,U.S. Senate,,Republican,Michael James FARIS,5,1,4,0,0
Hardin,B006,U.S. Senate,,Republican,Nate MORRIS,3,0,3,0,0
Hardin,B006,U.S. Senate,,Republican,Other Donald WENZEL,0,0,0,0,0
Hardin,B006,U.S. Senate,,Republican,Jonathan M. HOLLIDAY,0,0,0,0,0
Hardin,B006,U.S. Senate,,Republican,George WASHINGTON,0,0,0,0,0
Hardin,B006,U.S. Senate,,Republican,Andy BARR,39,10,28,1,0
Hardin,B006,U.S. Senate,,Republican,Daniel CAMERON,35,7,24,4,0
Hardin,B006,U.S. Senate,,Republican,Jimmy I. LEON,0,0,0,0,0
Hardin,B006,U.S. Senate,,Republican,James D. DUNCAN,1,0,1,0,0
Hardin,B006,U.S. House,2,Republican,"G. ""Shay"" PERRY-ADELMANN",5,0,5,0,0
Hardin,B006,U.S. House,2,Republican,S. Brett GUTHRIE,64,17,44,3,0
Hardin,B006,U.S. House,2,Republican,Joshua M. FERGUSON,16,3,11,2,0
Hardin,B006,Ballots Cast,,,,238,,,,
Hardin,B006,State Senate,10,Republican,Matt DENEEN,62,13,47,2,0
Hardin,B006,State Senate,10,Republican,Louis GRIDER,19,6,11,2,0
Hardin,B006,State Representative,27,Republican,Paul SMITH,24,6,17,1,0
Hardin,B006,State Representative,27,Republican,Joseph REDMON,33,8,25,0,0
Hardin,B006,State Representative,27,Republican,Sandra CARTER,7,1,6,0,0
Hardin,B006,State Representative,27,Republican,Rachelle FRAZIER,11,2,7,2,0
Hardin,B006,Property Valuation Administrator,,,Michelle Pirtle BOWEN,31,5,23,3,0
Hardin,B006,Property Valuation Administrator,,,Dennis DAVIS,25,7,18,0,0
Hardin,B006,Property Valuation Administrator,,,Casey OVERSTREET,23,6,17,0,0
Hardin,B006,Sheriff,,,Willie ODEN,38,7,29,2,0
Hardin,B006,Sheriff,,,Brian C. SANKEY,43,12,28,3,0
Hardin,B006,U.S. Senate,,Democratic,Logan FORSYTHE,3,2,1,0,0
Hardin,B006,U.S. Senate,,Democratic,Amy McGRATH,43,13,26,4,0
Hardin,B006,U.S. Senate,,Democratic,Dale Lewis ROMANS,3,0,3,0,0
Hardin,B006,U.S. Senate,,Democratic,Joshua BLANTON SR.,1,0,1,0,0
Hardin,B006,U.S. Senate,,Democratic,Vincent Anthony THOMPSON,1,1,0,0,0
Hardin,B006,U.S. Senate,,Democratic,Charles BOOKER,60,20,31,9,0
Hardin,B006,U.S. Senate,,Democratic,Pamela STEVENSON,10,5,3,2,0
Hardin,B006,U.S. House,2,Democratic,David S. HATFIELD,18,7,10,1,0
Hardin,B006,U.S. House,2,Democratic,Megan WINGFIELD,53,15,32,6,0
Hardin,B006,U.S. House,2,Democratic,Hank LINDERMAN,20,5,11,4,0
Hardin,B006,U.S. House,2,Democratic,William Dakota COMPTON,20,10,8,2,0
Hardin,B006,Mayor City OF Radcliff,,,Douglas H. GOODMAN,55,14,37,4,0
Hardin,B006,Mayor City OF Radcliff,,,Terry OWENS,56,15,32,9,0
Hardin,B006,Mayor City OF Radcliff,,,Michelle MITCHELL,42,10,31,1,0
Hardin,B006,Mayor City OF Radcliff,,,Toshie MURRELL,78,27,43,8,0
Hardin,B006,City Council City OF Radcliff,,,LaQuita Y. GASKINS,71,23,41,7,0
Hardin,B006,City Council City OF Radcliff,,,Emmanouil KONSTANTINIDIS,25,6,18,1,0
Hardin,B006,City Council City OF Radcliff,,,Mitchell McLAURIN,56,15,37,4,0
Hardin,B006,City Council City OF Radcliff,,,Jerry BROWN,95,30,53,12,0
Hardin,B006,City Council City OF Radcliff,,,Serenity JOHNSON,63,20,36,7,0
Hardin,B006,City Council City OF Radcliff,,,Aundra Lett JACKSON,82,26,45,11,0
Hardin,B006,City Council City OF Radcliff,,,Alyssa C. AGER-BOOI,48,17,28,3,0
Hardin,B006,City Council City OF Radcliff,,,Steve CRUM,75,20,51,4,0
Hardin,B006,City Council City OF Radcliff,,,Bryan L. PACKARD,45,10,30,5,0
Hardin,B006,City Council City OF Radcliff,,,"Robert ""Bob"" MAHANNA",104,34,62,8,0
Hardin,B006,City Council City OF Radcliff,,,Maria BELL,104,24,68,12,0
Hardin,B006,City Council City OF Radcliff,,,Lynnette KENNEDY,55,16,32,7,0
Hardin,B006,City Council City OF Radcliff,,,Pamela J. DeROCHE,135,43,77,15,0
Hardin,B006,City Council City OF Radcliff,,,Kim THOMPSON,98,26,59,13,0
Hardin,C001,U.S. Senate,,Republican,Anissa CATLETT,3,1,2,0,0
Hardin,C001,U.S. Senate,,Republican,A. Nick SHELLEY,0,0,0,0,0
Hardin,C001,U.S. Senate,,Republican,"Valerie ""Dr Val"" FREDRICK",1,0,1,0,0
Hardin,C001,U.S. Senate,,Republican,Michael James FARIS,5,1,4,0,0
Hardin,C001,U.S. Senate,,Republican,Nate MORRIS,2,0,2,0,0
Hardin,C001,U.S. Senate,,Republican,Other Donald WENZEL,0,0,0,0,0
Hardin,C001,U.S. Senate,,Republican,Jonathan M. HOLLIDAY,0,0,0,0,0
Hardin,C001,U.S. Senate,,Republican,George WASHINGTON,1,0,1,0,0
Hardin,C001,U.S. Senate,,Republican,Andy BARR,32,3,25,1,3
Hardin,C001,U.S. Senate,,Republican,Daniel CAMERON,68,17,45,5,1
Hardin,C001,U.S. Senate,,Republican,Jimmy I. LEON,0,0,0,0,0
Hardin,C001,U.S. Senate,,Republican,James D. DUNCAN,0,0,0,0,0
Hardin,C001,U.S. House,2,Republican,"G. ""Shay"" PERRY-ADELMANN",6,0,6,0,0
Hardin,C001,U.S. House,2,Republican,S. Brett GUTHRIE,89,20,60,5,4
Hardin,C001,U.S. House,2,Republican,Joshua M. FERGUSON,11,2,9,0,0
Hardin,C001,Ballots Cast,,,,213,,,,
Hardin,C001,State Senate,10,Republican,Matt DENEEN,93,20,65,5,3
Hardin,C001,State Senate,10,Republican,Louis GRIDER,11,1,9,1,0
Hardin,C001,Property Valuation Administrator,,,Michelle Pirtle BOWEN,31,8,20,0,3
Hardin,C001,Property Valuation Administrator,,,Dennis DAVIS,31,8,19,4,0
Hardin,C001,Property Valuation Administrator,,,Casey OVERSTREET,36,5,29,1,1
Hardin,C001,Sheriff,,,Willie ODEN,50,8,37,2,3
Hardin,C001,Sheriff,,,Brian C. SANKEY,46,12,33,0,1
Hardin,C001,U.S. Senate,,Democratic,Logan FORSYTHE,5,0,5,0,0
Hardin,C001,U.S. Senate,,Democratic,Amy McGRATH,45,14,27,1,3
Hardin,C001,U.S. Senate,,Democratic,Dale Lewis ROMANS,5,2,3,0,0
Hardin,C001,U.S. Senate,,Democratic,Joshua BLANTON SR.,4,2,2,0,0
Hardin,C001,U.S. Senate,,Democratic,Vincent Anthony THOMPSON,1,0,1,0,0
Hardin,C001,U.S. Senate,,Democratic,Charles BOOKER,36,6,27,3,0
Hardin,C001,U.S. Senate,,Democratic,Pamela STEVENSON,3,0,3,0,0
Hardin,C001,U.S. House,2,Democratic,David S. HATFIELD,15,3,12,0,0
Hardin,C001,U.S. House,2,Democratic,Megan WINGFIELD,39,13,23,3,0
Hardin,C001,U.S. House,2,Democratic,Hank LINDERMAN,26,7,16,0,3
Hardin,C001,U.S. House,2,Democratic,William Dakota COMPTON,15,1,14,0,0
Hardin,C002,U.S. Senate,,Republican,Anissa CATLETT,2,0,2,0,0
Hardin,C002,U.S. Senate,,Republican,A. Nick SHELLEY,0,0,0,0,0
Hardin,C002,U.S. Senate,,Republican,"Valerie ""Dr Val"" FREDRICK",1,0,1,0,0
Hardin,C002,U.S. Senate,,Republican,Michael James FARIS,2,0,2,0,0
Hardin,C002,U.S. Senate,,Republican,Nate MORRIS,1,0,1,0,0
Hardin,C002,U.S. Senate,,Republican,Other Donald WENZEL,0,0,0,0,0
Hardin,C002,U.S. Senate,,Republican,Jonathan M. HOLLIDAY,1,0,0,1,0
Hardin,C002,U.S. Senate,,Republican,George WASHINGTON,1,0,1,0,0
Hardin,C002,U.S. Senate,,Republican,Andy BARR,33,8,25,0,0
Hardin,C002,U.S. Senate,,Republican,Daniel CAMERON,43,11,32,0,0
Hardin,C002,U.S. Senate,,Republican,Jimmy I. LEON,0,0,0,0,0
Hardin,C002,U.S. Senate,,Republican,James D. DUNCAN,0,0,0,0,0
Hardin,C002,U.S. House,2,Republican,"G. ""Shay"" PERRY-ADELMANN",10,0,10,0,0
Hardin,C002,U.S. House,2,Republican,S. Brett GUTHRIE,63,15,47,1,0
Hardin,C002,U.S. House,2,Republican,Joshua M. FERGUSON,9,4,5,0,0
Hardin,C002,Ballots Cast,,,,186,,,,
Hardin,C002,State Senate,10,Republican,Matt DENEEN,63,15,48,0,0
Hardin,C002,State Senate,10,Republican,Louis GRIDER,17,3,13,1,0
Hardin,C002,Property Valuation Administrator,,,Michelle Pirtle BOWEN,18,4,13,1,0
Hardin,C002,Property Valuation Administrator,,,Dennis DAVIS,27,7,20,0,0
Hardin,C002,Property Valuation Administrator,,,Casey OVERSTREET,32,7,25,0,0
Hardin,C002,Sheriff,,,Willie ODEN,53,9,43,1,0
Hardin,C002,Sheriff,,,Brian C. SANKEY,25,6,19,0,0
Hardin,C002,U.S. Senate,,Democratic,Logan FORSYTHE,6,2,4,0,0
Hardin,C002,U.S. Senate,,Democratic,Amy McGRATH,27,4,20,3,0
Hardin,C002,U.S. Senate,,Democratic,Dale Lewis ROMANS,1,0,1,0,0
Hardin,C002,U.S. Senate,,Democratic,Joshua BLANTON SR.,0,0,0,0,0
Hardin,C002,U.S. Senate,,Democratic,Vincent Anthony THOMPSON,3,1,2,0,0
Hardin,C002,U.S. Senate,,Democratic,Charles BOOKER,61,8,49,4,0
Hardin,C002,U.S. Senate,,Democratic,Pamela STEVENSON,3,0,3,0,0
Hardin,C002,U.S. House,2,Democratic,David S. HATFIELD,14,1,11,2,0
Hardin,C002,U.S. House,2,Democratic,Megan WINGFIELD,47,6,40,1,0
Hardin,C002,U.S. House,2,Democratic,Hank LINDERMAN,21,4,14,3,0
Hardin,C002,U.S. House,2,Democratic,William Dakota COMPTON,17,4,12,1,0
Hardin,C003,U.S. Senate,,Republican,Anissa CATLETT,0,0,0,0,0
Hardin,C003,U.S. Senate,,Republican,A. Nick SHELLEY,1,0,1,0,0
Hardin,C003,U.S. Senate,,Republican,"Valerie ""Dr Val"" FREDRICK",1,0,1,0,0
Hardin,C003,U.S. Senate,,Republican,Michael James FARIS,23,7,16,0,0
Hardin,C003,U.S. Senate,,Republican,Nate MORRIS,5,0,4,0,1
Hardin,C003,U.S. Senate,,Republican,Other Donald WENZEL,1,0,1,0,0
Hardin,C003,U.S. Senate,,Republican,Jonathan M. HOLLIDAY,0,0,0,0,0
Hardin,C003,U.S. Senate,,Republican,George WASHINGTON,0,0,0,0,0
Hardin,C003,U.S. Senate,,Republican,Andy BARR,74,11,60,2,1
Hardin,C003,U.S. Senate,,Republican,Daniel CAMERON,90,13,68,3,6
Hardin,C003,U.S. Senate,,Republican,Jimmy I. LEON,0,0,0,0,0
Hardin,C003,U.S. Senate,,Republican,James D. DUNCAN,2,0,2,0,0
Hardin,C003,U.S. House,2,Republican,"G. ""Shay"" PERRY-ADELMANN",14,0,14,0,0
Hardin,C003,U.S. House,2,Republican,S. Brett GUTHRIE,146,19,116,4,7
Hardin,C003,U.S. House,2,Republican,Joshua M. FERGUSON,30,10,18,1,1
Hardin,C003,Ballots Cast,,,,297,,,,
Hardin,C003,State Senate,10,Republican,Matt DENEEN,142,24,109,2,7
Hardin,C003,State Senate,10,Republican,Louis GRIDER,37,4,29,3,1
Hardin,C003,Property Valuation Administrator,,,Michelle Pirtle BOWEN,56,12,36,4,4
Hardin,C003,Property Valuation Administrator,,,Dennis DAVIS,53,4,46,1,2
Hardin,C003,Property Valuation Administrator,,,Casey OVERSTREET,61,10,49,0,2
Hardin,C003,Sheriff,,,Willie ODEN,87,11,68,2,6
Hardin,C003,Sheriff,,,Brian C. SANKEY,98,18,75,3,2
Hardin,C003,U.S. Senate,,Democratic,Logan FORSYTHE,4,1,1,0,2
Hardin,C003,U.S. Senate,,Democratic,Amy McGRATH,50,14,35,1,0
Hardin,C003,U.S. Senate,,Democratic,Dale Lewis ROMANS,6,1,5,0,0
Hardin,C003,U.S. Senate,,Democratic,Joshua BLANTON SR.,0,0,0,0,0
Hardin,C003,U.S. Senate,,Democratic,Vincent Anthony THOMPSON,3,0,3,0,0
Hardin,C003,U.S. Senate,,Democratic,Charles BOOKER,34,4,28,2,0
Hardin,C003,U.S. Senate,,Democratic,Pamela STEVENSON,2,1,1,0,0
Hardin,C003,U.S. House,2,Democratic,David S. HATFIELD,22,5,17,0,0
Hardin,C003,U.S. House,2,Democratic,Megan WINGFIELD,32,7,21,2,2
Hardin,C003,U.S. House,2,Democratic,Hank LINDERMAN,21,5,16,0,0
Hardin,C003,U.S. House,2,Democratic,William Dakota COMPTON,20,4,15,1,0
Hardin,C004,U.S. Senate,,Republican,Anissa CATLETT,2,0,2,0,0
Hardin,C004,U.S. Senate,,Republican,A. Nick SHELLEY,0,0,0,0,0
Hardin,C004,U.S. Senate,,Republican,"Valerie ""Dr Val"" FREDRICK",4,0,4,0,0
Hardin,C004,U.S. Senate,,Republican,Michael James FARIS,13,0,13,0,0
Hardin,C004,U.S. Senate,,Republican,Nate MORRIS,3,0,3,0,0
Hardin,C004,U.S. Senate,,Republican,Other Donald WENZEL,0,0,0,0,0
Hardin,C004,U.S. Senate,,Republican,Jonathan M. HOLLIDAY,3,1,2,0,0
Hardin,C004,U.S. Senate,,Republican,George WASHINGTON,1,0,1,0,0
Hardin,C004,U.S. Senate,,Republican,Andy BARR,117,22,91,2,2
Hardin,C004,U.S. Senate,,Republican,Daniel CAMERON,168,23,132,4,9
Hardin,C004,U.S. Senate,,Republican,Jimmy I. LEON,0,0,0,0,0
Hardin,C004,U.S. Senate,,Republican,James D. DUNCAN,2,0,2,0,0
Hardin,C004,U.S. House,2,Republican,"G. ""Shay"" PERRY-ADELMANN",16,3,13,0,0
Hardin,C004,U.S. House,2,Republican,S. Brett GUTHRIE,265,42,208,6,9
Hardin,C004,U.S. House,2,Republican,Joshua M. FERGUSON,25,1,22,0,2
Hardin,C004,Ballots Cast,,,,485,,,,
Hardin,C004,State Senate,10,Republican,Matt DENEEN,253,37,202,5,9
Hardin,C004,State Senate,10,Republican,Louis GRIDER,42,7,33,0,2
Hardin,C004,Property Valuation Administrator,,,Michelle Pirtle BOWEN,99,14,76,2,7
Hardin,C004,Property Valuation Administrator,,,Dennis DAVIS,73,12,60,1,0
Hardin,C004,Property Valuation Administrator,,,Casey OVERSTREET,109,19,86,1,3
Hardin,C004,Sheriff,,,Willie ODEN,152,21,128,2,1
Hardin,C004,Sheriff,,,Brian C. SANKEY,138,24,102,2,10
Hardin,C004,U.S. Senate,,Democratic,Logan FORSYTHE,7,1,3,3,0
Hardin,C004,U.S. Senate,,Democratic,Amy McGRATH,87,30,51,3,3
Hardin,C004,U.S. Senate,,Democratic,Dale Lewis ROMANS,9,2,7,0,0
Hardin,C004,U.S. Senate,,Democratic,Joshua BLANTON SR.,2,0,2,0,0
Hardin,C004,U.S. Senate,,Democratic,Vincent Anthony THOMPSON,7,2,4,0,1
Hardin,C004,U.S. Senate,,Democratic,Charles BOOKER,47,6,38,2,1
Hardin,C004,U.S. Senate,,Democratic,Pamela STEVENSON,7,1,4,1,1
Hardin,C004,U.S. House,2,Democratic,David S. HATFIELD,31,7,21,1,2
Hardin,C004,U.S. House,2,Democratic,Megan WINGFIELD,58,13,43,1,1
Hardin,C004,U.S. House,2,Democratic,Hank LINDERMAN,41,16,22,3,0
Hardin,C004,U.S. House,2,Democratic,William Dakota COMPTON,27,3,17,4,3
Hardin,C005,U.S. Senate,,Republican,Anissa CATLETT,2,0,2,0,0
Hardin,C005,U.S. Senate,,Republican,A. Nick SHELLEY,1,0,1,0,0
Hardin,C005,U.S. Senate,,Republican,"Valerie ""Dr Val"" FREDRICK",0,0,0,0,0
Hardin,C005,U.S. Senate,,Republican,Michael James FARIS,12,0,11,0,1
Hardin,C005,U.S. Senate,,Republican,Nate MORRIS,3,1,2,0,0
Hardin,C005,U.S. Senate,,Republican,Other Donald WENZEL,0,0,0,0,0
Hardin,C005,U.S. Senate,,Republican,Jonathan M. HOLLIDAY,0,0,0,0,0
Hardin,C005,U.S. Senate,,Republican,George WASHINGTON,1,0,1,0,0
Hardin,C005,U.S. Senate,,Republican,Andy BARR,58,6,51,1,0
Hardin,C005,U.S. Senate,,Republican,Daniel CAMERON,64,13,47,2,2
Hardin,C005,U.S. Senate,,Republican,Jimmy I. LEON,0,0,0,0,0
Hardin,C005,U.S. Senate,,Republican,James D. DUNCAN,0,0,0,0,0
Hardin,C005,U.S. House,2,Republican,"G. ""Shay"" PERRY-ADELMANN",7,1,4,1,1
Hardin,C005,U.S. House,2,Republican,S. Brett GUTHRIE,114,17,94,2,1
Hardin,C005,U.S. House,2,Republican,Joshua M. FERGUSON,15,2,12,0,1
Hardin,C005,Ballots Cast,,,,214,,,,
Hardin,C005,State Senate,10,Republican,Matt DENEEN,109,16,89,2,2
Hardin,C005,State Senate,10,Republican,Louis GRIDER,19,1,16,1,1
Hardin,C005,Property Valuation Administrator,,,Michelle Pirtle BOWEN,35,1,32,0,2
Hardin,C005,Property Valuation Administrator,,,Dennis DAVIS,46,6,40,0,0
Hardin,C005,Property Valuation Administrator,,,Casey OVERSTREET,44,9,31,3,1
Hardin,C005,Sheriff,,,Willie ODEN,62,8,50,3,1
Hardin,C005,Sheriff,,,Brian C. SANKEY,70,11,57,0,2
Hardin,C005,U.S. Senate,,Democratic,Logan FORSYTHE,0,0,0,0,0
Hardin,C005,U.S. Senate,,Democratic,Amy McGRATH,42,5,35,2,0
Hardin,C005,U.S. Senate,,Democratic,Dale Lewis ROMANS,2,0,0,0,2
Hardin,C005,U.S. Senate,,Democratic,Joshua BLANTON SR.,0,0,0,0,0
Hardin,C005,U.S. Senate,,Democratic,Vincent Anthony THOMPSON,1,0,1,0,0
Hardin,C005,U.S. Senate,,Democratic,Charles BOOKER,23,2,20,1,0
Hardin,C005,U.S. Senate,,Democratic,Pamela STEVENSON,3,1,1,1,0
Hardin,C005,U.S. House,2,Democratic,David S. HATFIELD,12,2,8,0,2
Hardin,C005,U.S. House,2,Democratic,Megan WINGFIELD,36,3,31,2,0
Hardin,C005,U.S. House,2,Democratic,Hank LINDERMAN,13,2,10,1,0
Hardin,C005,U.S. House,2,Democratic,William Dakota COMPTON,8,1,6,1,0
Hardin,C006,U.S. Senate,,Republican,Anissa CATLETT,2,0,2,0,0
Hardin,C006,U.S. Senate,,Republican,A. Nick SHELLEY,0,0,0,0,0
Hardin,C006,U.S. Senate,,Republican,"Valerie ""Dr Val"" FREDRICK",1,0,1,0,0
Hardin,C006,U.S. Senate,,Republican,Michael James FARIS,9,0,9,0,0
Hardin,C006,U.S. Senate,,Republican,Nate MORRIS,3,0,3,0,0
Hardin,C006,U.S. Senate,,Republican,Other Donald WENZEL,1,0,1,0,0
Hardin,C006,U.S. Senate,,Republican,Jonathan M. HOLLIDAY,0,0,0,0,0
Hardin,C006,U.S. Senate,,Republican,George WASHINGTON,5,0,3,2,0
Hardin,C006,U.S. Senate,,Republican,Andy BARR,74,7,67,0,0
Hardin,C006,U.S. Senate,,Republican,Daniel CAMERON,116,12,102,1,1
Hardin,C006,U.S. Senate,,Republican,Jimmy I. LEON,0,0,0,0,0
Hardin,C006,U.S. Senate,,Republican,James D. DUNCAN,1,0,1,0,0
Hardin,C006,U.S. House,2,Republican,"G. ""Shay"" PERRY-ADELMANN",13,1,12,0,0
Hardin,C006,U.S. House,2,Republican,S. Brett GUTHRIE,181,16,161,3,1
Hardin,C006,U.S. House,2,Republican,Joshua M. FERGUSON,12,1,11,0,0
Hardin,C006,Ballots Cast,,,,354,,,,
Hardin,C006,State Senate,10,Republican,Matt DENEEN,160,16,142,1,1
Hardin,C006,State Senate,10,Republican,Louis GRIDER,38,1,35,2,0
Hardin,C006,Property Valuation Administrator,,,Michelle Pirtle BOWEN,60,3,57,0,0
Hardin,C006,Property Valuation Administrator,,,Dennis DAVIS,63,7,52,3,1
Hardin,C006,Property Valuation Administrator,,,Casey OVERSTREET,73,8,65,0,0
Hardin,C006,Sheriff,,,Willie ODEN,114,12,101,1,0
Hardin,C006,Sheriff,,,Brian C. SANKEY,82,6,73,2,1
Hardin,C006,U.S. Senate,,Democratic,Logan FORSYTHE,7,0,6,1,0
Hardin,C006,U.S. Senate,,Democratic,Amy McGRATH,62,8,50,2,2
Hardin,C006,U.S. Senate,,Democratic,Dale Lewis ROMANS,11,2,8,1,0
Hardin,C006,U.S. Senate,,Democratic,Joshua BLANTON SR.,2,0,2,0,0
Hardin,C006,U.S. Senate,,Democratic,Vincent Anthony THOMPSON,2,1,1,0,0
Hardin,C006,U.S. Senate,,Democratic,Charles BOOKER,46,4,42,0,0
Hardin,C006,U.S. Senate,,Democratic,Pamela STEVENSON,6,0,6,0,0
Hardin,C006,U.S. House,2,Democratic,David S. HATFIELD,30,5,24,1,0
Hardin,C006,U.S. House,2,Democratic,Megan WINGFIELD,54,6,44,2,2
Hardin,C006,U.S. House,2,Democratic,Hank LINDERMAN,27,2,25,0,0
Hardin,C006,U.S. House,2,Democratic,William Dakota COMPTON,18,2,15,1,0
Hardin,C007,U.S. Senate,,Republican,Anissa CATLETT,1,1,0,0,0
Hardin,C007,U.S. Senate,,Republican,A. Nick SHELLEY,0,0,0,0,0
Hardin,C007,U.S. Senate,,Republican,"Valerie ""Dr Val"" FREDRICK",0,0,0,0,0
Hardin,C007,U.S. Senate,,Republican,Michael James FARIS,9,1,6,0,2
Hardin,C007,U.S. Senate,,Republican,Nate MORRIS,0,0,0,0,0
Hardin,C007,U.S. Senate,,Republican,Other Donald WENZEL,1,0,1,0,0
Hardin,C007,U.S. Senate,,Republican,Jonathan M. HOLLIDAY,0,0,0,0,0
Hardin,C007,U.S. Senate,,Republican,George WASHINGTON,1,0,0,1,0
Hardin,C007,U.S. Senate,,Republican,Andy BARR,26,2,20,2,2
Hardin,C007,U.S. Senate,,Republican,Daniel CAMERON,28,3,25,0,0
Hardin,C007,U.S. Senate,,Republican,Jimmy I. LEON,0,0,0,0,0
Hardin,C007,U.S. Senate,,Republican,James D. DUNCAN,0,0,0,0,0
Hardin,C007,U.S. House,2,Republican,"G. ""Shay"" PERRY-ADELMANN",9,1,7,1,0
Hardin,C007,U.S. House,2,Republican,S. Brett GUTHRIE,49,4,40,1,4
Hardin,C007,U.S. House,2,Republican,Joshua M. FERGUSON,9,2,6,1,0
Hardin,C007,Ballots Cast,,,,159,,,,
Hardin,C007,State Senate,10,Republican,Matt DENEEN,52,5,40,3,4
Hardin,C007,State Senate,10,Republican,Louis GRIDER,11,2,9,0,0
Hardin,C007,Property Valuation Administrator,,,Michelle Pirtle BOWEN,20,4,11,1,4
Hardin,C007,Property Valuation Administrator,,,Dennis DAVIS,13,0,11,2,0
Hardin,C007,Property Valuation Administrator,,,Casey OVERSTREET,30,3,27,0,0
Hardin,C007,Sheriff,,,Willie ODEN,37,1,34,1,1
Hardin,C007,Sheriff,,,Brian C. SANKEY,26,6,15,2,3
Hardin,C007,U.S. Senate,,Democratic,Logan FORSYTHE,4,0,4,0,0
Hardin,C007,U.S. Senate,,Democratic,Amy McGRATH,30,2,25,2,1
Hardin,C007,U.S. Senate,,Democratic,Dale Lewis ROMANS,2,0,1,0,1
Hardin,C007,U.S. Senate,,Democratic,Joshua BLANTON SR.,1,0,1,0,0
Hardin,C007,U.S. Senate,,Democratic,Vincent Anthony THOMPSON,2,0,2,0,0
Hardin,C007,U.S. Senate,,Democratic,Charles BOOKER,46,7,37,2,0
Hardin,C007,U.S. Senate,,Democratic,Pamela STEVENSON,5,0,5,0,0
Hardin,C007,U.S. House,2,Democratic,David S. HATFIELD,8,0,7,1,0
Hardin,C007,U.S. House,2,Democratic,Megan WINGFIELD,45,5,39,1,0
Hardin,C007,U.S. House,2,Democratic,Hank LINDERMAN,18,2,16,0,0
Hardin,C007,U.S. House,2,Democratic,William Dakota COMPTON,13,2,10,1,0
Hardin,D001,U.S. Senate,,Republican,Anissa CATLETT,3,0,3,0,0
Hardin,D001,U.S. Senate,,Republican,A. Nick SHELLEY,0,0,0,0,0
Hardin,D001,U.S. Senate,,Republican,"Valerie ""Dr Val"" FREDRICK",1,0,0,0,1
Hardin,D001,U.S. Senate,,Republican,Michael James FARIS,1,1,0,0,0
Hardin,D001,U.S. Senate,,Republican,Nate MORRIS,2,0,2,0,0
Hardin,D001,U.S. Senate,,Republican,Other Donald WENZEL,0,0,0,0,0
Hardin,D001,U.S. Senate,,Republican,Jonathan M. HOLLIDAY,0,0,0,0,0
Hardin,D001,U.S. Senate,,Republican,George WASHINGTON,0,0,0,0,0
Hardin,D001,U.S. Senate,,Republican,Andy BARR,33,10,19,1,3
Hardin,D001,U.S. Senate,,Republican,Daniel CAMERON,35,12,19,2,2
Hardin,D001,U.S. Senate,,Republican,Jimmy I. LEON,0,0,0,0,0
Hardin,D001,U.S. Senate,,Republican,James D. DUNCAN,0,0,0,0,0
Hardin,D001,U.S. House,2,Republican,"G. ""Shay"" PERRY-ADELMANN",2,1,0,1,0
Hardin,D001,U.S. House,2,Republican,S. Brett GUTHRIE,63,19,37,2,5
Hardin,D001,U.S. House,2,Republican,Joshua M. FERGUSON,8,2,5,0,1
Hardin,D001,Ballots Cast,,,,161,,,,
Hardin,D001,State Senate,10,Republican,Matt DENEEN,65,19,38,2,6
Hardin,D001,State Senate,10,Republican,Louis GRIDER,10,3,6,1,0
Hardin,D001,Property Valuation Administrator,,,Michelle Pirtle BOWEN,27,4,16,2,5
Hardin,D001,Property Valuation Administrator,,,Dennis DAVIS,19,4,14,1,0
Hardin,D001,Property Valuation Administrator,,,Casey OVERSTREET,25,12,12,0,1
Hardin,D001,Sheriff,,,Willie ODEN,52,13,31,2,6
Hardin,D001,Sheriff,,,Brian C. SANKEY,16,6,10,0,0
Hardin,D001,Magistrate,,,Christy GORDON,30,9,18,0,3
Hardin,D001,Magistrate,,,Fred CLEM JR.,43,14,23,3,3
Hardin,D001,Constable,,,Brandon K. CURRY,33,10,22,0,1
Hardin,D001,Constable,,,Gerry PERKINS,31,7,17,2,5
Hardin,D001,U.S. Senate,,Democratic,Logan FORSYTHE,1,0,1,0,0
Hardin,D001,U.S. Senate,,Democratic,Amy McGRATH,34,12,16,2,4
Hardin,D001,U.S. Senate,,Democratic,Dale Lewis ROMANS,6,1,3,2,0
Hardin,D001,U.S. Senate,,Democratic,Joshua BLANTON SR.,3,1,2,0,0
Hardin,D001,U.S. Senate,,Democratic,Vincent Anthony THOMPSON,1,0,1,0,0
Hardin,D001,U.S. Senate,,Democratic,Charles BOOKER,33,7,25,1,0
Hardin,D001,U.S. Senate,,Democratic,Pamela STEVENSON,5,1,2,1,1
Hardin,D001,U.S. House,2,Democratic,David S. HATFIELD,13,1,11,0,1
Hardin,D001,U.S. House,2,Democratic,Megan WINGFIELD,45,13,26,2,4
Hardin,D001,U.S. House,2,Democratic,Hank LINDERMAN,12,4,4,4,0
Hardin,D001,U.S. House,2,Democratic,William Dakota COMPTON,11,2,9,0,0
Hardin,D002,U.S. Senate,,Republican,Anissa CATLETT,3,2,1,0,0
Hardin,D002,U.S. Senate,,Republican,A. Nick SHELLEY,0,0,0,0,0
Hardin,D002,U.S. Senate,,Republican,"Valerie ""Dr Val"" FREDRICK",4,0,4,0,0
Hardin,D002,U.S. Senate,,Republican,Michael James FARIS,2,0,2,0,0
Hardin,D002,U.S. Senate,,Republican,Nate MORRIS,3,0,1,2,0
Hardin,D002,U.S. Senate,,Republican,Other Donald WENZEL,0,0,0,0,0
Hardin,D002,U.S. Senate,,Republican,Jonathan M. HOLLIDAY,0,0,0,0,0
Hardin,D002,U.S. Senate,,Republican,George WASHINGTON,2,1,1,0,0
Hardin,D002,U.S. Senate,,Republican,Andy BARR,113,24,83,3,3
Hardin,D002,U.S. Senate,,Republican,Daniel CAMERON,134,31,89,0,14
Hardin,D002,U.S. Senate,,Republican,Jimmy I. LEON,2,0,2,0,0
Hardin,D002,U.S. Senate,,Republican,James D. DUNCAN,2,0,2,0,0
Hardin,D002,U.S. House,2,Republican,"G. ""Shay"" PERRY-ADELMANN",10,1,9,0,0
Hardin,D002,U.S. House,2,Republican,S. Brett GUTHRIE,236,55,159,5,17
Hardin,D002,U.S. House,2,Republican,Joshua M. FERGUSON,12,1,11,0,0
Hardin,D002,Ballots Cast,,,,460,,,,
Hardin,D002,State Senate,10,Republican,Matt DENEEN,225,52,153,3,17
Hardin,D002,State Senate,10,Republican,Louis GRIDER,29,7,21,1,0
Hardin,D002,Property Valuation Administrator,,,Michelle Pirtle BOWEN,87,23,58,0,6
Hardin,D002,Property Valuation Administrator,,,Dennis DAVIS,54,12,37,1,4
Hardin,D002,Property Valuation Administrator,,,Casey OVERSTREET,90,20,65,2,3
Hardin,D002,Sheriff,,,Willie ODEN,156,35,109,3,9
Hardin,D002,Sheriff,,,Brian C. SANKEY,74,15,55,0,4
Hardin,D002,Magistrate,,,Christy GORDON,89,16,71,0,2
Hardin,D002,Magistrate,,,Fred CLEM JR.,160,41,100,5,14
Hardin,D002,Constable,,,Brandon K. CURRY,93,16,66,2,9
Hardin,D002,Constable,,,Gerry PERKINS,113,28,80,1,4
Hardin,D002,U.S. Senate,,Democratic,Logan FORSYTHE,9,3,5,1,0
Hardin,D002,U.S. Senate,,Democratic,Amy McGRATH,81,22,47,3,9
Hardin,D002,U.S. Senate,,Democratic,Dale Lewis ROMANS,13,4,8,0,1
Hardin,D002,U.S. Senate,,Democratic,Joshua BLANTON SR.,6,1,5,0,0
Hardin,D002,U.S. Senate,,Democratic,Vincent Anthony THOMPSON,3,2,1,0,0
Hardin,D002,U.S. Senate,,Democratic,Charles BOOKER,69,17,45,4,3
Hardin,D002,U.S. Senate,,Democratic,Pamela STEVENSON,11,2,8,1,0
Hardin,D002,U.S. House,2,Democratic,David S. HATFIELD,29,6,20,1,2
Hardin,D002,U.S. House,2,Democratic,Megan WINGFIELD,74,16,52,3,3
Hardin,D002,U.S. House,2,Democratic,Hank LINDERMAN,50,17,26,2,5
Hardin,D002,U.S. House,2,Democratic,William Dakota COMPTON,24,6,12,3,3
Hardin,D003,U.S. Senate,,Republican,Anissa CATLETT,0,0,0,0,0
Hardin,D003,U.S. Senate,,Republican,A. Nick SHELLEY,2,0,2,0,0
Hardin,D003,U.S. Senate,,Republican,"Valerie ""Dr Val"" FREDRICK",2,0,1,1,0
Hardin,D003,U.S. Senate,,Republican,Michael James FARIS,6,1,5,0,0
Hardin,D003,U.S. Senate,,Republican,Nate MORRIS,3,2,1,0,0
Hardin,D003,U.S. Senate,,Republican,Other Donald WENZEL,0,0,0,0,0
Hardin,D003,U.S. Senate,,Republican,Jonathan M. HOLLIDAY,0,0,0,0,0
Hardin,D003,U.S. Senate,,Republican,George WASHINGTON,3,0,3,0,0
Hardin,D003,U.S. Senate,,Republican,Andy BARR,72,15,50,3,4
Hardin,D003,U.S. Senate,,Republican,Daniel CAMERON,115,24,89,2,0
Hardin,D003,U.S. Senate,,Republican,Jimmy I. LEON,1,0,1,0,0
Hardin,D003,U.S. Senate,,Republican,James D. DUNCAN,3,2,1,0,0
Hardin,D003,U.S. House,2,Republican,"G. ""Shay"" PERRY-ADELMANN",11,2,9,0,0
Hardin,D003,U.S. House,2,Republican,S. Brett GUTHRIE,165,36,121,4,4
Hardin,D003,U.S. House,2,Republican,Joshua M. FERGUSON,20,6,13,1,0
Hardin,D003,Ballots Cast,,,,366,,,,
Hardin,D003,State Senate,10,Republican,Matt DENEEN,164,39,116,5,4
Hardin,D003,State Senate,10,Republican,Louis GRIDER,28,2,25,1,0
Hardin,D003,Property Valuation Administrator,,,Michelle Pirtle BOWEN,59,10,48,1,0
Hardin,D003,Property Valuation Administrator,,,Dennis DAVIS,60,17,36,3,4
Hardin,D003,Property Valuation Administrator,,,Casey OVERSTREET,64,12,52,0,0
Hardin,D003,Sheriff,,,Willie ODEN,81,19,60,1,1
Hardin,D003,Sheriff,,,Brian C. SANKEY,109,22,79,5,3
Hardin,D003,Magistrate,,,Christy GORDON,60,9,46,1,4
Hardin,D003,Magistrate,,,Fred CLEM JR.,130,30,96,4,0
Hardin,D003,Constable,,,Brandon K. CURRY,90,16,72,1,1
Hardin,D003,Constable,,,Gerry PERKINS,73,15,52,4,2
Hardin,D003,U.S. Senate,,Democratic,Logan FORSYTHE,5,1,4,0,0
Hardin,D003,U.S. Senate,,Democratic,Amy McGRATH,61,14,45,1,1
Hardin,D003,U.S. Senate,,Democratic,Dale Lewis ROMANS,4,1,3,0,0
Hardin,D003,U.S. Senate,,Democratic,Joshua BLANTON SR.,1,0,1,0,0
Hardin,D003,U.S. Senate,,Democratic,Vincent Anthony THOMPSON,2,0,2,0,0
Hardin,D003,U.S. Senate,,Democratic,Charles BOOKER,79,19,56,4,0
Hardin,D003,U.S. Senate,,Democratic,Pamela STEVENSON,4,2,2,0,0
Hardin,D003,U.S. House,2,Democratic,David S. HATFIELD,20,6,13,0,1
Hardin,D003,U.S. House,2,Democratic,Megan WINGFIELD,65,17,45,3,0
Hardin,D003,U.S. House,2,Democratic,Hank LINDERMAN,34,7,26,1,0
Hardin,D003,U.S. House,2,Democratic,William Dakota COMPTON,28,8,19,1,0
Hardin,D004,U.S. Senate,,Republican,Anissa CATLETT,4,0,4,0,0
Hardin,D004,U.S. Senate,,Republican,A. Nick SHELLEY,3,1,2,0,0
Hardin,D004,U.S. Senate,,Republican,"Valerie ""Dr Val"" FREDRICK",3,0,3,0,0
Hardin,D004,U.S. Senate,,Republican,Michael James FARIS,9,0,8,1,0
Hardin,D004,U.S. Senate,,Republican,Nate MORRIS,11,0,10,1,0
Hardin,D004,U.S. Senate,,Republican,Other Donald WENZEL,0,0,0,0,0
Hardin,D004,U.S. Senate,,Republican,Jonathan M. HOLLIDAY,1,0,1,0,0
Hardin,D004,U.S. Senate,,Republican,George WASHINGTON,3,0,2,1,0
Hardin,D004,U.S. Senate,,Republican,Andy BARR,99,16,79,3,1
Hardin,D004,U.S. Senate,,Republican,Daniel CAMERON,111,14,91,3,3
Hardin,D004,U.S. Senate,,Republican,Jimmy I. LEON,0,0,0,0,0
Hardin,D004,U.S. Senate,,Republican,James D. DUNCAN,4,2,2,0,0
Hardin,D004,U.S. House,2,Republican,"G. ""Shay"" PERRY-ADELMANN",19,2,16,1,0
Hardin,D004,U.S. House,2,Republican,S. Brett GUTHRIE,199,27,163,5,4
Hardin,D004,U.S. House,2,Republican,Joshua M. FERGUSON,25,4,18,3,0
Hardin,D004,Ballots Cast,,,,495,,,,
Hardin,D004,State Senate,10,Republican,Matt DENEEN,196,29,156,7,4
Hardin,D004,State Senate,10,Republican,Louis GRIDER,36,3,31,2,0
Hardin,D004,Property Valuation Administrator,,,Michelle Pirtle BOWEN,69,8,55,4,2
Hardin,D004,Property Valuation Administrator,,,Dennis DAVIS,60,7,51,2,0
Hardin,D004,Property Valuation Administrator,,,Casey OVERSTREET,82,11,68,2,1
Hardin,D004,Sheriff,,,Willie ODEN,112,7,103,1,1
Hardin,D004,Sheriff,,,Brian C. SANKEY,113,24,79,7,3
Hardin,D004,Magistrate,,,Christy GORDON,89,8,76,4,1
Hardin,D004,Magistrate,,,Fred CLEM JR.,140,23,109,5,3
Hardin,D004,Constable,,,Brandon K. CURRY,112,18,88,5,1
Hardin,D004,Constable,,,Gerry PERKINS,88,10,76,2,0
Hardin,D004,U.S. Senate,,Democratic,Logan FORSYTHE,2,0,2,0,0
Hardin,D004,U.S. Senate,,Democratic,Amy McGRATH,89,14,66,7,2
Hardin,D004,U.S. Senate,,Democratic,Dale Lewis ROMANS,13,2,9,0,2
Hardin,D004,U.S. Senate,,Democratic,Joshua BLANTON SR.,4,1,3,0,0
Hardin,D004,U.S. Senate,,Democratic,Vincent Anthony THOMPSON,0,0,0,0,0
Hardin,D004,U.S. Senate,,Democratic,Charles BOOKER,123,16,101,4,2
Hardin,D004,U.S. Senate,,Democratic,Pamela STEVENSON,13,2,7,4,0
Hardin,D004,U.S. House,2,Democratic,David S. HATFIELD,26,3,23,0,0
Hardin,D004,U.S. House,2,Democratic,Megan WINGFIELD,109,15,89,5,0
Hardin,D004,U.S. House,2,Democratic,Hank LINDERMAN,57,10,42,5,0
Hardin,D004,U.S. House,2,Democratic,William Dakota COMPTON,43,6,28,4,5
Hardin,D005,U.S. Senate,,Republican,Anissa CATLETT,7,2,5,0,0
Hardin,D005,U.S. Senate,,Republican,A. Nick SHELLEY,1,0,1,0,0
Hardin,D005,U.S. Senate,,Republican,"Valerie ""Dr Val"" FREDRICK",2,0,0,2,0
Hardin,D005,U.S. Senate,,Republican,Michael James FARIS,7,3,4,0,0
Hardin,D005,U.S. Senate,,Republican,Nate MORRIS,7,1,4,1,1
Hardin,D005,U.S. Senate,,Republican,Other Donald WENZEL,1,0,1,0,0
Hardin,D005,U.S. Senate,,Republican,Jonathan M. HOLLIDAY,1,0,1,0,0
Hardin,D005,U.S. Senate,,Republican,George WASHINGTON,2,0,2,0,0
Hardin,D005,U.S. Senate,,Republican,Andy BARR,117,31,74,4,8
Hardin,D005,U.S. Senate,,Republican,Daniel CAMERON,166,47,109,4,6
Hardin,D005,U.S. Senate,,Republican,Jimmy I. LEON,2,0,2,0,0
Hardin,D005,U.S. Senate,,Republican,James D. DUNCAN,3,1,2,0,0
Hardin,D005,U.S. House,2,Republican,"G. ""Shay"" PERRY-ADELMANN",17,2,13,2,0
Hardin,D005,U.S. House,2,Republican,S. Brett GUTHRIE,262,77,163,7,15
Hardin,D005,U.S. House,2,Republican,Joshua M. FERGUSON,28,3,23,2,0
Hardin,D005,Ballots Cast,,,,559,,,,
Hardin,D005,State Senate,10,Republican,Matt DENEEN,263,77,165,7,14
Hardin,D005,State Senate,10,Republican,Louis GRIDER,30,3,22,4,1
Hardin,D005,State Representative,10,Republican,Josh CALLOWAY,218,61,142,3,12
Hardin,D005,State Representative,10,Republican,Julie CANTWELL,68,16,40,9,3
Hardin,D005,Property Valuation Administrator,,,Michelle Pirtle BOWEN,98,27,61,4,6
Hardin,D005,Property Valuation Administrator,,,Dennis DAVIS,85,29,49,1,6
Hardin,D005,Property Valuation Administrator,,,Casey OVERSTREET,93,21,63,6,3
Hardin,D005,Sheriff,,,Willie ODEN,171,43,109,9,10
Hardin,D005,Sheriff,,,Brian C. SANKEY,101,26,69,2,4
Hardin,D005,Magistrate,,,Christy GORDON,97,24,64,3,6
Hardin,D005,Magistrate,,,Fred CLEM JR.,192,57,119,8,8
Hardin,D005,Constable,,,Brandon K. CURRY,137,28,97,6,6
Hardin,D005,Constable,,,Gerry PERKINS,113,39,63,5,6
Hardin,D005,U.S. Senate,,Democratic,Logan FORSYTHE,14,1,11,1,1
Hardin,D005,U.S. Senate,,Democratic,Amy McGRATH,94,21,60,10,3
Hardin,D005,U.S. Senate,,Democratic,Dale Lewis ROMANS,6,2,3,1,0
Hardin,D005,U.S. Senate,,Democratic,Joshua BLANTON SR.,1,0,1,0,0
Hardin,D005,U.S. Senate,,Democratic,Vincent Anthony THOMPSON,2,0,2,0,0
Hardin,D005,U.S. Senate,,Democratic,Charles BOOKER,113,22,83,4,4
Hardin,D005,U.S. Senate,,Democratic,Pamela STEVENSON,12,4,4,4,0
Hardin,D005,U.S. House,2,Democratic,David S. HATFIELD,32,7,21,0,4
Hardin,D005,U.S. House,2,Democratic,Megan WINGFIELD,110,20,84,5,1
Hardin,D005,U.S. House,2,Democratic,Hank LINDERMAN,46,14,26,4,2
Hardin,D005,U.S. House,2,Democratic,William Dakota COMPTON,43,5,26,11,1
Hardin,D006,U.S. Senate,,Republican,Anissa CATLETT,0,0,0,0,0
Hardin,D006,U.S. Senate,,Republican,A. Nick SHELLEY,0,0,0,0,0
Hardin,D006,U.S. Senate,,Republican,"Valerie ""Dr Val"" FREDRICK",2,1,1,0,0
Hardin,D006,U.S. Senate,,Republican,Michael James FARIS,4,0,4,0,0
Hardin,D006,U.S. Senate,,Republican,Nate MORRIS,0,0,0,0,0
Hardin,D006,U.S. Senate,,Republican,Other Donald WENZEL,0,0,0,0,0
Hardin,D006,U.S. Senate,,Republican,Jonathan M. HOLLIDAY,0,0,0,0,0
Hardin,D006,U.S. Senate,,Republican,George WASHINGTON,0,0,0,0,0
Hardin,D006,U.S. Senate,,Republican,Andy BARR,20,4,12,0,4
Hardin,D006,U.S. Senate,,Republican,Daniel CAMERON,40,9,31,0,0
Hardin,D006,U.S. Senate,,Republican,Jimmy I. LEON,0,0,0,0,0
Hardin,D006,U.S. Senate,,Republican,James D. DUNCAN,0,0,0,0,0
Hardin,D006,U.S. House,2,Republican,"G. ""Shay"" PERRY-ADELMANN",2,0,1,0,1
Hardin,D006,U.S. House,2,Republican,S. Brett GUTHRIE,49,11,36,0,2
Hardin,D006,U.S. House,2,Republican,Joshua M. FERGUSON,14,2,11,0,1
Hardin,D006,Ballots Cast,,,,131,,,,
Hardin,D006,State Senate,10,Republican,Matt DENEEN,51,13,35,0,3
Hardin,D006,State Senate,10,Republican,Louis GRIDER,12,1,10,0,1
Hardin,D006,Property Valuation Administrator,,,Michelle Pirtle BOWEN,25,7,16,0,2
Hardin,D006,Property Valuation Administrator,,,Dennis DAVIS,17,0,17,0,0
Hardin,D006,Property Valuation Administrator,,,Casey OVERSTREET,21,5,14,0,2
Hardin,D006,Sheriff,,,Willie ODEN,34,10,23,0,1
Hardin,D006,Sheriff,,,Brian C. SANKEY,27,2,23,0,2
Hardin,D006,Magistrate,,,Christy GORDON,28,4,23,0,1
Hardin,D006,Magistrate,,,Fred CLEM JR.,34,8,23,0,3
Hardin,D006,Constable,,,Brandon K. CURRY,25,4,20,0,1
Hardin,D006,Constable,,,Gerry PERKINS,30,6,21,0,3
Hardin,D006,U.S. Senate,,Democratic,Logan FORSYTHE,0,0,0,0,0
Hardin,D006,U.S. Senate,,Democratic,Amy McGRATH,21,5,14,2,0
Hardin,D006,U.S. Senate,,Democratic,Dale Lewis ROMANS,4,1,2,1,0
Hardin,D006,U.S. Senate,,Democratic,Joshua BLANTON SR.,1,1,0,0,0
Hardin,D006,U.S. Senate,,Democratic,Vincent Anthony THOMPSON,2,0,2,0,0
Hardin,D006,U.S. Senate,,Democratic,Charles BOOKER,35,7,27,0,1
Hardin,D006,U.S. Senate,,Democratic,Pamela STEVENSON,0,0,0,0,0
Hardin,D006,U.S. House,2,Democratic,David S. HATFIELD,16,3,13,0,0
Hardin,D006,U.S. House,2,Democratic,Megan WINGFIELD,28,6,19,2,1
Hardin,D006,U.S. House,2,Democratic,Hank LINDERMAN,9,3,6,0,0
Hardin,D006,U.S. House,2,Democratic,William Dakota COMPTON,8,2,5,1,0
Hardin,D006,Mayor City OF Radcliff,,,Douglas H. GOODMAN,8,2,6,0,0
Hardin,D006,Mayor City OF Radcliff,,,Terry OWENS,10,3,7,0,0
Hardin,D006,Mayor City OF Radcliff,,,Michelle MITCHELL,7,0,7,0,0
Hardin,D006,Mayor City OF Radcliff,,,Toshie MURRELL,9,2,6,1,0
Hardin,D006,City Council City OF Radcliff,,,LaQuita Y. GASKINS,12,2,10,0,0
Hardin,D006,City Council City OF Radcliff,,,Emmanouil KONSTANTINIDIS,1,1,0,0,0
Hardin,D006,City Council City OF Radcliff,,,Mitchell McLAURIN,12,5,7,0,0
Hardin,D006,City Council City OF Radcliff,,,Jerry BROWN,11,3,8,0,0
Hardin,D006,City Council City OF Radcliff,,,Serenity JOHNSON,9,1,8,0,0
Hardin,D006,City Council City OF Radcliff,,,Aundra Lett JACKSON,12,4,8,0,0
Hardin,D006,City Council City OF Radcliff,,,Alyssa C. AGER-BOOI,5,1,4,0,0
Hardin,D006,City Council City OF Radcliff,,,Steve CRUM,10,3,7,0,0
Hardin,D006,City Council City OF Radcliff,,,Bryan L. PACKARD,7,1,6,0,0
Hardin,D006,City Council City OF Radcliff,,,"Robert ""Bob"" MAHANNA",7,1,6,0,0
Hardin,D006,City Council City OF Radcliff,,,Maria BELL,20,5,15,0,0
Hardin,D006,City Council City OF Radcliff,,,Lynnette KENNEDY,15,3,12,0,0
Hardin,D006,City Council City OF Radcliff,,,Pamela J. DeROCHE,13,2,11,0,0
Hardin,D006,City Council City OF Radcliff,,,Kim THOMPSON,15,5,10,0,0
Hardin,E001,U.S. Senate,,Republican,Anissa CATLETT,2,0,2,0,0
Hardin,E001,U.S. Senate,,Republican,A. Nick SHELLEY,0,0,0,0,0
Hardin,E001,U.S. Senate,,Republican,"Valerie ""Dr Val"" FREDRICK",0,0,0,0,0
Hardin,E001,U.S. Senate,,Republican,Michael James FARIS,4,0,4,0,0
Hardin,E001,U.S. Senate,,Republican,Nate MORRIS,0,0,0,0,0
Hardin,E001,U.S. Senate,,Republican,Other Donald WENZEL,0,0,0,0,0
Hardin,E001,U.S. Senate,,Republican,Jonathan M. HOLLIDAY,0,0,0,0,0
Hardin,E001,U.S. Senate,,Republican,George WASHINGTON,0,0,0,0,0
Hardin,E001,U.S. Senate,,Republican,Andy BARR,27,4,18,2,3
Hardin,E001,U.S. Senate,,Republican,Daniel CAMERON,36,11,23,1,1
Hardin,E001,U.S. Senate,,Republican,Jimmy I. LEON,0,0,0,0,0
Hardin,E001,U.S. Senate,,Republican,James D. DUNCAN,0,0,0,0,0
Hardin,E001,U.S. House,2,Republican,"G. ""Shay"" PERRY-ADELMANN",4,0,4,0,0
Hardin,E001,U.S. House,2,Republican,S. Brett GUTHRIE,53,13,34,3,3
Hardin,E001,U.S. House,2,Republican,Joshua M. FERGUSON,9,1,7,0,1
Hardin,E001,Ballots Cast,,,,154,,,,
Hardin,E001,State Senate,10,Republican,Matt DENEEN,63,14,44,1,4
Hardin,E001,State Senate,10,Republican,Louis GRIDER,3,0,1,2,0
Hardin,E001,Property Valuation Administrator,,,Michelle Pirtle BOWEN,30,5,20,2,3
Hardin,E001,Property Valuation Administrator,,,Dennis DAVIS,12,3,8,0,1
Hardin,E001,Property Valuation Administrator,,,Casey OVERSTREET,19,6,12,1,0
Hardin,E001,Sheriff,,,Willie ODEN,35,7,23,2,3
Hardin,E001,Sheriff,,,Brian C. SANKEY,31,8,21,1,1
Hardin,E001,Magistrate,,,Wayne M. RAY,21,3,14,2,2
Hardin,E001,Magistrate,,,Aaron PENNINGTON,45,11,31,1,2
Hardin,E001,U.S. Senate,,Democratic,Logan FORSYTHE,1,0,1,0,0
Hardin,E001,U.S. Senate,,Democratic,Amy McGRATH,26,8,17,1,0
Hardin,E001,U.S. Senate,,Democratic,Dale Lewis ROMANS,4,3,1,0,0
Hardin,E001,U.S. Senate,,Democratic,Joshua BLANTON SR.,1,1,0,0,0
Hardin,E001,U.S. Senate,,Democratic,Vincent Anthony THOMPSON,2,1,1,0,0
Hardin,E001,U.S. Senate,,Democratic,Charles BOOKER,45,7,36,0,2
Hardin,E001,U.S. Senate,,Democratic,Pamela STEVENSON,5,3,2,0,0
Hardin,E001,U.S. House,2,Democratic,David S. HATFIELD,9,3,6,0,0
Hardin,E001,U.S. House,2,Democratic,Megan WINGFIELD,41,11,28,1,1
Hardin,E001,U.S. House,2,Democratic,Hank LINDERMAN,20,7,12,0,1
Hardin,E001,U.S. House,2,Democratic,William Dakota COMPTON,9,0,9,0,0
Hardin,E002,U.S. Senate,,Republican,Anissa CATLETT,1,0,1,0,0
Hardin,E002,U.S. Senate,,Republican,A. Nick SHELLEY,0,0,0,0,0
Hardin,E002,U.S. Senate,,Republican,"Valerie ""Dr Val"" FREDRICK",1,0,1,0,0
Hardin,E002,U.S. Senate,,Republican,Michael James FARIS,4,0,4,0,0
Hardin,E002,U.S. Senate,,Republican,Nate MORRIS,5,0,4,0,1
Hardin,E002,U.S. Senate,,Republican,Other Donald WENZEL,0,0,0,0,0
Hardin,E002,U.S. Senate,,Republican,Jonathan M. HOLLIDAY,1,0,1,0,0
Hardin,E002,U.S. Senate,,Republican,George WASHINGTON,0,0,0,0,0
Hardin,E002,U.S. Senate,,Republican,Andy BARR,41,10,29,0,2
Hardin,E002,U.S. Senate,,Republican,Daniel CAMERON,28,4,21,1,2
Hardin,E002,U.S. Senate,,Republican,Jimmy I. LEON,0,0,0,0,0
Hardin,E002,U.S. Senate,,Republican,James D. DUNCAN,1,1,0,0,0
Hardin,E002,U.S. House,2,Republican,"G. ""Shay"" PERRY-ADELMANN",3,0,3,0,0
Hardin,E002,U.S. House,2,Republican,S. Brett GUTHRIE,68,14,48,1,5
Hardin,E002,U.S. House,2,Republican,Joshua M. FERGUSON,9,1,8,0,0
Hardin,E002,Ballots Cast,,,,160,,,,
Hardin,E002,State Senate,10,Republican,Matt DENEEN,67,13,48,1,5
Hardin,E002,State Senate,10,Republican,Louis GRIDER,6,1,5,0,0
Hardin,E002,Property Valuation Administrator,,,Michelle Pirtle BOWEN,23,6,14,1,2
Hardin,E002,Property Valuation Administrator,,,Dennis DAVIS,10,2,8,0,0
Hardin,E002,Property Valuation Administrator,,,Casey OVERSTREET,36,7,26,0,3
Hardin,E002,Sheriff,,,Willie ODEN,37,5,27,1,4
Hardin,E002,Sheriff,,,Brian C. SANKEY,28,7,21,0,0
Hardin,E002,Magistrate,,,Wayne M. RAY,15,2,12,0,1
Hardin,E002,Magistrate,,,Aaron PENNINGTON,63,13,45,1,4
Hardin,E002,U.S. Senate,,Democratic,Logan FORSYTHE,2,1,1,0,0
Hardin,E002,U.S. Senate,,Democratic,Amy McGRATH,32,3,28,0,1
Hardin,E002,U.S. Senate,,Democratic,Dale Lewis ROMANS,4,0,4,0,0
Hardin,E002,U.S. Senate,,Democratic,Joshua BLANTON SR.,0,0,0,0,0
Hardin,E002,U.S. Senate,,Democratic,Vincent Anthony THOMPSON,4,0,3,1,0
Hardin,E002,U.S. Senate,,Democratic,Charles BOOKER,31,9,21,0,1
Hardin,E002,U.S. Senate,,Democratic,Pamela STEVENSON,4,0,3,1,0
Hardin,E002,U.S. House,2,Democratic,David S. HATFIELD,14,1,11,1,1
Hardin,E002,U.S. House,2,Democratic,Megan WINGFIELD,32,4,26,1,1
Hardin,E002,U.S. House,2,Democratic,Hank LINDERMAN,16,2,14,0,0
Hardin,E002,U.S. House,2,Democratic,William Dakota COMPTON,9,4,5,0,0
Hardin,E003,U.S. Senate,,Republican,Anissa CATLETT,4,2,2,0,0
Hardin,E003,U.S. Senate,,Republican,A. Nick SHELLEY,1,0,1,0,0
Hardin,E003,U.S. Senate,,Republican,"Valerie ""Dr Val"" FREDRICK",0,0,0,0,0
Hardin,E003,U.S. Senate,,Republican,Michael James FARIS,4,0,4,0,0
Hardin,E003,U.S. Senate,,Republican,Nate MORRIS,2,0,2,0,0
Hardin,E003,U.S. Senate,,Republican,Other Donald WENZEL,1,0,1,0,0
Hardin,E003,U.S. Senate,,Republican,Jonathan M. HOLLIDAY,1,0,0,1,0
Hardin,E003,U.S. Senate,,Republican,George WASHINGTON,2,0,1,1,0
Hardin,E003,U.S. Senate,,Republican,Andy BARR,58,12,38,4,4
Hardin,E003,U.S. Senate,,Republican,Daniel CAMERON,114,24,84,3,3
Hardin,E003,U.S. Senate,,Republican,Jimmy I. LEON,0,0,0,0,0
Hardin,E003,U.S. Senate,,Republican,James D. DUNCAN,1,0,1,0,0
Hardin,E003,U.S. House,2,Republican,"G. ""Shay"" PERRY-ADELMANN",10,0,8,2,0
Hardin,E003,U.S. House,2,Republican,S. Brett GUTHRIE,154,33,108,6,7
Hardin,E003,U.S. House,2,Republican,Joshua M. FERGUSON,16,4,11,1,0
Hardin,E003,Ballots Cast,,,,328,,,,
Hardin,E003,State Senate,10,Republican,Matt DENEEN,159,33,115,6,5
Hardin,E003,State Senate,10,Republican,Louis GRIDER,18,4,11,2,1
Hardin,E003,Property Valuation Administrator,,,Michelle Pirtle BOWEN,57,10,36,6,5
Hardin,E003,Property Valuation Administrator,,,Dennis DAVIS,52,10,41,0,1
Hardin,E003,Property Valuation Administrator,,,Casey OVERSTREET,63,16,46,1,0
Hardin,E003,Sheriff,,,Willie ODEN,116,19,89,4,4
Hardin,E003,Sheriff,,,Brian C. SANKEY,55,16,32,4,3
Hardin,E003,Magistrate,,,Wayne M. RAY,60,14,40,3,3
Hardin,E003,Magistrate,,,Aaron PENNINGTON,118,20,88,6,4
Hardin,E003,U.S. Senate,,Democratic,Logan FORSYTHE,3,0,2,1,0
Hardin,E003,U.S. Senate,,Democratic,Amy McGRATH,46,12,28,5,1
Hardin,E003,U.S. Senate,,Democratic,Dale Lewis ROMANS,9,3,5,1,0
Hardin,E003,U.S. Senate,,Democratic,Joshua BLANTON SR.,1,0,1,0,0
Hardin,E003,U.S. Senate,,Democratic,Vincent Anthony THOMPSON,2,0,2,0,0
Hardin,E003,U.S. Senate,,Democratic,Charles BOOKER,63,12,46,2,3
Hardin,E003,U.S. Senate,,Democratic,Pamela STEVENSON,16,4,12,0,0
Hardin,E003,U.S. House,2,Democratic,David S. HATFIELD,15,4,10,0,1
Hardin,E003,U.S. House,2,Democratic,Megan WINGFIELD,57,10,41,4,2
Hardin,E003,U.S. House,2,Democratic,Hank LINDERMAN,34,7,24,2,1
Hardin,E003,U.S. House,2,Democratic,William Dakota COMPTON,28,8,17,3,0
Hardin,E004,U.S. Senate,,Republican,Anissa CATLETT,3,0,3,0,0
Hardin,E004,U.S. Senate,,Republican,A. Nick SHELLEY,0,0,0,0,0
Hardin,E004,U.S. Senate,,Republican,"Valerie ""Dr Val"" FREDRICK",0,0,0,0,0
Hardin,E004,U.S. Senate,,Republican,Michael James FARIS,5,0,5,0,0
Hardin,E004,U.S. Senate,,Republican,Nate MORRIS,1,0,1,0,0
Hardin,E004,U.S. Senate,,Republican,Other Donald WENZEL,0,0,0,0,0
Hardin,E004,U.S. Senate,,Republican,Jonathan M. HOLLIDAY,0,0,0,0,0
Hardin,E004,U.S. Senate,,Republican,George WASHINGTON,0,0,0,0,0
Hardin,E004,U.S. Senate,,Republican,Andy BARR,23,5,15,1,2
Hardin,E004,U.S. Senate,,Republican,Daniel CAMERON,34,4,29,1,0
Hardin,E004,U.S. Senate,,Republican,Jimmy I. LEON,0,0,0,0,0
Hardin,E004,U.S. Senate,,Republican,James D. DUNCAN,0,0,0,0,0
Hardin,E004,U.S. House,2,Republican,"G. ""Shay"" PERRY-ADELMANN",3,1,2,0,0
Hardin,E004,U.S. House,2,Republican,S. Brett GUTHRIE,49,7,38,2,2
Hardin,E004,U.S. House,2,Republican,Joshua M. FERGUSON,14,1,13,0,0
Hardin,E004,Ballots Cast,,,,114,,,,
Hardin,E004,State Senate,10,Republican,Matt DENEEN,55,9,42,2,2
Hardin,E004,State Senate,10,Republican,Louis GRIDER,8,0,8,0,0
Hardin,E004,Property Valuation Administrator,,,Michelle Pirtle BOWEN,19,0,18,1,0
Hardin,E004,Property Valuation Administrator,,,Dennis DAVIS,9,0,9,0,0
Hardin,E004,Property Valuation Administrator,,,Casey OVERSTREET,32,7,22,1,2
Hardin,E004,Sheriff,,,Willie ODEN,39,2,37,0,0
Hardin,E004,Sheriff,,,Brian C. SANKEY,23,4,16,1,2
Hardin,E004,Magistrate,,,Wayne M. RAY,17,2,14,1,0
Hardin,E004,Magistrate,,,Aaron PENNINGTON,43,5,35,1,2
Hardin,E004,U.S. Senate,,Democratic,Logan FORSYTHE,2,1,1,0,0
Hardin,E004,U.S. Senate,,Democratic,Amy McGRATH,19,5,12,1,1
Hardin,E004,U.S. Senate,,Democratic,Dale Lewis ROMANS,1,0,1,0,0
Hardin,E004,U.S. Senate,,Democratic,Joshua BLANTON SR.,2,0,2,0,0
Hardin,E004,U.S. Senate,,Democratic,Vincent Anthony THOMPSON,0,0,0,0,0
Hardin,E004,U.S. Senate,,Democratic,Charles BOOKER,23,5,16,2,0
Hardin,E004,U.S. Senate,,Democratic,Pamela STEVENSON,0,0,0,0,0
Hardin,E004,U.S. House,2,Democratic,David S. HATFIELD,5,1,4,0,0
Hardin,E004,U.S. House,2,Democratic,Megan WINGFIELD,23,7,16,0,0
Hardin,E004,U.S. House,2,Democratic,Hank LINDERMAN,14,2,9,3,0
Hardin,E004,U.S. House,2,Democratic,William Dakota COMPTON,5,1,3,0,1
Hardin,E005,U.S. Senate,,Republican,Anissa CATLETT,4,0,4,0,0
Hardin,E005,U.S. Senate,,Republican,A. Nick SHELLEY,0,0,0,0,0
Hardin,E005,U.S. Senate,,Republican,"Valerie ""Dr Val"" FREDRICK",2,0,2,0,0
Hardin,E005,U.S. Senate,,Republican,Michael James FARIS,3,0,3,0,0
Hardin,E005,U.S. Senate,,Republican,Nate MORRIS,5,2,1,1,1
Hardin,E005,U.S. Senate,,Republican,Other Donald WENZEL,0,0,0,0,0
Hardin,E005,U.S. Senate,,Republican,Jonathan M. HOLLIDAY,7,0,6,0,1
Hardin,E005,U.S. Senate,,Republican,George WASHINGTON,0,0,0,0,0
Hardin,E005,U.S. Senate,,Republican,Andy BARR,44,14,26,4,0
Hardin,E005,U.S. Senate,,Republican,Daniel CAMERON,71,9,56,1,5
Hardin,E005,U.S. Senate,,Republican,Jimmy I. LEON,1,1,0,0,0
Hardin,E005,U.S. Senate,,Republican,James D. DUNCAN,0,0,0,0,0
Hardin,E005,U.S. House,2,Republican,"G. ""Shay"" PERRY-ADELMANN",5,0,5,0,0
Hardin,E005,U.S. House,2,Republican,S. Brett GUTHRIE,126,24,88,7,7
Hardin,E005,U.S. House,2,Republican,Joshua M. FERGUSON,5,1,4,0,0
Hardin,E005,Ballots Cast,,,,245,,,,
Hardin,E005,State Senate,10,Republican,Matt DENEEN,111,17,81,6,7
Hardin,E005,State Senate,10,Republican,Louis GRIDER,17,7,9,1,0
Hardin,E005,Property Valuation Administrator,,,Michelle Pirtle BOWEN,44,8,28,6,2
Hardin,E005,Property Valuation Administrator,,,Dennis DAVIS,30,6,23,0,1
Hardin,E005,Property Valuation Administrator,,,Casey OVERSTREET,46,10,31,1,4
Hardin,E005,Sheriff,,,Willie ODEN,76,15,56,3,2
Hardin,E005,Sheriff,,,Brian C. SANKEY,39,9,24,2,4
Hardin,E005,Magistrate,,,Wayne M. RAY,57,13,40,3,1
Hardin,E005,Magistrate,,,Aaron PENNINGTON,69,10,49,4,6
Hardin,E005,U.S. Senate,,Democratic,Logan FORSYTHE,5,4,1,0,0
Hardin,E005,U.S. Senate,,Democratic,Amy McGRATH,44,10,28,6,0
Hardin,E005,U.S. Senate,,Democratic,Dale Lewis ROMANS,4,1,2,0,1
Hardin,E005,U.S. Senate,,Democratic,Joshua BLANTON SR.,2,0,2,0,0
Hardin,E005,U.S. Senate,,Democratic,Vincent Anthony THOMPSON,2,1,1,0,0
Hardin,E005,U.S. Senate,,Democratic,Charles BOOKER,43,9,32,1,1
Hardin,E005,U.S. Senate,,Democratic,Pamela STEVENSON,5,1,2,0,2
Hardin,E005,U.S. House,2,Democratic,David S. HATFIELD,15,4,8,2,1
Hardin,E005,U.S. House,2,Democratic,Megan WINGFIELD,42,11,29,1,1
Hardin,E005,U.S. House,2,Democratic,Hank LINDERMAN,21,3,16,2,0
Hardin,E005,U.S. House,2,Democratic,William Dakota COMPTON,23,6,13,2,2
Hardin,E006,U.S. Senate,,Republican,Anissa CATLETT,2,0,2,0,0
Hardin,E006,U.S. Senate,,Republican,A. Nick SHELLEY,1,0,1,0,0
Hardin,E006,U.S. Senate,,Republican,"Valerie ""Dr Val"" FREDRICK",1,0,1,0,0
Hardin,E006,U.S. Senate,,Republican,Michael James FARIS,7,0,6,1,0
Hardin,E006,U.S. Senate,,Republican,Nate MORRIS,3,0,3,0,0
Hardin,E006,U.S. Senate,,Republican,Other Donald WENZEL,0,0,0,0,0
Hardin,E006,U.S. Senate,,Republican,Jonathan M. HOLLIDAY,2,0,2,0,0
Hardin,E006,U.S. Senate,,Republican,George WASHINGTON,1,0,1,0,0
Hardin,E006,U.S. Senate,,Republican,Andy BARR,31,6,23,0,2
Hardin,E006,U.S. Senate,,Republican,Daniel CAMERON,40,5,34,0,1
Hardin,E006,U.S. Senate,,Republican,Jimmy I. LEON,0,0,0,0,0
Hardin,E006,U.S. Senate,,Republican,James D. DUNCAN,1,1,0,0,0
Hardin,E006,U.S. House,2,Republican,"G. ""Shay"" PERRY-ADELMANN",5,1,2,1,1
Hardin,E006,U.S. House,2,Republican,S. Brett GUTHRIE,72,9,62,0,1
Hardin,E006,U.S. House,2,Republican,Joshua M. FERGUSON,8,1,7,0,0
Hardin,E006,Ballots Cast,,,,152,,,,
Hardin,E006,State Senate,10,Republican,Matt DENEEN,63,12,48,1,2
Hardin,E006,State Senate,10,Republican,Louis GRIDER,19,1,18,0,0
Hardin,E006,Property Valuation Administrator,,,Michelle Pirtle BOWEN,28,4,23,1,0
Hardin,E006,Property Valuation Administrator,,,Dennis DAVIS,15,3,12,0,0
Hardin,E006,Property Valuation Administrator,,,Casey OVERSTREET,36,5,30,0,1
Hardin,E006,Sheriff,,,Willie ODEN,41,7,31,1,2
Hardin,E006,Sheriff,,,Brian C. SANKEY,40,4,36,0,0
Hardin,E006,Magistrate,,,Wayne M. RAY,27,3,23,0,1
Hardin,E006,Magistrate,,,Aaron PENNINGTON,56,9,45,1,1
Hardin,E006,U.S. Senate,,Democratic,Logan FORSYTHE,2,0,2,0,0
Hardin,E006,U.S. Senate,,Democratic,Amy McGRATH,24,9,14,1,0
Hardin,E006,U.S. Senate,,Democratic,Dale Lewis ROMANS,1,0,1,0,0
Hardin,E006,U.S. Senate,,Democratic,Joshua BLANTON SR.,1,0,1,0,0
Hardin,E006,U.S. Senate,,Democratic,Vincent Anthony THOMPSON,1,0,1,0,0
Hardin,E006,U.S. Senate,,Democratic,Charles BOOKER,29,2,27,0,0
Hardin,E006,U.S. Senate,,Democratic,Pamela STEVENSON,3,0,3,0,0
Hardin,E006,U.S. House,2,Democratic,David S. HATFIELD,7,3,4,0,0
Hardin,E006,U.S. House,2,Democratic,Megan WINGFIELD,29,3,25,1,0
Hardin,E006,U.S. House,2,Democratic,Hank LINDERMAN,12,5,7,0,0
Hardin,E006,U.S. House,2,Democratic,William Dakota COMPTON,10,0,10,0,0
Hardin,E007,U.S. Senate,,Republican,Anissa CATLETT,0,0,0,0,0
Hardin,E007,U.S. Senate,,Republican,A. Nick SHELLEY,0,0,0,0,0
Hardin,E007,U.S. Senate,,Republican,"Valerie ""Dr Val"" FREDRICK",1,0,1,0,0
Hardin,E007,U.S. Senate,,Republican,Michael James FARIS,4,0,4,0,0
Hardin,E007,U.S. Senate,,Republican,Nate MORRIS,3,1,2,0,0
Hardin,E007,U.S. Senate,,Republican,Other Donald WENZEL,0,0,0,0,0
Hardin,E007,U.S. Senate,,Republican,Jonathan M. HOLLIDAY,0,0,0,0,0
Hardin,E007,U.S. Senate,,Republican,George WASHINGTON,1,0,1,0,0
Hardin,E007,U.S. Senate,,Republican,Andy BARR,38,5,29,0,4
Hardin,E007,U.S. Senate,,Republican,Daniel CAMERON,47,4,42,0,1
Hardin,E007,U.S. Senate,,Republican,Jimmy I. LEON,0,0,0,0,0
Hardin,E007,U.S. Senate,,Republican,James D. DUNCAN,2,0,2,0,0
Hardin,E007,U.S. House,2,Republican,"G. ""Shay"" PERRY-ADELMANN",8,1,7,0,0
Hardin,E007,U.S. House,2,Republican,S. Brett GUTHRIE,73,8,60,0,5
Hardin,E007,U.S. House,2,Republican,Joshua M. FERGUSON,10,0,10,0,0
Hardin,E007,Ballots Cast,,,,235,,,,
Hardin,E007,State Senate,10,Republican,Matt DENEEN,76,9,64,0,3
Hardin,E007,State Senate,10,Republican,Louis GRIDER,15,1,13,0,1
Hardin,E007,Property Valuation Administrator,,,Michelle Pirtle BOWEN,26,2,22,0,2
Hardin,E007,Property Valuation Administrator,,,Dennis DAVIS,26,3,21,0,2
Hardin,E007,Property Valuation Administrator,,,Casey OVERSTREET,33,4,29,0,0
Hardin,E007,Sheriff,,,Willie ODEN,68,8,56,0,4
Hardin,E007,Sheriff,,,Brian C. SANKEY,20,2,17,0,1
Hardin,E007,Magistrate,,,Wayne M. RAY,24,4,20,0,0
Hardin,E007,Magistrate,,,Aaron PENNINGTON,66,6,56,0,4
Hardin,E007,U.S. Senate,,Democratic,Logan FORSYTHE,3,0,3,0,0
Hardin,E007,U.S. Senate,,Democratic,Amy McGRATH,41,2,35,4,0
Hardin,E007,U.S. Senate,,Democratic,Dale Lewis ROMANS,0,0,0,0,0
Hardin,E007,U.S. Senate,,Democratic,Joshua BLANTON SR.,2,0,2,0,0
Hardin,E007,U.S. Senate,,Democratic,Vincent Anthony THOMPSON,0,0,0,0,0
Hardin,E007,U.S. Senate,,Democratic,Charles BOOKER,80,5,65,8,2
Hardin,E007,U.S. Senate,,Democratic,Pamela STEVENSON,12,0,8,3,1
Hardin,E007,U.S. House,2,Democratic,David S. HATFIELD,20,1,19,0,0
Hardin,E007,U.S. House,2,Democratic,Megan WINGFIELD,74,4,60,9,1
Hardin,E007,U.S. House,2,Democratic,Hank LINDERMAN,17,2,13,0,2
Hardin,E007,U.S. House,2,Democratic,William Dakota COMPTON,21,0,15,6,0
Hardin,F001,U.S. Senate,,Republican,Anissa CATLETT,2,0,1,1,0
Hardin,F001,U.S. Senate,,Republican,A. Nick SHELLEY,0,0,0,0,0
Hardin,F001,U.S. Senate,,Republican,"Valerie ""Dr Val"" FREDRICK",0,0,0,0,0
Hardin,F001,U.S. Senate,,Republican,Michael James FARIS,10,1,9,0,0
Hardin,F001,U.S. Senate,,Republican,Nate MORRIS,14,1,13,0,0
Hardin,F001,U.S. Senate,,Republican,Other Donald WENZEL,0,0,0,0,0
Hardin,F001,U.S. Senate,,Republican,Jonathan M. HOLLIDAY,0,0,0,0,0
Hardin,F001,U.S. Senate,,Republican,George WASHINGTON,1,0,1,0,0
Hardin,F001,U.S. Senate,,Republican,Andy BARR,72,14,58,0,0
Hardin,F001,U.S. Senate,,Republican,Daniel CAMERON,102,18,82,2,0
Hardin,F001,U.S. Senate,,Republican,Jimmy I. LEON,2,0,2,0,0
Hardin,F001,U.S. Senate,,Republican,James D. DUNCAN,2,1,1,0,0
Hardin,F001,U.S. House,2,Republican,"G. ""Shay"" PERRY-ADELMANN",8,2,6,0,0
Hardin,F001,U.S. House,2,Republican,S. Brett GUTHRIE,172,28,142,2,0
Hardin,F001,U.S. House,2,Republican,Joshua M. FERGUSON,18,3,14,1,0
Hardin,F001,Ballots Cast,,,,336,,,,
Hardin,F001,State Senate,10,Republican,Matt DENEEN,162,27,132,3,0
Hardin,F001,State Senate,10,Republican,Louis GRIDER,34,4,30,0,0
Hardin,F001,Property Valuation Administrator,,,Michelle Pirtle BOWEN,57,3,52,2,0
Hardin,F001,Property Valuation Administrator,,,Dennis DAVIS,47,11,36,0,0
Hardin,F001,Property Valuation Administrator,,,Casey OVERSTREET,74,12,62,0,0
Hardin,F001,Sheriff,,,Willie ODEN,101,15,84,2,0
Hardin,F001,Sheriff,,,Brian C. SANKEY,84,15,68,1,0
Hardin,F001,Magistrate,,,Nicholas Lee SIMPSON,48,4,44,0,0
Hardin,F001,Magistrate,,,William Jason BUCKLES,80,13,65,2,0
Hardin,F001,Magistrate,,,T. Stacy REYNOLDS,55,12,43,0,0
Hardin,F001,U.S. Senate,,Democratic,Logan FORSYTHE,6,0,4,1,1
Hardin,F001,U.S. Senate,,Democratic,Amy McGRATH,53,18,34,0,1
Hardin,F001,U.S. Senate,,Democratic,Dale Lewis ROMANS,10,3,7,0,0
Hardin,F001,U.S. Senate,,Democratic,Joshua BLANTON SR.,1,0,1,0,0
Hardin,F001,U.S. Senate,,Democratic,Vincent Anthony THOMPSON,5,0,4,0,1
Hardin,F001,U.S. Senate,,Democratic,Charles BOOKER,44,6,35,3,0
Hardin,F001,U.S. Senate,,Democratic,Pamela STEVENSON,11,4,7,0,0
Hardin,F001,U.S. House,2,Democratic,David S. HATFIELD,25,3,21,0,1
Hardin,F001,U.S. House,2,Democratic,Megan WINGFIELD,47,13,32,2,0
Hardin,F001,U.S. House,2,Democratic,Hank LINDERMAN,29,9,17,1,2
Hardin,F001,U.S. House,2,Democratic,William Dakota COMPTON,24,4,19,1,0
Hardin,F002,U.S. Senate,,Republican,Anissa CATLETT,1,0,1,0,0
Hardin,F002,U.S. Senate,,Republican,A. Nick SHELLEY,0,0,0,0,0
Hardin,F002,U.S. Senate,,Republican,"Valerie ""Dr Val"" FREDRICK",1,0,1,0,0
Hardin,F002,U.S. Senate,,Republican,Michael James FARIS,22,2,19,1,0
Hardin,F002,U.S. Senate,,Republican,Nate MORRIS,3,0,3,0,0
Hardin,F002,U.S. Senate,,Republican,Other Donald WENZEL,1,0,1,0,0
Hardin,F002,U.S. Senate,,Republican,Jonathan M. HOLLIDAY,2,1,1,0,0
Hardin,F002,U.S. Senate,,Republican,George WASHINGTON,1,0,0,1,0
Hardin,F002,U.S. Senate,,Republican,Andy BARR,94,12,80,1,1
Hardin,F002,U.S. Senate,,Republican,Daniel CAMERON,107,17,86,2,2
Hardin,F002,U.S. Senate,,Republican,Jimmy I. LEON,0,0,0,0,0
Hardin,F002,U.S. Senate,,Republican,James D. DUNCAN,1,0,1,0,0
Hardin,F002,U.S. House,2,Republican,"G. ""Shay"" PERRY-ADELMANN",5,0,5,0,0
Hardin,F002,U.S. House,2,Republican,S. Brett GUTHRIE,196,30,158,5,3
Hardin,F002,U.S. House,2,Republican,Joshua M. FERGUSON,27,2,25,0,0
Hardin,F002,Ballots Cast,,,,324,,,,
Hardin,F002,State Senate,10,Republican,Matt DENEEN,179,23,150,4,2
Hardin,F002,State Senate,10,Republican,Louis GRIDER,40,5,34,0,1
Hardin,F002,Property Valuation Administrator,,,Michelle Pirtle BOWEN,46,5,39,0,2
Hardin,F002,Property Valuation Administrator,,,Dennis DAVIS,60,8,52,0,0
Hardin,F002,Property Valuation Administrator,,,Casey OVERSTREET,112,16,91,4,1
Hardin,F002,Sheriff,,,Willie ODEN,119,14,99,3,3
Hardin,F002,Sheriff,,,Brian C. SANKEY,97,14,82,1,0
Hardin,F002,Magistrate,,,Nicholas Lee SIMPSON,96,15,79,1,1
Hardin,F002,Magistrate,,,William Jason BUCKLES,54,3,49,1,1
Hardin,F002,Magistrate,,,T. Stacy REYNOLDS,75,12,60,2,1
Hardin,F002,U.S. Senate,,Democratic,Logan FORSYTHE,7,1,6,0,0
Hardin,F002,U.S. Senate,,Democratic,Amy McGRATH,30,6,22,2,0
Hardin,F002,U.S. Senate,,Democratic,Dale Lewis ROMANS,4,2,0,0,2
Hardin,F002,U.S. Senate,,Democratic,Joshua BLANTON SR.,3,0,2,1,0
Hardin,F002,U.S. Senate,,Democratic,Vincent Anthony THOMPSON,1,0,1,0,0
Hardin,F002,U.S. Senate,,Democratic,Charles BOOKER,38,4,32,2,0
Hardin,F002,U.S. Senate,,Democratic,Pamela STEVENSON,3,1,1,0,1
Hardin,F002,U.S. House,2,Democratic,David S. HATFIELD,20,2,15,3,0
Hardin,F002,U.S. House,2,Democratic,Megan WINGFIELD,30,3,24,2,1
Hardin,F002,U.S. House,2,Democratic,Hank LINDERMAN,22,6,14,0,2
Hardin,F002,U.S. House,2,Democratic,William Dakota COMPTON,9,2,7,0,0
Hardin,F003,U.S. Senate,,Republican,Anissa CATLETT,3,0,3,0,0
Hardin,F003,U.S. Senate,,Republican,A. Nick SHELLEY,1,1,0,0,0
Hardin,F003,U.S. Senate,,Republican,"Valerie ""Dr Val"" FREDRICK",2,0,2,0,0
Hardin,F003,U.S. Senate,,Republican,Michael James FARIS,14,4,10,0,0
Hardin,F003,U.S. Senate,,Republican,Nate MORRIS,9,1,8,0,0
Hardin,F003,U.S. Senate,,Republican,Other Donald WENZEL,0,0,0,0,0
Hardin,F003,U.S. Senate,,Republican,Jonathan M. HOLLIDAY,5,1,4,0,0
Hardin,F003,U.S. Senate,,Republican,George WASHINGTON,3,0,3,0,0
Hardin,F003,U.S. Senate,,Republican,Andy BARR,113,23,80,7,3
Hardin,F003,U.S. Senate,,Republican,Daniel CAMERON,140,19,111,4,6
Hardin,F003,U.S. Senate,,Republican,Jimmy I. LEON,0,0,0,0,0
Hardin,F003,U.S. Senate,,Republican,James D. DUNCAN,4,0,3,0,1
Hardin,F003,U.S. House,2,Republican,"G. ""Shay"" PERRY-ADELMANN",19,4,15,0,0
Hardin,F003,U.S. House,2,Republican,S. Brett GUTHRIE,238,43,175,11,9
Hardin,F003,U.S. House,2,Republican,Joshua M. FERGUSON,30,3,26,0,1
Hardin,F003,Ballots Cast,,,,471,,,,
Hardin,F003,State Senate,10,Republican,Matt DENEEN,240,43,177,10,10
Hardin,F003,State Senate,10,Republican,Louis GRIDER,39,4,34,1,0
Hardin,F003,Property Valuation Administrator,,,Michelle Pirtle BOWEN,51,11,37,1,2
Hardin,F003,Property Valuation Administrator,,,Dennis DAVIS,70,12,52,4,2
Hardin,F003,Property Valuation Administrator,,,Casey OVERSTREET,151,21,120,4,6
Hardin,F003,Sheriff,,,Willie ODEN,172,28,132,6,6
Hardin,F003,Sheriff,,,Brian C. SANKEY,95,15,74,3,3
Hardin,F003,Magistrate,,,Nicholas Lee SIMPSON,95,18,70,3,4
Hardin,F003,Magistrate,,,William Jason BUCKLES,84,11,72,0,1
Hardin,F003,Magistrate,,,T. Stacy REYNOLDS,96,17,68,6,5
Hardin,F003,U.S. Senate,,Democratic,Logan FORSYTHE,10,0,9,0,1
Hardin,F003,U.S. Senate,,Democratic,Amy McGRATH,57,16,38,2,1
Hardin,F003,U.S. Senate,,Democratic,Dale Lewis ROMANS,13,3,8,2,0
Hardin,F003,U.S. Senate,,Democratic,Joshua BLANTON SR.,6,2,4,0,0
Hardin,F003,U.S. Senate,,Democratic,Vincent Anthony THOMPSON,5,0,5,0,0
Hardin,F003,U.S. Senate,,Democratic,Charles BOOKER,73,20,53,0,0
Hardin,F003,U.S. Senate,,Democratic,Pamela STEVENSON,11,1,10,0,0
Hardin,F003,U.S. House,2,Democratic,David S. HATFIELD,28,3,24,0,1
Hardin,F003,U.S. House,2,Democratic,Megan WINGFIELD,68,15,51,1,1
Hardin,F003,U.S. House,2,Democratic,Hank LINDERMAN,42,14,26,2,0
Hardin,F003,U.S. House,2,Democratic,William Dakota COMPTON,23,6,16,1,0
Hardin,F004,U.S. Senate,,Republican,Anissa CATLETT,0,0,0,0,0
Hardin,F004,U.S. Senate,,Republican,A. Nick SHELLEY,0,0,0,0,0
Hardin,F004,U.S. Senate,,Republican,"Valerie ""Dr Val"" FREDRICK",0,0,0,0,0
Hardin,F004,U.S. Senate,,Republican,Michael James FARIS,12,0,12,0,0
Hardin,F004,U.S. Senate,,Republican,Nate MORRIS,4,0,4,0,0
Hardin,F004,U.S. Senate,,Republican,Other Donald WENZEL,0,0,0,0,0
Hardin,F004,U.S. Senate,,Republican,Jonathan M. HOLLIDAY,4,0,4,0,0
Hardin,F004,U.S. Senate,,Republican,George WASHINGTON,1,0,0,0,1
Hardin,F004,U.S. Senate,,Republican,Andy BARR,104,10,92,0,2
Hardin,F004,U.S. Senate,,Republican,Daniel CAMERON,190,17,165,2,6
Hardin,F004,U.S. Senate,,Republican,Jimmy I. LEON,0,0,0,0,0
Hardin,F004,U.S. Senate,,Republican,James D. DUNCAN,4,0,4,0,0
Hardin,F004,U.S. House,2,Republican,"G. ""Shay"" PERRY-ADELMANN",14,0,14,0,0
Hardin,F004,U.S. House,2,Republican,S. Brett GUTHRIE,266,25,233,2,6
Hardin,F004,U.S. House,2,Republican,Joshua M. FERGUSON,25,2,21,0,2
Hardin,F004,Ballots Cast,,,,481,,,,
Hardin,F004,State Senate,10,Republican,Matt DENEEN,254,24,222,2,6
Hardin,F004,State Senate,10,Republican,Louis GRIDER,42,3,39,0,0
Hardin,F004,Property Valuation Administrator,,,Michelle Pirtle BOWEN,91,4,84,0,3
Hardin,F004,Property Valuation Administrator,,,Dennis DAVIS,54,4,48,1,1
Hardin,F004,Property Valuation Administrator,,,Casey OVERSTREET,141,14,124,1,2
Hardin,F004,Sheriff,,,Willie ODEN,183,13,163,1,6
Hardin,F004,Sheriff,,,Brian C. SANKEY,106,11,93,0,2
Hardin,F004,Magistrate,,,Nicholas Lee SIMPSON,45,2,43,0,0
Hardin,F004,Magistrate,,,William Jason BUCKLES,153,15,135,1,2
Hardin,F004,Magistrate,,,T. Stacy REYNOLDS,103,8,90,1,4
Hardin,F004,U.S. Senate,,Democratic,Logan FORSYTHE,0,0,0,0,0
Hardin,F004,U.S. Senate,,Democratic,Amy McGRATH,64,3,58,0,3
Hardin,F004,U.S. Senate,,Democratic,Dale Lewis ROMANS,10,1,9,0,0
Hardin,F004,U.S. Senate,,Democratic,Joshua BLANTON SR.,4,2,2,0,0
Hardin,F004,U.S. Senate,,Democratic,Vincent Anthony THOMPSON,4,0,4,0,0
Hardin,F004,U.S. Senate,,Democratic,Charles BOOKER,69,12,53,2,2
Hardin,F004,U.S. Senate,,Democratic,Pamela STEVENSON,10,2,8,0,0
Hardin,F004,U.S. House,2,Democratic,David S. HATFIELD,30,2,26,0,2
Hardin,F004,U.S. House,2,Democratic,Megan WINGFIELD,59,7,50,0,2
Hardin,F004,U.S. House,2,Democratic,Hank LINDERMAN,38,5,32,0,1
Hardin,F004,U.S. House,2,Democratic,William Dakota COMPTON,28,4,22,2,0
Hardin,F005,U.S. Senate,,Republican,Anissa CATLETT,2,1,1,0,0
Hardin,F005,U.S. Senate,,Republican,A. Nick SHELLEY,0,0,0,0,0
Hardin,F005,U.S. Senate,,Republican,"Valerie ""Dr Val"" FREDRICK",0,0,0,0,0
Hardin,F005,U.S. Senate,,Republican,Michael James FARIS,17,3,12,0,2
Hardin,F005,U.S. Senate,,Republican,Nate MORRIS,4,0,4,0,0
Hardin,F005,U.S. Senate,,Republican,Other Donald WENZEL,0,0,0,0,0
Hardin,F005,U.S. Senate,,Republican,Jonathan M. HOLLIDAY,1,0,1,0,0
Hardin,F005,U.S. Senate,,Republican,George WASHINGTON,1,0,1,0,0
Hardin,F005,U.S. Senate,,Republican,Andy BARR,85,13,71,0,1
Hardin,F005,U.S. Senate,,Republican,Daniel CAMERON,156,25,123,2,6
Hardin,F005,U.S. Senate,,Republican,Jimmy I. LEON,0,0,0,0,0
Hardin,F005,U.S. Senate,,Republican,James D. DUNCAN,1,1,0,0,0
Hardin,F005,U.S. House,2,Republican,"G. ""Shay"" PERRY-ADELMANN",13,3,10,0,0
Hardin,F005,U.S. House,2,Republican,S. Brett GUTHRIE,218,32,177,1,8
Hardin,F005,U.S. House,2,Republican,Joshua M. FERGUSON,29,5,22,1,1
Hardin,F005,Ballots Cast,,,,344,,,,
Hardin,F005,State Senate,10,Republican,Matt DENEEN,200,36,156,1,7
Hardin,F005,State Senate,10,Republican,Louis GRIDER,43,5,37,1,0
Hardin,F005,Property Valuation Administrator,,,Michelle Pirtle BOWEN,61,17,43,0,1
Hardin,F005,Property Valuation Administrator,,,Dennis DAVIS,66,6,59,0,1
Hardin,F005,Property Valuation Administrator,,,Casey OVERSTREET,106,18,81,2,5
Hardin,F005,Sheriff,,,Willie ODEN,141,20,113,2,6
Hardin,F005,Sheriff,,,Brian C. SANKEY,96,19,75,0,2
Hardin,F005,Magistrate,,,Nicholas Lee SIMPSON,56,11,40,1,4
Hardin,F005,Magistrate,,,William Jason BUCKLES,89,9,78,1,1
Hardin,F005,Magistrate,,,T. Stacy REYNOLDS,96,22,71,0,3
Hardin,F005,U.S. Senate,,Democratic,Logan FORSYTHE,4,0,4,0,0
Hardin,F005,U.S. Senate,,Democratic,Amy McGRATH,37,8,25,3,1
Hardin,F005,U.S. Senate,,Democratic,Dale Lewis ROMANS,3,1,2,0,0
Hardin,F005,U.S. Senate,,Democratic,Joshua BLANTON SR.,1,1,0,0,0
Hardin,F005,U.S. Senate,,Democratic,Vincent Anthony THOMPSON,3,1,2,0,0
Hardin,F005,U.S. Senate,,Democratic,Charles BOOKER,24,2,22,0,0
Hardin,F005,U.S. Senate,,Democratic,Pamela STEVENSON,3,0,3,0,0
Hardin,F005,U.S. House,2,Democratic,David S. HATFIELD,19,5,14,0,0
Hardin,F005,U.S. House,2,Democratic,Megan WINGFIELD,23,4,18,0,1
Hardin,F005,U.S. House,2,Democratic,Hank LINDERMAN,16,1,13,2,0
Hardin,F005,U.S. House,2,Democratic,William Dakota COMPTON,11,2,9,0,0
Hardin,F006,U.S. Senate,,Republican,Anissa CATLETT,4,0,4,0,0
Hardin,F006,U.S. Senate,,Republican,A. Nick SHELLEY,1,0,1,0,0
Hardin,F006,U.S. Senate,,Republican,"Valerie ""Dr Val"" FREDRICK",1,0,1,0,0
Hardin,F006,U.S. Senate,,Republican,Michael James FARIS,31,1,28,1,1
Hardin,F006,U.S. Senate,,Republican,Nate MORRIS,10,1,9,0,0
Hardin,F006,U.S. Senate,,Republican,Other Donald WENZEL,1,0,1,0,0
Hardin,F006,U.S. Senate,,Republican,Jonathan M. HOLLIDAY,0,0,0,0,0
Hardin,F006,U.S. Senate,,Republican,George WASHINGTON,2,0,2,0,0
Hardin,F006,U.S. Senate,,Republican,Andy BARR,66,0,66,0,0
Hardin,F006,U.S. Senate,,Republican,Daniel CAMERON,85,6,76,1,2
Hardin,F006,U.S. Senate,,Republican,Jimmy I. LEON,0,0,0,0,0
Hardin,F006,U.S. Senate,,Republican,James D. DUNCAN,0,0,0,0,0
Hardin,F006,U.S. House,2,Republican,"G. ""Shay"" PERRY-ADELMANN",9,0,8,0,1
Hardin,F006,U.S. House,2,Republican,S. Brett GUTHRIE,153,8,142,1,2
Hardin,F006,U.S. House,2,Republican,Joshua M. FERGUSON,32,0,31,1,0
Hardin,F006,Ballots Cast,,,,311,,,,
Hardin,F006,State Senate,10,Republican,Matt DENEEN,148,7,136,2,3
Hardin,F006,State Senate,10,Republican,Louis GRIDER,29,0,29,0,0
Hardin,F006,Property Valuation Administrator,,,Michelle Pirtle BOWEN,42,3,38,0,1
Hardin,F006,Property Valuation Administrator,,,Dennis DAVIS,33,2,30,1,0
Hardin,F006,Property Valuation Administrator,,,Casey OVERSTREET,118,2,113,1,2
Hardin,F006,Sheriff,,,Willie ODEN,94,5,86,1,2
Hardin,F006,Sheriff,,,Brian C. SANKEY,91,3,86,1,1
Hardin,F006,Magistrate,,,Nicholas Lee SIMPSON,42,2,38,0,2
Hardin,F006,Magistrate,,,William Jason BUCKLES,93,2,89,1,1
Hardin,F006,Magistrate,,,T. Stacy REYNOLDS,54,3,50,1,0
Hardin,F006,U.S. Senate,,Democratic,Logan FORSYTHE,4,1,2,0,1
Hardin,F006,U.S. Senate,,Democratic,Amy McGRATH,46,4,40,1,1
Hardin,F006,U.S. Senate,,Democratic,Dale Lewis ROMANS,1,0,1,0,0
Hardin,F006,U.S. Senate,,Democratic,Joshua BLANTON SR.,2,0,2,0,0
Hardin,F006,U.S. Senate,,Democratic,Vincent Anthony THOMPSON,7,0,7,0,0
Hardin,F006,U.S. Senate,,Democratic,Charles BOOKER,44,3,38,1,2
Hardin,F006,U.S. Senate,,Democratic,Pamela STEVENSON,2,1,1,0,0
Hardin,F006,U.S. House,2,Democratic,David S. HATFIELD,24,0,23,0,1
Hardin,F006,U.S. House,2,Democratic,Megan WINGFIELD,28,0,28,0,0
Hardin,F006,U.S. House,2,Democratic,Hank LINDERMAN,31,7,21,2,1
Hardin,F006,U.S. House,2,Democratic,William Dakota COMPTON,14,1,13,0,0
Hardin,F007,U.S. Senate,,Republican,Anissa CATLETT,0,0,0,0,0
Hardin,F007,U.S. Senate,,Republican,A. Nick SHELLEY,1,0,1,0,0
Hardin,F007,U.S. Senate,,Republican,"Valerie ""Dr Val"" FREDRICK",1,0,1,0,0
Hardin,F007,U.S. Senate,,Republican,Michael James FARIS,14,2,12,0,0
Hardin,F007,U.S. Senate,,Republican,Nate MORRIS,3,0,3,0,0
Hardin,F007,U.S. Senate,,Republican,Other Donald WENZEL,0,0,0,0,0
Hardin,F007,U.S. Senate,,Republican,Jonathan M. HOLLIDAY,0,0,0,0,0
Hardin,F007,U.S. Senate,,Republican,George WASHINGTON,1,0,1,0,0
Hardin,F007,U.S. Senate,,Republican,Andy BARR,32,0,32,0,0
Hardin,F007,U.S. Senate,,Republican,Daniel CAMERON,49,4,45,0,0
Hardin,F007,U.S. Senate,,Republican,Jimmy I. LEON,0,0,0,0,0
Hardin,F007,U.S. Senate,,Republican,James D. DUNCAN,3,0,3,0,0
Hardin,F007,U.S. House,2,Republican,"G. ""Shay"" PERRY-ADELMANN",9,0,9,0,0
Hardin,F007,U.S. House,2,Republican,S. Brett GUTHRIE,75,6,69,0,0
Hardin,F007,U.S. House,2,Republican,Joshua M. FERGUSON,18,0,18,0,0
Hardin,F007,Ballots Cast,,,,168,,,,
Hardin,F007,State Senate,10,Republican,Matt DENEEN,74,6,68,0,0
Hardin,F007,State Senate,10,Republican,Louis GRIDER,22,0,22,0,0
Hardin,F007,Property Valuation Administrator,,,Michelle Pirtle BOWEN,23,3,20,0,0
Hardin,F007,Property Valuation Administrator,,,Dennis DAVIS,19,0,19,0,0
Hardin,F007,Property Valuation Administrator,,,Casey OVERSTREET,59,3,56,0,0
Hardin,F007,Sheriff,,,Willie ODEN,55,2,53,0,0
Hardin,F007,Sheriff,,,Brian C. SANKEY,37,3,34,0,0
Hardin,F007,Magistrate,,,Nicholas Lee SIMPSON,26,1,25,0,0
Hardin,F007,Magistrate,,,William Jason BUCKLES,66,2,64,0,0
Hardin,F007,Magistrate,,,T. Stacy REYNOLDS,12,3,9,0,0
Hardin,F007,U.S. Senate,,Democratic,Logan FORSYTHE,4,0,4,0,0
Hardin,F007,U.S. Senate,,Democratic,Amy McGRATH,25,1,23,1,0
Hardin,F007,U.S. Senate,,Democratic,Dale Lewis ROMANS,6,0,5,1,0
Hardin,F007,U.S. Senate,,Democratic,Joshua BLANTON SR.,2,0,2,0,0
Hardin,F007,U.S. Senate,,Democratic,Vincent Anthony THOMPSON,8,1,6,0,1
Hardin,F007,U.S. Senate,,Democratic,Charles BOOKER,13,3,10,0,0
Hardin,F007,U.S. Senate,,Democratic,Pamela STEVENSON,2,0,2,0,0
Hardin,F007,U.S. House,2,Democratic,David S. HATFIELD,10,1,9,0,0
Hardin,F007,U.S. House,2,Democratic,Megan WINGFIELD,13,1,11,0,1
Hardin,F007,U.S. House,2,Democratic,Hank LINDERMAN,16,0,14,2,0
Hardin,F007,U.S. House,2,Democratic,William Dakota COMPTON,18,3,15,0,0
Hardin,G001,U.S. Senate,,Republican,Anissa CATLETT,2,0,2,0,0
Hardin,G001,U.S. Senate,,Republican,A. Nick SHELLEY,0,0,0,0,0
Hardin,G001,U.S. Senate,,Republican,"Valerie ""Dr Val"" FREDRICK",0,0,0,0,0
Hardin,G001,U.S. Senate,,Republican,Michael James FARIS,9,0,9,0,0
Hardin,G001,U.S. Senate,,Republican,Nate MORRIS,3,0,2,0,1
Hardin,G001,U.S. Senate,,Republican,Other Donald WENZEL,0,0,0,0,0
Hardin,G001,U.S. Senate,,Republican,Jonathan M. HOLLIDAY,2,0,2,0,0
Hardin,G001,U.S. Senate,,Republican,George WASHINGTON,0,0,0,0,0
Hardin,G001,U.S. Senate,,Republican,Andy BARR,33,2,30,0,1
Hardin,G001,U.S. Senate,,Republican,Daniel CAMERON,53,0,53,0,0
Hardin,G001,U.S. Senate,,Republican,Jimmy I. LEON,0,0,0,0,0
Hardin,G001,U.S. Senate,,Republican,James D. DUNCAN,0,0,0,0,0
Hardin,G001,U.S. House,2,Republican,"G. ""Shay"" PERRY-ADELMANN",3,0,3,0,0
Hardin,G001,U.S. House,2,Republican,S. Brett GUTHRIE,72,2,69,0,1
Hardin,G001,U.S. House,2,Republican,Joshua M. FERGUSON,17,0,16,0,1
Hardin,G001,Ballots Cast,,,,145,,,,
Hardin,G001,State Senate,10,Republican,Matt DENEEN,76,2,72,0,2
Hardin,G001,State Senate,10,Republican,Louis GRIDER,13,0,13,0,0
Hardin,G001,Property Valuation Administrator,,,Michelle Pirtle BOWEN,32,2,29,0,1
Hardin,G001,Property Valuation Administrator,,,Dennis DAVIS,34,0,34,0,0
Hardin,G001,Property Valuation Administrator,,,Casey OVERSTREET,26,0,25,0,1
Hardin,G001,Sheriff,,,Willie ODEN,54,1,52,0,1
Hardin,G001,Sheriff,,,Brian C. SANKEY,38,0,37,0,1
Hardin,G001,Magistrate,,,Larry Allen HICKS,55,2,51,0,2
Hardin,G001,Magistrate,,,Zach HUMPHREY,29,0,29,0,0
Hardin,G001,Magistrate,,,Robin L. GEARY,7,0,7,0,0
Hardin,G001,U.S. Senate,,Democratic,Logan FORSYTHE,5,0,4,1,0
Hardin,G001,U.S. Senate,,Democratic,Amy McGRATH,19,3,15,1,0
Hardin,G001,U.S. Senate,,Democratic,Dale Lewis ROMANS,3,0,3,0,0
Hardin,G001,U.S. Senate,,Democratic,Joshua BLANTON SR.,0,0,0,0,0
Hardin,G001,U.S. Senate,,Democratic,Vincent Anthony THOMPSON,2,0,2,0,0
Hardin,G001,U.S. Senate,,Democratic,Charles BOOKER,10,0,10,0,0
Hardin,G001,U.S. Senate,,Democratic,Pamela STEVENSON,3,0,3,0,0
Hardin,G001,U.S. House,2,Democratic,David S. HATFIELD,13,1,11,1,0
Hardin,G001,U.S. House,2,Democratic,Megan WINGFIELD,11,1,9,1,0
Hardin,G001,U.S. House,2,Democratic,Hank LINDERMAN,10,1,9,0,0
Hardin,G001,U.S. House,2,Democratic,William Dakota COMPTON,8,0,8,0,0
Hardin,G002,U.S. Senate,,Republican,Anissa CATLETT,5,0,5,0,0
Hardin,G002,U.S. Senate,,Republican,A. Nick SHELLEY,0,0,0,0,0
Hardin,G002,U.S. Senate,,Republican,"Valerie ""Dr Val"" FREDRICK",1,0,1,0,0
Hardin,G002,U.S. Senate,,Republican,Michael James FARIS,13,1,12,0,0
Hardin,G002,U.S. Senate,,Republican,Nate MORRIS,5,0,5,0,0
Hardin,G002,U.S. Senate,,Republican,Other Donald WENZEL,0,0,0,0,0
Hardin,G002,U.S. Senate,,Republican,Jonathan M. HOLLIDAY,0,0,0,0,0
Hardin,G002,U.S. Senate,,Republican,George WASHINGTON,1,0,1,0,0
Hardin,G002,U.S. Senate,,Republican,Andy BARR,58,3,54,1,0
Hardin,G002,U.S. Senate,,Republican,Daniel CAMERON,73,9,63,1,0
Hardin,G002,U.S. Senate,,Republican,Jimmy I. LEON,0,0,0,0,0
Hardin,G002,U.S. Senate,,Republican,James D. DUNCAN,1,0,1,0,0
Hardin,G002,U.S. House,2,Republican,"G. ""Shay"" PERRY-ADELMANN",8,0,8,0,0
Hardin,G002,U.S. House,2,Republican,S. Brett GUTHRIE,135,13,121,1,0
Hardin,G002,U.S. House,2,Republican,Joshua M. FERGUSON,11,0,10,1,0
Hardin,G002,Ballots Cast,,,,213,,,,
Hardin,G002,State Senate,10,Republican,Matt DENEEN,119,12,106,1,0
Hardin,G002,State Senate,10,Republican,Louis GRIDER,22,1,20,1,0
Hardin,G002,Property Valuation Administrator,,,Michelle Pirtle BOWEN,54,5,49,0,0
Hardin,G002,Property Valuation Administrator,,,Dennis DAVIS,43,5,37,1,0
Hardin,G002,Property Valuation Administrator,,,Casey OVERSTREET,49,3,45,1,0
Hardin,G002,Sheriff,,,Willie ODEN,82,5,75,2,0
Hardin,G002,Sheriff,,,Brian C. SANKEY,54,7,47,0,0
Hardin,G002,Magistrate,,,Larry Allen HICKS,95,8,87,0,0
Hardin,G002,Magistrate,,,Zach HUMPHREY,51,5,44,2,0
Hardin,G002,Magistrate,,,Robin L. GEARY,7,0,7,0,0
Hardin,G002,U.S. Senate,,Democratic,Logan FORSYTHE,3,0,3,0,0
Hardin,G002,U.S. Senate,,Democratic,Amy McGRATH,21,0,21,0,0
Hardin,G002,U.S. Senate,,Democratic,Dale Lewis ROMANS,1,0,1,0,0
Hardin,G002,U.S. Senate,,Democratic,Joshua BLANTON SR.,4,0,4,0,0
Hardin,G002,U.S. Senate,,Democratic,Vincent Anthony THOMPSON,1,0,1,0,0
Hardin,G002,U.S. Senate,,Democratic,Charles BOOKER,21,3,18,0,0
Hardin,G002,U.S. Senate,,Democratic,Pamela STEVENSON,1,0,1,0,0
Hardin,G002,U.S. House,2,Democratic,David S. HATFIELD,12,0,12,0,0
Hardin,G002,U.S. House,2,Democratic,Megan WINGFIELD,19,0,19,0,0
Hardin,G002,U.S. House,2,Democratic,Hank LINDERMAN,10,0,10,0,0
Hardin,G002,U.S. House,2,Democratic,William Dakota COMPTON,10,3,7,0,0
Hardin,G003,U.S. Senate,,Republican,Anissa CATLETT,2,0,2,0,0
Hardin,G003,U.S. Senate,,Republican,A. Nick SHELLEY,0,0,0,0,0
Hardin,G003,U.S. Senate,,Republican,"Valerie ""Dr Val"" FREDRICK",1,0,1,0,0
Hardin,G003,U.S. Senate,,Republican,Michael James FARIS,17,0,17,0,0
Hardin,G003,U.S. Senate,,Republican,Nate MORRIS,7,0,6,0,1
Hardin,G003,U.S. Senate,,Republican,Other Donald WENZEL,0,0,0,0,0
Hardin,G003,U.S. Senate,,Republican,Jonathan M. HOLLIDAY,3,1,2,0,0
Hardin,G003,U.S. Senate,,Republican,George WASHINGTON,0,0,0,0,0
Hardin,G003,U.S. Senate,,Republican,Andy BARR,62,4,55,1,2
Hardin,G003,U.S. Senate,,Republican,Daniel CAMERON,70,3,66,1,0
Hardin,G003,U.S. Senate,,Republican,Jimmy I. LEON,2,0,2,0,0
Hardin,G003,U.S. Senate,,Republican,James D. DUNCAN,0,0,0,0,0
Hardin,G003,U.S. House,2,Republican,"G. ""Shay"" PERRY-ADELMANN",8,0,8,0,0
Hardin,G003,U.S. House,2,Republican,S. Brett GUTHRIE,132,7,121,1,3
Hardin,G003,U.S. House,2,Republican,Joshua M. FERGUSON,16,1,15,0,0
Hardin,G003,Ballots Cast,,,,212,,,,
Hardin,G003,State Senate,10,Republican,Matt DENEEN,117,6,107,1,3
Hardin,G003,State Senate,10,Republican,Louis GRIDER,32,2,30,0,0
Hardin,G003,Property Valuation Administrator,,,Michelle Pirtle BOWEN,70,3,66,1,0
Hardin,G003,Property Valuation Administrator,,,Dennis DAVIS,38,0,35,0,3
Hardin,G003,Property Valuation Administrator,,,Casey OVERSTREET,39,5,34,0,0
Hardin,G003,Sheriff,,,Willie ODEN,98,3,90,2,3
Hardin,G003,Sheriff,,,Brian C. SANKEY,51,3,48,0,0
Hardin,G003,Magistrate,,,Larry Allen HICKS,103,5,94,1,3
Hardin,G003,Magistrate,,,Zach HUMPHREY,45,2,43,0,0
Hardin,G003,Magistrate,,,Robin L. GEARY,12,1,11,0,0
Hardin,G003,U.S. Senate,,Democratic,Logan FORSYTHE,2,0,2,0,0
Hardin,G003,U.S. Senate,,Democratic,Amy McGRATH,26,3,22,1,0
Hardin,G003,U.S. Senate,,Democratic,Dale Lewis ROMANS,2,0,2,0,0
Hardin,G003,U.S. Senate,,Democratic,Joshua BLANTON SR.,2,0,2,0,0
Hardin,G003,U.S. Senate,,Democratic,Vincent Anthony THOMPSON,2,0,2,0,0
Hardin,G003,U.S. Senate,,Democratic,Charles BOOKER,5,1,4,0,0
Hardin,G003,U.S. Senate,,Democratic,Pamela STEVENSON,7,0,7,0,0
Hardin,G003,U.S. House,2,Democratic,David S. HATFIELD,11,0,11,0,0
Hardin,G003,U.S. House,2,Democratic,Megan WINGFIELD,13,1,11,1,0
Hardin,G003,U.S. House,2,Democratic,Hank LINDERMAN,15,3,12,0,0
Hardin,G003,U.S. House,2,Democratic,William Dakota COMPTON,6,0,6,0,0
Hardin,G004,U.S. Senate,,Republican,Anissa CATLETT,1,0,1,0,0
Hardin,G004,U.S. Senate,,Republican,A. Nick SHELLEY,0,0,0,0,0
Hardin,G004,U.S. Senate,,Republican,"Valerie ""Dr Val"" FREDRICK",1,0,1,0,0
Hardin,G004,U.S. Senate,,Republican,Michael James FARIS,5,1,4,0,0
Hardin,G004,U.S. Senate,,Republican,Nate MORRIS,2,0,2,0,0
Hardin,G004,U.S. Senate,,Republican,Other Donald WENZEL,0,0,0,0,0
Hardin,G004,U.S. Senate,,Republican,Jonathan M. HOLLIDAY,0,0,0,0,0
Hardin,G004,U.S. Senate,,Republican,George WASHINGTON,0,0,0,0,0
Hardin,G004,U.S. Senate,,Republican,Andy BARR,47,0,47,0,0
Hardin,G004,U.S. Senate,,Republican,Daniel CAMERON,61,6,53,1,1
Hardin,G004,U.S. Senate,,Republican,Jimmy I. LEON,0,0,0,0,0
Hardin,G004,U.S. Senate,,Republican,James D. DUNCAN,1,0,1,0,0
Hardin,G004,U.S. House,2,Republican,"G. ""Shay"" PERRY-ADELMANN",2,1,1,0,0
Hardin,G004,U.S. House,2,Republican,S. Brett GUTHRIE,108,5,101,1,1
Hardin,G004,U.S. House,2,Republican,Joshua M. FERGUSON,5,1,4,0,0
Hardin,G004,Ballots Cast,,,,170,,,,
Hardin,G004,State Senate,10,Republican,Matt DENEEN,87,4,81,1,1
Hardin,G004,State Senate,10,Republican,Louis GRIDER,22,3,19,0,0
Hardin,G004,Property Valuation Administrator,,,Michelle Pirtle BOWEN,53,2,50,0,1
Hardin,G004,Property Valuation Administrator,,,Dennis DAVIS,22,2,20,0,0
Hardin,G004,Property Valuation Administrator,,,Casey OVERSTREET,38,3,35,0,0
Hardin,G004,Sheriff,,,Willie ODEN,71,2,68,1,0
Hardin,G004,Sheriff,,,Brian C. SANKEY,37,5,31,0,1
Hardin,G004,Magistrate,,,Larry Allen HICKS,56,0,56,0,0
Hardin,G004,Magistrate,,,Zach HUMPHREY,48,4,44,0,0
Hardin,G004,Magistrate,,,Robin L. GEARY,6,3,2,0,1
Hardin,G004,U.S. Senate,,Democratic,Logan FORSYTHE,1,0,1,0,0
Hardin,G004,U.S. Senate,,Democratic,Amy McGRATH,17,3,14,0,0
Hardin,G004,U.S. Senate,,Democratic,Dale Lewis ROMANS,5,0,5,0,0
Hardin,G004,U.S. Senate,,Democratic,Joshua BLANTON SR.,3,0,3,0,0
Hardin,G004,U.S. Senate,,Democratic,Vincent Anthony THOMPSON,6,0,6,0,0
Hardin,G004,U.S. Senate,,Democratic,Charles BOOKER,17,1,14,0,2
Hardin,G004,U.S. Senate,,Democratic,Pamela STEVENSON,2,0,2,0,0
Hardin,G004,U.S. House,2,Democratic,David S. HATFIELD,19,0,17,0,2
Hardin,G004,U.S. House,2,Democratic,Megan WINGFIELD,7,0,7,0,0
Hardin,G004,U.S. House,2,Democratic,Hank LINDERMAN,12,2,10,0,0
Hardin,G004,U.S. House,2,Democratic,William Dakota COMPTON,11,2,9,0,0
Hardin,G005,U.S. Senate,,Republican,Anissa CATLETT,4,1,2,0,1
Hardin,G005,U.S. Senate,,Republican,A. Nick SHELLEY,0,0,0,0,0
Hardin,G005,U.S. Senate,,Republican,"Valerie ""Dr Val"" FREDRICK",1,0,1,0,0
Hardin,G005,U.S. Senate,,Republican,Michael James FARIS,5,1,4,0,0
Hardin,G005,U.S. Senate,,Republican,Nate MORRIS,4,0,4,0,0
Hardin,G005,U.S. Senate,,Republican,Other Donald WENZEL,0,0,0,0,0
Hardin,G005,U.S. Senate,,Republican,Jonathan M. HOLLIDAY,0,0,0,0,0
Hardin,G005,U.S. Senate,,Republican,George WASHINGTON,2,0,2,0,0
Hardin,G005,U.S. Senate,,Republican,Andy BARR,61,20,41,0,0
Hardin,G005,U.S. Senate,,Republican,Daniel CAMERON,56,16,40,0,0
Hardin,G005,U.S. Senate,,Republican,Jimmy I. LEON,1,0,0,0,1
Hardin,G005,U.S. Senate,,Republican,James D. DUNCAN,2,0,2,0,0
Hardin,G005,U.S. House,2,Republican,"G. ""Shay"" PERRY-ADELMANN",9,5,2,0,2
Hardin,G005,U.S. House,2,Republican,S. Brett GUTHRIE,116,31,85,0,0
Hardin,G005,U.S. House,2,Republican,Joshua M. FERGUSON,8,2,6,0,0
Hardin,G005,Ballots Cast,,,,219,,,,
Hardin,G005,State Senate,10,Republican,Matt DENEEN,102,28,73,0,1
Hardin,G005,State Senate,10,Republican,Louis GRIDER,27,7,19,0,1
Hardin,G005,State Representative,10,Republican,Josh CALLOWAY,92,24,68,0,0
Hardin,G005,State Representative,10,Republican,Julie CANTWELL,35,13,20,0,2
Hardin,G005,Property Valuation Administrator,,,Michelle Pirtle BOWEN,40,12,28,0,0
Hardin,G005,Property Valuation Administrator,,,Dennis DAVIS,38,12,26,0,0
Hardin,G005,Property Valuation Administrator,,,Casey OVERSTREET,45,10,33,0,2
Hardin,G005,Sheriff,,,Willie ODEN,82,24,56,0,2
Hardin,G005,Sheriff,,,Brian C. SANKEY,44,8,36,0,0
Hardin,G005,Magistrate,,,Larry Allen HICKS,49,10,39,0,0
Hardin,G005,Magistrate,,,Zach HUMPHREY,34,10,23,0,1
Hardin,G005,Magistrate,,,Robin L. GEARY,35,11,23,0,1
Hardin,G005,U.S. Senate,,Democratic,Logan FORSYTHE,5,3,2,0,0
Hardin,G005,U.S. Senate,,Democratic,Amy McGRATH,30,15,11,4,0
Hardin,G005,U.S. Senate,,Democratic,Dale Lewis ROMANS,4,1,1,2,0
Hardin,G005,U.S. Senate,,Democratic,Joshua BLANTON SR.,2,0,2,0,0
Hardin,G005,U.S. Senate,,Democratic,Vincent Anthony THOMPSON,8,0,7,0,1
Hardin,G005,U.S. Senate,,Democratic,Charles BOOKER,25,4,21,0,0
Hardin,G005,U.S. Senate,,Democratic,Pamela STEVENSON,9,3,5,0,1
Hardin,G005,U.S. House,2,Democratic,David S. HATFIELD,12,4,8,0,0
Hardin,G005,U.S. House,2,Democratic,Megan WINGFIELD,41,10,27,4,0
Hardin,G005,U.S. House,2,Democratic,Hank LINDERMAN,18,9,6,2,1
Hardin,G005,U.S. House,2,Democratic,William Dakota COMPTON,10,3,6,0,1
Hardin,G006,U.S. Senate,,Republican,Anissa CATLETT,2,0,2,0,0
Hardin,G006,U.S. Senate,,Republican,A. Nick SHELLEY,1,0,1,0,0
Hardin,G006,U.S. Senate,,Republican,"Valerie ""Dr Val"" FREDRICK",3,0,3,0,0
Hardin,G006,U.S. Senate,,Republican,Michael James FARIS,21,1,20,0,0
Hardin,G006,U.S. Senate,,Republican,Nate MORRIS,3,0,3,0,0
Hardin,G006,U.S. Senate,,Republican,Other Donald WENZEL,0,0,0,0,0
Hardin,G006,U.S. Senate,,Republican,Jonathan M. HOLLIDAY,0,0,0,0,0
Hardin,G006,U.S. Senate,,Republican,George WASHINGTON,4,1,3,0,0
Hardin,G006,U.S. Senate,,Republican,Andy BARR,86,21,65,0,0
Hardin,G006,U.S. Senate,,Republican,Daniel CAMERON,172,25,135,6,6
Hardin,G006,U.S. Senate,,Republican,Jimmy I. LEON,0,0,0,0,0
Hardin,G006,U.S. Senate,,Republican,James D. DUNCAN,3,0,3,0,0
Hardin,G006,U.S. House,2,Republican,"G. ""Shay"" PERRY-ADELMANN",12,1,11,0,0
Hardin,G006,U.S. House,2,Republican,S. Brett GUTHRIE,256,44,200,6,6
Hardin,G006,U.S. House,2,Republican,Joshua M. FERGUSON,21,1,20,0,0
Hardin,G006,Ballots Cast,,,,455,,,,
Hardin,G006,State Senate,10,Republican,Matt DENEEN,244,38,196,4,6
Hardin,G006,State Senate,10,Republican,Louis GRIDER,37,6,30,1,0
Hardin,G006,State Representative,10,Republican,Josh CALLOWAY,205,31,165,3,6
Hardin,G006,State Representative,10,Republican,Julie CANTWELL,79,15,61,3,0
Hardin,G006,Property Valuation Administrator,,,Michelle Pirtle BOWEN,95,20,70,2,3
Hardin,G006,Property Valuation Administrator,,,Dennis DAVIS,58,9,47,2,0
Hardin,G006,Property Valuation Administrator,,,Casey OVERSTREET,114,17,92,2,3
Hardin,G006,Sheriff,,,Willie ODEN,145,22,115,4,4
Hardin,G006,Sheriff,,,Brian C. SANKEY,127,22,103,0,2
Hardin,G006,Magistrate,,,Larry Allen HICKS,146,26,114,3,3
Hardin,G006,Magistrate,,,Zach HUMPHREY,100,12,84,3,1
Hardin,G006,Magistrate,,,Robin L. GEARY,34,7,25,0,2
Hardin,G006,U.S. Senate,,Democratic,Logan FORSYTHE,7,0,7,0,0
Hardin,G006,U.S. Senate,,Democratic,Amy McGRATH,63,12,46,5,0
Hardin,G006,U.S. Senate,,Democratic,Dale Lewis ROMANS,8,1,6,1,0
Hardin,G006,U.S. Senate,,Democratic,Joshua BLANTON SR.,2,0,2,0,0
Hardin,G006,U.S. Senate,,Democratic,Vincent Anthony THOMPSON,10,1,9,0,0
Hardin,G006,U.S. Senate,,Democratic,Charles BOOKER,55,6,47,1,1
Hardin,G006,U.S. Senate,,Democratic,Pamela STEVENSON,10,1,8,0,1
Hardin,G006,U.S. House,2,Democratic,David S. HATFIELD,32,3,28,0,1
Hardin,G006,U.S. House,2,Democratic,Megan WINGFIELD,43,8,34,0,1
Hardin,G006,U.S. House,2,Democratic,Hank LINDERMAN,32,5,23,4,0
Hardin,G006,U.S. House,2,Democratic,William Dakota COMPTON,36,3,30,3,0
Hardin,G007,U.S. Senate,,Republican,Anissa CATLETT,0,0,0,0,0
Hardin,G007,U.S. Senate,,Republican,A. Nick SHELLEY,0,0,0,0,0
Hardin,G007,U.S. Senate,,Republican,"Valerie ""Dr Val"" FREDRICK",1,0,1,0,0
Hardin,G007,U.S. Senate,,Republican,Michael James FARIS,8,2,6,0,0
Hardin,G007,U.S. Senate,,Republican,Nate MORRIS,1,0,1,0,0
Hardin,G007,U.S. Senate,,Republican,Other Donald WENZEL,1,0,1,0,0
Hardin,G007,U.S. Senate,,Republican,Jonathan M. HOLLIDAY,2,0,2,0,0
Hardin,G007,U.S. Senate,,Republican,George WASHINGTON,2,1,1,0,0
Hardin,G007,U.S. Senate,,Republican,Andy BARR,79,14,61,1,3
Hardin,G007,U.S. Senate,,Republican,Daniel CAMERON,95,23,67,2,3
Hardin,G007,U.S. Senate,,Republican,Jimmy I. LEON,0,0,0,0,0
Hardin,G007,U.S. Senate,,Republican,James D. DUNCAN,1,0,1,0,0
Hardin,G007,U.S. House,2,Republican,"G. ""Shay"" PERRY-ADELMANN",5,0,5,0,0
Hardin,G007,U.S. House,2,Republican,S. Brett GUTHRIE,170,35,127,3,5
Hardin,G007,U.S. House,2,Republican,Joshua M. FERGUSON,12,4,7,0,1
Hardin,G007,Ballots Cast,,,,273,,,,
Hardin,G007,State Senate,10,Republican,Matt DENEEN,166,37,120,3,6
Hardin,G007,State Senate,10,Republican,Louis GRIDER,21,3,18,0,0
Hardin,G007,State Representative,10,Republican,Josh CALLOWAY,138,29,103,2,4
Hardin,G007,State Representative,10,Republican,Julie CANTWELL,47,9,35,1,2
Hardin,G007,Property Valuation Administrator,,,Michelle Pirtle BOWEN,64,17,45,0,2
Hardin,G007,Property Valuation Administrator,,,Dennis DAVIS,55,9,43,1,2
Hardin,G007,Property Valuation Administrator,,,Casey OVERSTREET,60,12,46,1,1
Hardin,G007,Sheriff,,,Willie ODEN,106,15,86,2,3
Hardin,G007,Sheriff,,,Brian C. SANKEY,68,20,45,0,3
Hardin,G007,Magistrate,,,Larry Allen HICKS,96,18,72,2,4
Hardin,G007,Magistrate,,,Zach HUMPHREY,65,17,47,0,1
Hardin,G007,Magistrate,,,Robin L. GEARY,19,5,13,0,1
Hardin,G007,U.S. Senate,,Democratic,Logan FORSYTHE,3,0,2,1,0
Hardin,G007,U.S. Senate,,Democratic,Amy McGRATH,46,20,26,0,0
Hardin,G007,U.S. Senate,,Democratic,Dale Lewis ROMANS,4,0,4,0,0
Hardin,G007,U.S. Senate,,Democratic,Joshua BLANTON SR.,2,1,0,1,0
Hardin,G007,U.S. Senate,,Democratic,Vincent Anthony THOMPSON,3,0,1,0,2
Hardin,G007,U.S. Senate,,Democratic,Charles BOOKER,20,1,18,1,0
Hardin,G007,U.S. Senate,,Democratic,Pamela STEVENSON,5,1,4,0,0
Hardin,G007,U.S. House,2,Democratic,David S. HATFIELD,13,5,7,0,1
Hardin,G007,U.S. House,2,Democratic,Megan WINGFIELD,32,8,22,2,0
Hardin,G007,U.S. House,2,Democratic,Hank LINDERMAN,15,5,9,1,0
Hardin,G007,U.S. House,2,Democratic,William Dakota COMPTON,13,4,8,0,1
Hardin,G008,U.S. Senate,,Republican,Anissa CATLETT,7,1,5,1,0
Hardin,G008,U.S. Senate,,Republican,A. Nick SHELLEY,1,1,0,0,0
Hardin,G008,U.S. Senate,,Republican,"Valerie ""Dr Val"" FREDRICK",1,0,1,0,0
Hardin,G008,U.S. Senate,,Republican,Michael James FARIS,39,2,37,0,0
Hardin,G008,U.S. Senate,,Republican,Nate MORRIS,7,2,4,1,0
Hardin,G008,U.S. Senate,,Republican,Other Donald WENZEL,0,0,0,0,0
Hardin,G008,U.S. Senate,,Republican,Jonathan M. HOLLIDAY,0,0,0,0,0
Hardin,G008,U.S. Senate,,Republican,George WASHINGTON,4,0,4,0,0
Hardin,G008,U.S. Senate,,Republican,Andy BARR,130,19,104,1,6
Hardin,G008,U.S. Senate,,Republican,Daniel CAMERON,123,12,108,3,0
Hardin,G008,U.S. Senate,,Republican,Jimmy I. LEON,0,0,0,0,0
Hardin,G008,U.S. Senate,,Republican,James D. DUNCAN,0,0,0,0,0
Hardin,G008,U.S. House,2,Republican,"G. ""Shay"" PERRY-ADELMANN",11,0,11,0,0
Hardin,G008,U.S. House,2,Republican,S. Brett GUTHRIE,246,31,204,5,6
Hardin,G008,U.S. House,2,Republican,Joshua M. FERGUSON,44,5,39,0,0
Hardin,G008,Ballots Cast,,,,411,,,,
Hardin,G008,State Senate,10,Republican,Matt DENEEN,225,29,187,4,5
Hardin,G008,State Senate,10,Republican,Louis GRIDER,65,4,59,2,0
Hardin,G008,State Representative,10,Republican,Josh CALLOWAY,221,26,186,5,4
Hardin,G008,State Representative,10,Republican,Julie CANTWELL,77,10,65,1,1
Hardin,G008,Property Valuation Administrator,,,Michelle Pirtle BOWEN,89,14,72,2,1
Hardin,G008,Property Valuation Administrator,,,Dennis DAVIS,120,12,103,1,4
Hardin,G008,Property Valuation Administrator,,,Casey OVERSTREET,76,5,68,3,0
Hardin,G008,Sheriff,,,Willie ODEN,186,18,164,1,3
Hardin,G008,Sheriff,,,Brian C. SANKEY,106,15,84,5,2
Hardin,G008,Magistrate,,,Larry Allen HICKS,184,23,155,3,3
Hardin,G008,Magistrate,,,Zach HUMPHREY,74,9,62,2,1
Hardin,G008,Magistrate,,,Robin L. GEARY,40,4,33,1,2
Hardin,G008,U.S. Senate,,Democratic,Logan FORSYTHE,8,1,7,0,0
Hardin,G008,U.S. Senate,,Democratic,Amy McGRATH,36,6,27,3,0
Hardin,G008,U.S. Senate,,Democratic,Dale Lewis ROMANS,1,0,1,0,0
Hardin,G008,U.S. Senate,,Democratic,Joshua BLANTON SR.,3,0,2,1,0
Hardin,G008,U.S. Senate,,Democratic,Vincent Anthony THOMPSON,5,2,3,0,0
Hardin,G008,U.S. Senate,,Democratic,Charles BOOKER,34,4,29,1,0
Hardin,G008,U.S. Senate,,Democratic,Pamela STEVENSON,10,0,10,0,0
Hardin,G008,U.S. House,2,Democratic,David S. HATFIELD,24,2,22,0,0
Hardin,G008,U.S. House,2,Democratic,Megan WINGFIELD,38,4,30,4,0
Hardin,G008,U.S. House,2,Democratic,Hank LINDERMAN,16,5,11,0,0
Hardin,G008,U.S. House,2,Democratic,William Dakota COMPTON,15,1,13,1,0
Hardin,G009,U.S. Senate,,Republican,Anissa CATLETT,4,1,3,0,0
Hardin,G009,U.S. Senate,,Republican,A. Nick SHELLEY,3,1,2,0,0
Hardin,G009,U.S. Senate,,Republican,"Valerie ""Dr Val"" FREDRICK",1,1,0,0,0
Hardin,G009,U.S. Senate,,Republican,Michael James FARIS,14,1,13,0,0
Hardin,G009,U.S. Senate,,Republican,Nate MORRIS,2,1,1,0,0
Hardin,G009,U.S. Senate,,Republican,Other Donald WENZEL,0,0,0,0,0
Hardin,G009,U.S. Senate,,Republican,Jonathan M. HOLLIDAY,0,0,0,0,0
Hardin,G009,U.S. Senate,,Republican,George WASHINGTON,4,1,3,0,0
Hardin,G009,U.S. Senate,,Republican,Andy BARR,64,13,50,1,0
Hardin,G009,U.S. Senate,,Republican,Daniel CAMERON,58,12,45,1,0
Hardin,G009,U.S. Senate,,Republican,Jimmy I. LEON,0,0,0,0,0
Hardin,G009,U.S. Senate,,Republican,James D. DUNCAN,3,1,2,0,0
Hardin,G009,U.S. House,2,Republican,"G. ""Shay"" PERRY-ADELMANN",14,5,9,0,0
Hardin,G009,U.S. House,2,Republican,S. Brett GUTHRIE,118,24,92,2,0
Hardin,G009,U.S. House,2,Republican,Joshua M. FERGUSON,22,3,19,0,0
Hardin,G009,Ballots Cast,,,,249,,,,
Hardin,G009,State Senate,10,Republican,Matt DENEEN,109,22,86,1,0
Hardin,G009,State Senate,10,Republican,Louis GRIDER,33,8,24,1,0
Hardin,G009,State Representative,10,Republican,Josh CALLOWAY,95,21,74,0,0
Hardin,G009,State Representative,10,Republican,Julie CANTWELL,58,10,46,2,0
Hardin,G009,Property Valuation Administrator,,,Michelle Pirtle BOWEN,34,11,22,1,0
Hardin,G009,Property Valuation Administrator,,,Dennis DAVIS,53,8,45,0,0
Hardin,G009,Property Valuation Administrator,,,Casey OVERSTREET,49,9,39,1,0
Hardin,G009,Sheriff,,,Willie ODEN,95,19,74,2,0
Hardin,G009,Sheriff,,,Brian C. SANKEY,49,8,41,0,0
Hardin,G009,Magistrate,,,Larry Allen HICKS,80,13,66,1,0
Hardin,G009,Magistrate,,,Zach HUMPHREY,30,6,24,0,0
Hardin,G009,Magistrate,,,Robin L. GEARY,30,10,19,1,0
Hardin,G009,U.S. Senate,,Democratic,Logan FORSYTHE,2,0,2,0,0
Hardin,G009,U.S. Senate,,Democratic,Amy McGRATH,41,6,34,1,0
Hardin,G009,U.S. Senate,,Democratic,Dale Lewis ROMANS,1,0,1,0,0
Hardin,G009,U.S. Senate,,Democratic,Joshua BLANTON SR.,0,0,0,0,0
Hardin,G009,U.S. Senate,,Democratic,Vincent Anthony THOMPSON,2,0,1,1,0
Hardin,G009,U.S. Senate,,Democratic,Charles BOOKER,41,5,34,2,0
Hardin,G009,U.S. Senate,,Democratic,Pamela STEVENSON,5,1,3,1,0
Hardin,G009,U.S. House,2,Democratic,David S. HATFIELD,18,4,13,1,0
Hardin,G009,U.S. House,2,Democratic,Megan WINGFIELD,36,6,29,1,0
Hardin,G009,U.S. House,2,Democratic,Hank LINDERMAN,20,2,17,1,0
Hardin,G009,U.S. House,2,Democratic,William Dakota COMPTON,15,0,13,2,0
Hardin,H001,U.S. Senate,,Republican,Anissa CATLETT,0,0,0,0,0
Hardin,H001,U.S. Senate,,Republican,A. Nick SHELLEY,0,0,0,0,0
Hardin,H001,U.S. Senate,,Republican,"Valerie ""Dr Val"" FREDRICK",2,0,1,0,1
Hardin,H001,U.S. Senate,,Republican,Michael James FARIS,5,1,4,0,0
Hardin,H001,U.S. Senate,,Republican,Nate MORRIS,4,2,2,0,0
Hardin,H001,U.S. Senate,,Republican,Other Donald WENZEL,1,0,1,0,0
Hardin,H001,U.S. Senate,,Republican,Jonathan M. HOLLIDAY,0,0,0,0,0
Hardin,H001,U.S. Senate,,Republican,George WASHINGTON,0,0,0,0,0
Hardin,H001,U.S. Senate,,Republican,Andy BARR,51,9,41,1,0
Hardin,H001,U.S. Senate,,Republican,Daniel CAMERON,34,6,23,2,3
Hardin,H001,U.S. Senate,,Republican,Jimmy I. LEON,0,0,0,0,0
Hardin,H001,U.S. Senate,,Republican,James D. DUNCAN,0,0,0,0,0
Hardin,H001,U.S. House,2,Republican,"G. ""Shay"" PERRY-ADELMANN",1,0,0,0,1
Hardin,H001,U.S. House,2,Republican,S. Brett GUTHRIE,85,17,62,3,3
Hardin,H001,U.S. House,2,Republican,Joshua M. FERGUSON,10,1,9,0,0
Hardin,H001,Ballots Cast,,,,161,,,,
Hardin,H001,State Senate,10,Republican,Matt DENEEN,69,15,49,2,3
Hardin,H001,State Senate,10,Republican,Louis GRIDER,19,3,14,1,1
Hardin,H001,State Representative,10,Republican,Josh CALLOWAY,59,11,44,3,1
Hardin,H001,State Representative,10,Republican,Julie CANTWELL,29,7,19,0,3
Hardin,H001,Property Valuation Administrator,,,Michelle Pirtle BOWEN,19,4,13,0,2
Hardin,H001,Property Valuation Administrator,,,Dennis DAVIS,33,3,26,3,1
Hardin,H001,Property Valuation Administrator,,,Casey OVERSTREET,31,10,20,0,1
Hardin,H001,Sheriff,,,Willie ODEN,49,9,36,1,3
Hardin,H001,Sheriff,,,Brian C. SANKEY,36,7,28,0,1
Hardin,H001,Magistrate,,,Kenny MUSE,42,10,27,1,4
Hardin,H001,Magistrate,,,"Jonathan ""Jon"" BREEDING",50,8,40,2,0
Hardin,H001,U.S. Senate,,Democratic,Logan FORSYTHE,2,1,1,0,0
Hardin,H001,U.S. Senate,,Democratic,Amy McGRATH,33,9,22,1,1
Hardin,H001,U.S. Senate,,Democratic,Dale Lewis ROMANS,2,0,2,0,0
Hardin,H001,U.S. Senate,,Democratic,Joshua BLANTON SR.,0,0,0,0,0
Hardin,H001,U.S. Senate,,Democratic,Vincent Anthony THOMPSON,0,0,0,0,0
Hardin,H001,U.S. Senate,,Democratic,Charles BOOKER,17,0,17,0,0
Hardin,H001,U.S. Senate,,Democratic,Pamela STEVENSON,8,3,4,1,0
Hardin,H001,U.S. House,2,Democratic,David S. HATFIELD,10,2,8,0,0
Hardin,H001,U.S. House,2,Democratic,Megan WINGFIELD,32,7,22,2,1
Hardin,H001,U.S. House,2,Democratic,Hank LINDERMAN,9,2,7,0,0
Hardin,H001,U.S. House,2,Democratic,William Dakota COMPTON,6,1,5,0,0
Hardin,H004,U.S. Senate,,Republican,Anissa CATLETT,8,1,5,1,1
Hardin,H004,U.S. Senate,,Republican,A. Nick SHELLEY,1,0,1,0,0
Hardin,H004,U.S. Senate,,Republican,"Valerie ""Dr Val"" FREDRICK",1,0,1,0,0
Hardin,H004,U.S. Senate,,Republican,Michael James FARIS,20,1,19,0,0
Hardin,H004,U.S. Senate,,Republican,Nate MORRIS,5,2,3,0,0
Hardin,H004,U.S. Senate,,Republican,Other Donald WENZEL,0,0,0,0,0
Hardin,H004,U.S. Senate,,Republican,Jonathan M. HOLLIDAY,3,1,2,0,0
Hardin,H004,U.S. Senate,,Republican,George WASHINGTON,1,0,1,0,0
Hardin,H004,U.S. Senate,,Republican,Andy BARR,122,21,97,4,0
Hardin,H004,U.S. Senate,,Republican,Daniel CAMERON,103,24,79,0,0
Hardin,H004,U.S. Senate,,Republican,Jimmy I. LEON,0,0,0,0,0
Hardin,H004,U.S. Senate,,Republican,James D. DUNCAN,1,0,1,0,0
Hardin,H004,U.S. House,2,Republican,"G. ""Shay"" PERRY-ADELMANN",18,3,14,0,1
Hardin,H004,U.S. House,2,Republican,S. Brett GUTHRIE,209,41,163,5,0
Hardin,H004,U.S. House,2,Republican,Joshua M. FERGUSON,32,5,27,0,0
Hardin,H004,Ballots Cast,,,,388,,,,
Hardin,H004,State Senate,10,Republican,Matt DENEEN,207,41,162,4,0
Hardin,H004,State Senate,10,Republican,Louis GRIDER,39,6,32,0,1
Hardin,H004,State Representative,10,Republican,Josh CALLOWAY,167,29,135,3,0
Hardin,H004,State Representative,10,Republican,Julie CANTWELL,93,20,70,2,1
Hardin,H004,Property Valuation Administrator,,,Michelle Pirtle BOWEN,85,15,68,1,1
Hardin,H004,Property Valuation Administrator,,,Dennis DAVIS,85,16,67,2,0
Hardin,H004,Property Valuation Administrator,,,Casey OVERSTREET,68,12,55,1,0
Hardin,H004,Sheriff,,,Willie ODEN,149,27,118,3,1
Hardin,H004,Sheriff,,,Brian C. SANKEY,95,19,74,2,0
Hardin,H004,Magistrate,,,Kenny MUSE,113,30,79,3,1
Hardin,H004,Magistrate,,,"Jonathan ""Jon"" BREEDING",146,18,126,2,0
Hardin,H004,U.S. Senate,,Democratic,Logan FORSYTHE,3,1,1,1,0
Hardin,H004,U.S. Senate,,Democratic,Amy McGRATH,54,13,37,1,3
Hardin,H004,U.S. Senate,,Democratic,Dale Lewis ROMANS,3,1,2,0,0
Hardin,H004,U.S. Senate,,Democratic,Joshua BLANTON SR.,3,1,2,0,0
Hardin,H004,U.S. Senate,,Democratic,Vincent Anthony THOMPSON,8,1,7,0,0
Hardin,H004,U.S. Senate,,Democratic,Charles BOOKER,36,9,26,1,0
Hardin,H004,U.S. Senate,,Democratic,Pamela STEVENSON,10,2,5,2,1
Hardin,H004,U.S. House,2,Democratic,David S. HATFIELD,18,3,14,1,0
Hardin,H004,U.S. House,2,Democratic,Megan WINGFIELD,59,15,41,1,2
Hardin,H004,U.S. House,2,Democratic,Hank LINDERMAN,21,6,13,1,1
Hardin,H004,U.S. House,2,Democratic,William Dakota COMPTON,17,3,11,2,1
Hardin,H005,U.S. Senate,,Republican,Anissa CATLETT,8,2,5,1,0
Hardin,H005,U.S. Senate,,Republican,A. Nick SHELLEY,0,0,0,0,0
Hardin,H005,U.S. Senate,,Republican,"Valerie ""Dr Val"" FREDRICK",1,0,1,0,0
Hardin,H005,U.S. Senate,,Republican,Michael James FARIS,18,5,13,0,0
Hardin,H005,U.S. Senate,,Republican,Nate MORRIS,9,1,8,0,0
Hardin,H005,U.S. Senate,,Republican,Other Donald WENZEL,0,0,0,0,0
Hardin,H005,U.S. Senate,,Republican,Jonathan M. HOLLIDAY,0,0,0,0,0
Hardin,H005,U.S. Senate,,Republican,George WASHINGTON,2,0,1,1,0
Hardin,H005,U.S. Senate,,Republican,Andy BARR,147,22,120,4,1
Hardin,H005,U.S. Senate,,Republican,Daniel CAMERON,79,16,61,2,0
Hardin,H005,U.S. Senate,,Republican,Jimmy I. LEON,1,1,0,0,0
Hardin,H005,U.S. Senate,,Republican,James D. DUNCAN,6,0,6,0,0
Hardin,H005,U.S. House,2,Republican,"G. ""Shay"" PERRY-ADELMANN",13,4,8,1,0
Hardin,H005,U.S. House,2,Republican,S. Brett GUTHRIE,221,39,175,6,1
Hardin,H005,U.S. House,2,Republican,Joshua M. FERGUSON,23,1,22,0,0
Hardin,H005,Ballots Cast,,,,614,,,,
Hardin,H005,State Senate,10,Republican,Matt DENEEN,203,35,162,5,1
Hardin,H005,State Senate,10,Republican,Louis GRIDER,37,8,28,1,0
Hardin,H005,State Representative,10,Republican,Josh CALLOWAY,188,28,157,2,1
Hardin,H005,State Representative,10,Republican,Julie CANTWELL,66,15,46,5,0
Hardin,H005,Property Valuation Administrator,,,Michelle Pirtle BOWEN,92,18,71,3,0
Hardin,H005,Property Valuation Administrator,,,Dennis DAVIS,72,10,58,3,1
Hardin,H005,Property Valuation Administrator,,,Casey OVERSTREET,66,13,53,0,0
Hardin,H005,Sheriff,,,Willie ODEN,123,15,103,5,0
Hardin,H005,Sheriff,,,Brian C. SANKEY,128,29,96,2,1
Hardin,H005,Magistrate,,,Kenny MUSE,146,33,109,3,1
Hardin,H005,Magistrate,,,"Jonathan ""Jon"" BREEDING",100,11,85,4,0
Hardin,H005,U.S. Senate,,Democratic,Logan FORSYTHE,4,1,2,1,0
Hardin,H005,U.S. Senate,,Democratic,Amy McGRATH,117,34,77,5,1
Hardin,H005,U.S. Senate,,Democratic,Dale Lewis ROMANS,12,3,7,2,0
Hardin,H005,U.S. Senate,,Democratic,Joshua BLANTON SR.,2,0,1,1,0
Hardin,H005,U.S. Senate,,Democratic,Vincent Anthony THOMPSON,1,0,1,0,0
Hardin,H005,U.S. Senate,,Democratic,Charles BOOKER,144,34,107,3,0
Hardin,H005,U.S. Senate,,Democratic,Pamela STEVENSON,31,10,19,2,0
Hardin,H005,U.S. House,2,Democratic,David S. HATFIELD,46,12,34,0,0
Hardin,H005,U.S. House,2,Democratic,Megan WINGFIELD,160,37,115,8,0
Hardin,H005,U.S. House,2,Democratic,Hank LINDERMAN,54,17,33,3,1
Hardin,H005,U.S. House,2,Democratic,William Dakota COMPTON,45,15,28,2,0
Hardin,H005,Mayor City OF Vine Grove,,,Pamela OGDEN,285,51,220,13,1
Hardin,H005,Mayor City OF Vine Grove,,,Craig BOYER JR.,54,7,45,2,0
Hardin,H005,Mayor City OF Vine Grove,,,Selena HUDSON,260,74,176,9,1
Hardin,H006,U.S. Senate,,Republican,Anissa CATLETT,4,0,4,0,0
Hardin,H006,U.S. Senate,,Republican,A. Nick SHELLEY,0,0,0,0,0
Hardin,H006,U.S. Senate,,Republican,"Valerie ""Dr Val"" FREDRICK",5,1,4,0,0
Hardin,H006,U.S. Senate,,Republican,Michael James FARIS,12,1,11,0,0
Hardin,H006,U.S. Senate,,Republican,Nate MORRIS,12,0,11,1,0
Hardin,H006,U.S. Senate,,Republican,Other Donald WENZEL,0,0,0,0,0
Hardin,H006,U.S. Senate,,Republican,Jonathan M. HOLLIDAY,1,0,1,0,0
Hardin,H006,U.S. Senate,,Republican,George WASHINGTON,4,0,4,0,0
Hardin,H006,U.S. Senate,,Republican,Andy BARR,103,16,79,3,5
Hardin,H006,U.S. Senate,,Republican,Daniel CAMERON,93,15,72,4,2
Hardin,H006,U.S. Senate,,Republican,Jimmy I. LEON,1,0,1,0,0
Hardin,H006,U.S. Senate,,Republican,James D. DUNCAN,2,1,0,1,0
Hardin,H006,U.S. House,2,Republican,"G. ""Shay"" PERRY-ADELMANN",16,0,14,2,0
Hardin,H006,U.S. House,2,Republican,S. Brett GUTHRIE,196,29,153,7,7
Hardin,H006,U.S. House,2,Republican,Joshua M. FERGUSON,20,3,17,0,0
Hardin,H006,Ballots Cast,,,,542,,,,
Hardin,H006,State Senate,10,Republican,Matt DENEEN,176,29,138,5,4
Hardin,H006,State Senate,10,Republican,Louis GRIDER,38,2,31,4,1
Hardin,H006,State Representative,10,Republican,Josh CALLOWAY,166,24,132,5,5
Hardin,H006,State Representative,10,Republican,Julie CANTWELL,65,6,53,4,2
Hardin,H006,Property Valuation Administrator,,,Michelle Pirtle BOWEN,70,9,53,5,3
Hardin,H006,Property Valuation Administrator,,,Dennis DAVIS,68,11,51,4,2
Hardin,H006,Property Valuation Administrator,,,Casey OVERSTREET,68,7,60,1,0
Hardin,H006,Sheriff,,,Willie ODEN,104,15,82,3,4
Hardin,H006,Sheriff,,,Brian C. SANKEY,113,15,91,6,1
Hardin,H006,Magistrate,,,Kenny MUSE,113,18,91,3,1
Hardin,H006,Magistrate,,,"Jonathan ""Jon"" BREEDING",107,12,83,6,6
Hardin,H006,U.S. Senate,,Democratic,Logan FORSYTHE,5,1,4,0,0
Hardin,H006,U.S. Senate,,Democratic,Amy McGRATH,89,20,63,6,0
Hardin,H006,U.S. Senate,,Democratic,Dale Lewis ROMANS,10,1,8,1,0
Hardin,H006,U.S. Senate,,Democratic,Joshua BLANTON SR.,2,0,2,0,0
Hardin,H006,U.S. Senate,,Democratic,Vincent Anthony THOMPSON,4,1,3,0,0
Hardin,H006,U.S. Senate,,Democratic,Charles BOOKER,103,16,80,6,1
Hardin,H006,U.S. Senate,,Democratic,Pamela STEVENSON,35,15,19,1,0
Hardin,H006,U.S. House,2,Democratic,David S. HATFIELD,36,9,27,0,0
Hardin,H006,U.S. House,2,Democratic,Megan WINGFIELD,119,26,85,7,1
Hardin,H006,U.S. House,2,Democratic,Hank LINDERMAN,43,8,33,2,0
Hardin,H006,U.S. House,2,Democratic,William Dakota COMPTON,36,9,22,5,0
Hardin,H006,Mayor City OF Vine Grove,,,Pamela OGDEN,259,40,203,9,7
Hardin,H006,Mayor City OF Vine Grove,,,Craig BOYER JR.,59,8,48,3,0
Hardin,H006,Mayor City OF Vine Grove,,,Selena HUDSON,217,51,153,12,1
Hardin,H007,U.S. Senate,,Republican,Anissa CATLETT,3,1,1,1,0
Hardin,H007,U.S. Senate,,Republican,A. Nick SHELLEY,0,0,0,0,0
Hardin,H007,U.S. Senate,,Republican,"Valerie ""Dr Val"" FREDRICK",1,0,1,0,0
Hardin,H007,U.S. Senate,,Republican,Michael James FARIS,10,3,7,0,0
Hardin,H007,U.S. Senate,,Republican,Nate MORRIS,4,2,2,0,0
Hardin,H007,U.S. Senate,,Republican,Other Donald WENZEL,0,0,0,0,0
Hardin,H007,U.S. Senate,,Republican,Jonathan M. HOLLIDAY,1,0,0,0,1
Hardin,H007,U.S. Senate,,Republican,George WASHINGTON,0,0,0,0,0
Hardin,H007,U.S. Senate,,Republican,Andy BARR,97,9,85,3,0
Hardin,H007,U.S. Senate,,Republican,Daniel CAMERON,92,26,65,0,1
Hardin,H007,U.S. Senate,,Republican,Jimmy I. LEON,0,0,0,0,0
Hardin,H007,U.S. Senate,,Republican,James D. DUNCAN,3,0,3,0,0
Hardin,H007,U.S. House,2,Republican,"G. ""Shay"" PERRY-ADELMANN",9,1,8,0,0
Hardin,H007,U.S. House,2,Republican,S. Brett GUTHRIE,182,37,139,4,2
Hardin,H007,U.S. House,2,Republican,Joshua M. FERGUSON,18,1,16,1,0
Hardin,H007,Ballots Cast,,,,346,,,,
Hardin,H007,State Senate,10,Republican,Matt DENEEN,174,38,132,2,2
Hardin,H007,State Senate,10,Republican,Louis GRIDER,23,2,19,2,0
Hardin,H007,State Representative,10,Republican,Josh CALLOWAY,154,28,120,4,2
Hardin,H007,State Representative,10,Republican,Julie CANTWELL,51,12,38,1,0
Hardin,H007,Property Valuation Administrator,,,Michelle Pirtle BOWEN,62,9,53,0,0
Hardin,H007,Property Valuation Administrator,,,Dennis DAVIS,58,13,44,0,1
Hardin,H007,Property Valuation Administrator,,,Casey OVERSTREET,72,16,53,2,1
Hardin,H007,Sheriff,,,Willie ODEN,105,18,87,0,0
Hardin,H007,Sheriff,,,Brian C. SANKEY,93,23,66,2,2
Hardin,H007,Magistrate,,,Kenny MUSE,104,20,82,2,0
Hardin,H007,Magistrate,,,"Jonathan ""Jon"" BREEDING",101,21,75,3,2
Hardin,H007,U.S. Senate,,Democratic,Logan FORSYTHE,4,2,2,0,0
Hardin,H007,U.S. Senate,,Democratic,Amy McGRATH,58,10,46,0,2
Hardin,H007,U.S. Senate,,Democratic,Dale Lewis ROMANS,5,2,2,1,0
Hardin,H007,U.S. Senate,,Democratic,Joshua BLANTON SR.,4,0,4,0,0
Hardin,H007,U.S. Senate,,Democratic,Vincent Anthony THOMPSON,6,2,4,0,0
Hardin,H007,U.S. Senate,,Democratic,Charles BOOKER,42,13,28,0,1
Hardin,H007,U.S. Senate,,Democratic,Pamela STEVENSON,8,2,4,0,2
Hardin,H007,U.S. House,2,Democratic,David S. HATFIELD,26,5,18,0,3
Hardin,H007,U.S. House,2,Democratic,Megan WINGFIELD,56,14,40,1,1
Hardin,H007,U.S. House,2,Democratic,Hank LINDERMAN,20,7,12,0,1
Hardin,H007,U.S. House,2,Democratic,William Dakota COMPTON,19,5,14,0,0
Hardin,H008,U.S. Senate,,Republican,Anissa CATLETT,1,0,1,0,0
Hardin,H008,U.S. Senate,,Republican,A. Nick SHELLEY,0,0,0,0,0
Hardin,H008,U.S. Senate,,Republican,"Valerie ""Dr Val"" FREDRICK",1,1,0,0,0
Hardin,H008,U.S. Senate,,Republican,Michael James FARIS,4,0,4,0,0
Hardin,H008,U.S. Senate,,Republican,Nate MORRIS,5,1,4,0,0
Hardin,H008,U.S. Senate,,Republican,Other Donald WENZEL,0,0,0,0,0
Hardin,H008,U.S. Senate,,Republican,Jonathan M. HOLLIDAY,1,0,1,0,0
Hardin,H008,U.S. Senate,,Republican,George WASHINGTON,3,0,3,0,0
Hardin,H008,U.S. Senate,,Republican,Andy BARR,63,12,50,0,1
Hardin,H008,U.S. Senate,,Republican,Daniel CAMERON,63,12,51,0,0
Hardin,H008,U.S. Senate,,Republican,Jimmy I. LEON,0,0,0,0,0
Hardin,H008,U.S. Senate,,Republican,James D. DUNCAN,3,0,3,0,0
Hardin,H008,U.S. House,2,Republican,"G. ""Shay"" PERRY-ADELMANN",3,1,2,0,0
Hardin,H008,U.S. House,2,Republican,S. Brett GUTHRIE,122,23,98,0,1
Hardin,H008,U.S. House,2,Republican,Joshua M. FERGUSON,15,0,15,0,0
Hardin,H008,Ballots Cast,,,,215,,,,
Hardin,H008,State Senate,10,Republican,Matt DENEEN,108,19,88,0,1
Hardin,H008,State Senate,10,Republican,Louis GRIDER,29,4,25,0,0
Hardin,H008,State Representative,10,Republican,Josh CALLOWAY,83,16,66,0,1
Hardin,H008,State Representative,10,Republican,Julie CANTWELL,54,6,48,0,0
Hardin,H008,Property Valuation Administrator,,,Michelle Pirtle BOWEN,40,4,36,0,0
Hardin,H008,Property Valuation Administrator,,,Dennis DAVIS,43,9,34,0,0
Hardin,H008,Property Valuation Administrator,,,Casey OVERSTREET,47,9,38,0,0
Hardin,H008,Sheriff,,,Willie ODEN,73,10,63,0,0
Hardin,H008,Sheriff,,,Brian C. SANKEY,60,13,46,0,1
Hardin,H008,Magistrate,,,Kenny MUSE,65,14,50,0,1
Hardin,H008,Magistrate,,,"Jonathan ""Jon"" BREEDING",77,10,67,0,0
Hardin,H008,U.S. Senate,,Democratic,Logan FORSYTHE,3,0,3,0,0
Hardin,H008,U.S. Senate,,Democratic,Amy McGRATH,27,7,18,1,1
Hardin,H008,U.S. Senate,,Democratic,Dale Lewis ROMANS,16,6,9,1,0
Hardin,H008,U.S. Senate,,Democratic,Joshua BLANTON SR.,0,0,0,0,0
Hardin,H008,U.S. Senate,,Democratic,Vincent Anthony THOMPSON,6,2,3,0,1
Hardin,H008,U.S. Senate,,Democratic,Charles BOOKER,17,0,17,0,0
Hardin,H008,U.S. Senate,,Democratic,Pamela STEVENSON,1,0,1,0,0
Hardin,H008,U.S. House,2,Democratic,David S. HATFIELD,9,1,7,0,1
Hardin,H008,U.S. House,2,Democratic,Megan WINGFIELD,22,5,17,0,0
Hardin,H008,U.S. House,2,Democratic,Hank LINDERMAN,14,2,11,1,0
Hardin,H008,U.S. House,2,Democratic,William Dakota COMPTON,22,6,14,1,1
