county,precinct,office,district,party,candidate,votes,early_voting,election_day,absentee_mail,absentee
McCracken,A104,U.S. Senate,,Republican,Other Donald WENZEL,1,0,1,0,0
McCracken,A104,U.S. Senate,,Republican,James D. DUNCAN,0,0,0,0,0
McCracken,A104,U.S. Senate,,Republican,George WASHINGTON,3,0,2,1,0
McCracken,A104,U.S. Senate,,Republican,"Valerie ""Dr Val"" FREDRICK",1,1,0,0,0
McCracken,A104,U.S. Senate,,Republican,Andy BARR,24,1,21,1,1
McCracken,A104,U.S. Senate,,Republican,Nate MORRIS,2,0,2,0,0
McCracken,A104,U.S. Senate,,Republican,Jimmy I. LEON,0,0,0,0,0
McCracken,A104,U.S. Senate,,Republican,A. Nick SHELLEY,1,0,1,0,0
McCracken,A104,U.S. Senate,,Republican,Daniel CAMERON,12,4,8,0,0
McCracken,A104,U.S. Senate,,Republican,Anissa CATLETT,2,0,2,0,0
McCracken,A104,U.S. Senate,,Republican,Michael James FARIS,0,0,0,0,0
McCracken,A104,U.S. Senate,,Republican,Jonathan M. HOLLIDAY,0,0,0,0,0
McCracken,A104,U.S. Senate,,,Under Votes,2,0,2,0,0
McCracken,A104,U.S. Senate,,,Over Votes,0,0,0,0,0
McCracken,A104,Ballots Cast,,,,141,,,,
McCracken,A104,U.S. House,1,Republican,David SIMS,5,0,5,0,0
McCracken,A104,U.S. House,1,Republican,Robert James SUTHERBY,8,0,8,0,0
McCracken,A104,U.S. House,1,Republican,Penny ARCOS,4,0,4,0,0
McCracken,A104,U.S. House,1,Republican,James R. COMER,29,6,20,2,1
McCracken,A104,U.S. House,1,,Under Votes,0,0,0,0,0
McCracken,A104,U.S. House,1,,Over Votes,0,0,0,0,0
McCracken,A104,County Judge/Executive,,,Richard ABRAHAM,14,0,13,1,0
McCracken,A104,County Judge/Executive,,,Craig Zeiss CLYMER,17,3,13,0,1
McCracken,A104,County Judge/Executive,,,Matt MOORE,15,3,11,1,0
McCracken,A104,County Judge/Executive,,,Under Votes,0,0,0,0,0
McCracken,A104,County Judge/Executive,,,Over Votes,0,0,0,0,0
McCracken,A104,County Commissioner 1st District,,,Danielle GUMINSKI,11,0,9,1,1
McCracken,A104,County Commissioner 1st District,,,"J. W. ""Bill"" BARTLEMAN",28,4,23,1,0
McCracken,A104,County Commissioner 1st District,,,Charles Jeffrey LEE SR.,7,2,5,0,0
McCracken,A104,County Commissioner 1st District,,,Under Votes,0,0,0,0,0
McCracken,A104,County Commissioner 1st District,,,Over Votes,0,0,0,0,0
McCracken,A104,County Commissioner 2nd District,,,David KNIGHT,26,4,20,1,1
McCracken,A104,County Commissioner 2nd District,,,Jeff PARKER,18,2,15,1,0
McCracken,A104,County Commissioner 2nd District,,,Under Votes,2,0,2,0,0
McCracken,A104,County Commissioner 2nd District,,,Over Votes,0,0,0,0,0
McCracken,A104,County Surveyor,,,William Noel McELYA,23,3,17,2,1
McCracken,A104,County Surveyor,,,Stephen C. CHINO JR.,19,2,17,0,0
McCracken,A104,County Surveyor,,,Under Votes,4,1,3,0,0
McCracken,A104,County Surveyor,,,Over Votes,0,0,0,0,0
McCracken,A104,U.S. Senate,,Democratic,Joshua BLANTON SR.,0,0,0,0,0
McCracken,A104,U.S. Senate,,Democratic,Vincent Anthony THOMPSON,2,0,2,0,0
McCracken,A104,U.S. Senate,,Democratic,Charles BOOKER,62,10,43,7,2
McCracken,A104,U.S. Senate,,Democratic,Pamela STEVENSON,4,1,2,1,0
McCracken,A104,U.S. Senate,,Democratic,Dale Lewis ROMANS,1,0,1,0,0
McCracken,A104,U.S. Senate,,Democratic,Logan FORSYTHE,4,0,3,1,0
McCracken,A104,U.S. Senate,,Democratic,Amy McGRATH,20,3,15,2,0
McCracken,A110,U.S. Senate,,Republican,Other Donald WENZEL,0,0,0,0,0
McCracken,A110,U.S. Senate,,Republican,James D. DUNCAN,0,0,0,0,0
McCracken,A110,U.S. Senate,,Republican,George WASHINGTON,5,0,5,0,0
McCracken,A110,U.S. Senate,,Republican,"Valerie ""Dr Val"" FREDRICK",0,0,0,0,0
McCracken,A110,U.S. Senate,,Republican,Andy BARR,111,5,104,2,0
McCracken,A110,U.S. Senate,,Republican,Nate MORRIS,3,1,1,1,0
McCracken,A110,U.S. Senate,,Republican,Jimmy I. LEON,0,0,0,0,0
McCracken,A110,U.S. Senate,,Republican,A. Nick SHELLEY,0,0,0,0,0
McCracken,A110,U.S. Senate,,Republican,Daniel CAMERON,33,2,29,2,0
McCracken,A110,U.S. Senate,,Republican,Anissa CATLETT,1,0,1,0,0
McCracken,A110,U.S. Senate,,Republican,Michael James FARIS,0,0,0,0,0
McCracken,A110,U.S. Senate,,Republican,Jonathan M. HOLLIDAY,2,0,2,0,0
McCracken,A110,U.S. Senate,,,Under Votes,6,0,6,0,0
McCracken,A110,U.S. Senate,,,Over Votes,0,0,0,0,0
McCracken,A110,Ballots Cast,,,,237,,,,
McCracken,A110,U.S. House,1,Republican,David SIMS,11,0,11,0,0
McCracken,A110,U.S. House,1,Republican,Robert James SUTHERBY,2,0,2,0,0
McCracken,A110,U.S. House,1,Republican,Penny ARCOS,4,0,4,0,0
McCracken,A110,U.S. House,1,Republican,James R. COMER,135,8,122,5,0
McCracken,A110,U.S. House,1,,Under Votes,5,0,5,0,0
McCracken,A110,U.S. House,1,,Over Votes,0,0,0,0,0
McCracken,A110,County Judge/Executive,,,Richard ABRAHAM,31,1,29,1,0
McCracken,A110,County Judge/Executive,,,Craig Zeiss CLYMER,71,4,65,2,0
McCracken,A110,County Judge/Executive,,,Matt MOORE,52,3,47,2,0
McCracken,A110,County Judge/Executive,,,Under Votes,3,0,3,0,0
McCracken,A110,County Judge/Executive,,,Over Votes,0,0,0,0,0
McCracken,A110,County Commissioner 1st District,,,Danielle GUMINSKI,23,0,21,2,0
McCracken,A110,County Commissioner 1st District,,,"J. W. ""Bill"" BARTLEMAN",83,3,78,2,0
McCracken,A110,County Commissioner 1st District,,,Charles Jeffrey LEE SR.,38,3,34,1,0
McCracken,A110,County Commissioner 1st District,,,Under Votes,13,2,11,0,0
McCracken,A110,County Commissioner 1st District,,,Over Votes,0,0,0,0,0
McCracken,A110,County Commissioner 2nd District,,,David KNIGHT,78,2,74,2,0
McCracken,A110,County Commissioner 2nd District,,,Jeff PARKER,61,4,54,3,0
McCracken,A110,County Commissioner 2nd District,,,Under Votes,18,2,16,0,0
McCracken,A110,County Commissioner 2nd District,,,Over Votes,0,0,0,0,0
McCracken,A110,County Surveyor,,,William Noel McELYA,82,3,75,4,0
McCracken,A110,County Surveyor,,,Stephen C. CHINO JR.,42,3,38,1,0
McCracken,A110,County Surveyor,,,Under Votes,33,2,31,0,0
McCracken,A110,County Surveyor,,,Over Votes,0,0,0,0,0
McCracken,A110,U.S. Senate,,Democratic,Joshua BLANTON SR.,2,0,2,0,0
McCracken,A110,U.S. Senate,,Democratic,Vincent Anthony THOMPSON,1,0,1,0,0
McCracken,A110,U.S. Senate,,Democratic,Charles BOOKER,25,6,17,1,1
McCracken,A110,U.S. Senate,,Democratic,Pamela STEVENSON,6,0,6,0,0
McCracken,A110,U.S. Senate,,Democratic,Dale Lewis ROMANS,0,0,0,0,0
McCracken,A110,U.S. Senate,,Democratic,Logan FORSYTHE,0,0,0,0,0
McCracken,A110,U.S. Senate,,Democratic,Amy McGRATH,42,2,37,3,0
McCracken,A112,U.S. Senate,,Republican,Other Donald WENZEL,1,0,1,0,0
McCracken,A112,U.S. Senate,,Republican,James D. DUNCAN,4,0,2,2,0
McCracken,A112,U.S. Senate,,Republican,George WASHINGTON,8,0,8,0,0
McCracken,A112,U.S. Senate,,Republican,"Valerie ""Dr Val"" FREDRICK",3,1,2,0,0
McCracken,A112,U.S. Senate,,Republican,Andy BARR,360,22,329,7,2
McCracken,A112,U.S. Senate,,Republican,Nate MORRIS,13,0,11,2,0
McCracken,A112,U.S. Senate,,Republican,Jimmy I. LEON,0,0,0,0,0
McCracken,A112,U.S. Senate,,Republican,A. Nick SHELLEY,2,0,2,0,0
McCracken,A112,U.S. Senate,,Republican,Daniel CAMERON,127,9,118,0,0
McCracken,A112,U.S. Senate,,Republican,Anissa CATLETT,0,0,0,0,0
McCracken,A112,U.S. Senate,,Republican,Michael James FARIS,1,0,1,0,0
McCracken,A112,U.S. Senate,,Republican,Jonathan M. HOLLIDAY,2,0,2,0,0
McCracken,A112,U.S. Senate,,,Under Votes,14,0,14,0,0
McCracken,A112,U.S. Senate,,,Over Votes,0,0,0,0,0
McCracken,A112,Ballots Cast,,,,775,,,,
McCracken,A112,U.S. House,1,Republican,David SIMS,27,2,23,2,0
McCracken,A112,U.S. House,1,Republican,Robert James SUTHERBY,11,1,10,0,0
McCracken,A112,U.S. House,1,Republican,Penny ARCOS,15,0,14,1,0
McCracken,A112,U.S. House,1,Republican,James R. COMER,453,29,414,8,2
McCracken,A112,U.S. House,1,,Under Votes,22,0,22,0,0
McCracken,A112,U.S. House,1,,Over Votes,0,0,0,0,0
McCracken,A112,County Judge/Executive,,,Richard ABRAHAM,92,8,83,0,1
McCracken,A112,County Judge/Executive,,,Craig Zeiss CLYMER,274,16,247,10,1
McCracken,A112,County Judge/Executive,,,Matt MOORE,150,8,141,1,0
McCracken,A112,County Judge/Executive,,,Under Votes,12,0,12,0,0
McCracken,A112,County Judge/Executive,,,Over Votes,0,0,0,0,0
McCracken,A112,County Commissioner 1st District,,,Danielle GUMINSKI,85,2,79,3,1
McCracken,A112,County Commissioner 1st District,,,"J. W. ""Bill"" BARTLEMAN",315,19,288,7,1
McCracken,A112,County Commissioner 1st District,,,Charles Jeffrey LEE SR.,102,9,92,1,0
McCracken,A112,County Commissioner 1st District,,,Under Votes,25,1,24,0,0
McCracken,A112,County Commissioner 1st District,,,Over Votes,1,1,0,0,0
McCracken,A112,County Commissioner 2nd District,,,David KNIGHT,222,14,204,3,1
McCracken,A112,County Commissioner 2nd District,,,Jeff PARKER,263,16,239,7,1
McCracken,A112,County Commissioner 2nd District,,,Under Votes,43,2,40,1,0
McCracken,A112,County Commissioner 2nd District,,,Over Votes,0,0,0,0,0
McCracken,A112,County Surveyor,,,William Noel McELYA,292,11,275,4,2
McCracken,A112,County Surveyor,,,Stephen C. CHINO JR.,133,12,114,7,0
McCracken,A112,County Surveyor,,,Under Votes,103,9,94,0,0
McCracken,A112,County Surveyor,,,Over Votes,0,0,0,0,0
McCracken,A112,U.S. Senate,,Democratic,Joshua BLANTON SR.,7,0,7,0,0
McCracken,A112,U.S. Senate,,Democratic,Vincent Anthony THOMPSON,5,0,4,1,0
McCracken,A112,U.S. Senate,,Democratic,Charles BOOKER,89,5,76,5,3
McCracken,A112,U.S. Senate,,Democratic,Pamela STEVENSON,18,0,18,0,0
McCracken,A112,U.S. Senate,,Democratic,Dale Lewis ROMANS,3,0,3,0,0
McCracken,A112,U.S. Senate,,Democratic,Logan FORSYTHE,15,0,14,1,0
McCracken,A112,U.S. Senate,,Democratic,Amy McGRATH,103,6,89,7,1
McCracken,A114,U.S. Senate,,Republican,Other Donald WENZEL,1,0,1,0,0
McCracken,A114,U.S. Senate,,Republican,James D. DUNCAN,0,0,0,0,0
McCracken,A114,U.S. Senate,,Republican,George WASHINGTON,0,0,0,0,0
McCracken,A114,U.S. Senate,,Republican,"Valerie ""Dr Val"" FREDRICK",1,0,1,0,0
McCracken,A114,U.S. Senate,,Republican,Andy BARR,78,5,68,2,3
McCracken,A114,U.S. Senate,,Republican,Nate MORRIS,2,0,2,0,0
McCracken,A114,U.S. Senate,,Republican,Jimmy I. LEON,0,0,0,0,0
McCracken,A114,U.S. Senate,,Republican,A. Nick SHELLEY,1,0,1,0,0
McCracken,A114,U.S. Senate,,Republican,Daniel CAMERON,31,5,26,0,0
McCracken,A114,U.S. Senate,,Republican,Anissa CATLETT,0,0,0,0,0
McCracken,A114,U.S. Senate,,Republican,Michael James FARIS,1,0,1,0,0
McCracken,A114,U.S. Senate,,Republican,Jonathan M. HOLLIDAY,2,0,2,0,0
McCracken,A114,U.S. Senate,,,Under Votes,7,1,6,0,0
McCracken,A114,U.S. Senate,,,Over Votes,0,0,0,0,0
McCracken,A114,Ballots Cast,,,,199,,,,
McCracken,A114,U.S. House,1,Republican,David SIMS,11,1,10,0,0
McCracken,A114,U.S. House,1,Republican,Robert James SUTHERBY,3,0,3,0,0
McCracken,A114,U.S. House,1,Republican,Penny ARCOS,5,1,4,0,0
McCracken,A114,U.S. House,1,Republican,James R. COMER,96,8,83,2,3
McCracken,A114,U.S. House,1,,Under Votes,5,1,4,0,0
McCracken,A114,U.S. House,1,,Over Votes,0,0,0,0,0
McCracken,A114,County Judge/Executive,,,Richard ABRAHAM,23,2,21,0,0
McCracken,A114,County Judge/Executive,,,Craig Zeiss CLYMER,58,6,47,2,3
McCracken,A114,County Judge/Executive,,,Matt MOORE,34,2,32,0,0
McCracken,A114,County Judge/Executive,,,Under Votes,5,1,4,0,0
McCracken,A114,County Judge/Executive,,,Over Votes,0,0,0,0,0
McCracken,A114,County Commissioner 1st District,,,Danielle GUMINSKI,14,0,14,0,0
McCracken,A114,County Commissioner 1st District,,,"J. W. ""Bill"" BARTLEMAN",71,8,59,1,3
McCracken,A114,County Commissioner 1st District,,,Charles Jeffrey LEE SR.,28,1,27,0,0
McCracken,A114,County Commissioner 1st District,,,Under Votes,7,2,4,1,0
McCracken,A114,County Commissioner 1st District,,,Over Votes,0,0,0,0,0
McCracken,A114,County Commissioner 2nd District,,,David KNIGHT,42,1,37,2,2
McCracken,A114,County Commissioner 2nd District,,,Jeff PARKER,58,7,50,0,1
McCracken,A114,County Commissioner 2nd District,,,Under Votes,19,3,16,0,0
McCracken,A114,County Commissioner 2nd District,,,Over Votes,1,0,1,0,0
McCracken,A114,County Surveyor,,,William Noel McELYA,56,3,50,0,3
McCracken,A114,County Surveyor,,,Stephen C. CHINO JR.,34,3,30,1,0
McCracken,A114,County Surveyor,,,Under Votes,30,5,24,1,0
McCracken,A114,County Surveyor,,,Over Votes,0,0,0,0,0
McCracken,A114,U.S. Senate,,Democratic,Joshua BLANTON SR.,4,0,4,0,0
McCracken,A114,U.S. Senate,,Democratic,Vincent Anthony THOMPSON,1,0,1,0,0
McCracken,A114,U.S. Senate,,Democratic,Charles BOOKER,29,2,26,1,0
McCracken,A114,U.S. Senate,,Democratic,Pamela STEVENSON,4,0,4,0,0
McCracken,A114,U.S. Senate,,Democratic,Dale Lewis ROMANS,0,0,0,0,0
McCracken,A114,U.S. Senate,,Democratic,Logan FORSYTHE,2,0,2,0,0
McCracken,A114,U.S. Senate,,Democratic,Amy McGRATH,35,0,31,2,2
McCracken,A115,U.S. Senate,,Republican,Other Donald WENZEL,0,0,0,0,0
McCracken,A115,U.S. Senate,,Republican,James D. DUNCAN,0,0,0,0,0
McCracken,A115,U.S. Senate,,Republican,George WASHINGTON,0,0,0,0,0
McCracken,A115,U.S. Senate,,Republican,"Valerie ""Dr Val"" FREDRICK",1,0,1,0,0
McCracken,A115,U.S. Senate,,Republican,Andy BARR,34,4,30,0,0
McCracken,A115,U.S. Senate,,Republican,Nate MORRIS,1,0,1,0,0
McCracken,A115,U.S. Senate,,Republican,Jimmy I. LEON,0,0,0,0,0
McCracken,A115,U.S. Senate,,Republican,A. Nick SHELLEY,0,0,0,0,0
McCracken,A115,U.S. Senate,,Republican,Daniel CAMERON,5,0,4,1,0
McCracken,A115,U.S. Senate,,Republican,Anissa CATLETT,1,1,0,0,0
McCracken,A115,U.S. Senate,,Republican,Michael James FARIS,1,0,0,1,0
McCracken,A115,U.S. Senate,,Republican,Jonathan M. HOLLIDAY,0,0,0,0,0
McCracken,A115,U.S. Senate,,,Under Votes,4,1,3,0,0
McCracken,A115,U.S. Senate,,,Over Votes,0,0,0,0,0
McCracken,A115,Ballots Cast,,,,89,,,,
McCracken,A115,U.S. House,1,Republican,David SIMS,2,0,2,0,0
McCracken,A115,U.S. House,1,Republican,Robert James SUTHERBY,1,0,1,0,0
McCracken,A115,U.S. House,1,Republican,Penny ARCOS,1,0,1,0,0
McCracken,A115,U.S. House,1,Republican,James R. COMER,37,5,30,2,0
McCracken,A115,U.S. House,1,,Under Votes,2,0,2,0,0
McCracken,A115,U.S. House,1,,Over Votes,0,0,0,0,0
McCracken,A115,County Judge/Executive,,,Richard ABRAHAM,5,0,4,1,0
McCracken,A115,County Judge/Executive,,,Craig Zeiss CLYMER,23,3,20,0,0
McCracken,A115,County Judge/Executive,,,Matt MOORE,15,2,12,1,0
McCracken,A115,County Judge/Executive,,,Under Votes,0,0,0,0,0
McCracken,A115,County Judge/Executive,,,Over Votes,0,0,0,0,0
McCracken,A115,County Commissioner 1st District,,,Danielle GUMINSKI,6,0,5,1,0
McCracken,A115,County Commissioner 1st District,,,"J. W. ""Bill"" BARTLEMAN",24,5,19,0,0
McCracken,A115,County Commissioner 1st District,,,Charles Jeffrey LEE SR.,10,0,10,0,0
McCracken,A115,County Commissioner 1st District,,,Under Votes,3,0,2,1,0
McCracken,A115,County Commissioner 1st District,,,Over Votes,0,0,0,0,0
McCracken,A115,County Commissioner 2nd District,,,David KNIGHT,19,3,15,1,0
McCracken,A115,County Commissioner 2nd District,,,Jeff PARKER,19,2,17,0,0
McCracken,A115,County Commissioner 2nd District,,,Under Votes,5,0,4,1,0
McCracken,A115,County Commissioner 2nd District,,,Over Votes,0,0,0,0,0
McCracken,A115,County Surveyor,,,William Noel McELYA,28,5,22,1,0
McCracken,A115,County Surveyor,,,Stephen C. CHINO JR.,8,0,8,0,0
McCracken,A115,County Surveyor,,,Under Votes,7,0,6,1,0
McCracken,A115,County Surveyor,,,Over Votes,0,0,0,0,0
McCracken,A115,U.S. Senate,,Democratic,Joshua BLANTON SR.,1,0,1,0,0
McCracken,A115,U.S. Senate,,Democratic,Vincent Anthony THOMPSON,1,0,1,0,0
McCracken,A115,U.S. Senate,,Democratic,Charles BOOKER,17,3,14,0,0
McCracken,A115,U.S. Senate,,Democratic,Pamela STEVENSON,2,0,1,1,0
McCracken,A115,U.S. Senate,,Democratic,Dale Lewis ROMANS,0,0,0,0,0
McCracken,A115,U.S. Senate,,Democratic,Logan FORSYTHE,0,0,0,0,0
McCracken,A115,U.S. Senate,,Democratic,Amy McGRATH,21,2,18,0,1
McCracken,A116,U.S. Senate,,Republican,Other Donald WENZEL,0,0,0,0,0
McCracken,A116,U.S. Senate,,Republican,James D. DUNCAN,1,0,1,0,0
McCracken,A116,U.S. Senate,,Republican,George WASHINGTON,0,0,0,0,0
McCracken,A116,U.S. Senate,,Republican,"Valerie ""Dr Val"" FREDRICK",1,0,1,0,0
McCracken,A116,U.S. Senate,,Republican,Andy BARR,77,10,66,1,0
McCracken,A116,U.S. Senate,,Republican,Nate MORRIS,3,0,3,0,0
McCracken,A116,U.S. Senate,,Republican,Jimmy I. LEON,0,0,0,0,0
McCracken,A116,U.S. Senate,,Republican,A. Nick SHELLEY,0,0,0,0,0
McCracken,A116,U.S. Senate,,Republican,Daniel CAMERON,26,2,23,1,0
McCracken,A116,U.S. Senate,,Republican,Anissa CATLETT,1,0,1,0,0
McCracken,A116,U.S. Senate,,Republican,Michael James FARIS,5,1,2,2,0
McCracken,A116,U.S. Senate,,Republican,Jonathan M. HOLLIDAY,0,0,0,0,0
McCracken,A116,U.S. Senate,,,Under Votes,4,0,4,0,0
McCracken,A116,U.S. Senate,,,Over Votes,1,1,0,0,0
McCracken,A116,Ballots Cast,,,,223,,,,
McCracken,A116,U.S. House,1,Republican,David SIMS,7,2,5,0,0
McCracken,A116,U.S. House,1,Republican,Robert James SUTHERBY,7,2,3,2,0
McCracken,A116,U.S. House,1,Republican,Penny ARCOS,4,0,4,0,0
McCracken,A116,U.S. House,1,Republican,James R. COMER,96,9,85,2,0
McCracken,A116,U.S. House,1,,Under Votes,2,0,2,0,0
McCracken,A116,U.S. House,1,,Over Votes,0,0,0,0,0
McCracken,A116,County Judge/Executive,,,Richard ABRAHAM,17,1,15,1,0
McCracken,A116,County Judge/Executive,,,Craig Zeiss CLYMER,38,8,28,2,0
McCracken,A116,County Judge/Executive,,,Matt MOORE,58,4,53,1,0
McCracken,A116,County Judge/Executive,,,Under Votes,3,0,3,0,0
McCracken,A116,County Judge/Executive,,,Over Votes,0,0,0,0,0
McCracken,A116,County Commissioner 1st District,,,Danielle GUMINSKI,31,2,26,3,0
McCracken,A116,County Commissioner 1st District,,,"J. W. ""Bill"" BARTLEMAN",49,7,42,0,0
McCracken,A116,County Commissioner 1st District,,,Charles Jeffrey LEE SR.,29,4,24,1,0
McCracken,A116,County Commissioner 1st District,,,Under Votes,7,0,7,0,0
McCracken,A116,County Commissioner 1st District,,,Over Votes,0,0,0,0,0
McCracken,A116,County Commissioner 2nd District,,,David KNIGHT,50,7,43,0,0
McCracken,A116,County Commissioner 2nd District,,,Jeff PARKER,59,6,49,4,0
McCracken,A116,County Commissioner 2nd District,,,Under Votes,7,0,7,0,0
McCracken,A116,County Commissioner 2nd District,,,Over Votes,0,0,0,0,0
McCracken,A116,County Surveyor,,,William Noel McELYA,82,6,72,4,0
McCracken,A116,County Surveyor,,,Stephen C. CHINO JR.,18,3,15,0,0
McCracken,A116,County Surveyor,,,Under Votes,16,4,12,0,0
McCracken,A116,County Surveyor,,,Over Votes,0,0,0,0,0
McCracken,A116,U.S. Senate,,Democratic,Joshua BLANTON SR.,0,0,0,0,0
McCracken,A116,U.S. Senate,,Democratic,Vincent Anthony THOMPSON,2,0,2,0,0
McCracken,A116,U.S. Senate,,Democratic,Charles BOOKER,47,5,36,5,1
McCracken,A116,U.S. Senate,,Democratic,Pamela STEVENSON,9,1,6,2,0
McCracken,A116,U.S. Senate,,Democratic,Dale Lewis ROMANS,1,0,1,0,0
McCracken,A116,U.S. Senate,,Democratic,Logan FORSYTHE,5,1,4,0,0
McCracken,A116,U.S. Senate,,Democratic,Amy McGRATH,40,7,31,1,1
McCracken,A117,U.S. Senate,,Republican,Other Donald WENZEL,0,0,0,0,0
McCracken,A117,U.S. Senate,,Republican,James D. DUNCAN,0,0,0,0,0
McCracken,A117,U.S. Senate,,Republican,George WASHINGTON,1,0,1,0,0
McCracken,A117,U.S. Senate,,Republican,"Valerie ""Dr Val"" FREDRICK",0,0,0,0,0
McCracken,A117,U.S. Senate,,Republican,Andy BARR,8,0,8,0,0
McCracken,A117,U.S. Senate,,Republican,Nate MORRIS,1,0,1,0,0
McCracken,A117,U.S. Senate,,Republican,Jimmy I. LEON,0,0,0,0,0
McCracken,A117,U.S. Senate,,Republican,A. Nick SHELLEY,0,0,0,0,0
McCracken,A117,U.S. Senate,,Republican,Daniel CAMERON,1,0,0,1,0
McCracken,A117,U.S. Senate,,Republican,Anissa CATLETT,0,0,0,0,0
McCracken,A117,U.S. Senate,,Republican,Michael James FARIS,3,0,3,0,0
McCracken,A117,U.S. Senate,,Republican,Jonathan M. HOLLIDAY,0,0,0,0,0
McCracken,A117,U.S. Senate,,,Under Votes,1,0,1,0,0
McCracken,A117,U.S. Senate,,,Over Votes,0,0,0,0,0
McCracken,A117,Ballots Cast,,,,18,,,,
McCracken,A117,U.S. House,1,Republican,David SIMS,2,0,1,1,0
McCracken,A117,U.S. House,1,Republican,Robert James SUTHERBY,0,0,0,0,0
McCracken,A117,U.S. House,1,Republican,Penny ARCOS,0,0,0,0,0
McCracken,A117,U.S. House,1,Republican,James R. COMER,12,0,12,0,0
McCracken,A117,U.S. House,1,,Under Votes,0,0,0,0,0
McCracken,A117,U.S. House,1,,Over Votes,0,0,0,0,0
McCracken,A117,County Judge/Executive,,,Richard ABRAHAM,1,0,1,0,0
McCracken,A117,County Judge/Executive,,,Craig Zeiss CLYMER,8,0,8,0,0
McCracken,A117,County Judge/Executive,,,Matt MOORE,5,0,4,1,0
McCracken,A117,County Judge/Executive,,,Under Votes,0,0,0,0,0
McCracken,A117,County Judge/Executive,,,Over Votes,0,0,0,0,0
McCracken,A117,County Commissioner 1st District,,,Danielle GUMINSKI,5,0,4,1,0
McCracken,A117,County Commissioner 1st District,,,"J. W. ""Bill"" BARTLEMAN",6,0,6,0,0
McCracken,A117,County Commissioner 1st District,,,Charles Jeffrey LEE SR.,0,0,0,0,0
McCracken,A117,County Commissioner 1st District,,,Under Votes,3,0,3,0,0
McCracken,A117,County Commissioner 1st District,,,Over Votes,0,0,0,0,0
McCracken,A117,County Commissioner 2nd District,,,David KNIGHT,7,0,6,1,0
McCracken,A117,County Commissioner 2nd District,,,Jeff PARKER,4,0,4,0,0
McCracken,A117,County Commissioner 2nd District,,,Under Votes,3,0,3,0,0
McCracken,A117,County Commissioner 2nd District,,,Over Votes,0,0,0,0,0
McCracken,A117,County Surveyor,,,William Noel McELYA,7,0,6,1,0
McCracken,A117,County Surveyor,,,Stephen C. CHINO JR.,4,0,4,0,0
McCracken,A117,County Surveyor,,,Under Votes,3,0,3,0,0
McCracken,A117,County Surveyor,,,Over Votes,0,0,0,0,0
McCracken,A117,U.S. Senate,,Democratic,Joshua BLANTON SR.,1,0,1,0,0
McCracken,A117,U.S. Senate,,Democratic,Vincent Anthony THOMPSON,0,0,0,0,0
McCracken,A117,U.S. Senate,,Democratic,Charles BOOKER,0,0,0,0,0
McCracken,A117,U.S. Senate,,Democratic,Pamela STEVENSON,0,0,0,0,0
McCracken,A117,U.S. Senate,,Democratic,Dale Lewis ROMANS,0,0,0,0,0
McCracken,A117,U.S. Senate,,Democratic,Logan FORSYTHE,1,0,0,1,0
McCracken,A117,U.S. Senate,,Democratic,Amy McGRATH,1,1,0,0,0
McCracken,A118,U.S. Senate,,Republican,Other Donald WENZEL,0,0,0,0,0
McCracken,A118,U.S. Senate,,Republican,James D. DUNCAN,0,0,0,0,0
McCracken,A118,U.S. Senate,,Republican,George WASHINGTON,2,0,2,0,0
McCracken,A118,U.S. Senate,,Republican,"Valerie ""Dr Val"" FREDRICK",0,0,0,0,0
McCracken,A118,U.S. Senate,,Republican,Andy BARR,139,15,124,0,0
McCracken,A118,U.S. Senate,,Republican,Nate MORRIS,9,1,8,0,0
McCracken,A118,U.S. Senate,,Republican,Jimmy I. LEON,0,0,0,0,0
McCracken,A118,U.S. Senate,,Republican,A. Nick SHELLEY,0,0,0,0,0
McCracken,A118,U.S. Senate,,Republican,Daniel CAMERON,45,4,38,2,1
McCracken,A118,U.S. Senate,,Republican,Anissa CATLETT,0,0,0,0,0
McCracken,A118,U.S. Senate,,Republican,Michael James FARIS,4,0,4,0,0
McCracken,A118,U.S. Senate,,Republican,Jonathan M. HOLLIDAY,0,0,0,0,0
McCracken,A118,U.S. Senate,,,Under Votes,4,0,4,0,0
McCracken,A118,U.S. Senate,,,Over Votes,0,0,0,0,0
McCracken,A118,Ballots Cast,,,,304,,,,
McCracken,A118,U.S. House,1,Republican,David SIMS,8,1,7,0,0
McCracken,A118,U.S. House,1,Republican,Robert James SUTHERBY,4,0,4,0,0
McCracken,A118,U.S. House,1,Republican,Penny ARCOS,4,0,3,1,0
McCracken,A118,U.S. House,1,Republican,James R. COMER,179,17,160,1,1
McCracken,A118,U.S. House,1,,Under Votes,6,2,4,0,0
McCracken,A118,U.S. House,1,,Over Votes,0,0,0,0,0
McCracken,A118,County Judge/Executive,,,Richard ABRAHAM,28,4,23,0,1
McCracken,A118,County Judge/Executive,,,Craig Zeiss CLYMER,104,10,93,1,0
McCracken,A118,County Judge/Executive,,,Matt MOORE,68,6,61,1,0
McCracken,A118,County Judge/Executive,,,Under Votes,1,0,1,0,0
McCracken,A118,County Judge/Executive,,,Over Votes,0,0,0,0,0
McCracken,A118,County Commissioner 1st District,,,Danielle GUMINSKI,25,3,22,0,0
McCracken,A118,County Commissioner 1st District,,,"J. W. ""Bill"" BARTLEMAN",131,11,118,1,1
McCracken,A118,County Commissioner 1st District,,,Charles Jeffrey LEE SR.,33,3,30,0,0
McCracken,A118,County Commissioner 1st District,,,Under Votes,12,3,8,1,0
McCracken,A118,County Commissioner 1st District,,,Over Votes,0,0,0,0,0
McCracken,A118,County Commissioner 2nd District,,,David KNIGHT,84,10,74,0,0
McCracken,A118,County Commissioner 2nd District,,,Jeff PARKER,112,9,100,2,1
McCracken,A118,County Commissioner 2nd District,,,Under Votes,5,1,4,0,0
McCracken,A118,County Commissioner 2nd District,,,Over Votes,0,0,0,0,0
McCracken,A118,County Surveyor,,,William Noel McELYA,123,11,111,1,0
McCracken,A118,County Surveyor,,,Stephen C. CHINO JR.,51,3,48,0,0
McCracken,A118,County Surveyor,,,Under Votes,27,6,19,1,1
McCracken,A118,County Surveyor,,,Over Votes,0,0,0,0,0
McCracken,A118,U.S. Senate,,Democratic,Joshua BLANTON SR.,3,0,3,0,0
McCracken,A118,U.S. Senate,,Democratic,Vincent Anthony THOMPSON,0,0,0,0,0
McCracken,A118,U.S. Senate,,Democratic,Charles BOOKER,44,3,37,3,1
McCracken,A118,U.S. Senate,,Democratic,Pamela STEVENSON,7,1,6,0,0
McCracken,A118,U.S. Senate,,Democratic,Dale Lewis ROMANS,5,1,3,1,0
McCracken,A118,U.S. Senate,,Democratic,Logan FORSYTHE,1,0,0,1,0
McCracken,A118,U.S. Senate,,Democratic,Amy McGRATH,41,5,34,2,0
McCracken,A119,U.S. Senate,,Republican,Other Donald WENZEL,0,0,0,0,0
McCracken,A119,U.S. Senate,,Republican,James D. DUNCAN,0,0,0,0,0
McCracken,A119,U.S. Senate,,Republican,George WASHINGTON,1,1,0,0,0
McCracken,A119,U.S. Senate,,Republican,"Valerie ""Dr Val"" FREDRICK",0,0,0,0,0
McCracken,A119,U.S. Senate,,Republican,Andy BARR,36,5,28,1,2
McCracken,A119,U.S. Senate,,Republican,Nate MORRIS,2,0,2,0,0
McCracken,A119,U.S. Senate,,Republican,Jimmy I. LEON,0,0,0,0,0
McCracken,A119,U.S. Senate,,Republican,A. Nick SHELLEY,2,0,1,1,0
McCracken,A119,U.S. Senate,,Republican,Daniel CAMERON,15,1,14,0,0
McCracken,A119,U.S. Senate,,Republican,Anissa CATLETT,2,0,2,0,0
McCracken,A119,U.S. Senate,,Republican,Michael James FARIS,1,0,1,0,0
McCracken,A119,U.S. Senate,,Republican,Jonathan M. HOLLIDAY,1,0,1,0,0
McCracken,A119,U.S. Senate,,,Under Votes,4,3,1,0,0
McCracken,A119,U.S. Senate,,,Over Votes,0,0,0,0,0
McCracken,A119,Ballots Cast,,,,260,,,,
McCracken,A119,U.S. House,1,Republican,David SIMS,2,0,2,0,0
McCracken,A119,U.S. House,1,Republican,Robert James SUTHERBY,1,0,0,1,0
McCracken,A119,U.S. House,1,Republican,Penny ARCOS,6,0,6,0,0
McCracken,A119,U.S. House,1,Republican,James R. COMER,51,7,41,1,2
McCracken,A119,U.S. House,1,,Under Votes,1,1,0,0,0
McCracken,A119,U.S. House,1,,Over Votes,0,0,0,0,0
McCracken,A119,County Judge/Executive,,,Richard ABRAHAM,14,3,11,0,0
McCracken,A119,County Judge/Executive,,,Craig Zeiss CLYMER,35,4,27,2,2
McCracken,A119,County Judge/Executive,,,Matt MOORE,11,1,10,0,0
McCracken,A119,County Judge/Executive,,,Under Votes,1,0,1,0,0
McCracken,A119,County Judge/Executive,,,Over Votes,0,0,0,0,0
McCracken,A119,County Commissioner 1st District,,,Danielle GUMINSKI,13,3,9,1,0
McCracken,A119,County Commissioner 1st District,,,"J. W. ""Bill"" BARTLEMAN",27,3,21,1,2
McCracken,A119,County Commissioner 1st District,,,Charles Jeffrey LEE SR.,15,1,14,0,0
McCracken,A119,County Commissioner 1st District,,,Under Votes,6,1,5,0,0
McCracken,A119,County Commissioner 1st District,,,Over Votes,0,0,0,0,0
McCracken,A119,County Commissioner 2nd District,,,David KNIGHT,19,5,12,2,0
McCracken,A119,County Commissioner 2nd District,,,Jeff PARKER,37,3,32,0,2
McCracken,A119,County Commissioner 2nd District,,,Under Votes,5,0,5,0,0
McCracken,A119,County Commissioner 2nd District,,,Over Votes,0,0,0,0,0
McCracken,A119,County Surveyor,,,William Noel McELYA,27,3,23,1,0
McCracken,A119,County Surveyor,,,Stephen C. CHINO JR.,26,4,19,1,2
McCracken,A119,County Surveyor,,,Under Votes,8,1,7,0,0
McCracken,A119,County Surveyor,,,Over Votes,0,0,0,0,0
McCracken,A119,U.S. Senate,,Democratic,Joshua BLANTON SR.,3,0,3,0,0
McCracken,A119,U.S. Senate,,Democratic,Vincent Anthony THOMPSON,1,0,1,0,0
McCracken,A119,U.S. Senate,,Democratic,Charles BOOKER,139,12,113,12,2
McCracken,A119,U.S. Senate,,Democratic,Pamela STEVENSON,12,0,9,2,1
McCracken,A119,U.S. Senate,,Democratic,Dale Lewis ROMANS,5,2,3,0,0
McCracken,A119,U.S. Senate,,Democratic,Logan FORSYTHE,4,0,2,0,2
McCracken,A119,U.S. Senate,,Democratic,Amy McGRATH,32,5,21,4,2
McCracken,A120,U.S. Senate,,Republican,Other Donald WENZEL,0,0,0,0,0
McCracken,A120,U.S. Senate,,Republican,James D. DUNCAN,0,0,0,0,0
McCracken,A120,U.S. Senate,,Republican,George WASHINGTON,0,0,0,0,0
McCracken,A120,U.S. Senate,,Republican,"Valerie ""Dr Val"" FREDRICK",2,0,2,0,0
McCracken,A120,U.S. Senate,,Republican,Andy BARR,97,9,88,0,0
McCracken,A120,U.S. Senate,,Republican,Nate MORRIS,3,0,3,0,0
McCracken,A120,U.S. Senate,,Republican,Jimmy I. LEON,0,0,0,0,0
McCracken,A120,U.S. Senate,,Republican,A. Nick SHELLEY,0,0,0,0,0
McCracken,A120,U.S. Senate,,Republican,Daniel CAMERON,26,3,20,3,0
McCracken,A120,U.S. Senate,,Republican,Anissa CATLETT,0,0,0,0,0
McCracken,A120,U.S. Senate,,Republican,Michael James FARIS,0,0,0,0,0
McCracken,A120,U.S. Senate,,Republican,Jonathan M. HOLLIDAY,1,0,1,0,0
McCracken,A120,U.S. Senate,,,Under Votes,5,0,5,0,0
McCracken,A120,U.S. Senate,,,Over Votes,0,0,0,0,0
McCracken,A120,Ballots Cast,,,,181,,,,
McCracken,A120,U.S. House,1,Republican,David SIMS,3,0,3,0,0
McCracken,A120,U.S. House,1,Republican,Robert James SUTHERBY,0,0,0,0,0
McCracken,A120,U.S. House,1,Republican,Penny ARCOS,3,0,3,0,0
McCracken,A120,U.S. House,1,Republican,James R. COMER,120,12,105,3,0
McCracken,A120,U.S. House,1,,Under Votes,7,0,7,0,0
McCracken,A120,U.S. House,1,,Over Votes,0,0,0,0,0
McCracken,A120,State Representative,2,Republican,Kim HOLLOWAY,70,5,65,0,0
McCracken,A120,State Representative,2,Republican,Richard HEATH,56,7,46,3,0
McCracken,A120,State Representative,2,Republican,Nate COX,7,0,7,0,0
McCracken,A120,State Representative,2,,Under Votes,0,0,0,0,0
McCracken,A120,State Representative,2,,Over Votes,0,0,0,0,0
McCracken,A120,County Judge/Executive,,,Richard ABRAHAM,13,0,13,0,0
McCracken,A120,County Judge/Executive,,,Craig Zeiss CLYMER,86,10,73,3,0
McCracken,A120,County Judge/Executive,,,Matt MOORE,31,2,29,0,0
McCracken,A120,County Judge/Executive,,,Under Votes,3,0,3,0,0
McCracken,A120,County Judge/Executive,,,Over Votes,0,0,0,0,0
McCracken,A120,County Commissioner 1st District,,,Danielle GUMINSKI,23,2,21,0,0
McCracken,A120,County Commissioner 1st District,,,"J. W. ""Bill"" BARTLEMAN",86,9,74,3,0
McCracken,A120,County Commissioner 1st District,,,Charles Jeffrey LEE SR.,12,1,11,0,0
McCracken,A120,County Commissioner 1st District,,,Under Votes,12,0,12,0,0
McCracken,A120,County Commissioner 1st District,,,Over Votes,0,0,0,0,0
McCracken,A120,County Commissioner 2nd District,,,David KNIGHT,47,2,45,0,0
McCracken,A120,County Commissioner 2nd District,,,Jeff PARKER,77,10,64,3,0
McCracken,A120,County Commissioner 2nd District,,,Under Votes,9,0,9,0,0
McCracken,A120,County Commissioner 2nd District,,,Over Votes,0,0,0,0,0
McCracken,A120,County Surveyor,,,William Noel McELYA,76,5,71,0,0
McCracken,A120,County Surveyor,,,Stephen C. CHINO JR.,31,5,24,2,0
McCracken,A120,County Surveyor,,,Under Votes,26,2,23,1,0
McCracken,A120,County Surveyor,,,Over Votes,0,0,0,0,0
McCracken,A120,U.S. Senate,,Democratic,Joshua BLANTON SR.,6,0,6,0,0
McCracken,A120,U.S. Senate,,Democratic,Vincent Anthony THOMPSON,2,0,2,0,0
McCracken,A120,U.S. Senate,,Democratic,Charles BOOKER,15,1,14,0,0
McCracken,A120,U.S. Senate,,Democratic,Pamela STEVENSON,0,0,0,0,0
McCracken,A120,U.S. Senate,,Democratic,Dale Lewis ROMANS,0,0,0,0,0
McCracken,A120,U.S. Senate,,Democratic,Logan FORSYTHE,4,0,4,0,0
McCracken,A120,U.S. Senate,,Democratic,Amy McGRATH,20,3,16,1,0
McCracken,A121,U.S. Senate,,Republican,Other Donald WENZEL,0,0,0,0,0
McCracken,A121,U.S. Senate,,Republican,James D. DUNCAN,1,0,1,0,0
McCracken,A121,U.S. Senate,,Republican,George WASHINGTON,0,0,0,0,0
McCracken,A121,U.S. Senate,,Republican,"Valerie ""Dr Val"" FREDRICK",0,0,0,0,0
McCracken,A121,U.S. Senate,,Republican,Andy BARR,65,7,55,0,3
McCracken,A121,U.S. Senate,,Republican,Nate MORRIS,2,0,2,0,0
McCracken,A121,U.S. Senate,,Republican,Jimmy I. LEON,0,0,0,0,0
McCracken,A121,U.S. Senate,,Republican,A. Nick SHELLEY,0,0,0,0,0
McCracken,A121,U.S. Senate,,Republican,Daniel CAMERON,30,2,27,1,0
McCracken,A121,U.S. Senate,,Republican,Anissa CATLETT,1,0,1,0,0
McCracken,A121,U.S. Senate,,Republican,Michael James FARIS,1,0,1,0,0
McCracken,A121,U.S. Senate,,Republican,Jonathan M. HOLLIDAY,0,0,0,0,0
McCracken,A121,U.S. Senate,,,Under Votes,3,0,3,0,0
McCracken,A121,U.S. Senate,,,Over Votes,0,0,0,0,0
McCracken,A121,Ballots Cast,,,,145,,,,
McCracken,A121,U.S. House,1,Republican,David SIMS,3,0,3,0,0
McCracken,A121,U.S. House,1,Republican,Robert James SUTHERBY,2,1,1,0,0
McCracken,A121,U.S. House,1,Republican,Penny ARCOS,2,0,2,0,0
McCracken,A121,U.S. House,1,Republican,James R. COMER,91,8,79,1,3
McCracken,A121,U.S. House,1,,Under Votes,5,0,5,0,0
McCracken,A121,U.S. House,1,,Over Votes,0,0,0,0,0
McCracken,A121,State Representative,2,Republican,Kim HOLLOWAY,52,6,45,1,0
McCracken,A121,State Representative,2,Republican,Richard HEATH,42,2,37,0,3
McCracken,A121,State Representative,2,Republican,Nate COX,5,1,4,0,0
McCracken,A121,State Representative,2,,Under Votes,4,0,4,0,0
McCracken,A121,State Representative,2,,Over Votes,0,0,0,0,0
McCracken,A121,County Judge/Executive,,,Richard ABRAHAM,17,5,12,0,0
McCracken,A121,County Judge/Executive,,,Craig Zeiss CLYMER,57,3,50,1,3
McCracken,A121,County Judge/Executive,,,Matt MOORE,28,1,27,0,0
McCracken,A121,County Judge/Executive,,,Under Votes,1,0,1,0,0
McCracken,A121,County Judge/Executive,,,Over Votes,0,0,0,0,0
McCracken,A121,County Commissioner 1st District,,,Danielle GUMINSKI,12,2,10,0,0
McCracken,A121,County Commissioner 1st District,,,"J. W. ""Bill"" BARTLEMAN",62,5,53,1,3
McCracken,A121,County Commissioner 1st District,,,Charles Jeffrey LEE SR.,17,2,15,0,0
McCracken,A121,County Commissioner 1st District,,,Under Votes,12,0,12,0,0
McCracken,A121,County Commissioner 1st District,,,Over Votes,0,0,0,0,0
McCracken,A121,County Commissioner 2nd District,,,David KNIGHT,38,4,33,1,0
McCracken,A121,County Commissioner 2nd District,,,Jeff PARKER,58,5,50,0,3
McCracken,A121,County Commissioner 2nd District,,,Under Votes,7,0,7,0,0
McCracken,A121,County Commissioner 2nd District,,,Over Votes,0,0,0,0,0
McCracken,A121,County Surveyor,,,William Noel McELYA,51,6,42,1,2
McCracken,A121,County Surveyor,,,Stephen C. CHINO JR.,24,3,21,0,0
McCracken,A121,County Surveyor,,,Under Votes,28,0,27,0,1
McCracken,A121,County Surveyor,,,Over Votes,0,0,0,0,0
McCracken,A121,U.S. Senate,,Democratic,Joshua BLANTON SR.,0,0,0,0,0
McCracken,A121,U.S. Senate,,Democratic,Vincent Anthony THOMPSON,0,0,0,0,0
McCracken,A121,U.S. Senate,,Democratic,Charles BOOKER,24,2,19,2,1
McCracken,A121,U.S. Senate,,Democratic,Pamela STEVENSON,3,0,3,0,0
McCracken,A121,U.S. Senate,,Democratic,Dale Lewis ROMANS,1,0,1,0,0
McCracken,A121,U.S. Senate,,Democratic,Logan FORSYTHE,1,1,0,0,0
McCracken,A121,U.S. Senate,,Democratic,Amy McGRATH,13,0,13,0,0
McCracken,A122,U.S. Senate,,Republican,Other Donald WENZEL,0,0,0,0,0
McCracken,A122,U.S. Senate,,Republican,James D. DUNCAN,1,0,1,0,0
McCracken,A122,U.S. Senate,,Republican,George WASHINGTON,2,0,2,0,0
McCracken,A122,U.S. Senate,,Republican,"Valerie ""Dr Val"" FREDRICK",2,0,2,0,0
McCracken,A122,U.S. Senate,,Republican,Andy BARR,135,14,117,2,2
McCracken,A122,U.S. Senate,,Republican,Nate MORRIS,8,0,8,0,0
McCracken,A122,U.S. Senate,,Republican,Jimmy I. LEON,0,0,0,0,0
McCracken,A122,U.S. Senate,,Republican,A. Nick SHELLEY,0,0,0,0,0
McCracken,A122,U.S. Senate,,Republican,Daniel CAMERON,48,3,43,2,0
McCracken,A122,U.S. Senate,,Republican,Anissa CATLETT,2,0,2,0,0
McCracken,A122,U.S. Senate,,Republican,Michael James FARIS,2,0,2,0,0
McCracken,A122,U.S. Senate,,Republican,Jonathan M. HOLLIDAY,3,0,2,1,0
McCracken,A122,U.S. Senate,,,Under Votes,6,1,5,0,0
McCracken,A122,U.S. Senate,,,Over Votes,0,0,0,0,0
McCracken,A122,Ballots Cast,,,,306,,,,
McCracken,A122,U.S. House,1,Republican,David SIMS,10,0,9,1,0
McCracken,A122,U.S. House,1,Republican,Robert James SUTHERBY,5,0,5,0,0
McCracken,A122,U.S. House,1,Republican,Penny ARCOS,4,0,4,0,0
McCracken,A122,U.S. House,1,Republican,James R. COMER,180,16,158,4,2
McCracken,A122,U.S. House,1,,Under Votes,8,1,7,0,0
McCracken,A122,U.S. House,1,,Over Votes,0,0,0,0,0
McCracken,A122,State Representative,2,Republican,Kim HOLLOWAY,152,11,136,3,2
McCracken,A122,State Representative,2,Republican,Richard HEATH,48,5,41,2,0
McCracken,A122,State Representative,2,Republican,Nate COX,5,1,4,0,0
McCracken,A122,State Representative,2,,Under Votes,2,0,2,0,0
McCracken,A122,State Representative,2,,Over Votes,0,0,0,0,0
McCracken,A122,County Judge/Executive,,,Richard ABRAHAM,41,1,39,1,0
McCracken,A122,County Judge/Executive,,,Craig Zeiss CLYMER,103,9,89,4,1
McCracken,A122,County Judge/Executive,,,Matt MOORE,57,7,49,0,1
McCracken,A122,County Judge/Executive,,,Under Votes,6,0,6,0,0
McCracken,A122,County Judge/Executive,,,Over Votes,0,0,0,0,0
McCracken,A122,County Commissioner 1st District,,,Danielle GUMINSKI,31,2,28,0,1
McCracken,A122,County Commissioner 1st District,,,"J. W. ""Bill"" BARTLEMAN",135,11,120,3,1
McCracken,A122,County Commissioner 1st District,,,Charles Jeffrey LEE SR.,23,3,19,1,0
McCracken,A122,County Commissioner 1st District,,,Under Votes,18,1,16,1,0
McCracken,A122,County Commissioner 1st District,,,Over Votes,0,0,0,0,0
McCracken,A122,County Commissioner 2nd District,,,David KNIGHT,75,6,69,0,0
McCracken,A122,County Commissioner 2nd District,,,Jeff PARKER,121,10,104,5,2
McCracken,A122,County Commissioner 2nd District,,,Under Votes,11,1,10,0,0
McCracken,A122,County Commissioner 2nd District,,,Over Votes,0,0,0,0,0
McCracken,A122,County Surveyor,,,William Noel McELYA,125,11,113,0,1
McCracken,A122,County Surveyor,,,Stephen C. CHINO JR.,43,4,34,4,1
McCracken,A122,County Surveyor,,,Under Votes,39,2,36,1,0
McCracken,A122,County Surveyor,,,Over Votes,0,0,0,0,0
McCracken,A122,U.S. Senate,,Democratic,Joshua BLANTON SR.,2,0,2,0,0
McCracken,A122,U.S. Senate,,Democratic,Vincent Anthony THOMPSON,0,0,0,0,0
McCracken,A122,U.S. Senate,,Democratic,Charles BOOKER,34,5,24,4,1
McCracken,A122,U.S. Senate,,Democratic,Pamela STEVENSON,8,1,7,0,0
McCracken,A122,U.S. Senate,,Democratic,Dale Lewis ROMANS,3,1,2,0,0
McCracken,A122,U.S. Senate,,Democratic,Logan FORSYTHE,3,1,2,0,0
McCracken,A122,U.S. Senate,,Democratic,Amy McGRATH,47,4,42,1,0
McCracken,A124,U.S. Senate,,Republican,Other Donald WENZEL,0,0,0,0,0
McCracken,A124,U.S. Senate,,Republican,James D. DUNCAN,2,0,2,0,0
McCracken,A124,U.S. Senate,,Republican,George WASHINGTON,0,0,0,0,0
McCracken,A124,U.S. Senate,,Republican,"Valerie ""Dr Val"" FREDRICK",0,0,0,0,0
McCracken,A124,U.S. Senate,,Republican,Andy BARR,47,9,36,2,0
McCracken,A124,U.S. Senate,,Republican,Nate MORRIS,5,0,5,0,0
McCracken,A124,U.S. Senate,,Republican,Jimmy I. LEON,0,0,0,0,0
McCracken,A124,U.S. Senate,,Republican,A. Nick SHELLEY,0,0,0,0,0
McCracken,A124,U.S. Senate,,Republican,Daniel CAMERON,21,2,18,0,1
McCracken,A124,U.S. Senate,,Republican,Anissa CATLETT,0,0,0,0,0
McCracken,A124,U.S. Senate,,Republican,Michael James FARIS,2,0,2,0,0
McCracken,A124,U.S. Senate,,Republican,Jonathan M. HOLLIDAY,0,0,0,0,0
McCracken,A124,U.S. Senate,,,Under Votes,1,0,1,0,0
McCracken,A124,U.S. Senate,,,Over Votes,0,0,0,0,0
McCracken,A124,Ballots Cast,,,,135,,,,
McCracken,A124,U.S. House,1,Republican,David SIMS,4,0,4,0,0
McCracken,A124,U.S. House,1,Republican,Robert James SUTHERBY,2,0,2,0,0
McCracken,A124,U.S. House,1,Republican,Penny ARCOS,3,0,3,0,0
McCracken,A124,U.S. House,1,Republican,James R. COMER,67,11,53,2,1
McCracken,A124,U.S. House,1,,Under Votes,1,0,1,0,0
McCracken,A124,U.S. House,1,,Over Votes,0,0,0,0,0
McCracken,A124,County Judge/Executive,,,Richard ABRAHAM,14,3,11,0,0
McCracken,A124,County Judge/Executive,,,Craig Zeiss CLYMER,30,4,23,2,1
McCracken,A124,County Judge/Executive,,,Matt MOORE,30,4,26,0,0
McCracken,A124,County Judge/Executive,,,Under Votes,3,0,3,0,0
McCracken,A124,County Judge/Executive,,,Over Votes,0,0,0,0,0
McCracken,A124,County Commissioner 1st District,,,Danielle GUMINSKI,8,1,7,0,0
McCracken,A124,County Commissioner 1st District,,,"J. W. ""Bill"" BARTLEMAN",51,8,40,2,1
McCracken,A124,County Commissioner 1st District,,,Charles Jeffrey LEE SR.,12,1,11,0,0
McCracken,A124,County Commissioner 1st District,,,Under Votes,6,1,5,0,0
McCracken,A124,County Commissioner 1st District,,,Over Votes,0,0,0,0,0
McCracken,A124,County Commissioner 2nd District,,,David KNIGHT,29,3,26,0,0
McCracken,A124,County Commissioner 2nd District,,,Jeff PARKER,43,8,33,1,1
McCracken,A124,County Commissioner 2nd District,,,Under Votes,5,0,4,1,0
McCracken,A124,County Commissioner 2nd District,,,Over Votes,0,0,0,0,0
McCracken,A124,County Surveyor,,,William Noel McELYA,45,6,37,1,1
McCracken,A124,County Surveyor,,,Stephen C. CHINO JR.,15,1,14,0,0
McCracken,A124,County Surveyor,,,Under Votes,17,4,12,1,0
McCracken,A124,County Surveyor,,,Over Votes,0,0,0,0,0
McCracken,A124,U.S. Senate,,Democratic,Joshua BLANTON SR.,0,0,0,0,0
McCracken,A124,U.S. Senate,,Democratic,Vincent Anthony THOMPSON,0,0,0,0,0
McCracken,A124,U.S. Senate,,Democratic,Charles BOOKER,24,4,17,3,0
McCracken,A124,U.S. Senate,,Democratic,Pamela STEVENSON,2,0,2,0,0
McCracken,A124,U.S. Senate,,Democratic,Dale Lewis ROMANS,5,1,4,0,0
McCracken,A124,U.S. Senate,,Democratic,Logan FORSYTHE,0,0,0,0,0
McCracken,A124,U.S. Senate,,Democratic,Amy McGRATH,26,0,24,2,0
McCracken,A125,U.S. Senate,,Republican,Other Donald WENZEL,0,0,0,0,0
McCracken,A125,U.S. Senate,,Republican,James D. DUNCAN,0,0,0,0,0
McCracken,A125,U.S. Senate,,Republican,George WASHINGTON,0,0,0,0,0
McCracken,A125,U.S. Senate,,Republican,"Valerie ""Dr Val"" FREDRICK",0,0,0,0,0
McCracken,A125,U.S. Senate,,Republican,Andy BARR,0,0,0,0,0
McCracken,A125,U.S. Senate,,Republican,Nate MORRIS,0,0,0,0,0
McCracken,A125,U.S. Senate,,Republican,Jimmy I. LEON,0,0,0,0,0
McCracken,A125,U.S. Senate,,Republican,A. Nick SHELLEY,0,0,0,0,0
McCracken,A125,U.S. Senate,,Republican,Daniel CAMERON,0,0,0,0,0
McCracken,A125,U.S. Senate,,Republican,Anissa CATLETT,0,0,0,0,0
McCracken,A125,U.S. Senate,,Republican,Michael James FARIS,0,0,0,0,0
McCracken,A125,U.S. Senate,,Republican,Jonathan M. HOLLIDAY,0,0,0,0,0
McCracken,A125,U.S. Senate,,,Under Votes,0,0,0,0,0
McCracken,A125,U.S. Senate,,,Over Votes,0,0,0,0,0
McCracken,A125,Ballots Cast,,,,0,,,,
McCracken,A125,U.S. House,1,Republican,David SIMS,0,0,0,0,0
McCracken,A125,U.S. House,1,Republican,Robert James SUTHERBY,0,0,0,0,0
McCracken,A125,U.S. House,1,Republican,Penny ARCOS,0,0,0,0,0
McCracken,A125,U.S. House,1,Republican,James R. COMER,0,0,0,0,0
McCracken,A125,U.S. House,1,,Under Votes,0,0,0,0,0
McCracken,A125,U.S. House,1,,Over Votes,0,0,0,0,0
McCracken,A125,County Judge/Executive,,,Richard ABRAHAM,0,0,0,0,0
McCracken,A125,County Judge/Executive,,,Craig Zeiss CLYMER,0,0,0,0,0
McCracken,A125,County Judge/Executive,,,Matt MOORE,0,0,0,0,0
McCracken,A125,County Judge/Executive,,,Under Votes,0,0,0,0,0
McCracken,A125,County Judge/Executive,,,Over Votes,0,0,0,0,0
McCracken,A125,County Commissioner 1st District,,,Danielle GUMINSKI,0,0,0,0,0
McCracken,A125,County Commissioner 1st District,,,"J. W. ""Bill"" BARTLEMAN",0,0,0,0,0
McCracken,A125,County Commissioner 1st District,,,Charles Jeffrey LEE SR.,0,0,0,0,0
McCracken,A125,County Commissioner 1st District,,,Under Votes,0,0,0,0,0
McCracken,A125,County Commissioner 1st District,,,Over Votes,0,0,0,0,0
McCracken,A125,County Commissioner 2nd District,,,David KNIGHT,0,0,0,0,0
McCracken,A125,County Commissioner 2nd District,,,Jeff PARKER,0,0,0,0,0
McCracken,A125,County Commissioner 2nd District,,,Under Votes,0,0,0,0,0
McCracken,A125,County Commissioner 2nd District,,,Over Votes,0,0,0,0,0
McCracken,A125,County Surveyor,,,William Noel McELYA,0,0,0,0,0
McCracken,A125,County Surveyor,,,Stephen C. CHINO JR.,0,0,0,0,0
McCracken,A125,County Surveyor,,,Under Votes,0,0,0,0,0
McCracken,A125,County Surveyor,,,Over Votes,0,0,0,0,0
McCracken,A125,U.S. Senate,,Democratic,Joshua BLANTON SR.,0,0,0,0,0
McCracken,A125,U.S. Senate,,Democratic,Vincent Anthony THOMPSON,0,0,0,0,0
McCracken,A125,U.S. Senate,,Democratic,Charles BOOKER,0,0,0,0,0
McCracken,A125,U.S. Senate,,Democratic,Pamela STEVENSON,0,0,0,0,0
McCracken,A125,U.S. Senate,,Democratic,Dale Lewis ROMANS,0,0,0,0,0
McCracken,A125,U.S. Senate,,Democratic,Logan FORSYTHE,0,0,0,0,0
McCracken,A125,U.S. Senate,,Democratic,Amy McGRATH,0,0,0,0,0
McCracken,A126,U.S. Senate,,Republican,Other Donald WENZEL,0,0,0,0,0
McCracken,A126,U.S. Senate,,Republican,James D. DUNCAN,0,0,0,0,0
McCracken,A126,U.S. Senate,,Republican,George WASHINGTON,0,0,0,0,0
McCracken,A126,U.S. Senate,,Republican,"Valerie ""Dr Val"" FREDRICK",0,0,0,0,0
McCracken,A126,U.S. Senate,,Republican,Andy BARR,0,0,0,0,0
McCracken,A126,U.S. Senate,,Republican,Nate MORRIS,0,0,0,0,0
McCracken,A126,U.S. Senate,,Republican,Jimmy I. LEON,0,0,0,0,0
McCracken,A126,U.S. Senate,,Republican,A. Nick SHELLEY,0,0,0,0,0
McCracken,A126,U.S. Senate,,Republican,Daniel CAMERON,0,0,0,0,0
McCracken,A126,U.S. Senate,,Republican,Anissa CATLETT,0,0,0,0,0
McCracken,A126,U.S. Senate,,Republican,Michael James FARIS,0,0,0,0,0
McCracken,A126,U.S. Senate,,Republican,Jonathan M. HOLLIDAY,0,0,0,0,0
McCracken,A126,U.S. Senate,,,Under Votes,0,0,0,0,0
McCracken,A126,U.S. Senate,,,Over Votes,0,0,0,0,0
McCracken,A126,Ballots Cast,,,,0,,,,
McCracken,A126,U.S. House,1,Republican,David SIMS,0,0,0,0,0
McCracken,A126,U.S. House,1,Republican,Robert James SUTHERBY,0,0,0,0,0
McCracken,A126,U.S. House,1,Republican,Penny ARCOS,0,0,0,0,0
McCracken,A126,U.S. House,1,Republican,James R. COMER,0,0,0,0,0
McCracken,A126,U.S. House,1,,Under Votes,0,0,0,0,0
McCracken,A126,U.S. House,1,,Over Votes,0,0,0,0,0
McCracken,A126,County Judge/Executive,,,Richard ABRAHAM,0,0,0,0,0
McCracken,A126,County Judge/Executive,,,Craig Zeiss CLYMER,0,0,0,0,0
McCracken,A126,County Judge/Executive,,,Matt MOORE,0,0,0,0,0
McCracken,A126,County Judge/Executive,,,Under Votes,0,0,0,0,0
McCracken,A126,County Judge/Executive,,,Over Votes,0,0,0,0,0
McCracken,A126,County Commissioner 1st District,,,Danielle GUMINSKI,0,0,0,0,0
McCracken,A126,County Commissioner 1st District,,,"J. W. ""Bill"" BARTLEMAN",0,0,0,0,0
McCracken,A126,County Commissioner 1st District,,,Charles Jeffrey LEE SR.,0,0,0,0,0
McCracken,A126,County Commissioner 1st District,,,Under Votes,0,0,0,0,0
McCracken,A126,County Commissioner 1st District,,,Over Votes,0,0,0,0,0
McCracken,A126,County Commissioner 2nd District,,,David KNIGHT,0,0,0,0,0
McCracken,A126,County Commissioner 2nd District,,,Jeff PARKER,0,0,0,0,0
McCracken,A126,County Commissioner 2nd District,,,Under Votes,0,0,0,0,0
McCracken,A126,County Commissioner 2nd District,,,Over Votes,0,0,0,0,0
McCracken,A126,County Surveyor,,,William Noel McELYA,0,0,0,0,0
McCracken,A126,County Surveyor,,,Stephen C. CHINO JR.,0,0,0,0,0
McCracken,A126,County Surveyor,,,Under Votes,0,0,0,0,0
McCracken,A126,County Surveyor,,,Over Votes,0,0,0,0,0
McCracken,A126,U.S. Senate,,Democratic,Joshua BLANTON SR.,0,0,0,0,0
McCracken,A126,U.S. Senate,,Democratic,Vincent Anthony THOMPSON,0,0,0,0,0
McCracken,A126,U.S. Senate,,Democratic,Charles BOOKER,0,0,0,0,0
McCracken,A126,U.S. Senate,,Democratic,Pamela STEVENSON,0,0,0,0,0
McCracken,A126,U.S. Senate,,Democratic,Dale Lewis ROMANS,0,0,0,0,0
McCracken,A126,U.S. Senate,,Democratic,Logan FORSYTHE,0,0,0,0,0
McCracken,A126,U.S. Senate,,Democratic,Amy McGRATH,0,0,0,0,0
McCracken,B113,U.S. Senate,,Republican,Other Donald WENZEL,1,0,1,0,0
McCracken,B113,U.S. Senate,,Republican,James D. DUNCAN,0,0,0,0,0
McCracken,B113,U.S. Senate,,Republican,George WASHINGTON,2,0,2,0,0
McCracken,B113,U.S. Senate,,Republican,"Valerie ""Dr Val"" FREDRICK",2,0,2,0,0
McCracken,B113,U.S. Senate,,Republican,Andy BARR,44,8,33,2,1
McCracken,B113,U.S. Senate,,Republican,Nate MORRIS,3,0,1,2,0
McCracken,B113,U.S. Senate,,Republican,Jimmy I. LEON,1,0,1,0,0
McCracken,B113,U.S. Senate,,Republican,A. Nick SHELLEY,0,0,0,0,0
McCracken,B113,U.S. Senate,,Republican,Daniel CAMERON,16,2,13,1,0
McCracken,B113,U.S. Senate,,Republican,Anissa CATLETT,0,0,0,0,0
McCracken,B113,U.S. Senate,,Republican,Michael James FARIS,1,0,1,0,0
McCracken,B113,U.S. Senate,,Republican,Jonathan M. HOLLIDAY,3,0,2,1,0
McCracken,B113,U.S. Senate,,,Under Votes,0,0,0,0,0
McCracken,B113,U.S. Senate,,,Over Votes,0,0,0,0,0
McCracken,B113,Ballots Cast,,,,189,,,,
McCracken,B113,U.S. House,1,Republican,David SIMS,7,0,5,1,1
McCracken,B113,U.S. House,1,Republican,Robert James SUTHERBY,2,0,2,0,0
McCracken,B113,U.S. House,1,Republican,Penny ARCOS,2,0,2,0,0
McCracken,B113,U.S. House,1,Republican,James R. COMER,61,10,47,4,0
McCracken,B113,U.S. House,1,,Under Votes,1,0,0,1,0
McCracken,B113,U.S. House,1,,Over Votes,0,0,0,0,0
McCracken,B113,County Judge/Executive,,,Richard ABRAHAM,12,1,8,3,0
McCracken,B113,County Judge/Executive,,,Craig Zeiss CLYMER,35,5,27,2,1
McCracken,B113,County Judge/Executive,,,Matt MOORE,23,4,19,0,0
McCracken,B113,County Judge/Executive,,,Under Votes,3,0,2,1,0
McCracken,B113,County Judge/Executive,,,Over Votes,0,0,0,0,0
McCracken,B113,County Commissioner 1st District,,,Danielle GUMINSKI,13,1,11,0,1
McCracken,B113,County Commissioner 1st District,,,"J. W. ""Bill"" BARTLEMAN",45,8,34,3,0
McCracken,B113,County Commissioner 1st District,,,Charles Jeffrey LEE SR.,7,1,5,1,0
McCracken,B113,County Commissioner 1st District,,,Under Votes,8,0,6,2,0
McCracken,B113,County Commissioner 1st District,,,Over Votes,0,0,0,0,0
McCracken,B113,County Commissioner 2nd District,,,David KNIGHT,32,3,26,2,1
McCracken,B113,County Commissioner 2nd District,,,Jeff PARKER,31,5,24,2,0
McCracken,B113,County Commissioner 2nd District,,,Under Votes,10,2,6,2,0
McCracken,B113,County Commissioner 2nd District,,,Over Votes,0,0,0,0,0
McCracken,B113,County Surveyor,,,William Noel McELYA,40,5,32,2,1
McCracken,B113,County Surveyor,,,Stephen C. CHINO JR.,17,2,13,2,0
McCracken,B113,County Surveyor,,,Under Votes,16,3,11,2,0
McCracken,B113,County Surveyor,,,Over Votes,0,0,0,0,0
McCracken,B113,U.S. Senate,,Democratic,Joshua BLANTON SR.,6,0,6,0,0
McCracken,B113,U.S. Senate,,Democratic,Vincent Anthony THOMPSON,2,1,1,0,0
McCracken,B113,U.S. Senate,,Democratic,Charles BOOKER,61,18,39,3,1
McCracken,B113,U.S. Senate,,Democratic,Pamela STEVENSON,12,0,11,1,0
McCracken,B113,U.S. Senate,,Democratic,Dale Lewis ROMANS,0,0,0,0,0
McCracken,B113,U.S. Senate,,Democratic,Logan FORSYTHE,4,0,4,0,0
McCracken,B113,U.S. Senate,,Democratic,Amy McGRATH,31,1,25,5,0
McCracken,B117,U.S. Senate,,Republican,Other Donald WENZEL,0,0,0,0,0
McCracken,B117,U.S. Senate,,Republican,James D. DUNCAN,0,0,0,0,0
McCracken,B117,U.S. Senate,,Republican,George WASHINGTON,2,0,2,0,0
McCracken,B117,U.S. Senate,,Republican,"Valerie ""Dr Val"" FREDRICK",0,0,0,0,0
McCracken,B117,U.S. Senate,,Republican,Andy BARR,145,7,129,7,2
McCracken,B117,U.S. Senate,,Republican,Nate MORRIS,7,0,6,0,1
McCracken,B117,U.S. Senate,,Republican,Jimmy I. LEON,0,0,0,0,0
McCracken,B117,U.S. Senate,,Republican,A. Nick SHELLEY,0,0,0,0,0
McCracken,B117,U.S. Senate,,Republican,Daniel CAMERON,48,3,44,0,1
McCracken,B117,U.S. Senate,,Republican,Anissa CATLETT,3,0,3,0,0
McCracken,B117,U.S. Senate,,Republican,Michael James FARIS,1,0,1,0,0
McCracken,B117,U.S. Senate,,Republican,Jonathan M. HOLLIDAY,2,0,2,0,0
McCracken,B117,U.S. Senate,,,Under Votes,2,0,2,0,0
McCracken,B117,U.S. Senate,,,Over Votes,1,0,1,0,0
McCracken,B117,Ballots Cast,,,,293,,,,
McCracken,B117,U.S. House,1,Republican,David SIMS,8,0,8,0,0
McCracken,B117,U.S. House,1,Republican,Robert James SUTHERBY,2,0,2,0,0
McCracken,B117,U.S. House,1,Republican,Penny ARCOS,2,0,2,0,0
McCracken,B117,U.S. House,1,Republican,James R. COMER,189,10,169,7,3
McCracken,B117,U.S. House,1,,Under Votes,10,0,9,0,1
McCracken,B117,U.S. House,1,,Over Votes,0,0,0,0,0
McCracken,B117,State Representative,2,Republican,Kim HOLLOWAY,120,5,107,4,4
McCracken,B117,State Representative,2,Republican,Richard HEATH,70,5,63,2,0
McCracken,B117,State Representative,2,Republican,Nate COX,11,0,11,0,0
McCracken,B117,State Representative,2,,Under Votes,10,0,9,1,0
McCracken,B117,State Representative,2,,Over Votes,0,0,0,0,0
McCracken,B117,County Judge/Executive,,,Richard ABRAHAM,30,2,26,2,0
McCracken,B117,County Judge/Executive,,,Craig Zeiss CLYMER,118,6,106,4,2
McCracken,B117,County Judge/Executive,,,Matt MOORE,60,1,56,1,2
McCracken,B117,County Judge/Executive,,,Under Votes,3,1,2,0,0
McCracken,B117,County Judge/Executive,,,Over Votes,0,0,0,0,0
McCracken,B117,County Commissioner 1st District,,,Danielle GUMINSKI,22,0,22,0,0
McCracken,B117,County Commissioner 1st District,,,"J. W. ""Bill"" BARTLEMAN",130,5,120,4,1
McCracken,B117,County Commissioner 1st District,,,Charles Jeffrey LEE SR.,28,2,24,0,2
McCracken,B117,County Commissioner 1st District,,,Under Votes,31,3,24,3,1
McCracken,B117,County Commissioner 1st District,,,Over Votes,0,0,0,0,0
McCracken,B117,County Commissioner 2nd District,,,David KNIGHT,69,3,63,0,3
McCracken,B117,County Commissioner 2nd District,,,Jeff PARKER,134,7,120,6,1
McCracken,B117,County Commissioner 2nd District,,,Under Votes,8,0,7,1,0
McCracken,B117,County Commissioner 2nd District,,,Over Votes,0,0,0,0,0
McCracken,B117,County Surveyor,,,William Noel McELYA,110,5,100,4,1
McCracken,B117,County Surveyor,,,Stephen C. CHINO JR.,48,1,43,1,3
McCracken,B117,County Surveyor,,,Under Votes,53,4,47,2,0
McCracken,B117,County Surveyor,,,Over Votes,0,0,0,0,0
McCracken,B117,U.S. Senate,,Democratic,Joshua BLANTON SR.,0,0,0,0,0
McCracken,B117,U.S. Senate,,Democratic,Vincent Anthony THOMPSON,0,0,0,0,0
McCracken,B117,U.S. Senate,,Democratic,Charles BOOKER,31,2,28,1,0
McCracken,B117,U.S. Senate,,Democratic,Pamela STEVENSON,1,0,1,0,0
McCracken,B117,U.S. Senate,,Democratic,Dale Lewis ROMANS,1,1,0,0,0
McCracken,B117,U.S. Senate,,Democratic,Logan FORSYTHE,2,0,2,0,0
McCracken,B117,U.S. Senate,,Democratic,Amy McGRATH,47,5,38,4,0
McCracken,B118,U.S. Senate,,Republican,Other Donald WENZEL,0,0,0,0,0
McCracken,B118,U.S. Senate,,Republican,James D. DUNCAN,1,1,0,0,0
McCracken,B118,U.S. Senate,,Republican,George WASHINGTON,0,0,0,0,0
McCracken,B118,U.S. Senate,,Republican,"Valerie ""Dr Val"" FREDRICK",0,0,0,0,0
McCracken,B118,U.S. Senate,,Republican,Andy BARR,59,6,52,1,0
McCracken,B118,U.S. Senate,,Republican,Nate MORRIS,9,1,5,3,0
McCracken,B118,U.S. Senate,,Republican,Jimmy I. LEON,0,0,0,0,0
McCracken,B118,U.S. Senate,,Republican,A. Nick SHELLEY,0,0,0,0,0
McCracken,B118,U.S. Senate,,Republican,Daniel CAMERON,17,6,8,3,0
McCracken,B118,U.S. Senate,,Republican,Anissa CATLETT,3,1,2,0,0
McCracken,B118,U.S. Senate,,Republican,Michael James FARIS,1,0,0,1,0
McCracken,B118,U.S. Senate,,Republican,Jonathan M. HOLLIDAY,1,1,0,0,0
McCracken,B118,U.S. Senate,,,Under Votes,4,1,3,0,0
McCracken,B118,U.S. Senate,,,Over Votes,0,0,0,0,0
McCracken,B118,Ballots Cast,,,,237,,,,
McCracken,B118,U.S. House,1,Republican,David SIMS,9,1,7,1,0
McCracken,B118,U.S. House,1,Republican,Robert James SUTHERBY,3,1,2,0,0
McCracken,B118,U.S. House,1,Republican,Penny ARCOS,5,1,3,1,0
McCracken,B118,U.S. House,1,Republican,James R. COMER,73,13,54,6,0
McCracken,B118,U.S. House,1,,Under Votes,4,1,3,0,0
McCracken,B118,U.S. House,1,,Over Votes,0,0,0,0,0
McCracken,B118,County Judge/Executive,,,Richard ABRAHAM,36,7,24,5,0
McCracken,B118,County Judge/Executive,,,Craig Zeiss CLYMER,35,8,25,2,0
McCracken,B118,County Judge/Executive,,,Matt MOORE,22,2,19,1,0
McCracken,B118,County Judge/Executive,,,Under Votes,1,0,1,0,0
McCracken,B118,County Judge/Executive,,,Over Votes,0,0,0,0,0
McCracken,B118,County Commissioner 1st District,,,Danielle GUMINSKI,16,4,11,1,0
McCracken,B118,County Commissioner 1st District,,,"J. W. ""Bill"" BARTLEMAN",45,7,35,3,0
McCracken,B118,County Commissioner 1st District,,,Charles Jeffrey LEE SR.,28,4,20,4,0
McCracken,B118,County Commissioner 1st District,,,Under Votes,5,2,3,0,0
McCracken,B118,County Commissioner 1st District,,,Over Votes,0,0,0,0,0
McCracken,B118,County Commissioner 2nd District,,,David KNIGHT,49,6,38,5,0
McCracken,B118,County Commissioner 2nd District,,,Jeff PARKER,38,10,25,3,0
McCracken,B118,County Commissioner 2nd District,,,Under Votes,7,1,6,0,0
McCracken,B118,County Commissioner 2nd District,,,Over Votes,0,0,0,0,0
McCracken,B118,County Surveyor,,,William Noel McELYA,54,8,41,5,0
McCracken,B118,County Surveyor,,,Stephen C. CHINO JR.,22,5,15,2,0
McCracken,B118,County Surveyor,,,Under Votes,18,4,13,1,0
McCracken,B118,County Surveyor,,,Over Votes,0,0,0,0,0
McCracken,B118,U.S. Senate,,Democratic,Joshua BLANTON SR.,3,0,3,0,0
McCracken,B118,U.S. Senate,,Democratic,Vincent Anthony THOMPSON,3,0,3,0,0
McCracken,B118,U.S. Senate,,Democratic,Charles BOOKER,89,14,67,7,1
McCracken,B118,U.S. Senate,,Democratic,Pamela STEVENSON,5,0,5,0,0
McCracken,B118,U.S. Senate,,Democratic,Dale Lewis ROMANS,3,0,3,0,0
McCracken,B118,U.S. Senate,,Democratic,Logan FORSYTHE,4,1,2,1,0
McCracken,B118,U.S. Senate,,Democratic,Amy McGRATH,35,5,29,1,0
McCracken,B119,U.S. Senate,,Republican,Other Donald WENZEL,0,0,0,0,0
McCracken,B119,U.S. Senate,,Republican,James D. DUNCAN,1,0,1,0,0
McCracken,B119,U.S. Senate,,Republican,George WASHINGTON,0,0,0,0,0
McCracken,B119,U.S. Senate,,Republican,"Valerie ""Dr Val"" FREDRICK",3,0,3,0,0
McCracken,B119,U.S. Senate,,Republican,Andy BARR,148,11,128,7,2
McCracken,B119,U.S. Senate,,Republican,Nate MORRIS,7,0,5,2,0
McCracken,B119,U.S. Senate,,Republican,Jimmy I. LEON,1,0,1,0,0
McCracken,B119,U.S. Senate,,Republican,A. Nick SHELLEY,1,0,1,0,0
McCracken,B119,U.S. Senate,,Republican,Daniel CAMERON,64,10,53,1,0
McCracken,B119,U.S. Senate,,Republican,Anissa CATLETT,3,0,3,0,0
McCracken,B119,U.S. Senate,,Republican,Michael James FARIS,3,0,3,0,0
McCracken,B119,U.S. Senate,,Republican,Jonathan M. HOLLIDAY,2,0,2,0,0
McCracken,B119,U.S. Senate,,,Under Votes,9,0,9,0,0
McCracken,B119,U.S. Senate,,,Over Votes,0,0,0,0,0
McCracken,B119,Ballots Cast,,,,350,,,,
McCracken,B119,U.S. House,1,Republican,David SIMS,11,0,11,0,0
McCracken,B119,U.S. House,1,Republican,Robert James SUTHERBY,2,0,2,0,0
McCracken,B119,U.S. House,1,Republican,Penny ARCOS,6,0,6,0,0
McCracken,B119,U.S. House,1,Republican,James R. COMER,209,21,177,9,2
McCracken,B119,U.S. House,1,,Under Votes,11,0,10,1,0
McCracken,B119,U.S. House,1,,Over Votes,0,0,0,0,0
McCracken,B119,State Representative,2,Republican,Kim HOLLOWAY,136,13,118,3,2
McCracken,B119,State Representative,2,Republican,Richard HEATH,82,6,69,7,0
McCracken,B119,State Representative,2,Republican,Nate COX,12,1,11,0,0
McCracken,B119,State Representative,2,,Under Votes,9,1,8,0,0
McCracken,B119,State Representative,2,,Over Votes,0,0,0,0,0
McCracken,B119,County Judge/Executive,,,Richard ABRAHAM,37,1,35,1,0
McCracken,B119,County Judge/Executive,,,Craig Zeiss CLYMER,117,9,100,7,1
McCracken,B119,County Judge/Executive,,,Matt MOORE,82,11,68,2,1
McCracken,B119,County Judge/Executive,,,Under Votes,3,0,3,0,0
McCracken,B119,County Judge/Executive,,,Over Votes,0,0,0,0,0
McCracken,B119,County Commissioner 1st District,,,Danielle GUMINSKI,38,1,35,2,0
McCracken,B119,County Commissioner 1st District,,,"J. W. ""Bill"" BARTLEMAN",150,11,131,6,2
McCracken,B119,County Commissioner 1st District,,,Charles Jeffrey LEE SR.,25,5,20,0,0
McCracken,B119,County Commissioner 1st District,,,Under Votes,26,4,20,2,0
McCracken,B119,County Commissioner 1st District,,,Over Votes,0,0,0,0,0
McCracken,B119,County Commissioner 2nd District,,,David KNIGHT,102,11,90,1,0
McCracken,B119,County Commissioner 2nd District,,,Jeff PARKER,123,8,106,7,2
McCracken,B119,County Commissioner 2nd District,,,Under Votes,14,2,10,2,0
McCracken,B119,County Commissioner 2nd District,,,Over Votes,0,0,0,0,0
McCracken,B119,County Surveyor,,,William Noel McELYA,132,10,116,4,2
McCracken,B119,County Surveyor,,,Stephen C. CHINO JR.,65,6,55,4,0
McCracken,B119,County Surveyor,,,Under Votes,42,5,35,2,0
McCracken,B119,County Surveyor,,,Over Votes,0,0,0,0,0
McCracken,B119,U.S. Senate,,Democratic,Joshua BLANTON SR.,6,1,5,0,0
McCracken,B119,U.S. Senate,,Democratic,Vincent Anthony THOMPSON,4,0,4,0,0
McCracken,B119,U.S. Senate,,Democratic,Charles BOOKER,41,1,39,1,0
McCracken,B119,U.S. Senate,,Democratic,Pamela STEVENSON,6,0,6,0,0
McCracken,B119,U.S. Senate,,Democratic,Dale Lewis ROMANS,3,0,2,0,1
McCracken,B119,U.S. Senate,,Democratic,Logan FORSYTHE,3,0,3,0,0
McCracken,B119,U.S. Senate,,Democratic,Amy McGRATH,45,3,37,5,0
McCracken,B120,U.S. Senate,,Republican,Other Donald WENZEL,0,0,0,0,0
McCracken,B120,U.S. Senate,,Republican,James D. DUNCAN,0,0,0,0,0
McCracken,B120,U.S. Senate,,Republican,George WASHINGTON,1,0,1,0,0
McCracken,B120,U.S. Senate,,Republican,"Valerie ""Dr Val"" FREDRICK",0,0,0,0,0
McCracken,B120,U.S. Senate,,Republican,Andy BARR,80,7,72,0,1
McCracken,B120,U.S. Senate,,Republican,Nate MORRIS,2,1,1,0,0
McCracken,B120,U.S. Senate,,Republican,Jimmy I. LEON,0,0,0,0,0
McCracken,B120,U.S. Senate,,Republican,A. Nick SHELLEY,0,0,0,0,0
McCracken,B120,U.S. Senate,,Republican,Daniel CAMERON,22,3,19,0,0
McCracken,B120,U.S. Senate,,Republican,Anissa CATLETT,0,0,0,0,0
McCracken,B120,U.S. Senate,,Republican,Michael James FARIS,1,0,1,0,0
McCracken,B120,U.S. Senate,,Republican,Jonathan M. HOLLIDAY,1,0,1,0,0
McCracken,B120,U.S. Senate,,,Under Votes,2,0,2,0,0
McCracken,B120,U.S. Senate,,,Over Votes,0,0,0,0,0
McCracken,B120,Ballots Cast,,,,162,,,,
McCracken,B120,U.S. House,1,Republican,David SIMS,6,1,5,0,0
McCracken,B120,U.S. House,1,Republican,Robert James SUTHERBY,5,0,5,0,0
McCracken,B120,U.S. House,1,Republican,Penny ARCOS,1,0,1,0,0
McCracken,B120,U.S. House,1,Republican,James R. COMER,93,10,82,0,1
McCracken,B120,U.S. House,1,,Under Votes,4,0,4,0,0
McCracken,B120,U.S. House,1,,Over Votes,0,0,0,0,0
McCracken,B120,County Judge/Executive,,,Richard ABRAHAM,18,1,17,0,0
McCracken,B120,County Judge/Executive,,,Craig Zeiss CLYMER,64,5,59,0,0
McCracken,B120,County Judge/Executive,,,Matt MOORE,22,4,17,0,1
McCracken,B120,County Judge/Executive,,,Under Votes,5,1,4,0,0
McCracken,B120,County Judge/Executive,,,Over Votes,0,0,0,0,0
McCracken,B120,County Commissioner 1st District,,,Danielle GUMINSKI,12,3,9,0,0
McCracken,B120,County Commissioner 1st District,,,"J. W. ""Bill"" BARTLEMAN",78,7,70,0,1
McCracken,B120,County Commissioner 1st District,,,Charles Jeffrey LEE SR.,10,1,9,0,0
McCracken,B120,County Commissioner 1st District,,,Under Votes,9,0,9,0,0
McCracken,B120,County Commissioner 1st District,,,Over Votes,0,0,0,0,0
McCracken,B120,County Commissioner 2nd District,,,David KNIGHT,38,5,33,0,0
McCracken,B120,County Commissioner 2nd District,,,Jeff PARKER,65,6,58,0,1
McCracken,B120,County Commissioner 2nd District,,,Under Votes,6,0,6,0,0
McCracken,B120,County Commissioner 2nd District,,,Over Votes,0,0,0,0,0
McCracken,B120,County Surveyor,,,William Noel McELYA,59,7,52,0,0
McCracken,B120,County Surveyor,,,Stephen C. CHINO JR.,25,2,23,0,0
McCracken,B120,County Surveyor,,,Under Votes,25,2,22,0,1
McCracken,B120,County Surveyor,,,Over Votes,0,0,0,0,0
McCracken,B120,U.S. Senate,,Democratic,Joshua BLANTON SR.,5,1,4,0,0
McCracken,B120,U.S. Senate,,Democratic,Vincent Anthony THOMPSON,2,0,2,0,0
McCracken,B120,U.S. Senate,,Democratic,Charles BOOKER,25,4,20,1,0
McCracken,B120,U.S. Senate,,Democratic,Pamela STEVENSON,3,1,1,1,0
McCracken,B120,U.S. Senate,,Democratic,Dale Lewis ROMANS,1,0,1,0,0
McCracken,B120,U.S. Senate,,Democratic,Logan FORSYTHE,1,0,0,1,0
McCracken,B120,U.S. Senate,,Democratic,Amy McGRATH,16,1,13,2,0
McCracken,B121,U.S. Senate,,Republican,Other Donald WENZEL,0,0,0,0,0
McCracken,B121,U.S. Senate,,Republican,James D. DUNCAN,0,0,0,0,0
McCracken,B121,U.S. Senate,,Republican,George WASHINGTON,0,0,0,0,0
McCracken,B121,U.S. Senate,,Republican,"Valerie ""Dr Val"" FREDRICK",0,0,0,0,0
McCracken,B121,U.S. Senate,,Republican,Andy BARR,85,10,68,6,1
McCracken,B121,U.S. Senate,,Republican,Nate MORRIS,4,0,4,0,0
McCracken,B121,U.S. Senate,,Republican,Jimmy I. LEON,0,0,0,0,0
McCracken,B121,U.S. Senate,,Republican,A. Nick SHELLEY,1,0,1,0,0
McCracken,B121,U.S. Senate,,Republican,Daniel CAMERON,34,2,31,1,0
McCracken,B121,U.S. Senate,,Republican,Anissa CATLETT,0,0,0,0,0
McCracken,B121,U.S. Senate,,Republican,Michael James FARIS,0,0,0,0,0
McCracken,B121,U.S. Senate,,Republican,Jonathan M. HOLLIDAY,1,0,1,0,0
McCracken,B121,U.S. Senate,,,Under Votes,1,0,1,0,0
McCracken,B121,U.S. Senate,,,Over Votes,0,0,0,0,0
McCracken,B121,Ballots Cast,,,,198,,,,
McCracken,B121,U.S. House,1,Republican,David SIMS,6,0,6,0,0
McCracken,B121,U.S. House,1,Republican,Robert James SUTHERBY,4,0,4,0,0
McCracken,B121,U.S. House,1,Republican,Penny ARCOS,1,0,1,0,0
McCracken,B121,U.S. House,1,Republican,James R. COMER,109,12,89,7,1
McCracken,B121,U.S. House,1,,Under Votes,5,0,5,0,0
McCracken,B121,U.S. House,1,,Over Votes,0,0,0,0,0
McCracken,B121,County Judge/Executive,,,Richard ABRAHAM,26,2,21,3,0
McCracken,B121,County Judge/Executive,,,Craig Zeiss CLYMER,64,6,53,4,1
McCracken,B121,County Judge/Executive,,,Matt MOORE,30,4,26,0,0
McCracken,B121,County Judge/Executive,,,Under Votes,5,0,5,0,0
McCracken,B121,County Judge/Executive,,,Over Votes,0,0,0,0,0
McCracken,B121,County Commissioner 1st District,,,Danielle GUMINSKI,23,0,21,1,1
McCracken,B121,County Commissioner 1st District,,,"J. W. ""Bill"" BARTLEMAN",75,7,62,6,0
McCracken,B121,County Commissioner 1st District,,,Charles Jeffrey LEE SR.,11,3,8,0,0
McCracken,B121,County Commissioner 1st District,,,Under Votes,16,2,14,0,0
McCracken,B121,County Commissioner 1st District,,,Over Votes,0,0,0,0,0
McCracken,B121,County Commissioner 2nd District,,,David KNIGHT,45,3,39,2,1
McCracken,B121,County Commissioner 2nd District,,,Jeff PARKER,69,9,55,5,0
McCracken,B121,County Commissioner 2nd District,,,Under Votes,11,0,11,0,0
McCracken,B121,County Commissioner 2nd District,,,Over Votes,0,0,0,0,0
McCracken,B121,County Surveyor,,,William Noel McELYA,63,7,51,5,0
McCracken,B121,County Surveyor,,,Stephen C. CHINO JR.,26,1,22,2,1
McCracken,B121,County Surveyor,,,Under Votes,36,4,32,0,0
McCracken,B121,County Surveyor,,,Over Votes,0,0,0,0,0
McCracken,B121,U.S. Senate,,Democratic,Joshua BLANTON SR.,6,0,6,0,0
McCracken,B121,U.S. Senate,,Democratic,Vincent Anthony THOMPSON,3,0,3,0,0
McCracken,B121,U.S. Senate,,Democratic,Charles BOOKER,25,2,21,2,0
McCracken,B121,U.S. Senate,,Democratic,Pamela STEVENSON,9,2,6,1,0
McCracken,B121,U.S. Senate,,Democratic,Dale Lewis ROMANS,1,0,1,0,0
McCracken,B121,U.S. Senate,,Democratic,Logan FORSYTHE,0,0,0,0,0
McCracken,B121,U.S. Senate,,Democratic,Amy McGRATH,28,4,20,4,0
McCracken,B122,U.S. Senate,,Republican,Other Donald WENZEL,0,0,0,0,0
McCracken,B122,U.S. Senate,,Republican,James D. DUNCAN,1,1,0,0,0
McCracken,B122,U.S. Senate,,Republican,George WASHINGTON,1,0,1,0,0
McCracken,B122,U.S. Senate,,Republican,"Valerie ""Dr Val"" FREDRICK",1,0,1,0,0
McCracken,B122,U.S. Senate,,Republican,Andy BARR,74,4,66,2,2
McCracken,B122,U.S. Senate,,Republican,Nate MORRIS,4,0,4,0,0
McCracken,B122,U.S. Senate,,Republican,Jimmy I. LEON,0,0,0,0,0
McCracken,B122,U.S. Senate,,Republican,A. Nick SHELLEY,0,0,0,0,0
McCracken,B122,U.S. Senate,,Republican,Daniel CAMERON,29,0,29,0,0
McCracken,B122,U.S. Senate,,Republican,Anissa CATLETT,0,0,0,0,0
McCracken,B122,U.S. Senate,,Republican,Michael James FARIS,0,0,0,0,0
McCracken,B122,U.S. Senate,,Republican,Jonathan M. HOLLIDAY,0,0,0,0,0
McCracken,B122,U.S. Senate,,,Under Votes,4,1,3,0,0
McCracken,B122,U.S. Senate,,,Over Votes,1,0,1,0,0
McCracken,B122,Ballots Cast,,,,161,,,,
McCracken,B122,U.S. House,1,Republican,David SIMS,8,0,8,0,0
McCracken,B122,U.S. House,1,Republican,Robert James SUTHERBY,1,0,1,0,0
McCracken,B122,U.S. House,1,Republican,Penny ARCOS,1,1,0,0,0
McCracken,B122,U.S. House,1,Republican,James R. COMER,99,4,91,2,2
McCracken,B122,U.S. House,1,,Under Votes,4,1,3,0,0
McCracken,B122,U.S. House,1,,Over Votes,0,0,0,0,0
McCracken,B122,State Representative,2,Republican,Kim HOLLOWAY,61,3,55,1,2
McCracken,B122,State Representative,2,Republican,Richard HEATH,43,1,41,1,0
McCracken,B122,State Representative,2,Republican,Nate COX,5,1,4,0,0
McCracken,B122,State Representative,2,,Under Votes,4,1,3,0,0
McCracken,B122,State Representative,2,,Over Votes,0,0,0,0,0
McCracken,B122,County Judge/Executive,,,Richard ABRAHAM,9,1,8,0,0
McCracken,B122,County Judge/Executive,,,Craig Zeiss CLYMER,64,5,57,2,0
McCracken,B122,County Judge/Executive,,,Matt MOORE,37,0,35,0,2
McCracken,B122,County Judge/Executive,,,Under Votes,3,0,3,0,0
McCracken,B122,County Judge/Executive,,,Over Votes,0,0,0,0,0
McCracken,B122,County Commissioner 1st District,,,Danielle GUMINSKI,14,1,13,0,0
McCracken,B122,County Commissioner 1st District,,,"J. W. ""Bill"" BARTLEMAN",65,3,60,1,1
McCracken,B122,County Commissioner 1st District,,,Charles Jeffrey LEE SR.,15,1,13,1,0
McCracken,B122,County Commissioner 1st District,,,Under Votes,18,1,16,0,1
McCracken,B122,County Commissioner 1st District,,,Over Votes,1,0,1,0,0
McCracken,B122,County Commissioner 2nd District,,,David KNIGHT,40,1,39,0,0
McCracken,B122,County Commissioner 2nd District,,,Jeff PARKER,64,5,55,2,2
McCracken,B122,County Commissioner 2nd District,,,Under Votes,9,0,9,0,0
McCracken,B122,County Commissioner 2nd District,,,Over Votes,0,0,0,0,0
McCracken,B122,County Surveyor,,,William Noel McELYA,72,2,67,2,1
McCracken,B122,County Surveyor,,,Stephen C. CHINO JR.,22,1,21,0,0
McCracken,B122,County Surveyor,,,Under Votes,19,3,15,0,1
McCracken,B122,County Surveyor,,,Over Votes,0,0,0,0,0
McCracken,B122,U.S. Senate,,Democratic,Joshua BLANTON SR.,4,1,3,0,0
McCracken,B122,U.S. Senate,,Democratic,Vincent Anthony THOMPSON,2,0,2,0,0
McCracken,B122,U.S. Senate,,Democratic,Charles BOOKER,13,0,13,0,0
McCracken,B122,U.S. Senate,,Democratic,Pamela STEVENSON,5,0,5,0,0
McCracken,B122,U.S. Senate,,Democratic,Dale Lewis ROMANS,1,0,1,0,0
McCracken,B122,U.S. Senate,,Democratic,Logan FORSYTHE,1,1,0,0,0
McCracken,B122,U.S. Senate,,Democratic,Amy McGRATH,20,0,17,3,0
McCracken,B123,U.S. Senate,,Republican,Other Donald WENZEL,1,0,1,0,0
McCracken,B123,U.S. Senate,,Republican,James D. DUNCAN,1,0,1,0,0
McCracken,B123,U.S. Senate,,Republican,George WASHINGTON,1,1,0,0,0
McCracken,B123,U.S. Senate,,Republican,"Valerie ""Dr Val"" FREDRICK",1,0,1,0,0
McCracken,B123,U.S. Senate,,Republican,Andy BARR,64,13,51,0,0
McCracken,B123,U.S. Senate,,Republican,Nate MORRIS,4,1,2,1,0
McCracken,B123,U.S. Senate,,Republican,Jimmy I. LEON,0,0,0,0,0
McCracken,B123,U.S. Senate,,Republican,A. Nick SHELLEY,1,1,0,0,0
McCracken,B123,U.S. Senate,,Republican,Daniel CAMERON,26,3,20,1,2
McCracken,B123,U.S. Senate,,Republican,Anissa CATLETT,3,3,0,0,0
McCracken,B123,U.S. Senate,,Republican,Michael James FARIS,3,1,0,2,0
McCracken,B123,U.S. Senate,,Republican,Jonathan M. HOLLIDAY,0,0,0,0,0
McCracken,B123,U.S. Senate,,,Under Votes,1,0,1,0,0
McCracken,B123,U.S. Senate,,,Over Votes,0,0,0,0,0
McCracken,B123,Ballots Cast,,,,191,,,,
McCracken,B123,U.S. House,1,Republican,David SIMS,8,3,3,2,0
McCracken,B123,U.S. House,1,Republican,Robert James SUTHERBY,2,1,1,0,0
McCracken,B123,U.S. House,1,Republican,Penny ARCOS,4,1,3,0,0
McCracken,B123,U.S. House,1,Republican,James R. COMER,89,18,68,2,1
McCracken,B123,U.S. House,1,,Under Votes,3,0,2,0,1
McCracken,B123,U.S. House,1,,Over Votes,0,0,0,0,0
McCracken,B123,County Judge/Executive,,,Richard ABRAHAM,19,3,12,3,1
McCracken,B123,County Judge/Executive,,,Craig Zeiss CLYMER,56,12,43,1,0
McCracken,B123,County Judge/Executive,,,Matt MOORE,29,8,21,0,0
McCracken,B123,County Judge/Executive,,,Under Votes,2,0,1,0,1
McCracken,B123,County Judge/Executive,,,Over Votes,0,0,0,0,0
McCracken,B123,County Commissioner 1st District,,,Danielle GUMINSKI,11,3,6,2,0
McCracken,B123,County Commissioner 1st District,,,"J. W. ""Bill"" BARTLEMAN",73,16,54,2,1
McCracken,B123,County Commissioner 1st District,,,Charles Jeffrey LEE SR.,9,3,6,0,0
McCracken,B123,County Commissioner 1st District,,,Under Votes,13,1,11,0,1
McCracken,B123,County Commissioner 1st District,,,Over Votes,0,0,0,0,0
McCracken,B123,County Commissioner 2nd District,,,David KNIGHT,25,3,21,1,0
McCracken,B123,County Commissioner 2nd District,,,Jeff PARKER,68,20,46,1,1
McCracken,B123,County Commissioner 2nd District,,,Under Votes,13,0,10,2,1
McCracken,B123,County Commissioner 2nd District,,,Over Votes,0,0,0,0,0
McCracken,B123,County Surveyor,,,William Noel McELYA,45,11,34,0,0
McCracken,B123,County Surveyor,,,Stephen C. CHINO JR.,33,11,21,1,0
McCracken,B123,County Surveyor,,,Under Votes,28,1,22,3,2
McCracken,B123,County Surveyor,,,Over Votes,0,0,0,0,0
McCracken,B123,U.S. Senate,,Democratic,Joshua BLANTON SR.,0,0,0,0,0
McCracken,B123,U.S. Senate,,Democratic,Vincent Anthony THOMPSON,1,0,1,0,0
McCracken,B123,U.S. Senate,,Democratic,Charles BOOKER,38,5,31,2,0
McCracken,B123,U.S. Senate,,Democratic,Pamela STEVENSON,5,0,5,0,0
McCracken,B123,U.S. Senate,,Democratic,Dale Lewis ROMANS,0,0,0,0,0
McCracken,B123,U.S. Senate,,Democratic,Logan FORSYTHE,3,1,2,0,0
McCracken,B123,U.S. Senate,,Democratic,Amy McGRATH,38,0,37,1,0
McCracken,B124,U.S. Senate,,Republican,Other Donald WENZEL,2,0,2,0,0
McCracken,B124,U.S. Senate,,Republican,James D. DUNCAN,1,0,1,0,0
McCracken,B124,U.S. Senate,,Republican,George WASHINGTON,1,0,1,0,0
McCracken,B124,U.S. Senate,,Republican,"Valerie ""Dr Val"" FREDRICK",0,0,0,0,0
McCracken,B124,U.S. Senate,,Republican,Andy BARR,116,15,95,5,1
McCracken,B124,U.S. Senate,,Republican,Nate MORRIS,6,0,5,1,0
McCracken,B124,U.S. Senate,,Republican,Jimmy I. LEON,0,0,0,0,0
McCracken,B124,U.S. Senate,,Republican,A. Nick SHELLEY,1,0,1,0,0
McCracken,B124,U.S. Senate,,Republican,Daniel CAMERON,38,3,35,0,0
McCracken,B124,U.S. Senate,,Republican,Anissa CATLETT,1,0,1,0,0
McCracken,B124,U.S. Senate,,Republican,Michael James FARIS,1,1,0,0,0
McCracken,B124,U.S. Senate,,Republican,Jonathan M. HOLLIDAY,0,0,0,0,0
McCracken,B124,U.S. Senate,,,Under Votes,3,1,2,0,0
McCracken,B124,U.S. Senate,,,Over Votes,0,0,0,0,0
McCracken,B124,Ballots Cast,,,,239,,,,
McCracken,B124,U.S. House,1,Republican,David SIMS,5,0,4,1,0
McCracken,B124,U.S. House,1,Republican,Robert James SUTHERBY,3,1,2,0,0
McCracken,B124,U.S. House,1,Republican,Penny ARCOS,5,0,5,0,0
McCracken,B124,U.S. House,1,Republican,James R. COMER,149,17,126,5,1
McCracken,B124,U.S. House,1,,Under Votes,8,2,6,0,0
McCracken,B124,U.S. House,1,,Over Votes,0,0,0,0,0
McCracken,B124,County Judge/Executive,,,Richard ABRAHAM,31,3,27,1,0
McCracken,B124,County Judge/Executive,,,Craig Zeiss CLYMER,67,10,53,4,0
McCracken,B124,County Judge/Executive,,,Matt MOORE,68,7,59,1,1
McCracken,B124,County Judge/Executive,,,Under Votes,4,0,4,0,0
McCracken,B124,County Judge/Executive,,,Over Votes,0,0,0,0,0
McCracken,B124,County Commissioner 1st District,,,Danielle GUMINSKI,34,3,31,0,0
McCracken,B124,County Commissioner 1st District,,,"J. W. ""Bill"" BARTLEMAN",99,12,81,5,1
McCracken,B124,County Commissioner 1st District,,,Charles Jeffrey LEE SR.,20,4,15,1,0
McCracken,B124,County Commissioner 1st District,,,Under Votes,17,1,16,0,0
McCracken,B124,County Commissioner 1st District,,,Over Votes,0,0,0,0,0
McCracken,B124,County Commissioner 2nd District,,,David KNIGHT,68,9,58,1,0
McCracken,B124,County Commissioner 2nd District,,,Jeff PARKER,91,10,75,5,1
McCracken,B124,County Commissioner 2nd District,,,Under Votes,11,1,10,0,0
McCracken,B124,County Commissioner 2nd District,,,Over Votes,0,0,0,0,0
McCracken,B124,County Surveyor,,,William Noel McELYA,90,8,77,4,1
McCracken,B124,County Surveyor,,,Stephen C. CHINO JR.,39,4,33,2,0
McCracken,B124,County Surveyor,,,Under Votes,41,8,33,0,0
McCracken,B124,County Surveyor,,,Over Votes,0,0,0,0,0
McCracken,B124,U.S. Senate,,Democratic,Joshua BLANTON SR.,1,0,1,0,0
McCracken,B124,U.S. Senate,,Democratic,Vincent Anthony THOMPSON,0,0,0,0,0
McCracken,B124,U.S. Senate,,Democratic,Charles BOOKER,28,1,24,3,0
McCracken,B124,U.S. Senate,,Democratic,Pamela STEVENSON,1,0,1,0,0
McCracken,B124,U.S. Senate,,Democratic,Dale Lewis ROMANS,1,0,1,0,0
McCracken,B124,U.S. Senate,,Democratic,Logan FORSYTHE,3,0,3,0,0
McCracken,B124,U.S. Senate,,Democratic,Amy McGRATH,35,3,28,4,0
McCracken,B125,U.S. Senate,,Republican,Other Donald WENZEL,0,0,0,0,0
McCracken,B125,U.S. Senate,,Republican,James D. DUNCAN,0,0,0,0,0
McCracken,B125,U.S. Senate,,Republican,George WASHINGTON,0,0,0,0,0
McCracken,B125,U.S. Senate,,Republican,"Valerie ""Dr Val"" FREDRICK",1,0,1,0,0
McCracken,B125,U.S. Senate,,Republican,Andy BARR,131,19,110,2,0
McCracken,B125,U.S. Senate,,Republican,Nate MORRIS,2,0,2,0,0
McCracken,B125,U.S. Senate,,Republican,Jimmy I. LEON,0,0,0,0,0
McCracken,B125,U.S. Senate,,Republican,A. Nick SHELLEY,0,0,0,0,0
McCracken,B125,U.S. Senate,,Republican,Daniel CAMERON,54,9,43,1,1
McCracken,B125,U.S. Senate,,Republican,Anissa CATLETT,3,0,3,0,0
McCracken,B125,U.S. Senate,,Republican,Michael James FARIS,0,0,0,0,0
McCracken,B125,U.S. Senate,,Republican,Jonathan M. HOLLIDAY,0,0,0,0,0
McCracken,B125,U.S. Senate,,,Under Votes,3,0,3,0,0
McCracken,B125,U.S. Senate,,,Over Votes,0,0,0,0,0
McCracken,B125,Ballots Cast,,,,273,,,,
McCracken,B125,U.S. House,1,Republican,David SIMS,6,3,3,0,0
McCracken,B125,U.S. House,1,Republican,Robert James SUTHERBY,4,0,4,0,0
McCracken,B125,U.S. House,1,Republican,Penny ARCOS,2,0,1,0,1
McCracken,B125,U.S. House,1,Republican,James R. COMER,179,25,151,3,0
McCracken,B125,U.S. House,1,,Under Votes,2,0,2,0,0
McCracken,B125,U.S. House,1,,Over Votes,0,0,0,0,0
McCracken,B125,County Judge/Executive,,,Richard ABRAHAM,40,7,31,2,0
McCracken,B125,County Judge/Executive,,,Craig Zeiss CLYMER,91,6,85,0,0
McCracken,B125,County Judge/Executive,,,Matt MOORE,59,15,42,1,1
McCracken,B125,County Judge/Executive,,,Under Votes,3,0,3,0,0
McCracken,B125,County Judge/Executive,,,Over Votes,0,0,0,0,0
McCracken,B125,County Commissioner 1st District,,,Danielle GUMINSKI,21,3,16,1,1
McCracken,B125,County Commissioner 1st District,,,"J. W. ""Bill"" BARTLEMAN",121,14,107,0,0
McCracken,B125,County Commissioner 1st District,,,Charles Jeffrey LEE SR.,30,7,23,0,0
McCracken,B125,County Commissioner 1st District,,,Under Votes,20,4,14,2,0
McCracken,B125,County Commissioner 1st District,,,Over Votes,1,0,1,0,0
McCracken,B125,County Commissioner 2nd District,,,David KNIGHT,81,9,71,1,0
McCracken,B125,County Commissioner 2nd District,,,Jeff PARKER,94,17,74,2,1
McCracken,B125,County Commissioner 2nd District,,,Under Votes,18,2,16,0,0
McCracken,B125,County Commissioner 2nd District,,,Over Votes,0,0,0,0,0
McCracken,B125,County Surveyor,,,William Noel McELYA,130,17,110,2,1
McCracken,B125,County Surveyor,,,Stephen C. CHINO JR.,32,6,25,1,0
McCracken,B125,County Surveyor,,,Under Votes,31,5,26,0,0
McCracken,B125,County Surveyor,,,Over Votes,0,0,0,0,0
McCracken,B125,U.S. Senate,,Democratic,Joshua BLANTON SR.,3,0,3,0,0
McCracken,B125,U.S. Senate,,Democratic,Vincent Anthony THOMPSON,2,0,2,0,0
McCracken,B125,U.S. Senate,,Democratic,Charles BOOKER,25,1,24,0,0
McCracken,B125,U.S. Senate,,Democratic,Pamela STEVENSON,6,0,5,1,0
McCracken,B125,U.S. Senate,,Democratic,Dale Lewis ROMANS,1,0,1,0,0
McCracken,B125,U.S. Senate,,Democratic,Logan FORSYTHE,1,0,1,0,0
McCracken,B125,U.S. Senate,,Democratic,Amy McGRATH,41,4,31,4,2
McCracken,B126,U.S. Senate,,Republican,Other Donald WENZEL,0,0,0,0,0
McCracken,B126,U.S. Senate,,Republican,James D. DUNCAN,0,0,0,0,0
McCracken,B126,U.S. Senate,,Republican,George WASHINGTON,0,0,0,0,0
McCracken,B126,U.S. Senate,,Republican,"Valerie ""Dr Val"" FREDRICK",1,0,1,0,0
McCracken,B126,U.S. Senate,,Republican,Andy BARR,80,8,69,2,1
McCracken,B126,U.S. Senate,,Republican,Nate MORRIS,0,0,0,0,0
McCracken,B126,U.S. Senate,,Republican,Jimmy I. LEON,0,0,0,0,0
McCracken,B126,U.S. Senate,,Republican,A. Nick SHELLEY,0,0,0,0,0
McCracken,B126,U.S. Senate,,Republican,Daniel CAMERON,18,2,16,0,0
McCracken,B126,U.S. Senate,,Republican,Anissa CATLETT,0,0,0,0,0
McCracken,B126,U.S. Senate,,Republican,Michael James FARIS,2,0,2,0,0
McCracken,B126,U.S. Senate,,Republican,Jonathan M. HOLLIDAY,1,0,1,0,0
McCracken,B126,U.S. Senate,,,Under Votes,2,0,2,0,0
McCracken,B126,U.S. Senate,,,Over Votes,0,0,0,0,0
McCracken,B126,Ballots Cast,,,,159,,,,
McCracken,B126,U.S. House,1,Republican,David SIMS,4,0,4,0,0
McCracken,B126,U.S. House,1,Republican,Robert James SUTHERBY,5,1,4,0,0
McCracken,B126,U.S. House,1,Republican,Penny ARCOS,3,0,3,0,0
McCracken,B126,U.S. House,1,Republican,James R. COMER,90,9,78,2,1
McCracken,B126,U.S. House,1,,Under Votes,0,0,0,0,0
McCracken,B126,U.S. House,1,,Over Votes,0,0,0,0,0
McCracken,B126,County Judge/Executive,,,Richard ABRAHAM,13,0,13,0,0
McCracken,B126,County Judge/Executive,,,Craig Zeiss CLYMER,58,5,50,2,1
McCracken,B126,County Judge/Executive,,,Matt MOORE,29,5,24,0,0
McCracken,B126,County Judge/Executive,,,Under Votes,2,0,2,0,0
McCracken,B126,County Judge/Executive,,,Over Votes,0,0,0,0,0
McCracken,B126,County Commissioner 1st District,,,Danielle GUMINSKI,17,3,14,0,0
McCracken,B126,County Commissioner 1st District,,,"J. W. ""Bill"" BARTLEMAN",69,7,60,1,1
McCracken,B126,County Commissioner 1st District,,,Charles Jeffrey LEE SR.,9,0,8,1,0
McCracken,B126,County Commissioner 1st District,,,Under Votes,7,0,7,0,0
McCracken,B126,County Commissioner 1st District,,,Over Votes,0,0,0,0,0
McCracken,B126,County Commissioner 2nd District,,,David KNIGHT,45,5,38,2,0
McCracken,B126,County Commissioner 2nd District,,,Jeff PARKER,50,5,44,0,1
McCracken,B126,County Commissioner 2nd District,,,Under Votes,7,0,7,0,0
McCracken,B126,County Commissioner 2nd District,,,Over Votes,0,0,0,0,0
McCracken,B126,County Surveyor,,,William Noel McELYA,46,4,40,1,1
McCracken,B126,County Surveyor,,,Stephen C. CHINO JR.,34,3,30,1,0
McCracken,B126,County Surveyor,,,Under Votes,22,3,19,0,0
McCracken,B126,County Surveyor,,,Over Votes,0,0,0,0,0
McCracken,B126,U.S. Senate,,Democratic,Joshua BLANTON SR.,2,0,2,0,0
McCracken,B126,U.S. Senate,,Democratic,Vincent Anthony THOMPSON,0,0,0,0,0
McCracken,B126,U.S. Senate,,Democratic,Charles BOOKER,30,1,28,1,0
McCracken,B126,U.S. Senate,,Democratic,Pamela STEVENSON,2,0,2,0,0
McCracken,B126,U.S. Senate,,Democratic,Dale Lewis ROMANS,0,0,0,0,0
McCracken,B126,U.S. Senate,,Democratic,Logan FORSYTHE,2,0,1,1,0
McCracken,B126,U.S. Senate,,Democratic,Amy McGRATH,19,2,17,0,0
McCracken,B128,U.S. Senate,,Republican,Other Donald WENZEL,0,0,0,0,0
McCracken,B128,U.S. Senate,,Republican,James D. DUNCAN,0,0,0,0,0
McCracken,B128,U.S. Senate,,Republican,George WASHINGTON,0,0,0,0,0
McCracken,B128,U.S. Senate,,Republican,"Valerie ""Dr Val"" FREDRICK",0,0,0,0,0
McCracken,B128,U.S. Senate,,Republican,Andy BARR,21,6,15,0,0
McCracken,B128,U.S. Senate,,Republican,Nate MORRIS,0,0,0,0,0
McCracken,B128,U.S. Senate,,Republican,Jimmy I. LEON,0,0,0,0,0
McCracken,B128,U.S. Senate,,Republican,A. Nick SHELLEY,0,0,0,0,0
McCracken,B128,U.S. Senate,,Republican,Daniel CAMERON,2,0,2,0,0
McCracken,B128,U.S. Senate,,Republican,Anissa CATLETT,1,0,1,0,0
McCracken,B128,U.S. Senate,,Republican,Michael James FARIS,0,0,0,0,0
McCracken,B128,U.S. Senate,,Republican,Jonathan M. HOLLIDAY,0,0,0,0,0
McCracken,B128,U.S. Senate,,,Under Votes,0,0,0,0,0
McCracken,B128,U.S. Senate,,,Over Votes,0,0,0,0,0
McCracken,B128,Ballots Cast,,,,30,,,,
McCracken,B128,U.S. House,1,Republican,David SIMS,0,0,0,0,0
McCracken,B128,U.S. House,1,Republican,Robert James SUTHERBY,0,0,0,0,0
McCracken,B128,U.S. House,1,Republican,Penny ARCOS,1,0,1,0,0
McCracken,B128,U.S. House,1,Republican,James R. COMER,22,5,17,0,0
McCracken,B128,U.S. House,1,,Under Votes,1,1,0,0,0
McCracken,B128,U.S. House,1,,Over Votes,0,0,0,0,0
McCracken,B128,State Representative,2,Republican,Kim HOLLOWAY,17,4,13,0,0
McCracken,B128,State Representative,2,Republican,Richard HEATH,6,2,4,0,0
McCracken,B128,State Representative,2,Republican,Nate COX,0,0,0,0,0
McCracken,B128,State Representative,2,,Under Votes,1,0,1,0,0
McCracken,B128,State Representative,2,,Over Votes,0,0,0,0,0
McCracken,B128,County Judge/Executive,,,Richard ABRAHAM,1,0,1,0,0
McCracken,B128,County Judge/Executive,,,Craig Zeiss CLYMER,11,4,7,0,0
McCracken,B128,County Judge/Executive,,,Matt MOORE,12,2,10,0,0
McCracken,B128,County Judge/Executive,,,Under Votes,0,0,0,0,0
McCracken,B128,County Judge/Executive,,,Over Votes,0,0,0,0,0
McCracken,B128,County Commissioner 1st District,,,Danielle GUMINSKI,6,1,5,0,0
McCracken,B128,County Commissioner 1st District,,,"J. W. ""Bill"" BARTLEMAN",11,2,9,0,0
McCracken,B128,County Commissioner 1st District,,,Charles Jeffrey LEE SR.,5,1,4,0,0
McCracken,B128,County Commissioner 1st District,,,Under Votes,2,2,0,0,0
McCracken,B128,County Commissioner 1st District,,,Over Votes,0,0,0,0,0
McCracken,B128,County Commissioner 2nd District,,,David KNIGHT,11,3,8,0,0
McCracken,B128,County Commissioner 2nd District,,,Jeff PARKER,12,2,10,0,0
McCracken,B128,County Commissioner 2nd District,,,Under Votes,1,1,0,0,0
McCracken,B128,County Commissioner 2nd District,,,Over Votes,0,0,0,0,0
McCracken,B128,County Surveyor,,,William Noel McELYA,16,4,12,0,0
McCracken,B128,County Surveyor,,,Stephen C. CHINO JR.,4,0,4,0,0
McCracken,B128,County Surveyor,,,Under Votes,4,2,2,0,0
McCracken,B128,County Surveyor,,,Over Votes,0,0,0,0,0
McCracken,B128,U.S. Senate,,Democratic,Joshua BLANTON SR.,0,0,0,0,0
McCracken,B128,U.S. Senate,,Democratic,Vincent Anthony THOMPSON,0,0,0,0,0
McCracken,B128,U.S. Senate,,Democratic,Charles BOOKER,1,1,0,0,0
McCracken,B128,U.S. Senate,,Democratic,Pamela STEVENSON,0,0,0,0,0
McCracken,B128,U.S. Senate,,Democratic,Dale Lewis ROMANS,0,0,0,0,0
McCracken,B128,U.S. Senate,,Democratic,Logan FORSYTHE,0,0,0,0,0
McCracken,B128,U.S. Senate,,Democratic,Amy McGRATH,5,1,4,0,0
McCracken,B129,U.S. Senate,,Republican,Other Donald WENZEL,0,0,0,0,0
McCracken,B129,U.S. Senate,,Republican,James D. DUNCAN,0,0,0,0,0
McCracken,B129,U.S. Senate,,Republican,George WASHINGTON,0,0,0,0,0
McCracken,B129,U.S. Senate,,Republican,"Valerie ""Dr Val"" FREDRICK",0,0,0,0,0
McCracken,B129,U.S. Senate,,Republican,Andy BARR,4,0,4,0,0
McCracken,B129,U.S. Senate,,Republican,Nate MORRIS,1,0,1,0,0
McCracken,B129,U.S. Senate,,Republican,Jimmy I. LEON,0,0,0,0,0
McCracken,B129,U.S. Senate,,Republican,A. Nick SHELLEY,0,0,0,0,0
McCracken,B129,U.S. Senate,,Republican,Daniel CAMERON,2,0,2,0,0
McCracken,B129,U.S. Senate,,Republican,Anissa CATLETT,0,0,0,0,0
McCracken,B129,U.S. Senate,,Republican,Michael James FARIS,0,0,0,0,0
McCracken,B129,U.S. Senate,,Republican,Jonathan M. HOLLIDAY,0,0,0,0,0
McCracken,B129,U.S. Senate,,,Under Votes,0,0,0,0,0
McCracken,B129,U.S. Senate,,,Over Votes,0,0,0,0,0
McCracken,B129,Ballots Cast,,,,13,,,,
McCracken,B129,U.S. House,1,Republican,David SIMS,1,0,1,0,0
McCracken,B129,U.S. House,1,Republican,Robert James SUTHERBY,0,0,0,0,0
McCracken,B129,U.S. House,1,Republican,Penny ARCOS,1,0,1,0,0
McCracken,B129,U.S. House,1,Republican,James R. COMER,5,0,5,0,0
McCracken,B129,U.S. House,1,,Under Votes,0,0,0,0,0
McCracken,B129,U.S. House,1,,Over Votes,0,0,0,0,0
McCracken,B129,State Representative,2,Republican,Kim HOLLOWAY,3,0,3,0,0
McCracken,B129,State Representative,2,Republican,Richard HEATH,4,0,4,0,0
McCracken,B129,State Representative,2,Republican,Nate COX,0,0,0,0,0
McCracken,B129,State Representative,2,,Under Votes,0,0,0,0,0
McCracken,B129,State Representative,2,,Over Votes,0,0,0,0,0
McCracken,B129,County Judge/Executive,,,Richard ABRAHAM,3,0,3,0,0
McCracken,B129,County Judge/Executive,,,Craig Zeiss CLYMER,1,0,1,0,0
McCracken,B129,County Judge/Executive,,,Matt MOORE,3,0,3,0,0
McCracken,B129,County Judge/Executive,,,Under Votes,0,0,0,0,0
McCracken,B129,County Judge/Executive,,,Over Votes,0,0,0,0,0
McCracken,B129,County Commissioner 1st District,,,Danielle GUMINSKI,2,0,2,0,0
McCracken,B129,County Commissioner 1st District,,,"J. W. ""Bill"" BARTLEMAN",3,0,3,0,0
McCracken,B129,County Commissioner 1st District,,,Charles Jeffrey LEE SR.,2,0,2,0,0
McCracken,B129,County Commissioner 1st District,,,Under Votes,0,0,0,0,0
McCracken,B129,County Commissioner 1st District,,,Over Votes,0,0,0,0,0
McCracken,B129,County Commissioner 2nd District,,,David KNIGHT,3,0,3,0,0
McCracken,B129,County Commissioner 2nd District,,,Jeff PARKER,3,0,3,0,0
McCracken,B129,County Commissioner 2nd District,,,Under Votes,1,0,1,0,0
McCracken,B129,County Commissioner 2nd District,,,Over Votes,0,0,0,0,0
McCracken,B129,County Surveyor,,,William Noel McELYA,3,0,3,0,0
McCracken,B129,County Surveyor,,,Stephen C. CHINO JR.,3,0,3,0,0
McCracken,B129,County Surveyor,,,Under Votes,1,0,1,0,0
McCracken,B129,County Surveyor,,,Over Votes,0,0,0,0,0
McCracken,B129,U.S. Senate,,Democratic,Joshua BLANTON SR.,0,0,0,0,0
McCracken,B129,U.S. Senate,,Democratic,Vincent Anthony THOMPSON,0,0,0,0,0
McCracken,B129,U.S. Senate,,Democratic,Charles BOOKER,1,0,1,0,0
McCracken,B129,U.S. Senate,,Democratic,Pamela STEVENSON,2,0,1,1,0
McCracken,B129,U.S. Senate,,Democratic,Dale Lewis ROMANS,1,0,1,0,0
McCracken,B129,U.S. Senate,,Democratic,Logan FORSYTHE,0,0,0,0,0
McCracken,B129,U.S. Senate,,Democratic,Amy McGRATH,2,0,2,0,0
McCracken,B131,U.S. Senate,,Republican,Other Donald WENZEL,1,0,1,0,0
McCracken,B131,U.S. Senate,,Republican,James D. DUNCAN,1,0,1,0,0
McCracken,B131,U.S. Senate,,Republican,George WASHINGTON,0,0,0,0,0
McCracken,B131,U.S. Senate,,Republican,"Valerie ""Dr Val"" FREDRICK",3,0,2,1,0
McCracken,B131,U.S. Senate,,Republican,Andy BARR,121,19,95,3,4
McCracken,B131,U.S. Senate,,Republican,Nate MORRIS,11,1,9,1,0
McCracken,B131,U.S. Senate,,Republican,Jimmy I. LEON,0,0,0,0,0
McCracken,B131,U.S. Senate,,Republican,A. Nick SHELLEY,1,0,1,0,0
McCracken,B131,U.S. Senate,,Republican,Daniel CAMERON,56,6,46,4,0
McCracken,B131,U.S. Senate,,Republican,Anissa CATLETT,5,1,4,0,0
McCracken,B131,U.S. Senate,,Republican,Michael James FARIS,1,0,1,0,0
McCracken,B131,U.S. Senate,,Republican,Jonathan M. HOLLIDAY,1,0,1,0,0
McCracken,B131,U.S. Senate,,,Under Votes,6,0,6,0,0
McCracken,B131,U.S. Senate,,,Over Votes,1,1,0,0,0
McCracken,B131,Ballots Cast,,,,522,,,,
McCracken,B131,U.S. House,1,Republican,David SIMS,16,1,15,0,0
McCracken,B131,U.S. House,1,Republican,Robert James SUTHERBY,5,0,4,1,0
McCracken,B131,U.S. House,1,Republican,Penny ARCOS,9,0,8,1,0
McCracken,B131,U.S. House,1,Republican,James R. COMER,170,26,133,7,4
McCracken,B131,U.S. House,1,,Under Votes,6,0,6,0,0
McCracken,B131,U.S. House,1,,Over Votes,0,0,0,0,0
McCracken,B131,County Judge/Executive,,,Richard ABRAHAM,58,10,47,1,0
McCracken,B131,County Judge/Executive,,,Craig Zeiss CLYMER,99,11,78,7,3
McCracken,B131,County Judge/Executive,,,Matt MOORE,47,6,39,1,1
McCracken,B131,County Judge/Executive,,,Under Votes,2,0,2,0,0
McCracken,B131,County Judge/Executive,,,Over Votes,0,0,0,0,0
McCracken,B131,County Commissioner 1st District,,,Danielle GUMINSKI,31,6,24,1,0
McCracken,B131,County Commissioner 1st District,,,"J. W. ""Bill"" BARTLEMAN",138,17,111,7,3
McCracken,B131,County Commissioner 1st District,,,Charles Jeffrey LEE SR.,27,3,22,1,1
McCracken,B131,County Commissioner 1st District,,,Under Votes,10,1,9,0,0
McCracken,B131,County Commissioner 1st District,,,Over Votes,0,0,0,0,0
McCracken,B131,County Commissioner 2nd District,,,David KNIGHT,82,7,70,3,2
McCracken,B131,County Commissioner 2nd District,,,Jeff PARKER,115,19,89,5,2
McCracken,B131,County Commissioner 2nd District,,,Under Votes,9,1,7,1,0
McCracken,B131,County Commissioner 2nd District,,,Over Votes,0,0,0,0,0
McCracken,B131,County Surveyor,,,William Noel McELYA,120,16,96,6,2
McCracken,B131,County Surveyor,,,Stephen C. CHINO JR.,55,7,44,3,1
McCracken,B131,County Surveyor,,,Under Votes,30,4,25,0,1
McCracken,B131,County Surveyor,,,Over Votes,1,0,1,0,0
McCracken,B131,U.S. Senate,,Democratic,Joshua BLANTON SR.,2,0,2,0,0
McCracken,B131,U.S. Senate,,Democratic,Vincent Anthony THOMPSON,4,0,4,0,0
McCracken,B131,U.S. Senate,,Democratic,Charles BOOKER,178,26,139,11,2
McCracken,B131,U.S. Senate,,Democratic,Pamela STEVENSON,19,4,14,1,0
McCracken,B131,U.S. Senate,,Democratic,Dale Lewis ROMANS,2,0,2,0,0
McCracken,B131,U.S. Senate,,Democratic,Logan FORSYTHE,12,2,10,0,0
McCracken,B131,U.S. Senate,,Democratic,Amy McGRATH,97,23,64,10,0
McCracken,B134,U.S. Senate,,Republican,Other Donald WENZEL,1,1,0,0,0
McCracken,B134,U.S. Senate,,Republican,James D. DUNCAN,3,0,3,0,0
McCracken,B134,U.S. Senate,,Republican,George WASHINGTON,0,0,0,0,0
McCracken,B134,U.S. Senate,,Republican,"Valerie ""Dr Val"" FREDRICK",0,0,0,0,0
McCracken,B134,U.S. Senate,,Republican,Andy BARR,216,29,176,9,2
McCracken,B134,U.S. Senate,,Republican,Nate MORRIS,8,0,7,1,0
McCracken,B134,U.S. Senate,,Republican,Jimmy I. LEON,2,0,2,0,0
McCracken,B134,U.S. Senate,,Republican,A. Nick SHELLEY,0,0,0,0,0
McCracken,B134,U.S. Senate,,Republican,Daniel CAMERON,78,5,67,2,4
McCracken,B134,U.S. Senate,,Republican,Anissa CATLETT,2,0,1,1,0
McCracken,B134,U.S. Senate,,Republican,Michael James FARIS,2,1,1,0,0
McCracken,B134,U.S. Senate,,Republican,Jonathan M. HOLLIDAY,2,0,2,0,0
McCracken,B134,U.S. Senate,,,Under Votes,6,1,5,0,0
McCracken,B134,U.S. Senate,,,Over Votes,0,0,0,0,0
McCracken,B134,Ballots Cast,,,,459,,,,
McCracken,B134,U.S. House,1,Republican,David SIMS,17,4,13,0,0
McCracken,B134,U.S. House,1,Republican,Robert James SUTHERBY,7,0,6,0,1
McCracken,B134,U.S. House,1,Republican,Penny ARCOS,9,0,8,1,0
McCracken,B134,U.S. House,1,Republican,James R. COMER,281,32,232,12,5
McCracken,B134,U.S. House,1,,Under Votes,4,1,3,0,0
McCracken,B134,U.S. House,1,,Over Votes,0,0,0,0,0
McCracken,B134,County Judge/Executive,,,Richard ABRAHAM,55,4,50,1,0
McCracken,B134,County Judge/Executive,,,Craig Zeiss CLYMER,181,18,150,9,4
McCracken,B134,County Judge/Executive,,,Matt MOORE,78,15,58,3,2
McCracken,B134,County Judge/Executive,,,Under Votes,4,0,4,0,0
McCracken,B134,County Judge/Executive,,,Over Votes,0,0,0,0,0
McCracken,B134,County Commissioner 1st District,,,Danielle GUMINSKI,48,2,44,2,0
McCracken,B134,County Commissioner 1st District,,,"J. W. ""Bill"" BARTLEMAN",199,27,157,11,4
McCracken,B134,County Commissioner 1st District,,,Charles Jeffrey LEE SR.,40,4,36,0,0
McCracken,B134,County Commissioner 1st District,,,Under Votes,31,4,25,0,2
McCracken,B134,County Commissioner 1st District,,,Over Votes,0,0,0,0,0
McCracken,B134,County Commissioner 2nd District,,,David KNIGHT,105,13,88,3,1
McCracken,B134,County Commissioner 2nd District,,,Jeff PARKER,200,22,164,10,4
McCracken,B134,County Commissioner 2nd District,,,Under Votes,13,2,10,0,1
McCracken,B134,County Commissioner 2nd District,,,Over Votes,0,0,0,0,0
McCracken,B134,County Surveyor,,,William Noel McELYA,153,17,130,6,0
McCracken,B134,County Surveyor,,,Stephen C. CHINO JR.,89,10,70,6,3
McCracken,B134,County Surveyor,,,Under Votes,76,10,62,1,3
McCracken,B134,County Surveyor,,,Over Votes,0,0,0,0,0
McCracken,B134,U.S. Senate,,Democratic,Joshua BLANTON SR.,2,0,2,0,0
McCracken,B134,U.S. Senate,,Democratic,Vincent Anthony THOMPSON,2,0,2,0,0
McCracken,B134,U.S. Senate,,Democratic,Charles BOOKER,63,15,44,4,0
McCracken,B134,U.S. Senate,,Democratic,Pamela STEVENSON,7,0,6,1,0
McCracken,B134,U.S. Senate,,Democratic,Dale Lewis ROMANS,3,1,2,0,0
McCracken,B134,U.S. Senate,,Democratic,Logan FORSYTHE,3,0,3,0,0
McCracken,B134,U.S. Senate,,Democratic,Amy McGRATH,59,8,44,7,0
McCracken,C102,U.S. Senate,,Republican,Other Donald WENZEL,0,0,0,0,0
McCracken,C102,U.S. Senate,,Republican,James D. DUNCAN,0,0,0,0,0
McCracken,C102,U.S. Senate,,Republican,George WASHINGTON,0,0,0,0,0
McCracken,C102,U.S. Senate,,Republican,"Valerie ""Dr Val"" FREDRICK",0,0,0,0,0
McCracken,C102,U.S. Senate,,Republican,Andy BARR,16,3,13,0,0
McCracken,C102,U.S. Senate,,Republican,Nate MORRIS,1,0,1,0,0
McCracken,C102,U.S. Senate,,Republican,Jimmy I. LEON,0,0,0,0,0
McCracken,C102,U.S. Senate,,Republican,A. Nick SHELLEY,0,0,0,0,0
McCracken,C102,U.S. Senate,,Republican,Daniel CAMERON,1,0,0,0,1
McCracken,C102,U.S. Senate,,Republican,Anissa CATLETT,1,0,1,0,0
McCracken,C102,U.S. Senate,,Republican,Michael James FARIS,0,0,0,0,0
McCracken,C102,U.S. Senate,,Republican,Jonathan M. HOLLIDAY,0,0,0,0,0
McCracken,C102,U.S. Senate,,,Under Votes,1,0,1,0,0
McCracken,C102,U.S. Senate,,,Over Votes,0,0,0,0,0
McCracken,C102,Ballots Cast,,,,130,,,,
McCracken,C102,U.S. House,1,Republican,David SIMS,0,0,0,0,0
McCracken,C102,U.S. House,1,Republican,Robert James SUTHERBY,0,0,0,0,0
McCracken,C102,U.S. House,1,Republican,Penny ARCOS,1,0,1,0,0
McCracken,C102,U.S. House,1,Republican,James R. COMER,17,3,13,0,1
McCracken,C102,U.S. House,1,,Under Votes,2,0,2,0,0
McCracken,C102,U.S. House,1,,Over Votes,0,0,0,0,0
McCracken,C102,County Judge/Executive,,,Richard ABRAHAM,5,2,3,0,0
McCracken,C102,County Judge/Executive,,,Craig Zeiss CLYMER,13,1,11,0,1
McCracken,C102,County Judge/Executive,,,Matt MOORE,2,0,2,0,0
McCracken,C102,County Judge/Executive,,,Under Votes,0,0,0,0,0
McCracken,C102,County Judge/Executive,,,Over Votes,0,0,0,0,0
McCracken,C102,County Commissioner 1st District,,,Danielle GUMINSKI,3,0,3,0,0
McCracken,C102,County Commissioner 1st District,,,"J. W. ""Bill"" BARTLEMAN",13,3,9,0,1
McCracken,C102,County Commissioner 1st District,,,Charles Jeffrey LEE SR.,2,0,2,0,0
McCracken,C102,County Commissioner 1st District,,,Under Votes,2,0,2,0,0
McCracken,C102,County Commissioner 1st District,,,Over Votes,0,0,0,0,0
McCracken,C102,County Commissioner 2nd District,,,David KNIGHT,7,1,5,0,1
McCracken,C102,County Commissioner 2nd District,,,Jeff PARKER,13,2,11,0,0
McCracken,C102,County Commissioner 2nd District,,,Under Votes,0,0,0,0,0
McCracken,C102,County Commissioner 2nd District,,,Over Votes,0,0,0,0,0
McCracken,C102,County Surveyor,,,William Noel McELYA,11,1,10,0,0
McCracken,C102,County Surveyor,,,Stephen C. CHINO JR.,6,0,5,0,1
McCracken,C102,County Surveyor,,,Under Votes,3,2,1,0,0
McCracken,C102,County Surveyor,,,Over Votes,0,0,0,0,0
McCracken,C102,U.S. Senate,,Democratic,Joshua BLANTON SR.,0,0,0,0,0
McCracken,C102,U.S. Senate,,Democratic,Vincent Anthony THOMPSON,2,0,2,0,0
McCracken,C102,U.S. Senate,,Democratic,Charles BOOKER,75,4,62,5,4
McCracken,C102,U.S. Senate,,Democratic,Pamela STEVENSON,8,2,5,1,0
McCracken,C102,U.S. Senate,,Democratic,Dale Lewis ROMANS,0,0,0,0,0
McCracken,C102,U.S. Senate,,Democratic,Logan FORSYTHE,1,0,0,1,0
McCracken,C102,U.S. Senate,,Democratic,Amy McGRATH,24,1,22,1,0
McCracken,C107,U.S. Senate,,Republican,Other Donald WENZEL,0,0,0,0,0
McCracken,C107,U.S. Senate,,Republican,James D. DUNCAN,2,0,2,0,0
McCracken,C107,U.S. Senate,,Republican,George WASHINGTON,1,0,1,0,0
McCracken,C107,U.S. Senate,,Republican,"Valerie ""Dr Val"" FREDRICK",2,0,2,0,0
McCracken,C107,U.S. Senate,,Republican,Andy BARR,155,18,132,3,2
McCracken,C107,U.S. Senate,,Republican,Nate MORRIS,9,2,5,1,1
McCracken,C107,U.S. Senate,,Republican,Jimmy I. LEON,0,0,0,0,0
McCracken,C107,U.S. Senate,,Republican,A. Nick SHELLEY,0,0,0,0,0
McCracken,C107,U.S. Senate,,Republican,Daniel CAMERON,40,8,30,2,0
McCracken,C107,U.S. Senate,,Republican,Anissa CATLETT,1,0,1,0,0
McCracken,C107,U.S. Senate,,Republican,Michael James FARIS,2,0,2,0,0
McCracken,C107,U.S. Senate,,Republican,Jonathan M. HOLLIDAY,1,0,1,0,0
McCracken,C107,U.S. Senate,,,Under Votes,4,0,3,1,0
McCracken,C107,U.S. Senate,,,Over Votes,1,0,1,0,0
McCracken,C107,Ballots Cast,,,,341,,,,
McCracken,C107,U.S. House,1,Republican,David SIMS,14,0,14,0,0
McCracken,C107,U.S. House,1,Republican,Robert James SUTHERBY,2,0,2,0,0
McCracken,C107,U.S. House,1,Republican,Penny ARCOS,4,0,3,0,1
McCracken,C107,U.S. House,1,Republican,James R. COMER,193,28,157,6,2
McCracken,C107,U.S. House,1,,Under Votes,2,0,2,0,0
McCracken,C107,U.S. House,1,,Over Votes,0,0,0,0,0
McCracken,C107,County Judge/Executive,,,Richard ABRAHAM,45,5,39,0,1
McCracken,C107,County Judge/Executive,,,Craig Zeiss CLYMER,112,13,91,6,2
McCracken,C107,County Judge/Executive,,,Matt MOORE,54,10,44,0,0
McCracken,C107,County Judge/Executive,,,Under Votes,4,0,4,0,0
McCracken,C107,County Judge/Executive,,,Over Votes,0,0,0,0,0
McCracken,C107,County Commissioner 1st District,,,Danielle GUMINSKI,33,6,25,1,1
McCracken,C107,County Commissioner 1st District,,,"J. W. ""Bill"" BARTLEMAN",120,6,110,4,0
McCracken,C107,County Commissioner 1st District,,,Charles Jeffrey LEE SR.,36,8,27,0,1
McCracken,C107,County Commissioner 1st District,,,Under Votes,26,8,16,1,1
McCracken,C107,County Commissioner 1st District,,,Over Votes,0,0,0,0,0
McCracken,C107,County Commissioner 2nd District,,,David KNIGHT,69,6,61,2,0
McCracken,C107,County Commissioner 2nd District,,,Jeff PARKER,119,17,95,4,3
McCracken,C107,County Commissioner 2nd District,,,Under Votes,27,5,22,0,0
McCracken,C107,County Commissioner 2nd District,,,Over Votes,0,0,0,0,0
McCracken,C107,County Surveyor,,,William Noel McELYA,125,18,104,2,1
McCracken,C107,County Surveyor,,,Stephen C. CHINO JR.,43,3,37,2,1
McCracken,C107,County Surveyor,,,Under Votes,46,7,36,2,1
McCracken,C107,County Surveyor,,,Over Votes,1,0,1,0,0
McCracken,C107,U.S. Senate,,Democratic,Joshua BLANTON SR.,3,1,2,0,0
McCracken,C107,U.S. Senate,,Democratic,Vincent Anthony THOMPSON,0,0,0,0,0
McCracken,C107,U.S. Senate,,Democratic,Charles BOOKER,52,4,43,5,0
McCracken,C107,U.S. Senate,,Democratic,Pamela STEVENSON,5,0,5,0,0
McCracken,C107,U.S. Senate,,Democratic,Dale Lewis ROMANS,0,0,0,0,0
McCracken,C107,U.S. Senate,,Democratic,Logan FORSYTHE,2,0,2,0,0
McCracken,C107,U.S. Senate,,Democratic,Amy McGRATH,61,11,48,2,0
McCracken,C109,U.S. Senate,,Republican,Other Donald WENZEL,0,0,0,0,0
McCracken,C109,U.S. Senate,,Republican,James D. DUNCAN,0,0,0,0,0
McCracken,C109,U.S. Senate,,Republican,George WASHINGTON,0,0,0,0,0
McCracken,C109,U.S. Senate,,Republican,"Valerie ""Dr Val"" FREDRICK",1,0,1,0,0
McCracken,C109,U.S. Senate,,Republican,Andy BARR,97,15,80,2,0
McCracken,C109,U.S. Senate,,Republican,Nate MORRIS,4,0,3,1,0
McCracken,C109,U.S. Senate,,Republican,Jimmy I. LEON,0,0,0,0,0
McCracken,C109,U.S. Senate,,Republican,A. Nick SHELLEY,0,0,0,0,0
McCracken,C109,U.S. Senate,,Republican,Daniel CAMERON,45,6,34,2,3
McCracken,C109,U.S. Senate,,Republican,Anissa CATLETT,3,1,2,0,0
McCracken,C109,U.S. Senate,,Republican,Michael James FARIS,0,0,0,0,0
McCracken,C109,U.S. Senate,,Republican,Jonathan M. HOLLIDAY,0,0,0,0,0
McCracken,C109,U.S. Senate,,,Under Votes,0,0,0,0,0
McCracken,C109,U.S. Senate,,,Over Votes,0,0,0,0,0
McCracken,C109,Ballots Cast,,,,237,,,,
McCracken,C109,U.S. House,1,Republican,David SIMS,10,1,8,0,1
McCracken,C109,U.S. House,1,Republican,Robert James SUTHERBY,4,1,3,0,0
McCracken,C109,U.S. House,1,Republican,Penny ARCOS,3,1,2,0,0
McCracken,C109,U.S. House,1,Republican,James R. COMER,129,18,104,5,2
McCracken,C109,U.S. House,1,,Under Votes,4,1,3,0,0
McCracken,C109,U.S. House,1,,Over Votes,0,0,0,0,0
McCracken,C109,County Judge/Executive,,,Richard ABRAHAM,25,4,21,0,0
McCracken,C109,County Judge/Executive,,,Craig Zeiss CLYMER,97,12,77,5,3
McCracken,C109,County Judge/Executive,,,Matt MOORE,27,6,21,0,0
McCracken,C109,County Judge/Executive,,,Under Votes,1,0,1,0,0
McCracken,C109,County Judge/Executive,,,Over Votes,0,0,0,0,0
McCracken,C109,County Commissioner 1st District,,,Danielle GUMINSKI,11,2,9,0,0
McCracken,C109,County Commissioner 1st District,,,"J. W. ""Bill"" BARTLEMAN",110,14,89,5,2
McCracken,C109,County Commissioner 1st District,,,Charles Jeffrey LEE SR.,15,5,10,0,0
McCracken,C109,County Commissioner 1st District,,,Under Votes,14,1,12,0,1
McCracken,C109,County Commissioner 1st District,,,Over Votes,0,0,0,0,0
McCracken,C109,County Commissioner 2nd District,,,David KNIGHT,48,10,37,0,1
McCracken,C109,County Commissioner 2nd District,,,Jeff PARKER,87,11,72,3,1
McCracken,C109,County Commissioner 2nd District,,,Under Votes,15,1,11,2,1
McCracken,C109,County Commissioner 2nd District,,,Over Votes,0,0,0,0,0
McCracken,C109,County Surveyor,,,William Noel McELYA,66,11,54,1,0
McCracken,C109,County Surveyor,,,Stephen C. CHINO JR.,44,4,39,0,1
McCracken,C109,County Surveyor,,,Under Votes,40,7,27,4,2
McCracken,C109,County Surveyor,,,Over Votes,0,0,0,0,0
McCracken,C109,U.S. Senate,,Democratic,Joshua BLANTON SR.,4,0,4,0,0
McCracken,C109,U.S. Senate,,Democratic,Vincent Anthony THOMPSON,1,0,1,0,0
McCracken,C109,U.S. Senate,,Democratic,Charles BOOKER,46,14,31,1,0
McCracken,C109,U.S. Senate,,Democratic,Pamela STEVENSON,3,0,3,0,0
McCracken,C109,U.S. Senate,,Democratic,Dale Lewis ROMANS,4,0,4,0,0
McCracken,C109,U.S. Senate,,Democratic,Logan FORSYTHE,1,0,1,0,0
McCracken,C109,U.S. Senate,,Democratic,Amy McGRATH,28,5,23,0,0
McCracken,C110,U.S. Senate,,Republican,Other Donald WENZEL,0,0,0,0,0
McCracken,C110,U.S. Senate,,Republican,James D. DUNCAN,4,3,1,0,0
McCracken,C110,U.S. Senate,,Republican,George WASHINGTON,4,1,3,0,0
McCracken,C110,U.S. Senate,,Republican,"Valerie ""Dr Val"" FREDRICK",1,0,1,0,0
McCracken,C110,U.S. Senate,,Republican,Andy BARR,187,12,164,8,3
McCracken,C110,U.S. Senate,,Republican,Nate MORRIS,3,0,2,1,0
McCracken,C110,U.S. Senate,,Republican,Jimmy I. LEON,1,0,1,0,0
McCracken,C110,U.S. Senate,,Republican,A. Nick SHELLEY,0,0,0,0,0
McCracken,C110,U.S. Senate,,Republican,Daniel CAMERON,58,5,51,1,1
McCracken,C110,U.S. Senate,,Republican,Anissa CATLETT,0,0,0,0,0
McCracken,C110,U.S. Senate,,Republican,Michael James FARIS,2,1,1,0,0
McCracken,C110,U.S. Senate,,Republican,Jonathan M. HOLLIDAY,2,0,2,0,0
McCracken,C110,U.S. Senate,,,Under Votes,5,0,5,0,0
McCracken,C110,U.S. Senate,,,Over Votes,1,0,1,0,0
McCracken,C110,Ballots Cast,,,,373,,,,
McCracken,C110,U.S. House,1,Republican,David SIMS,13,2,11,0,0
McCracken,C110,U.S. House,1,Republican,Robert James SUTHERBY,13,1,12,0,0
McCracken,C110,U.S. House,1,Republican,Penny ARCOS,6,0,6,0,0
McCracken,C110,U.S. House,1,Republican,James R. COMER,227,19,194,10,4
McCracken,C110,U.S. House,1,,Under Votes,6,0,6,0,0
McCracken,C110,U.S. House,1,,Over Votes,0,0,0,0,0
McCracken,C110,County Judge/Executive,,,Richard ABRAHAM,47,4,41,1,1
McCracken,C110,County Judge/Executive,,,Craig Zeiss CLYMER,147,11,126,7,3
McCracken,C110,County Judge/Executive,,,Matt MOORE,64,5,57,2,0
McCracken,C110,County Judge/Executive,,,Under Votes,7,2,5,0,0
McCracken,C110,County Judge/Executive,,,Over Votes,0,0,0,0,0
McCracken,C110,County Commissioner 1st District,,,Danielle GUMINSKI,28,0,28,0,0
McCracken,C110,County Commissioner 1st District,,,"J. W. ""Bill"" BARTLEMAN",170,14,146,6,4
McCracken,C110,County Commissioner 1st District,,,Charles Jeffrey LEE SR.,40,5,31,4,0
McCracken,C110,County Commissioner 1st District,,,Under Votes,27,3,24,0,0
McCracken,C110,County Commissioner 1st District,,,Over Votes,0,0,0,0,0
McCracken,C110,County Commissioner 2nd District,,,David KNIGHT,115,10,102,3,0
McCracken,C110,County Commissioner 2nd District,,,Jeff PARKER,130,10,109,7,4
McCracken,C110,County Commissioner 2nd District,,,Under Votes,20,2,18,0,0
McCracken,C110,County Commissioner 2nd District,,,Over Votes,0,0,0,0,0
McCracken,C110,County Surveyor,,,William Noel McELYA,170,12,146,8,4
McCracken,C110,County Surveyor,,,Stephen C. CHINO JR.,49,5,43,1,0
McCracken,C110,County Surveyor,,,Under Votes,46,5,40,1,0
McCracken,C110,County Surveyor,,,Over Votes,0,0,0,0,0
McCracken,C110,U.S. Senate,,Democratic,Joshua BLANTON SR.,2,0,2,0,0
McCracken,C110,U.S. Senate,,Democratic,Vincent Anthony THOMPSON,0,0,0,0,0
McCracken,C110,U.S. Senate,,Democratic,Charles BOOKER,45,7,36,2,0
McCracken,C110,U.S. Senate,,Democratic,Pamela STEVENSON,4,0,2,2,0
McCracken,C110,U.S. Senate,,Democratic,Dale Lewis ROMANS,1,0,0,0,1
McCracken,C110,U.S. Senate,,Democratic,Logan FORSYTHE,7,3,3,1,0
McCracken,C110,U.S. Senate,,Democratic,Amy McGRATH,46,5,37,3,1
McCracken,C112,U.S. Senate,,Republican,Other Donald WENZEL,0,0,0,0,0
McCracken,C112,U.S. Senate,,Republican,James D. DUNCAN,2,0,2,0,0
McCracken,C112,U.S. Senate,,Republican,George WASHINGTON,0,0,0,0,0
McCracken,C112,U.S. Senate,,Republican,"Valerie ""Dr Val"" FREDRICK",2,0,2,0,0
McCracken,C112,U.S. Senate,,Republican,Andy BARR,144,13,131,0,0
McCracken,C112,U.S. Senate,,Republican,Nate MORRIS,6,0,6,0,0
McCracken,C112,U.S. Senate,,Republican,Jimmy I. LEON,0,0,0,0,0
McCracken,C112,U.S. Senate,,Republican,A. Nick SHELLEY,1,0,1,0,0
McCracken,C112,U.S. Senate,,Republican,Daniel CAMERON,33,7,25,1,0
McCracken,C112,U.S. Senate,,Republican,Anissa CATLETT,1,0,0,1,0
McCracken,C112,U.S. Senate,,Republican,Michael James FARIS,5,3,2,0,0
McCracken,C112,U.S. Senate,,Republican,Jonathan M. HOLLIDAY,2,0,1,1,0
McCracken,C112,U.S. Senate,,,Under Votes,2,0,2,0,0
McCracken,C112,U.S. Senate,,,Over Votes,0,0,0,0,0
McCracken,C112,Ballots Cast,,,,295,,,,
McCracken,C112,U.S. House,1,Republican,David SIMS,11,0,10,1,0
McCracken,C112,U.S. House,1,Republican,Robert James SUTHERBY,9,0,9,0,0
McCracken,C112,U.S. House,1,Republican,Penny ARCOS,4,0,3,1,0
McCracken,C112,U.S. House,1,Republican,James R. COMER,165,22,142,1,0
McCracken,C112,U.S. House,1,,Under Votes,7,1,6,0,0
McCracken,C112,U.S. House,1,,Over Votes,0,0,0,0,0
McCracken,C112,County Judge/Executive,,,Richard ABRAHAM,52,6,45,1,0
McCracken,C112,County Judge/Executive,,,Craig Zeiss CLYMER,91,13,77,1,0
McCracken,C112,County Judge/Executive,,,Matt MOORE,53,4,48,1,0
McCracken,C112,County Judge/Executive,,,Under Votes,0,0,0,0,0
McCracken,C112,County Judge/Executive,,,Over Votes,0,0,0,0,0
McCracken,C112,County Commissioner 1st District,,,Danielle GUMINSKI,30,1,29,0,0
McCracken,C112,County Commissioner 1st District,,,"J. W. ""Bill"" BARTLEMAN",112,14,97,1,0
McCracken,C112,County Commissioner 1st District,,,Charles Jeffrey LEE SR.,36,7,27,2,0
McCracken,C112,County Commissioner 1st District,,,Under Votes,18,1,17,0,0
McCracken,C112,County Commissioner 1st District,,,Over Votes,0,0,0,0,0
McCracken,C112,County Commissioner 2nd District,,,David KNIGHT,81,5,73,3,0
McCracken,C112,County Commissioner 2nd District,,,Jeff PARKER,100,17,83,0,0
McCracken,C112,County Commissioner 2nd District,,,Under Votes,15,1,14,0,0
McCracken,C112,County Commissioner 2nd District,,,Over Votes,0,0,0,0,0
McCracken,C112,County Surveyor,,,William Noel McELYA,151,16,133,2,0
McCracken,C112,County Surveyor,,,Stephen C. CHINO JR.,26,5,20,1,0
McCracken,C112,County Surveyor,,,Under Votes,19,2,17,0,0
McCracken,C112,County Surveyor,,,Over Votes,0,0,0,0,0
McCracken,C112,U.S. Senate,,Democratic,Joshua BLANTON SR.,6,1,5,0,0
McCracken,C112,U.S. Senate,,Democratic,Vincent Anthony THOMPSON,1,0,1,0,0
McCracken,C112,U.S. Senate,,Democratic,Charles BOOKER,24,3,21,0,0
McCracken,C112,U.S. Senate,,Democratic,Pamela STEVENSON,7,1,6,0,0
McCracken,C112,U.S. Senate,,Democratic,Dale Lewis ROMANS,2,0,1,1,0
McCracken,C112,U.S. Senate,,Democratic,Logan FORSYTHE,8,1,7,0,0
McCracken,C112,U.S. Senate,,Democratic,Amy McGRATH,49,4,41,4,0
McCracken,C113,U.S. Senate,,Republican,Other Donald WENZEL,0,0,0,0,0
McCracken,C113,U.S. Senate,,Republican,James D. DUNCAN,3,0,3,0,0
McCracken,C113,U.S. Senate,,Republican,George WASHINGTON,1,0,1,0,0
McCracken,C113,U.S. Senate,,Republican,"Valerie ""Dr Val"" FREDRICK",0,0,0,0,0
McCracken,C113,U.S. Senate,,Republican,Andy BARR,190,4,184,1,1
McCracken,C113,U.S. Senate,,Republican,Nate MORRIS,9,0,9,0,0
McCracken,C113,U.S. Senate,,Republican,Jimmy I. LEON,1,0,1,0,0
McCracken,C113,U.S. Senate,,Republican,A. Nick SHELLEY,0,0,0,0,0
McCracken,C113,U.S. Senate,,Republican,Daniel CAMERON,61,3,55,2,1
McCracken,C113,U.S. Senate,,Republican,Anissa CATLETT,3,0,3,0,0
McCracken,C113,U.S. Senate,,Republican,Michael James FARIS,3,0,3,0,0
McCracken,C113,U.S. Senate,,Republican,Jonathan M. HOLLIDAY,1,0,1,0,0
McCracken,C113,U.S. Senate,,,Under Votes,8,0,8,0,0
McCracken,C113,U.S. Senate,,,Over Votes,0,0,0,0,0
McCracken,C113,Ballots Cast,,,,430,,,,
McCracken,C113,U.S. House,1,Republican,David SIMS,26,0,24,2,0
McCracken,C113,U.S. House,1,Republican,Robert James SUTHERBY,4,0,4,0,0
McCracken,C113,U.S. House,1,Republican,Penny ARCOS,8,0,8,0,0
McCracken,C113,U.S. House,1,Republican,James R. COMER,232,7,222,1,2
McCracken,C113,U.S. House,1,,Under Votes,7,0,7,0,0
McCracken,C113,U.S. House,1,,Over Votes,0,0,0,0,0
McCracken,C113,County Judge/Executive,,,Richard ABRAHAM,45,1,44,0,0
McCracken,C113,County Judge/Executive,,,Craig Zeiss CLYMER,131,3,126,0,2
McCracken,C113,County Judge/Executive,,,Matt MOORE,95,3,89,3,0
McCracken,C113,County Judge/Executive,,,Under Votes,6,0,6,0,0
McCracken,C113,County Judge/Executive,,,Over Votes,0,0,0,0,0
McCracken,C113,County Commissioner 1st District,,,Danielle GUMINSKI,57,0,55,2,0
McCracken,C113,County Commissioner 1st District,,,"J. W. ""Bill"" BARTLEMAN",151,6,143,1,1
McCracken,C113,County Commissioner 1st District,,,Charles Jeffrey LEE SR.,46,1,45,0,0
McCracken,C113,County Commissioner 1st District,,,Under Votes,23,0,22,0,1
McCracken,C113,County Commissioner 1st District,,,Over Votes,0,0,0,0,0
McCracken,C113,County Commissioner 2nd District,,,David KNIGHT,152,7,141,2,2
McCracken,C113,County Commissioner 2nd District,,,Jeff PARKER,102,0,101,1,0
McCracken,C113,County Commissioner 2nd District,,,Under Votes,22,0,22,0,0
McCracken,C113,County Commissioner 2nd District,,,Over Votes,1,0,1,0,0
McCracken,C113,County Surveyor,,,William Noel McELYA,207,6,201,0,0
McCracken,C113,County Surveyor,,,Stephen C. CHINO JR.,42,0,38,3,1
McCracken,C113,County Surveyor,,,Under Votes,28,1,26,0,1
McCracken,C113,County Surveyor,,,Over Votes,0,0,0,0,0
McCracken,C113,U.S. Senate,,Democratic,Joshua BLANTON SR.,3,0,3,0,0
McCracken,C113,U.S. Senate,,Democratic,Vincent Anthony THOMPSON,3,0,3,0,0
McCracken,C113,U.S. Senate,,Democratic,Charles BOOKER,51,5,43,3,0
McCracken,C113,U.S. Senate,,Democratic,Pamela STEVENSON,10,2,8,0,0
McCracken,C113,U.S. Senate,,Democratic,Dale Lewis ROMANS,2,0,2,0,0
McCracken,C113,U.S. Senate,,Democratic,Logan FORSYTHE,9,2,6,0,1
McCracken,C113,U.S. Senate,,Democratic,Amy McGRATH,72,3,63,5,1
McCracken,C120,U.S. Senate,,Republican,Other Donald WENZEL,1,0,1,0,0
McCracken,C120,U.S. Senate,,Republican,James D. DUNCAN,2,0,2,0,0
McCracken,C120,U.S. Senate,,Republican,George WASHINGTON,5,0,5,0,0
McCracken,C120,U.S. Senate,,Republican,"Valerie ""Dr Val"" FREDRICK",0,0,0,0,0
McCracken,C120,U.S. Senate,,Republican,Andy BARR,62,7,55,0,0
McCracken,C120,U.S. Senate,,Republican,Nate MORRIS,7,0,7,0,0
McCracken,C120,U.S. Senate,,Republican,Jimmy I. LEON,0,0,0,0,0
McCracken,C120,U.S. Senate,,Republican,A. Nick SHELLEY,0,0,0,0,0
McCracken,C120,U.S. Senate,,Republican,Daniel CAMERON,38,3,35,0,0
McCracken,C120,U.S. Senate,,Republican,Anissa CATLETT,1,1,0,0,0
McCracken,C120,U.S. Senate,,Republican,Michael James FARIS,1,0,1,0,0
McCracken,C120,U.S. Senate,,Republican,Jonathan M. HOLLIDAY,0,0,0,0,0
McCracken,C120,U.S. Senate,,,Under Votes,3,1,2,0,0
McCracken,C120,U.S. Senate,,,Over Votes,0,0,0,0,0
McCracken,C120,Ballots Cast,,,,359,,,,
McCracken,C120,U.S. House,1,Republican,David SIMS,11,1,10,0,0
McCracken,C120,U.S. House,1,Republican,Robert James SUTHERBY,1,0,1,0,0
McCracken,C120,U.S. House,1,Republican,Penny ARCOS,9,0,9,0,0
McCracken,C120,U.S. House,1,Republican,James R. COMER,93,10,83,0,0
McCracken,C120,U.S. House,1,,Under Votes,4,0,4,0,0
McCracken,C120,U.S. House,1,,Over Votes,0,0,0,0,0
McCracken,C120,County Judge/Executive,,,Richard ABRAHAM,22,2,20,0,0
McCracken,C120,County Judge/Executive,,,Craig Zeiss CLYMER,69,7,62,0,0
McCracken,C120,County Judge/Executive,,,Matt MOORE,27,2,25,0,0
McCracken,C120,County Judge/Executive,,,Under Votes,0,0,0,0,0
McCracken,C120,County Judge/Executive,,,Over Votes,0,0,0,0,0
McCracken,C120,County Commissioner 1st District,,,Danielle GUMINSKI,27,2,25,0,0
McCracken,C120,County Commissioner 1st District,,,"J. W. ""Bill"" BARTLEMAN",77,9,68,0,0
McCracken,C120,County Commissioner 1st District,,,Charles Jeffrey LEE SR.,9,0,9,0,0
McCracken,C120,County Commissioner 1st District,,,Under Votes,5,0,5,0,0
McCracken,C120,County Commissioner 1st District,,,Over Votes,0,0,0,0,0
McCracken,C120,County Commissioner 2nd District,,,David KNIGHT,47,4,43,0,0
McCracken,C120,County Commissioner 2nd District,,,Jeff PARKER,64,7,57,0,0
McCracken,C120,County Commissioner 2nd District,,,Under Votes,7,0,7,0,0
McCracken,C120,County Commissioner 2nd District,,,Over Votes,0,0,0,0,0
McCracken,C120,County Surveyor,,,William Noel McELYA,70,8,62,0,0
McCracken,C120,County Surveyor,,,Stephen C. CHINO JR.,34,1,33,0,0
McCracken,C120,County Surveyor,,,Under Votes,14,2,12,0,0
McCracken,C120,County Surveyor,,,Over Votes,0,0,0,0,0
McCracken,C120,U.S. Senate,,Democratic,Joshua BLANTON SR.,3,0,3,0,0
McCracken,C120,U.S. Senate,,Democratic,Vincent Anthony THOMPSON,2,0,2,0,0
McCracken,C120,U.S. Senate,,Democratic,Charles BOOKER,146,17,125,2,2
McCracken,C120,U.S. Senate,,Democratic,Pamela STEVENSON,9,1,8,0,0
McCracken,C120,U.S. Senate,,Democratic,Dale Lewis ROMANS,4,0,4,0,0
McCracken,C120,U.S. Senate,,Democratic,Logan FORSYTHE,7,0,7,0,0
McCracken,C120,U.S. Senate,,Democratic,Amy McGRATH,68,10,48,10,0
McCracken,C122,U.S. Senate,,Republican,Other Donald WENZEL,0,0,0,0,0
McCracken,C122,U.S. Senate,,Republican,James D. DUNCAN,1,0,1,0,0
McCracken,C122,U.S. Senate,,Republican,George WASHINGTON,0,0,0,0,0
McCracken,C122,U.S. Senate,,Republican,"Valerie ""Dr Val"" FREDRICK",0,0,0,0,0
McCracken,C122,U.S. Senate,,Republican,Andy BARR,144,26,111,4,3
McCracken,C122,U.S. Senate,,Republican,Nate MORRIS,11,1,8,2,0
McCracken,C122,U.S. Senate,,Republican,Jimmy I. LEON,0,0,0,0,0
McCracken,C122,U.S. Senate,,Republican,A. Nick SHELLEY,1,0,1,0,0
McCracken,C122,U.S. Senate,,Republican,Daniel CAMERON,63,8,54,1,0
McCracken,C122,U.S. Senate,,Republican,Anissa CATLETT,3,0,3,0,0
McCracken,C122,U.S. Senate,,Republican,Michael James FARIS,0,0,0,0,0
McCracken,C122,U.S. Senate,,Republican,Jonathan M. HOLLIDAY,2,0,2,0,0
McCracken,C122,U.S. Senate,,,Under Votes,10,1,8,1,0
McCracken,C122,U.S. Senate,,,Over Votes,0,0,0,0,0
McCracken,C122,Ballots Cast,,,,372,,,,
McCracken,C122,U.S. House,1,Republican,David SIMS,11,1,10,0,0
McCracken,C122,U.S. House,1,Republican,Robert James SUTHERBY,3,0,3,0,0
McCracken,C122,U.S. House,1,Republican,Penny ARCOS,7,0,7,0,0
McCracken,C122,U.S. House,1,Republican,James R. COMER,201,34,157,7,3
McCracken,C122,U.S. House,1,,Under Votes,10,0,9,1,0
McCracken,C122,U.S. House,1,,Over Votes,0,0,0,0,0
McCracken,C122,County Judge/Executive,,,Richard ABRAHAM,54,6,43,3,2
McCracken,C122,County Judge/Executive,,,Craig Zeiss CLYMER,132,26,101,4,1
McCracken,C122,County Judge/Executive,,,Matt MOORE,40,2,37,1,0
McCracken,C122,County Judge/Executive,,,Under Votes,5,1,4,0,0
McCracken,C122,County Judge/Executive,,,Over Votes,1,0,1,0,0
McCracken,C122,County Commissioner 1st District,,,Danielle GUMINSKI,30,5,24,1,0
McCracken,C122,County Commissioner 1st District,,,"J. W. ""Bill"" BARTLEMAN",160,21,131,5,3
McCracken,C122,County Commissioner 1st District,,,Charles Jeffrey LEE SR.,17,5,12,0,0
McCracken,C122,County Commissioner 1st District,,,Under Votes,25,4,19,2,0
McCracken,C122,County Commissioner 1st District,,,Over Votes,0,0,0,0,0
McCracken,C122,County Commissioner 2nd District,,,David KNIGHT,70,11,56,2,1
McCracken,C122,County Commissioner 2nd District,,,Jeff PARKER,138,22,110,4,2
McCracken,C122,County Commissioner 2nd District,,,Under Votes,24,2,20,2,0
McCracken,C122,County Commissioner 2nd District,,,Over Votes,0,0,0,0,0
McCracken,C122,County Surveyor,,,William Noel McELYA,114,19,88,5,2
McCracken,C122,County Surveyor,,,Stephen C. CHINO JR.,61,9,50,1,1
McCracken,C122,County Surveyor,,,Under Votes,57,7,48,2,0
McCracken,C122,County Surveyor,,,Over Votes,0,0,0,0,0
McCracken,C122,U.S. Senate,,Democratic,Joshua BLANTON SR.,3,0,2,0,1
McCracken,C122,U.S. Senate,,Democratic,Vincent Anthony THOMPSON,1,0,1,0,0
McCracken,C122,U.S. Senate,,Democratic,Charles BOOKER,60,12,45,2,1
McCracken,C122,U.S. Senate,,Democratic,Pamela STEVENSON,5,0,5,0,0
McCracken,C122,U.S. Senate,,Democratic,Dale Lewis ROMANS,3,0,3,0,0
McCracken,C122,U.S. Senate,,Democratic,Logan FORSYTHE,6,0,6,0,0
McCracken,C122,U.S. Senate,,Democratic,Amy McGRATH,59,10,42,7,0
McCracken,C123,U.S. Senate,,Republican,Other Donald WENZEL,0,0,0,0,0
McCracken,C123,U.S. Senate,,Republican,James D. DUNCAN,0,0,0,0,0
McCracken,C123,U.S. Senate,,Republican,George WASHINGTON,1,0,1,0,0
McCracken,C123,U.S. Senate,,Republican,"Valerie ""Dr Val"" FREDRICK",2,0,2,0,0
McCracken,C123,U.S. Senate,,Republican,Andy BARR,95,9,82,2,2
McCracken,C123,U.S. Senate,,Republican,Nate MORRIS,4,0,3,1,0
McCracken,C123,U.S. Senate,,Republican,Jimmy I. LEON,0,0,0,0,0
McCracken,C123,U.S. Senate,,Republican,A. Nick SHELLEY,1,0,1,0,0
McCracken,C123,U.S. Senate,,Republican,Daniel CAMERON,50,6,42,0,2
McCracken,C123,U.S. Senate,,Republican,Anissa CATLETT,4,1,3,0,0
McCracken,C123,U.S. Senate,,Republican,Michael James FARIS,2,0,2,0,0
McCracken,C123,U.S. Senate,,Republican,Jonathan M. HOLLIDAY,0,0,0,0,0
McCracken,C123,U.S. Senate,,,Under Votes,6,0,4,0,2
McCracken,C123,U.S. Senate,,,Over Votes,0,0,0,0,0
McCracken,C123,Ballots Cast,,,,286,,,,
McCracken,C123,U.S. House,1,Republican,David SIMS,4,1,3,0,0
McCracken,C123,U.S. House,1,Republican,Robert James SUTHERBY,1,0,1,0,0
McCracken,C123,U.S. House,1,Republican,Penny ARCOS,4,0,4,0,0
McCracken,C123,U.S. House,1,Republican,James R. COMER,150,15,128,3,4
McCracken,C123,U.S. House,1,,Under Votes,6,0,4,0,2
McCracken,C123,U.S. House,1,,Over Votes,0,0,0,0,0
McCracken,C123,County Judge/Executive,,,Richard ABRAHAM,36,2,30,1,3
McCracken,C123,County Judge/Executive,,,Craig Zeiss CLYMER,92,9,78,2,3
McCracken,C123,County Judge/Executive,,,Matt MOORE,32,5,27,0,0
McCracken,C123,County Judge/Executive,,,Under Votes,5,0,5,0,0
McCracken,C123,County Judge/Executive,,,Over Votes,0,0,0,0,0
McCracken,C123,County Commissioner 1st District,,,Danielle GUMINSKI,23,1,21,0,1
McCracken,C123,County Commissioner 1st District,,,"J. W. ""Bill"" BARTLEMAN",104,13,85,3,3
McCracken,C123,County Commissioner 1st District,,,Charles Jeffrey LEE SR.,17,1,16,0,0
McCracken,C123,County Commissioner 1st District,,,Under Votes,21,1,18,0,2
McCracken,C123,County Commissioner 1st District,,,Over Votes,0,0,0,0,0
McCracken,C123,County Commissioner 2nd District,,,David KNIGHT,44,2,39,2,1
McCracken,C123,County Commissioner 2nd District,,,Jeff PARKER,104,14,87,1,2
McCracken,C123,County Commissioner 2nd District,,,Under Votes,17,0,14,0,3
McCracken,C123,County Commissioner 2nd District,,,Over Votes,0,0,0,0,0
McCracken,C123,County Surveyor,,,William Noel McELYA,88,10,74,3,1
McCracken,C123,County Surveyor,,,Stephen C. CHINO JR.,36,4,30,0,2
McCracken,C123,County Surveyor,,,Under Votes,41,2,36,0,3
McCracken,C123,County Surveyor,,,Over Votes,0,0,0,0,0
McCracken,C123,U.S. Senate,,Democratic,Joshua BLANTON SR.,2,1,1,0,0
McCracken,C123,U.S. Senate,,Democratic,Vincent Anthony THOMPSON,2,0,2,0,0
McCracken,C123,U.S. Senate,,Democratic,Charles BOOKER,65,7,56,1,1
McCracken,C123,U.S. Senate,,Democratic,Pamela STEVENSON,7,1,6,0,0
McCracken,C123,U.S. Senate,,Democratic,Dale Lewis ROMANS,4,0,4,0,0
McCracken,C123,U.S. Senate,,Democratic,Logan FORSYTHE,4,0,4,0,0
McCracken,C123,U.S. Senate,,Democratic,Amy McGRATH,37,6,28,2,1
McCracken,C125,U.S. Senate,,Republican,Other Donald WENZEL,0,0,0,0,0
McCracken,C125,U.S. Senate,,Republican,James D. DUNCAN,0,0,0,0,0
McCracken,C125,U.S. Senate,,Republican,George WASHINGTON,0,0,0,0,0
McCracken,C125,U.S. Senate,,Republican,"Valerie ""Dr Val"" FREDRICK",1,0,1,0,0
McCracken,C125,U.S. Senate,,Republican,Andy BARR,30,5,22,2,1
McCracken,C125,U.S. Senate,,Republican,Nate MORRIS,0,0,0,0,0
McCracken,C125,U.S. Senate,,Republican,Jimmy I. LEON,0,0,0,0,0
McCracken,C125,U.S. Senate,,Republican,A. Nick SHELLEY,1,0,1,0,0
McCracken,C125,U.S. Senate,,Republican,Daniel CAMERON,11,0,11,0,0
McCracken,C125,U.S. Senate,,Republican,Anissa CATLETT,0,0,0,0,0
McCracken,C125,U.S. Senate,,Republican,Michael James FARIS,0,0,0,0,0
McCracken,C125,U.S. Senate,,Republican,Jonathan M. HOLLIDAY,0,0,0,0,0
McCracken,C125,U.S. Senate,,,Under Votes,0,0,0,0,0
McCracken,C125,U.S. Senate,,,Over Votes,1,1,0,0,0
McCracken,C125,Ballots Cast,,,,153,,,,
McCracken,C125,U.S. House,1,Republican,David SIMS,2,0,1,0,1
McCracken,C125,U.S. House,1,Republican,Robert James SUTHERBY,1,0,1,0,0
McCracken,C125,U.S. House,1,Republican,Penny ARCOS,1,0,1,0,0
McCracken,C125,U.S. House,1,Republican,James R. COMER,36,5,29,2,0
McCracken,C125,U.S. House,1,,Under Votes,3,0,3,0,0
McCracken,C125,U.S. House,1,,Over Votes,0,0,0,0,0
McCracken,C125,County Judge/Executive,,,Richard ABRAHAM,9,0,8,0,1
McCracken,C125,County Judge/Executive,,,Craig Zeiss CLYMER,19,1,16,2,0
McCracken,C125,County Judge/Executive,,,Matt MOORE,13,4,9,0,0
McCracken,C125,County Judge/Executive,,,Under Votes,2,0,2,0,0
McCracken,C125,County Judge/Executive,,,Over Votes,0,0,0,0,0
McCracken,C125,County Commissioner 1st District,,,Danielle GUMINSKI,6,1,4,1,0
McCracken,C125,County Commissioner 1st District,,,"J. W. ""Bill"" BARTLEMAN",29,3,25,0,1
McCracken,C125,County Commissioner 1st District,,,Charles Jeffrey LEE SR.,3,1,2,0,0
McCracken,C125,County Commissioner 1st District,,,Under Votes,5,0,4,1,0
McCracken,C125,County Commissioner 1st District,,,Over Votes,0,0,0,0,0
McCracken,C125,County Commissioner 2nd District,,,David KNIGHT,20,5,13,1,1
McCracken,C125,County Commissioner 2nd District,,,Jeff PARKER,18,0,18,0,0
McCracken,C125,County Commissioner 2nd District,,,Under Votes,5,0,4,1,0
McCracken,C125,County Commissioner 2nd District,,,Over Votes,0,0,0,0,0
McCracken,C125,County Surveyor,,,William Noel McELYA,21,3,17,0,1
McCracken,C125,County Surveyor,,,Stephen C. CHINO JR.,14,2,11,1,0
McCracken,C125,County Surveyor,,,Under Votes,8,0,7,1,0
McCracken,C125,County Surveyor,,,Over Votes,0,0,0,0,0
McCracken,C125,U.S. Senate,,Democratic,Joshua BLANTON SR.,0,0,0,0,0
McCracken,C125,U.S. Senate,,Democratic,Vincent Anthony THOMPSON,0,0,0,0,0
McCracken,C125,U.S. Senate,,Democratic,Charles BOOKER,82,9,70,1,2
McCracken,C125,U.S. Senate,,Democratic,Pamela STEVENSON,8,2,3,3,0
McCracken,C125,U.S. Senate,,Democratic,Dale Lewis ROMANS,0,0,0,0,0
McCracken,C125,U.S. Senate,,Democratic,Logan FORSYTHE,2,0,2,0,0
McCracken,C125,U.S. Senate,,Democratic,Amy McGRATH,17,2,14,1,0
McCracken,C129,U.S. Senate,,Republican,Other Donald WENZEL,1,0,1,0,0
McCracken,C129,U.S. Senate,,Republican,James D. DUNCAN,1,0,1,0,0
McCracken,C129,U.S. Senate,,Republican,George WASHINGTON,0,0,0,0,0
McCracken,C129,U.S. Senate,,Republican,"Valerie ""Dr Val"" FREDRICK",4,0,4,0,0
McCracken,C129,U.S. Senate,,Republican,Andy BARR,290,43,239,5,3
McCracken,C129,U.S. Senate,,Republican,Nate MORRIS,4,0,4,0,0
McCracken,C129,U.S. Senate,,Republican,Jimmy I. LEON,0,0,0,0,0
McCracken,C129,U.S. Senate,,Republican,A. Nick SHELLEY,0,0,0,0,0
McCracken,C129,U.S. Senate,,Republican,Daniel CAMERON,108,21,85,0,2
McCracken,C129,U.S. Senate,,Republican,Anissa CATLETT,1,0,1,0,0
McCracken,C129,U.S. Senate,,Republican,Michael James FARIS,0,0,0,0,0
McCracken,C129,U.S. Senate,,Republican,Jonathan M. HOLLIDAY,2,0,2,0,0
McCracken,C129,U.S. Senate,,,Under Votes,12,0,12,0,0
McCracken,C129,U.S. Senate,,,Over Votes,3,1,2,0,0
McCracken,C129,Ballots Cast,,,,622,,,,
McCracken,C129,U.S. House,1,Republican,David SIMS,23,4,16,2,1
McCracken,C129,U.S. House,1,Republican,Robert James SUTHERBY,3,0,3,0,0
McCracken,C129,U.S. House,1,Republican,Penny ARCOS,8,0,7,1,0
McCracken,C129,U.S. House,1,Republican,James R. COMER,375,58,311,2,4
McCracken,C129,U.S. House,1,,Under Votes,13,3,10,0,0
McCracken,C129,U.S. House,1,,Over Votes,0,0,0,0,0
McCracken,C129,County Judge/Executive,,,Richard ABRAHAM,70,6,64,0,0
McCracken,C129,County Judge/Executive,,,Craig Zeiss CLYMER,236,37,192,4,3
McCracken,C129,County Judge/Executive,,,Matt MOORE,102,22,77,1,2
McCracken,C129,County Judge/Executive,,,Under Votes,14,0,14,0,0
McCracken,C129,County Judge/Executive,,,Over Votes,0,0,0,0,0
McCracken,C129,County Commissioner 1st District,,,Danielle GUMINSKI,53,11,42,0,0
McCracken,C129,County Commissioner 1st District,,,"J. W. ""Bill"" BARTLEMAN",276,43,227,2,4
McCracken,C129,County Commissioner 1st District,,,Charles Jeffrey LEE SR.,48,6,40,1,1
McCracken,C129,County Commissioner 1st District,,,Under Votes,45,5,38,2,0
McCracken,C129,County Commissioner 1st District,,,Over Votes,0,0,0,0,0
McCracken,C129,County Commissioner 2nd District,,,David KNIGHT,132,19,109,1,3
McCracken,C129,County Commissioner 2nd District,,,Jeff PARKER,243,39,198,4,2
McCracken,C129,County Commissioner 2nd District,,,Under Votes,47,7,40,0,0
McCracken,C129,County Commissioner 2nd District,,,Over Votes,0,0,0,0,0
McCracken,C129,County Surveyor,,,William Noel McELYA,228,34,191,1,2
McCracken,C129,County Surveyor,,,Stephen C. CHINO JR.,92,17,69,4,2
McCracken,C129,County Surveyor,,,Under Votes,102,14,87,0,1
McCracken,C129,County Surveyor,,,Over Votes,0,0,0,0,0
McCracken,C129,U.S. Senate,,Democratic,Joshua BLANTON SR.,9,1,8,0,0
McCracken,C129,U.S. Senate,,Democratic,Vincent Anthony THOMPSON,1,0,1,0,0
McCracken,C129,U.S. Senate,,Democratic,Charles BOOKER,91,15,73,2,1
McCracken,C129,U.S. Senate,,Democratic,Pamela STEVENSON,7,2,4,1,0
McCracken,C129,U.S. Senate,,Democratic,Dale Lewis ROMANS,2,1,1,0,0
McCracken,C129,U.S. Senate,,Democratic,Logan FORSYTHE,4,0,4,0,0
McCracken,C129,U.S. Senate,,Democratic,Amy McGRATH,82,12,64,6,0
