county,precinct,office,district,party,candidate,votes,early_voting,election_day,absentee_mail,absentee
Clark,A101,U.S. Senate,,Republican,A. Nick SHELLEY,1,0,1,0,0
Clark,A101,U.S. Senate,,Republican,Anissa CATLETT,6,0,6,0,0
Clark,A101,U.S. Senate,,Republican,Daniel CAMERON,90,0,64,10,16
Clark,A101,U.S. Senate,,Republican,Jimmy I. LEON,0,0,0,0,0
Clark,A101,U.S. Senate,,Republican,Jonathan M. HOLLIDAY,2,0,2,0,0
Clark,A101,U.S. Senate,,Republican,James D. DUNCAN,2,0,1,1,0
Clark,A101,U.S. Senate,,Republican,Other Donald WENZEL,2,0,2,0,0
Clark,A101,U.S. Senate,,Republican,George WASHINGTON,0,0,0,0,0
Clark,A101,U.S. Senate,,Republican,Michael James FARIS,6,0,1,0,5
Clark,A101,U.S. Senate,,Republican,Andy BARR,271,0,190,6,75
Clark,A101,U.S. Senate,,Republican,"Valerie ""Dr Val"" FREDRICK",1,0,1,0,0
Clark,A101,U.S. Senate,,,Under Votes,12,0,10,1,1
Clark,A101,U.S. Senate,,,Over Votes,0,0,0,0,0
Clark,A101,Ballots Cast,,,,649,,,,
Clark,A101,U.S. House,6,Republican,Gregory George PLUCINSKI,11,0,8,0,3
Clark,A101,U.S. House,6,Republican,Adam Perez ARQUETTE,2,0,2,0,0
Clark,A101,U.S. House,6,Republican,Ralph ALVARADO,233,0,166,14,53
Clark,A101,U.S. House,6,Republican,Steve SHANNON,15,0,13,1,1
Clark,A101,U.S. House,6,Republican,Ryan DOTSON,116,0,74,2,40
Clark,A101,U.S. House,6,,Under Votes,29,0,24,1,4
Clark,A101,U.S. House,6,,Over Votes,0,0,0,0,0
Clark,A101,State Representative,73,Republican,Les YATES,105,0,76,2,27
Clark,A101,State Representative,73,Republican,Daniel KONSTANTOPOULOS,270,0,187,15,68
Clark,A101,State Representative,73,,Under Votes,25,0,18,2,5
Clark,A101,State Representative,73,,Over Votes,0,0,0,0,0
Clark,A101,Property Valuation Administrator,,,Allan W. CURTIS,176,0,124,9,43
Clark,A101,Property Valuation Administrator,,,Jada BRADY,191,0,132,8,51
Clark,A101,Property Valuation Administrator,,,Under Votes,18,0,16,0,2
Clark,A101,Property Valuation Administrator,,,Over Votes,2,0,0,0,2
Clark,A101,County Judge/Executive,,,Eric R. VETTER,86,0,59,3,24
Clark,A101,County Judge/Executive,,,Justin CHARLES,137,0,90,5,42
Clark,A101,County Judge/Executive,,,Shannon J. COX,46,0,34,5,7
Clark,A101,County Judge/Executive,,,Stephen CRAYCRAFT,99,0,72,4,23
Clark,A101,County Judge/Executive,,,Under Votes,19,0,17,0,2
Clark,A101,County Judge/Executive,,,Over Votes,0,0,0,0,0
Clark,A101,U.S. Senate,,Democratic,Pamela STEVENSON,30,0,23,1,6
Clark,A101,U.S. Senate,,Democratic,Vincent Anthony THOMPSON,1,0,1,0,0
Clark,A101,U.S. Senate,,Democratic,Joshua BLANTON SR.,4,0,3,0,1
Clark,A101,U.S. Senate,,Democratic,Charles BOOKER,96,0,78,2,16
Clark,A101,U.S. Senate,,Democratic,Amy McGRATH,84,0,63,4,17
Clark,A101,U.S. Senate,,Democratic,Logan FORSYTHE,3,0,1,0,2
Clark,A101,U.S. Senate,,Democratic,Dale Lewis ROMANS,19,0,16,0,3
Clark,A101,U.S. House,6,Democratic,Harvey CARROLL JR.,8,0,8,0,0
Clark,A101,U.S. House,6,Democratic,David KLOIBER,9,0,6,0,3
Clark,A101,U.S. House,6,Democratic,Erin PETREY,26,0,22,0,4
Clark,A101,U.S. House,6,Democratic,Cherlynn STEVENSON,72,0,49,5,18
Clark,A101,U.S. House,6,Democratic,Jimmy Clifton AUSBROOKS,4,0,4,0,0
Clark,A101,U.S. House,6,Democratic,Corey EDWARDS,19,0,17,0,2
Clark,A101,U.S. House,6,Democratic,Zach DEMBO,90,0,73,2,15
Clark,A101,State Representative,73,Democratic,Chelsea KIRK,137,0,104,3,30
Clark,A101,State Representative,73,Democratic,Rory HOULIHAN,97,0,81,3,13
Clark,A101,District Judge 25th Judicial District 1st Divison,1,,Darrian D. BOTTS,89,0,73,3,13
Clark,A101,District Judge 25th Judicial District 1st Divison,1,,Tyler S. FRAZIER,254,0,189,13,52
Clark,A101,District Judge 25th Judicial District 1st Divison,1,,Under Votes,163,0,115,3,45
Clark,A101,District Judge 25th Judicial District 1st Divison,1,,Over Votes,1,0,1,0,0
Clark,A101,City Commissioners City OF Winchester,,,James BOWMAN,24,0,14,0,10
Clark,A101,City Commissioners City OF Winchester,,,Hannah TOOLE,48,0,29,1,18
Clark,A101,City Commissioners City OF Winchester,,,Joe Lee CHENAULT,30,0,19,2,9
Clark,A101,City Commissioners City OF Winchester,,,Kitty W. STRODE,39,0,23,1,15
Clark,A101,City Commissioners City OF Winchester,,,Jim CALDWELL,62,0,32,4,26
Clark,A101,City Commissioners City OF Winchester,,,Kenny BOOK,21,0,10,1,10
Clark,A101,City Commissioners City OF Winchester,,,Tara ASBURY,19,0,11,1,7
Clark,A101,City Commissioners City OF Winchester,,,Robin KUNKEL,9,0,9,0,0
Clark,A101,City Commissioners City OF Winchester,,,Ralph HARRISON,13,0,1,0,12
Clark,A101,City Commissioners City OF Winchester,,,Tim CORNETT,18,0,15,0,3
Clark,A101,City Commissioners City OF Winchester,,,Under Votes,126,0,95,10,21
Clark,A101,City Commissioners City OF Winchester,,,Over Votes,0,0,0,0,0
Clark,A102,U.S. Senate,,Republican,A. Nick SHELLEY,1,0,1,0,0
Clark,A102,U.S. Senate,,Republican,Anissa CATLETT,2,0,2,0,0
Clark,A102,U.S. Senate,,Republican,Daniel CAMERON,30,0,25,0,5
Clark,A102,U.S. Senate,,Republican,Jimmy I. LEON,0,0,0,0,0
Clark,A102,U.S. Senate,,Republican,Jonathan M. HOLLIDAY,0,0,0,0,0
Clark,A102,U.S. Senate,,Republican,James D. DUNCAN,0,0,0,0,0
Clark,A102,U.S. Senate,,Republican,Other Donald WENZEL,0,0,0,0,0
Clark,A102,U.S. Senate,,Republican,George WASHINGTON,0,0,0,0,0
Clark,A102,U.S. Senate,,Republican,Michael James FARIS,2,0,1,0,1
Clark,A102,U.S. Senate,,Republican,Andy BARR,89,0,65,1,23
Clark,A102,U.S. Senate,,Republican,"Valerie ""Dr Val"" FREDRICK",1,0,1,0,0
Clark,A102,U.S. Senate,,,Under Votes,6,0,5,0,1
Clark,A102,U.S. Senate,,,Over Votes,0,0,0,0,0
Clark,A102,Ballots Cast,,,,239,,,,
Clark,A102,U.S. House,6,Republican,Gregory George PLUCINSKI,4,0,4,0,0
Clark,A102,U.S. House,6,Republican,Adam Perez ARQUETTE,2,0,2,0,0
Clark,A102,U.S. House,6,Republican,Ralph ALVARADO,75,0,57,0,18
Clark,A102,U.S. House,6,Republican,Steve SHANNON,2,0,2,0,0
Clark,A102,U.S. House,6,Republican,Ryan DOTSON,46,0,33,1,12
Clark,A102,U.S. House,6,,Under Votes,9,0,7,0,2
Clark,A102,U.S. House,6,,Over Votes,0,0,0,0,0
Clark,A102,State Representative,73,Republican,Les YATES,37,0,24,1,12
Clark,A102,State Representative,73,Republican,Daniel KONSTANTOPOULOS,86,0,68,0,18
Clark,A102,State Representative,73,,Under Votes,12,0,10,0,2
Clark,A102,State Representative,73,,Over Votes,0,0,0,0,0
Clark,A102,Property Valuation Administrator,,,Allan W. CURTIS,44,0,32,0,12
Clark,A102,Property Valuation Administrator,,,Jada BRADY,72,0,54,1,17
Clark,A102,Property Valuation Administrator,,,Under Votes,14,0,13,0,1
Clark,A102,Property Valuation Administrator,,,Over Votes,0,0,0,0,0
Clark,A102,County Judge/Executive,,,Eric R. VETTER,20,0,13,0,7
Clark,A102,County Judge/Executive,,,Justin CHARLES,42,0,34,0,8
Clark,A102,County Judge/Executive,,,Shannon J. COX,25,0,21,0,4
Clark,A102,County Judge/Executive,,,Stephen CRAYCRAFT,35,0,24,1,10
Clark,A102,County Judge/Executive,,,Under Votes,8,0,7,0,1
Clark,A102,County Judge/Executive,,,Over Votes,0,0,0,0,0
Clark,A102,U.S. Senate,,Democratic,Pamela STEVENSON,10,0,7,0,3
Clark,A102,U.S. Senate,,Democratic,Vincent Anthony THOMPSON,5,0,4,0,1
Clark,A102,U.S. Senate,,Democratic,Joshua BLANTON SR.,1,0,1,0,0
Clark,A102,U.S. Senate,,Democratic,Charles BOOKER,38,0,35,2,1
Clark,A102,U.S. Senate,,Democratic,Amy McGRATH,36,0,24,0,12
Clark,A102,U.S. Senate,,Democratic,Logan FORSYTHE,2,0,2,0,0
Clark,A102,U.S. Senate,,Democratic,Dale Lewis ROMANS,8,0,7,0,1
Clark,A102,U.S. House,6,Democratic,Harvey CARROLL JR.,3,0,3,0,0
Clark,A102,U.S. House,6,Democratic,David KLOIBER,4,0,3,0,1
Clark,A102,U.S. House,6,Democratic,Erin PETREY,18,0,17,1,0
Clark,A102,U.S. House,6,Democratic,Cherlynn STEVENSON,28,0,24,1,3
Clark,A102,U.S. House,6,Democratic,Jimmy Clifton AUSBROOKS,2,0,2,0,0
Clark,A102,U.S. House,6,Democratic,Corey EDWARDS,7,0,6,0,1
Clark,A102,U.S. House,6,Democratic,Zach DEMBO,33,0,21,0,12
Clark,A102,State Representative,73,Democratic,Chelsea KIRK,53,0,43,2,8
Clark,A102,State Representative,73,Democratic,Rory HOULIHAN,45,0,36,0,9
Clark,A102,District Judge 25th Judicial District 1st Divison,1,,Darrian D. BOTTS,29,0,22,0,7
Clark,A102,District Judge 25th Judicial District 1st Divison,1,,Tyler S. FRAZIER,105,0,81,2,22
Clark,A102,District Judge 25th Judicial District 1st Divison,1,,Under Votes,45,0,33,0,12
Clark,A102,District Judge 25th Judicial District 1st Divison,1,,Over Votes,0,0,0,0,0
Clark,A103,U.S. Senate,,Republican,A. Nick SHELLEY,0,0,0,0,0
Clark,A103,U.S. Senate,,Republican,Anissa CATLETT,3,0,0,0,3
Clark,A103,U.S. Senate,,Republican,Daniel CAMERON,34,0,25,0,9
Clark,A103,U.S. Senate,,Republican,Jimmy I. LEON,0,0,0,0,0
Clark,A103,U.S. Senate,,Republican,Jonathan M. HOLLIDAY,1,0,0,0,1
Clark,A103,U.S. Senate,,Republican,James D. DUNCAN,1,0,1,0,0
Clark,A103,U.S. Senate,,Republican,Other Donald WENZEL,0,0,0,0,0
Clark,A103,U.S. Senate,,Republican,George WASHINGTON,1,0,1,0,0
Clark,A103,U.S. Senate,,Republican,Michael James FARIS,2,0,2,0,0
Clark,A103,U.S. Senate,,Republican,Andy BARR,91,0,61,2,28
Clark,A103,U.S. Senate,,Republican,"Valerie ""Dr Val"" FREDRICK",0,0,0,0,0
Clark,A103,U.S. Senate,,,Under Votes,11,0,5,0,6
Clark,A103,U.S. Senate,,,Over Votes,0,0,0,0,0
Clark,A103,Ballots Cast,,,,263,,,,
Clark,A103,U.S. House,6,Republican,Gregory George PLUCINSKI,4,0,3,0,1
Clark,A103,U.S. House,6,Republican,Adam Perez ARQUETTE,3,0,2,0,1
Clark,A103,U.S. House,6,Republican,Ralph ALVARADO,83,0,58,1,24
Clark,A103,U.S. House,6,Republican,Steve SHANNON,8,0,3,1,4
Clark,A103,U.S. House,6,Republican,Ryan DOTSON,35,0,25,0,10
Clark,A103,U.S. House,6,,Under Votes,17,0,8,0,9
Clark,A103,U.S. House,6,,Over Votes,0,0,0,0,0
Clark,A103,State Representative,73,Republican,Les YATES,40,0,25,0,15
Clark,A103,State Representative,73,Republican,Daniel KONSTANTOPOULOS,88,0,59,2,27
Clark,A103,State Representative,73,,Under Votes,26,0,19,0,7
Clark,A103,State Representative,73,,Over Votes,0,0,0,0,0
Clark,A103,Property Valuation Administrator,,,Allan W. CURTIS,42,0,30,1,11
Clark,A103,Property Valuation Administrator,,,Jada BRADY,87,0,57,0,30
Clark,A103,Property Valuation Administrator,,,Under Votes,10,0,6,1,3
Clark,A103,Property Valuation Administrator,,,Over Votes,0,0,0,0,0
Clark,A103,County Judge/Executive,,,Eric R. VETTER,15,0,13,0,2
Clark,A103,County Judge/Executive,,,Justin CHARLES,45,0,31,0,14
Clark,A103,County Judge/Executive,,,Shannon J. COX,34,0,27,0,7
Clark,A103,County Judge/Executive,,,Stephen CRAYCRAFT,38,0,19,2,17
Clark,A103,County Judge/Executive,,,Under Votes,6,0,3,0,3
Clark,A103,County Judge/Executive,,,Over Votes,1,0,0,0,1
Clark,A103,U.S. Senate,,Democratic,Pamela STEVENSON,8,0,7,0,1
Clark,A103,U.S. Senate,,Democratic,Vincent Anthony THOMPSON,1,0,1,0,0
Clark,A103,U.S. Senate,,Democratic,Joshua BLANTON SR.,0,0,0,0,0
Clark,A103,U.S. Senate,,Democratic,Charles BOOKER,42,0,32,0,10
Clark,A103,U.S. Senate,,Democratic,Amy McGRATH,50,0,32,2,16
Clark,A103,U.S. Senate,,Democratic,Logan FORSYTHE,2,0,2,0,0
Clark,A103,U.S. Senate,,Democratic,Dale Lewis ROMANS,6,0,5,0,1
Clark,A103,U.S. House,6,Democratic,Harvey CARROLL JR.,0,0,0,0,0
Clark,A103,U.S. House,6,Democratic,David KLOIBER,2,0,2,0,0
Clark,A103,U.S. House,6,Democratic,Erin PETREY,7,0,7,0,0
Clark,A103,U.S. House,6,Democratic,Cherlynn STEVENSON,32,0,25,0,7
Clark,A103,U.S. House,6,Democratic,Jimmy Clifton AUSBROOKS,1,0,1,0,0
Clark,A103,U.S. House,6,Democratic,Corey EDWARDS,6,0,5,0,1
Clark,A103,U.S. House,6,Democratic,Zach DEMBO,57,0,37,2,18
Clark,A103,State Representative,73,Democratic,Chelsea KIRK,57,0,43,0,14
Clark,A103,State Representative,73,Democratic,Rory HOULIHAN,44,0,30,2,12
Clark,A103,District Judge 25th Judicial District 1st Divison,1,,Darrian D. BOTTS,39,0,24,1,14
Clark,A103,District Judge 25th Judicial District 1st Divison,1,,Tyler S. FRAZIER,102,0,72,0,30
Clark,A103,District Judge 25th Judicial District 1st Divison,1,,Under Votes,82,0,59,1,22
Clark,A103,District Judge 25th Judicial District 1st Divison,1,,Over Votes,0,0,0,0,0
Clark,A103,City Commissioners City OF Winchester,,,James BOWMAN,32,0,19,0,13
Clark,A103,City Commissioners City OF Winchester,,,Hannah TOOLE,149,0,91,3,55
Clark,A103,City Commissioners City OF Winchester,,,Joe Lee CHENAULT,99,0,56,1,42
Clark,A103,City Commissioners City OF Winchester,,,Kitty W. STRODE,147,0,92,4,51
Clark,A103,City Commissioners City OF Winchester,,,Jim CALDWELL,140,0,98,2,40
Clark,A103,City Commissioners City OF Winchester,,,Kenny BOOK,76,0,54,3,19
Clark,A103,City Commissioners City OF Winchester,,,Tara ASBURY,33,0,23,1,9
Clark,A103,City Commissioners City OF Winchester,,,Robin KUNKEL,18,0,12,0,6
Clark,A103,City Commissioners City OF Winchester,,,Ralph HARRISON,23,0,16,0,7
Clark,A103,City Commissioners City OF Winchester,,,Tim CORNETT,39,0,26,0,13
Clark,A103,City Commissioners City OF Winchester,,,Under Votes,279,0,225,2,52
Clark,A103,City Commissioners City OF Winchester,,,Over Votes,0,0,0,0,0
Clark,A104,U.S. Senate,,Republican,A. Nick SHELLEY,3,0,3,0,0
Clark,A104,U.S. Senate,,Republican,Anissa CATLETT,1,0,1,0,0
Clark,A104,U.S. Senate,,Republican,Daniel CAMERON,47,0,38,2,7
Clark,A104,U.S. Senate,,Republican,Jimmy I. LEON,0,0,0,0,0
Clark,A104,U.S. Senate,,Republican,Jonathan M. HOLLIDAY,0,0,0,0,0
Clark,A104,U.S. Senate,,Republican,James D. DUNCAN,1,0,1,0,0
Clark,A104,U.S. Senate,,Republican,Other Donald WENZEL,0,0,0,0,0
Clark,A104,U.S. Senate,,Republican,George WASHINGTON,5,0,4,0,1
Clark,A104,U.S. Senate,,Republican,Michael James FARIS,2,0,2,0,0
Clark,A104,U.S. Senate,,Republican,Andy BARR,179,0,141,9,29
Clark,A104,U.S. Senate,,Republican,"Valerie ""Dr Val"" FREDRICK",2,0,2,0,0
Clark,A104,U.S. Senate,,,Under Votes,11,0,10,0,1
Clark,A104,U.S. Senate,,,Over Votes,0,0,0,0,0
Clark,A104,Ballots Cast,,,,425,,,,
Clark,A104,U.S. House,6,Republican,Gregory George PLUCINSKI,14,0,13,0,1
Clark,A104,U.S. House,6,Republican,Adam Perez ARQUETTE,2,0,0,0,2
Clark,A104,U.S. House,6,Republican,Ralph ALVARADO,137,0,111,11,15
Clark,A104,U.S. House,6,Republican,Steve SHANNON,9,0,9,0,0
Clark,A104,U.S. House,6,Republican,Ryan DOTSON,82,0,63,0,19
Clark,A104,U.S. House,6,,Under Votes,15,0,14,0,1
Clark,A104,U.S. House,6,,Over Votes,0,0,0,0,0
Clark,A104,State Representative,73,Republican,Les YATES,85,0,74,2,9
Clark,A104,State Representative,73,Republican,Daniel KONSTANTOPOULOS,155,0,121,9,25
Clark,A104,State Representative,73,,Under Votes,21,0,13,1,7
Clark,A104,State Representative,73,,Over Votes,0,0,0,0,0
Clark,A104,Property Valuation Administrator,,,Allan W. CURTIS,82,0,64,6,12
Clark,A104,Property Valuation Administrator,,,Jada BRADY,150,0,125,4,21
Clark,A104,Property Valuation Administrator,,,Under Votes,18,0,13,1,4
Clark,A104,Property Valuation Administrator,,,Over Votes,0,0,0,0,0
Clark,A104,County Judge/Executive,,,Eric R. VETTER,30,0,23,2,5
Clark,A104,County Judge/Executive,,,Justin CHARLES,93,0,80,1,12
Clark,A104,County Judge/Executive,,,Shannon J. COX,39,0,33,0,6
Clark,A104,County Judge/Executive,,,Stephen CRAYCRAFT,72,0,53,7,12
Clark,A104,County Judge/Executive,,,Under Votes,16,0,13,1,2
Clark,A104,County Judge/Executive,,,Over Votes,0,0,0,0,0
Clark,A104,U.S. Senate,,Democratic,Pamela STEVENSON,21,0,14,1,6
Clark,A104,U.S. Senate,,Democratic,Vincent Anthony THOMPSON,0,0,0,0,0
Clark,A104,U.S. Senate,,Democratic,Joshua BLANTON SR.,2,0,1,0,1
Clark,A104,U.S. Senate,,Democratic,Charles BOOKER,66,0,54,1,11
Clark,A104,U.S. Senate,,Democratic,Amy McGRATH,57,0,42,1,14
Clark,A104,U.S. Senate,,Democratic,Logan FORSYTHE,5,0,4,0,1
Clark,A104,U.S. Senate,,Democratic,Dale Lewis ROMANS,11,0,8,0,3
Clark,A104,U.S. House,6,Democratic,Harvey CARROLL JR.,2,0,1,0,1
Clark,A104,U.S. House,6,Democratic,David KLOIBER,4,0,4,0,0
Clark,A104,U.S. House,6,Democratic,Erin PETREY,21,0,16,1,4
Clark,A104,U.S. House,6,Democratic,Cherlynn STEVENSON,51,0,39,1,11
Clark,A104,U.S. House,6,Democratic,Jimmy Clifton AUSBROOKS,0,0,0,0,0
Clark,A104,U.S. House,6,Democratic,Corey EDWARDS,6,0,4,0,2
Clark,A104,U.S. House,6,Democratic,Zach DEMBO,74,0,55,1,18
Clark,A104,State Representative,73,Democratic,Chelsea KIRK,106,0,81,1,24
Clark,A104,State Representative,73,Democratic,Rory HOULIHAN,50,0,40,1,9
Clark,A104,District Judge 25th Judicial District 1st Divison,1,,Darrian D. BOTTS,64,0,56,1,7
Clark,A104,District Judge 25th Judicial District 1st Divison,1,,Tyler S. FRAZIER,178,0,133,6,39
Clark,A104,District Judge 25th Judicial District 1st Divison,1,,Under Votes,96,0,79,4,13
Clark,A104,District Judge 25th Judicial District 1st Divison,1,,Over Votes,0,0,0,0,0
Clark,A105,U.S. Senate,,Republican,A. Nick SHELLEY,2,0,2,0,0
Clark,A105,U.S. Senate,,Republican,Anissa CATLETT,1,0,0,0,1
Clark,A105,U.S. Senate,,Republican,Daniel CAMERON,43,0,28,0,15
Clark,A105,U.S. Senate,,Republican,Jimmy I. LEON,0,0,0,0,0
Clark,A105,U.S. Senate,,Republican,Jonathan M. HOLLIDAY,0,0,0,0,0
Clark,A105,U.S. Senate,,Republican,James D. DUNCAN,0,0,0,0,0
Clark,A105,U.S. Senate,,Republican,Other Donald WENZEL,0,0,0,0,0
Clark,A105,U.S. Senate,,Republican,George WASHINGTON,1,0,1,0,0
Clark,A105,U.S. Senate,,Republican,Michael James FARIS,1,0,1,0,0
Clark,A105,U.S. Senate,,Republican,Andy BARR,152,0,113,1,38
Clark,A105,U.S. Senate,,Republican,"Valerie ""Dr Val"" FREDRICK",0,0,0,0,0
Clark,A105,U.S. Senate,,,Under Votes,14,0,12,0,2
Clark,A105,U.S. Senate,,,Over Votes,0,0,0,0,0
Clark,A105,Ballots Cast,,,,335,,,,
Clark,A105,U.S. House,6,Republican,Gregory George PLUCINSKI,4,0,3,0,1
Clark,A105,U.S. House,6,Republican,Adam Perez ARQUETTE,2,0,2,0,0
Clark,A105,U.S. House,6,Republican,Ralph ALVARADO,121,0,87,1,33
Clark,A105,U.S. House,6,Republican,Steve SHANNON,6,0,5,0,1
Clark,A105,U.S. House,6,Republican,Ryan DOTSON,69,0,49,0,20
Clark,A105,U.S. House,6,,Under Votes,17,0,15,0,2
Clark,A105,U.S. House,6,,Over Votes,0,0,0,0,0
Clark,A105,State Representative,73,Republican,Les YATES,54,0,45,0,9
Clark,A105,State Representative,73,Republican,Daniel KONSTANTOPOULOS,146,0,97,1,48
Clark,A105,State Representative,73,,Under Votes,12,0,11,1,0
Clark,A105,State Representative,73,,Over Votes,0,0,0,0,0
Clark,A105,Property Valuation Administrator,,,Allan W. CURTIS,96,0,66,1,29
Clark,A105,Property Valuation Administrator,,,Jada BRADY,99,0,75,0,24
Clark,A105,Property Valuation Administrator,,,Under Votes,12,0,8,0,4
Clark,A105,Property Valuation Administrator,,,Over Votes,0,0,0,0,0
Clark,A105,County Judge/Executive,,,Eric R. VETTER,21,0,17,0,4
Clark,A105,County Judge/Executive,,,Justin CHARLES,58,0,39,0,19
Clark,A105,County Judge/Executive,,,Shannon J. COX,47,0,33,0,14
Clark,A105,County Judge/Executive,,,Stephen CRAYCRAFT,73,0,53,1,19
Clark,A105,County Judge/Executive,,,Under Votes,8,0,7,0,1
Clark,A105,County Judge/Executive,,,Over Votes,0,0,0,0,0
Clark,A105,U.S. Senate,,Democratic,Pamela STEVENSON,10,0,8,0,2
Clark,A105,U.S. Senate,,Democratic,Vincent Anthony THOMPSON,0,0,0,0,0
Clark,A105,U.S. Senate,,Democratic,Joshua BLANTON SR.,3,0,3,0,0
Clark,A105,U.S. Senate,,Democratic,Charles BOOKER,56,0,41,1,14
Clark,A105,U.S. Senate,,Democratic,Amy McGRATH,34,0,25,1,8
Clark,A105,U.S. Senate,,Democratic,Logan FORSYTHE,5,0,4,0,1
Clark,A105,U.S. Senate,,Democratic,Dale Lewis ROMANS,10,0,5,2,3
Clark,A105,U.S. House,6,Democratic,Harvey CARROLL JR.,1,0,1,0,0
Clark,A105,U.S. House,6,Democratic,David KLOIBER,9,0,9,0,0
Clark,A105,U.S. House,6,Democratic,Erin PETREY,9,0,8,0,1
Clark,A105,U.S. House,6,Democratic,Cherlynn STEVENSON,23,0,17,1,5
Clark,A105,U.S. House,6,Democratic,Jimmy Clifton AUSBROOKS,1,0,1,0,0
Clark,A105,U.S. House,6,Democratic,Corey EDWARDS,6,0,6,0,0
Clark,A105,U.S. House,6,Democratic,Zach DEMBO,65,0,40,3,22
Clark,A105,State Representative,73,Democratic,Chelsea KIRK,87,0,63,3,21
Clark,A105,State Representative,73,Democratic,Rory HOULIHAN,34,0,27,0,7
Clark,A105,District Judge 25th Judicial District 1st Divison,1,,Darrian D. BOTTS,48,0,33,1,14
Clark,A105,District Judge 25th Judicial District 1st Divison,1,,Tyler S. FRAZIER,153,0,111,1,41
Clark,A105,District Judge 25th Judicial District 1st Divison,1,,Under Votes,65,0,48,1,16
Clark,A105,District Judge 25th Judicial District 1st Divison,1,,Over Votes,0,0,0,0,0
Clark,B102,U.S. Senate,,Republican,A. Nick SHELLEY,0,0,0,0,0
Clark,B102,U.S. Senate,,Republican,Anissa CATLETT,3,0,3,0,0
Clark,B102,U.S. Senate,,Republican,Daniel CAMERON,53,0,46,0,7
Clark,B102,U.S. Senate,,Republican,Jimmy I. LEON,0,0,0,0,0
Clark,B102,U.S. Senate,,Republican,Jonathan M. HOLLIDAY,1,0,1,0,0
Clark,B102,U.S. Senate,,Republican,James D. DUNCAN,2,0,1,0,1
Clark,B102,U.S. Senate,,Republican,Other Donald WENZEL,0,0,0,0,0
Clark,B102,U.S. Senate,,Republican,George WASHINGTON,1,0,1,0,0
Clark,B102,U.S. Senate,,Republican,Michael James FARIS,4,0,3,0,1
Clark,B102,U.S. Senate,,Republican,Andy BARR,294,0,218,1,75
Clark,B102,U.S. Senate,,Republican,"Valerie ""Dr Val"" FREDRICK",4,0,4,0,0
Clark,B102,U.S. Senate,,,Under Votes,13,0,12,1,0
Clark,B102,U.S. Senate,,,Over Votes,0,0,0,0,0
Clark,B102,Ballots Cast,,,,668,,,,
Clark,B102,U.S. House,6,Republican,Gregory George PLUCINSKI,12,0,9,0,3
Clark,B102,U.S. House,6,Republican,Adam Perez ARQUETTE,9,0,8,0,1
Clark,B102,U.S. House,6,Republican,Ralph ALVARADO,241,0,181,1,59
Clark,B102,U.S. House,6,Republican,Steve SHANNON,12,0,12,0,0
Clark,B102,U.S. House,6,Republican,Ryan DOTSON,95,0,73,1,21
Clark,B102,U.S. House,6,,Under Votes,34,0,28,1,5
Clark,B102,U.S. House,6,,Over Votes,0,0,0,0,0
Clark,B102,State Representative,73,Republican,Les YATES,149,0,121,2,26
Clark,B102,State Representative,73,Republican,Daniel KONSTANTOPOULOS,212,0,157,0,55
Clark,B102,State Representative,73,,Under Votes,41,0,35,1,5
Clark,B102,State Representative,73,,Over Votes,0,0,0,0,0
Clark,B102,Property Valuation Administrator,,,Allan W. CURTIS,164,0,131,1,32
Clark,B102,Property Valuation Administrator,,,Jada BRADY,197,0,145,1,51
Clark,B102,Property Valuation Administrator,,,Under Votes,16,0,15,0,1
Clark,B102,Property Valuation Administrator,,,Over Votes,0,0,0,0,0
Clark,B102,County Judge/Executive,,,Eric R. VETTER,53,0,34,0,19
Clark,B102,County Judge/Executive,,,Justin CHARLES,142,0,111,1,30
Clark,B102,County Judge/Executive,,,Shannon J. COX,84,0,76,0,8
Clark,B102,County Judge/Executive,,,Stephen CRAYCRAFT,84,0,57,1,26
Clark,B102,County Judge/Executive,,,Under Votes,14,0,13,0,1
Clark,B102,County Judge/Executive,,,Over Votes,0,0,0,0,0
Clark,B102,Magistrate,,,Ernest W. PASLEY,133,0,98,1,34
Clark,B102,Magistrate,,,Kelley McDonald NISBET,52,0,45,0,7
Clark,B102,Magistrate,,,Bryan HOWARD,167,0,126,1,40
Clark,B102,Magistrate,,,Under Votes,25,0,22,0,3
Clark,B102,Magistrate,,,Over Votes,0,0,0,0,0
Clark,B102,U.S. Senate,,Democratic,Pamela STEVENSON,24,0,21,0,3
Clark,B102,U.S. Senate,,Democratic,Vincent Anthony THOMPSON,5,0,4,0,1
Clark,B102,U.S. Senate,,Democratic,Joshua BLANTON SR.,4,0,3,0,1
Clark,B102,U.S. Senate,,Democratic,Charles BOOKER,109,0,88,2,19
Clark,B102,U.S. Senate,,Democratic,Amy McGRATH,107,0,79,1,27
Clark,B102,U.S. Senate,,Democratic,Logan FORSYTHE,3,0,1,0,2
Clark,B102,U.S. Senate,,Democratic,Dale Lewis ROMANS,15,0,7,1,7
Clark,B102,U.S. House,6,Democratic,Harvey CARROLL JR.,9,0,7,0,2
Clark,B102,U.S. House,6,Democratic,David KLOIBER,12,0,9,0,3
Clark,B102,U.S. House,6,Democratic,Erin PETREY,37,0,33,0,4
Clark,B102,U.S. House,6,Democratic,Cherlynn STEVENSON,48,0,37,1,10
Clark,B102,U.S. House,6,Democratic,Jimmy Clifton AUSBROOKS,4,0,3,0,1
Clark,B102,U.S. House,6,Democratic,Corey EDWARDS,13,0,9,1,3
Clark,B102,U.S. House,6,Democratic,Zach DEMBO,124,0,90,2,32
Clark,B102,State Representative,73,Democratic,Chelsea KIRK,142,0,109,3,30
Clark,B102,State Representative,73,Democratic,Rory HOULIHAN,106,0,77,1,28
Clark,B102,District Judge 25th Judicial District 1st Divison,1,,Darrian D. BOTTS,89,0,62,5,22
Clark,B102,District Judge 25th Judicial District 1st Divison,1,,Tyler S. FRAZIER,296,0,228,1,67
Clark,B102,District Judge 25th Judicial District 1st Divison,1,,Under Votes,154,0,123,0,31
Clark,B102,District Judge 25th Judicial District 1st Divison,1,,Over Votes,1,0,0,0,1
Clark,B102,City Commissioners City OF Winchester,,,James BOWMAN,50,0,35,1,14
Clark,B102,City Commissioners City OF Winchester,,,Hannah TOOLE,111,0,72,4,35
Clark,B102,City Commissioners City OF Winchester,,,Joe Lee CHENAULT,67,0,41,1,25
Clark,B102,City Commissioners City OF Winchester,,,Kitty W. STRODE,121,0,87,1,33
Clark,B102,City Commissioners City OF Winchester,,,Jim CALDWELL,115,0,71,5,39
Clark,B102,City Commissioners City OF Winchester,,,Kenny BOOK,46,0,33,0,13
Clark,B102,City Commissioners City OF Winchester,,,Tara ASBURY,29,0,20,2,7
Clark,B102,City Commissioners City OF Winchester,,,Robin KUNKEL,32,0,24,2,6
Clark,B102,City Commissioners City OF Winchester,,,Ralph HARRISON,30,0,23,0,7
Clark,B102,City Commissioners City OF Winchester,,,Tim CORNETT,38,0,29,2,7
Clark,B102,City Commissioners City OF Winchester,,,Under Votes,226,0,176,2,48
Clark,B102,City Commissioners City OF Winchester,,,Over Votes,0,0,0,0,0
Clark,B103,U.S. Senate,,Republican,A. Nick SHELLEY,0,0,0,0,0
Clark,B103,U.S. Senate,,Republican,Anissa CATLETT,0,0,0,0,0
Clark,B103,U.S. Senate,,Republican,Daniel CAMERON,11,0,8,0,3
Clark,B103,U.S. Senate,,Republican,Jimmy I. LEON,0,0,0,0,0
Clark,B103,U.S. Senate,,Republican,Jonathan M. HOLLIDAY,0,0,0,0,0
Clark,B103,U.S. Senate,,Republican,James D. DUNCAN,1,0,1,0,0
Clark,B103,U.S. Senate,,Republican,Other Donald WENZEL,0,0,0,0,0
Clark,B103,U.S. Senate,,Republican,George WASHINGTON,0,0,0,0,0
Clark,B103,U.S. Senate,,Republican,Michael James FARIS,1,0,1,0,0
Clark,B103,U.S. Senate,,Republican,Andy BARR,34,0,30,0,4
Clark,B103,U.S. Senate,,Republican,"Valerie ""Dr Val"" FREDRICK",2,0,1,1,0
Clark,B103,U.S. Senate,,,Under Votes,3,0,3,0,0
Clark,B103,U.S. Senate,,,Over Votes,0,0,0,0,0
Clark,B103,Ballots Cast,,,,118,,,,
Clark,B103,U.S. House,6,Republican,Gregory George PLUCINSKI,2,0,2,0,0
Clark,B103,U.S. House,6,Republican,Adam Perez ARQUETTE,2,0,2,0,0
Clark,B103,U.S. House,6,Republican,Ralph ALVARADO,20,0,16,1,3
Clark,B103,U.S. House,6,Republican,Steve SHANNON,1,0,1,0,0
Clark,B103,U.S. House,6,Republican,Ryan DOTSON,27,0,23,0,4
Clark,B103,U.S. House,6,,Under Votes,5,0,4,0,1
Clark,B103,U.S. House,6,,Over Votes,0,0,0,0,0
Clark,B103,State Representative,73,Republican,Les YATES,25,0,22,0,3
Clark,B103,State Representative,73,Republican,Daniel KONSTANTOPOULOS,27,0,22,1,4
Clark,B103,State Representative,73,,Under Votes,7,0,6,0,1
Clark,B103,State Representative,73,,Over Votes,0,0,0,0,0
Clark,B103,Property Valuation Administrator,,,Allan W. CURTIS,17,0,15,0,2
Clark,B103,Property Valuation Administrator,,,Jada BRADY,29,0,24,1,4
Clark,B103,Property Valuation Administrator,,,Under Votes,7,0,6,0,1
Clark,B103,Property Valuation Administrator,,,Over Votes,0,0,0,0,0
Clark,B103,County Judge/Executive,,,Eric R. VETTER,12,0,12,0,0
Clark,B103,County Judge/Executive,,,Justin CHARLES,14,0,13,0,1
Clark,B103,County Judge/Executive,,,Shannon J. COX,15,0,11,1,3
Clark,B103,County Judge/Executive,,,Stephen CRAYCRAFT,11,0,8,0,3
Clark,B103,County Judge/Executive,,,Under Votes,1,0,1,0,0
Clark,B103,County Judge/Executive,,,Over Votes,0,0,0,0,0
Clark,B103,Magistrate,,,Ernest W. PASLEY,11,0,7,0,4
Clark,B103,Magistrate,,,Kelley McDonald NISBET,6,0,4,1,1
Clark,B103,Magistrate,,,Bryan HOWARD,30,0,28,0,2
Clark,B103,Magistrate,,,Under Votes,6,0,6,0,0
Clark,B103,Magistrate,,,Over Votes,0,0,0,0,0
Clark,B103,U.S. Senate,,Democratic,Pamela STEVENSON,5,0,5,0,0
Clark,B103,U.S. Senate,,Democratic,Vincent Anthony THOMPSON,0,0,0,0,0
Clark,B103,U.S. Senate,,Democratic,Joshua BLANTON SR.,3,0,2,0,1
Clark,B103,U.S. Senate,,Democratic,Charles BOOKER,27,0,21,1,5
Clark,B103,U.S. Senate,,Democratic,Amy McGRATH,20,0,14,3,3
Clark,B103,U.S. Senate,,Democratic,Logan FORSYTHE,1,0,1,0,0
Clark,B103,U.S. Senate,,Democratic,Dale Lewis ROMANS,3,0,3,0,0
Clark,B103,U.S. House,6,Democratic,Harvey CARROLL JR.,4,0,4,0,0
Clark,B103,U.S. House,6,Democratic,David KLOIBER,3,0,2,0,1
Clark,B103,U.S. House,6,Democratic,Erin PETREY,7,0,5,0,2
Clark,B103,U.S. House,6,Democratic,Cherlynn STEVENSON,16,0,12,1,3
Clark,B103,U.S. House,6,Democratic,Jimmy Clifton AUSBROOKS,2,0,2,0,0
Clark,B103,U.S. House,6,Democratic,Corey EDWARDS,6,0,5,1,0
Clark,B103,U.S. House,6,Democratic,Zach DEMBO,19,0,15,2,2
Clark,B103,State Representative,73,Democratic,Chelsea KIRK,24,0,17,3,4
Clark,B103,State Representative,73,Democratic,Rory HOULIHAN,31,0,26,1,4
Clark,B103,District Judge 25th Judicial District 1st Divison,1,,Darrian D. BOTTS,18,0,13,2,3
Clark,B103,District Judge 25th Judicial District 1st Divison,1,,Tyler S. FRAZIER,52,0,45,1,6
Clark,B103,District Judge 25th Judicial District 1st Divison,1,,Under Votes,20,0,17,0,3
Clark,B103,District Judge 25th Judicial District 1st Divison,1,,Over Votes,0,0,0,0,0
Clark,B103,City Commissioners City OF Winchester,,,James BOWMAN,23,0,16,2,5
Clark,B103,City Commissioners City OF Winchester,,,Hannah TOOLE,36,0,30,2,4
Clark,B103,City Commissioners City OF Winchester,,,Joe Lee CHENAULT,34,0,28,2,4
Clark,B103,City Commissioners City OF Winchester,,,Kitty W. STRODE,45,0,36,1,8
Clark,B103,City Commissioners City OF Winchester,,,Jim CALDWELL,67,0,55,4,8
Clark,B103,City Commissioners City OF Winchester,,,Kenny BOOK,38,0,29,2,7
Clark,B103,City Commissioners City OF Winchester,,,Tara ASBURY,16,0,10,3,3
Clark,B103,City Commissioners City OF Winchester,,,Robin KUNKEL,10,0,8,1,1
Clark,B103,City Commissioners City OF Winchester,,,Ralph HARRISON,31,0,28,0,3
Clark,B103,City Commissioners City OF Winchester,,,Tim CORNETT,15,0,13,0,2
Clark,B103,City Commissioners City OF Winchester,,,Under Votes,134,0,112,3,19
Clark,B103,City Commissioners City OF Winchester,,,Over Votes,0,0,0,0,0
Clark,B104,U.S. Senate,,Republican,A. Nick SHELLEY,1,0,1,0,0
Clark,B104,U.S. Senate,,Republican,Anissa CATLETT,2,0,1,0,1
Clark,B104,U.S. Senate,,Republican,Daniel CAMERON,39,0,29,1,9
Clark,B104,U.S. Senate,,Republican,Jimmy I. LEON,1,0,1,0,0
Clark,B104,U.S. Senate,,Republican,Jonathan M. HOLLIDAY,0,0,0,0,0
Clark,B104,U.S. Senate,,Republican,James D. DUNCAN,3,0,3,0,0
Clark,B104,U.S. Senate,,Republican,Other Donald WENZEL,0,0,0,0,0
Clark,B104,U.S. Senate,,Republican,George WASHINGTON,1,0,1,0,0
Clark,B104,U.S. Senate,,Republican,Michael James FARIS,3,0,2,0,1
Clark,B104,U.S. Senate,,Republican,Andy BARR,165,0,143,1,21
Clark,B104,U.S. Senate,,Republican,"Valerie ""Dr Val"" FREDRICK",3,0,3,0,0
Clark,B104,U.S. Senate,,,Under Votes,12,0,11,0,1
Clark,B104,U.S. Senate,,,Over Votes,0,0,0,0,0
Clark,B104,Ballots Cast,,,,329,,,,
Clark,B104,U.S. House,6,Republican,Gregory George PLUCINSKI,6,0,6,0,0
Clark,B104,U.S. House,6,Republican,Adam Perez ARQUETTE,5,0,5,0,0
Clark,B104,U.S. House,6,Republican,Ralph ALVARADO,122,0,104,1,17
Clark,B104,U.S. House,6,Republican,Steve SHANNON,8,0,8,0,0
Clark,B104,U.S. House,6,Republican,Ryan DOTSON,86,0,68,2,16
Clark,B104,U.S. House,6,,Under Votes,13,0,12,0,1
Clark,B104,U.S. House,6,,Over Votes,0,0,0,0,0
Clark,B104,State Representative,73,Republican,Les YATES,86,0,75,0,11
Clark,B104,State Representative,73,Republican,Daniel KONSTANTOPOULOS,132,0,107,3,22
Clark,B104,State Representative,73,,Under Votes,20,0,19,0,1
Clark,B104,State Representative,73,,Over Votes,0,0,0,0,0
Clark,B104,Property Valuation Administrator,,,Allan W. CURTIS,91,0,78,0,13
Clark,B104,Property Valuation Administrator,,,Jada BRADY,126,0,104,2,20
Clark,B104,Property Valuation Administrator,,,Under Votes,17,0,15,1,1
Clark,B104,Property Valuation Administrator,,,Over Votes,0,0,0,0,0
Clark,B104,County Judge/Executive,,,Eric R. VETTER,28,0,21,0,7
Clark,B104,County Judge/Executive,,,Justin CHARLES,91,0,75,3,13
Clark,B104,County Judge/Executive,,,Shannon J. COX,45,0,38,0,7
Clark,B104,County Judge/Executive,,,Stephen CRAYCRAFT,45,0,38,0,7
Clark,B104,County Judge/Executive,,,Under Votes,25,0,25,0,0
Clark,B104,County Judge/Executive,,,Over Votes,0,0,0,0,0
Clark,B104,Magistrate,,,Ernest W. PASLEY,67,0,57,0,10
Clark,B104,Magistrate,,,Kelley McDonald NISBET,4,0,3,0,1
Clark,B104,Magistrate,,,Bryan HOWARD,159,0,133,3,23
Clark,B104,Magistrate,,,Under Votes,4,0,4,0,0
Clark,B104,Magistrate,,,Over Votes,0,0,0,0,0
Clark,B104,U.S. Senate,,Democratic,Pamela STEVENSON,19,0,16,1,2
Clark,B104,U.S. Senate,,Democratic,Vincent Anthony THOMPSON,0,0,0,0,0
Clark,B104,U.S. Senate,,Democratic,Joshua BLANTON SR.,2,0,1,0,1
Clark,B104,U.S. Senate,,Democratic,Charles BOOKER,22,0,21,0,1
Clark,B104,U.S. Senate,,Democratic,Amy McGRATH,36,0,31,0,5
Clark,B104,U.S. Senate,,Democratic,Logan FORSYTHE,1,0,1,0,0
Clark,B104,U.S. Senate,,Democratic,Dale Lewis ROMANS,5,0,5,0,0
Clark,B104,U.S. House,6,Democratic,Harvey CARROLL JR.,4,0,3,0,1
Clark,B104,U.S. House,6,Democratic,David KLOIBER,3,0,3,0,0
Clark,B104,U.S. House,6,Democratic,Erin PETREY,14,0,14,0,0
Clark,B104,U.S. House,6,Democratic,Cherlynn STEVENSON,31,0,25,1,5
Clark,B104,U.S. House,6,Democratic,Jimmy Clifton AUSBROOKS,3,0,2,0,1
Clark,B104,U.S. House,6,Democratic,Corey EDWARDS,6,0,4,0,2
Clark,B104,U.S. House,6,Democratic,Zach DEMBO,21,0,21,0,0
Clark,B104,State Representative,73,Democratic,Chelsea KIRK,48,0,42,0,6
Clark,B104,State Representative,73,Democratic,Rory HOULIHAN,36,0,32,1,3
Clark,B104,District Judge 25th Judicial District 1st Divison,1,,Darrian D. BOTTS,42,0,34,2,6
Clark,B104,District Judge 25th Judicial District 1st Divison,1,,Tyler S. FRAZIER,165,0,142,1,22
Clark,B104,District Judge 25th Judicial District 1st Divison,1,,Under Votes,64,0,56,0,8
Clark,B104,District Judge 25th Judicial District 1st Divison,1,,Over Votes,0,0,0,0,0
Clark,B105,U.S. Senate,,Republican,A. Nick SHELLEY,0,0,0,0,0
Clark,B105,U.S. Senate,,Republican,Anissa CATLETT,0,0,0,0,0
Clark,B105,U.S. Senate,,Republican,Daniel CAMERON,28,0,20,0,8
Clark,B105,U.S. Senate,,Republican,Jimmy I. LEON,0,0,0,0,0
Clark,B105,U.S. Senate,,Republican,Jonathan M. HOLLIDAY,0,0,0,0,0
Clark,B105,U.S. Senate,,Republican,James D. DUNCAN,1,0,1,0,0
Clark,B105,U.S. Senate,,Republican,Other Donald WENZEL,0,0,0,0,0
Clark,B105,U.S. Senate,,Republican,George WASHINGTON,4,0,2,0,2
Clark,B105,U.S. Senate,,Republican,Michael James FARIS,4,0,4,0,0
Clark,B105,U.S. Senate,,Republican,Andy BARR,151,0,112,0,39
Clark,B105,U.S. Senate,,Republican,"Valerie ""Dr Val"" FREDRICK",1,0,0,0,1
Clark,B105,U.S. Senate,,,Under Votes,11,0,6,0,5
Clark,B105,U.S. Senate,,,Over Votes,0,0,0,0,0
Clark,B105,Ballots Cast,,,,326,,,,
Clark,B105,U.S. House,6,Republican,Gregory George PLUCINSKI,3,0,1,0,2
Clark,B105,U.S. House,6,Republican,Adam Perez ARQUETTE,4,0,2,0,2
Clark,B105,U.S. House,6,Republican,Ralph ALVARADO,114,0,89,0,25
Clark,B105,U.S. House,6,Republican,Steve SHANNON,3,0,2,0,1
Clark,B105,U.S. House,6,Republican,Ryan DOTSON,62,0,44,0,18
Clark,B105,U.S. House,6,,Under Votes,24,0,13,0,11
Clark,B105,U.S. House,6,,Over Votes,0,0,0,0,0
Clark,B105,State Representative,73,Republican,Les YATES,78,0,53,0,25
Clark,B105,State Representative,73,Republican,Daniel KONSTANTOPOULOS,104,0,79,0,25
Clark,B105,State Representative,73,,Under Votes,24,0,16,0,8
Clark,B105,State Representative,73,,Over Votes,0,0,0,0,0
Clark,B105,Property Valuation Administrator,,,Allan W. CURTIS,70,0,50,0,20
Clark,B105,Property Valuation Administrator,,,Jada BRADY,108,0,77,0,31
Clark,B105,Property Valuation Administrator,,,Under Votes,18,0,15,0,3
Clark,B105,Property Valuation Administrator,,,Over Votes,0,0,0,0,0
Clark,B105,County Judge/Executive,,,Eric R. VETTER,15,0,9,0,6
Clark,B105,County Judge/Executive,,,Justin CHARLES,71,0,60,0,11
Clark,B105,County Judge/Executive,,,Shannon J. COX,53,0,36,0,17
Clark,B105,County Judge/Executive,,,Stephen CRAYCRAFT,45,0,28,0,17
Clark,B105,County Judge/Executive,,,Under Votes,12,0,9,0,3
Clark,B105,County Judge/Executive,,,Over Votes,0,0,0,0,0
Clark,B105,Magistrate,,,Ernest W. PASLEY,67,0,46,0,21
Clark,B105,Magistrate,,,Kelley McDonald NISBET,14,0,9,0,5
Clark,B105,Magistrate,,,Bryan HOWARD,106,0,82,0,24
Clark,B105,Magistrate,,,Under Votes,9,0,5,0,4
Clark,B105,Magistrate,,,Over Votes,0,0,0,0,0
Clark,B105,U.S. Senate,,Democratic,Pamela STEVENSON,8,0,4,0,4
Clark,B105,U.S. Senate,,Democratic,Vincent Anthony THOMPSON,5,0,5,0,0
Clark,B105,U.S. Senate,,Democratic,Joshua BLANTON SR.,7,0,6,0,1
Clark,B105,U.S. Senate,,Democratic,Charles BOOKER,32,0,27,1,4
Clark,B105,U.S. Senate,,Democratic,Amy McGRATH,53,0,42,2,9
Clark,B105,U.S. Senate,,Democratic,Logan FORSYTHE,2,0,2,0,0
Clark,B105,U.S. Senate,,Democratic,Dale Lewis ROMANS,12,0,10,0,2
Clark,B105,U.S. House,6,Democratic,Harvey CARROLL JR.,5,0,3,0,2
Clark,B105,U.S. House,6,Democratic,David KLOIBER,7,0,6,0,1
Clark,B105,U.S. House,6,Democratic,Erin PETREY,12,0,9,1,2
Clark,B105,U.S. House,6,Democratic,Cherlynn STEVENSON,30,0,25,0,5
Clark,B105,U.S. House,6,Democratic,Jimmy Clifton AUSBROOKS,4,0,3,0,1
Clark,B105,U.S. House,6,Democratic,Corey EDWARDS,4,0,3,0,1
Clark,B105,U.S. House,6,Democratic,Zach DEMBO,51,0,43,2,6
Clark,B105,State Representative,73,Democratic,Chelsea KIRK,64,0,53,3,8
Clark,B105,State Representative,73,Democratic,Rory HOULIHAN,53,0,42,0,11
Clark,B105,District Judge 25th Judicial District 1st Divison,1,,Darrian D. BOTTS,37,0,27,2,8
Clark,B105,District Judge 25th Judicial District 1st Divison,1,,Tyler S. FRAZIER,166,0,126,1,39
Clark,B105,District Judge 25th Judicial District 1st Divison,1,,Under Votes,77,0,61,0,16
Clark,B105,District Judge 25th Judicial District 1st Divison,1,,Over Votes,0,0,0,0,0
Clark,C101,U.S. Senate,,Republican,A. Nick SHELLEY,0,0,0,0,0
Clark,C101,U.S. Senate,,Republican,Anissa CATLETT,1,0,1,0,0
Clark,C101,U.S. Senate,,Republican,Daniel CAMERON,53,0,41,1,11
Clark,C101,U.S. Senate,,Republican,Jimmy I. LEON,0,0,0,0,0
Clark,C101,U.S. Senate,,Republican,Jonathan M. HOLLIDAY,0,0,0,0,0
Clark,C101,U.S. Senate,,Republican,James D. DUNCAN,0,0,0,0,0
Clark,C101,U.S. Senate,,Republican,Other Donald WENZEL,1,0,1,0,0
Clark,C101,U.S. Senate,,Republican,George WASHINGTON,0,0,0,0,0
Clark,C101,U.S. Senate,,Republican,Michael James FARIS,5,0,4,0,1
Clark,C101,U.S. Senate,,Republican,Andy BARR,182,0,133,6,43
Clark,C101,U.S. Senate,,Republican,"Valerie ""Dr Val"" FREDRICK",2,0,0,0,2
Clark,C101,U.S. Senate,,,Under Votes,11,0,9,0,2
Clark,C101,U.S. Senate,,,Over Votes,0,0,0,0,0
Clark,C101,Ballots Cast,,,,377,,,,
Clark,C101,U.S. House,6,Republican,Gregory George PLUCINSKI,4,0,3,0,1
Clark,C101,U.S. House,6,Republican,Adam Perez ARQUETTE,1,0,1,0,0
Clark,C101,U.S. House,6,Republican,Ralph ALVARADO,132,0,97,6,29
Clark,C101,U.S. House,6,Republican,Steve SHANNON,8,0,6,1,1
Clark,C101,U.S. House,6,Republican,Ryan DOTSON,101,0,73,0,28
Clark,C101,U.S. House,6,,Under Votes,11,0,10,0,1
Clark,C101,U.S. House,6,,Over Votes,0,0,0,0,0
Clark,C101,State Representative,73,Republican,Les YATES,91,0,72,3,16
Clark,C101,State Representative,73,Republican,Daniel KONSTANTOPOULOS,142,0,100,4,38
Clark,C101,State Representative,73,,Under Votes,25,0,18,0,7
Clark,C101,State Representative,73,,Over Votes,0,0,0,0,0
Clark,C101,Property Valuation Administrator,,,Allan W. CURTIS,106,0,76,2,28
Clark,C101,Property Valuation Administrator,,,Jada BRADY,122,0,92,5,25
Clark,C101,Property Valuation Administrator,,,Under Votes,23,0,16,0,7
Clark,C101,Property Valuation Administrator,,,Over Votes,0,0,0,0,0
Clark,C101,County Judge/Executive,,,Eric R. VETTER,31,0,25,0,6
Clark,C101,County Judge/Executive,,,Justin CHARLES,88,0,63,2,23
Clark,C101,County Judge/Executive,,,Shannon J. COX,41,0,31,2,8
Clark,C101,County Judge/Executive,,,Stephen CRAYCRAFT,79,0,54,3,22
Clark,C101,County Judge/Executive,,,Under Votes,12,0,11,0,1
Clark,C101,County Judge/Executive,,,Over Votes,0,0,0,0,0
Clark,C101,Magistrate,,,Christy Fulks BUSH,75,0,53,0,22
Clark,C101,Magistrate,,,Benjamin MOBERLY,143,0,107,7,29
Clark,C101,Magistrate,,,Under Votes,33,0,24,0,9
Clark,C101,Magistrate,,,Over Votes,0,0,0,0,0
Clark,C101,U.S. Senate,,Democratic,Pamela STEVENSON,15,0,13,1,1
Clark,C101,U.S. Senate,,Democratic,Vincent Anthony THOMPSON,3,0,3,0,0
Clark,C101,U.S. Senate,,Democratic,Joshua BLANTON SR.,3,0,3,0,0
Clark,C101,U.S. Senate,,Democratic,Charles BOOKER,39,0,26,2,11
Clark,C101,U.S. Senate,,Democratic,Amy McGRATH,46,0,29,1,16
Clark,C101,U.S. Senate,,Democratic,Logan FORSYTHE,3,0,3,0,0
Clark,C101,U.S. Senate,,Democratic,Dale Lewis ROMANS,7,0,7,0,0
Clark,C101,U.S. House,6,Democratic,Harvey CARROLL JR.,4,0,4,0,0
Clark,C101,U.S. House,6,Democratic,David KLOIBER,3,0,3,0,0
Clark,C101,U.S. House,6,Democratic,Erin PETREY,23,0,16,1,6
Clark,C101,U.S. House,6,Democratic,Cherlynn STEVENSON,33,0,24,2,7
Clark,C101,U.S. House,6,Democratic,Jimmy Clifton AUSBROOKS,0,0,0,0,0
Clark,C101,U.S. House,6,Democratic,Corey EDWARDS,6,0,6,0,0
Clark,C101,U.S. House,6,Democratic,Zach DEMBO,46,0,30,1,15
Clark,C101,State Representative,73,Democratic,Chelsea KIRK,63,0,45,3,15
Clark,C101,State Representative,73,Democratic,Rory HOULIHAN,51,0,38,1,12
Clark,C101,District Judge 25th Judicial District 1st Divison,1,,Darrian D. BOTTS,44,0,29,4,11
Clark,C101,District Judge 25th Judicial District 1st Divison,1,,Tyler S. FRAZIER,191,0,137,3,51
Clark,C101,District Judge 25th Judicial District 1st Divison,1,,Under Votes,78,0,59,2,17
Clark,C101,District Judge 25th Judicial District 1st Divison,1,,Over Votes,0,0,0,0,0
Clark,C101,City Commissioners City OF Winchester,,,James BOWMAN,0,0,0,0,0
Clark,C101,City Commissioners City OF Winchester,,,Hannah TOOLE,0,0,0,0,0
Clark,C101,City Commissioners City OF Winchester,,,Joe Lee CHENAULT,2,0,2,0,0
Clark,C101,City Commissioners City OF Winchester,,,Kitty W. STRODE,0,0,0,0,0
Clark,C101,City Commissioners City OF Winchester,,,Jim CALDWELL,0,0,0,0,0
Clark,C101,City Commissioners City OF Winchester,,,Kenny BOOK,1,0,1,0,0
Clark,C101,City Commissioners City OF Winchester,,,Tara ASBURY,0,0,0,0,0
Clark,C101,City Commissioners City OF Winchester,,,Robin KUNKEL,0,0,0,0,0
Clark,C101,City Commissioners City OF Winchester,,,Ralph HARRISON,0,0,0,0,0
Clark,C101,City Commissioners City OF Winchester,,,Tim CORNETT,0,0,0,0,0
Clark,C101,City Commissioners City OF Winchester,,,Under Votes,5,0,5,0,0
Clark,C101,City Commissioners City OF Winchester,,,Over Votes,0,0,0,0,0
Clark,C102,U.S. Senate,,Republican,A. Nick SHELLEY,3,0,3,0,0
Clark,C102,U.S. Senate,,Republican,Anissa CATLETT,1,0,1,0,0
Clark,C102,U.S. Senate,,Republican,Daniel CAMERON,28,0,24,0,4
Clark,C102,U.S. Senate,,Republican,Jimmy I. LEON,0,0,0,0,0
Clark,C102,U.S. Senate,,Republican,Jonathan M. HOLLIDAY,0,0,0,0,0
Clark,C102,U.S. Senate,,Republican,James D. DUNCAN,0,0,0,0,0
Clark,C102,U.S. Senate,,Republican,Other Donald WENZEL,0,0,0,0,0
Clark,C102,U.S. Senate,,Republican,George WASHINGTON,1,0,1,0,0
Clark,C102,U.S. Senate,,Republican,Michael James FARIS,1,0,1,0,0
Clark,C102,U.S. Senate,,Republican,Andy BARR,112,0,79,1,32
Clark,C102,U.S. Senate,,Republican,"Valerie ""Dr Val"" FREDRICK",0,0,0,0,0
Clark,C102,U.S. Senate,,,Under Votes,9,0,7,0,2
Clark,C102,U.S. Senate,,,Over Votes,0,0,0,0,0
Clark,C102,Ballots Cast,,,,269,,,,
Clark,C102,U.S. House,6,Republican,Gregory George PLUCINSKI,8,0,7,1,0
Clark,C102,U.S. House,6,Republican,Adam Perez ARQUETTE,1,0,1,0,0
Clark,C102,U.S. House,6,Republican,Ralph ALVARADO,78,0,64,0,14
Clark,C102,U.S. House,6,Republican,Steve SHANNON,5,0,4,0,1
Clark,C102,U.S. House,6,Republican,Ryan DOTSON,60,0,37,0,23
Clark,C102,U.S. House,6,,Under Votes,7,0,7,0,0
Clark,C102,U.S. House,6,,Over Votes,0,0,0,0,0
Clark,C102,State Representative,73,Republican,Les YATES,53,0,45,0,8
Clark,C102,State Representative,73,Republican,Daniel KONSTANTOPOULOS,92,0,63,1,28
Clark,C102,State Representative,73,,Under Votes,18,0,16,0,2
Clark,C102,State Representative,73,,Over Votes,0,0,0,0,0
Clark,C102,Property Valuation Administrator,,,Allan W. CURTIS,70,0,54,0,16
Clark,C102,Property Valuation Administrator,,,Jada BRADY,77,0,55,1,21
Clark,C102,Property Valuation Administrator,,,Under Votes,7,0,6,0,1
Clark,C102,Property Valuation Administrator,,,Over Votes,0,0,0,0,0
Clark,C102,County Judge/Executive,,,Eric R. VETTER,32,0,22,1,9
Clark,C102,County Judge/Executive,,,Justin CHARLES,44,0,34,0,10
Clark,C102,County Judge/Executive,,,Shannon J. COX,40,0,33,0,7
Clark,C102,County Judge/Executive,,,Stephen CRAYCRAFT,29,0,18,0,11
Clark,C102,County Judge/Executive,,,Under Votes,9,0,8,0,1
Clark,C102,County Judge/Executive,,,Over Votes,0,0,0,0,0
Clark,C102,Magistrate,,,Christy Fulks BUSH,54,0,31,0,23
Clark,C102,Magistrate,,,Benjamin MOBERLY,85,0,72,1,12
Clark,C102,Magistrate,,,Under Votes,15,0,12,0,3
Clark,C102,Magistrate,,,Over Votes,0,0,0,0,0
Clark,C102,U.S. Senate,,Democratic,Pamela STEVENSON,15,0,12,0,3
Clark,C102,U.S. Senate,,Democratic,Vincent Anthony THOMPSON,2,0,2,0,0
Clark,C102,U.S. Senate,,Democratic,Joshua BLANTON SR.,3,0,2,0,1
Clark,C102,U.S. Senate,,Democratic,Charles BOOKER,42,0,31,1,10
Clark,C102,U.S. Senate,,Democratic,Amy McGRATH,34,0,25,3,6
Clark,C102,U.S. Senate,,Democratic,Logan FORSYTHE,1,0,1,0,0
Clark,C102,U.S. Senate,,Democratic,Dale Lewis ROMANS,8,0,6,0,2
Clark,C102,U.S. House,6,Democratic,Harvey CARROLL JR.,6,0,6,0,0
Clark,C102,U.S. House,6,Democratic,David KLOIBER,5,0,5,0,0
Clark,C102,U.S. House,6,Democratic,Erin PETREY,12,0,11,0,1
Clark,C102,U.S. House,6,Democratic,Cherlynn STEVENSON,40,0,27,1,12
Clark,C102,U.S. House,6,Democratic,Jimmy Clifton AUSBROOKS,0,0,0,0,0
Clark,C102,U.S. House,6,Democratic,Corey EDWARDS,6,0,6,0,0
Clark,C102,U.S. House,6,Democratic,Zach DEMBO,36,0,24,3,9
Clark,C102,State Representative,73,Democratic,Chelsea KIRK,57,0,44,1,12
Clark,C102,State Representative,73,Democratic,Rory HOULIHAN,44,0,31,3,10
Clark,C102,District Judge 25th Judicial District 1st Divison,1,,Darrian D. BOTTS,38,0,29,1,8
Clark,C102,District Judge 25th Judicial District 1st Divison,1,,Tyler S. FRAZIER,123,0,93,1,29
Clark,C102,District Judge 25th Judicial District 1st Divison,1,,Under Votes,52,0,42,0,10
Clark,C102,District Judge 25th Judicial District 1st Divison,1,,Over Votes,0,0,0,0,0
Clark,C103,U.S. Senate,,Republican,A. Nick SHELLEY,1,0,1,0,0
Clark,C103,U.S. Senate,,Republican,Anissa CATLETT,1,0,1,0,0
Clark,C103,U.S. Senate,,Republican,Daniel CAMERON,62,0,51,1,10
Clark,C103,U.S. Senate,,Republican,Jimmy I. LEON,1,0,1,0,0
Clark,C103,U.S. Senate,,Republican,Jonathan M. HOLLIDAY,2,0,2,0,0
Clark,C103,U.S. Senate,,Republican,James D. DUNCAN,2,0,1,0,1
Clark,C103,U.S. Senate,,Republican,Other Donald WENZEL,0,0,0,0,0
Clark,C103,U.S. Senate,,Republican,George WASHINGTON,3,0,2,0,1
Clark,C103,U.S. Senate,,Republican,Michael James FARIS,5,0,5,0,0
Clark,C103,U.S. Senate,,Republican,Andy BARR,205,0,145,2,58
Clark,C103,U.S. Senate,,Republican,"Valerie ""Dr Val"" FREDRICK",4,0,4,0,0
Clark,C103,U.S. Senate,,,Under Votes,14,0,13,0,1
Clark,C103,U.S. Senate,,,Over Votes,0,0,0,0,0
Clark,C103,Ballots Cast,,,,440,,,,
Clark,C103,U.S. House,6,Republican,Gregory George PLUCINSKI,5,0,5,0,0
Clark,C103,U.S. House,6,Republican,Adam Perez ARQUETTE,1,0,1,0,0
Clark,C103,U.S. House,6,Republican,Ralph ALVARADO,171,0,121,2,48
Clark,C103,U.S. House,6,Republican,Steve SHANNON,8,0,6,0,2
Clark,C103,U.S. House,6,Republican,Ryan DOTSON,104,0,84,1,19
Clark,C103,U.S. House,6,,Under Votes,18,0,15,0,3
Clark,C103,U.S. House,6,,Over Votes,0,0,0,0,0
Clark,C103,State Representative,73,Republican,Les YATES,105,0,83,0,22
Clark,C103,State Representative,73,Republican,Daniel KONSTANTOPOULOS,171,0,123,3,45
Clark,C103,State Representative,73,,Under Votes,31,0,25,0,6
Clark,C103,State Representative,73,,Over Votes,0,0,0,0,0
Clark,C103,Property Valuation Administrator,,,Allan W. CURTIS,143,0,104,1,38
Clark,C103,Property Valuation Administrator,,,Jada BRADY,141,0,108,1,32
Clark,C103,Property Valuation Administrator,,,Under Votes,15,0,13,1,1
Clark,C103,Property Valuation Administrator,,,Over Votes,0,0,0,0,0
Clark,C103,County Judge/Executive,,,Eric R. VETTER,63,0,45,0,18
Clark,C103,County Judge/Executive,,,Justin CHARLES,107,0,79,0,28
Clark,C103,County Judge/Executive,,,Shannon J. COX,47,0,35,0,12
Clark,C103,County Judge/Executive,,,Stephen CRAYCRAFT,65,0,50,3,12
Clark,C103,County Judge/Executive,,,Under Votes,17,0,16,0,1
Clark,C103,County Judge/Executive,,,Over Votes,0,0,0,0,0
Clark,C103,Magistrate,,,Christy Fulks BUSH,83,0,58,1,24
Clark,C103,Magistrate,,,Benjamin MOBERLY,193,0,145,2,46
Clark,C103,Magistrate,,,Under Votes,23,0,22,0,1
Clark,C103,Magistrate,,,Over Votes,0,0,0,0,0
Clark,C103,U.S. Senate,,Democratic,Pamela STEVENSON,13,0,10,0,3
Clark,C103,U.S. Senate,,Democratic,Vincent Anthony THOMPSON,2,0,2,0,0
Clark,C103,U.S. Senate,,Democratic,Joshua BLANTON SR.,5,0,4,0,1
Clark,C103,U.S. Senate,,Democratic,Charles BOOKER,44,0,39,1,4
Clark,C103,U.S. Senate,,Democratic,Amy McGRATH,50,0,37,2,11
Clark,C103,U.S. Senate,,Democratic,Logan FORSYTHE,6,0,5,0,1
Clark,C103,U.S. Senate,,Democratic,Dale Lewis ROMANS,8,0,6,0,2
Clark,C103,U.S. House,6,Democratic,Harvey CARROLL JR.,7,0,6,0,1
Clark,C103,U.S. House,6,Democratic,David KLOIBER,5,0,4,0,1
Clark,C103,U.S. House,6,Democratic,Erin PETREY,12,0,11,0,1
Clark,C103,U.S. House,6,Democratic,Cherlynn STEVENSON,37,0,26,3,8
Clark,C103,U.S. House,6,Democratic,Jimmy Clifton AUSBROOKS,2,0,2,0,0
Clark,C103,U.S. House,6,Democratic,Corey EDWARDS,8,0,7,0,1
Clark,C103,U.S. House,6,Democratic,Zach DEMBO,54,0,44,0,10
Clark,C103,State Representative,73,Democratic,Chelsea KIRK,66,0,54,1,11
Clark,C103,State Representative,73,Democratic,Rory HOULIHAN,59,0,47,2,10
Clark,C103,District Judge 25th Judicial District 1st Divison,1,,Darrian D. BOTTS,60,0,48,1,11
Clark,C103,District Judge 25th Judicial District 1st Divison,1,,Tyler S. FRAZIER,214,0,161,5,48
Clark,C103,District Judge 25th Judicial District 1st Divison,1,,Under Votes,101,0,80,0,21
Clark,C103,District Judge 25th Judicial District 1st Divison,1,,Over Votes,0,0,0,0,0
Clark,C104,U.S. Senate,,Republican,A. Nick SHELLEY,2,0,2,0,0
Clark,C104,U.S. Senate,,Republican,Anissa CATLETT,3,0,2,1,0
Clark,C104,U.S. Senate,,Republican,Daniel CAMERON,42,0,32,1,9
Clark,C104,U.S. Senate,,Republican,Jimmy I. LEON,0,0,0,0,0
Clark,C104,U.S. Senate,,Republican,Jonathan M. HOLLIDAY,0,0,0,0,0
Clark,C104,U.S. Senate,,Republican,James D. DUNCAN,4,0,3,0,1
Clark,C104,U.S. Senate,,Republican,Other Donald WENZEL,1,0,1,0,0
Clark,C104,U.S. Senate,,Republican,George WASHINGTON,5,0,3,1,1
Clark,C104,U.S. Senate,,Republican,Michael James FARIS,2,0,0,1,1
Clark,C104,U.S. Senate,,Republican,Andy BARR,194,0,156,1,37
Clark,C104,U.S. Senate,,Republican,"Valerie ""Dr Val"" FREDRICK",1,0,1,0,0
Clark,C104,U.S. Senate,,,Under Votes,10,0,8,0,2
Clark,C104,U.S. Senate,,,Over Votes,0,0,0,0,0
Clark,C104,Ballots Cast,,,,410,,,,
Clark,C104,U.S. House,6,Republican,Gregory George PLUCINSKI,17,0,9,2,6
Clark,C104,U.S. House,6,Republican,Adam Perez ARQUETTE,1,0,1,0,0
Clark,C104,U.S. House,6,Republican,Ralph ALVARADO,162,0,128,2,32
Clark,C104,U.S. House,6,Republican,Steve SHANNON,10,0,8,0,2
Clark,C104,U.S. House,6,Republican,Ryan DOTSON,69,0,56,1,12
Clark,C104,U.S. House,6,,Under Votes,15,0,13,0,2
Clark,C104,U.S. House,6,,Over Votes,1,0,1,0,0
Clark,C104,State Representative,73,Republican,Les YATES,99,0,81,2,16
Clark,C104,State Representative,73,Republican,Daniel KONSTANTOPOULOS,151,0,113,3,35
Clark,C104,State Representative,73,,Under Votes,20,0,18,0,2
Clark,C104,State Representative,73,,Over Votes,0,0,0,0,0
Clark,C104,Property Valuation Administrator,,,Allan W. CURTIS,113,0,90,1,22
Clark,C104,Property Valuation Administrator,,,Jada BRADY,127,0,98,4,25
Clark,C104,Property Valuation Administrator,,,Under Votes,23,0,18,0,5
Clark,C104,Property Valuation Administrator,,,Over Votes,0,0,0,0,0
Clark,C104,County Judge/Executive,,,Eric R. VETTER,20,0,14,0,6
Clark,C104,County Judge/Executive,,,Justin CHARLES,96,0,77,4,15
Clark,C104,County Judge/Executive,,,Shannon J. COX,31,0,26,0,5
Clark,C104,County Judge/Executive,,,Stephen CRAYCRAFT,99,0,74,1,24
Clark,C104,County Judge/Executive,,,Under Votes,16,0,14,0,2
Clark,C104,County Judge/Executive,,,Over Votes,1,0,1,0,0
Clark,C104,Magistrate,,,Christy Fulks BUSH,123,0,99,3,21
Clark,C104,Magistrate,,,Benjamin MOBERLY,108,0,82,2,24
Clark,C104,Magistrate,,,Under Votes,32,0,25,0,7
Clark,C104,Magistrate,,,Over Votes,0,0,0,0,0
Clark,C104,U.S. Senate,,Democratic,Pamela STEVENSON,15,0,10,0,5
Clark,C104,U.S. Senate,,Democratic,Vincent Anthony THOMPSON,2,0,2,0,0
Clark,C104,U.S. Senate,,Democratic,Joshua BLANTON SR.,5,0,5,0,0
Clark,C104,U.S. Senate,,Democratic,Charles BOOKER,47,0,31,2,14
Clark,C104,U.S. Senate,,Democratic,Amy McGRATH,43,0,29,2,12
Clark,C104,U.S. Senate,,Democratic,Logan FORSYTHE,7,0,5,1,1
Clark,C104,U.S. Senate,,Democratic,Dale Lewis ROMANS,11,0,7,1,3
Clark,C104,U.S. House,6,Democratic,Harvey CARROLL JR.,2,0,2,0,0
Clark,C104,U.S. House,6,Democratic,David KLOIBER,6,0,5,0,1
Clark,C104,U.S. House,6,Democratic,Erin PETREY,13,0,9,1,3
Clark,C104,U.S. House,6,Democratic,Cherlynn STEVENSON,38,0,32,1,5
Clark,C104,U.S. House,6,Democratic,Jimmy Clifton AUSBROOKS,4,0,4,0,0
Clark,C104,U.S. House,6,Democratic,Corey EDWARDS,9,0,8,0,1
Clark,C104,U.S. House,6,Democratic,Zach DEMBO,54,0,26,4,24
Clark,C104,State Representative,73,Democratic,Chelsea KIRK,77,0,51,5,21
Clark,C104,State Representative,73,Democratic,Rory HOULIHAN,54,0,39,1,14
Clark,C104,District Judge 25th Judicial District 1st Divison,1,,Darrian D. BOTTS,54,0,39,4,11
Clark,C104,District Judge 25th Judicial District 1st Divison,1,,Tyler S. FRAZIER,168,0,126,4,38
Clark,C104,District Judge 25th Judicial District 1st Divison,1,,Under Votes,105,0,83,0,22
Clark,C104,District Judge 25th Judicial District 1st Divison,1,,Over Votes,0,0,0,0,0
Clark,C104,City Commissioners City OF Winchester,,,James BOWMAN,25,0,16,2,7
Clark,C104,City Commissioners City OF Winchester,,,Hannah TOOLE,63,0,42,1,20
Clark,C104,City Commissioners City OF Winchester,,,Joe Lee CHENAULT,38,0,26,1,11
Clark,C104,City Commissioners City OF Winchester,,,Kitty W. STRODE,55,0,38,1,16
Clark,C104,City Commissioners City OF Winchester,,,Jim CALDWELL,92,0,71,3,18
Clark,C104,City Commissioners City OF Winchester,,,Kenny BOOK,28,0,21,1,6
Clark,C104,City Commissioners City OF Winchester,,,Tara ASBURY,29,0,22,2,5
Clark,C104,City Commissioners City OF Winchester,,,Robin KUNKEL,15,0,11,2,2
Clark,C104,City Commissioners City OF Winchester,,,Ralph HARRISON,23,0,13,2,8
Clark,C104,City Commissioners City OF Winchester,,,Tim CORNETT,24,0,15,1,8
Clark,C104,City Commissioners City OF Winchester,,,Under Votes,177,0,152,0,25
Clark,C104,City Commissioners City OF Winchester,,,Over Votes,0,0,0,0,0
Clark,D101,U.S. Senate,,Republican,A. Nick SHELLEY,0,0,0,0,0
Clark,D101,U.S. Senate,,Republican,Anissa CATLETT,0,0,0,0,0
Clark,D101,U.S. Senate,,Republican,Daniel CAMERON,2,0,2,0,0
Clark,D101,U.S. Senate,,Republican,Jimmy I. LEON,1,0,1,0,0
Clark,D101,U.S. Senate,,Republican,Jonathan M. HOLLIDAY,0,0,0,0,0
Clark,D101,U.S. Senate,,Republican,James D. DUNCAN,0,0,0,0,0
Clark,D101,U.S. Senate,,Republican,Other Donald WENZEL,0,0,0,0,0
Clark,D101,U.S. Senate,,Republican,George WASHINGTON,0,0,0,0,0
Clark,D101,U.S. Senate,,Republican,Michael James FARIS,1,0,1,0,0
Clark,D101,U.S. Senate,,Republican,Andy BARR,11,0,11,0,0
Clark,D101,U.S. Senate,,Republican,"Valerie ""Dr Val"" FREDRICK",0,0,0,0,0
Clark,D101,U.S. Senate,,,Under Votes,3,0,2,0,1
Clark,D101,U.S. Senate,,,Over Votes,0,0,0,0,0
Clark,D101,Ballots Cast,,,,36,,,,
Clark,D101,U.S. House,6,Republican,Gregory George PLUCINSKI,1,0,1,0,0
Clark,D101,U.S. House,6,Republican,Adam Perez ARQUETTE,0,0,0,0,0
Clark,D101,U.S. House,6,Republican,Ralph ALVARADO,6,0,6,0,0
Clark,D101,U.S. House,6,Republican,Steve SHANNON,2,0,2,0,0
Clark,D101,U.S. House,6,Republican,Ryan DOTSON,7,0,6,0,1
Clark,D101,U.S. House,6,,Under Votes,3,0,3,0,0
Clark,D101,U.S. House,6,,Over Votes,0,0,0,0,0
Clark,D101,State Representative,73,Republican,Les YATES,9,0,9,0,0
Clark,D101,State Representative,73,Republican,Daniel KONSTANTOPOULOS,6,0,6,0,0
Clark,D101,State Representative,73,,Under Votes,3,0,2,0,1
Clark,D101,State Representative,73,,Over Votes,0,0,0,0,0
Clark,D101,Property Valuation Administrator,,,Allan W. CURTIS,4,0,4,0,0
Clark,D101,Property Valuation Administrator,,,Jada BRADY,12,0,12,0,0
Clark,D101,Property Valuation Administrator,,,Under Votes,1,0,0,0,1
Clark,D101,Property Valuation Administrator,,,Over Votes,0,0,0,0,0
Clark,D101,County Judge/Executive,,,Eric R. VETTER,0,0,0,0,0
Clark,D101,County Judge/Executive,,,Justin CHARLES,8,0,8,0,0
Clark,D101,County Judge/Executive,,,Shannon J. COX,4,0,4,0,0
Clark,D101,County Judge/Executive,,,Stephen CRAYCRAFT,3,0,3,0,0
Clark,D101,County Judge/Executive,,,Under Votes,2,0,1,0,1
Clark,D101,County Judge/Executive,,,Over Votes,0,0,0,0,0
Clark,D101,U.S. Senate,,Democratic,Pamela STEVENSON,4,0,4,0,0
Clark,D101,U.S. Senate,,Democratic,Vincent Anthony THOMPSON,0,0,0,0,0
Clark,D101,U.S. Senate,,Democratic,Joshua BLANTON SR.,0,0,0,0,0
Clark,D101,U.S. Senate,,Democratic,Charles BOOKER,5,0,5,0,0
Clark,D101,U.S. Senate,,Democratic,Amy McGRATH,6,0,4,0,2
Clark,D101,U.S. Senate,,Democratic,Logan FORSYTHE,0,0,0,0,0
Clark,D101,U.S. Senate,,Democratic,Dale Lewis ROMANS,0,0,0,0,0
Clark,D101,U.S. House,6,Democratic,Harvey CARROLL JR.,1,0,1,0,0
Clark,D101,U.S. House,6,Democratic,David KLOIBER,2,0,2,0,0
Clark,D101,U.S. House,6,Democratic,Erin PETREY,0,0,0,0,0
Clark,D101,U.S. House,6,Democratic,Cherlynn STEVENSON,5,0,5,0,0
Clark,D101,U.S. House,6,Democratic,Jimmy Clifton AUSBROOKS,1,0,1,0,0
Clark,D101,U.S. House,6,Democratic,Corey EDWARDS,2,0,2,0,0
Clark,D101,U.S. House,6,Democratic,Zach DEMBO,4,0,2,0,2
Clark,D101,State Representative,73,Democratic,Chelsea KIRK,6,0,6,0,0
Clark,D101,State Representative,73,Democratic,Rory HOULIHAN,10,0,8,0,2
Clark,D101,District Judge 25th Judicial District 1st Divison,1,,Darrian D. BOTTS,6,0,6,0,0
Clark,D101,District Judge 25th Judicial District 1st Divison,1,,Tyler S. FRAZIER,16,0,14,0,2
Clark,D101,District Judge 25th Judicial District 1st Divison,1,,Under Votes,6,0,4,0,2
Clark,D101,District Judge 25th Judicial District 1st Divison,1,,Over Votes,0,0,0,0,0
Clark,D101,City Commissioners City OF Winchester,,,James BOWMAN,6,0,5,0,1
Clark,D101,City Commissioners City OF Winchester,,,Hannah TOOLE,5,0,5,0,0
Clark,D101,City Commissioners City OF Winchester,,,Joe Lee CHENAULT,9,0,7,0,2
Clark,D101,City Commissioners City OF Winchester,,,Kitty W. STRODE,10,0,10,0,0
Clark,D101,City Commissioners City OF Winchester,,,Jim CALDWELL,16,0,14,0,2
Clark,D101,City Commissioners City OF Winchester,,,Kenny BOOK,19,0,19,0,0
Clark,D101,City Commissioners City OF Winchester,,,Tara ASBURY,1,0,1,0,0
Clark,D101,City Commissioners City OF Winchester,,,Robin KUNKEL,4,0,3,0,1
Clark,D101,City Commissioners City OF Winchester,,,Ralph HARRISON,18,0,17,0,1
Clark,D101,City Commissioners City OF Winchester,,,Tim CORNETT,4,0,3,0,1
Clark,D101,City Commissioners City OF Winchester,,,Under Votes,48,0,41,0,7
Clark,D101,City Commissioners City OF Winchester,,,Over Votes,0,0,0,0,0
Clark,D102,U.S. Senate,,Republican,A. Nick SHELLEY,0,0,0,0,0
Clark,D102,U.S. Senate,,Republican,Anissa CATLETT,0,0,0,0,0
Clark,D102,U.S. Senate,,Republican,Daniel CAMERON,7,0,7,0,0
Clark,D102,U.S. Senate,,Republican,Jimmy I. LEON,0,0,0,0,0
Clark,D102,U.S. Senate,,Republican,Jonathan M. HOLLIDAY,0,0,0,0,0
Clark,D102,U.S. Senate,,Republican,James D. DUNCAN,0,0,0,0,0
Clark,D102,U.S. Senate,,Republican,Other Donald WENZEL,1,0,0,0,1
Clark,D102,U.S. Senate,,Republican,George WASHINGTON,0,0,0,0,0
Clark,D102,U.S. Senate,,Republican,Michael James FARIS,1,0,1,0,0
Clark,D102,U.S. Senate,,Republican,Andy BARR,46,0,37,1,8
Clark,D102,U.S. Senate,,Republican,"Valerie ""Dr Val"" FREDRICK",2,0,2,0,0
Clark,D102,U.S. Senate,,,Under Votes,6,0,5,0,1
Clark,D102,U.S. Senate,,,Over Votes,0,0,0,0,0
Clark,D102,Ballots Cast,,,,147,,,,
Clark,D102,U.S. House,6,Republican,Gregory George PLUCINSKI,3,0,2,0,1
Clark,D102,U.S. House,6,Republican,Adam Perez ARQUETTE,0,0,0,0,0
Clark,D102,U.S. House,6,Republican,Ralph ALVARADO,25,0,20,1,4
Clark,D102,U.S. House,6,Republican,Steve SHANNON,1,0,1,0,0
Clark,D102,U.S. House,6,Republican,Ryan DOTSON,27,0,23,0,4
Clark,D102,U.S. House,6,,Under Votes,14,0,11,0,3
Clark,D102,U.S. House,6,,Over Votes,1,0,1,0,0
Clark,D102,State Representative,73,Republican,Les YATES,13,0,12,0,1
Clark,D102,State Representative,73,Republican,Daniel KONSTANTOPOULOS,42,0,33,1,8
Clark,D102,State Representative,73,,Under Votes,12,0,9,0,3
Clark,D102,State Representative,73,,Over Votes,0,0,0,0,0
Clark,D102,Property Valuation Administrator,,,Allan W. CURTIS,38,0,31,1,6
Clark,D102,Property Valuation Administrator,,,Jada BRADY,16,0,13,0,3
Clark,D102,Property Valuation Administrator,,,Under Votes,6,0,6,0,0
Clark,D102,Property Valuation Administrator,,,Over Votes,0,0,0,0,0
Clark,D102,County Judge/Executive,,,Eric R. VETTER,20,0,17,0,3
Clark,D102,County Judge/Executive,,,Justin CHARLES,6,0,6,0,0
Clark,D102,County Judge/Executive,,,Shannon J. COX,16,0,14,0,2
Clark,D102,County Judge/Executive,,,Stephen CRAYCRAFT,14,0,10,1,3
Clark,D102,County Judge/Executive,,,Under Votes,4,0,3,0,1
Clark,D102,County Judge/Executive,,,Over Votes,0,0,0,0,0
Clark,D102,U.S. Senate,,Democratic,Pamela STEVENSON,8,0,6,0,2
Clark,D102,U.S. Senate,,Democratic,Vincent Anthony THOMPSON,2,0,2,0,0
Clark,D102,U.S. Senate,,Democratic,Joshua BLANTON SR.,2,0,2,0,0
Clark,D102,U.S. Senate,,Democratic,Charles BOOKER,31,0,21,0,10
Clark,D102,U.S. Senate,,Democratic,Amy McGRATH,30,0,23,0,7
Clark,D102,U.S. Senate,,Democratic,Logan FORSYTHE,2,0,2,0,0
Clark,D102,U.S. Senate,,Democratic,Dale Lewis ROMANS,2,0,2,0,0
Clark,D102,U.S. House,6,Democratic,Harvey CARROLL JR.,6,0,5,0,1
Clark,D102,U.S. House,6,Democratic,David KLOIBER,2,0,2,0,0
Clark,D102,U.S. House,6,Democratic,Erin PETREY,12,0,9,0,3
Clark,D102,U.S. House,6,Democratic,Cherlynn STEVENSON,18,0,16,0,2
Clark,D102,U.S. House,6,Democratic,Jimmy Clifton AUSBROOKS,4,0,2,0,2
Clark,D102,U.S. House,6,Democratic,Corey EDWARDS,6,0,4,0,2
Clark,D102,U.S. House,6,Democratic,Zach DEMBO,22,0,15,0,7
Clark,D102,State Representative,73,Democratic,Chelsea KIRK,42,0,29,0,13
Clark,D102,State Representative,73,Democratic,Rory HOULIHAN,32,0,28,0,4
Clark,D102,District Judge 25th Judicial District 1st Divison,1,,Darrian D. BOTTS,25,0,18,1,6
Clark,D102,District Judge 25th Judicial District 1st Divison,1,,Tyler S. FRAZIER,55,0,44,0,11
Clark,D102,District Judge 25th Judicial District 1st Divison,1,,Under Votes,35,0,29,0,6
Clark,D102,District Judge 25th Judicial District 1st Divison,1,,Over Votes,0,0,0,0,0
Clark,D102,City Commissioners City OF Winchester,,,James BOWMAN,30,0,27,0,3
Clark,D102,City Commissioners City OF Winchester,,,Hannah TOOLE,47,0,35,0,12
Clark,D102,City Commissioners City OF Winchester,,,Joe Lee CHENAULT,43,0,32,1,10
Clark,D102,City Commissioners City OF Winchester,,,Kitty W. STRODE,54,0,39,1,14
Clark,D102,City Commissioners City OF Winchester,,,Jim CALDWELL,67,0,50,1,16
Clark,D102,City Commissioners City OF Winchester,,,Kenny BOOK,42,0,35,0,7
Clark,D102,City Commissioners City OF Winchester,,,Tara ASBURY,32,0,24,1,7
Clark,D102,City Commissioners City OF Winchester,,,Robin KUNKEL,18,0,15,0,3
Clark,D102,City Commissioners City OF Winchester,,,Ralph HARRISON,35,0,29,0,6
Clark,D102,City Commissioners City OF Winchester,,,Tim CORNETT,12,0,10,0,2
Clark,D102,City Commissioners City OF Winchester,,,Under Votes,191,0,152,0,39
Clark,D102,City Commissioners City OF Winchester,,,Over Votes,1,0,1,0,0
Clark,D103,U.S. Senate,,Republican,A. Nick SHELLEY,1,0,1,0,0
Clark,D103,U.S. Senate,,Republican,Anissa CATLETT,0,0,0,0,0
Clark,D103,U.S. Senate,,Republican,Daniel CAMERON,26,0,19,0,7
Clark,D103,U.S. Senate,,Republican,Jimmy I. LEON,0,0,0,0,0
Clark,D103,U.S. Senate,,Republican,Jonathan M. HOLLIDAY,1,0,0,0,1
Clark,D103,U.S. Senate,,Republican,James D. DUNCAN,0,0,0,0,0
Clark,D103,U.S. Senate,,Republican,Other Donald WENZEL,0,0,0,0,0
Clark,D103,U.S. Senate,,Republican,George WASHINGTON,2,0,2,0,0
Clark,D103,U.S. Senate,,Republican,Michael James FARIS,2,0,2,0,0
Clark,D103,U.S. Senate,,Republican,Andy BARR,129,0,79,0,50
Clark,D103,U.S. Senate,,Republican,"Valerie ""Dr Val"" FREDRICK",1,0,1,0,0
Clark,D103,U.S. Senate,,,Under Votes,4,0,3,0,1
Clark,D103,U.S. Senate,,,Over Votes,1,0,0,0,1
Clark,D103,Ballots Cast,,,,273,,,,
Clark,D103,U.S. House,6,Republican,Gregory George PLUCINSKI,7,0,7,0,0
Clark,D103,U.S. House,6,Republican,Adam Perez ARQUETTE,0,0,0,0,0
Clark,D103,U.S. House,6,Republican,Ralph ALVARADO,94,0,64,0,30
Clark,D103,U.S. House,6,Republican,Steve SHANNON,8,0,6,0,2
Clark,D103,U.S. House,6,Republican,Ryan DOTSON,65,0,36,0,29
Clark,D103,U.S. House,6,,Under Votes,6,0,1,1,4
Clark,D103,U.S. House,6,,Over Votes,0,0,0,0,0
Clark,D103,State Representative,73,Republican,Les YATES,63,0,41,0,22
Clark,D103,State Representative,73,Republican,Daniel KONSTANTOPOULOS,103,0,64,0,39
Clark,D103,State Representative,73,,Under Votes,16,0,9,1,6
Clark,D103,State Representative,73,,Over Votes,0,0,0,0,0
Clark,D103,Property Valuation Administrator,,,Allan W. CURTIS,84,0,52,0,32
Clark,D103,Property Valuation Administrator,,,Jada BRADY,84,0,58,0,26
Clark,D103,Property Valuation Administrator,,,Under Votes,10,0,4,0,6
Clark,D103,Property Valuation Administrator,,,Over Votes,0,0,0,0,0
Clark,D103,County Judge/Executive,,,Eric R. VETTER,38,0,21,0,17
Clark,D103,County Judge/Executive,,,Justin CHARLES,49,0,37,0,12
Clark,D103,County Judge/Executive,,,Shannon J. COX,27,0,15,0,12
Clark,D103,County Judge/Executive,,,Stephen CRAYCRAFT,56,0,37,0,19
Clark,D103,County Judge/Executive,,,Under Votes,8,0,4,0,4
Clark,D103,County Judge/Executive,,,Over Votes,0,0,0,0,0
Clark,D103,U.S. Senate,,Democratic,Pamela STEVENSON,5,0,4,0,1
Clark,D103,U.S. Senate,,Democratic,Vincent Anthony THOMPSON,0,0,0,0,0
Clark,D103,U.S. Senate,,Democratic,Joshua BLANTON SR.,0,0,0,0,0
Clark,D103,U.S. Senate,,Democratic,Charles BOOKER,35,0,26,0,9
Clark,D103,U.S. Senate,,Democratic,Amy McGRATH,43,0,29,7,7
Clark,D103,U.S. Senate,,Democratic,Logan FORSYTHE,3,0,3,0,0
Clark,D103,U.S. Senate,,Democratic,Dale Lewis ROMANS,3,0,2,0,1
Clark,D103,U.S. House,6,Democratic,Harvey CARROLL JR.,2,0,2,0,0
Clark,D103,U.S. House,6,Democratic,David KLOIBER,1,0,1,0,0
Clark,D103,U.S. House,6,Democratic,Erin PETREY,13,0,10,1,2
Clark,D103,U.S. House,6,Democratic,Cherlynn STEVENSON,25,0,19,0,6
Clark,D103,U.S. House,6,Democratic,Jimmy Clifton AUSBROOKS,4,0,2,0,2
Clark,D103,U.S. House,6,Democratic,Corey EDWARDS,5,0,4,0,1
Clark,D103,U.S. House,6,Democratic,Zach DEMBO,38,0,26,5,7
Clark,D103,State Representative,73,Democratic,Chelsea KIRK,49,0,37,4,8
Clark,D103,State Representative,73,Democratic,Rory HOULIHAN,37,0,27,2,8
Clark,D103,District Judge 25th Judicial District 1st Divison,1,,Darrian D. BOTTS,35,0,23,4,8
Clark,D103,District Judge 25th Judicial District 1st Divison,1,,Tyler S. FRAZIER,106,0,68,1,37
Clark,D103,District Judge 25th Judicial District 1st Divison,1,,Under Votes,48,0,27,2,19
Clark,D103,District Judge 25th Judicial District 1st Divison,1,,Over Votes,1,0,1,0,0
Clark,D103,City Commissioners City OF Winchester,,,James BOWMAN,1,0,1,0,0
Clark,D103,City Commissioners City OF Winchester,,,Hannah TOOLE,0,0,0,0,0
Clark,D103,City Commissioners City OF Winchester,,,Joe Lee CHENAULT,0,0,0,0,0
Clark,D103,City Commissioners City OF Winchester,,,Kitty W. STRODE,0,0,0,0,0
Clark,D103,City Commissioners City OF Winchester,,,Jim CALDWELL,1,0,1,0,0
Clark,D103,City Commissioners City OF Winchester,,,Kenny BOOK,0,0,0,0,0
Clark,D103,City Commissioners City OF Winchester,,,Tara ASBURY,1,0,1,0,0
Clark,D103,City Commissioners City OF Winchester,,,Robin KUNKEL,0,0,0,0,0
Clark,D103,City Commissioners City OF Winchester,,,Ralph HARRISON,0,0,0,0,0
Clark,D103,City Commissioners City OF Winchester,,,Tim CORNETT,0,0,0,0,0
Clark,D103,City Commissioners City OF Winchester,,,Under Votes,1,0,1,0,0
Clark,D103,City Commissioners City OF Winchester,,,Over Votes,0,0,0,0,0
Clark,D104,U.S. Senate,,Republican,A. Nick SHELLEY,1,0,1,0,0
Clark,D104,U.S. Senate,,Republican,Anissa CATLETT,5,0,3,0,2
Clark,D104,U.S. Senate,,Republican,Daniel CAMERON,18,0,16,0,2
Clark,D104,U.S. Senate,,Republican,Jimmy I. LEON,0,0,0,0,0
Clark,D104,U.S. Senate,,Republican,Jonathan M. HOLLIDAY,0,0,0,0,0
Clark,D104,U.S. Senate,,Republican,James D. DUNCAN,2,0,2,0,0
Clark,D104,U.S. Senate,,Republican,Other Donald WENZEL,0,0,0,0,0
Clark,D104,U.S. Senate,,Republican,George WASHINGTON,1,0,1,0,0
Clark,D104,U.S. Senate,,Republican,Michael James FARIS,8,0,8,0,0
Clark,D104,U.S. Senate,,Republican,Andy BARR,73,0,59,1,13
Clark,D104,U.S. Senate,,Republican,"Valerie ""Dr Val"" FREDRICK",1,0,1,0,0
Clark,D104,U.S. Senate,,,Under Votes,7,0,5,0,2
Clark,D104,U.S. Senate,,,Over Votes,0,0,0,0,0
Clark,D104,Ballots Cast,,,,250,,,,
Clark,D104,U.S. House,6,Republican,Gregory George PLUCINSKI,8,0,8,0,0
Clark,D104,U.S. House,6,Republican,Adam Perez ARQUETTE,3,0,3,0,0
Clark,D104,U.S. House,6,Republican,Ralph ALVARADO,62,0,50,1,11
Clark,D104,U.S. House,6,Republican,Steve SHANNON,11,0,7,0,4
Clark,D104,U.S. House,6,Republican,Ryan DOTSON,26,0,23,0,3
Clark,D104,U.S. House,6,,Under Votes,16,0,13,0,3
Clark,D104,U.S. House,6,,Over Votes,0,0,0,0,0
Clark,D104,State Representative,73,Republican,Les YATES,46,0,40,0,6
Clark,D104,State Representative,73,Republican,Daniel KONSTANTOPOULOS,60,0,47,1,12
Clark,D104,State Representative,73,,Under Votes,26,0,23,0,3
Clark,D104,State Representative,73,,Over Votes,0,0,0,0,0
Clark,D104,Property Valuation Administrator,,,Allan W. CURTIS,43,0,36,1,6
Clark,D104,Property Valuation Administrator,,,Jada BRADY,61,0,49,0,12
Clark,D104,Property Valuation Administrator,,,Under Votes,10,0,10,0,0
Clark,D104,Property Valuation Administrator,,,Over Votes,0,0,0,0,0
Clark,D104,County Judge/Executive,,,Eric R. VETTER,15,0,12,0,3
Clark,D104,County Judge/Executive,,,Justin CHARLES,33,0,28,0,5
Clark,D104,County Judge/Executive,,,Shannon J. COX,30,0,26,0,4
Clark,D104,County Judge/Executive,,,Stephen CRAYCRAFT,25,0,19,1,5
Clark,D104,County Judge/Executive,,,Under Votes,11,0,10,0,1
Clark,D104,County Judge/Executive,,,Over Votes,0,0,0,0,0
Clark,D104,U.S. Senate,,Democratic,Pamela STEVENSON,17,0,10,0,7
Clark,D104,U.S. Senate,,Democratic,Vincent Anthony THOMPSON,3,0,3,0,0
Clark,D104,U.S. Senate,,Democratic,Joshua BLANTON SR.,3,0,1,0,2
Clark,D104,U.S. Senate,,Democratic,Charles BOOKER,59,0,44,0,15
Clark,D104,U.S. Senate,,Democratic,Amy McGRATH,37,0,30,0,7
Clark,D104,U.S. Senate,,Democratic,Logan FORSYTHE,1,0,1,0,0
Clark,D104,U.S. Senate,,Democratic,Dale Lewis ROMANS,5,0,5,0,0
Clark,D104,U.S. House,6,Democratic,Harvey CARROLL JR.,5,0,4,0,1
Clark,D104,U.S. House,6,Democratic,David KLOIBER,7,0,4,0,3
Clark,D104,U.S. House,6,Democratic,Erin PETREY,22,0,16,0,6
Clark,D104,U.S. House,6,Democratic,Cherlynn STEVENSON,33,0,27,0,6
Clark,D104,U.S. House,6,Democratic,Jimmy Clifton AUSBROOKS,1,0,1,0,0
Clark,D104,U.S. House,6,Democratic,Corey EDWARDS,6,0,5,0,1
Clark,D104,U.S. House,6,Democratic,Zach DEMBO,46,0,33,0,13
Clark,D104,State Representative,73,Democratic,Chelsea KIRK,63,0,47,0,16
Clark,D104,State Representative,73,Democratic,Rory HOULIHAN,51,0,37,0,14
Clark,D104,District Judge 25th Judicial District 1st Divison,1,,Darrian D. BOTTS,41,0,31,0,10
Clark,D104,District Judge 25th Judicial District 1st Divison,1,,Tyler S. FRAZIER,91,0,74,0,17
Clark,D104,District Judge 25th Judicial District 1st Divison,1,,Under Votes,63,0,47,0,16
Clark,D104,District Judge 25th Judicial District 1st Divison,1,,Over Votes,1,0,1,0,0
Clark,D104,City Commissioners City OF Winchester,,,James BOWMAN,57,0,49,1,7
Clark,D104,City Commissioners City OF Winchester,,,Hannah TOOLE,84,0,64,0,20
Clark,D104,City Commissioners City OF Winchester,,,Joe Lee CHENAULT,92,0,65,1,26
Clark,D104,City Commissioners City OF Winchester,,,Kitty W. STRODE,99,0,77,0,22
Clark,D104,City Commissioners City OF Winchester,,,Jim CALDWELL,125,0,100,1,24
Clark,D104,City Commissioners City OF Winchester,,,Kenny BOOK,75,0,57,0,18
Clark,D104,City Commissioners City OF Winchester,,,Tara ASBURY,42,0,31,0,11
Clark,D104,City Commissioners City OF Winchester,,,Robin KUNKEL,28,0,24,0,4
Clark,D104,City Commissioners City OF Winchester,,,Ralph HARRISON,44,0,35,1,8
Clark,D104,City Commissioners City OF Winchester,,,Tim CORNETT,36,0,29,0,7
Clark,D104,City Commissioners City OF Winchester,,,Under Votes,297,0,241,0,56
Clark,D104,City Commissioners City OF Winchester,,,Over Votes,0,0,0,0,0
Clark,E101,U.S. Senate,,Republican,A. Nick SHELLEY,3,0,2,0,1
Clark,E101,U.S. Senate,,Republican,Anissa CATLETT,2,0,2,0,0
Clark,E101,U.S. Senate,,Republican,Daniel CAMERON,19,0,12,1,6
Clark,E101,U.S. Senate,,Republican,Jimmy I. LEON,0,0,0,0,0
Clark,E101,U.S. Senate,,Republican,Jonathan M. HOLLIDAY,1,0,1,0,0
Clark,E101,U.S. Senate,,Republican,James D. DUNCAN,0,0,0,0,0
Clark,E101,U.S. Senate,,Republican,Other Donald WENZEL,0,0,0,0,0
Clark,E101,U.S. Senate,,Republican,George WASHINGTON,1,0,1,0,0
Clark,E101,U.S. Senate,,Republican,Michael James FARIS,0,0,0,0,0
Clark,E101,U.S. Senate,,Republican,Andy BARR,68,0,43,5,20
Clark,E101,U.S. Senate,,Republican,"Valerie ""Dr Val"" FREDRICK",1,0,1,0,0
Clark,E101,U.S. Senate,,,Under Votes,7,0,6,0,1
Clark,E101,U.S. Senate,,,Over Votes,1,0,0,0,1
Clark,E101,Ballots Cast,,,,210,,,,
Clark,E101,U.S. House,6,Republican,Gregory George PLUCINSKI,7,0,3,0,4
Clark,E101,U.S. House,6,Republican,Adam Perez ARQUETTE,0,0,0,0,0
Clark,E101,U.S. House,6,Republican,Ralph ALVARADO,65,0,42,4,19
Clark,E101,U.S. House,6,Republican,Steve SHANNON,5,0,3,0,2
Clark,E101,U.S. House,6,Republican,Ryan DOTSON,19,0,14,2,3
Clark,E101,U.S. House,6,,Under Votes,17,0,13,1,3
Clark,E101,U.S. House,6,,Over Votes,0,0,0,0,0
Clark,E101,State Representative,73,Republican,Les YATES,28,0,16,3,9
Clark,E101,State Representative,73,Republican,Daniel KONSTANTOPOULOS,69,0,47,4,18
Clark,E101,State Representative,73,,Under Votes,12,0,8,0,4
Clark,E101,State Representative,73,,Over Votes,1,0,0,1,0
Clark,E101,Property Valuation Administrator,,,Allan W. CURTIS,32,0,24,2,6
Clark,E101,Property Valuation Administrator,,,Jada BRADY,64,0,39,5,20
Clark,E101,Property Valuation Administrator,,,Under Votes,5,0,2,0,3
Clark,E101,Property Valuation Administrator,,,Over Votes,0,0,0,0,0
Clark,E101,County Judge/Executive,,,Eric R. VETTER,10,0,7,1,2
Clark,E101,County Judge/Executive,,,Justin CHARLES,35,0,20,2,13
Clark,E101,County Judge/Executive,,,Shannon J. COX,21,0,15,4,2
Clark,E101,County Judge/Executive,,,Stephen CRAYCRAFT,31,0,20,0,11
Clark,E101,County Judge/Executive,,,Under Votes,4,0,3,0,1
Clark,E101,County Judge/Executive,,,Over Votes,0,0,0,0,0
Clark,E101,Magistrate,,,Christopher M. DAVIS,40,0,30,2,8
Clark,E101,Magistrate,,,Michael H. FLYNN,54,0,30,5,19
Clark,E101,Magistrate,,,Under Votes,7,0,5,0,2
Clark,E101,Magistrate,,,Over Votes,0,0,0,0,0
Clark,E101,U.S. Senate,,Democratic,Pamela STEVENSON,9,0,8,0,1
Clark,E101,U.S. Senate,,Democratic,Vincent Anthony THOMPSON,1,0,1,0,0
Clark,E101,U.S. Senate,,Democratic,Joshua BLANTON SR.,2,0,1,0,1
Clark,E101,U.S. Senate,,Democratic,Charles BOOKER,35,0,26,1,8
Clark,E101,U.S. Senate,,Democratic,Amy McGRATH,40,0,19,6,15
Clark,E101,U.S. Senate,,Democratic,Logan FORSYTHE,5,0,3,2,0
Clark,E101,U.S. Senate,,Democratic,Dale Lewis ROMANS,4,0,4,0,0
Clark,E101,U.S. House,6,Democratic,Harvey CARROLL JR.,7,0,3,1,3
Clark,E101,U.S. House,6,Democratic,David KLOIBER,4,0,3,1,0
Clark,E101,U.S. House,6,Democratic,Erin PETREY,11,0,8,0,3
Clark,E101,U.S. House,6,Democratic,Cherlynn STEVENSON,20,0,12,2,6
Clark,E101,U.S. House,6,Democratic,Jimmy Clifton AUSBROOKS,4,0,2,2,0
Clark,E101,U.S. House,6,Democratic,Corey EDWARDS,6,0,6,0,0
Clark,E101,U.S. House,6,Democratic,Zach DEMBO,38,0,23,3,12
Clark,E101,State Representative,73,Democratic,Chelsea KIRK,57,0,38,6,13
Clark,E101,State Representative,73,Democratic,Rory HOULIHAN,36,0,23,2,11
Clark,E101,District Judge 25th Judicial District 1st Divison,1,,Darrian D. BOTTS,38,0,25,3,10
Clark,E101,District Judge 25th Judicial District 1st Divison,1,,Tyler S. FRAZIER,93,0,57,9,27
Clark,E101,District Judge 25th Judicial District 1st Divison,1,,Under Votes,39,0,25,1,13
Clark,E101,District Judge 25th Judicial District 1st Divison,1,,Over Votes,0,0,0,0,0
Clark,E101,City Commissioners City OF Winchester,,,James BOWMAN,44,0,27,1,16
Clark,E101,City Commissioners City OF Winchester,,,Hannah TOOLE,109,0,67,8,34
Clark,E101,City Commissioners City OF Winchester,,,Joe Lee CHENAULT,78,0,49,8,21
Clark,E101,City Commissioners City OF Winchester,,,Kitty W. STRODE,91,0,53,8,30
Clark,E101,City Commissioners City OF Winchester,,,Jim CALDWELL,134,0,85,12,37
Clark,E101,City Commissioners City OF Winchester,,,Kenny BOOK,65,0,41,5,19
Clark,E101,City Commissioners City OF Winchester,,,Tara ASBURY,21,0,13,3,5
Clark,E101,City Commissioners City OF Winchester,,,Robin KUNKEL,14,0,10,2,2
Clark,E101,City Commissioners City OF Winchester,,,Ralph HARRISON,35,0,20,3,12
Clark,E101,City Commissioners City OF Winchester,,,Tim CORNETT,32,0,21,0,11
Clark,E101,City Commissioners City OF Winchester,,,Under Votes,207,0,148,13,46
Clark,E101,City Commissioners City OF Winchester,,,Over Votes,0,0,0,0,0
Clark,E102,U.S. Senate,,Republican,A. Nick SHELLEY,0,0,0,0,0
Clark,E102,U.S. Senate,,Republican,Anissa CATLETT,3,0,2,0,1
Clark,E102,U.S. Senate,,Republican,Daniel CAMERON,35,0,32,0,3
Clark,E102,U.S. Senate,,Republican,Jimmy I. LEON,1,0,1,0,0
Clark,E102,U.S. Senate,,Republican,Jonathan M. HOLLIDAY,1,0,1,0,0
Clark,E102,U.S. Senate,,Republican,James D. DUNCAN,1,0,1,0,0
Clark,E102,U.S. Senate,,Republican,Other Donald WENZEL,1,0,1,0,0
Clark,E102,U.S. Senate,,Republican,George WASHINGTON,1,0,1,0,0
Clark,E102,U.S. Senate,,Republican,Michael James FARIS,0,0,0,0,0
Clark,E102,U.S. Senate,,Republican,Andy BARR,125,0,90,3,32
Clark,E102,U.S. Senate,,Republican,"Valerie ""Dr Val"" FREDRICK",3,0,3,0,0
Clark,E102,U.S. Senate,,,Under Votes,11,0,8,0,3
Clark,E102,U.S. Senate,,,Over Votes,0,0,0,0,0
Clark,E102,Ballots Cast,,,,328,,,,
Clark,E102,U.S. House,6,Republican,Gregory George PLUCINSKI,9,0,8,0,1
Clark,E102,U.S. House,6,Republican,Adam Perez ARQUETTE,2,0,2,0,0
Clark,E102,U.S. House,6,Republican,Ralph ALVARADO,99,0,74,2,23
Clark,E102,U.S. House,6,Republican,Steve SHANNON,4,0,3,0,1
Clark,E102,U.S. House,6,Republican,Ryan DOTSON,55,0,42,1,12
Clark,E102,U.S. House,6,,Under Votes,19,0,17,0,2
Clark,E102,U.S. House,6,,Over Votes,0,0,0,0,0
Clark,E102,State Representative,73,Republican,Les YATES,65,0,45,2,18
Clark,E102,State Representative,73,Republican,Daniel KONSTANTOPOULOS,102,0,83,1,18
Clark,E102,State Representative,73,,Under Votes,22,0,17,0,5
Clark,E102,State Representative,73,,Over Votes,0,0,0,0,0
Clark,E102,Property Valuation Administrator,,,Allan W. CURTIS,67,0,53,0,14
Clark,E102,Property Valuation Administrator,,,Jada BRADY,85,0,61,3,21
Clark,E102,Property Valuation Administrator,,,Under Votes,23,0,20,0,3
Clark,E102,Property Valuation Administrator,,,Over Votes,0,0,0,0,0
Clark,E102,County Judge/Executive,,,Eric R. VETTER,24,0,19,0,5
Clark,E102,County Judge/Executive,,,Justin CHARLES,59,0,47,2,10
Clark,E102,County Judge/Executive,,,Shannon J. COX,31,0,21,1,9
Clark,E102,County Judge/Executive,,,Stephen CRAYCRAFT,44,0,32,0,12
Clark,E102,County Judge/Executive,,,Under Votes,17,0,15,0,2
Clark,E102,County Judge/Executive,,,Over Votes,0,0,0,0,0
Clark,E102,Magistrate,,,Christopher M. DAVIS,60,0,49,0,11
Clark,E102,Magistrate,,,Michael H. FLYNN,85,0,59,3,23
Clark,E102,Magistrate,,,Under Votes,30,0,26,0,4
Clark,E102,Magistrate,,,Over Votes,0,0,0,0,0
Clark,E102,U.S. Senate,,Democratic,Pamela STEVENSON,16,0,11,2,3
Clark,E102,U.S. Senate,,Democratic,Vincent Anthony THOMPSON,5,0,4,0,1
Clark,E102,U.S. Senate,,Democratic,Joshua BLANTON SR.,2,0,1,0,1
Clark,E102,U.S. Senate,,Democratic,Charles BOOKER,61,0,48,2,11
Clark,E102,U.S. Senate,,Democratic,Amy McGRATH,47,0,32,4,11
Clark,E102,U.S. Senate,,Democratic,Logan FORSYTHE,1,0,1,0,0
Clark,E102,U.S. Senate,,Democratic,Dale Lewis ROMANS,6,0,3,2,1
Clark,E102,U.S. House,6,Democratic,Harvey CARROLL JR.,2,0,2,0,0
Clark,E102,U.S. House,6,Democratic,David KLOIBER,3,0,3,0,0
Clark,E102,U.S. House,6,Democratic,Erin PETREY,16,0,12,1,3
Clark,E102,U.S. House,6,Democratic,Cherlynn STEVENSON,41,0,31,4,6
Clark,E102,U.S. House,6,Democratic,Jimmy Clifton AUSBROOKS,7,0,5,0,2
Clark,E102,U.S. House,6,Democratic,Corey EDWARDS,11,0,11,0,0
Clark,E102,U.S. House,6,Democratic,Zach DEMBO,53,0,31,5,17
Clark,E102,State Representative,73,Democratic,Chelsea KIRK,74,0,59,4,11
Clark,E102,State Representative,73,Democratic,Rory HOULIHAN,58,0,37,6,15
Clark,E102,District Judge 25th Judicial District 1st Divison,1,,Darrian D. BOTTS,61,0,44,5,12
Clark,E102,District Judge 25th Judicial District 1st Divison,1,,Tyler S. FRAZIER,96,0,73,4,19
Clark,E102,District Judge 25th Judicial District 1st Divison,1,,Under Votes,83,0,66,1,16
Clark,E102,District Judge 25th Judicial District 1st Divison,1,,Over Votes,0,0,0,0,0
Clark,E102,City Commissioners City OF Winchester,,,James BOWMAN,29,0,24,1,4
Clark,E102,City Commissioners City OF Winchester,,,Hannah TOOLE,76,0,60,5,11
Clark,E102,City Commissioners City OF Winchester,,,Joe Lee CHENAULT,45,0,36,3,6
Clark,E102,City Commissioners City OF Winchester,,,Kitty W. STRODE,64,0,47,3,14
Clark,E102,City Commissioners City OF Winchester,,,Jim CALDWELL,102,0,81,3,18
Clark,E102,City Commissioners City OF Winchester,,,Kenny BOOK,33,0,22,4,7
Clark,E102,City Commissioners City OF Winchester,,,Tara ASBURY,29,0,23,1,5
Clark,E102,City Commissioners City OF Winchester,,,Robin KUNKEL,13,0,9,2,2
Clark,E102,City Commissioners City OF Winchester,,,Ralph HARRISON,18,0,13,1,4
Clark,E102,City Commissioners City OF Winchester,,,Tim CORNETT,25,0,20,1,4
Clark,E102,City Commissioners City OF Winchester,,,Under Votes,244,0,193,4,47
Clark,E102,City Commissioners City OF Winchester,,,Over Votes,0,0,0,0,0
Clark,E103,U.S. Senate,,Republican,A. Nick SHELLEY,2,0,2,0,0
Clark,E103,U.S. Senate,,Republican,Anissa CATLETT,0,0,0,0,0
Clark,E103,U.S. Senate,,Republican,Daniel CAMERON,17,0,15,1,1
Clark,E103,U.S. Senate,,Republican,Jimmy I. LEON,0,0,0,0,0
Clark,E103,U.S. Senate,,Republican,Jonathan M. HOLLIDAY,0,0,0,0,0
Clark,E103,U.S. Senate,,Republican,James D. DUNCAN,0,0,0,0,0
Clark,E103,U.S. Senate,,Republican,Other Donald WENZEL,0,0,0,0,0
Clark,E103,U.S. Senate,,Republican,George WASHINGTON,1,0,1,0,0
Clark,E103,U.S. Senate,,Republican,Michael James FARIS,0,0,0,0,0
Clark,E103,U.S. Senate,,Republican,Andy BARR,69,0,53,0,16
Clark,E103,U.S. Senate,,Republican,"Valerie ""Dr Val"" FREDRICK",1,0,1,0,0
Clark,E103,U.S. Senate,,,Under Votes,8,0,5,1,2
Clark,E103,U.S. Senate,,,Over Votes,0,0,0,0,0
Clark,E103,Ballots Cast,,,,170,,,,
Clark,E103,U.S. House,6,Republican,Gregory George PLUCINSKI,3,0,3,0,0
Clark,E103,U.S. House,6,Republican,Adam Perez ARQUETTE,0,0,0,0,0
Clark,E103,U.S. House,6,Republican,Ralph ALVARADO,58,0,50,0,8
Clark,E103,U.S. House,6,Republican,Steve SHANNON,6,0,5,0,1
Clark,E103,U.S. House,6,Republican,Ryan DOTSON,25,0,15,1,9
Clark,E103,U.S. House,6,,Under Votes,13,0,9,1,3
Clark,E103,U.S. House,6,,Over Votes,0,0,0,0,0
Clark,E103,State Representative,73,Republican,Les YATES,31,0,23,1,7
Clark,E103,State Representative,73,Republican,Daniel KONSTANTOPOULOS,59,0,47,0,12
Clark,E103,State Representative,73,,Under Votes,15,0,13,0,2
Clark,E103,State Representative,73,,Over Votes,0,0,0,0,0
Clark,E103,Property Valuation Administrator,,,Allan W. CURTIS,44,0,34,0,10
Clark,E103,Property Valuation Administrator,,,Jada BRADY,48,0,37,1,10
Clark,E103,Property Valuation Administrator,,,Under Votes,6,0,5,0,1
Clark,E103,Property Valuation Administrator,,,Over Votes,0,0,0,0,0
Clark,E103,County Judge/Executive,,,Eric R. VETTER,19,0,16,0,3
Clark,E103,County Judge/Executive,,,Justin CHARLES,31,0,24,1,6
Clark,E103,County Judge/Executive,,,Shannon J. COX,30,0,25,0,5
Clark,E103,County Judge/Executive,,,Stephen CRAYCRAFT,14,0,9,0,5
Clark,E103,County Judge/Executive,,,Under Votes,4,0,2,0,2
Clark,E103,County Judge/Executive,,,Over Votes,0,0,0,0,0
Clark,E103,Magistrate,,,Christopher M. DAVIS,33,0,25,0,8
Clark,E103,Magistrate,,,Michael H. FLYNN,49,0,37,1,11
Clark,E103,Magistrate,,,Under Votes,16,0,14,0,2
Clark,E103,Magistrate,,,Over Votes,0,0,0,0,0
Clark,E103,U.S. Senate,,Democratic,Pamela STEVENSON,6,0,4,0,2
Clark,E103,U.S. Senate,,Democratic,Vincent Anthony THOMPSON,0,0,0,0,0
Clark,E103,U.S. Senate,,Democratic,Joshua BLANTON SR.,3,0,3,0,0
Clark,E103,U.S. Senate,,Democratic,Charles BOOKER,30,0,19,0,11
Clark,E103,U.S. Senate,,Democratic,Amy McGRATH,24,0,17,0,7
Clark,E103,U.S. Senate,,Democratic,Logan FORSYTHE,1,0,1,0,0
Clark,E103,U.S. Senate,,Democratic,Dale Lewis ROMANS,2,0,1,0,1
Clark,E103,U.S. House,6,Democratic,Harvey CARROLL JR.,2,0,1,0,1
Clark,E103,U.S. House,6,Democratic,David KLOIBER,3,0,3,0,0
Clark,E103,U.S. House,6,Democratic,Erin PETREY,7,0,5,0,2
Clark,E103,U.S. House,6,Democratic,Cherlynn STEVENSON,21,0,13,0,8
Clark,E103,U.S. House,6,Democratic,Jimmy Clifton AUSBROOKS,3,0,3,0,0
Clark,E103,U.S. House,6,Democratic,Corey EDWARDS,6,0,5,0,1
Clark,E103,U.S. House,6,Democratic,Zach DEMBO,21,0,12,0,9
Clark,E103,State Representative,73,Democratic,Chelsea KIRK,43,0,29,1,13
Clark,E103,State Representative,73,Democratic,Rory HOULIHAN,20,0,12,0,8
Clark,E103,District Judge 25th Judicial District 1st Divison,1,,Darrian D. BOTTS,27,0,23,1,3
Clark,E103,District Judge 25th Judicial District 1st Divison,1,,Tyler S. FRAZIER,67,0,51,0,16
Clark,E103,District Judge 25th Judicial District 1st Divison,1,,Under Votes,48,0,34,1,13
Clark,E103,District Judge 25th Judicial District 1st Divison,1,,Over Votes,0,0,0,0,0
Clark,E103,City Commissioners City OF Winchester,,,James BOWMAN,31,0,22,1,8
Clark,E103,City Commissioners City OF Winchester,,,Hannah TOOLE,63,0,47,1,15
Clark,E103,City Commissioners City OF Winchester,,,Joe Lee CHENAULT,53,0,35,2,16
Clark,E103,City Commissioners City OF Winchester,,,Kitty W. STRODE,65,0,45,1,19
Clark,E103,City Commissioners City OF Winchester,,,Jim CALDWELL,105,0,75,2,28
Clark,E103,City Commissioners City OF Winchester,,,Kenny BOOK,42,0,33,0,9
Clark,E103,City Commissioners City OF Winchester,,,Tara ASBURY,32,0,20,0,12
Clark,E103,City Commissioners City OF Winchester,,,Robin KUNKEL,16,0,12,0,4
Clark,E103,City Commissioners City OF Winchester,,,Ralph HARRISON,36,0,31,0,5
Clark,E103,City Commissioners City OF Winchester,,,Tim CORNETT,26,0,17,0,9
Clark,E103,City Commissioners City OF Winchester,,,Under Votes,192,0,149,0,43
Clark,E103,City Commissioners City OF Winchester,,,Over Votes,0,0,0,0,0
Clark,E104,U.S. Senate,,Republican,A. Nick SHELLEY,0,0,0,0,0
Clark,E104,U.S. Senate,,Republican,Anissa CATLETT,1,0,1,0,0
Clark,E104,U.S. Senate,,Republican,Daniel CAMERON,40,0,28,1,11
Clark,E104,U.S. Senate,,Republican,Jimmy I. LEON,0,0,0,0,0
Clark,E104,U.S. Senate,,Republican,Jonathan M. HOLLIDAY,0,0,0,0,0
Clark,E104,U.S. Senate,,Republican,James D. DUNCAN,2,0,2,0,0
Clark,E104,U.S. Senate,,Republican,Other Donald WENZEL,0,0,0,0,0
Clark,E104,U.S. Senate,,Republican,George WASHINGTON,0,0,0,0,0
Clark,E104,U.S. Senate,,Republican,Michael James FARIS,1,0,1,0,0
Clark,E104,U.S. Senate,,Republican,Andy BARR,161,0,100,5,56
Clark,E104,U.S. Senate,,Republican,"Valerie ""Dr Val"" FREDRICK",0,0,0,0,0
Clark,E104,U.S. Senate,,,Under Votes,10,0,7,0,3
Clark,E104,U.S. Senate,,,Over Votes,1,0,0,0,1
Clark,E104,Ballots Cast,,,,403,,,,
Clark,E104,U.S. House,6,Republican,Gregory George PLUCINSKI,4,0,3,0,1
Clark,E104,U.S. House,6,Republican,Adam Perez ARQUETTE,1,0,0,0,1
Clark,E104,U.S. House,6,Republican,Ralph ALVARADO,129,0,77,3,49
Clark,E104,U.S. House,6,Republican,Steve SHANNON,5,0,4,0,1
Clark,E104,U.S. House,6,Republican,Ryan DOTSON,67,0,48,3,16
Clark,E104,U.S. House,6,,Under Votes,20,0,16,0,4
Clark,E104,U.S. House,6,,Over Votes,1,0,1,0,0
Clark,E104,State Representative,73,Republican,Les YATES,73,0,46,3,24
Clark,E104,State Representative,73,Republican,Daniel KONSTANTOPOULOS,132,0,88,3,41
Clark,E104,State Representative,73,,Under Votes,18,0,10,0,8
Clark,E104,State Representative,73,,Over Votes,0,0,0,0,0
Clark,E104,Property Valuation Administrator,,,Allan W. CURTIS,104,0,71,3,30
Clark,E104,Property Valuation Administrator,,,Jada BRADY,98,0,59,3,36
Clark,E104,Property Valuation Administrator,,,Under Votes,11,0,7,0,4
Clark,E104,Property Valuation Administrator,,,Over Votes,0,0,0,0,0
Clark,E104,County Judge/Executive,,,Eric R. VETTER,34,0,26,1,7
Clark,E104,County Judge/Executive,,,Justin CHARLES,68,0,44,1,23
Clark,E104,County Judge/Executive,,,Shannon J. COX,54,0,33,2,19
Clark,E104,County Judge/Executive,,,Stephen CRAYCRAFT,51,0,30,2,19
Clark,E104,County Judge/Executive,,,Under Votes,6,0,4,0,2
Clark,E104,County Judge/Executive,,,Over Votes,0,0,0,0,0
Clark,E104,Magistrate,,,Christopher M. DAVIS,81,0,56,3,22
Clark,E104,Magistrate,,,Michael H. FLYNN,108,0,67,2,39
Clark,E104,Magistrate,,,Under Votes,24,0,14,1,9
Clark,E104,Magistrate,,,Over Votes,0,0,0,0,0
Clark,E104,U.S. Senate,,Democratic,Pamela STEVENSON,13,0,8,0,5
Clark,E104,U.S. Senate,,Democratic,Vincent Anthony THOMPSON,2,0,2,0,0
Clark,E104,U.S. Senate,,Democratic,Joshua BLANTON SR.,3,0,3,0,0
Clark,E104,U.S. Senate,,Democratic,Charles BOOKER,86,0,58,3,25
Clark,E104,U.S. Senate,,Democratic,Amy McGRATH,59,0,43,5,11
Clark,E104,U.S. Senate,,Democratic,Logan FORSYTHE,6,0,5,0,1
Clark,E104,U.S. Senate,,Democratic,Dale Lewis ROMANS,5,0,1,0,4
Clark,E104,U.S. House,6,Democratic,Harvey CARROLL JR.,6,0,4,0,2
Clark,E104,U.S. House,6,Democratic,David KLOIBER,8,0,6,0,2
Clark,E104,U.S. House,6,Democratic,Erin PETREY,26,0,21,1,4
Clark,E104,U.S. House,6,Democratic,Cherlynn STEVENSON,63,0,42,2,19
Clark,E104,U.S. House,6,Democratic,Jimmy Clifton AUSBROOKS,0,0,0,0,0
Clark,E104,U.S. House,6,Democratic,Corey EDWARDS,7,0,6,0,1
Clark,E104,U.S. House,6,Democratic,Zach DEMBO,56,0,33,5,18
Clark,E104,State Representative,73,Democratic,Chelsea KIRK,115,0,80,6,29
Clark,E104,State Representative,73,Democratic,Rory HOULIHAN,55,0,37,2,16
Clark,E104,District Judge 25th Judicial District 1st Divison,1,,Darrian D. BOTTS,65,0,54,1,10
Clark,E104,District Judge 25th Judicial District 1st Divison,1,,Tyler S. FRAZIER,165,0,102,7,56
Clark,E104,District Judge 25th Judicial District 1st Divison,1,,Under Votes,86,0,57,2,27
Clark,E104,District Judge 25th Judicial District 1st Divison,1,,Over Votes,1,0,1,0,0
Clark,E104,City Commissioners City OF Winchester,,,James BOWMAN,66,0,54,4,8
Clark,E104,City Commissioners City OF Winchester,,,Hannah TOOLE,107,0,79,6,22
Clark,E104,City Commissioners City OF Winchester,,,Joe Lee CHENAULT,94,0,60,4,30
Clark,E104,City Commissioners City OF Winchester,,,Kitty W. STRODE,110,0,78,4,28
Clark,E104,City Commissioners City OF Winchester,,,Jim CALDWELL,170,0,124,8,38
Clark,E104,City Commissioners City OF Winchester,,,Kenny BOOK,52,0,38,1,13
Clark,E104,City Commissioners City OF Winchester,,,Tara ASBURY,46,0,30,2,14
Clark,E104,City Commissioners City OF Winchester,,,Robin KUNKEL,33,0,22,1,10
Clark,E104,City Commissioners City OF Winchester,,,Ralph HARRISON,41,0,33,1,7
Clark,E104,City Commissioners City OF Winchester,,,Tim CORNETT,68,0,53,0,15
Clark,E104,City Commissioners City OF Winchester,,,Under Votes,334,0,256,1,77
Clark,E104,City Commissioners City OF Winchester,,,Over Votes,0,0,0,0,0
Clark,F101,U.S. Senate,,Republican,A. Nick SHELLEY,0,0,0,0,0
Clark,F101,U.S. Senate,,Republican,Anissa CATLETT,0,0,0,0,0
Clark,F101,U.S. Senate,,Republican,Daniel CAMERON,1,0,1,0,0
Clark,F101,U.S. Senate,,Republican,Jimmy I. LEON,0,0,0,0,0
Clark,F101,U.S. Senate,,Republican,Jonathan M. HOLLIDAY,0,0,0,0,0
Clark,F101,U.S. Senate,,Republican,James D. DUNCAN,0,0,0,0,0
Clark,F101,U.S. Senate,,Republican,Other Donald WENZEL,0,0,0,0,0
Clark,F101,U.S. Senate,,Republican,George WASHINGTON,1,0,1,0,0
Clark,F101,U.S. Senate,,Republican,Michael James FARIS,0,0,0,0,0
Clark,F101,U.S. Senate,,Republican,Andy BARR,10,0,7,0,3
Clark,F101,U.S. Senate,,Republican,"Valerie ""Dr Val"" FREDRICK",0,0,0,0,0
Clark,F101,U.S. Senate,,,Under Votes,4,0,4,0,0
Clark,F101,U.S. Senate,,,Over Votes,0,0,0,0,0
Clark,F101,Ballots Cast,,,,89,,,,
Clark,F101,U.S. House,6,Republican,Gregory George PLUCINSKI,1,0,1,0,0
Clark,F101,U.S. House,6,Republican,Adam Perez ARQUETTE,1,0,1,0,0
Clark,F101,U.S. House,6,Republican,Ralph ALVARADO,6,0,4,0,2
Clark,F101,U.S. House,6,Republican,Steve SHANNON,0,0,0,0,0
Clark,F101,U.S. House,6,Republican,Ryan DOTSON,3,0,2,0,1
Clark,F101,U.S. House,6,,Under Votes,13,0,12,0,1
Clark,F101,U.S. House,6,,Over Votes,0,0,0,0,0
Clark,F101,State Representative,73,Republican,Les YATES,4,0,3,0,1
Clark,F101,State Representative,73,Republican,Daniel KONSTANTOPOULOS,6,0,5,0,1
Clark,F101,State Representative,73,,Under Votes,23,0,18,0,5
Clark,F101,State Representative,73,,Over Votes,0,0,0,0,0
Clark,F101,Property Valuation Administrator,,,Allan W. CURTIS,6,0,4,0,2
Clark,F101,Property Valuation Administrator,,,Jada BRADY,5,0,4,0,1
Clark,F101,Property Valuation Administrator,,,Under Votes,1,0,1,0,0
Clark,F101,Property Valuation Administrator,,,Over Votes,0,0,0,0,0
Clark,F101,County Judge/Executive,,,Eric R. VETTER,1,0,1,0,0
Clark,F101,County Judge/Executive,,,Justin CHARLES,5,0,5,0,0
Clark,F101,County Judge/Executive,,,Shannon J. COX,4,0,2,0,2
Clark,F101,County Judge/Executive,,,Stephen CRAYCRAFT,1,0,0,0,1
Clark,F101,County Judge/Executive,,,Under Votes,1,0,1,0,0
Clark,F101,County Judge/Executive,,,Over Votes,0,0,0,0,0
Clark,F101,U.S. Senate,,Democratic,Pamela STEVENSON,8,0,7,0,1
Clark,F101,U.S. Senate,,Democratic,Vincent Anthony THOMPSON,1,0,1,0,0
Clark,F101,U.S. Senate,,Democratic,Joshua BLANTON SR.,2,0,2,0,0
Clark,F101,U.S. Senate,,Democratic,Charles BOOKER,36,0,30,0,6
Clark,F101,U.S. Senate,,Democratic,Amy McGRATH,23,0,16,0,7
Clark,F101,U.S. Senate,,Democratic,Logan FORSYTHE,0,0,0,0,0
Clark,F101,U.S. Senate,,Democratic,Dale Lewis ROMANS,0,0,0,0,0
Clark,F101,U.S. House,6,Democratic,Harvey CARROLL JR.,1,0,1,0,0
Clark,F101,U.S. House,6,Democratic,David KLOIBER,4,0,3,0,1
Clark,F101,U.S. House,6,Democratic,Erin PETREY,13,0,10,0,3
Clark,F101,U.S. House,6,Democratic,Cherlynn STEVENSON,17,0,15,0,2
Clark,F101,U.S. House,6,Democratic,Jimmy Clifton AUSBROOKS,0,0,0,0,0
Clark,F101,U.S. House,6,Democratic,Corey EDWARDS,4,0,2,0,2
Clark,F101,U.S. House,6,Democratic,Zach DEMBO,23,0,18,0,5
Clark,F101,State Representative,73,Democratic,Chelsea KIRK,17,0,15,0,2
Clark,F101,State Representative,73,Democratic,Rory HOULIHAN,36,0,28,0,8
Clark,F101,District Judge 25th Judicial District 1st Divison,1,,Darrian D. BOTTS,27,0,19,1,7
Clark,F101,District Judge 25th Judicial District 1st Divison,1,,Tyler S. FRAZIER,21,0,13,0,8
Clark,F101,District Judge 25th Judicial District 1st Divison,1,,Under Votes,22,0,20,0,2
Clark,F101,District Judge 25th Judicial District 1st Divison,1,,Over Votes,0,0,0,0,0
Clark,F101,City Commissioners City OF Winchester,,,James BOWMAN,10,0,9,1,0
Clark,F101,City Commissioners City OF Winchester,,,Hannah TOOLE,22,0,19,0,3
Clark,F101,City Commissioners City OF Winchester,,,Joe Lee CHENAULT,64,0,53,0,11
Clark,F101,City Commissioners City OF Winchester,,,Kitty W. STRODE,32,0,22,0,10
Clark,F101,City Commissioners City OF Winchester,,,Jim CALDWELL,28,0,24,1,3
Clark,F101,City Commissioners City OF Winchester,,,Kenny BOOK,26,0,17,0,9
Clark,F101,City Commissioners City OF Winchester,,,Tara ASBURY,7,0,4,0,3
Clark,F101,City Commissioners City OF Winchester,,,Robin KUNKEL,7,0,5,0,2
Clark,F101,City Commissioners City OF Winchester,,,Ralph HARRISON,12,0,11,0,1
Clark,F101,City Commissioners City OF Winchester,,,Tim CORNETT,7,0,5,0,2
Clark,F101,City Commissioners City OF Winchester,,,Under Votes,133,0,103,2,28
Clark,F101,City Commissioners City OF Winchester,,,Over Votes,0,0,0,0,0
Clark,F102,U.S. Senate,,Republican,A. Nick SHELLEY,0,0,0,0,0
Clark,F102,U.S. Senate,,Republican,Anissa CATLETT,2,0,2,0,0
Clark,F102,U.S. Senate,,Republican,Daniel CAMERON,22,0,14,1,7
Clark,F102,U.S. Senate,,Republican,Jimmy I. LEON,0,0,0,0,0
Clark,F102,U.S. Senate,,Republican,Jonathan M. HOLLIDAY,1,0,1,0,0
Clark,F102,U.S. Senate,,Republican,James D. DUNCAN,0,0,0,0,0
Clark,F102,U.S. Senate,,Republican,Other Donald WENZEL,0,0,0,0,0
Clark,F102,U.S. Senate,,Republican,George WASHINGTON,0,0,0,0,0
Clark,F102,U.S. Senate,,Republican,Michael James FARIS,0,0,0,0,0
Clark,F102,U.S. Senate,,Republican,Andy BARR,67,0,52,0,15
Clark,F102,U.S. Senate,,Republican,"Valerie ""Dr Val"" FREDRICK",0,0,0,0,0
Clark,F102,U.S. Senate,,,Under Votes,12,0,9,0,3
Clark,F102,U.S. Senate,,,Over Votes,1,0,0,0,1
Clark,F102,Ballots Cast,,,,252,,,,
Clark,F102,U.S. House,6,Republican,Gregory George PLUCINSKI,1,0,1,0,0
Clark,F102,U.S. House,6,Republican,Adam Perez ARQUETTE,0,0,0,0,0
Clark,F102,U.S. House,6,Republican,Ralph ALVARADO,50,0,36,0,14
Clark,F102,U.S. House,6,Republican,Steve SHANNON,6,0,4,1,1
Clark,F102,U.S. House,6,Republican,Ryan DOTSON,36,0,29,0,7
Clark,F102,U.S. House,6,,Under Votes,17,0,13,0,4
Clark,F102,U.S. House,6,,Over Votes,0,0,0,0,0
Clark,F102,State Representative,73,Republican,Les YATES,34,0,26,0,8
Clark,F102,State Representative,73,Republican,Daniel KONSTANTOPOULOS,62,0,46,1,15
Clark,F102,State Representative,73,,Under Votes,16,0,11,0,5
Clark,F102,State Representative,73,,Over Votes,0,0,0,0,0
Clark,F102,Property Valuation Administrator,,,Allan W. CURTIS,50,0,35,0,15
Clark,F102,Property Valuation Administrator,,,Jada BRADY,39,0,30,1,8
Clark,F102,Property Valuation Administrator,,,Under Votes,10,0,10,0,0
Clark,F102,Property Valuation Administrator,,,Over Votes,0,0,0,0,0
Clark,F102,County Judge/Executive,,,Eric R. VETTER,23,0,21,0,2
Clark,F102,County Judge/Executive,,,Justin CHARLES,35,0,23,0,12
Clark,F102,County Judge/Executive,,,Shannon J. COX,14,0,10,1,3
Clark,F102,County Judge/Executive,,,Stephen CRAYCRAFT,23,0,17,0,6
Clark,F102,County Judge/Executive,,,Under Votes,4,0,4,0,0
Clark,F102,County Judge/Executive,,,Over Votes,0,0,0,0,0
Clark,F102,U.S. Senate,,Democratic,Pamela STEVENSON,14,0,9,0,5
Clark,F102,U.S. Senate,,Democratic,Vincent Anthony THOMPSON,2,0,0,0,2
Clark,F102,U.S. Senate,,Democratic,Joshua BLANTON SR.,1,0,0,0,1
Clark,F102,U.S. Senate,,Democratic,Charles BOOKER,69,0,48,5,16
Clark,F102,U.S. Senate,,Democratic,Amy McGRATH,30,0,20,0,10
Clark,F102,U.S. Senate,,Democratic,Logan FORSYTHE,2,0,1,0,1
Clark,F102,U.S. Senate,,Democratic,Dale Lewis ROMANS,7,0,6,0,1
Clark,F102,U.S. House,6,Democratic,Harvey CARROLL JR.,1,0,1,0,0
Clark,F102,U.S. House,6,Democratic,David KLOIBER,4,0,2,0,2
Clark,F102,U.S. House,6,Democratic,Erin PETREY,15,0,12,0,3
Clark,F102,U.S. House,6,Democratic,Cherlynn STEVENSON,43,0,34,4,5
Clark,F102,U.S. House,6,Democratic,Jimmy Clifton AUSBROOKS,3,0,2,0,1
Clark,F102,U.S. House,6,Democratic,Corey EDWARDS,4,0,3,0,1
Clark,F102,U.S. House,6,Democratic,Zach DEMBO,53,0,27,1,25
Clark,F102,State Representative,73,Democratic,Chelsea KIRK,72,0,52,2,18
Clark,F102,State Representative,73,Democratic,Rory HOULIHAN,49,0,29,3,17
Clark,F102,District Judge 25th Judicial District 1st Divison,1,,Darrian D. BOTTS,43,0,30,1,12
Clark,F102,District Judge 25th Judicial District 1st Divison,1,,Tyler S. FRAZIER,103,0,71,5,27
Clark,F102,District Judge 25th Judicial District 1st Divison,1,,Under Votes,69,0,53,0,16
Clark,F102,District Judge 25th Judicial District 1st Divison,1,,Over Votes,0,0,0,0,0
Clark,F102,City Commissioners City OF Winchester,,,James BOWMAN,61,0,40,5,16
Clark,F102,City Commissioners City OF Winchester,,,Hannah TOOLE,141,0,98,2,41
Clark,F102,City Commissioners City OF Winchester,,,Joe Lee CHENAULT,84,0,54,1,29
Clark,F102,City Commissioners City OF Winchester,,,Kitty W. STRODE,134,0,90,3,41
Clark,F102,City Commissioners City OF Winchester,,,Jim CALDWELL,120,0,76,2,42
Clark,F102,City Commissioners City OF Winchester,,,Kenny BOOK,44,0,23,0,21
Clark,F102,City Commissioners City OF Winchester,,,Tara ASBURY,27,0,24,0,3
Clark,F102,City Commissioners City OF Winchester,,,Robin KUNKEL,35,0,27,0,8
Clark,F102,City Commissioners City OF Winchester,,,Ralph HARRISON,28,0,18,1,9
Clark,F102,City Commissioners City OF Winchester,,,Tim CORNETT,21,0,15,0,6
Clark,F102,City Commissioners City OF Winchester,,,Under Votes,291,0,235,10,46
Clark,F102,City Commissioners City OF Winchester,,,Over Votes,0,0,0,0,0
Clark,F103,U.S. Senate,,Republican,A. Nick SHELLEY,0,0,0,0,0
Clark,F103,U.S. Senate,,Republican,Anissa CATLETT,2,0,2,0,0
Clark,F103,U.S. Senate,,Republican,Daniel CAMERON,23,0,18,0,5
Clark,F103,U.S. Senate,,Republican,Jimmy I. LEON,3,0,0,0,3
Clark,F103,U.S. Senate,,Republican,Jonathan M. HOLLIDAY,2,0,2,0,0
Clark,F103,U.S. Senate,,Republican,James D. DUNCAN,0,0,0,0,0
Clark,F103,U.S. Senate,,Republican,Other Donald WENZEL,0,0,0,0,0
Clark,F103,U.S. Senate,,Republican,George WASHINGTON,3,0,3,0,0
Clark,F103,U.S. Senate,,Republican,Michael James FARIS,3,0,3,0,0
Clark,F103,U.S. Senate,,Republican,Andy BARR,71,0,62,2,7
Clark,F103,U.S. Senate,,Republican,"Valerie ""Dr Val"" FREDRICK",5,0,4,0,1
Clark,F103,U.S. Senate,,,Under Votes,9,0,7,0,2
Clark,F103,U.S. Senate,,,Over Votes,2,0,2,0,0
Clark,F103,Ballots Cast,,,,267,,,,
Clark,F103,U.S. House,6,Republican,Gregory George PLUCINSKI,7,0,4,1,2
Clark,F103,U.S. House,6,Republican,Adam Perez ARQUETTE,6,0,5,0,1
Clark,F103,U.S. House,6,Republican,Ralph ALVARADO,60,0,51,1,8
Clark,F103,U.S. House,6,Republican,Steve SHANNON,5,0,4,0,1
Clark,F103,U.S. House,6,Republican,Ryan DOTSON,36,0,30,0,6
Clark,F103,U.S. House,6,,Under Votes,15,0,11,0,4
Clark,F103,U.S. House,6,,Over Votes,1,0,1,0,0
Clark,F103,State Representative,73,Republican,Les YATES,33,0,29,0,4
Clark,F103,State Representative,73,Republican,Daniel KONSTANTOPOULOS,76,0,63,2,11
Clark,F103,State Representative,73,,Under Votes,16,0,11,0,5
Clark,F103,State Representative,73,,Over Votes,2,0,1,1,0
Clark,F103,Property Valuation Administrator,,,Allan W. CURTIS,45,0,39,2,4
Clark,F103,Property Valuation Administrator,,,Jada BRADY,67,0,52,0,15
Clark,F103,Property Valuation Administrator,,,Under Votes,7,0,7,0,0
Clark,F103,Property Valuation Administrator,,,Over Votes,1,0,1,0,0
Clark,F103,County Judge/Executive,,,Eric R. VETTER,24,0,20,1,3
Clark,F103,County Judge/Executive,,,Justin CHARLES,36,0,33,0,3
Clark,F103,County Judge/Executive,,,Shannon J. COX,25,0,20,0,5
Clark,F103,County Judge/Executive,,,Stephen CRAYCRAFT,29,0,21,1,7
Clark,F103,County Judge/Executive,,,Under Votes,5,0,4,0,1
Clark,F103,County Judge/Executive,,,Over Votes,1,0,1,0,0
Clark,F103,U.S. Senate,,Democratic,Pamela STEVENSON,11,0,6,0,5
Clark,F103,U.S. Senate,,Democratic,Vincent Anthony THOMPSON,3,0,2,0,1
Clark,F103,U.S. Senate,,Democratic,Joshua BLANTON SR.,1,0,1,0,0
Clark,F103,U.S. Senate,,Democratic,Charles BOOKER,72,0,62,3,7
Clark,F103,U.S. Senate,,Democratic,Amy McGRATH,39,0,33,1,5
Clark,F103,U.S. Senate,,Democratic,Logan FORSYTHE,3,0,2,1,0
Clark,F103,U.S. Senate,,Democratic,Dale Lewis ROMANS,2,0,2,0,0
Clark,F103,U.S. House,6,Democratic,Harvey CARROLL JR.,2,0,2,0,0
Clark,F103,U.S. House,6,Democratic,David KLOIBER,4,0,3,1,0
Clark,F103,U.S. House,6,Democratic,Erin PETREY,20,0,19,0,1
Clark,F103,U.S. House,6,Democratic,Cherlynn STEVENSON,63,0,52,2,9
Clark,F103,U.S. House,6,Democratic,Jimmy Clifton AUSBROOKS,1,0,1,0,0
Clark,F103,U.S. House,6,Democratic,Corey EDWARDS,4,0,4,0,0
Clark,F103,U.S. House,6,Democratic,Zach DEMBO,33,0,25,2,6
Clark,F103,State Representative,73,Democratic,Chelsea KIRK,86,0,71,3,12
Clark,F103,State Representative,73,Democratic,Rory HOULIHAN,44,0,37,1,6
Clark,F103,District Judge 25th Judicial District 1st Divison,1,,Darrian D. BOTTS,54,0,48,1,5
Clark,F103,District Judge 25th Judicial District 1st Divison,1,,Tyler S. FRAZIER,107,0,85,1,21
Clark,F103,District Judge 25th Judicial District 1st Divison,1,,Under Votes,56,0,45,2,9
Clark,F103,District Judge 25th Judicial District 1st Divison,1,,Over Votes,1,0,1,0,0
Clark,F103,City Commissioners City OF Winchester,,,James BOWMAN,61,0,48,4,9
Clark,F103,City Commissioners City OF Winchester,,,Hannah TOOLE,117,0,101,1,15
Clark,F103,City Commissioners City OF Winchester,,,Joe Lee CHENAULT,78,0,59,5,14
Clark,F103,City Commissioners City OF Winchester,,,Kitty W. STRODE,95,0,82,2,11
Clark,F103,City Commissioners City OF Winchester,,,Jim CALDWELL,150,0,128,5,17
Clark,F103,City Commissioners City OF Winchester,,,Kenny BOOK,59,0,48,1,10
Clark,F103,City Commissioners City OF Winchester,,,Tara ASBURY,65,0,60,1,4
Clark,F103,City Commissioners City OF Winchester,,,Robin KUNKEL,54,0,45,1,8
Clark,F103,City Commissioners City OF Winchester,,,Ralph HARRISON,48,0,40,0,8
Clark,F103,City Commissioners City OF Winchester,,,Tim CORNETT,29,0,21,1,7
Clark,F103,City Commissioners City OF Winchester,,,Under Votes,298,0,240,7,51
Clark,F103,City Commissioners City OF Winchester,,,Over Votes,1,0,1,0,0
Clark,F104,U.S. Senate,,Republican,A. Nick SHELLEY,0,0,0,0,0
Clark,F104,U.S. Senate,,Republican,Anissa CATLETT,0,0,0,0,0
Clark,F104,U.S. Senate,,Republican,Daniel CAMERON,2,0,1,0,1
Clark,F104,U.S. Senate,,Republican,Jimmy I. LEON,0,0,0,0,0
Clark,F104,U.S. Senate,,Republican,Jonathan M. HOLLIDAY,0,0,0,0,0
Clark,F104,U.S. Senate,,Republican,James D. DUNCAN,0,0,0,0,0
Clark,F104,U.S. Senate,,Republican,Other Donald WENZEL,0,0,0,0,0
Clark,F104,U.S. Senate,,Republican,George WASHINGTON,0,0,0,0,0
Clark,F104,U.S. Senate,,Republican,Michael James FARIS,0,0,0,0,0
Clark,F104,U.S. Senate,,Republican,Andy BARR,9,0,9,0,0
Clark,F104,U.S. Senate,,Republican,"Valerie ""Dr Val"" FREDRICK",0,0,0,0,0
Clark,F104,U.S. Senate,,,Under Votes,0,0,0,0,0
Clark,F104,U.S. Senate,,,Over Votes,1,0,1,0,0
Clark,F104,Ballots Cast,,,,97,,,,
Clark,F104,U.S. House,6,Republican,Gregory George PLUCINSKI,0,0,0,0,0
Clark,F104,U.S. House,6,Republican,Adam Perez ARQUETTE,0,0,0,0,0
Clark,F104,U.S. House,6,Republican,Ralph ALVARADO,9,0,8,0,1
Clark,F104,U.S. House,6,Republican,Steve SHANNON,0,0,0,0,0
Clark,F104,U.S. House,6,Republican,Ryan DOTSON,2,0,2,0,0
Clark,F104,U.S. House,6,,Under Votes,6,0,4,0,2
Clark,F104,U.S. House,6,,Over Votes,0,0,0,0,0
Clark,F104,State Representative,73,Republican,Les YATES,5,0,5,0,0
Clark,F104,State Representative,73,Republican,Daniel KONSTANTOPOULOS,4,0,3,0,1
Clark,F104,State Representative,73,,Under Votes,14,0,10,0,4
Clark,F104,State Representative,73,,Over Votes,0,0,0,0,0
Clark,F104,Property Valuation Administrator,,,Allan W. CURTIS,4,0,3,0,1
Clark,F104,Property Valuation Administrator,,,Jada BRADY,4,0,4,0,0
Clark,F104,Property Valuation Administrator,,,Under Votes,3,0,3,0,0
Clark,F104,Property Valuation Administrator,,,Over Votes,0,0,0,0,0
Clark,F104,County Judge/Executive,,,Eric R. VETTER,1,0,1,0,0
Clark,F104,County Judge/Executive,,,Justin CHARLES,1,0,1,0,0
Clark,F104,County Judge/Executive,,,Shannon J. COX,3,0,2,0,1
Clark,F104,County Judge/Executive,,,Stephen CRAYCRAFT,4,0,4,0,0
Clark,F104,County Judge/Executive,,,Under Votes,2,0,2,0,0
Clark,F104,County Judge/Executive,,,Over Votes,0,0,0,0,0
Clark,F104,U.S. Senate,,Democratic,Pamela STEVENSON,3,0,2,0,1
Clark,F104,U.S. Senate,,Democratic,Vincent Anthony THOMPSON,0,0,0,0,0
Clark,F104,U.S. Senate,,Democratic,Joshua BLANTON SR.,1,0,1,0,0
Clark,F104,U.S. Senate,,Democratic,Charles BOOKER,41,0,29,1,11
Clark,F104,U.S. Senate,,Democratic,Amy McGRATH,34,0,24,1,9
Clark,F104,U.S. Senate,,Democratic,Logan FORSYTHE,0,0,0,0,0
Clark,F104,U.S. Senate,,Democratic,Dale Lewis ROMANS,1,0,1,0,0
Clark,F104,U.S. House,6,Democratic,Harvey CARROLL JR.,1,0,1,0,0
Clark,F104,U.S. House,6,Democratic,David KLOIBER,4,0,3,0,1
Clark,F104,U.S. House,6,Democratic,Erin PETREY,8,0,7,0,1
Clark,F104,U.S. House,6,Democratic,Cherlynn STEVENSON,28,0,22,0,6
Clark,F104,U.S. House,6,Democratic,Jimmy Clifton AUSBROOKS,1,0,0,1,0
Clark,F104,U.S. House,6,Democratic,Corey EDWARDS,5,0,5,0,0
Clark,F104,U.S. House,6,Democratic,Zach DEMBO,28,0,16,1,11
Clark,F104,State Representative,73,Democratic,Chelsea KIRK,32,0,23,1,8
Clark,F104,State Representative,73,Democratic,Rory HOULIHAN,37,0,27,1,9
Clark,F104,District Judge 25th Judicial District 1st Divison,1,,Darrian D. BOTTS,42,0,28,2,12
Clark,F104,District Judge 25th Judicial District 1st Divison,1,,Tyler S. FRAZIER,28,0,20,0,8
Clark,F104,District Judge 25th Judicial District 1st Divison,1,,Under Votes,14,0,12,0,2
Clark,F104,District Judge 25th Judicial District 1st Divison,1,,Over Votes,0,0,0,0,0
Clark,F104,City Commissioners City OF Winchester,,,James BOWMAN,9,0,8,1,0
Clark,F104,City Commissioners City OF Winchester,,,Hannah TOOLE,34,0,21,1,12
Clark,F104,City Commissioners City OF Winchester,,,Joe Lee CHENAULT,68,0,47,1,20
Clark,F104,City Commissioners City OF Winchester,,,Kitty W. STRODE,31,0,22,1,8
Clark,F104,City Commissioners City OF Winchester,,,Jim CALDWELL,26,0,14,1,11
Clark,F104,City Commissioners City OF Winchester,,,Kenny BOOK,36,0,27,0,9
Clark,F104,City Commissioners City OF Winchester,,,Tara ASBURY,8,0,4,1,3
Clark,F104,City Commissioners City OF Winchester,,,Robin KUNKEL,4,0,3,0,1
Clark,F104,City Commissioners City OF Winchester,,,Ralph HARRISON,13,0,7,1,5
Clark,F104,City Commissioners City OF Winchester,,,Tim CORNETT,3,0,2,1,0
Clark,F104,City Commissioners City OF Winchester,,,Under Votes,149,0,118,0,31
Clark,F104,City Commissioners City OF Winchester,,,Over Votes,1,0,1,0,0
Clark,F105,U.S. Senate,,Republican,A. Nick SHELLEY,1,0,1,0,0
Clark,F105,U.S. Senate,,Republican,Anissa CATLETT,1,0,1,0,0
Clark,F105,U.S. Senate,,Republican,Daniel CAMERON,14,0,12,0,2
Clark,F105,U.S. Senate,,Republican,Jimmy I. LEON,1,0,1,0,0
Clark,F105,U.S. Senate,,Republican,Jonathan M. HOLLIDAY,0,0,0,0,0
Clark,F105,U.S. Senate,,Republican,James D. DUNCAN,0,0,0,0,0
Clark,F105,U.S. Senate,,Republican,Other Donald WENZEL,0,0,0,0,0
Clark,F105,U.S. Senate,,Republican,George WASHINGTON,2,0,2,0,0
Clark,F105,U.S. Senate,,Republican,Michael James FARIS,3,0,3,0,0
Clark,F105,U.S. Senate,,Republican,Andy BARR,64,0,50,0,14
Clark,F105,U.S. Senate,,Republican,"Valerie ""Dr Val"" FREDRICK",4,0,4,0,0
Clark,F105,U.S. Senate,,,Under Votes,10,0,9,0,1
Clark,F105,U.S. Senate,,,Over Votes,0,0,0,0,0
Clark,F105,Ballots Cast,,,,229,,,,
Clark,F105,U.S. House,6,Republican,Gregory George PLUCINSKI,2,0,2,0,0
Clark,F105,U.S. House,6,Republican,Adam Perez ARQUETTE,3,0,3,0,0
Clark,F105,U.S. House,6,Republican,Ralph ALVARADO,41,0,38,0,3
Clark,F105,U.S. House,6,Republican,Steve SHANNON,6,0,5,0,1
Clark,F105,U.S. House,6,Republican,Ryan DOTSON,46,0,32,0,14
Clark,F105,U.S. House,6,,Under Votes,6,0,5,0,1
Clark,F105,U.S. House,6,,Over Votes,0,0,0,0,0
Clark,F105,State Representative,73,Republican,Les YATES,33,0,27,0,6
Clark,F105,State Representative,73,Republican,Daniel KONSTANTOPOULOS,61,0,50,0,11
Clark,F105,State Representative,73,,Under Votes,10,0,9,0,1
Clark,F105,State Representative,73,,Over Votes,0,0,0,0,0
Clark,F105,Property Valuation Administrator,,,Allan W. CURTIS,36,0,30,0,6
Clark,F105,Property Valuation Administrator,,,Jada BRADY,53,0,44,0,9
Clark,F105,Property Valuation Administrator,,,Under Votes,10,0,7,0,3
Clark,F105,Property Valuation Administrator,,,Over Votes,0,0,0,0,0
Clark,F105,County Judge/Executive,,,Eric R. VETTER,10,0,7,0,3
Clark,F105,County Judge/Executive,,,Justin CHARLES,26,0,22,0,4
Clark,F105,County Judge/Executive,,,Shannon J. COX,35,0,31,0,4
Clark,F105,County Judge/Executive,,,Stephen CRAYCRAFT,24,0,18,0,6
Clark,F105,County Judge/Executive,,,Under Votes,4,0,3,0,1
Clark,F105,County Judge/Executive,,,Over Votes,0,0,0,0,0
Clark,F105,U.S. Senate,,Democratic,Pamela STEVENSON,8,0,5,0,3
Clark,F105,U.S. Senate,,Democratic,Vincent Anthony THOMPSON,3,0,3,0,0
Clark,F105,U.S. Senate,,Democratic,Joshua BLANTON SR.,1,0,1,0,0
Clark,F105,U.S. Senate,,Democratic,Charles BOOKER,63,0,47,3,13
Clark,F105,U.S. Senate,,Democratic,Amy McGRATH,27,0,18,0,9
Clark,F105,U.S. Senate,,Democratic,Logan FORSYTHE,2,0,2,0,0
Clark,F105,U.S. Senate,,Democratic,Dale Lewis ROMANS,3,0,1,0,2
Clark,F105,U.S. House,6,Democratic,Harvey CARROLL JR.,1,0,1,0,0
Clark,F105,U.S. House,6,Democratic,David KLOIBER,4,0,3,0,1
Clark,F105,U.S. House,6,Democratic,Erin PETREY,27,0,22,0,5
Clark,F105,U.S. House,6,Democratic,Cherlynn STEVENSON,30,0,20,3,7
Clark,F105,U.S. House,6,Democratic,Jimmy Clifton AUSBROOKS,1,0,1,0,0
Clark,F105,U.S. House,6,Democratic,Corey EDWARDS,8,0,7,0,1
Clark,F105,U.S. House,6,Democratic,Zach DEMBO,39,0,27,0,12
Clark,F105,State Representative,73,Democratic,Chelsea KIRK,64,0,47,2,15
Clark,F105,State Representative,73,Democratic,Rory HOULIHAN,46,0,33,1,12
Clark,F105,District Judge 25th Judicial District 1st Divison,1,,Darrian D. BOTTS,36,0,26,2,8
Clark,F105,District Judge 25th Judicial District 1st Divison,1,,Tyler S. FRAZIER,106,0,81,0,25
Clark,F105,District Judge 25th Judicial District 1st Divison,1,,Under Votes,37,0,31,0,6
Clark,F105,District Judge 25th Judicial District 1st Divison,1,,Over Votes,1,0,1,0,0
Clark,F105,City Commissioners City OF Winchester,,,James BOWMAN,62,0,49,1,12
Clark,F105,City Commissioners City OF Winchester,,,Hannah TOOLE,89,0,62,3,24
Clark,F105,City Commissioners City OF Winchester,,,Joe Lee CHENAULT,70,0,45,3,22
Clark,F105,City Commissioners City OF Winchester,,,Kitty W. STRODE,75,0,59,0,16
Clark,F105,City Commissioners City OF Winchester,,,Jim CALDWELL,123,0,98,0,25
Clark,F105,City Commissioners City OF Winchester,,,Kenny BOOK,60,0,46,1,13
Clark,F105,City Commissioners City OF Winchester,,,Tara ASBURY,29,0,26,0,3
Clark,F105,City Commissioners City OF Winchester,,,Robin KUNKEL,40,0,31,2,7
Clark,F105,City Commissioners City OF Winchester,,,Ralph HARRISON,36,0,25,0,11
Clark,F105,City Commissioners City OF Winchester,,,Tim CORNETT,45,0,32,2,11
Clark,F105,City Commissioners City OF Winchester,,,Under Votes,255,0,216,0,39
Clark,F105,City Commissioners City OF Winchester,,,Over Votes,0,0,0,0,0
