county,precinct,office,district,party,candidate,votes,early_voting,election_day,absentee_mail,absentee
Daviess,A101,U.S. Senate,,Republican,Anissa CATLETT,4,0,4,0,0
Daviess,A101,U.S. Senate,,Republican,A. Nick SHELLEY,1,0,1,0,0
Daviess,A101,U.S. Senate,,Republican,"Valerie ""Dr Val"" FREDRICK",0,0,0,0,0
Daviess,A101,U.S. Senate,,Republican,Michael James FARIS,5,2,3,0,0
Daviess,A101,U.S. Senate,,Republican,Nate MORRIS,4,1,3,0,0
Daviess,A101,U.S. Senate,,Republican,Other Donald WENZEL,1,0,1,0,0
Daviess,A101,U.S. Senate,,Republican,Jonathan M. HOLLIDAY,0,0,0,0,0
Daviess,A101,U.S. Senate,,Republican,George WASHINGTON,0,0,0,0,0
Daviess,A101,U.S. Senate,,Republican,Andy BARR,53,6,39,7,1
Daviess,A101,U.S. Senate,,Republican,Daniel CAMERON,31,5,25,1,0
Daviess,A101,U.S. Senate,,Republican,Jimmy I. LEON,1,0,0,0,1
Daviess,A101,U.S. Senate,,Republican,James D. DUNCAN,0,0,0,0,0
Daviess,A101,U.S. Senate,,,Under Votes,4,0,4,0,0
Daviess,A101,U.S. Senate,,,Over Votes,0,0,0,0,0
Daviess,A101,Ballots Cast,,,,228,,,,
Daviess,A101,U.S. House,2,Republican,"G. ""Shay"" PERRY-ADELMANN",3,1,2,0,0
Daviess,A101,U.S. House,2,Republican,S. Brett GUTHRIE,79,11,59,8,1
Daviess,A101,U.S. House,2,Republican,Joshua M. FERGUSON,11,2,8,0,1
Daviess,A101,U.S. House,2,,Under Votes,23,1,20,2,0
Daviess,A101,U.S. House,2,,Over Votes,0,0,0,0,0
Daviess,A101,County Judge/Executive,,,Charlie CASTLEN,50,6,36,7,1
Daviess,A101,County Judge/Executive,,,Janie MARKSBERRY,49,7,40,1,1
Daviess,A101,County Judge/Executive,,,Under Votes,3,1,2,0,0
Daviess,A101,County Judge/Executive,,,Over Votes,1,0,1,0,0
Daviess,A101,County Clerk,,,Matt GALLOWAY,36,5,31,0,0
Daviess,A101,County Clerk,,,Leslie A. McCARTY,63,9,44,8,2
Daviess,A101,County Clerk,,,Under Votes,4,0,4,0,0
Daviess,A101,County Clerk,,,Over Votes,0,0,0,0,0
Daviess,A101,County Commissioner Central District,,,Robert MORRIS,39,6,33,0,0
Daviess,A101,County Commissioner Central District,,,Larry CONDER,52,6,36,8,2
Daviess,A101,County Commissioner Central District,,,Under Votes,12,2,10,0,0
Daviess,A101,County Commissioner Central District,,,Over Votes,0,0,0,0,0
Daviess,A101,County Commissioner East District,,,Steven SHAKE,19,2,12,4,1
Daviess,A101,County Commissioner East District,,,Joe HAGAN,48,6,40,2,0
Daviess,A101,County Commissioner East District,,,Shane COX,25,5,19,0,1
Daviess,A101,County Commissioner East District,,,Under Votes,11,1,8,2,0
Daviess,A101,County Commissioner East District,,,Over Votes,0,0,0,0,0
Daviess,A101,County Commissioner West District,,,Christopher T. CASTLEN,46,6,33,5,2
Daviess,A101,County Commissioner West District,,,Dustin WARREN,46,6,38,2,0
Daviess,A101,County Commissioner West District,,,Under Votes,11,2,8,1,0
Daviess,A101,County Commissioner West District,,,Over Votes,0,0,0,0,0
Daviess,A101,Constable,,,Scotty SMITH,52,8,39,4,1
Daviess,A101,Constable,,,Kris D. CRAWFORD,33,4,25,3,1
Daviess,A101,Constable,,,Under Votes,18,2,15,1,0
Daviess,A101,Constable,,,Over Votes,0,0,0,0,0
Daviess,A101,U.S. Senate,,Democratic,Logan FORSYTHE,4,2,1,1,0
Daviess,A101,U.S. Senate,,Democratic,Amy McGRATH,62,10,42,9,1
Daviess,A101,U.S. Senate,,Democratic,Dale Lewis ROMANS,1,0,1,0,0
Daviess,A101,U.S. Senate,,Democratic,Joshua BLANTON SR.,2,0,2,0,0
Daviess,A101,U.S. Senate,,Democratic,Vincent Anthony THOMPSON,3,0,3,0,0
Daviess,A101,U.S. Senate,,Democratic,Charles BOOKER,42,5,30,6,1
Daviess,A101,U.S. Senate,,Democratic,Pamela STEVENSON,3,1,2,0,0
Daviess,A101,U.S. House,2,Democratic,David S. HATFIELD,20,2,18,0,0
Daviess,A101,U.S. House,2,Democratic,Megan WINGFIELD,41,5,30,6,0
Daviess,A101,U.S. House,2,Democratic,Hank LINDERMAN,35,8,18,7,2
Daviess,A101,U.S. House,2,Democratic,William Dakota COMPTON,9,2,6,1,0
Daviess,A101,"District Judge, 6th Judicial District",1,,J. Nick PAYNE,64,7,48,9,0
Daviess,A101,"District Judge, 6th Judicial District",1,,William C. MATTINGLY,41,5,32,4,0
Daviess,A101,"District Judge, 6th Judicial District",1,,W. Russell DUTY,38,7,26,5,0
Daviess,A101,"District Judge, 6th Judicial District",1,,Lelah ROGERS,64,11,46,3,4
Daviess,A101,"District Judge, 6th Judicial District",1,,Under Votes,21,3,15,3,0
Daviess,A101,"District Judge, 6th Judicial District",1,,Over Votes,0,0,0,0,0
Daviess,A101,City Commissioners City OF Owensboro,,,Jeff SANFORD,88,9,71,8,0
Daviess,A101,City Commissioners City OF Owensboro,,,Steve JOHNSON,64,13,45,5,1
Daviess,A101,City Commissioners City OF Owensboro,,,Harley METCALF,57,12,39,5,1
Daviess,A101,City Commissioners City OF Owensboro,,,Bob GLENN,96,11,70,12,3
Daviess,A101,City Commissioners City OF Owensboro,,,Pamela L. SMITH-WRIGHT,109,16,78,14,1
Daviess,A101,City Commissioners City OF Owensboro,,,Tyler GOAD,44,7,30,7,0
Daviess,A101,City Commissioners City OF Owensboro,,,Sharon Gail NeSMITH,93,17,62,11,3
Daviess,A101,City Commissioners City OF Owensboro,,,Curtis MAGLINGER,80,13,54,11,2
Daviess,A101,City Commissioners City OF Owensboro,,,John Ross MARTIN,52,6,43,3,0
Daviess,A101,City Commissioners City OF Owensboro,,,Under Votes,229,28,176,20,5
Daviess,A101,City Commissioners City OF Owensboro,,,Over Votes,0,0,0,0,0
Daviess,A102,U.S. Senate,,Republican,Anissa CATLETT,0,0,0,0,0
Daviess,A102,U.S. Senate,,Republican,A. Nick SHELLEY,0,0,0,0,0
Daviess,A102,U.S. Senate,,Republican,"Valerie ""Dr Val"" FREDRICK",3,0,2,0,1
Daviess,A102,U.S. Senate,,Republican,Michael James FARIS,3,1,2,0,0
Daviess,A102,U.S. Senate,,Republican,Nate MORRIS,5,2,2,1,0
Daviess,A102,U.S. Senate,,Republican,Other Donald WENZEL,1,0,1,0,0
Daviess,A102,U.S. Senate,,Republican,Jonathan M. HOLLIDAY,1,0,1,0,0
Daviess,A102,U.S. Senate,,Republican,George WASHINGTON,0,0,0,0,0
Daviess,A102,U.S. Senate,,Republican,Andy BARR,36,3,33,0,0
Daviess,A102,U.S. Senate,,Republican,Daniel CAMERON,14,0,14,0,0
Daviess,A102,U.S. Senate,,Republican,Jimmy I. LEON,0,0,0,0,0
Daviess,A102,U.S. Senate,,Republican,James D. DUNCAN,1,0,1,0,0
Daviess,A102,U.S. Senate,,,Under Votes,5,1,4,0,0
Daviess,A102,U.S. Senate,,,Over Votes,0,0,0,0,0
Daviess,A102,Ballots Cast,,,,252,,,,
Daviess,A102,U.S. House,2,Republican,"G. ""Shay"" PERRY-ADELMANN",6,0,6,0,0
Daviess,A102,U.S. House,2,Republican,S. Brett GUTHRIE,51,6,43,1,1
Daviess,A102,U.S. House,2,Republican,Joshua M. FERGUSON,6,0,6,0,0
Daviess,A102,U.S. House,2,,Under Votes,22,4,18,0,0
Daviess,A102,U.S. House,2,,Over Votes,1,0,1,0,0
Daviess,A102,County Judge/Executive,,,Charlie CASTLEN,34,4,29,1,0
Daviess,A102,County Judge/Executive,,,Janie MARKSBERRY,30,2,27,0,1
Daviess,A102,County Judge/Executive,,,Under Votes,0,0,0,0,0
Daviess,A102,County Judge/Executive,,,Over Votes,0,0,0,0,0
Daviess,A102,County Clerk,,,Matt GALLOWAY,20,1,19,0,0
Daviess,A102,County Clerk,,,Leslie A. McCARTY,39,4,33,1,1
Daviess,A102,County Clerk,,,Under Votes,5,1,4,0,0
Daviess,A102,County Clerk,,,Over Votes,0,0,0,0,0
Daviess,A102,County Commissioner Central District,,,Robert MORRIS,28,2,25,0,1
Daviess,A102,County Commissioner Central District,,,Larry CONDER,30,3,26,1,0
Daviess,A102,County Commissioner Central District,,,Under Votes,6,1,5,0,0
Daviess,A102,County Commissioner Central District,,,Over Votes,0,0,0,0,0
Daviess,A102,County Commissioner East District,,,Steven SHAKE,14,2,11,0,1
Daviess,A102,County Commissioner East District,,,Joe HAGAN,25,2,22,1,0
Daviess,A102,County Commissioner East District,,,Shane COX,17,1,16,0,0
Daviess,A102,County Commissioner East District,,,Under Votes,8,1,7,0,0
Daviess,A102,County Commissioner East District,,,Over Votes,0,0,0,0,0
Daviess,A102,County Commissioner West District,,,Christopher T. CASTLEN,31,2,27,1,1
Daviess,A102,County Commissioner West District,,,Dustin WARREN,27,3,24,0,0
Daviess,A102,County Commissioner West District,,,Under Votes,6,1,5,0,0
Daviess,A102,County Commissioner West District,,,Over Votes,0,0,0,0,0
Daviess,A102,Constable,,,Scotty SMITH,24,1,22,1,0
Daviess,A102,Constable,,,Kris D. CRAWFORD,31,4,26,0,1
Daviess,A102,Constable,,,Under Votes,9,1,8,0,0
Daviess,A102,Constable,,,Over Votes,0,0,0,0,0
Daviess,A102,U.S. Senate,,Democratic,Logan FORSYTHE,5,1,3,1,0
Daviess,A102,U.S. Senate,,Democratic,Amy McGRATH,51,12,37,2,0
Daviess,A102,U.S. Senate,,Democratic,Dale Lewis ROMANS,2,0,2,0,0
Daviess,A102,U.S. Senate,,Democratic,Joshua BLANTON SR.,2,0,2,0,0
Daviess,A102,U.S. Senate,,Democratic,Vincent Anthony THOMPSON,3,1,1,0,1
Daviess,A102,U.S. Senate,,Democratic,Charles BOOKER,96,16,74,6,0
Daviess,A102,U.S. Senate,,Democratic,Pamela STEVENSON,8,1,7,0,0
Daviess,A102,U.S. House,2,Democratic,David S. HATFIELD,30,7,21,2,0
Daviess,A102,U.S. House,2,Democratic,Megan WINGFIELD,73,8,58,6,1
Daviess,A102,U.S. House,2,Democratic,Hank LINDERMAN,26,9,16,1,0
Daviess,A102,U.S. House,2,Democratic,William Dakota COMPTON,21,4,17,0,0
Daviess,A102,"District Judge, 6th Judicial District",1,,J. Nick PAYNE,68,8,58,2,0
Daviess,A102,"District Judge, 6th Judicial District",1,,William C. MATTINGLY,45,10,32,3,0
Daviess,A102,"District Judge, 6th Judicial District",1,,W. Russell DUTY,43,7,31,4,1
Daviess,A102,"District Judge, 6th Judicial District",1,,Lelah ROGERS,78,8,67,2,1
Daviess,A102,"District Judge, 6th Judicial District",1,,Under Votes,18,6,12,0,0
Daviess,A102,"District Judge, 6th Judicial District",1,,Over Votes,0,0,0,0,0
Daviess,A102,City Commissioners City OF Owensboro,,,Jeff SANFORD,77,12,59,4,2
Daviess,A102,City Commissioners City OF Owensboro,,,Steve JOHNSON,56,7,49,0,0
Daviess,A102,City Commissioners City OF Owensboro,,,Harley METCALF,63,8,51,3,1
Daviess,A102,City Commissioners City OF Owensboro,,,Bob GLENN,115,20,88,7,0
Daviess,A102,City Commissioners City OF Owensboro,,,Pamela L. SMITH-WRIGHT,147,28,111,6,2
Daviess,A102,City Commissioners City OF Owensboro,,,Tyler GOAD,38,4,33,1,0
Daviess,A102,City Commissioners City OF Owensboro,,,Sharon Gail NeSMITH,103,22,75,5,1
Daviess,A102,City Commissioners City OF Owensboro,,,Curtis MAGLINGER,76,9,63,2,2
Daviess,A102,City Commissioners City OF Owensboro,,,John Ross MARTIN,48,6,41,1,0
Daviess,A102,City Commissioners City OF Owensboro,,,Under Votes,269,40,214,15,0
Daviess,A102,City Commissioners City OF Owensboro,,,Over Votes,4,0,4,0,0
Daviess,A103,U.S. Senate,,Republican,Anissa CATLETT,0,0,0,0,0
Daviess,A103,U.S. Senate,,Republican,A. Nick SHELLEY,1,0,1,0,0
Daviess,A103,U.S. Senate,,Republican,"Valerie ""Dr Val"" FREDRICK",0,0,0,0,0
Daviess,A103,U.S. Senate,,Republican,Michael James FARIS,2,0,2,0,0
Daviess,A103,U.S. Senate,,Republican,Nate MORRIS,1,0,1,0,0
Daviess,A103,U.S. Senate,,Republican,Other Donald WENZEL,0,0,0,0,0
Daviess,A103,U.S. Senate,,Republican,Jonathan M. HOLLIDAY,0,0,0,0,0
Daviess,A103,U.S. Senate,,Republican,George WASHINGTON,0,0,0,0,0
Daviess,A103,U.S. Senate,,Republican,Andy BARR,25,2,22,1,0
Daviess,A103,U.S. Senate,,Republican,Daniel CAMERON,13,4,8,1,0
Daviess,A103,U.S. Senate,,Republican,Jimmy I. LEON,0,0,0,0,0
Daviess,A103,U.S. Senate,,Republican,James D. DUNCAN,1,0,0,0,1
Daviess,A103,U.S. Senate,,,Under Votes,2,1,1,0,0
Daviess,A103,U.S. Senate,,,Over Votes,0,0,0,0,0
Daviess,A103,Ballots Cast,,,,113,,,,
Daviess,A103,U.S. House,2,Republican,"G. ""Shay"" PERRY-ADELMANN",3,1,2,0,0
Daviess,A103,U.S. House,2,Republican,S. Brett GUTHRIE,34,5,27,1,1
Daviess,A103,U.S. House,2,Republican,Joshua M. FERGUSON,5,0,4,1,0
Daviess,A103,U.S. House,2,,Under Votes,9,2,5,2,0
Daviess,A103,U.S. House,2,,Over Votes,0,0,0,0,0
Daviess,A103,County Judge/Executive,,,Charlie CASTLEN,24,4,18,1,1
Daviess,A103,County Judge/Executive,,,Janie MARKSBERRY,19,3,15,1,0
Daviess,A103,County Judge/Executive,,,Under Votes,1,0,1,0,0
Daviess,A103,County Judge/Executive,,,Over Votes,0,0,0,0,0
Daviess,A103,County Clerk,,,Matt GALLOWAY,24,2,22,0,0
Daviess,A103,County Clerk,,,Leslie A. McCARTY,19,5,11,2,1
Daviess,A103,County Clerk,,,Under Votes,1,0,1,0,0
Daviess,A103,County Clerk,,,Over Votes,0,0,0,0,0
Daviess,A103,County Commissioner Central District,,,Robert MORRIS,27,3,22,2,0
Daviess,A103,County Commissioner Central District,,,Larry CONDER,14,4,9,0,1
Daviess,A103,County Commissioner Central District,,,Under Votes,3,0,3,0,0
Daviess,A103,County Commissioner Central District,,,Over Votes,0,0,0,0,0
Daviess,A103,County Commissioner East District,,,Steven SHAKE,6,1,5,0,0
Daviess,A103,County Commissioner East District,,,Joe HAGAN,17,1,14,1,1
Daviess,A103,County Commissioner East District,,,Shane COX,18,4,13,1,0
Daviess,A103,County Commissioner East District,,,Under Votes,3,1,2,0,0
Daviess,A103,County Commissioner East District,,,Over Votes,0,0,0,0,0
Daviess,A103,County Commissioner West District,,,Christopher T. CASTLEN,25,6,17,1,1
Daviess,A103,County Commissioner West District,,,Dustin WARREN,16,1,14,1,0
Daviess,A103,County Commissioner West District,,,Under Votes,3,0,3,0,0
Daviess,A103,County Commissioner West District,,,Over Votes,0,0,0,0,0
Daviess,A103,Constable,,,Scotty SMITH,21,2,17,1,1
Daviess,A103,Constable,,,Kris D. CRAWFORD,19,5,14,0,0
Daviess,A103,Constable,,,Under Votes,4,0,3,1,0
Daviess,A103,Constable,,,Over Votes,0,0,0,0,0
Daviess,A103,U.S. Senate,,Democratic,Logan FORSYTHE,3,1,2,0,0
Daviess,A103,U.S. Senate,,Democratic,Amy McGRATH,35,10,20,3,2
Daviess,A103,U.S. Senate,,Democratic,Dale Lewis ROMANS,0,0,0,0,0
Daviess,A103,U.S. Senate,,Democratic,Joshua BLANTON SR.,0,0,0,0,0
Daviess,A103,U.S. Senate,,Democratic,Vincent Anthony THOMPSON,0,0,0,0,0
Daviess,A103,U.S. Senate,,Democratic,Charles BOOKER,20,2,16,1,1
Daviess,A103,U.S. Senate,,Democratic,Pamela STEVENSON,4,2,2,0,0
Daviess,A103,U.S. House,2,Democratic,David S. HATFIELD,15,2,12,0,1
Daviess,A103,U.S. House,2,Democratic,Megan WINGFIELD,27,6,19,2,0
Daviess,A103,U.S. House,2,Democratic,Hank LINDERMAN,8,5,3,0,0
Daviess,A103,U.S. House,2,Democratic,William Dakota COMPTON,6,1,3,0,2
Daviess,A103,"District Judge, 6th Judicial District",1,,J. Nick PAYNE,34,12,22,0,0
Daviess,A103,"District Judge, 6th Judicial District",1,,William C. MATTINGLY,17,3,13,1,0
Daviess,A103,"District Judge, 6th Judicial District",1,,W. Russell DUTY,16,0,14,1,1
Daviess,A103,"District Judge, 6th Judicial District",1,,Lelah ROGERS,40,7,28,1,4
Daviess,A103,"District Judge, 6th Judicial District",1,,Under Votes,6,0,3,3,0
Daviess,A103,"District Judge, 6th Judicial District",1,,Over Votes,0,0,0,0,0
Daviess,A103,City Commissioners City OF Owensboro,,,Jeff SANFORD,36,7,27,1,1
Daviess,A103,City Commissioners City OF Owensboro,,,Steve JOHNSON,29,10,17,1,1
Daviess,A103,City Commissioners City OF Owensboro,,,Harley METCALF,30,6,20,1,3
Daviess,A103,City Commissioners City OF Owensboro,,,Bob GLENN,52,14,31,3,4
Daviess,A103,City Commissioners City OF Owensboro,,,Pamela L. SMITH-WRIGHT,49,13,31,2,3
Daviess,A103,City Commissioners City OF Owensboro,,,Tyler GOAD,19,2,17,0,0
Daviess,A103,City Commissioners City OF Owensboro,,,Sharon Gail NeSMITH,40,12,22,2,4
Daviess,A103,City Commissioners City OF Owensboro,,,Curtis MAGLINGER,37,6,27,4,0
Daviess,A103,City Commissioners City OF Owensboro,,,John Ross MARTIN,21,1,18,1,1
Daviess,A103,City Commissioners City OF Owensboro,,,Under Votes,139,17,110,9,3
Daviess,A103,City Commissioners City OF Owensboro,,,Over Votes,0,0,0,0,0
Daviess,A104,U.S. Senate,,Republican,Anissa CATLETT,0,0,0,0,0
Daviess,A104,U.S. Senate,,Republican,A. Nick SHELLEY,0,0,0,0,0
Daviess,A104,U.S. Senate,,Republican,"Valerie ""Dr Val"" FREDRICK",6,0,6,0,0
Daviess,A104,U.S. Senate,,Republican,Michael James FARIS,4,0,3,0,1
Daviess,A104,U.S. Senate,,Republican,Nate MORRIS,4,0,4,0,0
Daviess,A104,U.S. Senate,,Republican,Other Donald WENZEL,1,1,0,0,0
Daviess,A104,U.S. Senate,,Republican,Jonathan M. HOLLIDAY,2,1,1,0,0
Daviess,A104,U.S. Senate,,Republican,George WASHINGTON,3,1,2,0,0
Daviess,A104,U.S. Senate,,Republican,Andy BARR,112,36,72,3,1
Daviess,A104,U.S. Senate,,Republican,Daniel CAMERON,75,23,49,2,1
Daviess,A104,U.S. Senate,,Republican,Jimmy I. LEON,1,1,0,0,0
Daviess,A104,U.S. Senate,,Republican,James D. DUNCAN,2,0,2,0,0
Daviess,A104,U.S. Senate,,,Under Votes,19,5,12,2,0
Daviess,A104,U.S. Senate,,,Over Votes,1,1,0,0,0
Daviess,A104,Ballots Cast,,,,445,,,,
Daviess,A104,U.S. House,2,Republican,"G. ""Shay"" PERRY-ADELMANN",18,3,15,0,0
Daviess,A104,U.S. House,2,Republican,S. Brett GUTHRIE,178,55,115,5,3
Daviess,A104,U.S. House,2,Republican,Joshua M. FERGUSON,15,4,11,0,0
Daviess,A104,U.S. House,2,,Under Votes,37,10,25,2,0
Daviess,A104,U.S. House,2,,Over Votes,0,0,0,0,0
Daviess,A104,County Judge/Executive,,,Charlie CASTLEN,140,40,96,1,3
Daviess,A104,County Judge/Executive,,,Janie MARKSBERRY,65,20,43,2,0
Daviess,A104,County Judge/Executive,,,Under Votes,12,4,6,2,0
Daviess,A104,County Judge/Executive,,,Over Votes,0,0,0,0,0
Daviess,A104,County Clerk,,,Matt GALLOWAY,90,26,62,2,0
Daviess,A104,County Clerk,,,Leslie A. McCARTY,115,37,72,3,3
Daviess,A104,County Clerk,,,Under Votes,12,1,11,0,0
Daviess,A104,County Clerk,,,Over Votes,0,0,0,0,0
Daviess,A104,County Commissioner Central District,,,Robert MORRIS,66,17,44,3,2
Daviess,A104,County Commissioner Central District,,,Larry CONDER,135,43,89,2,1
Daviess,A104,County Commissioner Central District,,,Under Votes,16,4,12,0,0
Daviess,A104,County Commissioner Central District,,,Over Votes,0,0,0,0,0
Daviess,A104,County Commissioner East District,,,Steven SHAKE,66,18,46,2,0
Daviess,A104,County Commissioner East District,,,Joe HAGAN,64,19,42,2,1
Daviess,A104,County Commissioner East District,,,Shane COX,63,20,41,0,2
Daviess,A104,County Commissioner East District,,,Under Votes,24,7,16,1,0
Daviess,A104,County Commissioner East District,,,Over Votes,0,0,0,0,0
Daviess,A104,County Commissioner West District,,,Christopher T. CASTLEN,146,46,93,4,3
Daviess,A104,County Commissioner West District,,,Dustin WARREN,62,15,46,1,0
Daviess,A104,County Commissioner West District,,,Under Votes,9,3,6,0,0
Daviess,A104,County Commissioner West District,,,Over Votes,0,0,0,0,0
Daviess,A104,Constable,,,Scotty SMITH,74,19,52,1,2
Daviess,A104,Constable,,,Kris D. CRAWFORD,88,25,60,2,1
Daviess,A104,Constable,,,Under Votes,55,20,33,2,0
Daviess,A104,Constable,,,Over Votes,0,0,0,0,0
Daviess,A104,U.S. Senate,,Democratic,Logan FORSYTHE,2,1,1,0,0
Daviess,A104,U.S. Senate,,Democratic,Amy McGRATH,86,29,54,3,0
Daviess,A104,U.S. Senate,,Democratic,Dale Lewis ROMANS,13,2,11,0,0
Daviess,A104,U.S. Senate,,Democratic,Joshua BLANTON SR.,3,2,1,0,0
Daviess,A104,U.S. Senate,,Democratic,Vincent Anthony THOMPSON,2,1,1,0,0
Daviess,A104,U.S. Senate,,Democratic,Charles BOOKER,81,18,62,1,0
Daviess,A104,U.S. Senate,,Democratic,Pamela STEVENSON,12,3,9,0,0
Daviess,A104,U.S. House,2,Democratic,David S. HATFIELD,28,10,18,0,0
Daviess,A104,U.S. House,2,Democratic,Megan WINGFIELD,48,14,33,1,0
Daviess,A104,U.S. House,2,Democratic,Hank LINDERMAN,70,18,50,2,0
Daviess,A104,U.S. House,2,Democratic,William Dakota COMPTON,35,11,23,1,0
Daviess,A104,"District Judge, 6th Judicial District",1,,J. Nick PAYNE,103,24,78,0,1
Daviess,A104,"District Judge, 6th Judicial District",1,,William C. MATTINGLY,63,29,34,0,0
Daviess,A104,"District Judge, 6th Judicial District",1,,W. Russell DUTY,119,32,82,2,3
Daviess,A104,"District Judge, 6th Judicial District",1,,Lelah ROGERS,137,38,92,7,0
Daviess,A104,"District Judge, 6th Judicial District",1,,Under Votes,23,5,16,2,0
Daviess,A104,"District Judge, 6th Judicial District",1,,Over Votes,0,0,0,0,0
Daviess,A104,City Commissioners City OF Owensboro,,,Jeff SANFORD,182,56,120,4,2
Daviess,A104,City Commissioners City OF Owensboro,,,Steve JOHNSON,204,58,142,2,2
Daviess,A104,City Commissioners City OF Owensboro,,,Harley METCALF,79,16,63,0,0
Daviess,A104,City Commissioners City OF Owensboro,,,Bob GLENN,184,57,121,3,3
Daviess,A104,City Commissioners City OF Owensboro,,,Pamela L. SMITH-WRIGHT,172,43,121,6,2
Daviess,A104,City Commissioners City OF Owensboro,,,Tyler GOAD,141,43,95,2,1
Daviess,A104,City Commissioners City OF Owensboro,,,Sharon Gail NeSMITH,167,49,112,5,1
Daviess,A104,City Commissioners City OF Owensboro,,,Curtis MAGLINGER,167,55,107,4,1
Daviess,A104,City Commissioners City OF Owensboro,,,John Ross MARTIN,96,29,64,2,1
Daviess,A104,City Commissioners City OF Owensboro,,,Under Votes,380,106,255,16,3
Daviess,A104,City Commissioners City OF Owensboro,,,Over Votes,1,0,1,0,0
Daviess,A105,U.S. Senate,,Republican,Anissa CATLETT,2,1,1,0,0
Daviess,A105,U.S. Senate,,Republican,A. Nick SHELLEY,0,0,0,0,0
Daviess,A105,U.S. Senate,,Republican,"Valerie ""Dr Val"" FREDRICK",1,0,1,0,0
Daviess,A105,U.S. Senate,,Republican,Michael James FARIS,6,2,4,0,0
Daviess,A105,U.S. Senate,,Republican,Nate MORRIS,3,2,1,0,0
Daviess,A105,U.S. Senate,,Republican,Other Donald WENZEL,1,1,0,0,0
Daviess,A105,U.S. Senate,,Republican,Jonathan M. HOLLIDAY,1,1,0,0,0
Daviess,A105,U.S. Senate,,Republican,George WASHINGTON,1,1,0,0,0
Daviess,A105,U.S. Senate,,Republican,Andy BARR,63,14,49,0,0
Daviess,A105,U.S. Senate,,Republican,Daniel CAMERON,32,7,24,0,1
Daviess,A105,U.S. Senate,,Republican,Jimmy I. LEON,0,0,0,0,0
Daviess,A105,U.S. Senate,,Republican,James D. DUNCAN,3,0,3,0,0
Daviess,A105,U.S. Senate,,,Under Votes,11,3,8,0,0
Daviess,A105,U.S. Senate,,,Over Votes,1,0,1,0,0
Daviess,A105,Ballots Cast,,,,267,,,,
Daviess,A105,U.S. House,2,Republican,"G. ""Shay"" PERRY-ADELMANN",11,3,8,0,0
Daviess,A105,U.S. House,2,Republican,S. Brett GUTHRIE,86,22,64,0,0
Daviess,A105,U.S. House,2,Republican,Joshua M. FERGUSON,10,2,8,0,0
Daviess,A105,U.S. House,2,,Under Votes,27,9,17,0,1
Daviess,A105,U.S. House,2,,Over Votes,0,0,0,0,0
Daviess,A105,County Judge/Executive,,,Charlie CASTLEN,69,17,51,0,1
Daviess,A105,County Judge/Executive,,,Janie MARKSBERRY,45,13,32,0,0
Daviess,A105,County Judge/Executive,,,Under Votes,4,1,3,0,0
Daviess,A105,County Judge/Executive,,,Over Votes,0,0,0,0,0
Daviess,A105,County Clerk,,,Matt GALLOWAY,42,10,31,0,1
Daviess,A105,County Clerk,,,Leslie A. McCARTY,69,17,52,0,0
Daviess,A105,County Clerk,,,Under Votes,7,4,3,0,0
Daviess,A105,County Clerk,,,Over Votes,0,0,0,0,0
Daviess,A105,County Commissioner Central District,,,Robert MORRIS,60,21,39,0,0
Daviess,A105,County Commissioner Central District,,,Larry CONDER,48,8,40,0,0
Daviess,A105,County Commissioner Central District,,,Under Votes,10,2,7,0,1
Daviess,A105,County Commissioner Central District,,,Over Votes,0,0,0,0,0
Daviess,A105,County Commissioner East District,,,Steven SHAKE,26,9,17,0,0
Daviess,A105,County Commissioner East District,,,Joe HAGAN,35,12,23,0,0
Daviess,A105,County Commissioner East District,,,Shane COX,40,5,35,0,0
Daviess,A105,County Commissioner East District,,,Under Votes,17,5,11,0,1
Daviess,A105,County Commissioner East District,,,Over Votes,0,0,0,0,0
Daviess,A105,County Commissioner West District,,,Christopher T. CASTLEN,65,20,45,0,0
Daviess,A105,County Commissioner West District,,,Dustin WARREN,41,9,32,0,0
Daviess,A105,County Commissioner West District,,,Under Votes,12,2,9,0,1
Daviess,A105,County Commissioner West District,,,Over Votes,0,0,0,0,0
Daviess,A105,Constable,,,Scotty SMITH,42,10,31,0,1
Daviess,A105,Constable,,,Kris D. CRAWFORD,50,14,36,0,0
Daviess,A105,Constable,,,Under Votes,26,7,19,0,0
Daviess,A105,Constable,,,Over Votes,0,0,0,0,0
Daviess,A105,U.S. Senate,,Democratic,Logan FORSYTHE,4,0,4,0,0
Daviess,A105,U.S. Senate,,Democratic,Amy McGRATH,50,18,29,3,0
Daviess,A105,U.S. Senate,,Democratic,Dale Lewis ROMANS,0,0,0,0,0
Daviess,A105,U.S. Senate,,Democratic,Joshua BLANTON SR.,2,0,2,0,0
Daviess,A105,U.S. Senate,,Democratic,Vincent Anthony THOMPSON,5,1,3,1,0
Daviess,A105,U.S. Senate,,Democratic,Charles BOOKER,61,10,50,0,1
Daviess,A105,U.S. Senate,,Democratic,Pamela STEVENSON,4,1,2,0,1
Daviess,A105,U.S. House,2,Democratic,David S. HATFIELD,19,2,17,0,0
Daviess,A105,U.S. House,2,Democratic,Megan WINGFIELD,50,11,38,1,0
Daviess,A105,U.S. House,2,Democratic,Hank LINDERMAN,32,11,18,2,1
Daviess,A105,U.S. House,2,Democratic,William Dakota COMPTON,16,2,12,1,1
Daviess,A105,"District Judge, 6th Judicial District",1,,J. Nick PAYNE,60,6,53,1,0
Daviess,A105,"District Judge, 6th Judicial District",1,,William C. MATTINGLY,41,16,25,0,0
Daviess,A105,"District Judge, 6th Judicial District",1,,W. Russell DUTY,57,17,40,0,0
Daviess,A105,"District Judge, 6th Judicial District",1,,Lelah ROGERS,95,20,70,3,2
Daviess,A105,"District Judge, 6th Judicial District",1,,Under Votes,14,4,9,0,1
Daviess,A105,"District Judge, 6th Judicial District",1,,Over Votes,0,0,0,0,0
Daviess,A105,City Commissioners City OF Owensboro,,,Jeff SANFORD,103,33,68,2,0
Daviess,A105,City Commissioners City OF Owensboro,,,Steve JOHNSON,86,23,63,0,0
Daviess,A105,City Commissioners City OF Owensboro,,,Harley METCALF,64,10,53,0,1
Daviess,A105,City Commissioners City OF Owensboro,,,Bob GLENN,124,34,85,4,1
Daviess,A105,City Commissioners City OF Owensboro,,,Pamela L. SMITH-WRIGHT,117,33,80,2,2
Daviess,A105,City Commissioners City OF Owensboro,,,Tyler GOAD,54,11,42,0,1
Daviess,A105,City Commissioners City OF Owensboro,,,Sharon Gail NeSMITH,96,26,68,0,2
Daviess,A105,City Commissioners City OF Owensboro,,,Curtis MAGLINGER,107,31,73,2,1
Daviess,A105,City Commissioners City OF Owensboro,,,John Ross MARTIN,66,11,55,0,0
Daviess,A105,City Commissioners City OF Owensboro,,,Under Votes,247,40,197,6,4
Daviess,A105,City Commissioners City OF Owensboro,,,Over Votes,0,0,0,0,0
Daviess,A106,U.S. Senate,,Republican,Anissa CATLETT,2,1,1,0,0
Daviess,A106,U.S. Senate,,Republican,A. Nick SHELLEY,1,0,1,0,0
Daviess,A106,U.S. Senate,,Republican,"Valerie ""Dr Val"" FREDRICK",1,1,0,0,0
Daviess,A106,U.S. Senate,,Republican,Michael James FARIS,5,2,3,0,0
Daviess,A106,U.S. Senate,,Republican,Nate MORRIS,8,3,5,0,0
Daviess,A106,U.S. Senate,,Republican,Other Donald WENZEL,0,0,0,0,0
Daviess,A106,U.S. Senate,,Republican,Jonathan M. HOLLIDAY,0,0,0,0,0
Daviess,A106,U.S. Senate,,Republican,George WASHINGTON,1,0,1,0,0
Daviess,A106,U.S. Senate,,Republican,Andy BARR,73,15,58,0,0
Daviess,A106,U.S. Senate,,Republican,Daniel CAMERON,35,6,28,1,0
Daviess,A106,U.S. Senate,,Republican,Jimmy I. LEON,0,0,0,0,0
Daviess,A106,U.S. Senate,,Republican,James D. DUNCAN,1,0,1,0,0
Daviess,A106,U.S. Senate,,,Under Votes,8,1,7,0,0
Daviess,A106,U.S. Senate,,,Over Votes,1,0,1,0,0
Daviess,A106,Ballots Cast,,,,310,,,,
Daviess,A106,U.S. House,2,Republican,"G. ""Shay"" PERRY-ADELMANN",7,1,6,0,0
Daviess,A106,U.S. House,2,Republican,S. Brett GUTHRIE,100,24,76,0,0
Daviess,A106,U.S. House,2,Republican,Joshua M. FERGUSON,17,2,14,1,0
Daviess,A106,U.S. House,2,,Under Votes,16,1,15,0,0
Daviess,A106,U.S. House,2,,Over Votes,0,0,0,0,0
Daviess,A106,County Judge/Executive,,,Charlie CASTLEN,71,13,57,1,0
Daviess,A106,County Judge/Executive,,,Janie MARKSBERRY,54,14,40,0,0
Daviess,A106,County Judge/Executive,,,Under Votes,9,1,8,0,0
Daviess,A106,County Judge/Executive,,,Over Votes,0,0,0,0,0
Daviess,A106,County Clerk,,,Matt GALLOWAY,53,8,44,1,0
Daviess,A106,County Clerk,,,Leslie A. McCARTY,74,19,55,0,0
Daviess,A106,County Clerk,,,Under Votes,7,1,6,0,0
Daviess,A106,County Clerk,,,Over Votes,0,0,0,0,0
Daviess,A106,County Commissioner Central District,,,Robert MORRIS,47,15,32,0,0
Daviess,A106,County Commissioner Central District,,,Larry CONDER,69,10,58,1,0
Daviess,A106,County Commissioner Central District,,,Under Votes,18,3,15,0,0
Daviess,A106,County Commissioner Central District,,,Over Votes,0,0,0,0,0
Daviess,A106,County Commissioner East District,,,Steven SHAKE,39,9,30,0,0
Daviess,A106,County Commissioner East District,,,Joe HAGAN,37,8,28,1,0
Daviess,A106,County Commissioner East District,,,Shane COX,39,9,30,0,0
Daviess,A106,County Commissioner East District,,,Under Votes,19,2,17,0,0
Daviess,A106,County Commissioner East District,,,Over Votes,0,0,0,0,0
Daviess,A106,County Commissioner West District,,,Christopher T. CASTLEN,74,15,58,1,0
Daviess,A106,County Commissioner West District,,,Dustin WARREN,41,10,31,0,0
Daviess,A106,County Commissioner West District,,,Under Votes,19,3,16,0,0
Daviess,A106,County Commissioner West District,,,Over Votes,0,0,0,0,0
Daviess,A106,Constable,,,Scotty SMITH,63,15,47,1,0
Daviess,A106,Constable,,,Kris D. CRAWFORD,47,9,38,0,0
Daviess,A106,Constable,,,Under Votes,24,4,20,0,0
Daviess,A106,Constable,,,Over Votes,0,0,0,0,0
Daviess,A106,U.S. Senate,,Democratic,Logan FORSYTHE,8,3,5,0,0
Daviess,A106,U.S. Senate,,Democratic,Amy McGRATH,75,17,54,3,1
Daviess,A106,U.S. Senate,,Democratic,Dale Lewis ROMANS,2,0,2,0,0
Daviess,A106,U.S. Senate,,Democratic,Joshua BLANTON SR.,3,0,3,0,0
Daviess,A106,U.S. Senate,,Democratic,Vincent Anthony THOMPSON,5,1,4,0,0
Daviess,A106,U.S. Senate,,Democratic,Charles BOOKER,70,17,51,1,1
Daviess,A106,U.S. Senate,,Democratic,Pamela STEVENSON,4,1,3,0,0
Daviess,A106,U.S. House,2,Democratic,David S. HATFIELD,34,7,27,0,0
Daviess,A106,U.S. House,2,Democratic,Megan WINGFIELD,81,17,61,2,1
Daviess,A106,U.S. House,2,Democratic,Hank LINDERMAN,30,10,18,1,1
Daviess,A106,U.S. House,2,Democratic,William Dakota COMPTON,18,6,11,1,0
Daviess,A106,"District Judge, 6th Judicial District",1,,J. Nick PAYNE,83,13,67,1,2
Daviess,A106,"District Judge, 6th Judicial District",1,,William C. MATTINGLY,51,14,37,0,0
Daviess,A106,"District Judge, 6th Judicial District",1,,W. Russell DUTY,48,16,29,3,0
Daviess,A106,"District Judge, 6th Judicial District",1,,Lelah ROGERS,107,22,84,1,0
Daviess,A106,"District Judge, 6th Judicial District",1,,Under Votes,21,3,18,0,0
Daviess,A106,"District Judge, 6th Judicial District",1,,Over Votes,0,0,0,0,0
Daviess,A106,City Commissioners City OF Owensboro,,,Jeff SANFORD,121,27,91,3,0
Daviess,A106,City Commissioners City OF Owensboro,,,Steve JOHNSON,105,25,75,3,2
Daviess,A106,City Commissioners City OF Owensboro,,,Harley METCALF,55,11,43,1,0
Daviess,A106,City Commissioners City OF Owensboro,,,Bob GLENN,128,38,86,3,1
Daviess,A106,City Commissioners City OF Owensboro,,,Pamela L. SMITH-WRIGHT,131,35,94,0,2
Daviess,A106,City Commissioners City OF Owensboro,,,Tyler GOAD,69,16,52,1,0
Daviess,A106,City Commissioners City OF Owensboro,,,Sharon Gail NeSMITH,112,33,75,3,1
Daviess,A106,City Commissioners City OF Owensboro,,,Curtis MAGLINGER,103,21,81,1,0
Daviess,A106,City Commissioners City OF Owensboro,,,John Ross MARTIN,68,14,53,1,0
Daviess,A106,City Commissioners City OF Owensboro,,,Under Votes,348,52,290,4,2
Daviess,A106,City Commissioners City OF Owensboro,,,Over Votes,0,0,0,0,0
Daviess,A107,U.S. Senate,,Republican,Anissa CATLETT,0,0,0,0,0
Daviess,A107,U.S. Senate,,Republican,A. Nick SHELLEY,0,0,0,0,0
Daviess,A107,U.S. Senate,,Republican,"Valerie ""Dr Val"" FREDRICK",0,0,0,0,0
Daviess,A107,U.S. Senate,,Republican,Michael James FARIS,0,0,0,0,0
Daviess,A107,U.S. Senate,,Republican,Nate MORRIS,0,0,0,0,0
Daviess,A107,U.S. Senate,,Republican,Other Donald WENZEL,0,0,0,0,0
Daviess,A107,U.S. Senate,,Republican,Jonathan M. HOLLIDAY,0,0,0,0,0
Daviess,A107,U.S. Senate,,Republican,George WASHINGTON,0,0,0,0,0
Daviess,A107,U.S. Senate,,Republican,Andy BARR,5,1,4,0,0
Daviess,A107,U.S. Senate,,Republican,Daniel CAMERON,1,0,1,0,0
Daviess,A107,U.S. Senate,,Republican,Jimmy I. LEON,1,0,1,0,0
Daviess,A107,U.S. Senate,,Republican,James D. DUNCAN,0,0,0,0,0
Daviess,A107,U.S. Senate,,,Under Votes,2,1,1,0,0
Daviess,A107,U.S. Senate,,,Over Votes,1,0,1,0,0
Daviess,A107,Ballots Cast,,,,52,,,,
Daviess,A107,U.S. House,2,Republican,"G. ""Shay"" PERRY-ADELMANN",0,0,0,0,0
Daviess,A107,U.S. House,2,Republican,S. Brett GUTHRIE,7,1,6,0,0
Daviess,A107,U.S. House,2,Republican,Joshua M. FERGUSON,0,0,0,0,0
Daviess,A107,U.S. House,2,,Under Votes,6,3,3,0,0
Daviess,A107,U.S. House,2,,Over Votes,0,0,0,0,0
Daviess,A107,County Judge/Executive,,,Charlie CASTLEN,4,1,3,0,0
Daviess,A107,County Judge/Executive,,,Janie MARKSBERRY,3,0,3,0,0
Daviess,A107,County Judge/Executive,,,Under Votes,0,0,0,0,0
Daviess,A107,County Judge/Executive,,,Over Votes,0,0,0,0,0
Daviess,A107,County Clerk,,,Matt GALLOWAY,2,0,2,0,0
Daviess,A107,County Clerk,,,Leslie A. McCARTY,4,1,3,0,0
Daviess,A107,County Clerk,,,Under Votes,1,0,1,0,0
Daviess,A107,County Clerk,,,Over Votes,0,0,0,0,0
Daviess,A107,County Commissioner Central District,,,Robert MORRIS,2,0,2,0,0
Daviess,A107,County Commissioner Central District,,,Larry CONDER,4,1,3,0,0
Daviess,A107,County Commissioner Central District,,,Under Votes,1,0,1,0,0
Daviess,A107,County Commissioner Central District,,,Over Votes,0,0,0,0,0
Daviess,A107,County Commissioner East District,,,Steven SHAKE,1,0,1,0,0
Daviess,A107,County Commissioner East District,,,Joe HAGAN,4,1,3,0,0
Daviess,A107,County Commissioner East District,,,Shane COX,1,0,1,0,0
Daviess,A107,County Commissioner East District,,,Under Votes,1,0,1,0,0
Daviess,A107,County Commissioner East District,,,Over Votes,0,0,0,0,0
Daviess,A107,County Commissioner West District,,,Christopher T. CASTLEN,5,1,4,0,0
Daviess,A107,County Commissioner West District,,,Dustin WARREN,1,0,1,0,0
Daviess,A107,County Commissioner West District,,,Under Votes,1,0,1,0,0
Daviess,A107,County Commissioner West District,,,Over Votes,0,0,0,0,0
Daviess,A107,Constable,,,Scotty SMITH,3,0,3,0,0
Daviess,A107,Constable,,,Kris D. CRAWFORD,3,1,2,0,0
Daviess,A107,Constable,,,Under Votes,1,0,1,0,0
Daviess,A107,Constable,,,Over Votes,0,0,0,0,0
Daviess,A107,U.S. Senate,,Democratic,Logan FORSYTHE,0,0,0,0,0
Daviess,A107,U.S. Senate,,Democratic,Amy McGRATH,11,5,6,0,0
Daviess,A107,U.S. Senate,,Democratic,Dale Lewis ROMANS,1,0,1,0,0
Daviess,A107,U.S. Senate,,Democratic,Joshua BLANTON SR.,0,0,0,0,0
Daviess,A107,U.S. Senate,,Democratic,Vincent Anthony THOMPSON,1,0,1,0,0
Daviess,A107,U.S. Senate,,Democratic,Charles BOOKER,22,6,16,0,0
Daviess,A107,U.S. Senate,,Democratic,Pamela STEVENSON,3,3,0,0,0
Daviess,A107,U.S. House,2,Democratic,David S. HATFIELD,3,1,2,0,0
Daviess,A107,U.S. House,2,Democratic,Megan WINGFIELD,23,8,15,0,0
Daviess,A107,U.S. House,2,Democratic,Hank LINDERMAN,5,2,3,0,0
Daviess,A107,U.S. House,2,Democratic,William Dakota COMPTON,4,1,3,0,0
Daviess,A107,"District Judge, 6th Judicial District",1,,J. Nick PAYNE,13,2,11,0,0
Daviess,A107,"District Judge, 6th Judicial District",1,,William C. MATTINGLY,10,4,6,0,0
Daviess,A107,"District Judge, 6th Judicial District",1,,W. Russell DUTY,6,2,4,0,0
Daviess,A107,"District Judge, 6th Judicial District",1,,Lelah ROGERS,18,7,11,0,0
Daviess,A107,"District Judge, 6th Judicial District",1,,Under Votes,5,2,3,0,0
Daviess,A107,"District Judge, 6th Judicial District",1,,Over Votes,0,0,0,0,0
Daviess,A107,City Commissioners City OF Owensboro,,,Jeff SANFORD,17,6,11,0,0
Daviess,A107,City Commissioners City OF Owensboro,,,Steve JOHNSON,12,4,8,0,0
Daviess,A107,City Commissioners City OF Owensboro,,,Harley METCALF,9,4,5,0,0
Daviess,A107,City Commissioners City OF Owensboro,,,Bob GLENN,29,9,20,0,0
Daviess,A107,City Commissioners City OF Owensboro,,,Pamela L. SMITH-WRIGHT,37,14,23,0,0
Daviess,A107,City Commissioners City OF Owensboro,,,Tyler GOAD,5,2,3,0,0
Daviess,A107,City Commissioners City OF Owensboro,,,Sharon Gail NeSMITH,16,6,10,0,0
Daviess,A107,City Commissioners City OF Owensboro,,,Curtis MAGLINGER,12,5,7,0,0
Daviess,A107,City Commissioners City OF Owensboro,,,John Ross MARTIN,9,4,5,0,0
Daviess,A107,City Commissioners City OF Owensboro,,,Under Votes,62,14,48,0,0
Daviess,A107,City Commissioners City OF Owensboro,,,Over Votes,0,0,0,0,0
Daviess,A108,U.S. Senate,,Republican,Anissa CATLETT,1,1,0,0,0
Daviess,A108,U.S. Senate,,Republican,A. Nick SHELLEY,0,0,0,0,0
Daviess,A108,U.S. Senate,,Republican,"Valerie ""Dr Val"" FREDRICK",2,1,1,0,0
Daviess,A108,U.S. Senate,,Republican,Michael James FARIS,10,2,6,2,0
Daviess,A108,U.S. Senate,,Republican,Nate MORRIS,7,1,6,0,0
Daviess,A108,U.S. Senate,,Republican,Other Donald WENZEL,3,1,2,0,0
Daviess,A108,U.S. Senate,,Republican,Jonathan M. HOLLIDAY,2,1,1,0,0
Daviess,A108,U.S. Senate,,Republican,George WASHINGTON,0,0,0,0,0
Daviess,A108,U.S. Senate,,Republican,Andy BARR,110,20,90,0,0
Daviess,A108,U.S. Senate,,Republican,Daniel CAMERON,81,15,64,0,2
Daviess,A108,U.S. Senate,,Republican,Jimmy I. LEON,0,0,0,0,0
Daviess,A108,U.S. Senate,,Republican,James D. DUNCAN,0,0,0,0,0
Daviess,A108,U.S. Senate,,,Under Votes,20,4,16,0,0
Daviess,A108,U.S. Senate,,,Over Votes,2,0,2,0,0
Daviess,A108,Ballots Cast,,,,500,,,,
Daviess,A108,U.S. House,2,Republican,"G. ""Shay"" PERRY-ADELMANN",13,3,10,0,0
Daviess,A108,U.S. House,2,Republican,S. Brett GUTHRIE,185,33,148,2,2
Daviess,A108,U.S. House,2,Republican,Joshua M. FERGUSON,12,2,10,0,0
Daviess,A108,U.S. House,2,,Under Votes,61,17,43,1,0
Daviess,A108,U.S. House,2,,Over Votes,0,0,0,0,0
Daviess,A108,County Judge/Executive,,,Charlie CASTLEN,161,34,123,2,2
Daviess,A108,County Judge/Executive,,,Janie MARKSBERRY,56,9,47,0,0
Daviess,A108,County Judge/Executive,,,Under Votes,11,2,9,0,0
Daviess,A108,County Judge/Executive,,,Over Votes,0,0,0,0,0
Daviess,A108,County Clerk,,,Matt GALLOWAY,105,13,89,2,1
Daviess,A108,County Clerk,,,Leslie A. McCARTY,114,30,83,0,1
Daviess,A108,County Clerk,,,Under Votes,9,2,7,0,0
Daviess,A108,County Clerk,,,Over Votes,0,0,0,0,0
Daviess,A108,County Commissioner Central District,,,Robert MORRIS,91,11,78,2,0
Daviess,A108,County Commissioner Central District,,,Larry CONDER,122,33,87,0,2
Daviess,A108,County Commissioner Central District,,,Under Votes,15,1,14,0,0
Daviess,A108,County Commissioner Central District,,,Over Votes,0,0,0,0,0
Daviess,A108,County Commissioner East District,,,Steven SHAKE,52,9,43,0,0
Daviess,A108,County Commissioner East District,,,Joe HAGAN,75,19,54,2,0
Daviess,A108,County Commissioner East District,,,Shane COX,71,7,63,0,1
Daviess,A108,County Commissioner East District,,,Under Votes,30,10,19,0,1
Daviess,A108,County Commissioner East District,,,Over Votes,0,0,0,0,0
Daviess,A108,County Commissioner West District,,,Christopher T. CASTLEN,153,29,120,2,2
Daviess,A108,County Commissioner West District,,,Dustin WARREN,56,13,43,0,0
Daviess,A108,County Commissioner West District,,,Under Votes,19,3,16,0,0
Daviess,A108,County Commissioner West District,,,Over Votes,0,0,0,0,0
Daviess,A108,Constable,,,Scotty SMITH,76,18,56,2,0
Daviess,A108,Constable,,,Kris D. CRAWFORD,93,15,77,0,1
Daviess,A108,Constable,,,Under Votes,59,12,46,0,1
Daviess,A108,Constable,,,Over Votes,0,0,0,0,0
Daviess,A108,U.S. Senate,,Democratic,Logan FORSYTHE,4,1,3,0,0
Daviess,A108,U.S. Senate,,Democratic,Amy McGRATH,105,24,73,8,0
Daviess,A108,U.S. Senate,,Democratic,Dale Lewis ROMANS,5,1,4,0,0
Daviess,A108,U.S. Senate,,Democratic,Joshua BLANTON SR.,7,1,6,0,0
Daviess,A108,U.S. Senate,,Democratic,Vincent Anthony THOMPSON,6,1,5,0,0
Daviess,A108,U.S. Senate,,Democratic,Charles BOOKER,112,26,82,4,0
Daviess,A108,U.S. Senate,,Democratic,Pamela STEVENSON,9,1,8,0,0
Daviess,A108,U.S. House,2,Democratic,David S. HATFIELD,35,4,24,7,0
Daviess,A108,U.S. House,2,Democratic,Megan WINGFIELD,72,14,56,2,0
Daviess,A108,U.S. House,2,Democratic,Hank LINDERMAN,76,23,51,2,0
Daviess,A108,U.S. House,2,Democratic,William Dakota COMPTON,32,5,27,0,0
Daviess,A108,"District Judge, 6th Judicial District",1,,J. Nick PAYNE,135,28,106,0,1
Daviess,A108,"District Judge, 6th Judicial District",1,,William C. MATTINGLY,75,18,52,5,0
Daviess,A108,"District Judge, 6th Judicial District",1,,W. Russell DUTY,109,21,84,3,1
Daviess,A108,"District Judge, 6th Judicial District",1,,Lelah ROGERS,143,28,109,6,0
Daviess,A108,"District Judge, 6th Judicial District",1,,Under Votes,38,10,27,1,0
Daviess,A108,"District Judge, 6th Judicial District",1,,Over Votes,0,0,0,0,0
Daviess,A108,City Commissioners City OF Owensboro,,,Jeff SANFORD,196,48,143,5,0
Daviess,A108,City Commissioners City OF Owensboro,,,Steve JOHNSON,172,43,125,2,2
Daviess,A108,City Commissioners City OF Owensboro,,,Harley METCALF,80,15,64,1,0
Daviess,A108,City Commissioners City OF Owensboro,,,Bob GLENN,213,48,154,9,2
Daviess,A108,City Commissioners City OF Owensboro,,,Pamela L. SMITH-WRIGHT,235,57,166,12,0
Daviess,A108,City Commissioners City OF Owensboro,,,Tyler GOAD,138,29,107,2,0
Daviess,A108,City Commissioners City OF Owensboro,,,Sharon Gail NeSMITH,180,41,132,7,0
Daviess,A108,City Commissioners City OF Owensboro,,,Curtis MAGLINGER,190,41,145,4,0
Daviess,A108,City Commissioners City OF Owensboro,,,John Ross MARTIN,94,22,71,1,0
Daviess,A108,City Commissioners City OF Owensboro,,,Under Votes,450,76,353,17,4
Daviess,A108,City Commissioners City OF Owensboro,,,Over Votes,0,0,0,0,0
Daviess,A109,U.S. Senate,,Republican,Anissa CATLETT,0,0,0,0,0
Daviess,A109,U.S. Senate,,Republican,A. Nick SHELLEY,0,0,0,0,0
Daviess,A109,U.S. Senate,,Republican,"Valerie ""Dr Val"" FREDRICK",2,1,1,0,0
Daviess,A109,U.S. Senate,,Republican,Michael James FARIS,0,0,0,0,0
Daviess,A109,U.S. Senate,,Republican,Nate MORRIS,0,0,0,0,0
Daviess,A109,U.S. Senate,,Republican,Other Donald WENZEL,0,0,0,0,0
Daviess,A109,U.S. Senate,,Republican,Jonathan M. HOLLIDAY,0,0,0,0,0
Daviess,A109,U.S. Senate,,Republican,George WASHINGTON,0,0,0,0,0
Daviess,A109,U.S. Senate,,Republican,Andy BARR,19,2,16,0,1
Daviess,A109,U.S. Senate,,Republican,Daniel CAMERON,10,1,7,2,0
Daviess,A109,U.S. Senate,,Republican,Jimmy I. LEON,0,0,0,0,0
Daviess,A109,U.S. Senate,,Republican,James D. DUNCAN,0,0,0,0,0
Daviess,A109,U.S. Senate,,,Under Votes,0,0,0,0,0
Daviess,A109,U.S. Senate,,,Over Votes,0,0,0,0,0
Daviess,A109,Ballots Cast,,,,75,,,,
Daviess,A109,U.S. House,2,Republican,"G. ""Shay"" PERRY-ADELMANN",0,0,0,0,0
Daviess,A109,U.S. House,2,Republican,S. Brett GUTHRIE,26,3,20,2,1
Daviess,A109,U.S. House,2,Republican,Joshua M. FERGUSON,4,1,3,0,0
Daviess,A109,U.S. House,2,,Under Votes,5,1,4,0,0
Daviess,A109,U.S. House,2,,Over Votes,0,0,0,0,0
Daviess,A109,County Judge/Executive,,,Charlie CASTLEN,16,1,13,1,1
Daviess,A109,County Judge/Executive,,,Janie MARKSBERRY,13,2,10,1,0
Daviess,A109,County Judge/Executive,,,Under Votes,2,1,1,0,0
Daviess,A109,County Judge/Executive,,,Over Votes,0,0,0,0,0
Daviess,A109,County Clerk,,,Matt GALLOWAY,7,0,7,0,0
Daviess,A109,County Clerk,,,Leslie A. McCARTY,24,4,17,2,1
Daviess,A109,County Clerk,,,Under Votes,0,0,0,0,0
Daviess,A109,County Clerk,,,Over Votes,0,0,0,0,0
Daviess,A109,County Commissioner Central District,,,Robert MORRIS,9,0,8,0,1
Daviess,A109,County Commissioner Central District,,,Larry CONDER,20,4,14,2,0
Daviess,A109,County Commissioner Central District,,,Under Votes,2,0,2,0,0
Daviess,A109,County Commissioner Central District,,,Over Votes,0,0,0,0,0
Daviess,A109,County Commissioner East District,,,Steven SHAKE,8,0,7,0,1
Daviess,A109,County Commissioner East District,,,Joe HAGAN,14,4,10,0,0
Daviess,A109,County Commissioner East District,,,Shane COX,9,0,7,2,0
Daviess,A109,County Commissioner East District,,,Under Votes,0,0,0,0,0
Daviess,A109,County Commissioner East District,,,Over Votes,0,0,0,0,0
Daviess,A109,County Commissioner West District,,,Christopher T. CASTLEN,20,3,14,2,1
Daviess,A109,County Commissioner West District,,,Dustin WARREN,9,1,8,0,0
Daviess,A109,County Commissioner West District,,,Under Votes,2,0,2,0,0
Daviess,A109,County Commissioner West District,,,Over Votes,0,0,0,0,0
Daviess,A109,Constable,,,Scotty SMITH,13,2,11,0,0
Daviess,A109,Constable,,,Kris D. CRAWFORD,14,1,10,2,1
Daviess,A109,Constable,,,Under Votes,4,1,3,0,0
Daviess,A109,Constable,,,Over Votes,0,0,0,0,0
Daviess,A109,U.S. Senate,,Democratic,Logan FORSYTHE,0,0,0,0,0
Daviess,A109,U.S. Senate,,Democratic,Amy McGRATH,20,4,15,1,0
Daviess,A109,U.S. Senate,,Democratic,Dale Lewis ROMANS,1,0,1,0,0
Daviess,A109,U.S. Senate,,Democratic,Joshua BLANTON SR.,1,0,1,0,0
Daviess,A109,U.S. Senate,,Democratic,Vincent Anthony THOMPSON,2,0,2,0,0
Daviess,A109,U.S. Senate,,Democratic,Charles BOOKER,13,3,10,0,0
Daviess,A109,U.S. Senate,,Democratic,Pamela STEVENSON,2,0,2,0,0
Daviess,A109,U.S. House,2,Democratic,David S. HATFIELD,12,2,9,1,0
Daviess,A109,U.S. House,2,Democratic,Megan WINGFIELD,13,2,11,0,0
Daviess,A109,U.S. House,2,Democratic,Hank LINDERMAN,5,2,3,0,0
Daviess,A109,U.S. House,2,Democratic,William Dakota COMPTON,5,0,5,0,0
Daviess,A109,"District Judge, 6th Judicial District",1,,J. Nick PAYNE,20,3,15,2,0
Daviess,A109,"District Judge, 6th Judicial District",1,,William C. MATTINGLY,17,4,12,1,0
Daviess,A109,"District Judge, 6th Judicial District",1,,W. Russell DUTY,13,1,11,0,1
Daviess,A109,"District Judge, 6th Judicial District",1,,Lelah ROGERS,21,2,19,0,0
Daviess,A109,"District Judge, 6th Judicial District",1,,Under Votes,4,1,3,0,0
Daviess,A109,"District Judge, 6th Judicial District",1,,Over Votes,0,0,0,0,0
Daviess,A109,City Commissioners City OF Owensboro,,,Jeff SANFORD,32,4,25,2,1
Daviess,A109,City Commissioners City OF Owensboro,,,Steve JOHNSON,22,3,18,1,0
Daviess,A109,City Commissioners City OF Owensboro,,,Harley METCALF,15,1,13,1,0
Daviess,A109,City Commissioners City OF Owensboro,,,Bob GLENN,28,1,24,3,0
Daviess,A109,City Commissioners City OF Owensboro,,,Pamela L. SMITH-WRIGHT,31,3,26,2,0
Daviess,A109,City Commissioners City OF Owensboro,,,Tyler GOAD,15,2,12,0,1
Daviess,A109,City Commissioners City OF Owensboro,,,Sharon Gail NeSMITH,30,2,25,2,1
Daviess,A109,City Commissioners City OF Owensboro,,,Curtis MAGLINGER,32,5,25,1,1
Daviess,A109,City Commissioners City OF Owensboro,,,John Ross MARTIN,14,2,12,0,0
Daviess,A109,City Commissioners City OF Owensboro,,,Under Votes,81,21,60,0,0
Daviess,A109,City Commissioners City OF Owensboro,,,Over Votes,0,0,0,0,0
Daviess,A110,U.S. Senate,,Republican,Anissa CATLETT,2,0,2,0,0
Daviess,A110,U.S. Senate,,Republican,A. Nick SHELLEY,0,0,0,0,0
Daviess,A110,U.S. Senate,,Republican,"Valerie ""Dr Val"" FREDRICK",1,0,1,0,0
Daviess,A110,U.S. Senate,,Republican,Michael James FARIS,1,0,1,0,0
Daviess,A110,U.S. Senate,,Republican,Nate MORRIS,6,2,4,0,0
Daviess,A110,U.S. Senate,,Republican,Other Donald WENZEL,0,0,0,0,0
Daviess,A110,U.S. Senate,,Republican,Jonathan M. HOLLIDAY,0,0,0,0,0
Daviess,A110,U.S. Senate,,Republican,George WASHINGTON,1,0,1,0,0
Daviess,A110,U.S. Senate,,Republican,Andy BARR,77,18,55,3,1
Daviess,A110,U.S. Senate,,Republican,Daniel CAMERON,46,13,31,0,2
Daviess,A110,U.S. Senate,,Republican,Jimmy I. LEON,1,0,0,1,0
Daviess,A110,U.S. Senate,,Republican,James D. DUNCAN,3,1,2,0,0
Daviess,A110,U.S. Senate,,,Under Votes,12,0,12,0,0
Daviess,A110,U.S. Senate,,,Over Votes,1,0,1,0,0
Daviess,A110,Ballots Cast,,,,283,,,,
Daviess,A110,U.S. House,2,Republican,"G. ""Shay"" PERRY-ADELMANN",9,2,6,1,0
Daviess,A110,U.S. House,2,Republican,S. Brett GUTHRIE,118,30,82,3,3
Daviess,A110,U.S. House,2,Republican,Joshua M. FERGUSON,8,2,6,0,0
Daviess,A110,U.S. House,2,,Under Votes,27,3,22,2,0
Daviess,A110,U.S. House,2,,Over Votes,0,0,0,0,0
Daviess,A110,County Judge/Executive,,,Charlie CASTLEN,74,19,50,3,2
Daviess,A110,County Judge/Executive,,,Janie MARKSBERRY,63,15,46,1,1
Daviess,A110,County Judge/Executive,,,Under Votes,2,0,2,0,0
Daviess,A110,County Judge/Executive,,,Over Votes,0,0,0,0,0
Daviess,A110,County Clerk,,,Matt GALLOWAY,42,11,30,0,1
Daviess,A110,County Clerk,,,Leslie A. McCARTY,90,22,62,4,2
Daviess,A110,County Clerk,,,Under Votes,7,1,6,0,0
Daviess,A110,County Clerk,,,Over Votes,0,0,0,0,0
Daviess,A110,County Commissioner Central District,,,Robert MORRIS,49,11,36,0,2
Daviess,A110,County Commissioner Central District,,,Larry CONDER,80,22,54,3,1
Daviess,A110,County Commissioner Central District,,,Under Votes,10,1,8,1,0
Daviess,A110,County Commissioner Central District,,,Over Votes,0,0,0,0,0
Daviess,A110,County Commissioner East District,,,Steven SHAKE,38,9,27,2,0
Daviess,A110,County Commissioner East District,,,Joe HAGAN,40,13,26,0,1
Daviess,A110,County Commissioner East District,,,Shane COX,43,10,31,1,1
Daviess,A110,County Commissioner East District,,,Under Votes,18,2,14,1,1
Daviess,A110,County Commissioner East District,,,Over Votes,0,0,0,0,0
Daviess,A110,County Commissioner West District,,,Christopher T. CASTLEN,79,23,53,1,2
Daviess,A110,County Commissioner West District,,,Dustin WARREN,48,11,35,1,1
Daviess,A110,County Commissioner West District,,,Under Votes,12,0,10,2,0
Daviess,A110,County Commissioner West District,,,Over Votes,0,0,0,0,0
Daviess,A110,Constable,,,Scotty SMITH,53,11,40,1,1
Daviess,A110,Constable,,,Kris D. CRAWFORD,61,18,41,1,1
Daviess,A110,Constable,,,Under Votes,24,5,16,2,1
Daviess,A110,Constable,,,Over Votes,1,0,1,0,0
Daviess,A110,U.S. Senate,,Democratic,Logan FORSYTHE,7,0,5,2,0
Daviess,A110,U.S. Senate,,Democratic,Amy McGRATH,65,14,39,10,2
Daviess,A110,U.S. Senate,,Democratic,Dale Lewis ROMANS,1,1,0,0,0
Daviess,A110,U.S. Senate,,Democratic,Joshua BLANTON SR.,0,0,0,0,0
Daviess,A110,U.S. Senate,,Democratic,Vincent Anthony THOMPSON,2,0,1,1,0
Daviess,A110,U.S. Senate,,Democratic,Charles BOOKER,45,7,32,5,1
Daviess,A110,U.S. Senate,,Democratic,Pamela STEVENSON,8,0,7,1,0
Daviess,A110,U.S. House,2,Democratic,David S. HATFIELD,20,5,10,5,0
Daviess,A110,U.S. House,2,Democratic,Megan WINGFIELD,49,9,34,4,2
Daviess,A110,U.S. House,2,Democratic,Hank LINDERMAN,30,4,18,7,1
Daviess,A110,U.S. House,2,Democratic,William Dakota COMPTON,18,1,16,1,0
Daviess,A110,"District Judge, 6th Judicial District",1,,J. Nick PAYNE,85,11,64,8,2
Daviess,A110,"District Judge, 6th Judicial District",1,,William C. MATTINGLY,36,12,20,3,1
Daviess,A110,"District Judge, 6th Judicial District",1,,W. Russell DUTY,46,9,33,3,1
Daviess,A110,"District Judge, 6th Judicial District",1,,Lelah ROGERS,94,23,62,7,2
Daviess,A110,"District Judge, 6th Judicial District",1,,Under Votes,21,4,15,2,0
Daviess,A110,"District Judge, 6th Judicial District",1,,Over Votes,1,0,1,0,0
Daviess,A110,City Commissioners City OF Owensboro,,,Jeff SANFORD,127,27,87,10,3
Daviess,A110,City Commissioners City OF Owensboro,,,Steve JOHNSON,97,25,64,4,4
Daviess,A110,City Commissioners City OF Owensboro,,,Harley METCALF,47,10,30,6,1
Daviess,A110,City Commissioners City OF Owensboro,,,Bob GLENN,118,28,75,12,3
Daviess,A110,City Commissioners City OF Owensboro,,,Pamela L. SMITH-WRIGHT,128,27,85,13,3
Daviess,A110,City Commissioners City OF Owensboro,,,Tyler GOAD,73,21,49,2,1
Daviess,A110,City Commissioners City OF Owensboro,,,Sharon Gail NeSMITH,114,29,68,15,2
Daviess,A110,City Commissioners City OF Owensboro,,,Curtis MAGLINGER,129,25,89,12,3
Daviess,A110,City Commissioners City OF Owensboro,,,John Ross MARTIN,56,9,43,2,2
Daviess,A110,City Commissioners City OF Owensboro,,,Under Votes,243,35,190,16,2
Daviess,A110,City Commissioners City OF Owensboro,,,Over Votes,0,0,0,0,0
Daviess,A111,U.S. Senate,,Republican,Anissa CATLETT,0,0,0,0,0
Daviess,A111,U.S. Senate,,Republican,A. Nick SHELLEY,1,1,0,0,0
Daviess,A111,U.S. Senate,,Republican,"Valerie ""Dr Val"" FREDRICK",1,1,0,0,0
Daviess,A111,U.S. Senate,,Republican,Michael James FARIS,1,0,1,0,0
Daviess,A111,U.S. Senate,,Republican,Nate MORRIS,6,1,5,0,0
Daviess,A111,U.S. Senate,,Republican,Other Donald WENZEL,0,0,0,0,0
Daviess,A111,U.S. Senate,,Republican,Jonathan M. HOLLIDAY,0,0,0,0,0
Daviess,A111,U.S. Senate,,Republican,George WASHINGTON,1,1,0,0,0
Daviess,A111,U.S. Senate,,Republican,Andy BARR,48,13,35,0,0
Daviess,A111,U.S. Senate,,Republican,Daniel CAMERON,48,7,40,0,1
Daviess,A111,U.S. Senate,,Republican,Jimmy I. LEON,1,0,1,0,0
Daviess,A111,U.S. Senate,,Republican,James D. DUNCAN,4,2,2,0,0
Daviess,A111,U.S. Senate,,,Under Votes,3,0,3,0,0
Daviess,A111,U.S. Senate,,,Over Votes,0,0,0,0,0
Daviess,A111,Ballots Cast,,,,279,,,,
Daviess,A111,U.S. House,2,Republican,"G. ""Shay"" PERRY-ADELMANN",9,4,5,0,0
Daviess,A111,U.S. House,2,Republican,S. Brett GUTHRIE,78,18,60,0,0
Daviess,A111,U.S. House,2,Republican,Joshua M. FERGUSON,17,3,13,0,1
Daviess,A111,U.S. House,2,,Under Votes,27,5,21,1,0
Daviess,A111,U.S. House,2,,Over Votes,0,0,0,0,0
Daviess,A111,County Judge/Executive,,,Charlie CASTLEN,62,12,50,0,0
Daviess,A111,County Judge/Executive,,,Janie MARKSBERRY,45,14,30,0,1
Daviess,A111,County Judge/Executive,,,Under Votes,6,0,6,0,0
Daviess,A111,County Judge/Executive,,,Over Votes,0,0,0,0,0
Daviess,A111,County Clerk,,,Matt GALLOWAY,44,11,33,0,0
Daviess,A111,County Clerk,,,Leslie A. McCARTY,62,14,47,0,1
Daviess,A111,County Clerk,,,Under Votes,7,1,6,0,0
Daviess,A111,County Clerk,,,Over Votes,0,0,0,0,0
Daviess,A111,County Commissioner Central District,,,Robert MORRIS,58,12,46,0,0
Daviess,A111,County Commissioner Central District,,,Larry CONDER,41,12,28,0,1
Daviess,A111,County Commissioner Central District,,,Under Votes,14,2,12,0,0
Daviess,A111,County Commissioner Central District,,,Over Votes,0,0,0,0,0
Daviess,A111,County Commissioner East District,,,Steven SHAKE,27,10,16,0,1
Daviess,A111,County Commissioner East District,,,Joe HAGAN,47,7,40,0,0
Daviess,A111,County Commissioner East District,,,Shane COX,25,6,19,0,0
Daviess,A111,County Commissioner East District,,,Under Votes,14,3,11,0,0
Daviess,A111,County Commissioner East District,,,Over Votes,0,0,0,0,0
Daviess,A111,County Commissioner West District,,,Christopher T. CASTLEN,52,9,42,0,1
Daviess,A111,County Commissioner West District,,,Dustin WARREN,48,15,33,0,0
Daviess,A111,County Commissioner West District,,,Under Votes,13,2,11,0,0
Daviess,A111,County Commissioner West District,,,Over Votes,0,0,0,0,0
Daviess,A111,Constable,,,Scotty SMITH,44,10,33,0,1
Daviess,A111,Constable,,,Kris D. CRAWFORD,49,12,37,0,0
Daviess,A111,Constable,,,Under Votes,20,4,16,0,0
Daviess,A111,Constable,,,Over Votes,0,0,0,0,0
Daviess,A111,U.S. Senate,,Democratic,Logan FORSYTHE,3,1,2,0,0
Daviess,A111,U.S. Senate,,Democratic,Amy McGRATH,66,20,41,4,1
Daviess,A111,U.S. Senate,,Democratic,Dale Lewis ROMANS,4,1,3,0,0
Daviess,A111,U.S. Senate,,Democratic,Joshua BLANTON SR.,0,0,0,0,0
Daviess,A111,U.S. Senate,,Democratic,Vincent Anthony THOMPSON,4,0,4,0,0
Daviess,A111,U.S. Senate,,Democratic,Charles BOOKER,68,12,52,4,0
Daviess,A111,U.S. Senate,,Democratic,Pamela STEVENSON,6,1,5,0,0
Daviess,A111,U.S. House,2,Democratic,David S. HATFIELD,24,6,18,0,0
Daviess,A111,U.S. House,2,Democratic,Megan WINGFIELD,60,12,43,5,0
Daviess,A111,U.S. House,2,Democratic,Hank LINDERMAN,33,11,21,1,0
Daviess,A111,U.S. House,2,Democratic,William Dakota COMPTON,17,2,13,1,1
Daviess,A111,"District Judge, 6th Judicial District",1,,J. Nick PAYNE,81,13,66,2,0
Daviess,A111,"District Judge, 6th Judicial District",1,,William C. MATTINGLY,46,11,35,0,0
Daviess,A111,"District Judge, 6th Judicial District",1,,W. Russell DUTY,40,12,28,0,0
Daviess,A111,"District Judge, 6th Judicial District",1,,Lelah ROGERS,89,23,58,6,2
Daviess,A111,"District Judge, 6th Judicial District",1,,Under Votes,23,4,19,0,0
Daviess,A111,"District Judge, 6th Judicial District",1,,Over Votes,0,0,0,0,0
Daviess,A111,City Commissioners City OF Owensboro,,,Jeff SANFORD,83,21,61,1,0
Daviess,A111,City Commissioners City OF Owensboro,,,Steve JOHNSON,64,14,48,2,0
Daviess,A111,City Commissioners City OF Owensboro,,,Harley METCALF,49,8,38,3,0
Daviess,A111,City Commissioners City OF Owensboro,,,Bob GLENN,105,26,76,2,1
Daviess,A111,City Commissioners City OF Owensboro,,,Pamela L. SMITH-WRIGHT,117,25,88,3,1
Daviess,A111,City Commissioners City OF Owensboro,,,Tyler GOAD,45,14,29,1,1
Daviess,A111,City Commissioners City OF Owensboro,,,Sharon Gail NeSMITH,90,23,64,3,0
Daviess,A111,City Commissioners City OF Owensboro,,,Curtis MAGLINGER,75,22,51,1,1
Daviess,A111,City Commissioners City OF Owensboro,,,John Ross MARTIN,51,15,35,1,0
Daviess,A111,City Commissioners City OF Owensboro,,,Under Votes,213,36,170,7,0
Daviess,A111,City Commissioners City OF Owensboro,,,Over Votes,0,0,0,0,0
Daviess,A112,U.S. Senate,,Republican,Anissa CATLETT,3,0,3,0,0
Daviess,A112,U.S. Senate,,Republican,A. Nick SHELLEY,0,0,0,0,0
Daviess,A112,U.S. Senate,,Republican,"Valerie ""Dr Val"" FREDRICK",6,2,3,0,1
Daviess,A112,U.S. Senate,,Republican,Michael James FARIS,7,2,5,0,0
Daviess,A112,U.S. Senate,,Republican,Nate MORRIS,15,4,10,0,1
Daviess,A112,U.S. Senate,,Republican,Other Donald WENZEL,0,0,0,0,0
Daviess,A112,U.S. Senate,,Republican,Jonathan M. HOLLIDAY,3,2,1,0,0
Daviess,A112,U.S. Senate,,Republican,George WASHINGTON,7,1,6,0,0
Daviess,A112,U.S. Senate,,Republican,Andy BARR,140,24,110,3,3
Daviess,A112,U.S. Senate,,Republican,Daniel CAMERON,98,20,77,1,0
Daviess,A112,U.S. Senate,,Republican,Jimmy I. LEON,0,0,0,0,0
Daviess,A112,U.S. Senate,,Republican,James D. DUNCAN,0,0,0,0,0
Daviess,A112,U.S. Senate,,,Under Votes,23,2,21,0,0
Daviess,A112,U.S. Senate,,,Over Votes,0,0,0,0,0
Daviess,A112,Ballots Cast,,,,557,,,,
Daviess,A112,U.S. House,2,Republican,"G. ""Shay"" PERRY-ADELMANN",19,4,14,0,1
Daviess,A112,U.S. House,2,Republican,S. Brett GUTHRIE,225,48,172,3,2
Daviess,A112,U.S. House,2,Republican,Joshua M. FERGUSON,28,3,24,1,0
Daviess,A112,U.S. House,2,,Under Votes,47,8,37,0,2
Daviess,A112,U.S. House,2,,Over Votes,0,0,0,0,0
Daviess,A112,County Judge/Executive,,,Charlie CASTLEN,183,31,143,4,5
Daviess,A112,County Judge/Executive,,,Janie MARKSBERRY,101,25,76,0,0
Daviess,A112,County Judge/Executive,,,Under Votes,6,0,6,0,0
Daviess,A112,County Judge/Executive,,,Over Votes,0,0,0,0,0
Daviess,A112,County Clerk,,,Matt GALLOWAY,104,12,87,2,3
Daviess,A112,County Clerk,,,Leslie A. McCARTY,179,43,132,2,2
Daviess,A112,County Clerk,,,Under Votes,7,1,6,0,0
Daviess,A112,County Clerk,,,Over Votes,0,0,0,0,0
Daviess,A112,County Commissioner Central District,,,Robert MORRIS,123,24,96,1,2
Daviess,A112,County Commissioner Central District,,,Larry CONDER,138,29,105,3,1
Daviess,A112,County Commissioner Central District,,,Under Votes,29,3,24,0,2
Daviess,A112,County Commissioner Central District,,,Over Votes,0,0,0,0,0
Daviess,A112,County Commissioner East District,,,Steven SHAKE,72,19,52,1,0
Daviess,A112,County Commissioner East District,,,Joe HAGAN,85,18,65,0,2
Daviess,A112,County Commissioner East District,,,Shane COX,100,15,82,3,0
Daviess,A112,County Commissioner East District,,,Under Votes,33,4,26,0,3
Daviess,A112,County Commissioner East District,,,Over Votes,0,0,0,0,0
Daviess,A112,County Commissioner West District,,,Christopher T. CASTLEN,183,39,138,4,2
Daviess,A112,County Commissioner West District,,,Dustin WARREN,83,17,65,0,1
Daviess,A112,County Commissioner West District,,,Under Votes,24,0,22,0,2
Daviess,A112,County Commissioner West District,,,Over Votes,0,0,0,0,0
Daviess,A112,Constable,,,Scotty SMITH,130,22,108,0,0
Daviess,A112,Constable,,,Kris D. CRAWFORD,112,24,81,3,4
Daviess,A112,Constable,,,Under Votes,48,10,36,1,1
Daviess,A112,Constable,,,Over Votes,0,0,0,0,0
Daviess,A112,U.S. Senate,,Democratic,Logan FORSYTHE,8,0,6,2,0
Daviess,A112,U.S. Senate,,Democratic,Amy McGRATH,129,27,90,10,2
Daviess,A112,U.S. Senate,,Democratic,Dale Lewis ROMANS,3,1,2,0,0
Daviess,A112,U.S. Senate,,Democratic,Joshua BLANTON SR.,2,0,2,0,0
Daviess,A112,U.S. Senate,,Democratic,Vincent Anthony THOMPSON,4,1,2,0,1
Daviess,A112,U.S. Senate,,Democratic,Charles BOOKER,87,17,69,1,0
Daviess,A112,U.S. Senate,,Democratic,Pamela STEVENSON,8,3,4,1,0
Daviess,A112,U.S. House,2,Democratic,David S. HATFIELD,41,3,36,0,2
Daviess,A112,U.S. House,2,Democratic,Megan WINGFIELD,92,21,68,2,1
Daviess,A112,U.S. House,2,Democratic,Hank LINDERMAN,59,14,34,11,0
Daviess,A112,U.S. House,2,Democratic,William Dakota COMPTON,32,5,26,1,0
Daviess,A112,"District Judge, 6th Judicial District",1,,J. Nick PAYNE,164,40,119,4,1
Daviess,A112,"District Judge, 6th Judicial District",1,,William C. MATTINGLY,85,14,66,4,1
Daviess,A112,"District Judge, 6th Judicial District",1,,W. Russell DUTY,104,16,85,3,0
Daviess,A112,"District Judge, 6th Judicial District",1,,Lelah ROGERS,162,33,120,6,3
Daviess,A112,"District Judge, 6th Judicial District",1,,Under Votes,42,4,34,1,3
Daviess,A112,"District Judge, 6th Judicial District",1,,Over Votes,0,0,0,0,0
Daviess,A112,City Commissioners City OF Owensboro,,,Jeff SANFORD,104,28,72,1,3
Daviess,A112,City Commissioners City OF Owensboro,,,Steve JOHNSON,92,21,70,1,0
Daviess,A112,City Commissioners City OF Owensboro,,,Harley METCALF,38,9,24,5,0
Daviess,A112,City Commissioners City OF Owensboro,,,Bob GLENN,107,32,68,4,3
Daviess,A112,City Commissioners City OF Owensboro,,,Pamela L. SMITH-WRIGHT,97,25,63,7,2
Daviess,A112,City Commissioners City OF Owensboro,,,Tyler GOAD,48,7,38,1,2
Daviess,A112,City Commissioners City OF Owensboro,,,Sharon Gail NeSMITH,95,24,63,6,2
Daviess,A112,City Commissioners City OF Owensboro,,,Curtis MAGLINGER,101,24,75,1,1
Daviess,A112,City Commissioners City OF Owensboro,,,John Ross MARTIN,64,12,51,1,0
Daviess,A112,City Commissioners City OF Owensboro,,,Under Votes,242,38,188,5,11
Daviess,A112,City Commissioners City OF Owensboro,,,Over Votes,0,0,0,0,0
Daviess,A113,U.S. Senate,,Republican,Anissa CATLETT,7,0,5,2,0
Daviess,A113,U.S. Senate,,Republican,A. Nick SHELLEY,2,0,2,0,0
Daviess,A113,U.S. Senate,,Republican,"Valerie ""Dr Val"" FREDRICK",4,0,4,0,0
Daviess,A113,U.S. Senate,,Republican,Michael James FARIS,6,1,4,0,1
Daviess,A113,U.S. Senate,,Republican,Nate MORRIS,16,0,15,0,1
Daviess,A113,U.S. Senate,,Republican,Other Donald WENZEL,1,0,1,0,0
Daviess,A113,U.S. Senate,,Republican,Jonathan M. HOLLIDAY,3,0,3,0,0
Daviess,A113,U.S. Senate,,Republican,George WASHINGTON,1,0,1,0,0
Daviess,A113,U.S. Senate,,Republican,Andy BARR,142,7,132,2,1
Daviess,A113,U.S. Senate,,Republican,Daniel CAMERON,81,4,76,0,1
Daviess,A113,U.S. Senate,,Republican,Jimmy I. LEON,1,0,1,0,0
Daviess,A113,U.S. Senate,,Republican,James D. DUNCAN,1,0,1,0,0
Daviess,A113,U.S. Senate,,,Under Votes,6,1,5,0,0
Daviess,A113,U.S. Senate,,,Over Votes,0,0,0,0,0
Daviess,A113,Ballots Cast,,,,405,,,,
Daviess,A113,U.S. House,2,Republican,"G. ""Shay"" PERRY-ADELMANN",21,3,18,0,0
Daviess,A113,U.S. House,2,Republican,S. Brett GUTHRIE,207,7,194,2,4
Daviess,A113,U.S. House,2,Republican,Joshua M. FERGUSON,29,1,28,0,0
Daviess,A113,U.S. House,2,,Under Votes,18,3,13,2,0
Daviess,A113,U.S. House,2,,Over Votes,0,0,0,0,0
Daviess,A113,County Judge/Executive,,,Charlie CASTLEN,150,11,137,0,2
Daviess,A113,County Judge/Executive,,,Janie MARKSBERRY,111,1,106,2,2
Daviess,A113,County Judge/Executive,,,Under Votes,8,0,6,2,0
Daviess,A113,County Judge/Executive,,,Over Votes,0,0,0,0,0
Daviess,A113,County Clerk,,,Matt GALLOWAY,96,2,94,0,0
Daviess,A113,County Clerk,,,Leslie A. McCARTY,156,9,139,4,4
Daviess,A113,County Clerk,,,Under Votes,17,1,16,0,0
Daviess,A113,County Clerk,,,Over Votes,0,0,0,0,0
Daviess,A113,County Commissioner Central District,,,Robert MORRIS,102,2,97,2,1
Daviess,A113,County Commissioner Central District,,,Larry CONDER,130,9,118,0,3
Daviess,A113,County Commissioner Central District,,,Under Votes,37,1,34,2,0
Daviess,A113,County Commissioner Central District,,,Over Votes,0,0,0,0,0
Daviess,A113,County Commissioner East District,,,Steven SHAKE,70,5,63,0,2
Daviess,A113,County Commissioner East District,,,Joe HAGAN,88,3,81,2,2
Daviess,A113,County Commissioner East District,,,Shane COX,81,2,79,0,0
Daviess,A113,County Commissioner East District,,,Under Votes,30,2,26,2,0
Daviess,A113,County Commissioner East District,,,Over Votes,0,0,0,0,0
Daviess,A113,County Commissioner West District,,,Christopher T. CASTLEN,101,9,90,0,2
Daviess,A113,County Commissioner West District,,,Dustin WARREN,154,3,145,4,2
Daviess,A113,County Commissioner West District,,,Under Votes,14,0,14,0,0
Daviess,A113,County Commissioner West District,,,Over Votes,0,0,0,0,0
Daviess,A113,Constable,,,Scotty SMITH,190,6,176,4,4
Daviess,A113,Constable,,,Kris D. CRAWFORD,68,4,64,0,0
Daviess,A113,Constable,,,Under Votes,11,2,9,0,0
Daviess,A113,Constable,,,Over Votes,0,0,0,0,0
Daviess,A113,U.S. Senate,,Democratic,Logan FORSYTHE,7,0,6,1,0
Daviess,A113,U.S. Senate,,Democratic,Amy McGRATH,63,3,58,2,0
Daviess,A113,U.S. Senate,,Democratic,Dale Lewis ROMANS,1,0,1,0,0
Daviess,A113,U.S. Senate,,Democratic,Joshua BLANTON SR.,3,0,3,0,0
Daviess,A113,U.S. Senate,,Democratic,Vincent Anthony THOMPSON,5,0,5,0,0
Daviess,A113,U.S. Senate,,Democratic,Charles BOOKER,35,4,31,0,0
Daviess,A113,U.S. Senate,,Democratic,Pamela STEVENSON,9,0,9,0,0
Daviess,A113,U.S. House,2,Democratic,David S. HATFIELD,26,1,25,0,0
Daviess,A113,U.S. House,2,Democratic,Megan WINGFIELD,49,1,46,2,0
Daviess,A113,U.S. House,2,Democratic,Hank LINDERMAN,27,3,24,0,0
Daviess,A113,U.S. House,2,Democratic,William Dakota COMPTON,17,1,15,1,0
Daviess,A113,"District Judge, 6th Judicial District",1,,J. Nick PAYNE,135,7,126,2,0
Daviess,A113,"District Judge, 6th Judicial District",1,,William C. MATTINGLY,69,3,64,0,2
Daviess,A113,"District Judge, 6th Judicial District",1,,W. Russell DUTY,83,5,76,0,2
Daviess,A113,"District Judge, 6th Judicial District",1,,Lelah ROGERS,84,3,75,5,1
Daviess,A113,"District Judge, 6th Judicial District",1,,Under Votes,34,2,32,0,0
Daviess,A113,"District Judge, 6th Judicial District",1,,Over Votes,0,0,0,0,0
Daviess,A114,U.S. Senate,,Republican,Anissa CATLETT,0,0,0,0,0
Daviess,A114,U.S. Senate,,Republican,A. Nick SHELLEY,2,0,2,0,0
Daviess,A114,U.S. Senate,,Republican,"Valerie ""Dr Val"" FREDRICK",0,0,0,0,0
Daviess,A114,U.S. Senate,,Republican,Michael James FARIS,10,3,7,0,0
Daviess,A114,U.S. Senate,,Republican,Nate MORRIS,5,1,4,0,0
Daviess,A114,U.S. Senate,,Republican,Other Donald WENZEL,0,0,0,0,0
Daviess,A114,U.S. Senate,,Republican,Jonathan M. HOLLIDAY,0,0,0,0,0
Daviess,A114,U.S. Senate,,Republican,George WASHINGTON,2,0,2,0,0
Daviess,A114,U.S. Senate,,Republican,Andy BARR,72,5,66,0,1
Daviess,A114,U.S. Senate,,Republican,Daniel CAMERON,28,7,20,0,1
Daviess,A114,U.S. Senate,,Republican,Jimmy I. LEON,0,0,0,0,0
Daviess,A114,U.S. Senate,,Republican,James D. DUNCAN,1,0,1,0,0
Daviess,A114,U.S. Senate,,,Under Votes,6,0,6,0,0
Daviess,A114,U.S. Senate,,,Over Votes,0,0,0,0,0
Daviess,A114,Ballots Cast,,,,227,,,,
Daviess,A114,U.S. House,2,Republican,"G. ""Shay"" PERRY-ADELMANN",9,0,9,0,0
Daviess,A114,U.S. House,2,Republican,S. Brett GUTHRIE,88,15,72,0,1
Daviess,A114,U.S. House,2,Republican,Joshua M. FERGUSON,13,0,12,0,1
Daviess,A114,U.S. House,2,,Under Votes,20,2,18,0,0
Daviess,A114,U.S. House,2,,Over Votes,0,0,0,0,0
Daviess,A114,County Judge/Executive,,,Charlie CASTLEN,76,11,64,0,1
Daviess,A114,County Judge/Executive,,,Janie MARKSBERRY,41,5,35,0,1
Daviess,A114,County Judge/Executive,,,Under Votes,4,0,4,0,0
Daviess,A114,County Judge/Executive,,,Over Votes,0,0,0,0,0
Daviess,A114,County Clerk,,,Matt GALLOWAY,49,10,37,0,2
Daviess,A114,County Clerk,,,Leslie A. McCARTY,66,6,60,0,0
Daviess,A114,County Clerk,,,Under Votes,6,0,6,0,0
Daviess,A114,County Clerk,,,Over Votes,0,0,0,0,0
Daviess,A114,County Commissioner Central District,,,Robert MORRIS,48,8,39,0,1
Daviess,A114,County Commissioner Central District,,,Larry CONDER,59,8,51,0,0
Daviess,A114,County Commissioner Central District,,,Under Votes,14,0,13,0,1
Daviess,A114,County Commissioner Central District,,,Over Votes,0,0,0,0,0
Daviess,A114,County Commissioner East District,,,Steven SHAKE,23,6,17,0,0
Daviess,A114,County Commissioner East District,,,Joe HAGAN,39,2,36,0,1
Daviess,A114,County Commissioner East District,,,Shane COX,44,8,36,0,0
Daviess,A114,County Commissioner East District,,,Under Votes,15,0,14,0,1
Daviess,A114,County Commissioner East District,,,Over Votes,0,0,0,0,0
Daviess,A114,County Commissioner West District,,,Christopher T. CASTLEN,64,9,55,0,0
Daviess,A114,County Commissioner West District,,,Dustin WARREN,49,7,41,0,1
Daviess,A114,County Commissioner West District,,,Under Votes,8,0,7,0,1
Daviess,A114,County Commissioner West District,,,Over Votes,0,0,0,0,0
Daviess,A114,Constable,,,Scotty SMITH,52,6,46,0,0
Daviess,A114,Constable,,,Kris D. CRAWFORD,53,10,42,0,1
Daviess,A114,Constable,,,Under Votes,16,0,15,0,1
Daviess,A114,Constable,,,Over Votes,0,0,0,0,0
Daviess,A114,U.S. Senate,,Democratic,Logan FORSYTHE,5,1,4,0,0
Daviess,A114,U.S. Senate,,Democratic,Amy McGRATH,50,19,31,0,0
Daviess,A114,U.S. Senate,,Democratic,Dale Lewis ROMANS,2,0,2,0,0
Daviess,A114,U.S. Senate,,Democratic,Joshua BLANTON SR.,1,0,1,0,0
Daviess,A114,U.S. Senate,,Democratic,Vincent Anthony THOMPSON,5,3,2,0,0
Daviess,A114,U.S. Senate,,Democratic,Charles BOOKER,22,6,16,0,0
Daviess,A114,U.S. Senate,,Democratic,Pamela STEVENSON,3,0,3,0,0
Daviess,A114,U.S. House,2,Democratic,David S. HATFIELD,23,9,14,0,0
Daviess,A114,U.S. House,2,Democratic,Megan WINGFIELD,33,8,25,0,0
Daviess,A114,U.S. House,2,Democratic,Hank LINDERMAN,22,10,12,0,0
Daviess,A114,U.S. House,2,Democratic,William Dakota COMPTON,6,1,5,0,0
Daviess,A114,"District Judge, 6th Judicial District",1,,J. Nick PAYNE,68,16,52,0,0
Daviess,A114,"District Judge, 6th Judicial District",1,,William C. MATTINGLY,31,6,25,0,0
Daviess,A114,"District Judge, 6th Judicial District",1,,W. Russell DUTY,52,9,43,0,0
Daviess,A114,"District Judge, 6th Judicial District",1,,Lelah ROGERS,55,15,39,0,1
Daviess,A114,"District Judge, 6th Judicial District",1,,Under Votes,21,0,20,0,1
Daviess,A114,"District Judge, 6th Judicial District",1,,Over Votes,0,0,0,0,0
Daviess,A115,U.S. Senate,,Republican,Anissa CATLETT,2,0,2,0,0
Daviess,A115,U.S. Senate,,Republican,A. Nick SHELLEY,2,0,2,0,0
Daviess,A115,U.S. Senate,,Republican,"Valerie ""Dr Val"" FREDRICK",1,0,1,0,0
Daviess,A115,U.S. Senate,,Republican,Michael James FARIS,12,1,11,0,0
Daviess,A115,U.S. Senate,,Republican,Nate MORRIS,9,1,8,0,0
Daviess,A115,U.S. Senate,,Republican,Other Donald WENZEL,2,0,2,0,0
Daviess,A115,U.S. Senate,,Republican,Jonathan M. HOLLIDAY,1,0,1,0,0
Daviess,A115,U.S. Senate,,Republican,George WASHINGTON,5,1,4,0,0
Daviess,A115,U.S. Senate,,Republican,Andy BARR,172,29,142,0,1
Daviess,A115,U.S. Senate,,Republican,Daniel CAMERON,122,17,103,2,0
Daviess,A115,U.S. Senate,,Republican,Jimmy I. LEON,0,0,0,0,0
Daviess,A115,U.S. Senate,,Republican,James D. DUNCAN,1,0,1,0,0
Daviess,A115,U.S. Senate,,,Under Votes,19,2,17,0,0
Daviess,A115,U.S. Senate,,,Over Votes,1,0,1,0,0
Daviess,A115,Ballots Cast,,,,552,,,,
Daviess,A115,U.S. House,2,Republican,"G. ""Shay"" PERRY-ADELMANN",26,2,24,0,0
Daviess,A115,U.S. House,2,Republican,S. Brett GUTHRIE,262,44,215,2,1
Daviess,A115,U.S. House,2,Republican,Joshua M. FERGUSON,24,2,22,0,0
Daviess,A115,U.S. House,2,,Under Votes,47,5,42,0,0
Daviess,A115,U.S. House,2,,Over Votes,0,0,0,0,0
Daviess,A115,County Judge/Executive,,,Charlie CASTLEN,214,34,179,0,1
Daviess,A115,County Judge/Executive,,,Janie MARKSBERRY,119,14,103,2,0
Daviess,A115,County Judge/Executive,,,Under Votes,6,1,5,0,0
Daviess,A115,County Judge/Executive,,,Over Votes,1,0,1,0,0
Daviess,A115,County Clerk,,,Matt GALLOWAY,155,19,134,2,0
Daviess,A115,County Clerk,,,Leslie A. McCARTY,163,29,133,0,1
Daviess,A115,County Clerk,,,Under Votes,22,1,21,0,0
Daviess,A115,County Clerk,,,Over Votes,0,0,0,0,0
Daviess,A115,County Commissioner Central District,,,Robert MORRIS,133,24,107,2,0
Daviess,A115,County Commissioner Central District,,,Larry CONDER,156,19,136,0,1
Daviess,A115,County Commissioner Central District,,,Under Votes,51,6,45,0,0
Daviess,A115,County Commissioner Central District,,,Over Votes,0,0,0,0,0
Daviess,A115,County Commissioner East District,,,Steven SHAKE,83,13,67,2,1
Daviess,A115,County Commissioner East District,,,Joe HAGAN,125,22,103,0,0
Daviess,A115,County Commissioner East District,,,Shane COX,73,6,67,0,0
Daviess,A115,County Commissioner East District,,,Under Votes,59,8,51,0,0
Daviess,A115,County Commissioner East District,,,Over Votes,0,0,0,0,0
Daviess,A115,County Commissioner West District,,,Christopher T. CASTLEN,162,27,134,0,1
Daviess,A115,County Commissioner West District,,,Dustin WARREN,158,20,136,2,0
Daviess,A115,County Commissioner West District,,,Under Votes,20,2,18,0,0
Daviess,A115,County Commissioner West District,,,Over Votes,0,0,0,0,0
Daviess,A115,Constable,,,Scotty SMITH,169,31,138,0,0
Daviess,A115,Constable,,,Kris D. CRAWFORD,122,12,109,1,0
Daviess,A115,Constable,,,Under Votes,49,6,41,1,1
Daviess,A115,Constable,,,Over Votes,0,0,0,0,0
Daviess,A115,U.S. Senate,,Democratic,Logan FORSYTHE,5,1,4,0,0
Daviess,A115,U.S. Senate,,Democratic,Amy McGRATH,100,22,77,0,1
Daviess,A115,U.S. Senate,,Democratic,Dale Lewis ROMANS,1,0,0,1,0
Daviess,A115,U.S. Senate,,Democratic,Joshua BLANTON SR.,2,0,2,0,0
Daviess,A115,U.S. Senate,,Democratic,Vincent Anthony THOMPSON,4,0,4,0,0
Daviess,A115,U.S. Senate,,Democratic,Charles BOOKER,77,9,67,0,1
Daviess,A115,U.S. Senate,,Democratic,Pamela STEVENSON,7,0,6,1,0
Daviess,A115,U.S. House,2,Democratic,David S. HATFIELD,38,4,34,0,0
Daviess,A115,U.S. House,2,Democratic,Megan WINGFIELD,73,11,60,0,2
Daviess,A115,U.S. House,2,Democratic,Hank LINDERMAN,49,12,37,0,0
Daviess,A115,U.S. House,2,Democratic,William Dakota COMPTON,26,3,21,2,0
Daviess,A115,"District Judge, 6th Judicial District",1,,J. Nick PAYNE,187,29,153,3,2
Daviess,A115,"District Judge, 6th Judicial District",1,,William C. MATTINGLY,105,16,89,0,0
Daviess,A115,"District Judge, 6th Judicial District",1,,W. Russell DUTY,75,13,62,0,0
Daviess,A115,"District Judge, 6th Judicial District",1,,Lelah ROGERS,131,19,110,1,1
Daviess,A115,"District Judge, 6th Judicial District",1,,Under Votes,54,7,47,0,0
Daviess,A115,"District Judge, 6th Judicial District",1,,Over Votes,0,0,0,0,0
Daviess,A116,U.S. Senate,,Republican,Anissa CATLETT,2,1,0,1,0
Daviess,A116,U.S. Senate,,Republican,A. Nick SHELLEY,3,0,3,0,0
Daviess,A116,U.S. Senate,,Republican,"Valerie ""Dr Val"" FREDRICK",1,0,1,0,0
Daviess,A116,U.S. Senate,,Republican,Michael James FARIS,4,0,4,0,0
Daviess,A116,U.S. Senate,,Republican,Nate MORRIS,6,0,6,0,0
Daviess,A116,U.S. Senate,,Republican,Other Donald WENZEL,0,0,0,0,0
Daviess,A116,U.S. Senate,,Republican,Jonathan M. HOLLIDAY,0,0,0,0,0
Daviess,A116,U.S. Senate,,Republican,George WASHINGTON,0,0,0,0,0
Daviess,A116,U.S. Senate,,Republican,Andy BARR,42,3,38,0,1
Daviess,A116,U.S. Senate,,Republican,Daniel CAMERON,18,2,15,0,1
Daviess,A116,U.S. Senate,,Republican,Jimmy I. LEON,0,0,0,0,0
Daviess,A116,U.S. Senate,,Republican,James D. DUNCAN,0,0,0,0,0
Daviess,A116,U.S. Senate,,,Under Votes,7,2,5,0,0
Daviess,A116,U.S. Senate,,,Over Votes,0,0,0,0,0
Daviess,A116,Ballots Cast,,,,172,,,,
Daviess,A116,U.S. House,2,Republican,"G. ""Shay"" PERRY-ADELMANN",7,1,6,0,0
Daviess,A116,U.S. House,2,Republican,S. Brett GUTHRIE,58,6,50,0,2
Daviess,A116,U.S. House,2,Republican,Joshua M. FERGUSON,12,0,11,1,0
Daviess,A116,U.S. House,2,,Under Votes,10,1,9,0,0
Daviess,A116,U.S. House,2,,Over Votes,0,0,0,0,0
Daviess,A116,County Judge/Executive,,,Charlie CASTLEN,46,5,38,1,2
Daviess,A116,County Judge/Executive,,,Janie MARKSBERRY,28,2,26,0,0
Daviess,A116,County Judge/Executive,,,Under Votes,4,0,4,0,0
Daviess,A116,County Judge/Executive,,,Over Votes,0,0,0,0,0
Daviess,A116,County Clerk,,,Matt GALLOWAY,27,0,27,0,0
Daviess,A116,County Clerk,,,Leslie A. McCARTY,46,5,38,1,2
Daviess,A116,County Clerk,,,Under Votes,5,2,3,0,0
Daviess,A116,County Clerk,,,Over Votes,0,0,0,0,0
Daviess,A116,County Commissioner Central District,,,Robert MORRIS,30,2,28,0,0
Daviess,A116,County Commissioner Central District,,,Larry CONDER,43,5,35,1,2
Daviess,A116,County Commissioner Central District,,,Under Votes,5,0,5,0,0
Daviess,A116,County Commissioner Central District,,,Over Votes,0,0,0,0,0
Daviess,A116,County Commissioner East District,,,Steven SHAKE,15,2,11,1,1
Daviess,A116,County Commissioner East District,,,Joe HAGAN,23,1,22,0,0
Daviess,A116,County Commissioner East District,,,Shane COX,33,4,29,0,0
Daviess,A116,County Commissioner East District,,,Under Votes,7,0,6,0,1
Daviess,A116,County Commissioner East District,,,Over Votes,0,0,0,0,0
Daviess,A116,County Commissioner West District,,,Christopher T. CASTLEN,35,5,27,1,2
Daviess,A116,County Commissioner West District,,,Dustin WARREN,41,2,39,0,0
Daviess,A116,County Commissioner West District,,,Under Votes,2,0,2,0,0
Daviess,A116,County Commissioner West District,,,Over Votes,0,0,0,0,0
Daviess,A116,Constable,,,Scotty SMITH,46,3,42,0,1
Daviess,A116,Constable,,,Kris D. CRAWFORD,25,2,22,1,0
Daviess,A116,Constable,,,Under Votes,7,2,4,0,1
Daviess,A116,Constable,,,Over Votes,0,0,0,0,0
Daviess,A116,U.S. Senate,,Democratic,Logan FORSYTHE,2,0,2,0,0
Daviess,A116,U.S. Senate,,Democratic,Amy McGRATH,35,4,28,2,1
Daviess,A116,U.S. Senate,,Democratic,Dale Lewis ROMANS,2,0,2,0,0
Daviess,A116,U.S. Senate,,Democratic,Joshua BLANTON SR.,2,0,1,0,1
Daviess,A116,U.S. Senate,,Democratic,Vincent Anthony THOMPSON,2,0,2,0,0
Daviess,A116,U.S. Senate,,Democratic,Charles BOOKER,34,3,30,0,1
Daviess,A116,U.S. Senate,,Democratic,Pamela STEVENSON,9,0,8,1,0
Daviess,A116,U.S. House,2,Democratic,David S. HATFIELD,24,0,22,0,2
Daviess,A116,U.S. House,2,Democratic,Megan WINGFIELD,21,3,15,2,1
Daviess,A116,U.S. House,2,Democratic,Hank LINDERMAN,24,2,22,0,0
Daviess,A116,U.S. House,2,Democratic,William Dakota COMPTON,13,2,10,1,0
Daviess,A116,"District Judge, 6th Judicial District",1,,J. Nick PAYNE,67,7,57,1,2
Daviess,A116,"District Judge, 6th Judicial District",1,,William C. MATTINGLY,33,2,30,1,0
Daviess,A116,"District Judge, 6th Judicial District",1,,W. Russell DUTY,30,0,28,1,1
Daviess,A116,"District Judge, 6th Judicial District",1,,Lelah ROGERS,30,4,25,1,0
Daviess,A116,"District Judge, 6th Judicial District",1,,Under Votes,12,2,8,0,2
Daviess,A116,"District Judge, 6th Judicial District",1,,Over Votes,0,0,0,0,0
Daviess,A117,U.S. Senate,,Republican,Anissa CATLETT,0,0,0,0,0
Daviess,A117,U.S. Senate,,Republican,A. Nick SHELLEY,0,0,0,0,0
Daviess,A117,U.S. Senate,,Republican,"Valerie ""Dr Val"" FREDRICK",2,1,1,0,0
Daviess,A117,U.S. Senate,,Republican,Michael James FARIS,7,0,7,0,0
Daviess,A117,U.S. Senate,,Republican,Nate MORRIS,4,0,4,0,0
Daviess,A117,U.S. Senate,,Republican,Other Donald WENZEL,0,0,0,0,0
Daviess,A117,U.S. Senate,,Republican,Jonathan M. HOLLIDAY,1,0,1,0,0
Daviess,A117,U.S. Senate,,Republican,George WASHINGTON,0,0,0,0,0
Daviess,A117,U.S. Senate,,Republican,Andy BARR,73,3,67,0,3
Daviess,A117,U.S. Senate,,Republican,Daniel CAMERON,31,2,28,1,0
Daviess,A117,U.S. Senate,,Republican,Jimmy I. LEON,0,0,0,0,0
Daviess,A117,U.S. Senate,,Republican,James D. DUNCAN,2,0,2,0,0
Daviess,A117,U.S. Senate,,,Under Votes,12,2,10,0,0
Daviess,A117,U.S. Senate,,,Over Votes,0,0,0,0,0
Daviess,A117,Ballots Cast,,,,234,,,,
Daviess,A117,U.S. House,2,Republican,"G. ""Shay"" PERRY-ADELMANN",6,0,6,0,0
Daviess,A117,U.S. House,2,Republican,S. Brett GUTHRIE,94,4,87,1,2
Daviess,A117,U.S. House,2,Republican,Joshua M. FERGUSON,14,2,11,0,1
Daviess,A117,U.S. House,2,,Under Votes,25,2,23,0,0
Daviess,A117,U.S. House,2,,Over Votes,0,0,0,0,0
Daviess,A117,County Judge/Executive,,,Charlie CASTLEN,70,5,64,1,0
Daviess,A117,County Judge/Executive,,,Janie MARKSBERRY,48,1,44,0,3
Daviess,A117,County Judge/Executive,,,Under Votes,6,1,5,0,0
Daviess,A117,County Judge/Executive,,,Over Votes,0,0,0,0,0
Daviess,A117,County Clerk,,,Matt GALLOWAY,40,1,39,0,0
Daviess,A117,County Clerk,,,Leslie A. McCARTY,81,6,71,1,3
Daviess,A117,County Clerk,,,Under Votes,3,0,3,0,0
Daviess,A117,County Clerk,,,Over Votes,0,0,0,0,0
Daviess,A117,County Commissioner Central District,,,Robert MORRIS,41,4,36,1,0
Daviess,A117,County Commissioner Central District,,,Larry CONDER,56,1,53,0,2
Daviess,A117,County Commissioner Central District,,,Under Votes,27,2,24,0,1
Daviess,A117,County Commissioner Central District,,,Over Votes,0,0,0,0,0
Daviess,A117,County Commissioner East District,,,Steven SHAKE,22,2,20,0,0
Daviess,A117,County Commissioner East District,,,Joe HAGAN,27,3,24,0,0
Daviess,A117,County Commissioner East District,,,Shane COX,50,0,47,1,2
Daviess,A117,County Commissioner East District,,,Under Votes,25,2,22,0,1
Daviess,A117,County Commissioner East District,,,Over Votes,0,0,0,0,0
Daviess,A117,County Commissioner West District,,,Christopher T. CASTLEN,14,0,13,1,0
Daviess,A117,County Commissioner West District,,,Dustin WARREN,108,6,99,0,3
Daviess,A117,County Commissioner West District,,,Under Votes,2,1,1,0,0
Daviess,A117,County Commissioner West District,,,Over Votes,0,0,0,0,0
Daviess,A117,Constable,,,Scotty SMITH,83,5,76,1,1
Daviess,A117,Constable,,,Kris D. CRAWFORD,28,0,27,0,1
Daviess,A117,Constable,,,Under Votes,13,2,10,0,1
Daviess,A117,Constable,,,Over Votes,0,0,0,0,0
Daviess,A117,U.S. Senate,,Democratic,Logan FORSYTHE,9,1,8,0,0
Daviess,A117,U.S. Senate,,Democratic,Amy McGRATH,51,7,39,4,1
Daviess,A117,U.S. Senate,,Democratic,Dale Lewis ROMANS,1,0,1,0,0
Daviess,A117,U.S. Senate,,Democratic,Joshua BLANTON SR.,2,0,2,0,0
Daviess,A117,U.S. Senate,,Democratic,Vincent Anthony THOMPSON,8,0,8,0,0
Daviess,A117,U.S. Senate,,Democratic,Charles BOOKER,19,1,17,1,0
Daviess,A117,U.S. Senate,,Democratic,Pamela STEVENSON,8,2,6,0,0
Daviess,A117,U.S. House,2,Democratic,David S. HATFIELD,31,4,26,1,0
Daviess,A117,U.S. House,2,Democratic,Megan WINGFIELD,34,1,29,3,1
Daviess,A117,U.S. House,2,Democratic,Hank LINDERMAN,18,4,13,1,0
Daviess,A117,U.S. House,2,Democratic,William Dakota COMPTON,8,2,6,0,0
Daviess,A117,"District Judge, 6th Judicial District",1,,J. Nick PAYNE,90,10,76,3,1
Daviess,A117,"District Judge, 6th Judicial District",1,,William C. MATTINGLY,46,2,41,2,1
Daviess,A117,"District Judge, 6th Judicial District",1,,W. Russell DUTY,26,2,23,0,1
Daviess,A117,"District Judge, 6th Judicial District",1,,Lelah ROGERS,46,5,40,1,0
Daviess,A117,"District Judge, 6th Judicial District",1,,Under Votes,26,1,24,0,1
Daviess,A117,"District Judge, 6th Judicial District",1,,Over Votes,0,0,0,0,0
Daviess,A118,U.S. Senate,,Republican,Anissa CATLETT,0,0,0,0,0
Daviess,A118,U.S. Senate,,Republican,A. Nick SHELLEY,0,0,0,0,0
Daviess,A118,U.S. Senate,,Republican,"Valerie ""Dr Val"" FREDRICK",2,0,2,0,0
Daviess,A118,U.S. Senate,,Republican,Michael James FARIS,7,0,7,0,0
Daviess,A118,U.S. Senate,,Republican,Nate MORRIS,4,0,4,0,0
Daviess,A118,U.S. Senate,,Republican,Other Donald WENZEL,2,0,2,0,0
Daviess,A118,U.S. Senate,,Republican,Jonathan M. HOLLIDAY,1,0,1,0,0
Daviess,A118,U.S. Senate,,Republican,George WASHINGTON,0,0,0,0,0
Daviess,A118,U.S. Senate,,Republican,Andy BARR,55,5,50,0,0
Daviess,A118,U.S. Senate,,Republican,Daniel CAMERON,14,3,10,0,1
Daviess,A118,U.S. Senate,,Republican,Jimmy I. LEON,0,0,0,0,0
Daviess,A118,U.S. Senate,,Republican,James D. DUNCAN,2,0,2,0,0
Daviess,A118,U.S. Senate,,,Under Votes,3,0,3,0,0
Daviess,A118,U.S. Senate,,,Over Votes,0,0,0,0,0
Daviess,A118,Ballots Cast,,,,135,,,,
Daviess,A118,U.S. House,2,Republican,"G. ""Shay"" PERRY-ADELMANN",6,0,6,0,0
Daviess,A118,U.S. House,2,Republican,S. Brett GUTHRIE,62,7,54,0,1
Daviess,A118,U.S. House,2,Republican,Joshua M. FERGUSON,16,1,15,0,0
Daviess,A118,U.S. House,2,,Under Votes,11,0,11,0,0
Daviess,A118,U.S. House,2,,Over Votes,0,0,0,0,0
Daviess,A118,County Judge/Executive,,,Charlie CASTLEN,47,6,40,0,1
Daviess,A118,County Judge/Executive,,,Janie MARKSBERRY,38,2,36,0,0
Daviess,A118,County Judge/Executive,,,Under Votes,4,0,4,0,0
Daviess,A118,County Judge/Executive,,,Over Votes,0,0,0,0,0
Daviess,A118,County Clerk,,,Matt GALLOWAY,35,3,32,0,0
Daviess,A118,County Clerk,,,Leslie A. McCARTY,51,5,45,0,1
Daviess,A118,County Clerk,,,Under Votes,3,0,3,0,0
Daviess,A118,County Clerk,,,Over Votes,0,0,0,0,0
Daviess,A118,County Commissioner Central District,,,Robert MORRIS,36,1,35,0,0
Daviess,A118,County Commissioner Central District,,,Larry CONDER,47,5,41,0,1
Daviess,A118,County Commissioner Central District,,,Under Votes,6,2,4,0,0
Daviess,A118,County Commissioner Central District,,,Over Votes,0,0,0,0,0
Daviess,A118,County Commissioner East District,,,Steven SHAKE,15,2,13,0,0
Daviess,A118,County Commissioner East District,,,Joe HAGAN,26,0,26,0,0
Daviess,A118,County Commissioner East District,,,Shane COX,41,4,36,0,1
Daviess,A118,County Commissioner East District,,,Under Votes,7,2,5,0,0
Daviess,A118,County Commissioner East District,,,Over Votes,0,0,0,0,0
Daviess,A118,County Commissioner West District,,,Christopher T. CASTLEN,23,3,19,0,1
Daviess,A118,County Commissioner West District,,,Dustin WARREN,65,5,60,0,0
Daviess,A118,County Commissioner West District,,,Under Votes,1,0,1,0,0
Daviess,A118,County Commissioner West District,,,Over Votes,0,0,0,0,0
Daviess,A118,Constable,,,Scotty SMITH,61,4,57,0,0
Daviess,A118,Constable,,,Kris D. CRAWFORD,20,4,15,0,1
Daviess,A118,Constable,,,Under Votes,8,0,8,0,0
Daviess,A118,Constable,,,Over Votes,0,0,0,0,0
Daviess,A118,U.S. Senate,,Democratic,Logan FORSYTHE,4,0,4,0,0
Daviess,A118,U.S. Senate,,Democratic,Amy McGRATH,18,2,16,0,0
Daviess,A118,U.S. Senate,,Democratic,Dale Lewis ROMANS,0,0,0,0,0
Daviess,A118,U.S. Senate,,Democratic,Joshua BLANTON SR.,2,0,2,0,0
Daviess,A118,U.S. Senate,,Democratic,Vincent Anthony THOMPSON,1,0,1,0,0
Daviess,A118,U.S. Senate,,Democratic,Charles BOOKER,13,0,13,0,0
Daviess,A118,U.S. Senate,,Democratic,Pamela STEVENSON,1,0,1,0,0
Daviess,A118,U.S. House,2,Democratic,David S. HATFIELD,7,0,7,0,0
Daviess,A118,U.S. House,2,Democratic,Megan WINGFIELD,11,2,9,0,0
Daviess,A118,U.S. House,2,Democratic,Hank LINDERMAN,13,0,13,0,0
Daviess,A118,U.S. House,2,Democratic,William Dakota COMPTON,3,0,3,0,0
Daviess,A118,"District Judge, 6th Judicial District",1,,J. Nick PAYNE,55,2,53,0,0
Daviess,A118,"District Judge, 6th Judicial District",1,,William C. MATTINGLY,21,1,19,0,1
Daviess,A118,"District Judge, 6th Judicial District",1,,W. Russell DUTY,18,3,15,0,0
Daviess,A118,"District Judge, 6th Judicial District",1,,Lelah ROGERS,23,3,20,0,0
Daviess,A118,"District Judge, 6th Judicial District",1,,Under Votes,18,1,17,0,0
Daviess,A118,"District Judge, 6th Judicial District",1,,Over Votes,0,0,0,0,0
Daviess,B101,U.S. Senate,,Republican,Anissa CATLETT,1,0,1,0,0
Daviess,B101,U.S. Senate,,Republican,A. Nick SHELLEY,0,0,0,0,0
Daviess,B101,U.S. Senate,,Republican,"Valerie ""Dr Val"" FREDRICK",0,0,0,0,0
Daviess,B101,U.S. Senate,,Republican,Michael James FARIS,1,0,1,0,0
Daviess,B101,U.S. Senate,,Republican,Nate MORRIS,4,1,3,0,0
Daviess,B101,U.S. Senate,,Republican,Other Donald WENZEL,0,0,0,0,0
Daviess,B101,U.S. Senate,,Republican,Jonathan M. HOLLIDAY,0,0,0,0,0
Daviess,B101,U.S. Senate,,Republican,George WASHINGTON,0,0,0,0,0
Daviess,B101,U.S. Senate,,Republican,Andy BARR,18,1,15,0,2
Daviess,B101,U.S. Senate,,Republican,Daniel CAMERON,17,5,11,1,0
Daviess,B101,U.S. Senate,,Republican,Jimmy I. LEON,0,0,0,0,0
Daviess,B101,U.S. Senate,,Republican,James D. DUNCAN,2,0,2,0,0
Daviess,B101,U.S. Senate,,,Under Votes,4,0,4,0,0
Daviess,B101,U.S. Senate,,,Over Votes,1,1,0,0,0
Daviess,B101,Ballots Cast,,,,125,,,,
Daviess,B101,U.S. House,2,Republican,"G. ""Shay"" PERRY-ADELMANN",0,0,0,0,0
Daviess,B101,U.S. House,2,Republican,S. Brett GUTHRIE,38,7,28,1,2
Daviess,B101,U.S. House,2,Republican,Joshua M. FERGUSON,4,0,4,0,0
Daviess,B101,U.S. House,2,,Under Votes,11,0,11,0,0
Daviess,B101,U.S. House,2,,Over Votes,0,0,0,0,0
Daviess,B101,County Judge/Executive,,,Charlie CASTLEN,31,6,24,1,0
Daviess,B101,County Judge/Executive,,,Janie MARKSBERRY,11,1,8,0,2
Daviess,B101,County Judge/Executive,,,Under Votes,2,0,2,0,0
Daviess,B101,County Judge/Executive,,,Over Votes,0,0,0,0,0
Daviess,B101,County Clerk,,,Matt GALLOWAY,10,1,7,0,2
Daviess,B101,County Clerk,,,Leslie A. McCARTY,33,6,26,1,0
Daviess,B101,County Clerk,,,Under Votes,1,0,1,0,0
Daviess,B101,County Clerk,,,Over Votes,0,0,0,0,0
Daviess,B101,County Commissioner Central District,,,Robert MORRIS,13,2,11,0,0
Daviess,B101,County Commissioner Central District,,,Larry CONDER,28,5,21,0,2
Daviess,B101,County Commissioner Central District,,,Under Votes,3,0,2,1,0
Daviess,B101,County Commissioner Central District,,,Over Votes,0,0,0,0,0
Daviess,B101,County Commissioner East District,,,Steven SHAKE,11,3,6,0,2
Daviess,B101,County Commissioner East District,,,Joe HAGAN,13,4,9,0,0
Daviess,B101,County Commissioner East District,,,Shane COX,15,0,14,1,0
Daviess,B101,County Commissioner East District,,,Under Votes,5,0,5,0,0
Daviess,B101,County Commissioner East District,,,Over Votes,0,0,0,0,0
Daviess,B101,County Commissioner West District,,,Christopher T. CASTLEN,30,7,22,1,0
Daviess,B101,County Commissioner West District,,,Dustin WARREN,11,0,9,0,2
Daviess,B101,County Commissioner West District,,,Under Votes,3,0,3,0,0
Daviess,B101,County Commissioner West District,,,Over Votes,0,0,0,0,0
Daviess,B101,U.S. Senate,,Democratic,Logan FORSYTHE,6,1,5,0,0
Daviess,B101,U.S. Senate,,Democratic,Amy McGRATH,32,3,26,3,0
Daviess,B101,U.S. Senate,,Democratic,Dale Lewis ROMANS,0,0,0,0,0
Daviess,B101,U.S. Senate,,Democratic,Joshua BLANTON SR.,0,0,0,0,0
Daviess,B101,U.S. Senate,,Democratic,Vincent Anthony THOMPSON,0,0,0,0,0
Daviess,B101,U.S. Senate,,Democratic,Charles BOOKER,30,1,25,3,1
Daviess,B101,U.S. Senate,,Democratic,Pamela STEVENSON,8,1,6,1,0
Daviess,B101,U.S. House,2,Democratic,David S. HATFIELD,10,1,9,0,0
Daviess,B101,U.S. House,2,Democratic,Megan WINGFIELD,37,5,29,2,1
Daviess,B101,U.S. House,2,Democratic,Hank LINDERMAN,19,1,13,5,0
Daviess,B101,U.S. House,2,Democratic,William Dakota COMPTON,5,0,5,0,0
Daviess,B101,Justice OF THE Peace Central Magisterial District,,,Craig POUNDS,30,2,24,4,0
Daviess,B101,Justice OF THE Peace Central Magisterial District,,,Chris SAALWAECHTER,36,3,30,3,0
Daviess,B101,Justice OF THE Peace Central Magisterial District,,,Under Votes,14,2,11,0,1
Daviess,B101,Justice OF THE Peace Central Magisterial District,,,Over Votes,0,0,0,0,0
Daviess,B101,"District Judge, 6th Judicial District",1,,J. Nick PAYNE,20,1,19,0,0
Daviess,B101,"District Judge, 6th Judicial District",1,,William C. MATTINGLY,19,0,17,2,0
Daviess,B101,"District Judge, 6th Judicial District",1,,W. Russell DUTY,24,6,16,2,0
Daviess,B101,"District Judge, 6th Judicial District",1,,Lelah ROGERS,55,6,43,4,2
Daviess,B101,"District Judge, 6th Judicial District",1,,Under Votes,7,1,5,0,1
Daviess,B101,"District Judge, 6th Judicial District",1,,Over Votes,0,0,0,0,0
Daviess,B101,City Commissioners City OF Owensboro,,,Jeff SANFORD,40,6,29,5,0
Daviess,B101,City Commissioners City OF Owensboro,,,Steve JOHNSON,47,8,36,0,3
Daviess,B101,City Commissioners City OF Owensboro,,,Harley METCALF,23,4,18,1,0
Daviess,B101,City Commissioners City OF Owensboro,,,Bob GLENN,48,5,42,0,1
Daviess,B101,City Commissioners City OF Owensboro,,,Pamela L. SMITH-WRIGHT,58,5,45,7,1
Daviess,B101,City Commissioners City OF Owensboro,,,Tyler GOAD,33,7,25,1,0
Daviess,B101,City Commissioners City OF Owensboro,,,Sharon Gail NeSMITH,51,6,39,5,1
Daviess,B101,City Commissioners City OF Owensboro,,,Curtis MAGLINGER,42,6,32,2,2
Daviess,B101,City Commissioners City OF Owensboro,,,John Ross MARTIN,24,2,20,2,0
Daviess,B101,City Commissioners City OF Owensboro,,,Under Votes,126,7,106,9,4
Daviess,B101,City Commissioners City OF Owensboro,,,Over Votes,1,0,1,0,0
Daviess,B102,U.S. Senate,,Republican,Anissa CATLETT,0,0,0,0,0
Daviess,B102,U.S. Senate,,Republican,A. Nick SHELLEY,0,0,0,0,0
Daviess,B102,U.S. Senate,,Republican,"Valerie ""Dr Val"" FREDRICK",0,0,0,0,0
Daviess,B102,U.S. Senate,,Republican,Michael James FARIS,3,0,2,1,0
Daviess,B102,U.S. Senate,,Republican,Nate MORRIS,6,1,5,0,0
Daviess,B102,U.S. Senate,,Republican,Other Donald WENZEL,0,0,0,0,0
Daviess,B102,U.S. Senate,,Republican,Jonathan M. HOLLIDAY,2,1,1,0,0
Daviess,B102,U.S. Senate,,Republican,George WASHINGTON,3,0,3,0,0
Daviess,B102,U.S. Senate,,Republican,Andy BARR,39,7,29,3,0
Daviess,B102,U.S. Senate,,Republican,Daniel CAMERON,22,3,19,0,0
Daviess,B102,U.S. Senate,,Republican,Jimmy I. LEON,1,0,1,0,0
Daviess,B102,U.S. Senate,,Republican,James D. DUNCAN,1,0,1,0,0
Daviess,B102,U.S. Senate,,,Under Votes,9,2,7,0,0
Daviess,B102,U.S. Senate,,,Over Votes,1,0,1,0,0
Daviess,B102,Ballots Cast,,,,260,,,,
Daviess,B102,U.S. House,2,Republican,"G. ""Shay"" PERRY-ADELMANN",8,3,5,0,0
Daviess,B102,U.S. House,2,Republican,S. Brett GUTHRIE,59,9,47,3,0
Daviess,B102,U.S. House,2,Republican,Joshua M. FERGUSON,8,1,6,1,0
Daviess,B102,U.S. House,2,,Under Votes,23,2,20,1,0
Daviess,B102,U.S. House,2,,Over Votes,0,0,0,0,0
Daviess,B102,County Judge/Executive,,,Charlie CASTLEN,41,8,32,1,0
Daviess,B102,County Judge/Executive,,,Janie MARKSBERRY,37,6,28,3,0
Daviess,B102,County Judge/Executive,,,Under Votes,5,0,5,0,0
Daviess,B102,County Judge/Executive,,,Over Votes,0,0,0,0,0
Daviess,B102,County Clerk,,,Matt GALLOWAY,25,2,21,2,0
Daviess,B102,County Clerk,,,Leslie A. McCARTY,51,10,39,2,0
Daviess,B102,County Clerk,,,Under Votes,7,2,5,0,0
Daviess,B102,County Clerk,,,Over Votes,0,0,0,0,0
Daviess,B102,County Commissioner Central District,,,Robert MORRIS,30,3,27,0,0
Daviess,B102,County Commissioner Central District,,,Larry CONDER,43,10,29,4,0
Daviess,B102,County Commissioner Central District,,,Under Votes,10,1,9,0,0
Daviess,B102,County Commissioner Central District,,,Over Votes,0,0,0,0,0
Daviess,B102,County Commissioner East District,,,Steven SHAKE,20,7,11,2,0
Daviess,B102,County Commissioner East District,,,Joe HAGAN,23,2,19,2,0
Daviess,B102,County Commissioner East District,,,Shane COX,30,3,27,0,0
Daviess,B102,County Commissioner East District,,,Under Votes,10,2,8,0,0
Daviess,B102,County Commissioner East District,,,Over Votes,0,0,0,0,0
Daviess,B102,County Commissioner West District,,,Christopher T. CASTLEN,40,8,30,2,0
Daviess,B102,County Commissioner West District,,,Dustin WARREN,33,4,27,2,0
Daviess,B102,County Commissioner West District,,,Under Votes,10,2,8,0,0
Daviess,B102,County Commissioner West District,,,Over Votes,0,0,0,0,0
Daviess,B102,U.S. Senate,,Democratic,Logan FORSYTHE,2,0,2,0,0
Daviess,B102,U.S. Senate,,Democratic,Amy McGRATH,48,7,35,5,1
Daviess,B102,U.S. Senate,,Democratic,Dale Lewis ROMANS,2,1,1,0,0
Daviess,B102,U.S. Senate,,Democratic,Joshua BLANTON SR.,2,1,1,0,0
Daviess,B102,U.S. Senate,,Democratic,Vincent Anthony THOMPSON,2,0,2,0,0
Daviess,B102,U.S. Senate,,Democratic,Charles BOOKER,100,20,71,7,2
Daviess,B102,U.S. Senate,,Democratic,Pamela STEVENSON,9,3,5,1,0
Daviess,B102,U.S. House,2,Democratic,David S. HATFIELD,24,3,20,1,0
Daviess,B102,U.S. House,2,Democratic,Megan WINGFIELD,58,12,41,4,1
Daviess,B102,U.S. House,2,Democratic,Hank LINDERMAN,31,7,18,4,2
Daviess,B102,U.S. House,2,Democratic,William Dakota COMPTON,41,9,29,3,0
Daviess,B102,Justice OF THE Peace Central Magisterial District,,,Craig POUNDS,46,9,31,6,0
Daviess,B102,Justice OF THE Peace Central Magisterial District,,,Chris SAALWAECHTER,85,13,65,4,3
Daviess,B102,Justice OF THE Peace Central Magisterial District,,,Under Votes,38,10,25,3,0
Daviess,B102,Justice OF THE Peace Central Magisterial District,,,Over Votes,0,0,0,0,0
Daviess,B102,"District Judge, 6th Judicial District",1,,J. Nick PAYNE,49,7,40,1,1
Daviess,B102,"District Judge, 6th Judicial District",1,,William C. MATTINGLY,46,7,31,6,2
Daviess,B102,"District Judge, 6th Judicial District",1,,W. Russell DUTY,41,13,25,3,0
Daviess,B102,"District Judge, 6th Judicial District",1,,Lelah ROGERS,103,19,77,7,0
Daviess,B102,"District Judge, 6th Judicial District",1,,Under Votes,21,1,19,1,0
Daviess,B102,"District Judge, 6th Judicial District",1,,Over Votes,0,0,0,0,0
Daviess,B102,City Commissioners City OF Owensboro,,,Jeff SANFORD,64,12,48,2,2
Daviess,B102,City Commissioners City OF Owensboro,,,Steve JOHNSON,58,11,45,0,2
Daviess,B102,City Commissioners City OF Owensboro,,,Harley METCALF,74,12,57,5,0
Daviess,B102,City Commissioners City OF Owensboro,,,Bob GLENN,125,23,89,12,1
Daviess,B102,City Commissioners City OF Owensboro,,,Pamela L. SMITH-WRIGHT,140,26,99,12,3
Daviess,B102,City Commissioners City OF Owensboro,,,Tyler GOAD,56,10,42,4,0
Daviess,B102,City Commissioners City OF Owensboro,,,Sharon Gail NeSMITH,136,31,89,13,3
Daviess,B102,City Commissioners City OF Owensboro,,,Curtis MAGLINGER,76,14,54,8,0
Daviess,B102,City Commissioners City OF Owensboro,,,John Ross MARTIN,48,6,38,4,0
Daviess,B102,City Commissioners City OF Owensboro,,,Under Votes,255,43,203,8,1
Daviess,B102,City Commissioners City OF Owensboro,,,Over Votes,0,0,0,0,0
Daviess,B103,U.S. Senate,,Republican,Anissa CATLETT,4,1,2,1,0
Daviess,B103,U.S. Senate,,Republican,A. Nick SHELLEY,0,0,0,0,0
Daviess,B103,U.S. Senate,,Republican,"Valerie ""Dr Val"" FREDRICK",2,0,2,0,0
Daviess,B103,U.S. Senate,,Republican,Michael James FARIS,2,0,2,0,0
Daviess,B103,U.S. Senate,,Republican,Nate MORRIS,10,3,4,2,1
Daviess,B103,U.S. Senate,,Republican,Other Donald WENZEL,0,0,0,0,0
Daviess,B103,U.S. Senate,,Republican,Jonathan M. HOLLIDAY,0,0,0,0,0
Daviess,B103,U.S. Senate,,Republican,George WASHINGTON,6,1,5,0,0
Daviess,B103,U.S. Senate,,Republican,Andy BARR,133,26,102,4,1
Daviess,B103,U.S. Senate,,Republican,Daniel CAMERON,87,16,71,0,0
Daviess,B103,U.S. Senate,,Republican,Jimmy I. LEON,0,0,0,0,0
Daviess,B103,U.S. Senate,,Republican,James D. DUNCAN,1,0,1,0,0
Daviess,B103,U.S. Senate,,,Under Votes,20,2,18,0,0
Daviess,B103,U.S. Senate,,,Over Votes,1,0,1,0,0
Daviess,B103,Ballots Cast,,,,487,,,,
Daviess,B103,U.S. House,2,Republican,"G. ""Shay"" PERRY-ADELMANN",13,2,11,0,0
Daviess,B103,U.S. House,2,Republican,S. Brett GUTHRIE,213,40,166,5,2
Daviess,B103,U.S. House,2,Republican,Joshua M. FERGUSON,20,4,15,1,0
Daviess,B103,U.S. House,2,,Under Votes,38,10,26,2,0
Daviess,B103,U.S. House,2,,Over Votes,0,0,0,0,0
Daviess,B103,County Judge/Executive,,,Charlie CASTLEN,165,30,128,5,2
Daviess,B103,County Judge/Executive,,,Janie MARKSBERRY,77,18,58,1,0
Daviess,B103,County Judge/Executive,,,Under Votes,13,0,12,1,0
Daviess,B103,County Judge/Executive,,,Over Votes,0,0,0,0,0
Daviess,B103,County Clerk,,,Matt GALLOWAY,101,20,79,1,1
Daviess,B103,County Clerk,,,Leslie A. McCARTY,132,26,100,5,1
Daviess,B103,County Clerk,,,Under Votes,22,2,19,1,0
Daviess,B103,County Clerk,,,Over Votes,0,0,0,0,0
Daviess,B103,County Commissioner Central District,,,Robert MORRIS,98,16,78,3,1
Daviess,B103,County Commissioner Central District,,,Larry CONDER,132,27,101,3,1
Daviess,B103,County Commissioner Central District,,,Under Votes,24,5,18,1,0
Daviess,B103,County Commissioner Central District,,,Over Votes,1,0,1,0,0
Daviess,B103,County Commissioner East District,,,Steven SHAKE,99,22,74,3,0
Daviess,B103,County Commissioner East District,,,Joe HAGAN,83,17,63,2,1
Daviess,B103,County Commissioner East District,,,Shane COX,46,5,39,1,1
Daviess,B103,County Commissioner East District,,,Under Votes,27,4,22,1,0
Daviess,B103,County Commissioner East District,,,Over Votes,0,0,0,0,0
Daviess,B103,County Commissioner West District,,,Christopher T. CASTLEN,159,31,122,4,2
Daviess,B103,County Commissioner West District,,,Dustin WARREN,63,11,50,2,0
Daviess,B103,County Commissioner West District,,,Under Votes,33,6,26,1,0
Daviess,B103,County Commissioner West District,,,Over Votes,0,0,0,0,0
Daviess,B103,U.S. Senate,,Democratic,Logan FORSYTHE,9,2,7,0,0
Daviess,B103,U.S. Senate,,Democratic,Amy McGRATH,101,28,62,11,0
Daviess,B103,U.S. Senate,,Democratic,Dale Lewis ROMANS,5,0,4,1,0
Daviess,B103,U.S. Senate,,Democratic,Joshua BLANTON SR.,3,1,2,0,0
Daviess,B103,U.S. Senate,,Democratic,Vincent Anthony THOMPSON,4,1,3,0,0
Daviess,B103,U.S. Senate,,Democratic,Charles BOOKER,70,13,53,2,2
Daviess,B103,U.S. Senate,,Democratic,Pamela STEVENSON,15,2,12,1,0
Daviess,B103,U.S. House,2,Democratic,David S. HATFIELD,37,6,30,1,0
Daviess,B103,U.S. House,2,Democratic,Megan WINGFIELD,75,17,51,5,2
Daviess,B103,U.S. House,2,Democratic,Hank LINDERMAN,45,13,28,4,0
Daviess,B103,U.S. House,2,Democratic,William Dakota COMPTON,32,4,24,4,0
Daviess,B103,Justice OF THE Peace Central Magisterial District,,,Craig POUNDS,62,11,45,5,1
Daviess,B103,Justice OF THE Peace Central Magisterial District,,,Chris SAALWAECHTER,119,27,81,10,1
Daviess,B103,Justice OF THE Peace Central Magisterial District,,,Under Votes,37,10,27,0,0
Daviess,B103,Justice OF THE Peace Central Magisterial District,,,Over Votes,0,0,0,0,0
Daviess,B103,"District Judge, 6th Judicial District",1,,J. Nick PAYNE,128,24,96,6,2
Daviess,B103,"District Judge, 6th Judicial District",1,,William C. MATTINGLY,83,23,56,3,1
Daviess,B103,"District Judge, 6th Judicial District",1,,W. Russell DUTY,82,14,64,4,0
Daviess,B103,"District Judge, 6th Judicial District",1,,Lelah ROGERS,143,26,107,9,1
Daviess,B103,"District Judge, 6th Judicial District",1,,Under Votes,50,12,37,1,0
Daviess,B103,"District Judge, 6th Judicial District",1,,Over Votes,1,0,1,0,0
Daviess,B103,City Commissioners City OF Owensboro,,,Jeff SANFORD,181,39,133,9,0
Daviess,B103,City Commissioners City OF Owensboro,,,Steve JOHNSON,156,37,115,4,0
Daviess,B103,City Commissioners City OF Owensboro,,,Harley METCALF,70,8,56,5,1
Daviess,B103,City Commissioners City OF Owensboro,,,Bob GLENN,196,38,146,12,0
Daviess,B103,City Commissioners City OF Owensboro,,,Pamela L. SMITH-WRIGHT,172,44,121,6,1
Daviess,B103,City Commissioners City OF Owensboro,,,Tyler GOAD,93,23,65,5,0
Daviess,B103,City Commissioners City OF Owensboro,,,Sharon Gail NeSMITH,175,39,124,11,1
Daviess,B103,City Commissioners City OF Owensboro,,,Curtis MAGLINGER,174,41,118,15,0
Daviess,B103,City Commissioners City OF Owensboro,,,John Ross MARTIN,102,13,85,3,1
Daviess,B103,City Commissioners City OF Owensboro,,,Under Votes,397,86,293,18,0
Daviess,B103,City Commissioners City OF Owensboro,,,Over Votes,0,0,0,0,0
Daviess,B104,U.S. Senate,,Republican,Anissa CATLETT,9,2,7,0,0
Daviess,B104,U.S. Senate,,Republican,A. Nick SHELLEY,1,0,1,0,0
Daviess,B104,U.S. Senate,,Republican,"Valerie ""Dr Val"" FREDRICK",6,0,6,0,0
Daviess,B104,U.S. Senate,,Republican,Michael James FARIS,14,2,12,0,0
Daviess,B104,U.S. Senate,,Republican,Nate MORRIS,14,0,14,0,0
Daviess,B104,U.S. Senate,,Republican,Other Donald WENZEL,2,0,2,0,0
Daviess,B104,U.S. Senate,,Republican,Jonathan M. HOLLIDAY,0,0,0,0,0
Daviess,B104,U.S. Senate,,Republican,George WASHINGTON,5,1,4,0,0
Daviess,B104,U.S. Senate,,Republican,Andy BARR,126,36,87,3,0
Daviess,B104,U.S. Senate,,Republican,Daniel CAMERON,106,21,83,1,1
Daviess,B104,U.S. Senate,,Republican,Jimmy I. LEON,0,0,0,0,0
Daviess,B104,U.S. Senate,,Republican,James D. DUNCAN,1,0,1,0,0
Daviess,B104,U.S. Senate,,,Under Votes,27,5,17,3,2
Daviess,B104,U.S. Senate,,,Over Votes,3,0,3,0,0
Daviess,B104,Ballots Cast,,,,725,,,,
Daviess,B104,U.S. House,2,Republican,"G. ""Shay"" PERRY-ADELMANN",24,4,20,0,0
Daviess,B104,U.S. House,2,Republican,S. Brett GUTHRIE,217,52,163,2,0
Daviess,B104,U.S. House,2,Republican,Joshua M. FERGUSON,28,4,23,1,0
Daviess,B104,U.S. House,2,,Under Votes,89,22,57,7,3
Daviess,B104,U.S. House,2,,Over Votes,0,0,0,0,0
Daviess,B104,County Judge/Executive,,,Charlie CASTLEN,192,42,146,4,0
Daviess,B104,County Judge/Executive,,,Janie MARKSBERRY,90,20,69,0,1
Daviess,B104,County Judge/Executive,,,Under Votes,11,2,9,0,0
Daviess,B104,County Judge/Executive,,,Over Votes,0,0,0,0,0
Daviess,B104,County Clerk,,,Matt GALLOWAY,105,21,83,1,0
Daviess,B104,County Clerk,,,Leslie A. McCARTY,168,41,123,3,1
Daviess,B104,County Clerk,,,Under Votes,20,2,18,0,0
Daviess,B104,County Clerk,,,Over Votes,0,0,0,0,0
Daviess,B104,County Commissioner Central District,,,Robert MORRIS,105,15,89,1,0
Daviess,B104,County Commissioner Central District,,,Larry CONDER,162,42,116,3,1
Daviess,B104,County Commissioner Central District,,,Under Votes,26,7,19,0,0
Daviess,B104,County Commissioner Central District,,,Over Votes,0,0,0,0,0
Daviess,B104,County Commissioner East District,,,Steven SHAKE,84,19,64,1,0
Daviess,B104,County Commissioner East District,,,Joe HAGAN,99,27,70,2,0
Daviess,B104,County Commissioner East District,,,Shane COX,75,12,62,0,1
Daviess,B104,County Commissioner East District,,,Under Votes,35,6,28,1,0
Daviess,B104,County Commissioner East District,,,Over Votes,0,0,0,0,0
Daviess,B104,County Commissioner West District,,,Christopher T. CASTLEN,194,48,142,3,1
Daviess,B104,County Commissioner West District,,,Dustin WARREN,65,10,54,1,0
Daviess,B104,County Commissioner West District,,,Under Votes,34,6,28,0,0
Daviess,B104,County Commissioner West District,,,Over Votes,0,0,0,0,0
Daviess,B104,U.S. Senate,,Democratic,Logan FORSYTHE,7,2,5,0,0
Daviess,B104,U.S. Senate,,Democratic,Amy McGRATH,183,73,99,8,3
Daviess,B104,U.S. Senate,,Democratic,Dale Lewis ROMANS,4,2,2,0,0
Daviess,B104,U.S. Senate,,Democratic,Joshua BLANTON SR.,6,1,5,0,0
Daviess,B104,U.S. Senate,,Democratic,Vincent Anthony THOMPSON,3,1,2,0,0
Daviess,B104,U.S. Senate,,Democratic,Charles BOOKER,168,28,129,9,2
Daviess,B104,U.S. Senate,,Democratic,Pamela STEVENSON,16,6,9,1,0
Daviess,B104,U.S. House,2,Democratic,David S. HATFIELD,58,10,44,3,1
Daviess,B104,U.S. House,2,Democratic,Megan WINGFIELD,123,31,88,3,1
Daviess,B104,U.S. House,2,Democratic,Hank LINDERMAN,100,38,54,6,2
Daviess,B104,U.S. House,2,Democratic,William Dakota COMPTON,62,19,39,3,1
Daviess,B104,Justice OF THE Peace Central Magisterial District,,,Craig POUNDS,86,24,59,3,0
Daviess,B104,Justice OF THE Peace Central Magisterial District,,,Chris SAALWAECHTER,226,62,152,9,3
Daviess,B104,Justice OF THE Peace Central Magisterial District,,,Under Votes,96,30,53,9,4
Daviess,B104,Justice OF THE Peace Central Magisterial District,,,Over Votes,0,0,0,0,0
Daviess,B104,"District Judge, 6th Judicial District",1,,J. Nick PAYNE,155,28,118,7,2
Daviess,B104,"District Judge, 6th Judicial District",1,,William C. MATTINGLY,107,37,70,0,0
Daviess,B104,"District Judge, 6th Judicial District",1,,W. Russell DUTY,149,43,102,3,1
Daviess,B104,"District Judge, 6th Judicial District",1,,Lelah ROGERS,258,65,177,13,3
Daviess,B104,"District Judge, 6th Judicial District",1,,Under Votes,56,13,38,3,2
Daviess,B104,"District Judge, 6th Judicial District",1,,Over Votes,0,0,0,0,0
Daviess,B104,City Commissioners City OF Owensboro,,,Jeff SANFORD,239,61,169,7,2
Daviess,B104,City Commissioners City OF Owensboro,,,Steve JOHNSON,222,60,155,3,4
Daviess,B104,City Commissioners City OF Owensboro,,,Harley METCALF,144,26,114,4,0
Daviess,B104,City Commissioners City OF Owensboro,,,Bob GLENN,316,103,196,14,3
Daviess,B104,City Commissioners City OF Owensboro,,,Pamela L. SMITH-WRIGHT,348,102,224,17,5
Daviess,B104,City Commissioners City OF Owensboro,,,Tyler GOAD,217,54,156,4,3
Daviess,B104,City Commissioners City OF Owensboro,,,Sharon Gail NeSMITH,294,91,190,9,4
Daviess,B104,City Commissioners City OF Owensboro,,,Curtis MAGLINGER,229,60,161,5,3
Daviess,B104,City Commissioners City OF Owensboro,,,John Ross MARTIN,177,41,133,2,1
Daviess,B104,City Commissioners City OF Owensboro,,,Under Votes,706,146,514,39,7
Daviess,B104,City Commissioners City OF Owensboro,,,Over Votes,2,0,2,0,0
Daviess,B105,U.S. Senate,,Republican,Anissa CATLETT,4,1,3,0,0
Daviess,B105,U.S. Senate,,Republican,A. Nick SHELLEY,3,0,3,0,0
Daviess,B105,U.S. Senate,,Republican,"Valerie ""Dr Val"" FREDRICK",2,1,1,0,0
Daviess,B105,U.S. Senate,,Republican,Michael James FARIS,7,0,7,0,0
Daviess,B105,U.S. Senate,,Republican,Nate MORRIS,6,0,6,0,0
Daviess,B105,U.S. Senate,,Republican,Other Donald WENZEL,1,0,1,0,0
Daviess,B105,U.S. Senate,,Republican,Jonathan M. HOLLIDAY,1,0,1,0,0
Daviess,B105,U.S. Senate,,Republican,George WASHINGTON,5,0,5,0,0
Daviess,B105,U.S. Senate,,Republican,Andy BARR,153,30,117,3,3
Daviess,B105,U.S. Senate,,Republican,Daniel CAMERON,63,11,50,1,1
Daviess,B105,U.S. Senate,,Republican,Jimmy I. LEON,0,0,0,0,0
Daviess,B105,U.S. Senate,,Republican,James D. DUNCAN,6,0,6,0,0
Daviess,B105,U.S. Senate,,,Under Votes,22,2,19,1,0
Daviess,B105,U.S. Senate,,,Over Votes,4,0,4,0,0
Daviess,B105,Ballots Cast,,,,569,,,,
Daviess,B105,U.S. House,2,Republican,"G. ""Shay"" PERRY-ADELMANN",12,1,11,0,0
Daviess,B105,U.S. House,2,Republican,S. Brett GUTHRIE,206,38,160,4,4
Daviess,B105,U.S. House,2,Republican,Joshua M. FERGUSON,31,2,29,0,0
Daviess,B105,U.S. House,2,,Under Votes,41,8,31,2,0
Daviess,B105,U.S. House,2,,Over Votes,0,0,0,0,0
Daviess,B105,County Judge/Executive,,,Charlie CASTLEN,158,25,128,2,3
Daviess,B105,County Judge/Executive,,,Janie MARKSBERRY,97,16,79,2,0
Daviess,B105,County Judge/Executive,,,Under Votes,9,4,4,0,1
Daviess,B105,County Judge/Executive,,,Over Votes,0,0,0,0,0
Daviess,B105,County Clerk,,,Matt GALLOWAY,107,13,92,1,1
Daviess,B105,County Clerk,,,Leslie A. McCARTY,148,28,114,3,3
Daviess,B105,County Clerk,,,Under Votes,8,3,5,0,0
Daviess,B105,County Clerk,,,Over Votes,1,1,0,0,0
Daviess,B105,County Commissioner Central District,,,Robert MORRIS,101,12,86,2,1
Daviess,B105,County Commissioner Central District,,,Larry CONDER,139,27,108,2,2
Daviess,B105,County Commissioner Central District,,,Under Votes,24,6,17,0,1
Daviess,B105,County Commissioner Central District,,,Over Votes,0,0,0,0,0
Daviess,B105,County Commissioner East District,,,Steven SHAKE,92,20,69,2,1
Daviess,B105,County Commissioner East District,,,Joe HAGAN,79,11,65,1,2
Daviess,B105,County Commissioner East District,,,Shane COX,61,6,55,0,0
Daviess,B105,County Commissioner East District,,,Under Votes,32,8,22,1,1
Daviess,B105,County Commissioner East District,,,Over Votes,0,0,0,0,0
Daviess,B105,County Commissioner West District,,,Christopher T. CASTLEN,147,36,107,3,1
Daviess,B105,County Commissioner West District,,,Dustin WARREN,83,4,78,0,1
Daviess,B105,County Commissioner West District,,,Under Votes,34,5,26,1,2
Daviess,B105,County Commissioner West District,,,Over Votes,0,0,0,0,0
Daviess,B105,U.S. Senate,,Democratic,Logan FORSYTHE,9,1,7,1,0
Daviess,B105,U.S. Senate,,Democratic,Amy McGRATH,122,24,86,11,1
Daviess,B105,U.S. Senate,,Democratic,Dale Lewis ROMANS,2,1,1,0,0
Daviess,B105,U.S. Senate,,Democratic,Joshua BLANTON SR.,8,0,7,1,0
Daviess,B105,U.S. Senate,,Democratic,Vincent Anthony THOMPSON,6,0,6,0,0
Daviess,B105,U.S. Senate,,Democratic,Charles BOOKER,105,24,75,4,2
Daviess,B105,U.S. Senate,,Democratic,Pamela STEVENSON,12,3,9,0,0
Daviess,B105,U.S. House,2,Democratic,David S. HATFIELD,61,10,45,6,0
Daviess,B105,U.S. House,2,Democratic,Megan WINGFIELD,85,13,67,4,1
Daviess,B105,U.S. House,2,Democratic,Hank LINDERMAN,58,15,38,3,2
Daviess,B105,U.S. House,2,Democratic,William Dakota COMPTON,47,11,33,3,0
Daviess,B105,Justice OF THE Peace Central Magisterial District,,,Craig POUNDS,58,10,44,4,0
Daviess,B105,Justice OF THE Peace Central Magisterial District,,,Chris SAALWAECHTER,170,33,125,10,2
Daviess,B105,Justice OF THE Peace Central Magisterial District,,,Under Votes,49,10,34,4,1
Daviess,B105,Justice OF THE Peace Central Magisterial District,,,Over Votes,0,0,0,0,0
Daviess,B105,"District Judge, 6th Judicial District",1,,J. Nick PAYNE,144,17,117,7,3
Daviess,B105,"District Judge, 6th Judicial District",1,,William C. MATTINGLY,96,19,70,6,1
Daviess,B105,"District Judge, 6th Judicial District",1,,W. Russell DUTY,88,17,69,1,1
Daviess,B105,"District Judge, 6th Judicial District",1,,Lelah ROGERS,187,38,140,7,2
Daviess,B105,"District Judge, 6th Judicial District",1,,Under Votes,53,11,39,3,0
Daviess,B105,"District Judge, 6th Judicial District",1,,Over Votes,1,1,0,0,0
Daviess,B105,City Commissioners City OF Owensboro,,,Jeff SANFORD,225,33,179,9,4
Daviess,B105,City Commissioners City OF Owensboro,,,Steve JOHNSON,156,27,124,3,2
Daviess,B105,City Commissioners City OF Owensboro,,,Harley METCALF,121,23,92,4,2
Daviess,B105,City Commissioners City OF Owensboro,,,Bob GLENN,245,47,179,16,3
Daviess,B105,City Commissioners City OF Owensboro,,,Pamela L. SMITH-WRIGHT,245,46,181,15,3
Daviess,B105,City Commissioners City OF Owensboro,,,Tyler GOAD,136,22,110,2,2
Daviess,B105,City Commissioners City OF Owensboro,,,Sharon Gail NeSMITH,217,48,153,12,4
Daviess,B105,City Commissioners City OF Owensboro,,,Curtis MAGLINGER,218,45,158,12,3
Daviess,B105,City Commissioners City OF Owensboro,,,John Ross MARTIN,107,19,83,3,2
Daviess,B105,City Commissioners City OF Owensboro,,,Under Votes,522,82,417,20,3
Daviess,B105,City Commissioners City OF Owensboro,,,Over Votes,0,0,0,0,0
Daviess,B106,U.S. Senate,,Republican,Anissa CATLETT,0,0,0,0,0
Daviess,B106,U.S. Senate,,Republican,A. Nick SHELLEY,0,0,0,0,0
Daviess,B106,U.S. Senate,,Republican,"Valerie ""Dr Val"" FREDRICK",0,0,0,0,0
Daviess,B106,U.S. Senate,,Republican,Michael James FARIS,0,0,0,0,0
Daviess,B106,U.S. Senate,,Republican,Nate MORRIS,4,0,3,1,0
Daviess,B106,U.S. Senate,,Republican,Other Donald WENZEL,0,0,0,0,0
Daviess,B106,U.S. Senate,,Republican,Jonathan M. HOLLIDAY,0,0,0,0,0
Daviess,B106,U.S. Senate,,Republican,George WASHINGTON,0,0,0,0,0
Daviess,B106,U.S. Senate,,Republican,Andy BARR,15,6,9,0,0
Daviess,B106,U.S. Senate,,Republican,Daniel CAMERON,3,0,2,1,0
Daviess,B106,U.S. Senate,,Republican,Jimmy I. LEON,0,0,0,0,0
Daviess,B106,U.S. Senate,,Republican,James D. DUNCAN,0,0,0,0,0
Daviess,B106,U.S. Senate,,,Under Votes,0,0,0,0,0
Daviess,B106,U.S. Senate,,,Over Votes,1,1,0,0,0
Daviess,B106,Ballots Cast,,,,42,,,,
Daviess,B106,U.S. House,2,Republican,"G. ""Shay"" PERRY-ADELMANN",1,1,0,0,0
Daviess,B106,U.S. House,2,Republican,S. Brett GUTHRIE,19,5,12,2,0
Daviess,B106,U.S. House,2,Republican,Joshua M. FERGUSON,3,1,2,0,0
Daviess,B106,U.S. House,2,,Under Votes,1,1,0,0,0
Daviess,B106,U.S. House,2,,Over Votes,0,0,0,0,0
Daviess,B106,County Judge/Executive,,,Charlie CASTLEN,10,2,6,2,0
Daviess,B106,County Judge/Executive,,,Janie MARKSBERRY,10,4,6,0,0
Daviess,B106,County Judge/Executive,,,Under Votes,3,1,2,0,0
Daviess,B106,County Judge/Executive,,,Over Votes,0,0,0,0,0
Daviess,B106,County Clerk,,,Matt GALLOWAY,9,3,5,1,0
Daviess,B106,County Clerk,,,Leslie A. McCARTY,11,3,7,1,0
Daviess,B106,County Clerk,,,Under Votes,3,1,2,0,0
Daviess,B106,County Clerk,,,Over Votes,0,0,0,0,0
Daviess,B106,County Commissioner Central District,,,Robert MORRIS,12,4,6,2,0
Daviess,B106,County Commissioner Central District,,,Larry CONDER,8,3,5,0,0
Daviess,B106,County Commissioner Central District,,,Under Votes,3,0,3,0,0
Daviess,B106,County Commissioner Central District,,,Over Votes,0,0,0,0,0
Daviess,B106,County Commissioner East District,,,Steven SHAKE,6,0,6,0,0
Daviess,B106,County Commissioner East District,,,Joe HAGAN,6,5,1,0,0
Daviess,B106,County Commissioner East District,,,Shane COX,6,1,4,1,0
Daviess,B106,County Commissioner East District,,,Under Votes,5,1,3,1,0
Daviess,B106,County Commissioner East District,,,Over Votes,0,0,0,0,0
Daviess,B106,County Commissioner West District,,,Christopher T. CASTLEN,10,4,6,0,0
Daviess,B106,County Commissioner West District,,,Dustin WARREN,9,2,5,2,0
Daviess,B106,County Commissioner West District,,,Under Votes,4,1,3,0,0
Daviess,B106,County Commissioner West District,,,Over Votes,0,0,0,0,0
Daviess,B106,U.S. Senate,,Democratic,Logan FORSYTHE,1,0,1,0,0
Daviess,B106,U.S. Senate,,Democratic,Amy McGRATH,12,4,4,4,0
Daviess,B106,U.S. Senate,,Democratic,Dale Lewis ROMANS,0,0,0,0,0
Daviess,B106,U.S. Senate,,Democratic,Joshua BLANTON SR.,0,0,0,0,0
Daviess,B106,U.S. Senate,,Democratic,Vincent Anthony THOMPSON,1,0,1,0,0
Daviess,B106,U.S. Senate,,Democratic,Charles BOOKER,5,1,3,1,0
Daviess,B106,U.S. Senate,,Democratic,Pamela STEVENSON,0,0,0,0,0
Daviess,B106,U.S. House,2,Democratic,David S. HATFIELD,1,0,1,0,0
Daviess,B106,U.S. House,2,Democratic,Megan WINGFIELD,9,3,1,5,0
Daviess,B106,U.S. House,2,Democratic,Hank LINDERMAN,3,1,2,0,0
Daviess,B106,U.S. House,2,Democratic,William Dakota COMPTON,5,0,5,0,0
Daviess,B106,Justice OF THE Peace Central Magisterial District,,,Craig POUNDS,6,0,4,2,0
Daviess,B106,Justice OF THE Peace Central Magisterial District,,,Chris SAALWAECHTER,11,3,5,3,0
Daviess,B106,Justice OF THE Peace Central Magisterial District,,,Under Votes,2,2,0,0,0
Daviess,B106,Justice OF THE Peace Central Magisterial District,,,Over Votes,0,0,0,0,0
Daviess,B106,"District Judge, 6th Judicial District",1,,J. Nick PAYNE,14,3,9,2,0
Daviess,B106,"District Judge, 6th Judicial District",1,,William C. MATTINGLY,6,2,3,1,0
Daviess,B106,"District Judge, 6th Judicial District",1,,W. Russell DUTY,6,3,2,1,0
Daviess,B106,"District Judge, 6th Judicial District",1,,Lelah ROGERS,10,3,6,1,0
Daviess,B106,"District Judge, 6th Judicial District",1,,Under Votes,6,1,3,2,0
Daviess,B106,"District Judge, 6th Judicial District",1,,Over Votes,0,0,0,0,0
Daviess,B106,City Commissioners City OF Owensboro,,,Jeff SANFORD,19,6,8,5,0
Daviess,B106,City Commissioners City OF Owensboro,,,Steve JOHNSON,12,4,5,3,0
Daviess,B106,City Commissioners City OF Owensboro,,,Harley METCALF,3,0,2,1,0
Daviess,B106,City Commissioners City OF Owensboro,,,Bob GLENN,19,6,9,4,0
Daviess,B106,City Commissioners City OF Owensboro,,,Pamela L. SMITH-WRIGHT,19,7,7,5,0
Daviess,B106,City Commissioners City OF Owensboro,,,Tyler GOAD,8,0,7,1,0
Daviess,B106,City Commissioners City OF Owensboro,,,Sharon Gail NeSMITH,19,6,8,5,0
Daviess,B106,City Commissioners City OF Owensboro,,,Curtis MAGLINGER,22,6,13,3,0
Daviess,B106,City Commissioners City OF Owensboro,,,John Ross MARTIN,8,2,5,1,0
Daviess,B106,City Commissioners City OF Owensboro,,,Under Votes,39,11,28,0,0
Daviess,B106,City Commissioners City OF Owensboro,,,Over Votes,0,0,0,0,0
Daviess,B107,U.S. Senate,,Republican,Anissa CATLETT,3,0,1,2,0
Daviess,B107,U.S. Senate,,Republican,A. Nick SHELLEY,1,0,1,0,0
Daviess,B107,U.S. Senate,,Republican,"Valerie ""Dr Val"" FREDRICK",1,0,0,0,1
Daviess,B107,U.S. Senate,,Republican,Michael James FARIS,5,1,4,0,0
Daviess,B107,U.S. Senate,,Republican,Nate MORRIS,6,1,5,0,0
Daviess,B107,U.S. Senate,,Republican,Other Donald WENZEL,1,1,0,0,0
Daviess,B107,U.S. Senate,,Republican,Jonathan M. HOLLIDAY,1,0,1,0,0
Daviess,B107,U.S. Senate,,Republican,George WASHINGTON,3,1,2,0,0
Daviess,B107,U.S. Senate,,Republican,Andy BARR,69,21,48,0,0
Daviess,B107,U.S. Senate,,Republican,Daniel CAMERON,25,7,17,1,0
Daviess,B107,U.S. Senate,,Republican,Jimmy I. LEON,0,0,0,0,0
Daviess,B107,U.S. Senate,,Republican,James D. DUNCAN,0,0,0,0,0
Daviess,B107,U.S. Senate,,,Under Votes,12,1,11,0,0
Daviess,B107,U.S. Senate,,,Over Votes,1,0,1,0,0
Daviess,B107,Ballots Cast,,,,272,,,,
Daviess,B107,U.S. House,2,Republican,"G. ""Shay"" PERRY-ADELMANN",9,2,5,2,0
Daviess,B107,U.S. House,2,Republican,S. Brett GUTHRIE,92,28,63,1,0
Daviess,B107,U.S. House,2,Republican,Joshua M. FERGUSON,12,3,8,0,1
Daviess,B107,U.S. House,2,,Under Votes,25,6,19,0,0
Daviess,B107,U.S. House,2,,Over Votes,0,0,0,0,0
Daviess,B107,County Judge/Executive,,,Charlie CASTLEN,75,23,51,0,1
Daviess,B107,County Judge/Executive,,,Janie MARKSBERRY,38,10,25,3,0
Daviess,B107,County Judge/Executive,,,Under Votes,3,0,3,0,0
Daviess,B107,County Judge/Executive,,,Over Votes,1,0,1,0,0
Daviess,B107,County Clerk,,,Matt GALLOWAY,46,13,33,0,0
Daviess,B107,County Clerk,,,Leslie A. McCARTY,64,19,41,3,1
Daviess,B107,County Clerk,,,Under Votes,7,1,6,0,0
Daviess,B107,County Clerk,,,Over Votes,0,0,0,0,0
Daviess,B107,County Commissioner Central District,,,Robert MORRIS,49,21,25,3,0
Daviess,B107,County Commissioner Central District,,,Larry CONDER,58,11,46,0,1
Daviess,B107,County Commissioner Central District,,,Under Votes,10,1,9,0,0
Daviess,B107,County Commissioner Central District,,,Over Votes,0,0,0,0,0
Daviess,B107,County Commissioner East District,,,Steven SHAKE,42,12,30,0,0
Daviess,B107,County Commissioner East District,,,Joe HAGAN,31,7,21,2,1
Daviess,B107,County Commissioner East District,,,Shane COX,37,10,26,1,0
Daviess,B107,County Commissioner East District,,,Under Votes,7,4,3,0,0
Daviess,B107,County Commissioner East District,,,Over Votes,0,0,0,0,0
Daviess,B107,County Commissioner West District,,,Christopher T. CASTLEN,67,17,47,2,1
Daviess,B107,County Commissioner West District,,,Dustin WARREN,35,12,22,1,0
Daviess,B107,County Commissioner West District,,,Under Votes,14,4,10,0,0
Daviess,B107,County Commissioner West District,,,Over Votes,1,0,1,0,0
Daviess,B107,U.S. Senate,,Democratic,Logan FORSYTHE,2,0,1,1,0
Daviess,B107,U.S. Senate,,Democratic,Amy McGRATH,56,23,31,2,0
Daviess,B107,U.S. Senate,,Democratic,Dale Lewis ROMANS,4,2,2,0,0
Daviess,B107,U.S. Senate,,Democratic,Joshua BLANTON SR.,3,0,1,2,0
Daviess,B107,U.S. Senate,,Democratic,Vincent Anthony THOMPSON,2,0,2,0,0
Daviess,B107,U.S. Senate,,Democratic,Charles BOOKER,60,19,41,0,0
Daviess,B107,U.S. Senate,,Democratic,Pamela STEVENSON,6,1,5,0,0
Daviess,B107,U.S. House,2,Democratic,David S. HATFIELD,21,4,16,1,0
Daviess,B107,U.S. House,2,Democratic,Megan WINGFIELD,36,13,22,1,0
Daviess,B107,U.S. House,2,Democratic,Hank LINDERMAN,42,15,25,2,0
Daviess,B107,U.S. House,2,Democratic,William Dakota COMPTON,24,7,16,1,0
Daviess,B107,Justice OF THE Peace Central Magisterial District,,,Craig POUNDS,20,6,13,1,0
Daviess,B107,Justice OF THE Peace Central Magisterial District,,,Chris SAALWAECHTER,90,25,61,4,0
Daviess,B107,Justice OF THE Peace Central Magisterial District,,,Under Votes,34,14,20,0,0
Daviess,B107,Justice OF THE Peace Central Magisterial District,,,Over Votes,0,0,0,0,0
Daviess,B107,"District Judge, 6th Judicial District",1,,J. Nick PAYNE,62,14,43,5,0
Daviess,B107,"District Judge, 6th Judicial District",1,,William C. MATTINGLY,45,12,32,1,0
Daviess,B107,"District Judge, 6th Judicial District",1,,W. Russell DUTY,45,18,27,0,0
Daviess,B107,"District Judge, 6th Judicial District",1,,Lelah ROGERS,105,31,70,3,1
Daviess,B107,"District Judge, 6th Judicial District",1,,Under Votes,15,5,10,0,0
Daviess,B107,"District Judge, 6th Judicial District",1,,Over Votes,0,0,0,0,0
Daviess,B107,City Commissioners City OF Owensboro,,,Jeff SANFORD,108,28,72,7,1
Daviess,B107,City Commissioners City OF Owensboro,,,Steve JOHNSON,74,17,56,1,0
Daviess,B107,City Commissioners City OF Owensboro,,,Harley METCALF,63,17,42,3,1
Daviess,B107,City Commissioners City OF Owensboro,,,Bob GLENN,132,42,84,6,0
Daviess,B107,City Commissioners City OF Owensboro,,,Pamela L. SMITH-WRIGHT,116,40,73,3,0
Daviess,B107,City Commissioners City OF Owensboro,,,Tyler GOAD,73,17,51,5,0
Daviess,B107,City Commissioners City OF Owensboro,,,Sharon Gail NeSMITH,115,38,71,5,1
Daviess,B107,City Commissioners City OF Owensboro,,,Curtis MAGLINGER,101,28,70,2,1
Daviess,B107,City Commissioners City OF Owensboro,,,John Ross MARTIN,59,20,38,1,0
Daviess,B107,City Commissioners City OF Owensboro,,,Under Votes,239,73,163,3,0
Daviess,B107,City Commissioners City OF Owensboro,,,Over Votes,2,0,2,0,0
Daviess,B108,U.S. Senate,,Republican,Anissa CATLETT,1,0,1,0,0
Daviess,B108,U.S. Senate,,Republican,A. Nick SHELLEY,0,0,0,0,0
Daviess,B108,U.S. Senate,,Republican,"Valerie ""Dr Val"" FREDRICK",4,1,3,0,0
Daviess,B108,U.S. Senate,,Republican,Michael James FARIS,4,0,4,0,0
Daviess,B108,U.S. Senate,,Republican,Nate MORRIS,4,1,1,1,1
Daviess,B108,U.S. Senate,,Republican,Other Donald WENZEL,1,0,1,0,0
Daviess,B108,U.S. Senate,,Republican,Jonathan M. HOLLIDAY,2,1,1,0,0
Daviess,B108,U.S. Senate,,Republican,George WASHINGTON,2,1,1,0,0
Daviess,B108,U.S. Senate,,Republican,Andy BARR,88,20,65,2,1
Daviess,B108,U.S. Senate,,Republican,Daniel CAMERON,46,9,35,0,2
Daviess,B108,U.S. Senate,,Republican,Jimmy I. LEON,0,0,0,0,0
Daviess,B108,U.S. Senate,,Republican,James D. DUNCAN,0,0,0,0,0
Daviess,B108,U.S. Senate,,,Under Votes,6,3,3,0,0
Daviess,B108,U.S. Senate,,,Over Votes,1,0,1,0,0
Daviess,B108,Ballots Cast,,,,333,,,,
Daviess,B108,U.S. House,2,Republican,"G. ""Shay"" PERRY-ADELMANN",10,4,6,0,0
Daviess,B108,U.S. House,2,Republican,S. Brett GUTHRIE,126,26,94,2,4
Daviess,B108,U.S. House,2,Republican,Joshua M. FERGUSON,10,1,9,0,0
Daviess,B108,U.S. House,2,,Under Votes,30,10,16,4,0
Daviess,B108,U.S. House,2,,Over Votes,0,0,0,0,0
Daviess,B108,County Judge/Executive,,,Charlie CASTLEN,89,19,65,1,4
Daviess,B108,County Judge/Executive,,,Janie MARKSBERRY,62,14,46,2,0
Daviess,B108,County Judge/Executive,,,Under Votes,5,1,4,0,0
Daviess,B108,County Judge/Executive,,,Over Votes,0,0,0,0,0
Daviess,B108,County Clerk,,,Matt GALLOWAY,57,11,44,0,2
Daviess,B108,County Clerk,,,Leslie A. McCARTY,93,22,66,3,2
Daviess,B108,County Clerk,,,Under Votes,6,1,5,0,0
Daviess,B108,County Clerk,,,Over Votes,0,0,0,0,0
Daviess,B108,County Commissioner Central District,,,Robert MORRIS,73,17,55,1,0
Daviess,B108,County Commissioner Central District,,,Larry CONDER,72,16,50,2,4
Daviess,B108,County Commissioner Central District,,,Under Votes,11,1,10,0,0
Daviess,B108,County Commissioner Central District,,,Over Votes,0,0,0,0,0
Daviess,B108,County Commissioner East District,,,Steven SHAKE,48,16,30,1,1
Daviess,B108,County Commissioner East District,,,Joe HAGAN,44,7,33,2,2
Daviess,B108,County Commissioner East District,,,Shane COX,45,7,37,0,1
Daviess,B108,County Commissioner East District,,,Under Votes,19,4,15,0,0
Daviess,B108,County Commissioner East District,,,Over Votes,0,0,0,0,0
Daviess,B108,County Commissioner West District,,,Christopher T. CASTLEN,96,26,64,2,4
Daviess,B108,County Commissioner West District,,,Dustin WARREN,52,5,46,1,0
Daviess,B108,County Commissioner West District,,,Under Votes,8,3,5,0,0
Daviess,B108,County Commissioner West District,,,Over Votes,0,0,0,0,0
Daviess,B108,U.S. Senate,,Democratic,Logan FORSYTHE,9,0,7,2,0
Daviess,B108,U.S. Senate,,Democratic,Amy McGRATH,77,33,36,7,1
Daviess,B108,U.S. Senate,,Democratic,Dale Lewis ROMANS,2,1,1,0,0
Daviess,B108,U.S. Senate,,Democratic,Joshua BLANTON SR.,1,0,1,0,0
Daviess,B108,U.S. Senate,,Democratic,Vincent Anthony THOMPSON,1,0,1,0,0
Daviess,B108,U.S. Senate,,Democratic,Charles BOOKER,66,14,50,1,1
Daviess,B108,U.S. Senate,,Democratic,Pamela STEVENSON,8,0,7,1,0
Daviess,B108,U.S. House,2,Democratic,David S. HATFIELD,28,10,18,0,0
Daviess,B108,U.S. House,2,Democratic,Megan WINGFIELD,45,14,30,1,0
Daviess,B108,U.S. House,2,Democratic,Hank LINDERMAN,41,12,23,4,2
Daviess,B108,U.S. House,2,Democratic,William Dakota COMPTON,33,7,23,3,0
Daviess,B108,Justice OF THE Peace Central Magisterial District,,,Craig POUNDS,31,8,22,1,0
Daviess,B108,Justice OF THE Peace Central Magisterial District,,,Chris SAALWAECHTER,100,28,64,6,2
Daviess,B108,Justice OF THE Peace Central Magisterial District,,,Under Votes,36,14,18,4,0
Daviess,B108,Justice OF THE Peace Central Magisterial District,,,Over Votes,0,0,0,0,0
Daviess,B108,"District Judge, 6th Judicial District",1,,J. Nick PAYNE,86,27,55,3,1
Daviess,B108,"District Judge, 6th Judicial District",1,,William C. MATTINGLY,58,12,44,2,0
Daviess,B108,"District Judge, 6th Judicial District",1,,W. Russell DUTY,51,10,39,0,2
Daviess,B108,"District Judge, 6th Judicial District",1,,Lelah ROGERS,113,31,71,8,3
Daviess,B108,"District Judge, 6th Judicial District",1,,Under Votes,24,5,17,2,0
Daviess,B108,"District Judge, 6th Judicial District",1,,Over Votes,1,0,1,0,0
Daviess,B108,City Commissioners City OF Owensboro,,,Jeff SANFORD,138,26,99,9,4
Daviess,B108,City Commissioners City OF Owensboro,,,Steve JOHNSON,106,26,74,3,3
Daviess,B108,City Commissioners City OF Owensboro,,,Harley METCALF,59,12,44,3,0
Daviess,B108,City Commissioners City OF Owensboro,,,Bob GLENN,148,38,98,8,4
Daviess,B108,City Commissioners City OF Owensboro,,,Pamela L. SMITH-WRIGHT,128,42,77,8,1
Daviess,B108,City Commissioners City OF Owensboro,,,Tyler GOAD,95,22,65,6,2
Daviess,B108,City Commissioners City OF Owensboro,,,Sharon Gail NeSMITH,149,51,84,10,4
Daviess,B108,City Commissioners City OF Owensboro,,,Curtis MAGLINGER,135,33,95,4,3
Daviess,B108,City Commissioners City OF Owensboro,,,John Ross MARTIN,63,15,45,2,1
Daviess,B108,City Commissioners City OF Owensboro,,,Under Votes,311,75,227,7,2
Daviess,B108,City Commissioners City OF Owensboro,,,Over Votes,0,0,0,0,0
Daviess,B109,U.S. Senate,,Republican,Anissa CATLETT,4,0,4,0,0
Daviess,B109,U.S. Senate,,Republican,A. Nick SHELLEY,0,0,0,0,0
Daviess,B109,U.S. Senate,,Republican,"Valerie ""Dr Val"" FREDRICK",1,0,1,0,0
Daviess,B109,U.S. Senate,,Republican,Michael James FARIS,2,1,1,0,0
Daviess,B109,U.S. Senate,,Republican,Nate MORRIS,2,1,1,0,0
Daviess,B109,U.S. Senate,,Republican,Other Donald WENZEL,1,0,1,0,0
Daviess,B109,U.S. Senate,,Republican,Jonathan M. HOLLIDAY,0,0,0,0,0
Daviess,B109,U.S. Senate,,Republican,George WASHINGTON,2,0,0,0,2
Daviess,B109,U.S. Senate,,Republican,Andy BARR,53,8,45,0,0
Daviess,B109,U.S. Senate,,Republican,Daniel CAMERON,33,7,26,0,0
Daviess,B109,U.S. Senate,,Republican,Jimmy I. LEON,2,1,1,0,0
Daviess,B109,U.S. Senate,,Republican,James D. DUNCAN,4,1,3,0,0
Daviess,B109,U.S. Senate,,,Under Votes,7,1,6,0,0
Daviess,B109,U.S. Senate,,,Over Votes,1,0,1,0,0
Daviess,B109,Ballots Cast,,,,256,,,,
Daviess,B109,U.S. House,2,Republican,"G. ""Shay"" PERRY-ADELMANN",7,2,4,0,1
Daviess,B109,U.S. House,2,Republican,S. Brett GUTHRIE,80,14,66,0,0
Daviess,B109,U.S. House,2,Republican,Joshua M. FERGUSON,8,2,6,0,0
Daviess,B109,U.S. House,2,,Under Votes,30,4,25,0,1
Daviess,B109,U.S. House,2,,Over Votes,0,0,0,0,0
Daviess,B109,County Judge/Executive,,,Charlie CASTLEN,58,13,45,0,0
Daviess,B109,County Judge/Executive,,,Janie MARKSBERRY,47,6,39,0,2
Daviess,B109,County Judge/Executive,,,Under Votes,5,0,5,0,0
Daviess,B109,County Judge/Executive,,,Over Votes,1,0,1,0,0
Daviess,B109,County Clerk,,,Matt GALLOWAY,47,6,41,0,0
Daviess,B109,County Clerk,,,Leslie A. McCARTY,59,13,44,0,2
Daviess,B109,County Clerk,,,Under Votes,5,0,5,0,0
Daviess,B109,County Clerk,,,Over Votes,0,0,0,0,0
Daviess,B109,County Commissioner Central District,,,Robert MORRIS,52,6,46,0,0
Daviess,B109,County Commissioner Central District,,,Larry CONDER,45,12,32,0,1
Daviess,B109,County Commissioner Central District,,,Under Votes,14,1,12,0,1
Daviess,B109,County Commissioner Central District,,,Over Votes,0,0,0,0,0
Daviess,B109,County Commissioner East District,,,Steven SHAKE,29,7,22,0,0
Daviess,B109,County Commissioner East District,,,Joe HAGAN,35,5,28,0,2
Daviess,B109,County Commissioner East District,,,Shane COX,32,6,26,0,0
Daviess,B109,County Commissioner East District,,,Under Votes,15,1,14,0,0
Daviess,B109,County Commissioner East District,,,Over Votes,0,0,0,0,0
Daviess,B109,County Commissioner West District,,,Christopher T. CASTLEN,65,14,49,0,2
Daviess,B109,County Commissioner West District,,,Dustin WARREN,30,3,27,0,0
Daviess,B109,County Commissioner West District,,,Under Votes,16,2,14,0,0
Daviess,B109,County Commissioner West District,,,Over Votes,0,0,0,0,0
Daviess,B109,U.S. Senate,,Democratic,Logan FORSYTHE,0,0,0,0,0
Daviess,B109,U.S. Senate,,Democratic,Amy McGRATH,71,20,48,3,0
Daviess,B109,U.S. Senate,,Democratic,Dale Lewis ROMANS,1,1,0,0,0
Daviess,B109,U.S. Senate,,Democratic,Joshua BLANTON SR.,4,1,3,0,0
Daviess,B109,U.S. Senate,,Democratic,Vincent Anthony THOMPSON,0,0,0,0,0
Daviess,B109,U.S. Senate,,Democratic,Charles BOOKER,59,13,45,0,1
Daviess,B109,U.S. Senate,,Democratic,Pamela STEVENSON,2,0,1,1,0
Daviess,B109,U.S. House,2,Democratic,David S. HATFIELD,11,3,8,0,0
Daviess,B109,U.S. House,2,Democratic,Megan WINGFIELD,67,16,50,1,0
Daviess,B109,U.S. House,2,Democratic,Hank LINDERMAN,32,10,19,2,1
Daviess,B109,U.S. House,2,Democratic,William Dakota COMPTON,14,4,9,1,0
Daviess,B109,Justice OF THE Peace Central Magisterial District,,,Craig POUNDS,35,6,29,0,0
Daviess,B109,Justice OF THE Peace Central Magisterial District,,,Chris SAALWAECHTER,80,23,52,4,1
Daviess,B109,Justice OF THE Peace Central Magisterial District,,,Under Votes,23,7,16,0,0
Daviess,B109,Justice OF THE Peace Central Magisterial District,,,Over Votes,0,0,0,0,0
Daviess,B109,"District Judge, 6th Judicial District",1,,J. Nick PAYNE,64,16,46,2,0
Daviess,B109,"District Judge, 6th Judicial District",1,,William C. MATTINGLY,44,12,32,0,0
Daviess,B109,"District Judge, 6th Judicial District",1,,W. Russell DUTY,38,10,25,2,1
Daviess,B109,"District Judge, 6th Judicial District",1,,Lelah ROGERS,94,19,74,0,1
Daviess,B109,"District Judge, 6th Judicial District",1,,Under Votes,16,1,14,0,1
Daviess,B109,"District Judge, 6th Judicial District",1,,Over Votes,0,0,0,0,0
Daviess,B109,City Commissioners City OF Owensboro,,,Jeff SANFORD,96,21,69,4,2
Daviess,B109,City Commissioners City OF Owensboro,,,Steve JOHNSON,65,23,40,1,1
Daviess,B109,City Commissioners City OF Owensboro,,,Harley METCALF,49,14,35,0,0
Daviess,B109,City Commissioners City OF Owensboro,,,Bob GLENN,120,31,83,4,2
Daviess,B109,City Commissioners City OF Owensboro,,,Pamela L. SMITH-WRIGHT,122,32,85,4,1
Daviess,B109,City Commissioners City OF Owensboro,,,Tyler GOAD,59,12,47,0,0
Daviess,B109,City Commissioners City OF Owensboro,,,Sharon Gail NeSMITH,107,28,76,1,2
Daviess,B109,City Commissioners City OF Owensboro,,,Curtis MAGLINGER,83,18,62,2,1
Daviess,B109,City Commissioners City OF Owensboro,,,John Ross MARTIN,52,10,42,0,0
Daviess,B109,City Commissioners City OF Owensboro,,,Under Votes,267,43,221,0,3
Daviess,B109,City Commissioners City OF Owensboro,,,Over Votes,1,0,1,0,0
Daviess,B110,U.S. Senate,,Republican,Anissa CATLETT,2,0,2,0,0
Daviess,B110,U.S. Senate,,Republican,A. Nick SHELLEY,0,0,0,0,0
Daviess,B110,U.S. Senate,,Republican,"Valerie ""Dr Val"" FREDRICK",1,1,0,0,0
Daviess,B110,U.S. Senate,,Republican,Michael James FARIS,1,1,0,0,0
Daviess,B110,U.S. Senate,,Republican,Nate MORRIS,1,0,1,0,0
Daviess,B110,U.S. Senate,,Republican,Other Donald WENZEL,0,0,0,0,0
Daviess,B110,U.S. Senate,,Republican,Jonathan M. HOLLIDAY,0,0,0,0,0
Daviess,B110,U.S. Senate,,Republican,George WASHINGTON,0,0,0,0,0
Daviess,B110,U.S. Senate,,Republican,Andy BARR,31,6,25,0,0
Daviess,B110,U.S. Senate,,Republican,Daniel CAMERON,12,4,8,0,0
Daviess,B110,U.S. Senate,,Republican,Jimmy I. LEON,0,0,0,0,0
Daviess,B110,U.S. Senate,,Republican,James D. DUNCAN,2,1,1,0,0
Daviess,B110,U.S. Senate,,,Under Votes,8,0,7,1,0
Daviess,B110,U.S. Senate,,,Over Votes,0,0,0,0,0
Daviess,B110,Ballots Cast,,,,124,,,,
Daviess,B110,U.S. House,2,Republican,"G. ""Shay"" PERRY-ADELMANN",5,3,2,0,0
Daviess,B110,U.S. House,2,Republican,S. Brett GUTHRIE,41,10,31,0,0
Daviess,B110,U.S. House,2,Republican,Joshua M. FERGUSON,3,0,3,0,0
Daviess,B110,U.S. House,2,,Under Votes,11,0,9,2,0
Daviess,B110,U.S. House,2,,Over Votes,0,0,0,0,0
Daviess,B110,County Judge/Executive,,,Charlie CASTLEN,25,8,17,0,0
Daviess,B110,County Judge/Executive,,,Janie MARKSBERRY,26,5,21,0,0
Daviess,B110,County Judge/Executive,,,Under Votes,2,0,2,0,0
Daviess,B110,County Judge/Executive,,,Over Votes,0,0,0,0,0
Daviess,B110,County Clerk,,,Matt GALLOWAY,20,5,15,0,0
Daviess,B110,County Clerk,,,Leslie A. McCARTY,30,8,22,0,0
Daviess,B110,County Clerk,,,Under Votes,3,0,3,0,0
Daviess,B110,County Clerk,,,Over Votes,0,0,0,0,0
Daviess,B110,County Commissioner Central District,,,Robert MORRIS,23,7,16,0,0
Daviess,B110,County Commissioner Central District,,,Larry CONDER,23,6,17,0,0
Daviess,B110,County Commissioner Central District,,,Under Votes,7,0,7,0,0
Daviess,B110,County Commissioner Central District,,,Over Votes,0,0,0,0,0
Daviess,B110,County Commissioner East District,,,Steven SHAKE,16,3,13,0,0
Daviess,B110,County Commissioner East District,,,Joe HAGAN,26,8,18,0,0
Daviess,B110,County Commissioner East District,,,Shane COX,6,2,4,0,0
Daviess,B110,County Commissioner East District,,,Under Votes,5,0,5,0,0
Daviess,B110,County Commissioner East District,,,Over Votes,0,0,0,0,0
Daviess,B110,County Commissioner West District,,,Christopher T. CASTLEN,26,8,18,0,0
Daviess,B110,County Commissioner West District,,,Dustin WARREN,18,5,13,0,0
Daviess,B110,County Commissioner West District,,,Under Votes,9,0,9,0,0
Daviess,B110,County Commissioner West District,,,Over Votes,0,0,0,0,0
Daviess,B110,U.S. Senate,,Democratic,Logan FORSYTHE,3,1,2,0,0
Daviess,B110,U.S. Senate,,Democratic,Amy McGRATH,17,4,12,1,0
Daviess,B110,U.S. Senate,,Democratic,Dale Lewis ROMANS,1,1,0,0,0
Daviess,B110,U.S. Senate,,Democratic,Joshua BLANTON SR.,0,0,0,0,0
Daviess,B110,U.S. Senate,,Democratic,Vincent Anthony THOMPSON,0,0,0,0,0
Daviess,B110,U.S. Senate,,Democratic,Charles BOOKER,31,3,28,0,0
Daviess,B110,U.S. Senate,,Democratic,Pamela STEVENSON,7,0,6,1,0
Daviess,B110,U.S. House,2,Democratic,David S. HATFIELD,5,1,3,1,0
Daviess,B110,U.S. House,2,Democratic,Megan WINGFIELD,28,1,27,0,0
Daviess,B110,U.S. House,2,Democratic,Hank LINDERMAN,13,6,7,0,0
Daviess,B110,U.S. House,2,Democratic,William Dakota COMPTON,11,1,10,0,0
Daviess,B110,Justice OF THE Peace Central Magisterial District,,,Craig POUNDS,20,1,19,0,0
Daviess,B110,Justice OF THE Peace Central Magisterial District,,,Chris SAALWAECHTER,31,6,23,2,0
Daviess,B110,Justice OF THE Peace Central Magisterial District,,,Under Votes,13,2,10,1,0
Daviess,B110,Justice OF THE Peace Central Magisterial District,,,Over Votes,0,0,0,0,0
Daviess,B110,"District Judge, 6th Judicial District",1,,J. Nick PAYNE,39,7,31,1,0
Daviess,B110,"District Judge, 6th Judicial District",1,,William C. MATTINGLY,18,4,13,1,0
Daviess,B110,"District Judge, 6th Judicial District",1,,W. Russell DUTY,20,4,16,0,0
Daviess,B110,"District Judge, 6th Judicial District",1,,Lelah ROGERS,35,5,29,1,0
Daviess,B110,"District Judge, 6th Judicial District",1,,Under Votes,12,2,10,0,0
Daviess,B110,"District Judge, 6th Judicial District",1,,Over Votes,0,0,0,0,0
Daviess,B110,City Commissioners City OF Owensboro,,,Jeff SANFORD,49,16,31,2,0
Daviess,B110,City Commissioners City OF Owensboro,,,Steve JOHNSON,39,10,29,0,0
Daviess,B110,City Commissioners City OF Owensboro,,,Harley METCALF,21,1,20,0,0
Daviess,B110,City Commissioners City OF Owensboro,,,Bob GLENN,59,12,44,3,0
Daviess,B110,City Commissioners City OF Owensboro,,,Pamela L. SMITH-WRIGHT,54,9,43,2,0
Daviess,B110,City Commissioners City OF Owensboro,,,Tyler GOAD,23,3,20,0,0
Daviess,B110,City Commissioners City OF Owensboro,,,Sharon Gail NeSMITH,43,9,33,1,0
Daviess,B110,City Commissioners City OF Owensboro,,,Curtis MAGLINGER,41,10,31,0,0
Daviess,B110,City Commissioners City OF Owensboro,,,John Ross MARTIN,25,2,23,0,0
Daviess,B110,City Commissioners City OF Owensboro,,,Under Votes,142,16,122,4,0
Daviess,B110,City Commissioners City OF Owensboro,,,Over Votes,0,0,0,0,0
Daviess,B111,U.S. Senate,,Republican,Anissa CATLETT,1,0,1,0,0
Daviess,B111,U.S. Senate,,Republican,A. Nick SHELLEY,0,0,0,0,0
Daviess,B111,U.S. Senate,,Republican,"Valerie ""Dr Val"" FREDRICK",2,0,2,0,0
Daviess,B111,U.S. Senate,,Republican,Michael James FARIS,2,0,2,0,0
Daviess,B111,U.S. Senate,,Republican,Nate MORRIS,3,0,3,0,0
Daviess,B111,U.S. Senate,,Republican,Other Donald WENZEL,0,0,0,0,0
Daviess,B111,U.S. Senate,,Republican,Jonathan M. HOLLIDAY,0,0,0,0,0
Daviess,B111,U.S. Senate,,Republican,George WASHINGTON,1,0,1,0,0
Daviess,B111,U.S. Senate,,Republican,Andy BARR,34,4,29,1,0
Daviess,B111,U.S. Senate,,Republican,Daniel CAMERON,20,3,17,0,0
Daviess,B111,U.S. Senate,,Republican,Jimmy I. LEON,0,0,0,0,0
Daviess,B111,U.S. Senate,,Republican,James D. DUNCAN,1,0,1,0,0
Daviess,B111,U.S. Senate,,,Under Votes,6,0,6,0,0
Daviess,B111,U.S. Senate,,,Over Votes,0,0,0,0,0
Daviess,B111,Ballots Cast,,,,175,,,,
Daviess,B111,U.S. House,2,Republican,"G. ""Shay"" PERRY-ADELMANN",10,0,10,0,0
Daviess,B111,U.S. House,2,Republican,S. Brett GUTHRIE,42,5,36,1,0
Daviess,B111,U.S. House,2,Republican,Joshua M. FERGUSON,7,2,5,0,0
Daviess,B111,U.S. House,2,,Under Votes,20,6,14,0,0
Daviess,B111,U.S. House,2,,Over Votes,1,0,1,0,0
Daviess,B111,County Judge/Executive,,,Charlie CASTLEN,33,3,29,1,0
Daviess,B111,County Judge/Executive,,,Janie MARKSBERRY,30,4,26,0,0
Daviess,B111,County Judge/Executive,,,Under Votes,2,0,2,0,0
Daviess,B111,County Judge/Executive,,,Over Votes,0,0,0,0,0
Daviess,B111,County Clerk,,,Matt GALLOWAY,25,2,22,1,0
Daviess,B111,County Clerk,,,Leslie A. McCARTY,39,5,34,0,0
Daviess,B111,County Clerk,,,Under Votes,1,0,1,0,0
Daviess,B111,County Clerk,,,Over Votes,0,0,0,0,0
Daviess,B111,County Commissioner Central District,,,Robert MORRIS,28,3,25,0,0
Daviess,B111,County Commissioner Central District,,,Larry CONDER,32,4,27,1,0
Daviess,B111,County Commissioner Central District,,,Under Votes,5,0,5,0,0
Daviess,B111,County Commissioner Central District,,,Over Votes,0,0,0,0,0
Daviess,B111,County Commissioner East District,,,Steven SHAKE,14,2,12,0,0
Daviess,B111,County Commissioner East District,,,Joe HAGAN,29,3,25,1,0
Daviess,B111,County Commissioner East District,,,Shane COX,17,2,15,0,0
Daviess,B111,County Commissioner East District,,,Under Votes,5,0,5,0,0
Daviess,B111,County Commissioner East District,,,Over Votes,0,0,0,0,0
Daviess,B111,County Commissioner West District,,,Christopher T. CASTLEN,36,3,32,1,0
Daviess,B111,County Commissioner West District,,,Dustin WARREN,24,4,20,0,0
Daviess,B111,County Commissioner West District,,,Under Votes,5,0,5,0,0
Daviess,B111,County Commissioner West District,,,Over Votes,0,0,0,0,0
Daviess,B111,U.S. Senate,,Democratic,Logan FORSYTHE,3,0,3,0,0
Daviess,B111,U.S. Senate,,Democratic,Amy McGRATH,36,10,26,0,0
Daviess,B111,U.S. Senate,,Democratic,Dale Lewis ROMANS,2,0,2,0,0
Daviess,B111,U.S. Senate,,Democratic,Joshua BLANTON SR.,2,1,1,0,0
Daviess,B111,U.S. Senate,,Democratic,Vincent Anthony THOMPSON,6,1,5,0,0
Daviess,B111,U.S. Senate,,Democratic,Charles BOOKER,36,8,26,2,0
Daviess,B111,U.S. Senate,,Democratic,Pamela STEVENSON,6,3,3,0,0
Daviess,B111,U.S. House,2,Democratic,David S. HATFIELD,19,2,17,0,0
Daviess,B111,U.S. House,2,Democratic,Megan WINGFIELD,31,5,25,1,0
Daviess,B111,U.S. House,2,Democratic,Hank LINDERMAN,15,6,8,1,0
Daviess,B111,U.S. House,2,Democratic,William Dakota COMPTON,16,4,12,0,0
Daviess,B111,Justice OF THE Peace Central Magisterial District,,,Craig POUNDS,30,5,25,0,0
Daviess,B111,Justice OF THE Peace Central Magisterial District,,,Chris SAALWAECHTER,50,12,36,2,0
Daviess,B111,Justice OF THE Peace Central Magisterial District,,,Under Votes,16,6,10,0,0
Daviess,B111,Justice OF THE Peace Central Magisterial District,,,Over Votes,0,0,0,0,0
Daviess,B111,"District Judge, 6th Judicial District",1,,J. Nick PAYNE,42,5,35,2,0
Daviess,B111,"District Judge, 6th Judicial District",1,,William C. MATTINGLY,36,6,30,0,0
Daviess,B111,"District Judge, 6th Judicial District",1,,W. Russell DUTY,24,4,20,0,0
Daviess,B111,"District Judge, 6th Judicial District",1,,Lelah ROGERS,57,12,44,1,0
Daviess,B111,"District Judge, 6th Judicial District",1,,Under Votes,15,3,12,0,0
Daviess,B111,"District Judge, 6th Judicial District",1,,Over Votes,1,0,1,0,0
Daviess,B111,City Commissioners City OF Owensboro,,,Jeff SANFORD,70,16,53,1,0
Daviess,B111,City Commissioners City OF Owensboro,,,Steve JOHNSON,49,10,38,1,0
Daviess,B111,City Commissioners City OF Owensboro,,,Harley METCALF,45,6,38,1,0
Daviess,B111,City Commissioners City OF Owensboro,,,Bob GLENN,84,18,65,1,0
Daviess,B111,City Commissioners City OF Owensboro,,,Pamela L. SMITH-WRIGHT,75,13,59,3,0
Daviess,B111,City Commissioners City OF Owensboro,,,Tyler GOAD,40,9,31,0,0
Daviess,B111,City Commissioners City OF Owensboro,,,Sharon Gail NeSMITH,66,11,54,1,0
Daviess,B111,City Commissioners City OF Owensboro,,,Curtis MAGLINGER,66,13,50,3,0
Daviess,B111,City Commissioners City OF Owensboro,,,John Ross MARTIN,23,2,20,1,0
Daviess,B111,City Commissioners City OF Owensboro,,,Under Votes,154,18,136,0,0
Daviess,B111,City Commissioners City OF Owensboro,,,Over Votes,0,0,0,0,0
Daviess,B112,U.S. Senate,,Republican,Anissa CATLETT,2,0,2,0,0
Daviess,B112,U.S. Senate,,Republican,A. Nick SHELLEY,0,0,0,0,0
Daviess,B112,U.S. Senate,,Republican,"Valerie ""Dr Val"" FREDRICK",1,1,0,0,0
Daviess,B112,U.S. Senate,,Republican,Michael James FARIS,3,0,3,0,0
Daviess,B112,U.S. Senate,,Republican,Nate MORRIS,5,2,2,1,0
Daviess,B112,U.S. Senate,,Republican,Other Donald WENZEL,1,1,0,0,0
Daviess,B112,U.S. Senate,,Republican,Jonathan M. HOLLIDAY,0,0,0,0,0
Daviess,B112,U.S. Senate,,Republican,George WASHINGTON,0,0,0,0,0
Daviess,B112,U.S. Senate,,Republican,Andy BARR,69,18,50,0,1
Daviess,B112,U.S. Senate,,Republican,Daniel CAMERON,26,8,17,1,0
Daviess,B112,U.S. Senate,,Republican,Jimmy I. LEON,0,0,0,0,0
Daviess,B112,U.S. Senate,,Republican,James D. DUNCAN,1,0,1,0,0
Daviess,B112,U.S. Senate,,,Under Votes,10,3,7,0,0
Daviess,B112,U.S. Senate,,,Over Votes,1,0,1,0,0
Daviess,B112,Ballots Cast,,,,250,,,,
Daviess,B112,U.S. House,2,Republican,"G. ""Shay"" PERRY-ADELMANN",5,2,3,0,0
Daviess,B112,U.S. House,2,Republican,S. Brett GUTHRIE,87,23,62,1,1
Daviess,B112,U.S. House,2,Republican,Joshua M. FERGUSON,9,2,6,1,0
Daviess,B112,U.S. House,2,,Under Votes,32,8,24,0,0
Daviess,B112,U.S. House,2,,Over Votes,1,0,1,0,0
Daviess,B112,County Judge/Executive,,,Charlie CASTLEN,55,15,39,1,0
Daviess,B112,County Judge/Executive,,,Janie MARKSBERRY,50,14,34,1,1
Daviess,B112,County Judge/Executive,,,Under Votes,4,1,3,0,0
Daviess,B112,County Judge/Executive,,,Over Votes,0,0,0,0,0
Daviess,B112,County Clerk,,,Matt GALLOWAY,40,9,29,1,1
Daviess,B112,County Clerk,,,Leslie A. McCARTY,66,20,45,1,0
Daviess,B112,County Clerk,,,Under Votes,2,1,1,0,0
Daviess,B112,County Clerk,,,Over Votes,1,0,1,0,0
Daviess,B112,County Commissioner Central District,,,Robert MORRIS,42,10,31,0,1
Daviess,B112,County Commissioner Central District,,,Larry CONDER,58,19,37,2,0
Daviess,B112,County Commissioner Central District,,,Under Votes,9,1,8,0,0
Daviess,B112,County Commissioner Central District,,,Over Votes,0,0,0,0,0
Daviess,B112,County Commissioner East District,,,Steven SHAKE,30,8,21,0,1
Daviess,B112,County Commissioner East District,,,Joe HAGAN,35,11,22,2,0
Daviess,B112,County Commissioner East District,,,Shane COX,33,8,25,0,0
Daviess,B112,County Commissioner East District,,,Under Votes,11,3,8,0,0
Daviess,B112,County Commissioner East District,,,Over Votes,0,0,0,0,0
Daviess,B112,County Commissioner West District,,,Christopher T. CASTLEN,63,20,42,1,0
Daviess,B112,County Commissioner West District,,,Dustin WARREN,34,7,25,1,1
Daviess,B112,County Commissioner West District,,,Under Votes,12,3,9,0,0
Daviess,B112,County Commissioner West District,,,Over Votes,0,0,0,0,0
Daviess,B112,U.S. Senate,,Democratic,Logan FORSYTHE,2,0,2,0,0
Daviess,B112,U.S. Senate,,Democratic,Amy McGRATH,58,16,38,2,2
Daviess,B112,U.S. Senate,,Democratic,Dale Lewis ROMANS,2,1,1,0,0
Daviess,B112,U.S. Senate,,Democratic,Joshua BLANTON SR.,0,0,0,0,0
Daviess,B112,U.S. Senate,,Democratic,Vincent Anthony THOMPSON,3,0,3,0,0
Daviess,B112,U.S. Senate,,Democratic,Charles BOOKER,48,10,31,7,0
Daviess,B112,U.S. Senate,,Democratic,Pamela STEVENSON,8,3,5,0,0
Daviess,B112,U.S. House,2,Democratic,David S. HATFIELD,21,7,14,0,0
Daviess,B112,U.S. House,2,Democratic,Megan WINGFIELD,42,8,29,4,1
Daviess,B112,U.S. House,2,Democratic,Hank LINDERMAN,26,9,14,3,0
Daviess,B112,U.S. House,2,Democratic,William Dakota COMPTON,17,4,10,2,1
Daviess,B112,Justice OF THE Peace Central Magisterial District,,,Craig POUNDS,20,5,15,0,0
Daviess,B112,Justice OF THE Peace Central Magisterial District,,,Chris SAALWAECHTER,77,19,48,8,2
Daviess,B112,Justice OF THE Peace Central Magisterial District,,,Under Votes,34,9,24,1,0
Daviess,B112,Justice OF THE Peace Central Magisterial District,,,Over Votes,0,0,0,0,0
Daviess,B112,"District Judge, 6th Judicial District",1,,J. Nick PAYNE,48,11,37,0,0
Daviess,B112,"District Judge, 6th Judicial District",1,,William C. MATTINGLY,26,6,19,0,1
Daviess,B112,"District Judge, 6th Judicial District",1,,W. Russell DUTY,40,7,29,4,0
Daviess,B112,"District Judge, 6th Judicial District",1,,Lelah ROGERS,118,38,72,6,2
Daviess,B112,"District Judge, 6th Judicial District",1,,Under Votes,18,4,13,1,0
Daviess,B112,"District Judge, 6th Judicial District",1,,Over Votes,0,0,0,0,0
Daviess,B112,City Commissioners City OF Owensboro,,,Jeff SANFORD,87,21,64,2,0
Daviess,B112,City Commissioners City OF Owensboro,,,Steve JOHNSON,99,28,66,3,2
Daviess,B112,City Commissioners City OF Owensboro,,,Harley METCALF,36,10,23,2,1
Daviess,B112,City Commissioners City OF Owensboro,,,Bob GLENN,118,35,76,5,2
Daviess,B112,City Commissioners City OF Owensboro,,,Pamela L. SMITH-WRIGHT,96,23,66,5,2
Daviess,B112,City Commissioners City OF Owensboro,,,Tyler GOAD,67,17,44,6,0
Daviess,B112,City Commissioners City OF Owensboro,,,Sharon Gail NeSMITH,104,30,65,6,3
Daviess,B112,City Commissioners City OF Owensboro,,,Curtis MAGLINGER,100,28,67,5,0
Daviess,B112,City Commissioners City OF Owensboro,,,John Ross MARTIN,56,15,37,3,1
Daviess,B112,City Commissioners City OF Owensboro,,,Under Votes,237,57,172,7,1
Daviess,B112,City Commissioners City OF Owensboro,,,Over Votes,0,0,0,0,0
Daviess,B113,U.S. Senate,,Republican,Anissa CATLETT,0,0,0,0,0
Daviess,B113,U.S. Senate,,Republican,A. Nick SHELLEY,0,0,0,0,0
Daviess,B113,U.S. Senate,,Republican,"Valerie ""Dr Val"" FREDRICK",0,0,0,0,0
Daviess,B113,U.S. Senate,,Republican,Michael James FARIS,0,0,0,0,0
Daviess,B113,U.S. Senate,,Republican,Nate MORRIS,1,0,1,0,0
Daviess,B113,U.S. Senate,,Republican,Other Donald WENZEL,0,0,0,0,0
Daviess,B113,U.S. Senate,,Republican,Jonathan M. HOLLIDAY,0,0,0,0,0
Daviess,B113,U.S. Senate,,Republican,George WASHINGTON,0,0,0,0,0
Daviess,B113,U.S. Senate,,Republican,Andy BARR,16,2,14,0,0
Daviess,B113,U.S. Senate,,Republican,Daniel CAMERON,11,1,10,0,0
Daviess,B113,U.S. Senate,,Republican,Jimmy I. LEON,0,0,0,0,0
Daviess,B113,U.S. Senate,,Republican,James D. DUNCAN,0,0,0,0,0
Daviess,B113,U.S. Senate,,,Under Votes,2,0,2,0,0
Daviess,B113,U.S. Senate,,,Over Votes,0,0,0,0,0
Daviess,B113,Ballots Cast,,,,70,,,,
Daviess,B113,U.S. House,2,Republican,"G. ""Shay"" PERRY-ADELMANN",0,0,0,0,0
Daviess,B113,U.S. House,2,Republican,S. Brett GUTHRIE,25,3,22,0,0
Daviess,B113,U.S. House,2,Republican,Joshua M. FERGUSON,3,0,3,0,0
Daviess,B113,U.S. House,2,,Under Votes,3,1,2,0,0
Daviess,B113,U.S. House,2,,Over Votes,0,0,0,0,0
Daviess,B113,County Judge/Executive,,,Charlie CASTLEN,15,2,13,0,0
Daviess,B113,County Judge/Executive,,,Janie MARKSBERRY,12,1,11,0,0
Daviess,B113,County Judge/Executive,,,Under Votes,1,0,1,0,0
Daviess,B113,County Judge/Executive,,,Over Votes,0,0,0,0,0
Daviess,B113,County Clerk,,,Matt GALLOWAY,7,0,7,0,0
Daviess,B113,County Clerk,,,Leslie A. McCARTY,21,3,18,0,0
Daviess,B113,County Clerk,,,Under Votes,0,0,0,0,0
Daviess,B113,County Clerk,,,Over Votes,0,0,0,0,0
Daviess,B113,County Commissioner Central District,,,Robert MORRIS,13,1,12,0,0
Daviess,B113,County Commissioner Central District,,,Larry CONDER,15,2,13,0,0
Daviess,B113,County Commissioner Central District,,,Under Votes,0,0,0,0,0
Daviess,B113,County Commissioner Central District,,,Over Votes,0,0,0,0,0
Daviess,B113,County Commissioner East District,,,Steven SHAKE,3,0,3,0,0
Daviess,B113,County Commissioner East District,,,Joe HAGAN,10,0,10,0,0
Daviess,B113,County Commissioner East District,,,Shane COX,13,3,10,0,0
Daviess,B113,County Commissioner East District,,,Under Votes,2,0,2,0,0
Daviess,B113,County Commissioner East District,,,Over Votes,0,0,0,0,0
Daviess,B113,County Commissioner West District,,,Christopher T. CASTLEN,14,2,12,0,0
Daviess,B113,County Commissioner West District,,,Dustin WARREN,14,1,13,0,0
Daviess,B113,County Commissioner West District,,,Under Votes,0,0,0,0,0
Daviess,B113,County Commissioner West District,,,Over Votes,0,0,0,0,0
Daviess,B113,U.S. Senate,,Democratic,Logan FORSYTHE,3,0,2,1,0
Daviess,B113,U.S. Senate,,Democratic,Amy McGRATH,7,1,4,2,0
Daviess,B113,U.S. Senate,,Democratic,Dale Lewis ROMANS,1,0,1,0,0
Daviess,B113,U.S. Senate,,Democratic,Joshua BLANTON SR.,2,0,2,0,0
Daviess,B113,U.S. Senate,,Democratic,Vincent Anthony THOMPSON,3,0,1,2,0
Daviess,B113,U.S. Senate,,Democratic,Charles BOOKER,21,5,16,0,0
Daviess,B113,U.S. Senate,,Democratic,Pamela STEVENSON,1,0,1,0,0
Daviess,B113,U.S. House,2,Democratic,David S. HATFIELD,2,0,2,0,0
Daviess,B113,U.S. House,2,Democratic,Megan WINGFIELD,21,2,17,2,0
Daviess,B113,U.S. House,2,Democratic,Hank LINDERMAN,7,0,4,3,0
Daviess,B113,U.S. House,2,Democratic,William Dakota COMPTON,7,3,4,0,0
Daviess,B113,Justice OF THE Peace Central Magisterial District,,,Craig POUNDS,15,2,12,1,0
Daviess,B113,Justice OF THE Peace Central Magisterial District,,,Chris SAALWAECHTER,21,2,16,3,0
Daviess,B113,Justice OF THE Peace Central Magisterial District,,,Under Votes,4,2,1,1,0
Daviess,B113,Justice OF THE Peace Central Magisterial District,,,Over Votes,0,0,0,0,0
Daviess,B113,"District Judge, 6th Judicial District",1,,J. Nick PAYNE,14,2,12,0,0
Daviess,B113,"District Judge, 6th Judicial District",1,,William C. MATTINGLY,15,1,14,0,0
Daviess,B113,"District Judge, 6th Judicial District",1,,W. Russell DUTY,12,1,8,3,0
Daviess,B113,"District Judge, 6th Judicial District",1,,Lelah ROGERS,28,5,21,2,0
Daviess,B113,"District Judge, 6th Judicial District",1,,Under Votes,1,0,1,0,0
Daviess,B113,"District Judge, 6th Judicial District",1,,Over Votes,0,0,0,0,0
Daviess,B113,City Commissioners City OF Owensboro,,,Jeff SANFORD,22,1,20,1,0
Daviess,B113,City Commissioners City OF Owensboro,,,Steve JOHNSON,18,3,15,0,0
Daviess,B113,City Commissioners City OF Owensboro,,,Harley METCALF,14,2,12,0,0
Daviess,B113,City Commissioners City OF Owensboro,,,Bob GLENN,20,3,16,1,0
Daviess,B113,City Commissioners City OF Owensboro,,,Pamela L. SMITH-WRIGHT,33,6,25,2,0
Daviess,B113,City Commissioners City OF Owensboro,,,Tyler GOAD,16,0,15,1,0
Daviess,B113,City Commissioners City OF Owensboro,,,Sharon Gail NeSMITH,29,4,23,2,0
Daviess,B113,City Commissioners City OF Owensboro,,,Curtis MAGLINGER,17,3,12,2,0
Daviess,B113,City Commissioners City OF Owensboro,,,John Ross MARTIN,18,2,16,0,0
Daviess,B113,City Commissioners City OF Owensboro,,,Under Votes,85,12,62,11,0
Daviess,B113,City Commissioners City OF Owensboro,,,Over Votes,0,0,0,0,0
Daviess,B114,U.S. Senate,,Republican,Anissa CATLETT,1,0,1,0,0
Daviess,B114,U.S. Senate,,Republican,A. Nick SHELLEY,0,0,0,0,0
Daviess,B114,U.S. Senate,,Republican,"Valerie ""Dr Val"" FREDRICK",1,0,1,0,0
Daviess,B114,U.S. Senate,,Republican,Michael James FARIS,8,0,8,0,0
Daviess,B114,U.S. Senate,,Republican,Nate MORRIS,8,0,8,0,0
Daviess,B114,U.S. Senate,,Republican,Other Donald WENZEL,0,0,0,0,0
Daviess,B114,U.S. Senate,,Republican,Jonathan M. HOLLIDAY,2,0,2,0,0
Daviess,B114,U.S. Senate,,Republican,George WASHINGTON,0,0,0,0,0
Daviess,B114,U.S. Senate,,Republican,Andy BARR,98,13,85,0,0
Daviess,B114,U.S. Senate,,Republican,Daniel CAMERON,46,5,41,0,0
Daviess,B114,U.S. Senate,,Republican,Jimmy I. LEON,1,1,0,0,0
Daviess,B114,U.S. Senate,,Republican,James D. DUNCAN,2,0,2,0,0
Daviess,B114,U.S. Senate,,,Under Votes,6,0,6,0,0
Daviess,B114,U.S. Senate,,,Over Votes,1,0,1,0,0
Daviess,B114,Ballots Cast,,,,264,,,,
Daviess,B114,U.S. House,2,Republican,"G. ""Shay"" PERRY-ADELMANN",8,0,8,0,0
Daviess,B114,U.S. House,2,Republican,S. Brett GUTHRIE,133,18,115,0,0
Daviess,B114,U.S. House,2,Republican,Joshua M. FERGUSON,19,1,18,0,0
Daviess,B114,U.S. House,2,,Under Votes,22,0,21,1,0
Daviess,B114,U.S. House,2,,Over Votes,0,0,0,0,0
Daviess,B114,State Representative,14,Republican,Wes PATE,114,16,98,0,0
Daviess,B114,State Representative,14,Republican,Marty SHEPHARD,39,3,36,0,0
Daviess,B114,State Representative,14,,Under Votes,18,0,18,0,0
Daviess,B114,State Representative,14,,Over Votes,0,0,0,0,0
Daviess,B114,County Judge/Executive,,,Charlie CASTLEN,93,10,83,0,0
Daviess,B114,County Judge/Executive,,,Janie MARKSBERRY,70,9,61,0,0
Daviess,B114,County Judge/Executive,,,Under Votes,8,0,8,0,0
Daviess,B114,County Judge/Executive,,,Over Votes,0,0,0,0,0
Daviess,B114,County Clerk,,,Matt GALLOWAY,64,3,61,0,0
Daviess,B114,County Clerk,,,Leslie A. McCARTY,95,16,79,0,0
Daviess,B114,County Clerk,,,Under Votes,12,0,12,0,0
Daviess,B114,County Clerk,,,Over Votes,0,0,0,0,0
Daviess,B114,County Commissioner Central District,,,Robert MORRIS,68,10,58,0,0
Daviess,B114,County Commissioner Central District,,,Larry CONDER,83,9,74,0,0
Daviess,B114,County Commissioner Central District,,,Under Votes,20,0,20,0,0
Daviess,B114,County Commissioner Central District,,,Over Votes,0,0,0,0,0
Daviess,B114,County Commissioner East District,,,Steven SHAKE,38,5,33,0,0
Daviess,B114,County Commissioner East District,,,Joe HAGAN,69,10,59,0,0
Daviess,B114,County Commissioner East District,,,Shane COX,46,4,42,0,0
Daviess,B114,County Commissioner East District,,,Under Votes,18,0,18,0,0
Daviess,B114,County Commissioner East District,,,Over Votes,0,0,0,0,0
Daviess,B114,County Commissioner West District,,,Christopher T. CASTLEN,97,14,83,0,0
Daviess,B114,County Commissioner West District,,,Dustin WARREN,54,5,49,0,0
Daviess,B114,County Commissioner West District,,,Under Votes,20,0,20,0,0
Daviess,B114,County Commissioner West District,,,Over Votes,0,0,0,0,0
Daviess,B114,U.S. Senate,,Democratic,Logan FORSYTHE,1,0,1,0,0
Daviess,B114,U.S. Senate,,Democratic,Amy McGRATH,20,0,19,0,1
Daviess,B114,U.S. Senate,,Democratic,Dale Lewis ROMANS,3,0,3,0,0
Daviess,B114,U.S. Senate,,Democratic,Joshua BLANTON SR.,4,0,3,1,0
Daviess,B114,U.S. Senate,,Democratic,Vincent Anthony THOMPSON,4,0,4,0,0
Daviess,B114,U.S. Senate,,Democratic,Charles BOOKER,46,5,41,0,0
Daviess,B114,U.S. Senate,,Democratic,Pamela STEVENSON,5,2,2,0,1
Daviess,B114,U.S. House,2,Democratic,David S. HATFIELD,20,1,18,0,1
Daviess,B114,U.S. House,2,Democratic,Megan WINGFIELD,25,4,21,0,0
Daviess,B114,U.S. House,2,Democratic,Hank LINDERMAN,20,1,19,0,0
Daviess,B114,U.S. House,2,Democratic,William Dakota COMPTON,10,1,8,0,1
Daviess,B114,Justice OF THE Peace Central Magisterial District,,,Craig POUNDS,26,1,25,0,0
Daviess,B114,Justice OF THE Peace Central Magisterial District,,,Chris SAALWAECHTER,47,6,38,1,2
Daviess,B114,Justice OF THE Peace Central Magisterial District,,,Under Votes,13,0,13,0,0
Daviess,B114,Justice OF THE Peace Central Magisterial District,,,Over Votes,0,0,0,0,0
Daviess,B114,"District Judge, 6th Judicial District",1,,J. Nick PAYNE,90,8,81,1,0
Daviess,B114,"District Judge, 6th Judicial District",1,,William C. MATTINGLY,49,6,43,0,0
Daviess,B114,"District Judge, 6th Judicial District",1,,W. Russell DUTY,38,5,32,0,1
Daviess,B114,"District Judge, 6th Judicial District",1,,Lelah ROGERS,58,6,51,0,1
Daviess,B114,"District Judge, 6th Judicial District",1,,Under Votes,29,1,28,0,0
Daviess,B114,"District Judge, 6th Judicial District",1,,Over Votes,0,0,0,0,0
Daviess,B115,U.S. Senate,,Republican,Anissa CATLETT,0,0,0,0,0
Daviess,B115,U.S. Senate,,Republican,A. Nick SHELLEY,0,0,0,0,0
Daviess,B115,U.S. Senate,,Republican,"Valerie ""Dr Val"" FREDRICK",4,0,4,0,0
Daviess,B115,U.S. Senate,,Republican,Michael James FARIS,7,0,7,0,0
Daviess,B115,U.S. Senate,,Republican,Nate MORRIS,12,0,12,0,0
Daviess,B115,U.S. Senate,,Republican,Other Donald WENZEL,0,0,0,0,0
Daviess,B115,U.S. Senate,,Republican,Jonathan M. HOLLIDAY,2,0,2,0,0
Daviess,B115,U.S. Senate,,Republican,George WASHINGTON,0,0,0,0,0
Daviess,B115,U.S. Senate,,Republican,Andy BARR,75,4,71,0,0
Daviess,B115,U.S. Senate,,Republican,Daniel CAMERON,47,6,41,0,0
Daviess,B115,U.S. Senate,,Republican,Jimmy I. LEON,1,0,1,0,0
Daviess,B115,U.S. Senate,,Republican,James D. DUNCAN,1,0,1,0,0
Daviess,B115,U.S. Senate,,,Under Votes,7,0,7,0,0
Daviess,B115,U.S. Senate,,,Over Votes,1,0,1,0,0
Daviess,B115,Ballots Cast,,,,243,,,,
Daviess,B115,U.S. House,2,Republican,"G. ""Shay"" PERRY-ADELMANN",14,0,14,0,0
Daviess,B115,U.S. House,2,Republican,S. Brett GUTHRIE,119,9,110,0,0
Daviess,B115,U.S. House,2,Republican,Joshua M. FERGUSON,13,1,12,0,0
Daviess,B115,U.S. House,2,,Under Votes,17,1,16,0,0
Daviess,B115,U.S. House,2,,Over Votes,0,0,0,0,0
Daviess,B115,State Representative,14,Republican,Wes PATE,96,9,87,0,0
Daviess,B115,State Representative,14,Republican,Marty SHEPHARD,41,0,41,0,0
Daviess,B115,State Representative,14,,Under Votes,15,1,14,0,0
Daviess,B115,State Representative,14,,Over Votes,0,0,0,0,0
Daviess,B115,County Judge/Executive,,,Charlie CASTLEN,82,5,77,0,0
Daviess,B115,County Judge/Executive,,,Janie MARKSBERRY,65,5,60,0,0
Daviess,B115,County Judge/Executive,,,Under Votes,5,0,5,0,0
Daviess,B115,County Judge/Executive,,,Over Votes,0,0,0,0,0
Daviess,B115,County Clerk,,,Matt GALLOWAY,65,1,64,0,0
Daviess,B115,County Clerk,,,Leslie A. McCARTY,83,9,74,0,0
Daviess,B115,County Clerk,,,Under Votes,4,0,4,0,0
Daviess,B115,County Clerk,,,Over Votes,0,0,0,0,0
Daviess,B115,County Commissioner Central District,,,Robert MORRIS,72,5,67,0,0
Daviess,B115,County Commissioner Central District,,,Larry CONDER,68,5,63,0,0
Daviess,B115,County Commissioner Central District,,,Under Votes,12,0,12,0,0
Daviess,B115,County Commissioner Central District,,,Over Votes,0,0,0,0,0
Daviess,B115,County Commissioner East District,,,Steven SHAKE,50,2,48,0,0
Daviess,B115,County Commissioner East District,,,Joe HAGAN,44,4,40,0,0
Daviess,B115,County Commissioner East District,,,Shane COX,42,3,39,0,0
Daviess,B115,County Commissioner East District,,,Under Votes,16,1,15,0,0
Daviess,B115,County Commissioner East District,,,Over Votes,0,0,0,0,0
Daviess,B115,County Commissioner West District,,,Christopher T. CASTLEN,90,8,82,0,0
Daviess,B115,County Commissioner West District,,,Dustin WARREN,53,2,51,0,0
Daviess,B115,County Commissioner West District,,,Under Votes,9,0,9,0,0
Daviess,B115,County Commissioner West District,,,Over Votes,0,0,0,0,0
Daviess,B115,U.S. Senate,,Democratic,Logan FORSYTHE,4,1,3,0,0
Daviess,B115,U.S. Senate,,Democratic,Amy McGRATH,35,4,30,0,1
Daviess,B115,U.S. Senate,,Democratic,Dale Lewis ROMANS,1,0,1,0,0
Daviess,B115,U.S. Senate,,Democratic,Joshua BLANTON SR.,1,0,1,0,0
Daviess,B115,U.S. Senate,,Democratic,Vincent Anthony THOMPSON,4,1,3,0,0
Daviess,B115,U.S. Senate,,Democratic,Charles BOOKER,30,2,27,1,0
Daviess,B115,U.S. Senate,,Democratic,Pamela STEVENSON,6,1,5,0,0
Daviess,B115,U.S. House,2,Democratic,David S. HATFIELD,15,2,13,0,0
Daviess,B115,U.S. House,2,Democratic,Megan WINGFIELD,25,2,23,0,0
Daviess,B115,U.S. House,2,Democratic,Hank LINDERMAN,23,2,20,0,1
Daviess,B115,U.S. House,2,Democratic,William Dakota COMPTON,12,2,9,1,0
Daviess,B115,Justice OF THE Peace Central Magisterial District,,,Craig POUNDS,19,1,17,1,0
Daviess,B115,Justice OF THE Peace Central Magisterial District,,,Chris SAALWAECHTER,53,7,45,0,1
Daviess,B115,Justice OF THE Peace Central Magisterial District,,,Under Votes,14,1,13,0,0
Daviess,B115,Justice OF THE Peace Central Magisterial District,,,Over Votes,0,0,0,0,0
Daviess,B115,"District Judge, 6th Judicial District",1,,J. Nick PAYNE,75,4,70,0,1
Daviess,B115,"District Judge, 6th Judicial District",1,,William C. MATTINGLY,40,5,35,0,0
Daviess,B115,"District Judge, 6th Judicial District",1,,W. Russell DUTY,50,3,47,0,0
Daviess,B115,"District Judge, 6th Judicial District",1,,Lelah ROGERS,61,7,53,1,0
Daviess,B115,"District Judge, 6th Judicial District",1,,Under Votes,17,0,17,0,0
Daviess,B115,"District Judge, 6th Judicial District",1,,Over Votes,0,0,0,0,0
Daviess,B116,U.S. Senate,,Republican,Anissa CATLETT,3,0,1,2,0
Daviess,B116,U.S. Senate,,Republican,A. Nick SHELLEY,0,0,0,0,0
Daviess,B116,U.S. Senate,,Republican,"Valerie ""Dr Val"" FREDRICK",0,0,0,0,0
Daviess,B116,U.S. Senate,,Republican,Michael James FARIS,0,0,0,0,0
Daviess,B116,U.S. Senate,,Republican,Nate MORRIS,0,0,0,0,0
Daviess,B116,U.S. Senate,,Republican,Other Donald WENZEL,0,0,0,0,0
Daviess,B116,U.S. Senate,,Republican,Jonathan M. HOLLIDAY,0,0,0,0,0
Daviess,B116,U.S. Senate,,Republican,George WASHINGTON,0,0,0,0,0
Daviess,B116,U.S. Senate,,Republican,Andy BARR,20,2,17,1,0
Daviess,B116,U.S. Senate,,Republican,Daniel CAMERON,11,0,11,0,0
Daviess,B116,U.S. Senate,,Republican,Jimmy I. LEON,0,0,0,0,0
Daviess,B116,U.S. Senate,,Republican,James D. DUNCAN,0,0,0,0,0
Daviess,B116,U.S. Senate,,,Under Votes,5,0,5,0,0
Daviess,B116,U.S. Senate,,,Over Votes,0,0,0,0,0
Daviess,B116,Ballots Cast,,,,68,,,,
Daviess,B116,U.S. House,2,Republican,"G. ""Shay"" PERRY-ADELMANN",2,0,0,2,0
Daviess,B116,U.S. House,2,Republican,S. Brett GUTHRIE,23,2,20,1,0
Daviess,B116,U.S. House,2,Republican,Joshua M. FERGUSON,5,0,5,0,0
Daviess,B116,U.S. House,2,,Under Votes,11,0,11,0,0
Daviess,B116,U.S. House,2,,Over Votes,0,0,0,0,0
Daviess,B116,County Judge/Executive,,,Charlie CASTLEN,16,2,12,2,0
Daviess,B116,County Judge/Executive,,,Janie MARKSBERRY,18,0,17,1,0
Daviess,B116,County Judge/Executive,,,Under Votes,2,0,2,0,0
Daviess,B116,County Judge/Executive,,,Over Votes,0,0,0,0,0
Daviess,B116,County Clerk,,,Matt GALLOWAY,12,0,11,1,0
Daviess,B116,County Clerk,,,Leslie A. McCARTY,20,2,16,2,0
Daviess,B116,County Clerk,,,Under Votes,4,0,4,0,0
Daviess,B116,County Clerk,,,Over Votes,0,0,0,0,0
Daviess,B116,County Commissioner Central District,,,Robert MORRIS,13,0,12,1,0
Daviess,B116,County Commissioner Central District,,,Larry CONDER,18,2,14,2,0
Daviess,B116,County Commissioner Central District,,,Under Votes,5,0,5,0,0
Daviess,B116,County Commissioner Central District,,,Over Votes,0,0,0,0,0
Daviess,B116,County Commissioner East District,,,Steven SHAKE,11,2,9,0,0
Daviess,B116,County Commissioner East District,,,Joe HAGAN,14,0,13,1,0
Daviess,B116,County Commissioner East District,,,Shane COX,6,0,5,1,0
Daviess,B116,County Commissioner East District,,,Under Votes,5,0,4,1,0
Daviess,B116,County Commissioner East District,,,Over Votes,0,0,0,0,0
Daviess,B116,County Commissioner West District,,,Christopher T. CASTLEN,15,2,13,0,0
Daviess,B116,County Commissioner West District,,,Dustin WARREN,15,0,12,3,0
Daviess,B116,County Commissioner West District,,,Under Votes,6,0,6,0,0
Daviess,B116,County Commissioner West District,,,Over Votes,0,0,0,0,0
Daviess,B116,U.S. Senate,,Democratic,Logan FORSYTHE,3,0,1,2,0
Daviess,B116,U.S. Senate,,Democratic,Amy McGRATH,10,3,7,0,0
Daviess,B116,U.S. Senate,,Democratic,Dale Lewis ROMANS,0,0,0,0,0
Daviess,B116,U.S. Senate,,Democratic,Joshua BLANTON SR.,0,0,0,0,0
Daviess,B116,U.S. Senate,,Democratic,Vincent Anthony THOMPSON,1,0,1,0,0
Daviess,B116,U.S. Senate,,Democratic,Charles BOOKER,9,1,8,0,0
Daviess,B116,U.S. Senate,,Democratic,Pamela STEVENSON,2,0,2,0,0
Daviess,B116,U.S. House,2,Democratic,David S. HATFIELD,4,1,3,0,0
Daviess,B116,U.S. House,2,Democratic,Megan WINGFIELD,8,1,7,0,0
Daviess,B116,U.S. House,2,Democratic,Hank LINDERMAN,7,1,6,0,0
Daviess,B116,U.S. House,2,Democratic,William Dakota COMPTON,4,1,1,2,0
Daviess,B116,Justice OF THE Peace Central Magisterial District,,,Craig POUNDS,6,2,4,0,0
Daviess,B116,Justice OF THE Peace Central Magisterial District,,,Chris SAALWAECHTER,15,1,12,2,0
Daviess,B116,Justice OF THE Peace Central Magisterial District,,,Under Votes,7,1,6,0,0
Daviess,B116,Justice OF THE Peace Central Magisterial District,,,Over Votes,0,0,0,0,0
Daviess,B116,"District Judge, 6th Judicial District",1,,J. Nick PAYNE,20,1,16,3,0
Daviess,B116,"District Judge, 6th Judicial District",1,,William C. MATTINGLY,12,2,10,0,0
Daviess,B116,"District Judge, 6th Judicial District",1,,W. Russell DUTY,15,2,13,0,0
Daviess,B116,"District Judge, 6th Judicial District",1,,Lelah ROGERS,9,0,9,0,0
Daviess,B116,"District Judge, 6th Judicial District",1,,Under Votes,12,1,9,2,0
Daviess,B116,"District Judge, 6th Judicial District",1,,Over Votes,0,0,0,0,0
Daviess,B117,U.S. Senate,,Republican,Anissa CATLETT,1,0,1,0,0
Daviess,B117,U.S. Senate,,Republican,A. Nick SHELLEY,2,0,2,0,0
Daviess,B117,U.S. Senate,,Republican,"Valerie ""Dr Val"" FREDRICK",7,0,7,0,0
Daviess,B117,U.S. Senate,,Republican,Michael James FARIS,8,1,7,0,0
Daviess,B117,U.S. Senate,,Republican,Nate MORRIS,9,1,7,0,1
Daviess,B117,U.S. Senate,,Republican,Other Donald WENZEL,0,0,0,0,0
Daviess,B117,U.S. Senate,,Republican,Jonathan M. HOLLIDAY,0,0,0,0,0
Daviess,B117,U.S. Senate,,Republican,George WASHINGTON,3,0,3,0,0
Daviess,B117,U.S. Senate,,Republican,Andy BARR,132,8,123,0,1
Daviess,B117,U.S. Senate,,Republican,Daniel CAMERON,88,1,87,0,0
Daviess,B117,U.S. Senate,,Republican,Jimmy I. LEON,0,0,0,0,0
Daviess,B117,U.S. Senate,,Republican,James D. DUNCAN,5,0,5,0,0
Daviess,B117,U.S. Senate,,,Under Votes,12,1,11,0,0
Daviess,B117,U.S. Senate,,,Over Votes,1,0,1,0,0
Daviess,B117,Ballots Cast,,,,449,,,,
Daviess,B117,U.S. House,2,Republican,"G. ""Shay"" PERRY-ADELMANN",13,0,13,0,0
Daviess,B117,U.S. House,2,Republican,S. Brett GUTHRIE,201,7,192,0,2
Daviess,B117,U.S. House,2,Republican,Joshua M. FERGUSON,30,3,27,0,0
Daviess,B117,U.S. House,2,,Under Votes,32,2,30,0,0
Daviess,B117,U.S. House,2,,Over Votes,0,0,0,0,0
Daviess,B117,County Judge/Executive,,,Charlie CASTLEN,151,6,144,0,1
Daviess,B117,County Judge/Executive,,,Janie MARKSBERRY,102,5,96,0,1
Daviess,B117,County Judge/Executive,,,Under Votes,7,0,7,0,0
Daviess,B117,County Judge/Executive,,,Over Votes,0,0,0,0,0
Daviess,B117,County Clerk,,,Matt GALLOWAY,93,0,92,0,1
Daviess,B117,County Clerk,,,Leslie A. McCARTY,154,10,143,0,1
Daviess,B117,County Clerk,,,Under Votes,13,1,12,0,0
Daviess,B117,County Clerk,,,Over Votes,0,0,0,0,0
Daviess,B117,County Commissioner Central District,,,Robert MORRIS,99,3,95,0,1
Daviess,B117,County Commissioner Central District,,,Larry CONDER,140,8,131,0,1
Daviess,B117,County Commissioner Central District,,,Under Votes,21,0,21,0,0
Daviess,B117,County Commissioner Central District,,,Over Votes,0,0,0,0,0
Daviess,B117,County Commissioner East District,,,Steven SHAKE,80,2,78,0,0
Daviess,B117,County Commissioner East District,,,Joe HAGAN,82,4,76,0,2
Daviess,B117,County Commissioner East District,,,Shane COX,72,4,68,0,0
Daviess,B117,County Commissioner East District,,,Under Votes,26,1,25,0,0
Daviess,B117,County Commissioner East District,,,Over Votes,0,0,0,0,0
Daviess,B117,County Commissioner West District,,,Christopher T. CASTLEN,137,9,127,0,1
Daviess,B117,County Commissioner West District,,,Dustin WARREN,97,2,94,0,1
Daviess,B117,County Commissioner West District,,,Under Votes,26,0,26,0,0
Daviess,B117,County Commissioner West District,,,Over Votes,0,0,0,0,0
Daviess,B117,U.S. Senate,,Democratic,Logan FORSYTHE,7,0,7,0,0
Daviess,B117,U.S. Senate,,Democratic,Amy McGRATH,93,4,88,0,1
Daviess,B117,U.S. Senate,,Democratic,Dale Lewis ROMANS,2,1,1,0,0
Daviess,B117,U.S. Senate,,Democratic,Joshua BLANTON SR.,4,0,3,1,0
Daviess,B117,U.S. Senate,,Democratic,Vincent Anthony THOMPSON,6,0,5,0,1
Daviess,B117,U.S. Senate,,Democratic,Charles BOOKER,53,2,51,0,0
Daviess,B117,U.S. Senate,,Democratic,Pamela STEVENSON,8,0,7,1,0
Daviess,B117,U.S. House,2,Democratic,David S. HATFIELD,31,2,29,0,0
Daviess,B117,U.S. House,2,Democratic,Megan WINGFIELD,69,3,64,2,0
Daviess,B117,U.S. House,2,Democratic,Hank LINDERMAN,39,0,37,0,2
Daviess,B117,U.S. House,2,Democratic,William Dakota COMPTON,26,2,24,0,0
Daviess,B117,Justice OF THE Peace Central Magisterial District,,,Craig POUNDS,57,1,55,1,0
Daviess,B117,Justice OF THE Peace Central Magisterial District,,,Chris SAALWAECHTER,103,5,95,1,2
Daviess,B117,Justice OF THE Peace Central Magisterial District,,,Under Votes,21,2,19,0,0
Daviess,B117,Justice OF THE Peace Central Magisterial District,,,Over Votes,0,0,0,0,0
Daviess,B117,"District Judge, 6th Judicial District",1,,J. Nick PAYNE,150,4,142,2,2
Daviess,B117,"District Judge, 6th Judicial District",1,,William C. MATTINGLY,63,3,59,0,1
Daviess,B117,"District Judge, 6th Judicial District",1,,W. Russell DUTY,89,2,86,0,1
Daviess,B117,"District Judge, 6th Judicial District",1,,Lelah ROGERS,118,9,109,0,0
Daviess,B117,"District Judge, 6th Judicial District",1,,Under Votes,28,2,26,0,0
Daviess,B117,"District Judge, 6th Judicial District",1,,Over Votes,1,0,1,0,0
Daviess,B118,U.S. Senate,,Republican,Anissa CATLETT,0,0,0,0,0
Daviess,B118,U.S. Senate,,Republican,A. Nick SHELLEY,0,0,0,0,0
Daviess,B118,U.S. Senate,,Republican,"Valerie ""Dr Val"" FREDRICK",1,0,1,0,0
Daviess,B118,U.S. Senate,,Republican,Michael James FARIS,0,0,0,0,0
Daviess,B118,U.S. Senate,,Republican,Nate MORRIS,6,2,2,0,2
Daviess,B118,U.S. Senate,,Republican,Other Donald WENZEL,0,0,0,0,0
Daviess,B118,U.S. Senate,,Republican,Jonathan M. HOLLIDAY,0,0,0,0,0
Daviess,B118,U.S. Senate,,Republican,George WASHINGTON,0,0,0,0,0
Daviess,B118,U.S. Senate,,Republican,Andy BARR,65,12,53,0,0
Daviess,B118,U.S. Senate,,Republican,Daniel CAMERON,44,5,36,3,0
Daviess,B118,U.S. Senate,,Republican,Jimmy I. LEON,0,0,0,0,0
Daviess,B118,U.S. Senate,,Republican,James D. DUNCAN,1,0,1,0,0
Daviess,B118,U.S. Senate,,,Under Votes,5,1,4,0,0
Daviess,B118,U.S. Senate,,,Over Votes,0,0,0,0,0
Daviess,B118,Ballots Cast,,,,224,,,,
Daviess,B118,U.S. House,2,Republican,"G. ""Shay"" PERRY-ADELMANN",6,1,5,0,0
Daviess,B118,U.S. House,2,Republican,S. Brett GUTHRIE,99,16,79,3,1
Daviess,B118,U.S. House,2,Republican,Joshua M. FERGUSON,8,1,6,0,1
Daviess,B118,U.S. House,2,,Under Votes,16,4,12,0,0
Daviess,B118,U.S. House,2,,Over Votes,0,0,0,0,0
Daviess,B118,County Judge/Executive,,,Charlie CASTLEN,83,15,64,3,1
Daviess,B118,County Judge/Executive,,,Janie MARKSBERRY,32,4,27,0,1
Daviess,B118,County Judge/Executive,,,Under Votes,6,0,6,0,0
Daviess,B118,County Judge/Executive,,,Over Votes,0,0,0,0,0
Daviess,B118,County Clerk,,,Matt GALLOWAY,33,4,28,0,1
Daviess,B118,County Clerk,,,Leslie A. McCARTY,77,13,60,3,1
Daviess,B118,County Clerk,,,Under Votes,11,2,9,0,0
Daviess,B118,County Clerk,,,Over Votes,0,0,0,0,0
Daviess,B118,County Commissioner Central District,,,Robert MORRIS,35,4,29,0,2
Daviess,B118,County Commissioner Central District,,,Larry CONDER,72,13,56,3,0
Daviess,B118,County Commissioner Central District,,,Under Votes,14,2,12,0,0
Daviess,B118,County Commissioner Central District,,,Over Votes,0,0,0,0,0
Daviess,B118,County Commissioner East District,,,Steven SHAKE,43,6,34,3,0
Daviess,B118,County Commissioner East District,,,Joe HAGAN,42,7,34,0,1
Daviess,B118,County Commissioner East District,,,Shane COX,17,2,14,0,1
Daviess,B118,County Commissioner East District,,,Under Votes,19,4,15,0,0
Daviess,B118,County Commissioner East District,,,Over Votes,0,0,0,0,0
Daviess,B118,County Commissioner West District,,,Christopher T. CASTLEN,84,14,65,3,2
Daviess,B118,County Commissioner West District,,,Dustin WARREN,22,3,19,0,0
Daviess,B118,County Commissioner West District,,,Under Votes,15,2,13,0,0
Daviess,B118,County Commissioner West District,,,Over Votes,0,0,0,0,0
Daviess,B118,U.S. Senate,,Democratic,Logan FORSYTHE,3,1,2,0,0
Daviess,B118,U.S. Senate,,Democratic,Amy McGRATH,48,21,26,1,0
Daviess,B118,U.S. Senate,,Democratic,Dale Lewis ROMANS,4,3,1,0,0
Daviess,B118,U.S. Senate,,Democratic,Joshua BLANTON SR.,2,0,2,0,0
Daviess,B118,U.S. Senate,,Democratic,Vincent Anthony THOMPSON,3,0,3,0,0
Daviess,B118,U.S. Senate,,Democratic,Charles BOOKER,30,9,20,1,0
Daviess,B118,U.S. Senate,,Democratic,Pamela STEVENSON,5,1,4,0,0
Daviess,B118,U.S. House,2,Democratic,David S. HATFIELD,11,6,5,0,0
Daviess,B118,U.S. House,2,Democratic,Megan WINGFIELD,24,9,14,1,0
Daviess,B118,U.S. House,2,Democratic,Hank LINDERMAN,35,14,20,1,0
Daviess,B118,U.S. House,2,Democratic,William Dakota COMPTON,18,4,14,0,0
Daviess,B118,Justice OF THE Peace Central Magisterial District,,,Craig POUNDS,21,9,12,0,0
Daviess,B118,Justice OF THE Peace Central Magisterial District,,,Chris SAALWAECHTER,56,21,33,2,0
Daviess,B118,Justice OF THE Peace Central Magisterial District,,,Under Votes,19,6,13,0,0
Daviess,B118,Justice OF THE Peace Central Magisterial District,,,Over Votes,0,0,0,0,0
Daviess,B118,"District Judge, 6th Judicial District",1,,J. Nick PAYNE,54,12,42,0,0
Daviess,B118,"District Judge, 6th Judicial District",1,,William C. MATTINGLY,25,4,19,2,0
Daviess,B118,"District Judge, 6th Judicial District",1,,W. Russell DUTY,55,17,35,3,0
Daviess,B118,"District Judge, 6th Judicial District",1,,Lelah ROGERS,67,18,45,2,2
Daviess,B118,"District Judge, 6th Judicial District",1,,Under Votes,23,4,19,0,0
Daviess,B118,"District Judge, 6th Judicial District",1,,Over Votes,0,0,0,0,0
Daviess,B118,City Commissioners City OF Owensboro,,,Jeff SANFORD,41,11,30,0,0
Daviess,B118,City Commissioners City OF Owensboro,,,Steve JOHNSON,28,16,12,0,0
Daviess,B118,City Commissioners City OF Owensboro,,,Harley METCALF,7,2,5,0,0
Daviess,B118,City Commissioners City OF Owensboro,,,Bob GLENN,67,23,43,1,0
Daviess,B118,City Commissioners City OF Owensboro,,,Pamela L. SMITH-WRIGHT,46,20,25,1,0
Daviess,B118,City Commissioners City OF Owensboro,,,Tyler GOAD,34,11,23,0,0
Daviess,B118,City Commissioners City OF Owensboro,,,Sharon Gail NeSMITH,58,24,33,1,0
Daviess,B118,City Commissioners City OF Owensboro,,,Curtis MAGLINGER,45,16,29,0,0
Daviess,B118,City Commissioners City OF Owensboro,,,John Ross MARTIN,21,9,12,0,0
Daviess,B118,City Commissioners City OF Owensboro,,,Under Votes,85,12,64,9,0
Daviess,B118,City Commissioners City OF Owensboro,,,Over Votes,0,0,0,0,0
Daviess,C101,U.S. Senate,,Republican,Anissa CATLETT,0,0,0,0,0
Daviess,C101,U.S. Senate,,Republican,A. Nick SHELLEY,0,0,0,0,0
Daviess,C101,U.S. Senate,,Republican,"Valerie ""Dr Val"" FREDRICK",1,0,1,0,0
Daviess,C101,U.S. Senate,,Republican,Michael James FARIS,1,0,1,0,0
Daviess,C101,U.S. Senate,,Republican,Nate MORRIS,9,0,9,0,0
Daviess,C101,U.S. Senate,,Republican,Other Donald WENZEL,0,0,0,0,0
Daviess,C101,U.S. Senate,,Republican,Jonathan M. HOLLIDAY,2,0,2,0,0
Daviess,C101,U.S. Senate,,Republican,George WASHINGTON,2,0,2,0,0
Daviess,C101,U.S. Senate,,Republican,Andy BARR,88,15,72,1,0
Daviess,C101,U.S. Senate,,Republican,Daniel CAMERON,78,15,58,2,3
Daviess,C101,U.S. Senate,,Republican,Jimmy I. LEON,0,0,0,0,0
Daviess,C101,U.S. Senate,,Republican,James D. DUNCAN,1,0,1,0,0
Daviess,C101,U.S. Senate,,,Under Votes,7,2,5,0,0
Daviess,C101,U.S. Senate,,,Over Votes,0,0,0,0,0
Daviess,C101,Ballots Cast,,,,276,,,,
Daviess,C101,U.S. House,2,Republican,"G. ""Shay"" PERRY-ADELMANN",11,4,7,0,0
Daviess,C101,U.S. House,2,Republican,S. Brett GUTHRIE,156,26,126,2,2
Daviess,C101,U.S. House,2,Republican,Joshua M. FERGUSON,6,0,5,0,1
Daviess,C101,U.S. House,2,,Under Votes,20,1,18,1,0
Daviess,C101,U.S. House,2,,Over Votes,0,0,0,0,0
Daviess,C101,County Judge/Executive,,,Charlie CASTLEN,112,23,88,1,0
Daviess,C101,County Judge/Executive,,,Janie MARKSBERRY,61,7,50,1,3
Daviess,C101,County Judge/Executive,,,Under Votes,9,0,8,1,0
Daviess,C101,County Judge/Executive,,,Over Votes,1,0,1,0,0
Daviess,C101,County Clerk,,,Matt GALLOWAY,117,16,97,1,3
Daviess,C101,County Clerk,,,Leslie A. McCARTY,58,14,42,2,0
Daviess,C101,County Clerk,,,Under Votes,8,0,8,0,0
Daviess,C101,County Clerk,,,Over Votes,0,0,0,0,0
Daviess,C101,County Commissioner Central District,,,Robert MORRIS,59,6,51,1,1
Daviess,C101,County Commissioner Central District,,,Larry CONDER,113,23,87,1,2
Daviess,C101,County Commissioner Central District,,,Under Votes,11,1,9,1,0
Daviess,C101,County Commissioner Central District,,,Over Votes,0,0,0,0,0
Daviess,C101,County Commissioner East District,,,Steven SHAKE,84,17,63,1,3
Daviess,C101,County Commissioner East District,,,Joe HAGAN,59,8,50,1,0
Daviess,C101,County Commissioner East District,,,Shane COX,18,2,15,1,0
Daviess,C101,County Commissioner East District,,,Under Votes,22,3,19,0,0
Daviess,C101,County Commissioner East District,,,Over Votes,0,0,0,0,0
Daviess,C101,County Commissioner West District,,,Christopher T. CASTLEN,123,22,97,2,2
Daviess,C101,County Commissioner West District,,,Dustin WARREN,38,6,30,1,1
Daviess,C101,County Commissioner West District,,,Under Votes,22,2,20,0,0
Daviess,C101,County Commissioner West District,,,Over Votes,0,0,0,0,0
Daviess,C101,U.S. Senate,,Democratic,Logan FORSYTHE,0,0,0,0,0
Daviess,C101,U.S. Senate,,Democratic,Amy McGRATH,46,18,26,1,1
Daviess,C101,U.S. Senate,,Democratic,Dale Lewis ROMANS,0,0,0,0,0
Daviess,C101,U.S. Senate,,Democratic,Joshua BLANTON SR.,0,0,0,0,0
Daviess,C101,U.S. Senate,,Democratic,Vincent Anthony THOMPSON,5,2,3,0,0
Daviess,C101,U.S. Senate,,Democratic,Charles BOOKER,26,8,17,1,0
Daviess,C101,U.S. Senate,,Democratic,Pamela STEVENSON,2,1,1,0,0
Daviess,C101,U.S. House,2,Democratic,David S. HATFIELD,13,5,7,1,0
Daviess,C101,U.S. House,2,Democratic,Megan WINGFIELD,26,14,12,0,0
Daviess,C101,U.S. House,2,Democratic,Hank LINDERMAN,26,9,15,1,1
Daviess,C101,U.S. House,2,Democratic,William Dakota COMPTON,10,2,8,0,0
Daviess,C101,"District Judge, 6th Judicial District",1,,J. Nick PAYNE,81,16,63,2,0
Daviess,C101,"District Judge, 6th Judicial District",1,,William C. MATTINGLY,38,14,21,0,3
Daviess,C101,"District Judge, 6th Judicial District",1,,W. Russell DUTY,60,15,45,0,0
Daviess,C101,"District Judge, 6th Judicial District",1,,Lelah ROGERS,67,14,50,2,1
Daviess,C101,"District Judge, 6th Judicial District",1,,Under Votes,28,2,25,1,0
Daviess,C101,"District Judge, 6th Judicial District",1,,Over Votes,2,1,1,0,0
Daviess,C101,City Commissioners City OF Owensboro,,,Jeff SANFORD,119,23,95,1,0
Daviess,C101,City Commissioners City OF Owensboro,,,Steve JOHNSON,114,25,84,2,3
Daviess,C101,City Commissioners City OF Owensboro,,,Harley METCALF,28,6,20,1,1
Daviess,C101,City Commissioners City OF Owensboro,,,Bob GLENN,106,30,74,2,0
Daviess,C101,City Commissioners City OF Owensboro,,,Pamela L. SMITH-WRIGHT,88,28,58,2,0
Daviess,C101,City Commissioners City OF Owensboro,,,Tyler GOAD,89,17,66,2,4
Daviess,C101,City Commissioners City OF Owensboro,,,Sharon Gail NeSMITH,96,24,69,2,1
Daviess,C101,City Commissioners City OF Owensboro,,,Curtis MAGLINGER,144,26,114,0,4
Daviess,C101,City Commissioners City OF Owensboro,,,John Ross MARTIN,51,11,35,2,3
Daviess,C101,City Commissioners City OF Owensboro,,,Under Votes,253,58,189,6,0
Daviess,C101,City Commissioners City OF Owensboro,,,Over Votes,0,0,0,0,0
Daviess,C102,U.S. Senate,,Republican,Anissa CATLETT,3,1,1,1,0
Daviess,C102,U.S. Senate,,Republican,A. Nick SHELLEY,2,0,1,1,0
Daviess,C102,U.S. Senate,,Republican,"Valerie ""Dr Val"" FREDRICK",2,0,2,0,0
Daviess,C102,U.S. Senate,,Republican,Michael James FARIS,2,1,1,0,0
Daviess,C102,U.S. Senate,,Republican,Nate MORRIS,10,2,7,1,0
Daviess,C102,U.S. Senate,,Republican,Other Donald WENZEL,1,1,0,0,0
Daviess,C102,U.S. Senate,,Republican,Jonathan M. HOLLIDAY,0,0,0,0,0
Daviess,C102,U.S. Senate,,Republican,George WASHINGTON,1,0,1,0,0
Daviess,C102,U.S. Senate,,Republican,Andy BARR,61,14,38,9,0
Daviess,C102,U.S. Senate,,Republican,Daniel CAMERON,26,4,18,4,0
Daviess,C102,U.S. Senate,,Republican,Jimmy I. LEON,0,0,0,0,0
Daviess,C102,U.S. Senate,,Republican,James D. DUNCAN,2,1,0,1,0
Daviess,C102,U.S. Senate,,,Under Votes,6,0,5,1,0
Daviess,C102,U.S. Senate,,,Over Votes,1,0,1,0,0
Daviess,C102,Ballots Cast,,,,279,,,,
Daviess,C102,U.S. House,2,Republican,"G. ""Shay"" PERRY-ADELMANN",8,3,5,0,0
Daviess,C102,U.S. House,2,Republican,S. Brett GUTHRIE,87,18,54,15,0
Daviess,C102,U.S. House,2,Republican,Joshua M. FERGUSON,9,3,5,1,0
Daviess,C102,U.S. House,2,,Under Votes,18,0,14,4,0
Daviess,C102,U.S. House,2,,Over Votes,0,0,0,0,0
Daviess,C102,County Judge/Executive,,,Charlie CASTLEN,64,12,40,12,0
Daviess,C102,County Judge/Executive,,,Janie MARKSBERRY,43,12,27,4,0
Daviess,C102,County Judge/Executive,,,Under Votes,3,0,2,1,0
Daviess,C102,County Judge/Executive,,,Over Votes,0,0,0,0,0
Daviess,C102,County Clerk,,,Matt GALLOWAY,36,9,25,2,0
Daviess,C102,County Clerk,,,Leslie A. McCARTY,67,15,38,14,0
Daviess,C102,County Clerk,,,Under Votes,6,0,5,1,0
Daviess,C102,County Clerk,,,Over Votes,1,0,1,0,0
Daviess,C102,County Commissioner Central District,,,Robert MORRIS,63,18,37,8,0
Daviess,C102,County Commissioner Central District,,,Larry CONDER,37,5,25,7,0
Daviess,C102,County Commissioner Central District,,,Under Votes,10,1,7,2,0
Daviess,C102,County Commissioner Central District,,,Over Votes,0,0,0,0,0
Daviess,C102,County Commissioner East District,,,Steven SHAKE,24,5,14,5,0
Daviess,C102,County Commissioner East District,,,Joe HAGAN,45,11,27,7,0
Daviess,C102,County Commissioner East District,,,Shane COX,29,6,20,3,0
Daviess,C102,County Commissioner East District,,,Under Votes,12,2,8,2,0
Daviess,C102,County Commissioner East District,,,Over Votes,0,0,0,0,0
Daviess,C102,County Commissioner West District,,,Christopher T. CASTLEN,51,10,35,6,0
Daviess,C102,County Commissioner West District,,,Dustin WARREN,46,11,25,10,0
Daviess,C102,County Commissioner West District,,,Under Votes,13,3,9,1,0
Daviess,C102,County Commissioner West District,,,Over Votes,0,0,0,0,0
Daviess,C102,U.S. Senate,,Democratic,Logan FORSYTHE,2,0,1,1,0
Daviess,C102,U.S. Senate,,Democratic,Amy McGRATH,67,13,43,11,0
Daviess,C102,U.S. Senate,,Democratic,Dale Lewis ROMANS,2,0,1,1,0
Daviess,C102,U.S. Senate,,Democratic,Joshua BLANTON SR.,3,0,3,0,0
Daviess,C102,U.S. Senate,,Democratic,Vincent Anthony THOMPSON,1,0,1,0,0
Daviess,C102,U.S. Senate,,Democratic,Charles BOOKER,65,12,47,6,0
Daviess,C102,U.S. Senate,,Democratic,Pamela STEVENSON,5,1,3,1,0
Daviess,C102,U.S. House,2,Democratic,David S. HATFIELD,21,5,16,0,0
Daviess,C102,U.S. House,2,Democratic,Megan WINGFIELD,55,11,36,8,0
Daviess,C102,U.S. House,2,Democratic,Hank LINDERMAN,30,5,20,5,0
Daviess,C102,U.S. House,2,Democratic,William Dakota COMPTON,34,5,24,5,0
Daviess,C102,"District Judge, 6th Judicial District",1,,J. Nick PAYNE,69,9,47,13,0
Daviess,C102,"District Judge, 6th Judicial District",1,,William C. MATTINGLY,42,7,25,10,0
Daviess,C102,"District Judge, 6th Judicial District",1,,W. Russell DUTY,50,13,34,3,0
Daviess,C102,"District Judge, 6th Judicial District",1,,Lelah ROGERS,97,20,69,8,0
Daviess,C102,"District Judge, 6th Judicial District",1,,Under Votes,21,3,13,5,0
Daviess,C102,"District Judge, 6th Judicial District",1,,Over Votes,0,0,0,0,0
Daviess,C102,City Commissioners City OF Owensboro,,,Jeff SANFORD,87,13,62,12,0
Daviess,C102,City Commissioners City OF Owensboro,,,Steve JOHNSON,76,12,51,13,0
Daviess,C102,City Commissioners City OF Owensboro,,,Harley METCALF,67,17,46,4,0
Daviess,C102,City Commissioners City OF Owensboro,,,Bob GLENN,139,26,90,23,0
Daviess,C102,City Commissioners City OF Owensboro,,,Pamela L. SMITH-WRIGHT,117,26,73,18,0
Daviess,C102,City Commissioners City OF Owensboro,,,Tyler GOAD,52,14,37,1,0
Daviess,C102,City Commissioners City OF Owensboro,,,Sharon Gail NeSMITH,108,26,65,17,0
Daviess,C102,City Commissioners City OF Owensboro,,,Curtis MAGLINGER,94,15,59,20,0
Daviess,C102,City Commissioners City OF Owensboro,,,John Ross MARTIN,64,12,43,9,0
Daviess,C102,City Commissioners City OF Owensboro,,,Under Votes,280,47,194,39,0
Daviess,C102,City Commissioners City OF Owensboro,,,Over Votes,1,0,1,0,0
Daviess,C103,U.S. Senate,,Republican,Anissa CATLETT,3,0,3,0,0
Daviess,C103,U.S. Senate,,Republican,A. Nick SHELLEY,1,0,1,0,0
Daviess,C103,U.S. Senate,,Republican,"Valerie ""Dr Val"" FREDRICK",0,0,0,0,0
Daviess,C103,U.S. Senate,,Republican,Michael James FARIS,4,0,4,0,0
Daviess,C103,U.S. Senate,,Republican,Nate MORRIS,7,4,3,0,0
Daviess,C103,U.S. Senate,,Republican,Other Donald WENZEL,1,1,0,0,0
Daviess,C103,U.S. Senate,,Republican,Jonathan M. HOLLIDAY,1,1,0,0,0
Daviess,C103,U.S. Senate,,Republican,George WASHINGTON,5,0,5,0,0
Daviess,C103,U.S. Senate,,Republican,Andy BARR,164,27,132,3,2
Daviess,C103,U.S. Senate,,Republican,Daniel CAMERON,82,16,62,2,2
Daviess,C103,U.S. Senate,,Republican,Jimmy I. LEON,1,0,1,0,0
Daviess,C103,U.S. Senate,,Republican,James D. DUNCAN,1,0,1,0,0
Daviess,C103,U.S. Senate,,,Under Votes,18,1,16,0,1
Daviess,C103,U.S. Senate,,,Over Votes,0,0,0,0,0
Daviess,C103,Ballots Cast,,,,485,,,,
Daviess,C103,U.S. House,2,Republican,"G. ""Shay"" PERRY-ADELMANN",11,2,9,0,0
Daviess,C103,U.S. House,2,Republican,S. Brett GUTHRIE,235,44,183,4,4
Daviess,C103,U.S. House,2,Republican,Joshua M. FERGUSON,15,1,14,0,0
Daviess,C103,U.S. House,2,,Under Votes,40,8,29,1,2
Daviess,C103,U.S. House,2,,Over Votes,0,0,0,0,0
Daviess,C103,County Judge/Executive,,,Charlie CASTLEN,173,32,137,1,3
Daviess,C103,County Judge/Executive,,,Janie MARKSBERRY,97,16,76,4,1
Daviess,C103,County Judge/Executive,,,Under Votes,10,2,8,0,0
Daviess,C103,County Judge/Executive,,,Over Votes,0,0,0,0,0
Daviess,C103,County Clerk,,,Matt GALLOWAY,116,18,94,3,1
Daviess,C103,County Clerk,,,Leslie A. McCARTY,151,29,117,2,3
Daviess,C103,County Clerk,,,Under Votes,13,3,10,0,0
Daviess,C103,County Clerk,,,Over Votes,0,0,0,0,0
Daviess,C103,County Commissioner Central District,,,Robert MORRIS,101,13,84,2,2
Daviess,C103,County Commissioner Central District,,,Larry CONDER,155,33,117,3,2
Daviess,C103,County Commissioner Central District,,,Under Votes,24,4,20,0,0
Daviess,C103,County Commissioner Central District,,,Over Votes,0,0,0,0,0
Daviess,C103,County Commissioner East District,,,Steven SHAKE,112,24,84,3,1
Daviess,C103,County Commissioner East District,,,Joe HAGAN,78,13,61,2,2
Daviess,C103,County Commissioner East District,,,Shane COX,49,9,40,0,0
Daviess,C103,County Commissioner East District,,,Under Votes,41,4,36,0,1
Daviess,C103,County Commissioner East District,,,Over Votes,0,0,0,0,0
Daviess,C103,County Commissioner West District,,,Christopher T. CASTLEN,180,40,135,4,1
Daviess,C103,County Commissioner West District,,,Dustin WARREN,67,6,58,1,2
Daviess,C103,County Commissioner West District,,,Under Votes,33,4,28,0,1
Daviess,C103,County Commissioner West District,,,Over Votes,0,0,0,0,0
Daviess,C103,U.S. Senate,,Democratic,Logan FORSYTHE,8,2,6,0,0
Daviess,C103,U.S. Senate,,Democratic,Amy McGRATH,90,29,57,4,0
Daviess,C103,U.S. Senate,,Democratic,Dale Lewis ROMANS,6,1,5,0,0
Daviess,C103,U.S. Senate,,Democratic,Joshua BLANTON SR.,1,0,1,0,0
Daviess,C103,U.S. Senate,,Democratic,Vincent Anthony THOMPSON,5,0,4,1,0
Daviess,C103,U.S. Senate,,Democratic,Charles BOOKER,53,8,43,1,1
Daviess,C103,U.S. Senate,,Democratic,Pamela STEVENSON,12,3,9,0,0
Daviess,C103,U.S. House,2,Democratic,David S. HATFIELD,30,3,25,2,0
Daviess,C103,U.S. House,2,Democratic,Megan WINGFIELD,68,16,49,3,0
Daviess,C103,U.S. House,2,Democratic,Hank LINDERMAN,36,13,23,0,0
Daviess,C103,U.S. House,2,Democratic,William Dakota COMPTON,28,6,21,1,0
Daviess,C103,"District Judge, 6th Judicial District",1,,J. Nick PAYNE,130,24,101,3,2
Daviess,C103,"District Judge, 6th Judicial District",1,,William C. MATTINGLY,85,15,66,4,0
Daviess,C103,"District Judge, 6th Judicial District",1,,W. Russell DUTY,92,22,68,1,1
Daviess,C103,"District Judge, 6th Judicial District",1,,Lelah ROGERS,124,26,94,3,1
Daviess,C103,"District Judge, 6th Judicial District",1,,Under Votes,53,8,42,1,2
Daviess,C103,"District Judge, 6th Judicial District",1,,Over Votes,1,0,1,0,0
Daviess,C103,City Commissioners City OF Owensboro,,,Jeff SANFORD,163,34,122,3,4
Daviess,C103,City Commissioners City OF Owensboro,,,Steve JOHNSON,125,25,92,4,4
Daviess,C103,City Commissioners City OF Owensboro,,,Harley METCALF,62,10,51,0,1
Daviess,C103,City Commissioners City OF Owensboro,,,Bob GLENN,180,48,123,7,2
Daviess,C103,City Commissioners City OF Owensboro,,,Pamela L. SMITH-WRIGHT,166,40,117,8,1
Daviess,C103,City Commissioners City OF Owensboro,,,Tyler GOAD,101,16,80,2,3
Daviess,C103,City Commissioners City OF Owensboro,,,Sharon Gail NeSMITH,141,34,98,7,2
Daviess,C103,City Commissioners City OF Owensboro,,,Curtis MAGLINGER,182,28,147,5,2
Daviess,C103,City Commissioners City OF Owensboro,,,John Ross MARTIN,95,14,77,1,3
Daviess,C103,City Commissioners City OF Owensboro,,,Under Votes,353,55,293,3,2
Daviess,C103,City Commissioners City OF Owensboro,,,Over Votes,0,0,0,0,0
Daviess,C104,U.S. Senate,,Republican,Anissa CATLETT,4,1,3,0,0
Daviess,C104,U.S. Senate,,Republican,A. Nick SHELLEY,0,0,0,0,0
Daviess,C104,U.S. Senate,,Republican,"Valerie ""Dr Val"" FREDRICK",5,1,2,2,0
Daviess,C104,U.S. Senate,,Republican,Michael James FARIS,14,0,13,1,0
Daviess,C104,U.S. Senate,,Republican,Nate MORRIS,10,0,9,1,0
Daviess,C104,U.S. Senate,,Republican,Other Donald WENZEL,0,0,0,0,0
Daviess,C104,U.S. Senate,,Republican,Jonathan M. HOLLIDAY,1,0,1,0,0
Daviess,C104,U.S. Senate,,Republican,George WASHINGTON,2,0,2,0,0
Daviess,C104,U.S. Senate,,Republican,Andy BARR,120,7,110,1,2
Daviess,C104,U.S. Senate,,Republican,Daniel CAMERON,82,6,75,0,1
Daviess,C104,U.S. Senate,,Republican,Jimmy I. LEON,0,0,0,0,0
Daviess,C104,U.S. Senate,,Republican,James D. DUNCAN,3,0,3,0,0
Daviess,C104,U.S. Senate,,,Under Votes,13,1,11,1,0
Daviess,C104,U.S. Senate,,,Over Votes,0,0,0,0,0
Daviess,C104,Ballots Cast,,,,405,,,,
Daviess,C104,U.S. House,2,Republican,"G. ""Shay"" PERRY-ADELMANN",23,3,20,0,0
Daviess,C104,U.S. House,2,Republican,S. Brett GUTHRIE,174,9,157,5,3
Daviess,C104,U.S. House,2,Republican,Joshua M. FERGUSON,38,3,35,0,0
Daviess,C104,U.S. House,2,,Under Votes,29,1,27,1,0
Daviess,C104,U.S. House,2,,Over Votes,0,0,0,0,0
Daviess,C104,State Representative,14,Republican,Wes PATE,163,8,148,5,2
Daviess,C104,State Representative,14,Republican,Marty SHEPHARD,67,6,60,0,1
Daviess,C104,State Representative,14,,Under Votes,19,2,17,0,0
Daviess,C104,State Representative,14,,Over Votes,0,0,0,0,0
Daviess,C104,County Judge/Executive,,,Charlie CASTLEN,118,6,107,2,3
Daviess,C104,County Judge/Executive,,,Janie MARKSBERRY,117,10,105,2,0
Daviess,C104,County Judge/Executive,,,Under Votes,14,0,13,1,0
Daviess,C104,County Judge/Executive,,,Over Votes,0,0,0,0,0
Daviess,C104,County Clerk,,,Matt GALLOWAY,112,8,103,1,0
Daviess,C104,County Clerk,,,Leslie A. McCARTY,125,7,112,4,2
Daviess,C104,County Clerk,,,Under Votes,12,1,10,0,1
Daviess,C104,County Clerk,,,Over Votes,0,0,0,0,0
Daviess,C104,County Commissioner Central District,,,Robert MORRIS,114,8,101,5,0
Daviess,C104,County Commissioner Central District,,,Larry CONDER,109,6,101,0,2
Daviess,C104,County Commissioner Central District,,,Under Votes,26,2,23,0,1
Daviess,C104,County Commissioner Central District,,,Over Votes,0,0,0,0,0
Daviess,C104,County Commissioner East District,,,Steven SHAKE,48,7,40,0,1
Daviess,C104,County Commissioner East District,,,Joe HAGAN,105,5,97,1,2
Daviess,C104,County Commissioner East District,,,Shane COX,84,2,79,3,0
Daviess,C104,County Commissioner East District,,,Under Votes,12,2,9,1,0
Daviess,C104,County Commissioner East District,,,Over Votes,0,0,0,0,0
Daviess,C104,County Commissioner West District,,,Christopher T. CASTLEN,125,11,110,1,3
Daviess,C104,County Commissioner West District,,,Dustin WARREN,95,3,88,4,0
Daviess,C104,County Commissioner West District,,,Under Votes,29,2,27,0,0
Daviess,C104,County Commissioner West District,,,Over Votes,0,0,0,0,0
Daviess,C104,U.S. Senate,,Democratic,Logan FORSYTHE,5,0,5,0,0
Daviess,C104,U.S. Senate,,Democratic,Amy McGRATH,91,6,79,5,1
Daviess,C104,U.S. Senate,,Democratic,Dale Lewis ROMANS,0,0,0,0,0
Daviess,C104,U.S. Senate,,Democratic,Joshua BLANTON SR.,3,0,3,0,0
Daviess,C104,U.S. Senate,,Democratic,Vincent Anthony THOMPSON,6,0,6,0,0
Daviess,C104,U.S. Senate,,Democratic,Charles BOOKER,37,0,36,1,0
Daviess,C104,U.S. Senate,,Democratic,Pamela STEVENSON,0,0,0,0,0
Daviess,C104,U.S. House,2,Democratic,David S. HATFIELD,48,3,44,1,0
Daviess,C104,U.S. House,2,Democratic,Megan WINGFIELD,38,0,35,2,1
Daviess,C104,U.S. House,2,Democratic,Hank LINDERMAN,28,1,26,1,0
Daviess,C104,U.S. House,2,Democratic,William Dakota COMPTON,18,2,14,2,0
Daviess,C104,"District Judge, 6th Judicial District",1,,J. Nick PAYNE,164,9,149,2,4
Daviess,C104,"District Judge, 6th Judicial District",1,,William C. MATTINGLY,80,4,72,4,0
Daviess,C104,"District Judge, 6th Judicial District",1,,W. Russell DUTY,46,1,45,0,0
Daviess,C104,"District Judge, 6th Judicial District",1,,Lelah ROGERS,78,7,67,4,0
Daviess,C104,"District Judge, 6th Judicial District",1,,Under Votes,36,1,33,2,0
Daviess,C104,"District Judge, 6th Judicial District",1,,Over Votes,1,0,1,0,0
Daviess,C105,U.S. Senate,,Republican,Anissa CATLETT,1,0,1,0,0
Daviess,C105,U.S. Senate,,Republican,A. Nick SHELLEY,1,0,1,0,0
Daviess,C105,U.S. Senate,,Republican,"Valerie ""Dr Val"" FREDRICK",1,0,1,0,0
Daviess,C105,U.S. Senate,,Republican,Michael James FARIS,7,0,7,0,0
Daviess,C105,U.S. Senate,,Republican,Nate MORRIS,10,1,9,0,0
Daviess,C105,U.S. Senate,,Republican,Other Donald WENZEL,0,0,0,0,0
Daviess,C105,U.S. Senate,,Republican,Jonathan M. HOLLIDAY,0,0,0,0,0
Daviess,C105,U.S. Senate,,Republican,George WASHINGTON,0,0,0,0,0
Daviess,C105,U.S. Senate,,Republican,Andy BARR,74,5,69,0,0
Daviess,C105,U.S. Senate,,Republican,Daniel CAMERON,55,7,48,0,0
Daviess,C105,U.S. Senate,,Republican,Jimmy I. LEON,0,0,0,0,0
Daviess,C105,U.S. Senate,,Republican,James D. DUNCAN,0,0,0,0,0
Daviess,C105,U.S. Senate,,,Under Votes,6,0,6,0,0
Daviess,C105,U.S. Senate,,,Over Votes,0,0,0,0,0
Daviess,C105,Ballots Cast,,,,246,,,,
Daviess,C105,U.S. House,2,Republican,"G. ""Shay"" PERRY-ADELMANN",11,2,9,0,0
Daviess,C105,U.S. House,2,Republican,S. Brett GUTHRIE,120,8,112,0,0
Daviess,C105,U.S. House,2,Republican,Joshua M. FERGUSON,15,2,13,0,0
Daviess,C105,U.S. House,2,,Under Votes,15,1,13,1,0
Daviess,C105,U.S. House,2,,Over Votes,0,0,0,0,0
Daviess,C105,State Representative,14,Republican,Wes PATE,87,10,77,0,0
Daviess,C105,State Representative,14,Republican,Marty SHEPHARD,51,2,49,0,0
Daviess,C105,State Representative,14,,Under Votes,14,1,13,0,0
Daviess,C105,State Representative,14,,Over Votes,0,0,0,0,0
Daviess,C105,County Judge/Executive,,,Charlie CASTLEN,82,6,76,0,0
Daviess,C105,County Judge/Executive,,,Janie MARKSBERRY,67,7,60,0,0
Daviess,C105,County Judge/Executive,,,Under Votes,3,0,3,0,0
Daviess,C105,County Judge/Executive,,,Over Votes,0,0,0,0,0
Daviess,C105,County Clerk,,,Matt GALLOWAY,65,6,59,0,0
Daviess,C105,County Clerk,,,Leslie A. McCARTY,84,7,77,0,0
Daviess,C105,County Clerk,,,Under Votes,3,0,3,0,0
Daviess,C105,County Clerk,,,Over Votes,0,0,0,0,0
Daviess,C105,County Commissioner Central District,,,Robert MORRIS,60,4,56,0,0
Daviess,C105,County Commissioner Central District,,,Larry CONDER,74,8,66,0,0
Daviess,C105,County Commissioner Central District,,,Under Votes,18,1,17,0,0
Daviess,C105,County Commissioner Central District,,,Over Votes,0,0,0,0,0
Daviess,C105,County Commissioner East District,,,Steven SHAKE,46,2,44,0,0
Daviess,C105,County Commissioner East District,,,Joe HAGAN,54,5,49,0,0
Daviess,C105,County Commissioner East District,,,Shane COX,45,5,40,0,0
Daviess,C105,County Commissioner East District,,,Under Votes,7,1,6,0,0
Daviess,C105,County Commissioner East District,,,Over Votes,0,0,0,0,0
Daviess,C105,County Commissioner West District,,,Christopher T. CASTLEN,81,8,73,0,0
Daviess,C105,County Commissioner West District,,,Dustin WARREN,56,5,51,0,0
Daviess,C105,County Commissioner West District,,,Under Votes,15,0,15,0,0
Daviess,C105,County Commissioner West District,,,Over Votes,0,0,0,0,0
Daviess,C105,U.S. Senate,,Democratic,Logan FORSYTHE,3,1,2,0,0
Daviess,C105,U.S. Senate,,Democratic,Amy McGRATH,56,5,50,1,0
Daviess,C105,U.S. Senate,,Democratic,Dale Lewis ROMANS,0,0,0,0,0
Daviess,C105,U.S. Senate,,Democratic,Joshua BLANTON SR.,0,0,0,0,0
Daviess,C105,U.S. Senate,,Democratic,Vincent Anthony THOMPSON,1,1,0,0,0
Daviess,C105,U.S. Senate,,Democratic,Charles BOOKER,22,0,20,2,0
Daviess,C105,U.S. Senate,,Democratic,Pamela STEVENSON,5,0,5,0,0
Daviess,C105,U.S. House,2,Democratic,David S. HATFIELD,20,3,17,0,0
Daviess,C105,U.S. House,2,Democratic,Megan WINGFIELD,38,4,33,1,0
Daviess,C105,U.S. House,2,Democratic,Hank LINDERMAN,11,0,11,0,0
Daviess,C105,U.S. House,2,Democratic,William Dakota COMPTON,12,0,11,1,0
Daviess,C105,"District Judge, 6th Judicial District",1,,J. Nick PAYNE,80,6,73,1,0
Daviess,C105,"District Judge, 6th Judicial District",1,,William C. MATTINGLY,37,2,35,0,0
Daviess,C105,"District Judge, 6th Judicial District",1,,W. Russell DUTY,42,5,37,0,0
Daviess,C105,"District Judge, 6th Judicial District",1,,Lelah ROGERS,64,6,56,2,0
Daviess,C105,"District Judge, 6th Judicial District",1,,Under Votes,23,1,22,0,0
Daviess,C105,"District Judge, 6th Judicial District",1,,Over Votes,0,0,0,0,0
Daviess,C106,U.S. Senate,,Republican,Anissa CATLETT,1,0,1,0,0
Daviess,C106,U.S. Senate,,Republican,A. Nick SHELLEY,0,0,0,0,0
Daviess,C106,U.S. Senate,,Republican,"Valerie ""Dr Val"" FREDRICK",4,0,4,0,0
Daviess,C106,U.S. Senate,,Republican,Michael James FARIS,12,2,10,0,0
Daviess,C106,U.S. Senate,,Republican,Nate MORRIS,14,1,12,1,0
Daviess,C106,U.S. Senate,,Republican,Other Donald WENZEL,0,0,0,0,0
Daviess,C106,U.S. Senate,,Republican,Jonathan M. HOLLIDAY,0,0,0,0,0
Daviess,C106,U.S. Senate,,Republican,George WASHINGTON,1,0,1,0,0
Daviess,C106,U.S. Senate,,Republican,Andy BARR,130,7,122,0,1
Daviess,C106,U.S. Senate,,Republican,Daniel CAMERON,68,4,60,1,3
Daviess,C106,U.S. Senate,,Republican,Jimmy I. LEON,0,0,0,0,0
Daviess,C106,U.S. Senate,,Republican,James D. DUNCAN,3,0,3,0,0
Daviess,C106,U.S. Senate,,,Under Votes,17,0,17,0,0
Daviess,C106,U.S. Senate,,,Over Votes,1,0,1,0,0
Daviess,C106,Ballots Cast,,,,370,,,,
Daviess,C106,U.S. House,2,Republican,"G. ""Shay"" PERRY-ADELMANN",11,1,10,0,0
Daviess,C106,U.S. House,2,Republican,S. Brett GUTHRIE,188,9,173,2,4
Daviess,C106,U.S. House,2,Republican,Joshua M. FERGUSON,22,2,20,0,0
Daviess,C106,U.S. House,2,,Under Votes,35,3,32,0,0
Daviess,C106,U.S. House,2,,Over Votes,0,0,0,0,0
Daviess,C106,State Representative,14,Republican,Wes PATE,166,8,153,1,4
Daviess,C106,State Representative,14,Republican,Marty SHEPHARD,61,4,56,1,0
Daviess,C106,State Representative,14,,Under Votes,20,2,18,0,0
Daviess,C106,State Representative,14,,Over Votes,0,0,0,0,0
Daviess,C106,County Judge/Executive,,,Charlie CASTLEN,150,10,136,2,2
Daviess,C106,County Judge/Executive,,,Janie MARKSBERRY,82,4,77,0,1
Daviess,C106,County Judge/Executive,,,Under Votes,15,0,14,0,1
Daviess,C106,County Judge/Executive,,,Over Votes,0,0,0,0,0
Daviess,C106,County Clerk,,,Matt GALLOWAY,126,6,117,0,3
Daviess,C106,County Clerk,,,Leslie A. McCARTY,107,7,97,2,1
Daviess,C106,County Clerk,,,Under Votes,14,1,13,0,0
Daviess,C106,County Clerk,,,Over Votes,0,0,0,0,0
Daviess,C106,County Commissioner Central District,,,Robert MORRIS,83,4,76,1,2
Daviess,C106,County Commissioner Central District,,,Larry CONDER,130,8,119,1,2
Daviess,C106,County Commissioner Central District,,,Under Votes,34,2,32,0,0
Daviess,C106,County Commissioner Central District,,,Over Votes,0,0,0,0,0
Daviess,C106,County Commissioner East District,,,Steven SHAKE,42,4,37,1,0
Daviess,C106,County Commissioner East District,,,Joe HAGAN,141,7,130,1,3
Daviess,C106,County Commissioner East District,,,Shane COX,44,2,41,0,1
Daviess,C106,County Commissioner East District,,,Under Votes,20,1,19,0,0
Daviess,C106,County Commissioner East District,,,Over Votes,0,0,0,0,0
Daviess,C106,County Commissioner West District,,,Christopher T. CASTLEN,124,7,112,1,4
Daviess,C106,County Commissioner West District,,,Dustin WARREN,93,6,86,1,0
Daviess,C106,County Commissioner West District,,,Under Votes,30,1,29,0,0
Daviess,C106,County Commissioner West District,,,Over Votes,0,0,0,0,0
Daviess,C106,U.S. Senate,,Democratic,Logan FORSYTHE,5,1,4,0,0
Daviess,C106,U.S. Senate,,Democratic,Amy McGRATH,46,8,37,1,0
Daviess,C106,U.S. Senate,,Democratic,Dale Lewis ROMANS,3,0,3,0,0
Daviess,C106,U.S. Senate,,Democratic,Joshua BLANTON SR.,4,0,4,0,0
Daviess,C106,U.S. Senate,,Democratic,Vincent Anthony THOMPSON,4,0,4,0,0
Daviess,C106,U.S. Senate,,Democratic,Charles BOOKER,49,4,43,2,0
Daviess,C106,U.S. Senate,,Democratic,Pamela STEVENSON,2,0,2,0,0
Daviess,C106,U.S. House,2,Democratic,David S. HATFIELD,31,2,29,0,0
Daviess,C106,U.S. House,2,Democratic,Megan WINGFIELD,33,5,28,0,0
Daviess,C106,U.S. House,2,Democratic,Hank LINDERMAN,26,4,22,0,0
Daviess,C106,U.S. House,2,Democratic,William Dakota COMPTON,18,1,14,3,0
Daviess,C106,"District Judge, 6th Judicial District",1,,J. Nick PAYNE,134,12,118,2,2
Daviess,C106,"District Judge, 6th Judicial District",1,,William C. MATTINGLY,54,2,50,1,1
Daviess,C106,"District Judge, 6th Judicial District",1,,W. Russell DUTY,80,3,76,0,1
Daviess,C106,"District Judge, 6th Judicial District",1,,Lelah ROGERS,65,7,57,1,0
Daviess,C106,"District Judge, 6th Judicial District",1,,Under Votes,37,3,33,1,0
Daviess,C106,"District Judge, 6th Judicial District",1,,Over Votes,0,0,0,0,0
Daviess,C107,U.S. Senate,,Republican,Anissa CATLETT,1,0,1,0,0
Daviess,C107,U.S. Senate,,Republican,A. Nick SHELLEY,0,0,0,0,0
Daviess,C107,U.S. Senate,,Republican,"Valerie ""Dr Val"" FREDRICK",2,0,2,0,0
Daviess,C107,U.S. Senate,,Republican,Michael James FARIS,4,0,4,0,0
Daviess,C107,U.S. Senate,,Republican,Nate MORRIS,1,0,1,0,0
Daviess,C107,U.S. Senate,,Republican,Other Donald WENZEL,0,0,0,0,0
Daviess,C107,U.S. Senate,,Republican,Jonathan M. HOLLIDAY,1,0,1,0,0
Daviess,C107,U.S. Senate,,Republican,George WASHINGTON,3,0,3,0,0
Daviess,C107,U.S. Senate,,Republican,Andy BARR,29,2,26,1,0
Daviess,C107,U.S. Senate,,Republican,Daniel CAMERON,13,0,13,0,0
Daviess,C107,U.S. Senate,,Republican,Jimmy I. LEON,0,0,0,0,0
Daviess,C107,U.S. Senate,,Republican,James D. DUNCAN,1,0,1,0,0
Daviess,C107,U.S. Senate,,,Under Votes,2,1,1,0,0
Daviess,C107,U.S. Senate,,,Over Votes,0,0,0,0,0
Daviess,C107,Ballots Cast,,,,103,,,,
Daviess,C107,U.S. House,2,Republican,"G. ""Shay"" PERRY-ADELMANN",2,0,2,0,0
Daviess,C107,U.S. House,2,Republican,S. Brett GUTHRIE,41,2,38,1,0
Daviess,C107,U.S. House,2,Republican,Joshua M. FERGUSON,11,0,11,0,0
Daviess,C107,U.S. House,2,,Under Votes,1,0,1,0,0
Daviess,C107,U.S. House,2,,Over Votes,0,0,0,0,0
Daviess,C107,State Representative,14,Republican,Wes PATE,45,2,42,1,0
Daviess,C107,State Representative,14,Republican,Marty SHEPHARD,7,0,7,0,0
Daviess,C107,State Representative,14,,Under Votes,3,0,3,0,0
Daviess,C107,State Representative,14,,Over Votes,0,0,0,0,0
Daviess,C107,County Judge/Executive,,,Charlie CASTLEN,26,2,23,1,0
Daviess,C107,County Judge/Executive,,,Janie MARKSBERRY,29,0,29,0,0
Daviess,C107,County Judge/Executive,,,Under Votes,0,0,0,0,0
Daviess,C107,County Judge/Executive,,,Over Votes,0,0,0,0,0
Daviess,C107,County Clerk,,,Matt GALLOWAY,23,2,21,0,0
Daviess,C107,County Clerk,,,Leslie A. McCARTY,32,0,31,1,0
Daviess,C107,County Clerk,,,Under Votes,0,0,0,0,0
Daviess,C107,County Clerk,,,Over Votes,0,0,0,0,0
Daviess,C107,County Commissioner Central District,,,Robert MORRIS,22,0,21,1,0
Daviess,C107,County Commissioner Central District,,,Larry CONDER,29,1,28,0,0
Daviess,C107,County Commissioner Central District,,,Under Votes,4,1,3,0,0
Daviess,C107,County Commissioner Central District,,,Over Votes,0,0,0,0,0
Daviess,C107,County Commissioner East District,,,Steven SHAKE,12,0,12,0,0
Daviess,C107,County Commissioner East District,,,Joe HAGAN,27,2,24,1,0
Daviess,C107,County Commissioner East District,,,Shane COX,14,0,14,0,0
Daviess,C107,County Commissioner East District,,,Under Votes,1,0,1,0,0
Daviess,C107,County Commissioner East District,,,Over Votes,1,0,1,0,0
Daviess,C107,County Commissioner West District,,,Christopher T. CASTLEN,27,1,25,1,0
Daviess,C107,County Commissioner West District,,,Dustin WARREN,26,0,26,0,0
Daviess,C107,County Commissioner West District,,,Under Votes,2,1,1,0,0
Daviess,C107,County Commissioner West District,,,Over Votes,0,0,0,0,0
Daviess,C107,U.S. Senate,,Democratic,Logan FORSYTHE,3,0,3,0,0
Daviess,C107,U.S. Senate,,Democratic,Amy McGRATH,21,2,18,1,0
Daviess,C107,U.S. Senate,,Democratic,Dale Lewis ROMANS,0,0,0,0,0
Daviess,C107,U.S. Senate,,Democratic,Joshua BLANTON SR.,2,0,2,0,0
Daviess,C107,U.S. Senate,,Democratic,Vincent Anthony THOMPSON,0,0,0,0,0
Daviess,C107,U.S. Senate,,Democratic,Charles BOOKER,14,1,12,1,0
Daviess,C107,U.S. Senate,,Democratic,Pamela STEVENSON,4,0,4,0,0
Daviess,C107,U.S. House,2,Democratic,David S. HATFIELD,11,1,10,0,0
Daviess,C107,U.S. House,2,Democratic,Megan WINGFIELD,17,1,15,1,0
Daviess,C107,U.S. House,2,Democratic,Hank LINDERMAN,8,2,5,1,0
Daviess,C107,U.S. House,2,Democratic,William Dakota COMPTON,10,0,10,0,0
Daviess,C107,"District Judge, 6th Judicial District",1,,J. Nick PAYNE,33,1,30,2,0
Daviess,C107,"District Judge, 6th Judicial District",1,,William C. MATTINGLY,17,1,16,0,0
Daviess,C107,"District Judge, 6th Judicial District",1,,W. Russell DUTY,14,0,14,0,0
Daviess,C107,"District Judge, 6th Judicial District",1,,Lelah ROGERS,32,3,28,1,0
Daviess,C107,"District Judge, 6th Judicial District",1,,Under Votes,7,1,6,0,0
Daviess,C107,"District Judge, 6th Judicial District",1,,Over Votes,0,0,0,0,0
Daviess,C108,U.S. Senate,,Republican,Anissa CATLETT,0,0,0,0,0
Daviess,C108,U.S. Senate,,Republican,A. Nick SHELLEY,1,0,1,0,0
Daviess,C108,U.S. Senate,,Republican,"Valerie ""Dr Val"" FREDRICK",3,0,3,0,0
Daviess,C108,U.S. Senate,,Republican,Michael James FARIS,18,1,17,0,0
Daviess,C108,U.S. Senate,,Republican,Nate MORRIS,10,1,9,0,0
Daviess,C108,U.S. Senate,,Republican,Other Donald WENZEL,0,0,0,0,0
Daviess,C108,U.S. Senate,,Republican,Jonathan M. HOLLIDAY,0,0,0,0,0
Daviess,C108,U.S. Senate,,Republican,George WASHINGTON,0,0,0,0,0
Daviess,C108,U.S. Senate,,Republican,Andy BARR,94,6,88,0,0
Daviess,C108,U.S. Senate,,Republican,Daniel CAMERON,38,4,33,0,1
Daviess,C108,U.S. Senate,,Republican,Jimmy I. LEON,1,0,1,0,0
Daviess,C108,U.S. Senate,,Republican,James D. DUNCAN,1,0,1,0,0
Daviess,C108,U.S. Senate,,,Under Votes,4,1,3,0,0
Daviess,C108,U.S. Senate,,,Over Votes,0,0,0,0,0
Daviess,C108,Ballots Cast,,,,262,,,,
Daviess,C108,U.S. House,2,Republican,"G. ""Shay"" PERRY-ADELMANN",7,0,7,0,0
Daviess,C108,U.S. House,2,Republican,S. Brett GUTHRIE,142,11,130,0,1
Daviess,C108,U.S. House,2,Republican,Joshua M. FERGUSON,12,0,12,0,0
Daviess,C108,U.S. House,2,,Under Votes,14,4,10,0,0
Daviess,C108,U.S. House,2,,Over Votes,0,0,0,0,0
Daviess,C108,State Representative,14,Republican,Wes PATE,125,11,113,0,1
Daviess,C108,State Representative,14,Republican,Marty SHEPHARD,30,1,29,0,0
Daviess,C108,State Representative,14,,Under Votes,13,1,12,0,0
Daviess,C108,State Representative,14,,Over Votes,0,0,0,0,0
Daviess,C108,County Judge/Executive,,,Charlie CASTLEN,91,10,80,0,1
Daviess,C108,County Judge/Executive,,,Janie MARKSBERRY,71,3,68,0,0
Daviess,C108,County Judge/Executive,,,Under Votes,6,0,6,0,0
Daviess,C108,County Judge/Executive,,,Over Votes,0,0,0,0,0
Daviess,C108,County Clerk,,,Matt GALLOWAY,68,2,65,0,1
Daviess,C108,County Clerk,,,Leslie A. McCARTY,89,10,79,0,0
Daviess,C108,County Clerk,,,Under Votes,11,1,10,0,0
Daviess,C108,County Clerk,,,Over Votes,0,0,0,0,0
Daviess,C108,County Commissioner Central District,,,Robert MORRIS,73,3,69,0,1
Daviess,C108,County Commissioner Central District,,,Larry CONDER,67,9,58,0,0
Daviess,C108,County Commissioner Central District,,,Under Votes,28,1,27,0,0
Daviess,C108,County Commissioner Central District,,,Over Votes,0,0,0,0,0
Daviess,C108,County Commissioner East District,,,Steven SHAKE,50,3,47,0,0
Daviess,C108,County Commissioner East District,,,Joe HAGAN,73,7,66,0,0
Daviess,C108,County Commissioner East District,,,Shane COX,31,2,28,0,1
Daviess,C108,County Commissioner East District,,,Under Votes,14,1,13,0,0
Daviess,C108,County Commissioner East District,,,Over Votes,0,0,0,0,0
Daviess,C108,County Commissioner West District,,,Christopher T. CASTLEN,81,10,71,0,0
Daviess,C108,County Commissioner West District,,,Dustin WARREN,69,2,66,0,1
Daviess,C108,County Commissioner West District,,,Under Votes,18,1,17,0,0
Daviess,C108,County Commissioner West District,,,Over Votes,0,0,0,0,0
Daviess,C108,U.S. Senate,,Democratic,Logan FORSYTHE,5,0,5,0,0
Daviess,C108,U.S. Senate,,Democratic,Amy McGRATH,49,11,35,2,1
Daviess,C108,U.S. Senate,,Democratic,Dale Lewis ROMANS,1,0,1,0,0
Daviess,C108,U.S. Senate,,Democratic,Joshua BLANTON SR.,4,0,4,0,0
Daviess,C108,U.S. Senate,,Democratic,Vincent Anthony THOMPSON,2,1,1,0,0
Daviess,C108,U.S. Senate,,Democratic,Charles BOOKER,22,2,20,0,0
Daviess,C108,U.S. Senate,,Democratic,Pamela STEVENSON,4,0,4,0,0
Daviess,C108,U.S. House,2,Democratic,David S. HATFIELD,12,4,8,0,0
Daviess,C108,U.S. House,2,Democratic,Megan WINGFIELD,48,6,39,2,1
Daviess,C108,U.S. House,2,Democratic,Hank LINDERMAN,15,1,14,0,0
Daviess,C108,U.S. House,2,Democratic,William Dakota COMPTON,7,1,6,0,0
Daviess,C108,"District Judge, 6th Judicial District",1,,J. Nick PAYNE,84,5,78,0,1
Daviess,C108,"District Judge, 6th Judicial District",1,,William C. MATTINGLY,44,2,42,0,0
Daviess,C108,"District Judge, 6th Judicial District",1,,W. Russell DUTY,61,13,48,0,0
Daviess,C108,"District Judge, 6th Judicial District",1,,Lelah ROGERS,52,7,42,2,1
Daviess,C108,"District Judge, 6th Judicial District",1,,Under Votes,21,0,21,0,0
Daviess,C108,"District Judge, 6th Judicial District",1,,Over Votes,0,0,0,0,0
Daviess,C109,U.S. Senate,,Republican,Anissa CATLETT,3,1,2,0,0
Daviess,C109,U.S. Senate,,Republican,A. Nick SHELLEY,1,0,1,0,0
Daviess,C109,U.S. Senate,,Republican,"Valerie ""Dr Val"" FREDRICK",3,0,1,2,0
Daviess,C109,U.S. Senate,,Republican,Michael James FARIS,7,0,7,0,0
Daviess,C109,U.S. Senate,,Republican,Nate MORRIS,8,1,5,2,0
Daviess,C109,U.S. Senate,,Republican,Other Donald WENZEL,0,0,0,0,0
Daviess,C109,U.S. Senate,,Republican,Jonathan M. HOLLIDAY,0,0,0,0,0
Daviess,C109,U.S. Senate,,Republican,George WASHINGTON,0,0,0,0,0
Daviess,C109,U.S. Senate,,Republican,Andy BARR,104,11,91,2,0
Daviess,C109,U.S. Senate,,Republican,Daniel CAMERON,62,10,51,1,0
Daviess,C109,U.S. Senate,,Republican,Jimmy I. LEON,0,0,0,0,0
Daviess,C109,U.S. Senate,,Republican,James D. DUNCAN,3,1,2,0,0
Daviess,C109,U.S. Senate,,,Under Votes,7,2,5,0,0
Daviess,C109,U.S. Senate,,,Over Votes,0,0,0,0,0
Daviess,C109,Ballots Cast,,,,303,,,,
Daviess,C109,U.S. House,2,Republican,"G. ""Shay"" PERRY-ADELMANN",7,0,7,0,0
Daviess,C109,U.S. House,2,Republican,S. Brett GUTHRIE,163,21,136,6,0
Daviess,C109,U.S. House,2,Republican,Joshua M. FERGUSON,17,1,15,1,0
Daviess,C109,U.S. House,2,,Under Votes,14,4,9,1,0
Daviess,C109,U.S. House,2,,Over Votes,1,0,1,0,0
Daviess,C109,County Judge/Executive,,,Charlie CASTLEN,115,14,95,6,0
Daviess,C109,County Judge/Executive,,,Janie MARKSBERRY,70,9,60,1,0
Daviess,C109,County Judge/Executive,,,Under Votes,7,1,6,0,0
Daviess,C109,County Judge/Executive,,,Over Votes,0,0,0,0,0
Daviess,C109,County Clerk,,,Matt GALLOWAY,90,10,78,2,0
Daviess,C109,County Clerk,,,Leslie A. McCARTY,93,14,74,5,0
Daviess,C109,County Clerk,,,Under Votes,9,0,9,0,0
Daviess,C109,County Clerk,,,Over Votes,0,0,0,0,0
Daviess,C109,County Commissioner Central District,,,Robert MORRIS,69,7,60,2,0
Daviess,C109,County Commissioner Central District,,,Larry CONDER,107,14,88,5,0
Daviess,C109,County Commissioner Central District,,,Under Votes,16,3,13,0,0
Daviess,C109,County Commissioner Central District,,,Over Votes,0,0,0,0,0
Daviess,C109,County Commissioner East District,,,Steven SHAKE,64,7,53,4,0
Daviess,C109,County Commissioner East District,,,Joe HAGAN,84,12,70,2,0
Daviess,C109,County Commissioner East District,,,Shane COX,29,2,27,0,0
Daviess,C109,County Commissioner East District,,,Under Votes,15,3,11,1,0
Daviess,C109,County Commissioner East District,,,Over Votes,0,0,0,0,0
Daviess,C109,County Commissioner West District,,,Christopher T. CASTLEN,123,15,101,7,0
Daviess,C109,County Commissioner West District,,,Dustin WARREN,53,6,47,0,0
Daviess,C109,County Commissioner West District,,,Under Votes,16,3,13,0,0
Daviess,C109,County Commissioner West District,,,Over Votes,0,0,0,0,0
Daviess,C109,U.S. Senate,,Democratic,Logan FORSYTHE,2,0,1,1,0
Daviess,C109,U.S. Senate,,Democratic,Amy McGRATH,49,14,29,5,1
Daviess,C109,U.S. Senate,,Democratic,Dale Lewis ROMANS,1,0,1,0,0
Daviess,C109,U.S. Senate,,Democratic,Joshua BLANTON SR.,2,0,2,0,0
Daviess,C109,U.S. Senate,,Democratic,Vincent Anthony THOMPSON,1,0,1,0,0
Daviess,C109,U.S. Senate,,Democratic,Charles BOOKER,46,8,34,4,0
Daviess,C109,U.S. Senate,,Democratic,Pamela STEVENSON,1,0,1,0,0
Daviess,C109,U.S. House,2,Democratic,David S. HATFIELD,15,1,13,1,0
Daviess,C109,U.S. House,2,Democratic,Megan WINGFIELD,39,6,28,4,1
Daviess,C109,U.S. House,2,Democratic,Hank LINDERMAN,23,11,11,1,0
Daviess,C109,U.S. House,2,Democratic,William Dakota COMPTON,21,4,14,3,0
Daviess,C109,"District Judge, 6th Judicial District",1,,J. Nick PAYNE,102,16,79,7,0
Daviess,C109,"District Judge, 6th Judicial District",1,,William C. MATTINGLY,52,8,43,1,0
Daviess,C109,"District Judge, 6th Judicial District",1,,W. Russell DUTY,58,11,45,1,1
Daviess,C109,"District Judge, 6th Judicial District",1,,Lelah ROGERS,66,12,47,7,0
Daviess,C109,"District Judge, 6th Judicial District",1,,Under Votes,25,3,21,1,0
Daviess,C109,"District Judge, 6th Judicial District",1,,Over Votes,0,0,0,0,0
Daviess,C109,City Commissioners City OF Owensboro,,,Jeff SANFORD,6,1,3,2,0
Daviess,C109,City Commissioners City OF Owensboro,,,Steve JOHNSON,4,1,3,0,0
Daviess,C109,City Commissioners City OF Owensboro,,,Harley METCALF,4,0,4,0,0
Daviess,C109,City Commissioners City OF Owensboro,,,Bob GLENN,7,0,3,4,0
Daviess,C109,City Commissioners City OF Owensboro,,,Pamela L. SMITH-WRIGHT,5,0,2,3,0
Daviess,C109,City Commissioners City OF Owensboro,,,Tyler GOAD,2,0,1,1,0
Daviess,C109,City Commissioners City OF Owensboro,,,Sharon Gail NeSMITH,3,1,0,2,0
Daviess,C109,City Commissioners City OF Owensboro,,,Curtis MAGLINGER,7,1,3,3,0
Daviess,C109,City Commissioners City OF Owensboro,,,John Ross MARTIN,3,0,2,1,0
Daviess,C109,City Commissioners City OF Owensboro,,,Under Votes,19,4,15,0,0
Daviess,C109,City Commissioners City OF Owensboro,,,Over Votes,0,0,0,0,0
Daviess,C110,U.S. Senate,,Republican,Anissa CATLETT,4,1,3,0,0
Daviess,C110,U.S. Senate,,Republican,A. Nick SHELLEY,1,0,1,0,0
Daviess,C110,U.S. Senate,,Republican,"Valerie ""Dr Val"" FREDRICK",2,0,2,0,0
Daviess,C110,U.S. Senate,,Republican,Michael James FARIS,19,1,18,0,0
Daviess,C110,U.S. Senate,,Republican,Nate MORRIS,10,0,10,0,0
Daviess,C110,U.S. Senate,,Republican,Other Donald WENZEL,0,0,0,0,0
Daviess,C110,U.S. Senate,,Republican,Jonathan M. HOLLIDAY,5,0,5,0,0
Daviess,C110,U.S. Senate,,Republican,George WASHINGTON,3,0,3,0,0
Daviess,C110,U.S. Senate,,Republican,Andy BARR,137,25,111,0,1
Daviess,C110,U.S. Senate,,Republican,Daniel CAMERON,91,15,76,0,0
Daviess,C110,U.S. Senate,,Republican,Jimmy I. LEON,0,0,0,0,0
Daviess,C110,U.S. Senate,,Republican,James D. DUNCAN,3,0,3,0,0
Daviess,C110,U.S. Senate,,,Under Votes,11,1,10,0,0
Daviess,C110,U.S. Senate,,,Over Votes,1,0,1,0,0
Daviess,C110,Ballots Cast,,,,427,,,,
Daviess,C110,U.S. House,2,Republican,"G. ""Shay"" PERRY-ADELMANN",13,1,12,0,0
Daviess,C110,U.S. House,2,Republican,S. Brett GUTHRIE,239,38,200,0,1
Daviess,C110,U.S. House,2,Republican,Joshua M. FERGUSON,17,2,15,0,0
Daviess,C110,U.S. House,2,,Under Votes,25,4,21,0,0
Daviess,C110,U.S. House,2,,Over Votes,0,0,0,0,0
Daviess,C110,County Judge/Executive,,,Charlie CASTLEN,158,25,132,0,1
Daviess,C110,County Judge/Executive,,,Janie MARKSBERRY,115,16,99,0,0
Daviess,C110,County Judge/Executive,,,Under Votes,8,1,7,0,0
Daviess,C110,County Judge/Executive,,,Over Votes,0,0,0,0,0
Daviess,C110,County Clerk,,,Matt GALLOWAY,138,22,115,0,1
Daviess,C110,County Clerk,,,Leslie A. McCARTY,134,20,114,0,0
Daviess,C110,County Clerk,,,Under Votes,9,0,9,0,0
Daviess,C110,County Clerk,,,Over Votes,0,0,0,0,0
Daviess,C110,County Commissioner Central District,,,Robert MORRIS,101,13,87,0,1
Daviess,C110,County Commissioner Central District,,,Larry CONDER,156,27,129,0,0
Daviess,C110,County Commissioner Central District,,,Under Votes,24,2,22,0,0
Daviess,C110,County Commissioner Central District,,,Over Votes,0,0,0,0,0
Daviess,C110,County Commissioner East District,,,Steven SHAKE,79,12,67,0,0
Daviess,C110,County Commissioner East District,,,Joe HAGAN,122,18,103,0,1
Daviess,C110,County Commissioner East District,,,Shane COX,61,8,53,0,0
Daviess,C110,County Commissioner East District,,,Under Votes,19,4,15,0,0
Daviess,C110,County Commissioner East District,,,Over Votes,0,0,0,0,0
Daviess,C110,County Commissioner West District,,,Christopher T. CASTLEN,173,30,142,0,1
Daviess,C110,County Commissioner West District,,,Dustin WARREN,83,10,73,0,0
Daviess,C110,County Commissioner West District,,,Under Votes,25,2,23,0,0
Daviess,C110,County Commissioner West District,,,Over Votes,0,0,0,0,0
Daviess,C110,U.S. Senate,,Democratic,Logan FORSYTHE,5,0,5,0,0
Daviess,C110,U.S. Senate,,Democratic,Amy McGRATH,64,14,48,2,0
Daviess,C110,U.S. Senate,,Democratic,Dale Lewis ROMANS,3,0,3,0,0
Daviess,C110,U.S. Senate,,Democratic,Joshua BLANTON SR.,2,0,2,0,0
Daviess,C110,U.S. Senate,,Democratic,Vincent Anthony THOMPSON,5,2,3,0,0
Daviess,C110,U.S. Senate,,Democratic,Charles BOOKER,46,12,33,1,0
Daviess,C110,U.S. Senate,,Democratic,Pamela STEVENSON,6,2,4,0,0
Daviess,C110,U.S. House,2,Democratic,David S. HATFIELD,32,6,25,1,0
Daviess,C110,U.S. House,2,Democratic,Megan WINGFIELD,45,9,34,2,0
Daviess,C110,U.S. House,2,Democratic,Hank LINDERMAN,26,4,22,0,0
Daviess,C110,U.S. House,2,Democratic,William Dakota COMPTON,21,9,12,0,0
Daviess,C110,"District Judge, 6th Judicial District",1,,J. Nick PAYNE,110,17,91,1,1
Daviess,C110,"District Judge, 6th Judicial District",1,,William C. MATTINGLY,75,8,66,1,0
Daviess,C110,"District Judge, 6th Judicial District",1,,W. Russell DUTY,97,19,78,0,0
Daviess,C110,"District Judge, 6th Judicial District",1,,Lelah ROGERS,105,25,79,1,0
Daviess,C110,"District Judge, 6th Judicial District",1,,Under Votes,39,5,34,0,0
Daviess,C110,"District Judge, 6th Judicial District",1,,Over Votes,1,0,1,0,0
Daviess,C111,U.S. Senate,,Republican,Anissa CATLETT,2,0,2,0,0
Daviess,C111,U.S. Senate,,Republican,A. Nick SHELLEY,1,0,1,0,0
Daviess,C111,U.S. Senate,,Republican,"Valerie ""Dr Val"" FREDRICK",7,0,7,0,0
Daviess,C111,U.S. Senate,,Republican,Michael James FARIS,21,2,19,0,0
Daviess,C111,U.S. Senate,,Republican,Nate MORRIS,6,0,6,0,0
Daviess,C111,U.S. Senate,,Republican,Other Donald WENZEL,1,0,1,0,0
Daviess,C111,U.S. Senate,,Republican,Jonathan M. HOLLIDAY,0,0,0,0,0
Daviess,C111,U.S. Senate,,Republican,George WASHINGTON,4,0,4,0,0
Daviess,C111,U.S. Senate,,Republican,Andy BARR,118,14,97,6,1
Daviess,C111,U.S. Senate,,Republican,Daniel CAMERON,102,15,84,2,1
Daviess,C111,U.S. Senate,,Republican,Jimmy I. LEON,0,0,0,0,0
Daviess,C111,U.S. Senate,,Republican,James D. DUNCAN,0,0,0,0,0
Daviess,C111,U.S. Senate,,,Under Votes,10,1,8,0,1
Daviess,C111,U.S. Senate,,,Over Votes,0,0,0,0,0
Daviess,C111,Ballots Cast,,,,438,,,,
Daviess,C111,U.S. House,2,Republican,"G. ""Shay"" PERRY-ADELMANN",21,0,20,0,1
Daviess,C111,U.S. House,2,Republican,S. Brett GUTHRIE,211,30,175,6,0
Daviess,C111,U.S. House,2,Republican,Joshua M. FERGUSON,18,1,14,2,1
Daviess,C111,U.S. House,2,,Under Votes,33,6,26,0,1
Daviess,C111,U.S. House,2,,Over Votes,0,0,0,0,0
Daviess,C111,County Judge/Executive,,,Charlie CASTLEN,158,21,132,4,1
Daviess,C111,County Judge/Executive,,,Janie MARKSBERRY,104,9,90,4,1
Daviess,C111,County Judge/Executive,,,Under Votes,7,1,5,0,1
Daviess,C111,County Judge/Executive,,,Over Votes,0,0,0,0,0
Daviess,C111,County Clerk,,,Matt GALLOWAY,106,11,91,2,2
Daviess,C111,County Clerk,,,Leslie A. McCARTY,151,20,124,6,1
Daviess,C111,County Clerk,,,Under Votes,12,0,12,0,0
Daviess,C111,County Clerk,,,Over Votes,0,0,0,0,0
Daviess,C111,County Commissioner Central District,,,Robert MORRIS,114,10,98,5,1
Daviess,C111,County Commissioner Central District,,,Larry CONDER,126,19,103,3,1
Daviess,C111,County Commissioner Central District,,,Under Votes,29,2,26,0,1
Daviess,C111,County Commissioner Central District,,,Over Votes,0,0,0,0,0
Daviess,C111,County Commissioner East District,,,Steven SHAKE,69,11,55,3,0
Daviess,C111,County Commissioner East District,,,Joe HAGAN,117,10,101,4,2
Daviess,C111,County Commissioner East District,,,Shane COX,56,6,49,1,0
Daviess,C111,County Commissioner East District,,,Under Votes,27,4,22,0,1
Daviess,C111,County Commissioner East District,,,Over Votes,0,0,0,0,0
Daviess,C111,County Commissioner West District,,,Christopher T. CASTLEN,157,22,129,4,2
Daviess,C111,County Commissioner West District,,,Dustin WARREN,82,6,72,4,0
Daviess,C111,County Commissioner West District,,,Under Votes,30,3,26,0,1
Daviess,C111,County Commissioner West District,,,Over Votes,0,0,0,0,0
Daviess,C111,U.S. Senate,,Democratic,Logan FORSYTHE,6,0,4,2,0
Daviess,C111,U.S. Senate,,Democratic,Amy McGRATH,73,13,56,4,0
Daviess,C111,U.S. Senate,,Democratic,Dale Lewis ROMANS,2,0,2,0,0
Daviess,C111,U.S. Senate,,Democratic,Joshua BLANTON SR.,1,0,0,1,0
Daviess,C111,U.S. Senate,,Democratic,Vincent Anthony THOMPSON,2,0,2,0,0
Daviess,C111,U.S. Senate,,Democratic,Charles BOOKER,60,4,52,1,3
Daviess,C111,U.S. Senate,,Democratic,Pamela STEVENSON,9,2,7,0,0
Daviess,C111,U.S. House,2,Democratic,David S. HATFIELD,37,3,33,1,0
Daviess,C111,U.S. House,2,Democratic,Megan WINGFIELD,61,6,50,3,2
Daviess,C111,U.S. House,2,Democratic,Hank LINDERMAN,25,2,22,1,0
Daviess,C111,U.S. House,2,Democratic,William Dakota COMPTON,19,3,12,3,1
Daviess,C111,"District Judge, 6th Judicial District",1,,J. Nick PAYNE,135,18,109,6,2
Daviess,C111,"District Judge, 6th Judicial District",1,,William C. MATTINGLY,89,10,77,0,2
Daviess,C111,"District Judge, 6th Judicial District",1,,W. Russell DUTY,64,12,45,6,1
Daviess,C111,"District Judge, 6th Judicial District",1,,Lelah ROGERS,113,10,98,5,0
Daviess,C111,"District Judge, 6th Judicial District",1,,Under Votes,37,2,34,0,1
Daviess,C111,"District Judge, 6th Judicial District",1,,Over Votes,0,0,0,0,0
Daviess,C112,U.S. Senate,,Republican,Anissa CATLETT,4,0,3,1,0
Daviess,C112,U.S. Senate,,Republican,A. Nick SHELLEY,0,0,0,0,0
Daviess,C112,U.S. Senate,,Republican,"Valerie ""Dr Val"" FREDRICK",1,1,0,0,0
Daviess,C112,U.S. Senate,,Republican,Michael James FARIS,12,1,10,1,0
Daviess,C112,U.S. Senate,,Republican,Nate MORRIS,9,1,7,0,1
Daviess,C112,U.S. Senate,,Republican,Other Donald WENZEL,0,0,0,0,0
Daviess,C112,U.S. Senate,,Republican,Jonathan M. HOLLIDAY,0,0,0,0,0
Daviess,C112,U.S. Senate,,Republican,George WASHINGTON,1,1,0,0,0
Daviess,C112,U.S. Senate,,Republican,Andy BARR,106,18,88,0,0
Daviess,C112,U.S. Senate,,Republican,Daniel CAMERON,60,8,52,0,0
Daviess,C112,U.S. Senate,,Republican,Jimmy I. LEON,0,0,0,0,0
Daviess,C112,U.S. Senate,,Republican,James D. DUNCAN,0,0,0,0,0
Daviess,C112,U.S. Senate,,,Under Votes,4,0,4,0,0
Daviess,C112,U.S. Senate,,,Over Votes,0,0,0,0,0
Daviess,C112,Ballots Cast,,,,317,,,,
Daviess,C112,U.S. House,2,Republican,"G. ""Shay"" PERRY-ADELMANN",11,0,11,0,0
Daviess,C112,U.S. House,2,Republican,S. Brett GUTHRIE,163,25,136,1,1
Daviess,C112,U.S. House,2,Republican,Joshua M. FERGUSON,15,5,9,1,0
Daviess,C112,U.S. House,2,,Under Votes,16,1,15,0,0
Daviess,C112,U.S. House,2,,Over Votes,0,0,0,0,0
Daviess,C112,County Judge/Executive,,,Charlie CASTLEN,107,14,92,1,0
Daviess,C112,County Judge/Executive,,,Janie MARKSBERRY,83,14,67,1,1
Daviess,C112,County Judge/Executive,,,Under Votes,4,2,2,0,0
Daviess,C112,County Judge/Executive,,,Over Votes,0,0,0,0,0
Daviess,C112,County Clerk,,,Matt GALLOWAY,83,7,76,0,0
Daviess,C112,County Clerk,,,Leslie A. McCARTY,103,22,78,2,1
Daviess,C112,County Clerk,,,Under Votes,7,1,6,0,0
Daviess,C112,County Clerk,,,Over Votes,1,0,1,0,0
Daviess,C112,County Commissioner Central District,,,Robert MORRIS,75,7,66,1,1
Daviess,C112,County Commissioner Central District,,,Larry CONDER,111,22,88,1,0
Daviess,C112,County Commissioner Central District,,,Under Votes,8,1,7,0,0
Daviess,C112,County Commissioner Central District,,,Over Votes,0,0,0,0,0
Daviess,C112,County Commissioner East District,,,Steven SHAKE,47,9,37,1,0
Daviess,C112,County Commissioner East District,,,Joe HAGAN,87,11,76,0,0
Daviess,C112,County Commissioner East District,,,Shane COX,48,10,36,1,1
Daviess,C112,County Commissioner East District,,,Under Votes,12,0,12,0,0
Daviess,C112,County Commissioner East District,,,Over Votes,0,0,0,0,0
Daviess,C112,County Commissioner West District,,,Christopher T. CASTLEN,113,18,92,2,1
Daviess,C112,County Commissioner West District,,,Dustin WARREN,66,11,55,0,0
Daviess,C112,County Commissioner West District,,,Under Votes,15,1,14,0,0
Daviess,C112,County Commissioner West District,,,Over Votes,0,0,0,0,0
Daviess,C112,U.S. Senate,,Democratic,Logan FORSYTHE,3,0,3,0,0
Daviess,C112,U.S. Senate,,Democratic,Amy McGRATH,57,5,47,4,1
Daviess,C112,U.S. Senate,,Democratic,Dale Lewis ROMANS,6,3,2,0,1
Daviess,C112,U.S. Senate,,Democratic,Joshua BLANTON SR.,2,0,1,1,0
Daviess,C112,U.S. Senate,,Democratic,Vincent Anthony THOMPSON,1,0,0,1,0
Daviess,C112,U.S. Senate,,Democratic,Charles BOOKER,38,7,28,2,1
Daviess,C112,U.S. Senate,,Democratic,Pamela STEVENSON,5,2,3,0,0
Daviess,C112,U.S. House,2,Democratic,David S. HATFIELD,27,4,18,5,0
Daviess,C112,U.S. House,2,Democratic,Megan WINGFIELD,40,6,32,0,2
Daviess,C112,U.S. House,2,Democratic,Hank LINDERMAN,30,4,23,3,0
Daviess,C112,U.S. House,2,Democratic,William Dakota COMPTON,7,2,4,0,1
Daviess,C112,"District Judge, 6th Judicial District",1,,J. Nick PAYNE,102,13,79,8,2
Daviess,C112,"District Judge, 6th Judicial District",1,,William C. MATTINGLY,44,10,33,1,0
Daviess,C112,"District Judge, 6th Judicial District",1,,W. Russell DUTY,67,9,56,1,1
Daviess,C112,"District Judge, 6th Judicial District",1,,Lelah ROGERS,79,12,66,0,1
Daviess,C112,"District Judge, 6th Judicial District",1,,Under Votes,25,4,21,0,0
Daviess,C112,"District Judge, 6th Judicial District",1,,Over Votes,0,0,0,0,0
Daviess,C113,U.S. Senate,,Republican,Anissa CATLETT,3,0,3,0,0
Daviess,C113,U.S. Senate,,Republican,A. Nick SHELLEY,1,0,1,0,0
Daviess,C113,U.S. Senate,,Republican,"Valerie ""Dr Val"" FREDRICK",2,0,2,0,0
Daviess,C113,U.S. Senate,,Republican,Michael James FARIS,7,0,7,0,0
Daviess,C113,U.S. Senate,,Republican,Nate MORRIS,9,0,9,0,0
Daviess,C113,U.S. Senate,,Republican,Other Donald WENZEL,0,0,0,0,0
Daviess,C113,U.S. Senate,,Republican,Jonathan M. HOLLIDAY,1,0,1,0,0
Daviess,C113,U.S. Senate,,Republican,George WASHINGTON,1,0,1,0,0
Daviess,C113,U.S. Senate,,Republican,Andy BARR,81,5,73,1,2
Daviess,C113,U.S. Senate,,Republican,Daniel CAMERON,44,4,38,0,2
Daviess,C113,U.S. Senate,,Republican,Jimmy I. LEON,0,0,0,0,0
Daviess,C113,U.S. Senate,,Republican,James D. DUNCAN,0,0,0,0,0
Daviess,C113,U.S. Senate,,,Under Votes,7,0,7,0,0
Daviess,C113,U.S. Senate,,,Over Votes,0,0,0,0,0
Daviess,C113,Ballots Cast,,,,266,,,,
Daviess,C113,U.S. House,2,Republican,"G. ""Shay"" PERRY-ADELMANN",10,1,9,0,0
Daviess,C113,U.S. House,2,Republican,S. Brett GUTHRIE,127,7,115,1,4
Daviess,C113,U.S. House,2,Republican,Joshua M. FERGUSON,10,0,10,0,0
Daviess,C113,U.S. House,2,,Under Votes,16,2,14,0,0
Daviess,C113,U.S. House,2,,Over Votes,0,0,0,0,0
Daviess,C113,County Judge/Executive,,,Charlie CASTLEN,92,2,87,1,2
Daviess,C113,County Judge/Executive,,,Janie MARKSBERRY,58,6,50,0,2
Daviess,C113,County Judge/Executive,,,Under Votes,2,1,1,0,0
Daviess,C113,County Judge/Executive,,,Over Votes,0,0,0,0,0
Daviess,C113,County Clerk,,,Matt GALLOWAY,51,0,50,0,1
Daviess,C113,County Clerk,,,Leslie A. McCARTY,96,9,83,1,3
Daviess,C113,County Clerk,,,Under Votes,5,0,5,0,0
Daviess,C113,County Clerk,,,Over Votes,0,0,0,0,0
Daviess,C113,County Commissioner Central District,,,Robert MORRIS,52,2,50,0,0
Daviess,C113,County Commissioner Central District,,,Larry CONDER,93,6,82,1,4
Daviess,C113,County Commissioner Central District,,,Under Votes,7,1,6,0,0
Daviess,C113,County Commissioner Central District,,,Over Votes,0,0,0,0,0
Daviess,C113,County Commissioner East District,,,Steven SHAKE,50,2,48,0,0
Daviess,C113,County Commissioner East District,,,Joe HAGAN,57,4,52,1,0
Daviess,C113,County Commissioner East District,,,Shane COX,36,0,32,0,4
Daviess,C113,County Commissioner East District,,,Under Votes,9,3,6,0,0
Daviess,C113,County Commissioner East District,,,Over Votes,0,0,0,0,0
Daviess,C113,County Commissioner West District,,,Christopher T. CASTLEN,87,3,79,1,4
Daviess,C113,County Commissioner West District,,,Dustin WARREN,51,3,48,0,0
Daviess,C113,County Commissioner West District,,,Under Votes,14,3,11,0,0
Daviess,C113,County Commissioner West District,,,Over Votes,0,0,0,0,0
Daviess,C113,U.S. Senate,,Democratic,Logan FORSYTHE,7,1,6,0,0
Daviess,C113,U.S. Senate,,Democratic,Amy McGRATH,63,16,42,5,0
Daviess,C113,U.S. Senate,,Democratic,Dale Lewis ROMANS,3,0,3,0,0
Daviess,C113,U.S. Senate,,Democratic,Joshua BLANTON SR.,1,0,1,0,0
Daviess,C113,U.S. Senate,,Democratic,Vincent Anthony THOMPSON,1,0,1,0,0
Daviess,C113,U.S. Senate,,Democratic,Charles BOOKER,28,4,24,0,0
Daviess,C113,U.S. Senate,,Democratic,Pamela STEVENSON,4,0,4,0,0
Daviess,C113,U.S. House,2,Democratic,David S. HATFIELD,17,3,13,1,0
Daviess,C113,U.S. House,2,Democratic,Megan WINGFIELD,40,9,28,3,0
Daviess,C113,U.S. House,2,Democratic,Hank LINDERMAN,18,3,15,0,0
Daviess,C113,U.S. House,2,Democratic,William Dakota COMPTON,25,5,19,1,0
Daviess,C113,"District Judge, 6th Judicial District",1,,J. Nick PAYNE,84,9,75,0,0
Daviess,C113,"District Judge, 6th Judicial District",1,,William C. MATTINGLY,31,3,27,0,1
Daviess,C113,"District Judge, 6th Judicial District",1,,W. Russell DUTY,57,5,51,0,1
Daviess,C113,"District Judge, 6th Judicial District",1,,Lelah ROGERS,77,12,57,6,2
Daviess,C113,"District Judge, 6th Judicial District",1,,Under Votes,17,1,16,0,0
Daviess,C113,"District Judge, 6th Judicial District",1,,Over Votes,0,0,0,0,0
Daviess,C114,U.S. Senate,,Republican,Anissa CATLETT,2,0,2,0,0
Daviess,C114,U.S. Senate,,Republican,A. Nick SHELLEY,0,0,0,0,0
Daviess,C114,U.S. Senate,,Republican,"Valerie ""Dr Val"" FREDRICK",0,0,0,0,0
Daviess,C114,U.S. Senate,,Republican,Michael James FARIS,0,0,0,0,0
Daviess,C114,U.S. Senate,,Republican,Nate MORRIS,2,1,1,0,0
Daviess,C114,U.S. Senate,,Republican,Other Donald WENZEL,0,0,0,0,0
Daviess,C114,U.S. Senate,,Republican,Jonathan M. HOLLIDAY,0,0,0,0,0
Daviess,C114,U.S. Senate,,Republican,George WASHINGTON,0,0,0,0,0
Daviess,C114,U.S. Senate,,Republican,Andy BARR,47,3,41,2,1
Daviess,C114,U.S. Senate,,Republican,Daniel CAMERON,37,4,33,0,0
Daviess,C114,U.S. Senate,,Republican,Jimmy I. LEON,1,0,1,0,0
Daviess,C114,U.S. Senate,,Republican,James D. DUNCAN,0,0,0,0,0
Daviess,C114,U.S. Senate,,,Under Votes,2,1,1,0,0
Daviess,C114,U.S. Senate,,,Over Votes,1,0,1,0,0
Daviess,C114,Ballots Cast,,,,160,,,,
Daviess,C114,U.S. House,2,Republican,"G. ""Shay"" PERRY-ADELMANN",1,0,1,0,0
Daviess,C114,U.S. House,2,Republican,S. Brett GUTHRIE,77,7,67,2,1
Daviess,C114,U.S. House,2,Republican,Joshua M. FERGUSON,7,1,6,0,0
Daviess,C114,U.S. House,2,,Under Votes,10,1,9,0,0
Daviess,C114,U.S. House,2,,Over Votes,0,0,0,0,0
Daviess,C114,County Judge/Executive,,,Charlie CASTLEN,54,5,47,2,0
Daviess,C114,County Judge/Executive,,,Janie MARKSBERRY,35,4,30,0,1
Daviess,C114,County Judge/Executive,,,Under Votes,3,0,3,0,0
Daviess,C114,County Judge/Executive,,,Over Votes,0,0,0,0,0
Daviess,C114,County Clerk,,,Matt GALLOWAY,41,5,34,2,0
Daviess,C114,County Clerk,,,Leslie A. McCARTY,47,4,42,0,1
Daviess,C114,County Clerk,,,Under Votes,4,0,4,0,0
Daviess,C114,County Clerk,,,Over Votes,0,0,0,0,0
Daviess,C114,County Commissioner Central District,,,Robert MORRIS,37,2,35,0,0
Daviess,C114,County Commissioner Central District,,,Larry CONDER,42,6,35,0,1
Daviess,C114,County Commissioner Central District,,,Under Votes,13,1,10,2,0
Daviess,C114,County Commissioner Central District,,,Over Votes,0,0,0,0,0
Daviess,C114,County Commissioner East District,,,Steven SHAKE,34,6,26,2,0
Daviess,C114,County Commissioner East District,,,Joe HAGAN,43,2,40,0,1
Daviess,C114,County Commissioner East District,,,Shane COX,10,1,9,0,0
Daviess,C114,County Commissioner East District,,,Under Votes,5,0,5,0,0
Daviess,C114,County Commissioner East District,,,Over Votes,0,0,0,0,0
Daviess,C114,County Commissioner West District,,,Christopher T. CASTLEN,50,6,43,0,1
Daviess,C114,County Commissioner West District,,,Dustin WARREN,31,3,28,0,0
Daviess,C114,County Commissioner West District,,,Under Votes,11,0,9,2,0
Daviess,C114,County Commissioner West District,,,Over Votes,0,0,0,0,0
Daviess,C114,U.S. Senate,,Democratic,Logan FORSYTHE,3,0,3,0,0
Daviess,C114,U.S. Senate,,Democratic,Amy McGRATH,35,6,28,1,0
Daviess,C114,U.S. Senate,,Democratic,Dale Lewis ROMANS,1,0,1,0,0
Daviess,C114,U.S. Senate,,Democratic,Joshua BLANTON SR.,0,0,0,0,0
Daviess,C114,U.S. Senate,,Democratic,Vincent Anthony THOMPSON,1,0,1,0,0
Daviess,C114,U.S. Senate,,Democratic,Charles BOOKER,21,1,19,1,0
Daviess,C114,U.S. Senate,,Democratic,Pamela STEVENSON,1,0,1,0,0
Daviess,C114,U.S. House,2,Democratic,David S. HATFIELD,8,1,7,0,0
Daviess,C114,U.S. House,2,Democratic,Megan WINGFIELD,28,2,25,1,0
Daviess,C114,U.S. House,2,Democratic,Hank LINDERMAN,20,4,15,1,0
Daviess,C114,U.S. House,2,Democratic,William Dakota COMPTON,3,0,3,0,0
Daviess,C114,"District Judge, 6th Judicial District",1,,J. Nick PAYNE,47,4,39,3,1
Daviess,C114,"District Judge, 6th Judicial District",1,,William C. MATTINGLY,17,4,13,0,0
Daviess,C114,"District Judge, 6th Judicial District",1,,W. Russell DUTY,42,4,38,0,0
Daviess,C114,"District Judge, 6th Judicial District",1,,Lelah ROGERS,39,6,32,1,0
Daviess,C114,"District Judge, 6th Judicial District",1,,Under Votes,15,1,14,0,0
Daviess,C114,"District Judge, 6th Judicial District",1,,Over Votes,0,0,0,0,0
Daviess,C115,U.S. Senate,,Republican,Anissa CATLETT,3,1,2,0,0
Daviess,C115,U.S. Senate,,Republican,A. Nick SHELLEY,2,0,2,0,0
Daviess,C115,U.S. Senate,,Republican,"Valerie ""Dr Val"" FREDRICK",2,0,2,0,0
Daviess,C115,U.S. Senate,,Republican,Michael James FARIS,5,1,4,0,0
Daviess,C115,U.S. Senate,,Republican,Nate MORRIS,8,0,7,1,0
Daviess,C115,U.S. Senate,,Republican,Other Donald WENZEL,0,0,0,0,0
Daviess,C115,U.S. Senate,,Republican,Jonathan M. HOLLIDAY,0,0,0,0,0
Daviess,C115,U.S. Senate,,Republican,George WASHINGTON,1,0,1,0,0
Daviess,C115,U.S. Senate,,Republican,Andy BARR,69,8,58,2,1
Daviess,C115,U.S. Senate,,Republican,Daniel CAMERON,69,14,54,0,1
Daviess,C115,U.S. Senate,,Republican,Jimmy I. LEON,0,0,0,0,0
Daviess,C115,U.S. Senate,,Republican,James D. DUNCAN,2,0,2,0,0
Daviess,C115,U.S. Senate,,,Under Votes,7,2,5,0,0
Daviess,C115,U.S. Senate,,,Over Votes,0,0,0,0,0
Daviess,C115,Ballots Cast,,,,261,,,,
Daviess,C115,U.S. House,2,Republican,"G. ""Shay"" PERRY-ADELMANN",11,2,9,0,0
Daviess,C115,U.S. House,2,Republican,S. Brett GUTHRIE,137,18,115,3,1
Daviess,C115,U.S. House,2,Republican,Joshua M. FERGUSON,11,2,9,0,0
Daviess,C115,U.S. House,2,,Under Votes,12,5,6,0,1
Daviess,C115,U.S. House,2,,Over Votes,0,0,0,0,0
Daviess,C115,County Judge/Executive,,,Charlie CASTLEN,97,14,80,1,2
Daviess,C115,County Judge/Executive,,,Janie MARKSBERRY,66,10,54,2,0
Daviess,C115,County Judge/Executive,,,Under Votes,3,2,1,0,0
Daviess,C115,County Judge/Executive,,,Over Votes,0,0,0,0,0
Daviess,C115,County Clerk,,,Matt GALLOWAY,62,9,50,2,1
Daviess,C115,County Clerk,,,Leslie A. McCARTY,99,16,81,1,1
Daviess,C115,County Clerk,,,Under Votes,4,1,3,0,0
Daviess,C115,County Clerk,,,Over Votes,1,0,1,0,0
Daviess,C115,County Commissioner Central District,,,Robert MORRIS,50,14,35,0,1
Daviess,C115,County Commissioner Central District,,,Larry CONDER,95,9,82,3,1
Daviess,C115,County Commissioner Central District,,,Under Votes,21,3,18,0,0
Daviess,C115,County Commissioner Central District,,,Over Votes,0,0,0,0,0
Daviess,C115,County Commissioner East District,,,Steven SHAKE,56,8,45,2,1
Daviess,C115,County Commissioner East District,,,Joe HAGAN,66,11,55,0,0
Daviess,C115,County Commissioner East District,,,Shane COX,34,5,28,1,0
Daviess,C115,County Commissioner East District,,,Under Votes,10,2,7,0,1
Daviess,C115,County Commissioner East District,,,Over Votes,0,0,0,0,0
Daviess,C115,County Commissioner West District,,,Christopher T. CASTLEN,94,14,77,3,0
Daviess,C115,County Commissioner West District,,,Dustin WARREN,43,8,34,0,1
Daviess,C115,County Commissioner West District,,,Under Votes,28,3,24,0,1
Daviess,C115,County Commissioner West District,,,Over Votes,1,1,0,0,0
Daviess,C115,U.S. Senate,,Democratic,Logan FORSYTHE,2,0,2,0,0
Daviess,C115,U.S. Senate,,Democratic,Amy McGRATH,52,8,41,3,0
Daviess,C115,U.S. Senate,,Democratic,Dale Lewis ROMANS,3,1,2,0,0
Daviess,C115,U.S. Senate,,Democratic,Joshua BLANTON SR.,2,0,2,0,0
Daviess,C115,U.S. Senate,,Democratic,Vincent Anthony THOMPSON,4,0,4,0,0
Daviess,C115,U.S. Senate,,Democratic,Charles BOOKER,20,6,13,1,0
Daviess,C115,U.S. Senate,,Democratic,Pamela STEVENSON,7,1,6,0,0
Daviess,C115,U.S. House,2,Democratic,David S. HATFIELD,21,5,16,0,0
Daviess,C115,U.S. House,2,Democratic,Megan WINGFIELD,33,3,29,1,0
Daviess,C115,U.S. House,2,Democratic,Hank LINDERMAN,24,6,16,2,0
Daviess,C115,U.S. House,2,Democratic,William Dakota COMPTON,9,1,7,1,0
Daviess,C115,"District Judge, 6th Judicial District",1,,J. Nick PAYNE,84,7,77,0,0
Daviess,C115,"District Judge, 6th Judicial District",1,,William C. MATTINGLY,35,1,30,4,0
Daviess,C115,"District Judge, 6th Judicial District",1,,W. Russell DUTY,63,18,43,1,1
Daviess,C115,"District Judge, 6th Judicial District",1,,Lelah ROGERS,59,12,45,2,0
Daviess,C115,"District Judge, 6th Judicial District",1,,Under Votes,20,4,15,0,1
Daviess,C115,"District Judge, 6th Judicial District",1,,Over Votes,0,0,0,0,0
Daviess,C116,U.S. Senate,,Republican,Anissa CATLETT,0,0,0,0,0
Daviess,C116,U.S. Senate,,Republican,A. Nick SHELLEY,0,0,0,0,0
Daviess,C116,U.S. Senate,,Republican,"Valerie ""Dr Val"" FREDRICK",0,0,0,0,0
Daviess,C116,U.S. Senate,,Republican,Michael James FARIS,4,1,3,0,0
Daviess,C116,U.S. Senate,,Republican,Nate MORRIS,0,0,0,0,0
Daviess,C116,U.S. Senate,,Republican,Other Donald WENZEL,0,0,0,0,0
Daviess,C116,U.S. Senate,,Republican,Jonathan M. HOLLIDAY,1,1,0,0,0
Daviess,C116,U.S. Senate,,Republican,George WASHINGTON,0,0,0,0,0
Daviess,C116,U.S. Senate,,Republican,Andy BARR,33,6,27,0,0
Daviess,C116,U.S. Senate,,Republican,Daniel CAMERON,21,7,12,2,0
Daviess,C116,U.S. Senate,,Republican,Jimmy I. LEON,0,0,0,0,0
Daviess,C116,U.S. Senate,,Republican,James D. DUNCAN,0,0,0,0,0
Daviess,C116,U.S. Senate,,,Under Votes,2,0,2,0,0
Daviess,C116,U.S. Senate,,,Over Votes,0,0,0,0,0
Daviess,C116,Ballots Cast,,,,106,,,,
Daviess,C116,U.S. House,2,Republican,"G. ""Shay"" PERRY-ADELMANN",1,0,1,0,0
Daviess,C116,U.S. House,2,Republican,S. Brett GUTHRIE,44,12,30,2,0
Daviess,C116,U.S. House,2,Republican,Joshua M. FERGUSON,12,3,9,0,0
Daviess,C116,U.S. House,2,,Under Votes,7,1,5,1,0
Daviess,C116,U.S. House,2,,Over Votes,0,0,0,0,0
Daviess,C116,County Judge/Executive,,,Charlie CASTLEN,30,8,20,2,0
Daviess,C116,County Judge/Executive,,,Janie MARKSBERRY,28,7,21,0,0
Daviess,C116,County Judge/Executive,,,Under Votes,3,0,3,0,0
Daviess,C116,County Judge/Executive,,,Over Votes,0,0,0,0,0
Daviess,C116,County Clerk,,,Matt GALLOWAY,29,10,17,2,0
Daviess,C116,County Clerk,,,Leslie A. McCARTY,29,5,24,0,0
Daviess,C116,County Clerk,,,Under Votes,2,0,2,0,0
Daviess,C116,County Clerk,,,Over Votes,1,0,1,0,0
Daviess,C116,County Commissioner Central District,,,Robert MORRIS,25,7,18,0,0
Daviess,C116,County Commissioner Central District,,,Larry CONDER,30,8,20,2,0
Daviess,C116,County Commissioner Central District,,,Under Votes,6,0,6,0,0
Daviess,C116,County Commissioner Central District,,,Over Votes,0,0,0,0,0
Daviess,C116,County Commissioner East District,,,Steven SHAKE,18,5,12,1,0
Daviess,C116,County Commissioner East District,,,Joe HAGAN,27,4,22,1,0
Daviess,C116,County Commissioner East District,,,Shane COX,14,6,8,0,0
Daviess,C116,County Commissioner East District,,,Under Votes,2,0,2,0,0
Daviess,C116,County Commissioner East District,,,Over Votes,0,0,0,0,0
Daviess,C116,County Commissioner West District,,,Christopher T. CASTLEN,33,8,24,1,0
Daviess,C116,County Commissioner West District,,,Dustin WARREN,24,7,16,1,0
Daviess,C116,County Commissioner West District,,,Under Votes,4,0,4,0,0
Daviess,C116,County Commissioner West District,,,Over Votes,0,0,0,0,0
Daviess,C116,U.S. Senate,,Democratic,Logan FORSYTHE,6,1,4,1,0
Daviess,C116,U.S. Senate,,Democratic,Amy McGRATH,18,6,12,0,0
Daviess,C116,U.S. Senate,,Democratic,Dale Lewis ROMANS,0,0,0,0,0
Daviess,C116,U.S. Senate,,Democratic,Joshua BLANTON SR.,0,0,0,0,0
Daviess,C116,U.S. Senate,,Democratic,Vincent Anthony THOMPSON,1,0,0,0,1
Daviess,C116,U.S. Senate,,Democratic,Charles BOOKER,16,4,11,1,0
Daviess,C116,U.S. Senate,,Democratic,Pamela STEVENSON,2,1,1,0,0
Daviess,C116,U.S. House,2,Democratic,David S. HATFIELD,6,1,3,1,1
Daviess,C116,U.S. House,2,Democratic,Megan WINGFIELD,15,5,10,0,0
Daviess,C116,U.S. House,2,Democratic,Hank LINDERMAN,13,1,12,0,0
Daviess,C116,U.S. House,2,Democratic,William Dakota COMPTON,6,4,2,0,0
Daviess,C116,"District Judge, 6th Judicial District",1,,J. Nick PAYNE,42,7,33,1,1
Daviess,C116,"District Judge, 6th Judicial District",1,,William C. MATTINGLY,18,8,9,1,0
Daviess,C116,"District Judge, 6th Judicial District",1,,W. Russell DUTY,13,6,7,0,0
Daviess,C116,"District Judge, 6th Judicial District",1,,Lelah ROGERS,25,4,20,1,0
Daviess,C116,"District Judge, 6th Judicial District",1,,Under Votes,8,2,5,1,0
Daviess,C116,"District Judge, 6th Judicial District",1,,Over Votes,0,0,0,0,0
Daviess,C117,U.S. Senate,,Republican,Anissa CATLETT,2,1,1,0,0
Daviess,C117,U.S. Senate,,Republican,A. Nick SHELLEY,0,0,0,0,0
Daviess,C117,U.S. Senate,,Republican,"Valerie ""Dr Val"" FREDRICK",0,0,0,0,0
Daviess,C117,U.S. Senate,,Republican,Michael James FARIS,1,0,1,0,0
Daviess,C117,U.S. Senate,,Republican,Nate MORRIS,4,0,4,0,0
Daviess,C117,U.S. Senate,,Republican,Other Donald WENZEL,0,0,0,0,0
Daviess,C117,U.S. Senate,,Republican,Jonathan M. HOLLIDAY,3,1,2,0,0
Daviess,C117,U.S. Senate,,Republican,George WASHINGTON,0,0,0,0,0
Daviess,C117,U.S. Senate,,Republican,Andy BARR,39,8,30,1,0
Daviess,C117,U.S. Senate,,Republican,Daniel CAMERON,28,10,17,1,0
Daviess,C117,U.S. Senate,,Republican,Jimmy I. LEON,0,0,0,0,0
Daviess,C117,U.S. Senate,,Republican,James D. DUNCAN,1,1,0,0,0
Daviess,C117,U.S. Senate,,,Under Votes,1,1,0,0,0
Daviess,C117,U.S. Senate,,,Over Votes,0,0,0,0,0
Daviess,C117,Ballots Cast,,,,138,,,,
Daviess,C117,U.S. House,2,Republican,"G. ""Shay"" PERRY-ADELMANN",3,2,1,0,0
Daviess,C117,U.S. House,2,Republican,S. Brett GUTHRIE,68,18,48,2,0
Daviess,C117,U.S. House,2,Republican,Joshua M. FERGUSON,5,1,4,0,0
Daviess,C117,U.S. House,2,,Under Votes,5,1,4,0,0
Daviess,C117,U.S. House,2,,Over Votes,0,0,0,0,0
Daviess,C117,County Judge/Executive,,,Charlie CASTLEN,46,12,32,2,0
Daviess,C117,County Judge/Executive,,,Janie MARKSBERRY,31,10,21,0,0
Daviess,C117,County Judge/Executive,,,Under Votes,2,0,2,0,0
Daviess,C117,County Judge/Executive,,,Over Votes,0,0,0,0,0
Daviess,C117,County Clerk,,,Matt GALLOWAY,35,9,26,0,0
Daviess,C117,County Clerk,,,Leslie A. McCARTY,41,13,26,2,0
Daviess,C117,County Clerk,,,Under Votes,3,0,3,0,0
Daviess,C117,County Clerk,,,Over Votes,0,0,0,0,0
Daviess,C117,County Commissioner Central District,,,Robert MORRIS,30,8,22,0,0
Daviess,C117,County Commissioner Central District,,,Larry CONDER,41,14,25,2,0
Daviess,C117,County Commissioner Central District,,,Under Votes,8,0,8,0,0
Daviess,C117,County Commissioner Central District,,,Over Votes,0,0,0,0,0
Daviess,C117,County Commissioner East District,,,Steven SHAKE,23,9,14,0,0
Daviess,C117,County Commissioner East District,,,Joe HAGAN,35,8,27,0,0
Daviess,C117,County Commissioner East District,,,Shane COX,16,5,9,2,0
Daviess,C117,County Commissioner East District,,,Under Votes,5,0,5,0,0
Daviess,C117,County Commissioner East District,,,Over Votes,0,0,0,0,0
Daviess,C117,County Commissioner West District,,,Christopher T. CASTLEN,47,14,31,2,0
Daviess,C117,County Commissioner West District,,,Dustin WARREN,23,7,16,0,0
Daviess,C117,County Commissioner West District,,,Under Votes,9,1,8,0,0
Daviess,C117,County Commissioner West District,,,Over Votes,0,0,0,0,0
Daviess,C117,U.S. Senate,,Democratic,Logan FORSYTHE,4,3,0,0,1
Daviess,C117,U.S. Senate,,Democratic,Amy McGRATH,28,5,18,5,0
Daviess,C117,U.S. Senate,,Democratic,Dale Lewis ROMANS,2,0,2,0,0
Daviess,C117,U.S. Senate,,Democratic,Joshua BLANTON SR.,1,0,1,0,0
Daviess,C117,U.S. Senate,,Democratic,Vincent Anthony THOMPSON,0,0,0,0,0
Daviess,C117,U.S. Senate,,Democratic,Charles BOOKER,20,4,16,0,0
Daviess,C117,U.S. Senate,,Democratic,Pamela STEVENSON,3,0,3,0,0
Daviess,C117,U.S. House,2,Democratic,David S. HATFIELD,8,2,6,0,0
Daviess,C117,U.S. House,2,Democratic,Megan WINGFIELD,19,2,14,2,1
Daviess,C117,U.S. House,2,Democratic,Hank LINDERMAN,11,2,8,1,0
Daviess,C117,U.S. House,2,Democratic,William Dakota COMPTON,18,6,10,2,0
Daviess,C117,"District Judge, 6th Judicial District",1,,J. Nick PAYNE,41,12,27,1,1
Daviess,C117,"District Judge, 6th Judicial District",1,,William C. MATTINGLY,23,7,14,2,0
Daviess,C117,"District Judge, 6th Judicial District",1,,W. Russell DUTY,28,7,19,2,0
Daviess,C117,"District Judge, 6th Judicial District",1,,Lelah ROGERS,40,8,29,3,0
Daviess,C117,"District Judge, 6th Judicial District",1,,Under Votes,6,0,6,0,0
Daviess,C117,"District Judge, 6th Judicial District",1,,Over Votes,0,0,0,0,0
Daviess,C118,U.S. Senate,,Republican,Anissa CATLETT,0,0,0,0,0
Daviess,C118,U.S. Senate,,Republican,A. Nick SHELLEY,1,0,1,0,0
Daviess,C118,U.S. Senate,,Republican,"Valerie ""Dr Val"" FREDRICK",8,0,8,0,0
Daviess,C118,U.S. Senate,,Republican,Michael James FARIS,6,4,2,0,0
Daviess,C118,U.S. Senate,,Republican,Nate MORRIS,8,1,6,1,0
Daviess,C118,U.S. Senate,,Republican,Other Donald WENZEL,0,0,0,0,0
Daviess,C118,U.S. Senate,,Republican,Jonathan M. HOLLIDAY,2,0,2,0,0
Daviess,C118,U.S. Senate,,Republican,George WASHINGTON,2,0,1,1,0
Daviess,C118,U.S. Senate,,Republican,Andy BARR,129,28,94,3,4
Daviess,C118,U.S. Senate,,Republican,Daniel CAMERON,71,20,51,0,0
Daviess,C118,U.S. Senate,,Republican,Jimmy I. LEON,1,0,1,0,0
Daviess,C118,U.S. Senate,,Republican,James D. DUNCAN,4,1,2,1,0
Daviess,C118,U.S. Senate,,,Under Votes,5,1,4,0,0
Daviess,C118,U.S. Senate,,,Over Votes,0,0,0,0,0
Daviess,C118,Ballots Cast,,,,401,,,,
Daviess,C118,U.S. House,2,Republican,"G. ""Shay"" PERRY-ADELMANN",20,4,14,2,0
Daviess,C118,U.S. House,2,Republican,S. Brett GUTHRIE,182,45,130,3,4
Daviess,C118,U.S. House,2,Republican,Joshua M. FERGUSON,21,4,17,0,0
Daviess,C118,U.S. House,2,,Under Votes,26,6,19,1,0
Daviess,C118,U.S. House,2,,Over Votes,0,0,0,0,0
Daviess,C118,County Judge/Executive,,,Charlie CASTLEN,112,22,89,0,1
Daviess,C118,County Judge/Executive,,,Janie MARKSBERRY,108,29,71,5,3
Daviess,C118,County Judge/Executive,,,Under Votes,13,3,9,1,0
Daviess,C118,County Judge/Executive,,,Over Votes,1,0,1,0,0
Daviess,C118,County Clerk,,,Matt GALLOWAY,94,21,71,1,1
Daviess,C118,County Clerk,,,Leslie A. McCARTY,127,32,88,4,3
Daviess,C118,County Clerk,,,Under Votes,13,1,11,1,0
Daviess,C118,County Clerk,,,Over Votes,0,0,0,0,0
Daviess,C118,County Commissioner Central District,,,Robert MORRIS,110,23,83,2,2
Daviess,C118,County Commissioner Central District,,,Larry CONDER,102,26,71,3,2
Daviess,C118,County Commissioner Central District,,,Under Votes,22,5,16,1,0
Daviess,C118,County Commissioner Central District,,,Over Votes,0,0,0,0,0
Daviess,C118,County Commissioner East District,,,Steven SHAKE,79,20,55,1,3
Daviess,C118,County Commissioner East District,,,Joe HAGAN,88,17,67,3,1
Daviess,C118,County Commissioner East District,,,Shane COX,45,15,29,1,0
Daviess,C118,County Commissioner East District,,,Under Votes,22,2,19,1,0
Daviess,C118,County Commissioner East District,,,Over Votes,0,0,0,0,0
Daviess,C118,County Commissioner West District,,,Christopher T. CASTLEN,138,33,100,2,3
Daviess,C118,County Commissioner West District,,,Dustin WARREN,63,15,45,3,0
Daviess,C118,County Commissioner West District,,,Under Votes,33,6,25,1,1
Daviess,C118,County Commissioner West District,,,Over Votes,0,0,0,0,0
Daviess,C118,U.S. Senate,,Democratic,Logan FORSYTHE,1,0,1,0,0
Daviess,C118,U.S. Senate,,Democratic,Amy McGRATH,84,25,52,5,2
Daviess,C118,U.S. Senate,,Democratic,Dale Lewis ROMANS,2,0,1,1,0
Daviess,C118,U.S. Senate,,Democratic,Joshua BLANTON SR.,1,0,1,0,0
Daviess,C118,U.S. Senate,,Democratic,Vincent Anthony THOMPSON,3,0,3,0,0
Daviess,C118,U.S. Senate,,Democratic,Charles BOOKER,57,6,47,4,0
Daviess,C118,U.S. Senate,,Democratic,Pamela STEVENSON,8,1,5,1,1
Daviess,C118,U.S. House,2,Democratic,David S. HATFIELD,29,4,23,2,0
Daviess,C118,U.S. House,2,Democratic,Megan WINGFIELD,66,13,48,2,3
Daviess,C118,U.S. House,2,Democratic,Hank LINDERMAN,32,7,20,5,0
Daviess,C118,U.S. House,2,Democratic,William Dakota COMPTON,17,4,11,2,0
Daviess,C118,"District Judge, 6th Judicial District",1,,J. Nick PAYNE,137,28,106,0,3
Daviess,C118,"District Judge, 6th Judicial District",1,,William C. MATTINGLY,59,14,43,2,0
Daviess,C118,"District Judge, 6th Judicial District",1,,W. Russell DUTY,66,21,43,1,1
Daviess,C118,"District Judge, 6th Judicial District",1,,Lelah ROGERS,101,16,70,12,3
Daviess,C118,"District Judge, 6th Judicial District",1,,Under Votes,37,8,27,2,0
Daviess,C118,"District Judge, 6th Judicial District",1,,Over Votes,1,0,1,0,0
Daviess,C118,City Commissioners City OF Owensboro,,,Jeff SANFORD,169,37,122,5,5
Daviess,C118,City Commissioners City OF Owensboro,,,Steve JOHNSON,125,33,84,6,2
Daviess,C118,City Commissioners City OF Owensboro,,,Harley METCALF,67,11,51,5,0
Daviess,C118,City Commissioners City OF Owensboro,,,Bob GLENN,159,37,110,9,3
Daviess,C118,City Commissioners City OF Owensboro,,,Pamela L. SMITH-WRIGHT,144,29,104,9,2
Daviess,C118,City Commissioners City OF Owensboro,,,Tyler GOAD,101,26,70,2,3
Daviess,C118,City Commissioners City OF Owensboro,,,Sharon Gail NeSMITH,145,30,96,14,5
Daviess,C118,City Commissioners City OF Owensboro,,,Curtis MAGLINGER,177,39,129,6,3
Daviess,C118,City Commissioners City OF Owensboro,,,John Ross MARTIN,99,23,69,5,2
Daviess,C118,City Commissioners City OF Owensboro,,,Under Votes,402,83,309,7,3
Daviess,C118,City Commissioners City OF Owensboro,,,Over Votes,0,0,0,0,0
Daviess,C119,U.S. Senate,,Republican,Anissa CATLETT,0,0,0,0,0
Daviess,C119,U.S. Senate,,Republican,A. Nick SHELLEY,0,0,0,0,0
Daviess,C119,U.S. Senate,,Republican,"Valerie ""Dr Val"" FREDRICK",1,0,1,0,0
Daviess,C119,U.S. Senate,,Republican,Michael James FARIS,1,1,0,0,0
Daviess,C119,U.S. Senate,,Republican,Nate MORRIS,2,0,2,0,0
Daviess,C119,U.S. Senate,,Republican,Other Donald WENZEL,0,0,0,0,0
Daviess,C119,U.S. Senate,,Republican,Jonathan M. HOLLIDAY,0,0,0,0,0
Daviess,C119,U.S. Senate,,Republican,George WASHINGTON,0,0,0,0,0
Daviess,C119,U.S. Senate,,Republican,Andy BARR,15,4,11,0,0
Daviess,C119,U.S. Senate,,Republican,Daniel CAMERON,8,2,6,0,0
Daviess,C119,U.S. Senate,,Republican,Jimmy I. LEON,0,0,0,0,0
Daviess,C119,U.S. Senate,,Republican,James D. DUNCAN,0,0,0,0,0
Daviess,C119,U.S. Senate,,,Under Votes,1,0,1,0,0
Daviess,C119,U.S. Senate,,,Over Votes,0,0,0,0,0
Daviess,C119,Ballots Cast,,,,48,,,,
Daviess,C119,U.S. House,2,Republican,"G. ""Shay"" PERRY-ADELMANN",6,1,5,0,0
Daviess,C119,U.S. House,2,Republican,S. Brett GUTHRIE,19,6,13,0,0
Daviess,C119,U.S. House,2,Republican,Joshua M. FERGUSON,1,0,1,0,0
Daviess,C119,U.S. House,2,,Under Votes,2,0,2,0,0
Daviess,C119,U.S. House,2,,Over Votes,0,0,0,0,0
Daviess,C119,County Judge/Executive,,,Charlie CASTLEN,14,1,13,0,0
Daviess,C119,County Judge/Executive,,,Janie MARKSBERRY,11,5,6,0,0
Daviess,C119,County Judge/Executive,,,Under Votes,2,1,1,0,0
Daviess,C119,County Judge/Executive,,,Over Votes,0,0,0,0,0
Daviess,C119,County Clerk,,,Matt GALLOWAY,8,2,6,0,0
Daviess,C119,County Clerk,,,Leslie A. McCARTY,18,4,14,0,0
Daviess,C119,County Clerk,,,Under Votes,1,1,0,0,0
Daviess,C119,County Clerk,,,Over Votes,0,0,0,0,0
Daviess,C119,County Commissioner Central District,,,Robert MORRIS,13,4,9,0,0
Daviess,C119,County Commissioner Central District,,,Larry CONDER,12,1,11,0,0
Daviess,C119,County Commissioner Central District,,,Under Votes,2,2,0,0,0
Daviess,C119,County Commissioner Central District,,,Over Votes,0,0,0,0,0
Daviess,C119,County Commissioner East District,,,Steven SHAKE,7,2,5,0,0
Daviess,C119,County Commissioner East District,,,Joe HAGAN,8,1,7,0,0
Daviess,C119,County Commissioner East District,,,Shane COX,10,3,7,0,0
Daviess,C119,County Commissioner East District,,,Under Votes,2,1,1,0,0
Daviess,C119,County Commissioner East District,,,Over Votes,0,0,0,0,0
Daviess,C119,County Commissioner West District,,,Christopher T. CASTLEN,17,4,13,0,0
Daviess,C119,County Commissioner West District,,,Dustin WARREN,9,2,7,0,0
Daviess,C119,County Commissioner West District,,,Under Votes,1,1,0,0,0
Daviess,C119,County Commissioner West District,,,Over Votes,0,0,0,0,0
Daviess,C119,U.S. Senate,,Democratic,Logan FORSYTHE,0,0,0,0,0
Daviess,C119,U.S. Senate,,Democratic,Amy McGRATH,13,2,10,0,1
Daviess,C119,U.S. Senate,,Democratic,Dale Lewis ROMANS,0,0,0,0,0
Daviess,C119,U.S. Senate,,Democratic,Joshua BLANTON SR.,0,0,0,0,0
Daviess,C119,U.S. Senate,,Democratic,Vincent Anthony THOMPSON,1,0,1,0,0
Daviess,C119,U.S. Senate,,Democratic,Charles BOOKER,5,1,4,0,0
Daviess,C119,U.S. Senate,,Democratic,Pamela STEVENSON,1,0,1,0,0
Daviess,C119,U.S. House,2,Democratic,David S. HATFIELD,3,1,2,0,0
Daviess,C119,U.S. House,2,Democratic,Megan WINGFIELD,13,1,11,0,1
Daviess,C119,U.S. House,2,Democratic,Hank LINDERMAN,3,0,3,0,0
Daviess,C119,U.S. House,2,Democratic,William Dakota COMPTON,1,1,0,0,0
Daviess,C119,"District Judge, 6th Judicial District",1,,J. Nick PAYNE,19,5,14,0,0
Daviess,C119,"District Judge, 6th Judicial District",1,,William C. MATTINGLY,8,1,7,0,0
Daviess,C119,"District Judge, 6th Judicial District",1,,W. Russell DUTY,9,1,7,0,1
Daviess,C119,"District Judge, 6th Judicial District",1,,Lelah ROGERS,10,2,8,0,0
Daviess,C119,"District Judge, 6th Judicial District",1,,Under Votes,2,1,1,0,0
Daviess,C119,"District Judge, 6th Judicial District",1,,Over Votes,0,0,0,0,0
Daviess,C119,City Commissioners City OF Owensboro,,,Jeff SANFORD,7,2,5,0,0
Daviess,C119,City Commissioners City OF Owensboro,,,Steve JOHNSON,5,2,3,0,0
Daviess,C119,City Commissioners City OF Owensboro,,,Harley METCALF,1,0,1,0,0
Daviess,C119,City Commissioners City OF Owensboro,,,Bob GLENN,1,0,1,0,0
Daviess,C119,City Commissioners City OF Owensboro,,,Pamela L. SMITH-WRIGHT,2,0,2,0,0
Daviess,C119,City Commissioners City OF Owensboro,,,Tyler GOAD,2,1,1,0,0
Daviess,C119,City Commissioners City OF Owensboro,,,Sharon Gail NeSMITH,2,1,1,0,0
Daviess,C119,City Commissioners City OF Owensboro,,,Curtis MAGLINGER,6,2,4,0,0
Daviess,C119,City Commissioners City OF Owensboro,,,John Ross MARTIN,4,0,4,0,0
Daviess,C119,City Commissioners City OF Owensboro,,,Under Votes,2,0,2,0,0
Daviess,C119,City Commissioners City OF Owensboro,,,Over Votes,0,0,0,0,0
Daviess,C120,U.S. Senate,,Republican,Anissa CATLETT,3,0,3,0,0
Daviess,C120,U.S. Senate,,Republican,A. Nick SHELLEY,1,1,0,0,0
Daviess,C120,U.S. Senate,,Republican,"Valerie ""Dr Val"" FREDRICK",3,2,1,0,0
Daviess,C120,U.S. Senate,,Republican,Michael James FARIS,6,1,5,0,0
Daviess,C120,U.S. Senate,,Republican,Nate MORRIS,7,2,5,0,0
Daviess,C120,U.S. Senate,,Republican,Other Donald WENZEL,0,0,0,0,0
Daviess,C120,U.S. Senate,,Republican,Jonathan M. HOLLIDAY,1,0,1,0,0
Daviess,C120,U.S. Senate,,Republican,George WASHINGTON,5,1,4,0,0
Daviess,C120,U.S. Senate,,Republican,Andy BARR,141,14,122,3,2
Daviess,C120,U.S. Senate,,Republican,Daniel CAMERON,105,27,75,2,1
Daviess,C120,U.S. Senate,,Republican,Jimmy I. LEON,0,0,0,0,0
Daviess,C120,U.S. Senate,,Republican,James D. DUNCAN,0,0,0,0,0
Daviess,C120,U.S. Senate,,,Under Votes,14,0,14,0,0
Daviess,C120,U.S. Senate,,,Over Votes,0,0,0,0,0
Daviess,C120,Ballots Cast,,,,463,,,,
Daviess,C120,U.S. House,2,Republican,"G. ""Shay"" PERRY-ADELMANN",27,3,24,0,0
Daviess,C120,U.S. House,2,Republican,S. Brett GUTHRIE,218,40,170,5,3
Daviess,C120,U.S. House,2,Republican,Joshua M. FERGUSON,21,4,17,0,0
Daviess,C120,U.S. House,2,,Under Votes,32,4,28,0,0
Daviess,C120,U.S. House,2,,Over Votes,0,0,0,0,0
Daviess,C120,County Judge/Executive,,,Charlie CASTLEN,158,20,134,2,2
Daviess,C120,County Judge/Executive,,,Janie MARKSBERRY,108,27,77,3,1
Daviess,C120,County Judge/Executive,,,Under Votes,14,1,13,0,0
Daviess,C120,County Judge/Executive,,,Over Votes,1,0,1,0,0
Daviess,C120,County Clerk,,,Matt GALLOWAY,119,19,99,0,1
Daviess,C120,County Clerk,,,Leslie A. McCARTY,147,27,113,5,2
Daviess,C120,County Clerk,,,Under Votes,15,2,13,0,0
Daviess,C120,County Clerk,,,Over Votes,0,0,0,0,0
Daviess,C120,County Commissioner Central District,,,Robert MORRIS,113,22,86,3,2
Daviess,C120,County Commissioner Central District,,,Larry CONDER,147,22,122,2,1
Daviess,C120,County Commissioner Central District,,,Under Votes,21,4,17,0,0
Daviess,C120,County Commissioner Central District,,,Over Votes,0,0,0,0,0
Daviess,C120,County Commissioner East District,,,Steven SHAKE,126,30,92,2,2
Daviess,C120,County Commissioner East District,,,Joe HAGAN,86,7,77,2,0
Daviess,C120,County Commissioner East District,,,Shane COX,46,10,34,1,1
Daviess,C120,County Commissioner East District,,,Under Votes,23,1,22,0,0
Daviess,C120,County Commissioner East District,,,Over Votes,0,0,0,0,0
Daviess,C120,County Commissioner West District,,,Christopher T. CASTLEN,160,29,125,5,1
Daviess,C120,County Commissioner West District,,,Dustin WARREN,85,14,70,0,1
Daviess,C120,County Commissioner West District,,,Under Votes,36,5,30,0,1
Daviess,C120,County Commissioner West District,,,Over Votes,0,0,0,0,0
Daviess,C120,U.S. Senate,,Democratic,Logan FORSYTHE,7,0,5,1,1
Daviess,C120,U.S. Senate,,Democratic,Amy McGRATH,76,17,55,2,2
Daviess,C120,U.S. Senate,,Democratic,Dale Lewis ROMANS,1,0,1,0,0
Daviess,C120,U.S. Senate,,Democratic,Joshua BLANTON SR.,3,0,3,0,0
Daviess,C120,U.S. Senate,,Democratic,Vincent Anthony THOMPSON,2,0,2,0,0
Daviess,C120,U.S. Senate,,Democratic,Charles BOOKER,67,7,57,2,1
Daviess,C120,U.S. Senate,,Democratic,Pamela STEVENSON,8,1,7,0,0
Daviess,C120,U.S. House,2,Democratic,David S. HATFIELD,21,2,17,1,1
Daviess,C120,U.S. House,2,Democratic,Megan WINGFIELD,51,10,39,1,1
Daviess,C120,U.S. House,2,Democratic,Hank LINDERMAN,48,7,38,2,1
Daviess,C120,U.S. House,2,Democratic,William Dakota COMPTON,32,3,27,1,1
Daviess,C120,"District Judge, 6th Judicial District",1,,J. Nick PAYNE,124,21,98,4,1
Daviess,C120,"District Judge, 6th Judicial District",1,,William C. MATTINGLY,72,10,59,2,1
Daviess,C120,"District Judge, 6th Judicial District",1,,W. Russell DUTY,90,18,70,1,1
Daviess,C120,"District Judge, 6th Judicial District",1,,Lelah ROGERS,129,24,99,3,3
Daviess,C120,"District Judge, 6th Judicial District",1,,Under Votes,48,5,42,0,1
Daviess,C120,"District Judge, 6th Judicial District",1,,Over Votes,0,0,0,0,0
Daviess,C120,City Commissioners City OF Owensboro,,,Jeff SANFORD,16,3,11,2,0
Daviess,C120,City Commissioners City OF Owensboro,,,Steve JOHNSON,18,6,11,1,0
Daviess,C120,City Commissioners City OF Owensboro,,,Harley METCALF,13,5,8,0,0
Daviess,C120,City Commissioners City OF Owensboro,,,Bob GLENN,30,6,21,3,0
Daviess,C120,City Commissioners City OF Owensboro,,,Pamela L. SMITH-WRIGHT,30,5,24,1,0
Daviess,C120,City Commissioners City OF Owensboro,,,Tyler GOAD,16,3,12,1,0
Daviess,C120,City Commissioners City OF Owensboro,,,Sharon Gail NeSMITH,22,4,17,1,0
Daviess,C120,City Commissioners City OF Owensboro,,,Curtis MAGLINGER,24,6,16,2,0
Daviess,C120,City Commissioners City OF Owensboro,,,John Ross MARTIN,17,2,14,1,0
Daviess,C120,City Commissioners City OF Owensboro,,,Under Votes,50,4,46,0,0
Daviess,C120,City Commissioners City OF Owensboro,,,Over Votes,0,0,0,0,0
