county,precinct,office,district,party,candidate,votes,early_voting,election_day,absentee_mail,absentee
Jessamine,A101,U.S. Senate,,Republican,A. Nick SHELLEY,1,0,1,0,0
Jessamine,A101,U.S. Senate,,Republican,Anissa CATLETT,0,0,0,0,0
Jessamine,A101,U.S. Senate,,Republican,Daniel CAMERON,11,1,10,0,0
Jessamine,A101,U.S. Senate,,Republican,Jimmy I. LEON,0,0,0,0,0
Jessamine,A101,U.S. Senate,,Republican,Jonathan M. HOLLIDAY,0,0,0,0,0
Jessamine,A101,U.S. Senate,,Republican,James D. DUNCAN,1,0,1,0,0
Jessamine,A101,U.S. Senate,,Republican,Other Donald WENZEL,1,0,1,0,0
Jessamine,A101,U.S. Senate,,Republican,George WASHINGTON,0,0,0,0,0
Jessamine,A101,U.S. Senate,,Republican,Michael James FARIS,0,0,0,0,0
Jessamine,A101,U.S. Senate,,Republican,Andy BARR,29,6,21,2,0
Jessamine,A101,U.S. Senate,,Republican,"Valerie ""Dr Val"" FREDRICK",3,0,3,0,0
Jessamine,A101,U.S. Senate,,,Under Votes,3,1,2,0,0
Jessamine,A101,U.S. Senate,,,Over Votes,0,0,0,0,0
Jessamine,A101,Ballots Cast,,,,110,,,,
Jessamine,A101,U.S. House,6,Republican,Gregory George PLUCINSKI,7,0,7,0,0
Jessamine,A101,U.S. House,6,Republican,Adam Perez ARQUETTE,2,0,2,0,0
Jessamine,A101,U.S. House,6,Republican,Ralph ALVARADO,23,6,15,2,0
Jessamine,A101,U.S. House,6,Republican,Steve SHANNON,1,0,1,0,0
Jessamine,A101,U.S. House,6,Republican,Ryan DOTSON,13,1,12,0,0
Jessamine,A101,U.S. House,6,,Under Votes,6,1,5,0,0
Jessamine,A101,U.S. House,6,,Over Votes,0,0,0,0,0
Jessamine,A101,County Judge/Executive,,,April Rose PRATHER,14,1,13,0,0
Jessamine,A101,County Judge/Executive,,,David K. WEST,33,6,25,2,0
Jessamine,A101,County Judge/Executive,,,Under Votes,3,1,2,0,0
Jessamine,A101,County Judge/Executive,,,Over Votes,0,0,0,0,0
Jessamine,A101,County Clerk,,,Johnny M. COLLIER,21,5,14,2,0
Jessamine,A101,County Clerk,,,Erik COBB,27,1,26,0,0
Jessamine,A101,County Clerk,,,Under Votes,2,2,0,0,0
Jessamine,A101,County Clerk,,,Over Votes,0,0,0,0,0
Jessamine,A101,Jailer,,,Jon R. SALLEE,36,5,29,2,0
Jessamine,A101,Jailer,,,Jesse DEVIN,10,1,9,0,0
Jessamine,A101,Jailer,,,Under Votes,4,2,2,0,0
Jessamine,A101,Jailer,,,Over Votes,0,0,0,0,0
Jessamine,A101,Coroner,,,Jay Allen WEBB,9,4,4,1,0
Jessamine,A101,Coroner,,,Susanna MOBERLY,8,1,7,0,0
Jessamine,A101,Coroner,,,Cassie ROBINSON,25,1,24,0,0
Jessamine,A101,Coroner,,,Under Votes,8,2,5,1,0
Jessamine,A101,Coroner,,,Over Votes,0,0,0,0,0
Jessamine,A101,Magistrate,,,Harry E. VAN EPPS,16,2,14,0,0
Jessamine,A101,Magistrate,,,Jared Madison COBB,24,4,19,1,0
Jessamine,A101,Magistrate,,,Robert HORN,5,0,4,1,0
Jessamine,A101,Magistrate,,,Under Votes,13,2,10,1,0
Jessamine,A101,Magistrate,,,Over Votes,0,0,0,0,0
Jessamine,A101,Constable,,,"Ernest ""Ernie"" SIMPSON",17,5,12,0,0
Jessamine,A101,Constable,,,Sherlton DIETERICH,1,0,1,0,0
Jessamine,A101,Constable,,,Brandon L. MONTGOMERY,22,1,19,2,0
Jessamine,A101,Constable,,,Under Votes,10,2,8,0,0
Jessamine,A101,Constable,,,Over Votes,0,0,0,0,0
Jessamine,A101,U.S. Senate,,Democratic,Pamela STEVENSON,8,3,4,1,0
Jessamine,A101,U.S. Senate,,Democratic,Vincent Anthony THOMPSON,1,0,1,0,0
Jessamine,A101,U.S. Senate,,Democratic,Joshua BLANTON SR.,3,0,3,0,0
Jessamine,A101,U.S. Senate,,Democratic,Charles BOOKER,20,3,16,1,0
Jessamine,A101,U.S. Senate,,Democratic,Amy McGRATH,23,2,20,1,0
Jessamine,A101,U.S. Senate,,Democratic,Logan FORSYTHE,0,0,0,0,0
Jessamine,A101,U.S. Senate,,Democratic,Dale Lewis ROMANS,0,0,0,0,0
Jessamine,A101,U.S. House,6,Democratic,Harvey CARROLL JR.,3,0,3,0,0
Jessamine,A101,U.S. House,6,Democratic,David KLOIBER,0,0,0,0,0
Jessamine,A101,U.S. House,6,Democratic,Erin PETREY,15,3,12,0,0
Jessamine,A101,U.S. House,6,Democratic,Cherlynn STEVENSON,11,3,6,2,0
Jessamine,A101,U.S. House,6,Democratic,Jimmy Clifton AUSBROOKS,0,0,0,0,0
Jessamine,A101,U.S. House,6,Democratic,Corey EDWARDS,2,0,2,0,0
Jessamine,A101,U.S. House,6,Democratic,Zach DEMBO,22,2,19,1,0
Jessamine,A101,Magistrate,,,Ashley CURTIS,39,7,30,2,0
Jessamine,A101,Magistrate,,,Jeremy MUNCY,8,1,7,0,0
Jessamine,A101,City Commissioners City of Nicholasville,,,Leslie CLEM,23,3,19,1,0
Jessamine,A101,City Commissioners City of Nicholasville,,,Thomas W. MILLER,15,3,12,0,0
Jessamine,A101,City Commissioners City of Nicholasville,,,Lynn East RANSDELL,22,4,17,1,0
Jessamine,A101,City Commissioners City of Nicholasville,,,Betty BLACK,19,1,17,1,0
Jessamine,A101,City Commissioners City of Nicholasville,,,Caitlin LAMB,30,6,23,1,0
Jessamine,A101,City Commissioners City of Nicholasville,,,"Charles ""Dexter"" KNIGHT",31,6,23,2,0
Jessamine,A101,City Commissioners City of Nicholasville,,,Peter SUTHERLAND,33,2,29,2,0
Jessamine,A101,City Commissioners City of Nicholasville,,,Patty Grose TEATER,30,2,25,3,0
Jessamine,A101,City Commissioners City of Nicholasville,,,April WHITAKER,24,3,21,0,0
Jessamine,A101,City Commissioners City of Nicholasville,,,Bethany Davis BROWN,30,7,22,1,0
Jessamine,A101,City Commissioners City of Nicholasville,,,Johnny TEMPLIN,34,2,32,0,0
Jessamine,A101,City Commissioners City of Nicholasville,,,Blake WHEELER,25,3,21,1,0
Jessamine,A101,City Commissioners City of Nicholasville,,,Under Votes,116,18,91,7,0
Jessamine,A101,City Commissioners City of Nicholasville,,,Over Votes,0,0,0,0,0
Jessamine,A102,U.S. Senate,,Republican,A. Nick SHELLEY,0,0,0,0,0
Jessamine,A102,U.S. Senate,,Republican,Anissa CATLETT,1,1,0,0,0
Jessamine,A102,U.S. Senate,,Republican,Daniel CAMERON,15,1,14,0,0
Jessamine,A102,U.S. Senate,,Republican,Jimmy I. LEON,0,0,0,0,0
Jessamine,A102,U.S. Senate,,Republican,Jonathan M. HOLLIDAY,1,0,1,0,0
Jessamine,A102,U.S. Senate,,Republican,James D. DUNCAN,3,0,3,0,0
Jessamine,A102,U.S. Senate,,Republican,Other Donald WENZEL,0,0,0,0,0
Jessamine,A102,U.S. Senate,,Republican,George WASHINGTON,2,0,2,0,0
Jessamine,A102,U.S. Senate,,Republican,Michael James FARIS,0,0,0,0,0
Jessamine,A102,U.S. Senate,,Republican,Andy BARR,58,5,53,0,0
Jessamine,A102,U.S. Senate,,Republican,"Valerie ""Dr Val"" FREDRICK",1,0,1,0,0
Jessamine,A102,U.S. Senate,,,Under Votes,14,1,12,1,0
Jessamine,A102,U.S. Senate,,,Over Votes,0,0,0,0,0
Jessamine,A102,Ballots Cast,,,,173,,,,
Jessamine,A102,U.S. House,6,Republican,Gregory George PLUCINSKI,20,3,17,0,0
Jessamine,A102,U.S. House,6,Republican,Adam Perez ARQUETTE,3,0,3,0,0
Jessamine,A102,U.S. House,6,Republican,Ralph ALVARADO,30,2,28,0,0
Jessamine,A102,U.S. House,6,Republican,Steve SHANNON,7,0,7,0,0
Jessamine,A102,U.S. House,6,Republican,Ryan DOTSON,14,2,12,0,0
Jessamine,A102,U.S. House,6,,Under Votes,27,0,26,1,0
Jessamine,A102,U.S. House,6,,Over Votes,0,0,0,0,0
Jessamine,A102,County Judge/Executive,,,April Rose PRATHER,28,3,25,0,0
Jessamine,A102,County Judge/Executive,,,David K. WEST,53,4,48,1,0
Jessamine,A102,County Judge/Executive,,,Under Votes,6,0,6,0,0
Jessamine,A102,County Judge/Executive,,,Over Votes,0,0,0,0,0
Jessamine,A102,County Clerk,,,Johnny M. COLLIER,45,3,41,1,0
Jessamine,A102,County Clerk,,,Erik COBB,36,4,32,0,0
Jessamine,A102,County Clerk,,,Under Votes,6,0,6,0,0
Jessamine,A102,County Clerk,,,Over Votes,0,0,0,0,0
Jessamine,A102,Jailer,,,Jon R. SALLEE,58,6,52,0,0
Jessamine,A102,Jailer,,,Jesse DEVIN,20,1,18,1,0
Jessamine,A102,Jailer,,,Under Votes,9,0,9,0,0
Jessamine,A102,Jailer,,,Over Votes,0,0,0,0,0
Jessamine,A102,Coroner,,,Jay Allen WEBB,31,3,27,1,0
Jessamine,A102,Coroner,,,Susanna MOBERLY,20,1,19,0,0
Jessamine,A102,Coroner,,,Cassie ROBINSON,29,3,26,0,0
Jessamine,A102,Coroner,,,Under Votes,7,0,7,0,0
Jessamine,A102,Coroner,,,Over Votes,0,0,0,0,0
Jessamine,A102,Magistrate,,,Harry E. VAN EPPS,15,2,13,0,0
Jessamine,A102,Magistrate,,,Jared Madison COBB,51,5,45,1,0
Jessamine,A102,Magistrate,,,Robert HORN,14,0,14,0,0
Jessamine,A102,Magistrate,,,Under Votes,27,4,23,0,0
Jessamine,A102,Magistrate,,,Over Votes,0,0,0,0,0
Jessamine,A102,Constable,,,"Ernest ""Ernie"" SIMPSON",24,1,23,0,0
Jessamine,A102,Constable,,,Sherlton DIETERICH,2,0,2,0,0
Jessamine,A102,Constable,,,Brandon L. MONTGOMERY,39,5,34,0,0
Jessamine,A102,Constable,,,Under Votes,22,1,20,1,0
Jessamine,A102,Constable,,,Over Votes,0,0,0,0,0
Jessamine,A102,U.S. Senate,,Democratic,Pamela STEVENSON,8,1,7,0,0
Jessamine,A102,U.S. Senate,,Democratic,Vincent Anthony THOMPSON,1,0,1,0,0
Jessamine,A102,U.S. Senate,,Democratic,Joshua BLANTON SR.,1,0,1,0,0
Jessamine,A102,U.S. Senate,,Democratic,Charles BOOKER,33,6,27,0,0
Jessamine,A102,U.S. Senate,,Democratic,Amy McGRATH,30,3,26,1,0
Jessamine,A102,U.S. Senate,,Democratic,Logan FORSYTHE,1,1,0,0,0
Jessamine,A102,U.S. Senate,,Democratic,Dale Lewis ROMANS,2,0,2,0,0
Jessamine,A102,U.S. House,6,Democratic,Harvey CARROLL JR.,2,0,2,0,0
Jessamine,A102,U.S. House,6,Democratic,David KLOIBER,7,0,7,0,0
Jessamine,A102,U.S. House,6,Democratic,Erin PETREY,16,3,13,0,0
Jessamine,A102,U.S. House,6,Democratic,Cherlynn STEVENSON,15,1,14,0,0
Jessamine,A102,U.S. House,6,Democratic,Jimmy Clifton AUSBROOKS,2,0,2,0,0
Jessamine,A102,U.S. House,6,Democratic,Corey EDWARDS,3,0,3,0,0
Jessamine,A102,U.S. House,6,Democratic,Zach DEMBO,26,8,17,1,0
Jessamine,A102,Magistrate,,,Ashley CURTIS,48,7,41,0,0
Jessamine,A102,Magistrate,,,Jeremy MUNCY,17,1,15,1,0
Jessamine,A102,City Commissioners City of Nicholasville,,,Leslie CLEM,32,2,30,0,0
Jessamine,A102,City Commissioners City of Nicholasville,,,Thomas W. MILLER,14,0,14,0,0
Jessamine,A102,City Commissioners City of Nicholasville,,,Lynn East RANSDELL,28,3,24,1,0
Jessamine,A102,City Commissioners City of Nicholasville,,,Betty BLACK,45,3,41,1,0
Jessamine,A102,City Commissioners City of Nicholasville,,,Caitlin LAMB,36,6,30,0,0
Jessamine,A102,City Commissioners City of Nicholasville,,,"Charles ""Dexter"" KNIGHT",61,4,56,1,0
Jessamine,A102,City Commissioners City of Nicholasville,,,Peter SUTHERLAND,51,5,46,0,0
Jessamine,A102,City Commissioners City of Nicholasville,,,Patty Grose TEATER,55,4,51,0,0
Jessamine,A102,City Commissioners City of Nicholasville,,,April WHITAKER,47,6,41,0,0
Jessamine,A102,City Commissioners City of Nicholasville,,,Bethany Davis BROWN,60,6,53,1,0
Jessamine,A102,City Commissioners City of Nicholasville,,,Johnny TEMPLIN,48,7,41,0,0
Jessamine,A102,City Commissioners City of Nicholasville,,,Blake WHEELER,33,4,28,1,0
Jessamine,A102,City Commissioners City of Nicholasville,,,Under Votes,182,26,153,3,0
Jessamine,A102,City Commissioners City of Nicholasville,,,Over Votes,0,0,0,0,0
Jessamine,A103,U.S. Senate,,Republican,A. Nick SHELLEY,1,0,1,0,0
Jessamine,A103,U.S. Senate,,Republican,Anissa CATLETT,4,2,2,0,0
Jessamine,A103,U.S. Senate,,Republican,Daniel CAMERON,35,2,28,3,2
Jessamine,A103,U.S. Senate,,Republican,Jimmy I. LEON,0,0,0,0,0
Jessamine,A103,U.S. Senate,,Republican,Jonathan M. HOLLIDAY,3,0,3,0,0
Jessamine,A103,U.S. Senate,,Republican,James D. DUNCAN,2,0,2,0,0
Jessamine,A103,U.S. Senate,,Republican,Other Donald WENZEL,0,0,0,0,0
Jessamine,A103,U.S. Senate,,Republican,George WASHINGTON,0,0,0,0,0
Jessamine,A103,U.S. Senate,,Republican,Michael James FARIS,3,0,3,0,0
Jessamine,A103,U.S. Senate,,Republican,Andy BARR,93,17,69,7,0
Jessamine,A103,U.S. Senate,,Republican,"Valerie ""Dr Val"" FREDRICK",0,0,0,0,0
Jessamine,A103,U.S. Senate,,,Under Votes,14,1,12,1,0
Jessamine,A103,U.S. Senate,,,Over Votes,1,0,1,0,0
Jessamine,A103,Ballots Cast,,,,307,,,,
Jessamine,A103,U.S. House,6,Republican,Gregory George PLUCINSKI,29,3,21,3,2
Jessamine,A103,U.S. House,6,Republican,Adam Perez ARQUETTE,2,1,1,0,0
Jessamine,A103,U.S. House,6,Republican,Ralph ALVARADO,56,8,47,1,0
Jessamine,A103,U.S. House,6,Republican,Steve SHANNON,9,1,8,0,0
Jessamine,A103,U.S. House,6,Republican,Ryan DOTSON,36,8,23,5,0
Jessamine,A103,U.S. House,6,,Under Votes,28,2,23,3,0
Jessamine,A103,U.S. House,6,,Over Votes,0,0,0,0,0
Jessamine,A103,County Judge/Executive,,,April Rose PRATHER,27,4,22,1,0
Jessamine,A103,County Judge/Executive,,,David K. WEST,108,16,81,9,2
Jessamine,A103,County Judge/Executive,,,Under Votes,10,1,9,0,0
Jessamine,A103,County Judge/Executive,,,Over Votes,0,0,0,0,0
Jessamine,A103,County Clerk,,,Johnny M. COLLIER,101,18,74,7,2
Jessamine,A103,County Clerk,,,Erik COBB,37,3,31,3,0
Jessamine,A103,County Clerk,,,Under Votes,7,0,7,0,0
Jessamine,A103,County Clerk,,,Over Votes,0,0,0,0,0
Jessamine,A103,Jailer,,,Jon R. SALLEE,110,18,83,7,2
Jessamine,A103,Jailer,,,Jesse DEVIN,22,1,18,3,0
Jessamine,A103,Jailer,,,Under Votes,13,2,11,0,0
Jessamine,A103,Jailer,,,Over Votes,0,0,0,0,0
Jessamine,A103,Coroner,,,Jay Allen WEBB,55,7,45,3,0
Jessamine,A103,Coroner,,,Susanna MOBERLY,37,4,30,1,2
Jessamine,A103,Coroner,,,Cassie ROBINSON,41,9,28,4,0
Jessamine,A103,Coroner,,,Under Votes,12,1,9,2,0
Jessamine,A103,Coroner,,,Over Votes,0,0,0,0,0
Jessamine,A103,Magistrate,,,Harry E. VAN EPPS,50,9,34,7,0
Jessamine,A103,Magistrate,,,Jared Madison COBB,58,5,49,2,2
Jessamine,A103,Magistrate,,,Robert HORN,24,4,19,1,0
Jessamine,A103,Magistrate,,,Under Votes,39,7,30,2,0
Jessamine,A103,Magistrate,,,Over Votes,0,0,0,0,0
Jessamine,A103,Constable,,,"Ernest ""Ernie"" SIMPSON",48,9,32,6,1
Jessamine,A103,Constable,,,Sherlton DIETERICH,7,2,5,0,0
Jessamine,A103,Constable,,,Brandon L. MONTGOMERY,52,4,46,2,0
Jessamine,A103,Constable,,,Under Votes,38,6,29,2,1
Jessamine,A103,Constable,,,Over Votes,0,0,0,0,0
Jessamine,A103,U.S. Senate,,Democratic,Pamela STEVENSON,17,2,14,0,1
Jessamine,A103,U.S. Senate,,Democratic,Vincent Anthony THOMPSON,0,0,0,0,0
Jessamine,A103,U.S. Senate,,Democratic,Joshua BLANTON SR.,0,0,0,0,0
Jessamine,A103,U.S. Senate,,Democratic,Charles BOOKER,63,13,50,0,0
Jessamine,A103,U.S. Senate,,Democratic,Amy McGRATH,49,9,31,9,0
Jessamine,A103,U.S. Senate,,Democratic,Logan FORSYTHE,1,1,0,0,0
Jessamine,A103,U.S. Senate,,Democratic,Dale Lewis ROMANS,2,0,1,1,0
Jessamine,A103,U.S. House,6,Democratic,Harvey CARROLL JR.,7,0,7,0,0
Jessamine,A103,U.S. House,6,Democratic,David KLOIBER,5,0,5,0,0
Jessamine,A103,U.S. House,6,Democratic,Erin PETREY,23,1,19,2,1
Jessamine,A103,U.S. House,6,Democratic,Cherlynn STEVENSON,38,8,29,1,0
Jessamine,A103,U.S. House,6,Democratic,Jimmy Clifton AUSBROOKS,2,1,1,0,0
Jessamine,A103,U.S. House,6,Democratic,Corey EDWARDS,4,0,3,1,0
Jessamine,A103,U.S. House,6,Democratic,Zach DEMBO,50,14,31,5,0
Jessamine,A103,Magistrate,,,Ashley CURTIS,91,14,69,7,1
Jessamine,A103,Magistrate,,,Jeremy MUNCY,27,8,17,2,0
Jessamine,A103,City Commissioners City of Nicholasville,,,Leslie CLEM,64,15,45,2,2
Jessamine,A103,City Commissioners City of Nicholasville,,,Thomas W. MILLER,30,5,20,4,1
Jessamine,A103,City Commissioners City of Nicholasville,,,Lynn East RANSDELL,51,9,38,3,1
Jessamine,A103,City Commissioners City of Nicholasville,,,Betty BLACK,69,8,54,7,0
Jessamine,A103,City Commissioners City of Nicholasville,,,Caitlin LAMB,73,20,48,4,1
Jessamine,A103,City Commissioners City of Nicholasville,,,"Charles ""Dexter"" KNIGHT",88,17,68,3,0
Jessamine,A103,City Commissioners City of Nicholasville,,,Peter SUTHERLAND,106,13,81,11,1
Jessamine,A103,City Commissioners City of Nicholasville,,,Patty Grose TEATER,82,11,58,11,2
Jessamine,A103,City Commissioners City of Nicholasville,,,April WHITAKER,68,10,50,7,1
Jessamine,A103,City Commissioners City of Nicholasville,,,Bethany Davis BROWN,124,17,95,10,2
Jessamine,A103,City Commissioners City of Nicholasville,,,Johnny TEMPLIN,68,16,48,4,0
Jessamine,A103,City Commissioners City of Nicholasville,,,Blake WHEELER,45,12,30,3,0
Jessamine,A103,City Commissioners City of Nicholasville,,,Under Votes,360,43,289,27,1
Jessamine,A103,City Commissioners City of Nicholasville,,,Over Votes,0,0,0,0,0
Jessamine,A104,U.S. Senate,,Republican,A. Nick SHELLEY,0,0,0,0,0
Jessamine,A104,U.S. Senate,,Republican,Anissa CATLETT,2,0,2,0,0
Jessamine,A104,U.S. Senate,,Republican,Daniel CAMERON,19,1,18,0,0
Jessamine,A104,U.S. Senate,,Republican,Jimmy I. LEON,0,0,0,0,0
Jessamine,A104,U.S. Senate,,Republican,Jonathan M. HOLLIDAY,3,0,3,0,0
Jessamine,A104,U.S. Senate,,Republican,James D. DUNCAN,1,0,1,0,0
Jessamine,A104,U.S. Senate,,Republican,Other Donald WENZEL,0,0,0,0,0
Jessamine,A104,U.S. Senate,,Republican,George WASHINGTON,0,0,0,0,0
Jessamine,A104,U.S. Senate,,Republican,Michael James FARIS,3,1,2,0,0
Jessamine,A104,U.S. Senate,,Republican,Andy BARR,62,12,47,3,0
Jessamine,A104,U.S. Senate,,Republican,"Valerie ""Dr Val"" FREDRICK",1,0,1,0,0
Jessamine,A104,U.S. Senate,,,Under Votes,8,0,7,1,0
Jessamine,A104,U.S. Senate,,,Over Votes,1,1,0,0,0
Jessamine,A104,Ballots Cast,,,,194,,,,
Jessamine,A104,U.S. House,6,Republican,Gregory George PLUCINSKI,22,3,19,0,0
Jessamine,A104,U.S. House,6,Republican,Adam Perez ARQUETTE,3,0,3,0,0
Jessamine,A104,U.S. House,6,Republican,Ralph ALVARADO,43,8,33,2,0
Jessamine,A104,U.S. House,6,Republican,Steve SHANNON,2,1,1,0,0
Jessamine,A104,U.S. House,6,Republican,Ryan DOTSON,19,5,13,1,0
Jessamine,A104,U.S. House,6,,Under Votes,12,0,11,1,0
Jessamine,A104,U.S. House,6,,Over Votes,0,0,0,0,0
Jessamine,A104,County Judge/Executive,,,April Rose PRATHER,34,4,28,2,0
Jessamine,A104,County Judge/Executive,,,David K. WEST,51,9,41,1,0
Jessamine,A104,County Judge/Executive,,,Under Votes,12,4,8,0,0
Jessamine,A104,County Judge/Executive,,,Over Votes,0,0,0,0,0
Jessamine,A104,County Clerk,,,Johnny M. COLLIER,61,11,48,2,0
Jessamine,A104,County Clerk,,,Erik COBB,23,1,21,1,0
Jessamine,A104,County Clerk,,,Under Votes,13,5,8,0,0
Jessamine,A104,County Clerk,,,Over Votes,0,0,0,0,0
Jessamine,A104,Jailer,,,Jon R. SALLEE,54,7,46,1,0
Jessamine,A104,Jailer,,,Jesse DEVIN,23,2,19,2,0
Jessamine,A104,Jailer,,,Under Votes,20,8,12,0,0
Jessamine,A104,Jailer,,,Over Votes,0,0,0,0,0
Jessamine,A104,Coroner,,,Jay Allen WEBB,25,4,20,1,0
Jessamine,A104,Coroner,,,Susanna MOBERLY,25,4,20,1,0
Jessamine,A104,Coroner,,,Cassie ROBINSON,25,2,22,1,0
Jessamine,A104,Coroner,,,Under Votes,22,7,15,0,0
Jessamine,A104,Coroner,,,Over Votes,0,0,0,0,0
Jessamine,A104,Magistrate,,,Harry E. VAN EPPS,24,5,19,0,0
Jessamine,A104,Magistrate,,,Jared Madison COBB,28,4,21,3,0
Jessamine,A104,Magistrate,,,Robert HORN,19,0,19,0,0
Jessamine,A104,Magistrate,,,Under Votes,39,10,29,0,0
Jessamine,A104,Magistrate,,,Over Votes,1,1,0,0,0
Jessamine,A104,Constable,,,"Ernest ""Ernie"" SIMPSON",24,2,22,0,0
Jessamine,A104,Constable,,,Sherlton DIETERICH,8,0,7,1,0
Jessamine,A104,Constable,,,Brandon L. MONTGOMERY,32,5,26,1,0
Jessamine,A104,Constable,,,Under Votes,33,10,22,1,0
Jessamine,A104,Constable,,,Over Votes,0,0,0,0,0
Jessamine,A104,U.S. Senate,,Democratic,Pamela STEVENSON,5,1,4,0,0
Jessamine,A104,U.S. Senate,,Democratic,Vincent Anthony THOMPSON,1,0,1,0,0
Jessamine,A104,U.S. Senate,,Democratic,Joshua BLANTON SR.,2,0,2,0,0
Jessamine,A104,U.S. Senate,,Democratic,Charles BOOKER,26,6,19,1,0
Jessamine,A104,U.S. Senate,,Democratic,Amy McGRATH,43,10,31,2,0
Jessamine,A104,U.S. Senate,,Democratic,Logan FORSYTHE,2,1,0,1,0
Jessamine,A104,U.S. Senate,,Democratic,Dale Lewis ROMANS,3,1,2,0,0
Jessamine,A104,U.S. House,6,Democratic,Harvey CARROLL JR.,1,0,1,0,0
Jessamine,A104,U.S. House,6,Democratic,David KLOIBER,3,2,1,0,0
Jessamine,A104,U.S. House,6,Democratic,Erin PETREY,15,5,8,2,0
Jessamine,A104,U.S. House,6,Democratic,Cherlynn STEVENSON,16,2,14,0,0
Jessamine,A104,U.S. House,6,Democratic,Jimmy Clifton AUSBROOKS,2,0,2,0,0
Jessamine,A104,U.S. House,6,Democratic,Corey EDWARDS,4,0,4,0,0
Jessamine,A104,U.S. House,6,Democratic,Zach DEMBO,42,10,30,2,0
Jessamine,A104,Magistrate,,,Ashley CURTIS,62,15,44,3,0
Jessamine,A104,Magistrate,,,Jeremy MUNCY,11,1,8,2,0
Jessamine,A104,City Commissioners City of Nicholasville,,,Leslie CLEM,42,4,34,4,0
Jessamine,A104,City Commissioners City of Nicholasville,,,Thomas W. MILLER,26,2,22,2,0
Jessamine,A104,City Commissioners City of Nicholasville,,,Lynn East RANSDELL,37,8,26,3,0
Jessamine,A104,City Commissioners City of Nicholasville,,,Betty BLACK,44,8,35,1,0
Jessamine,A104,City Commissioners City of Nicholasville,,,Caitlin LAMB,57,10,43,4,0
Jessamine,A104,City Commissioners City of Nicholasville,,,"Charles ""Dexter"" KNIGHT",46,5,39,2,0
Jessamine,A104,City Commissioners City of Nicholasville,,,Peter SUTHERLAND,58,8,47,3,0
Jessamine,A104,City Commissioners City of Nicholasville,,,Patty Grose TEATER,60,9,46,5,0
Jessamine,A104,City Commissioners City of Nicholasville,,,April WHITAKER,47,7,39,1,0
Jessamine,A104,City Commissioners City of Nicholasville,,,Bethany Davis BROWN,58,11,45,2,0
Jessamine,A104,City Commissioners City of Nicholasville,,,Johnny TEMPLIN,54,10,41,3,0
Jessamine,A104,City Commissioners City of Nicholasville,,,Blake WHEELER,27,4,22,1,0
Jessamine,A104,City Commissioners City of Nicholasville,,,Under Votes,220,62,157,1,0
Jessamine,A104,City Commissioners City of Nicholasville,,,Over Votes,0,0,0,0,0
Jessamine,A105,U.S. Senate,,Republican,A. Nick SHELLEY,0,0,0,0,0
Jessamine,A105,U.S. Senate,,Republican,Anissa CATLETT,0,0,0,0,0
Jessamine,A105,U.S. Senate,,Republican,Daniel CAMERON,38,8,28,1,1
Jessamine,A105,U.S. Senate,,Republican,Jimmy I. LEON,0,0,0,0,0
Jessamine,A105,U.S. Senate,,Republican,Jonathan M. HOLLIDAY,0,0,0,0,0
Jessamine,A105,U.S. Senate,,Republican,James D. DUNCAN,2,0,2,0,0
Jessamine,A105,U.S. Senate,,Republican,Other Donald WENZEL,0,0,0,0,0
Jessamine,A105,U.S. Senate,,Republican,George WASHINGTON,2,0,2,0,0
Jessamine,A105,U.S. Senate,,Republican,Michael James FARIS,4,0,0,4,0
Jessamine,A105,U.S. Senate,,Republican,Andy BARR,144,17,117,8,2
Jessamine,A105,U.S. Senate,,Republican,"Valerie ""Dr Val"" FREDRICK",5,0,2,3,0
Jessamine,A105,U.S. Senate,,,Under Votes,18,2,16,0,0
Jessamine,A105,U.S. Senate,,,Over Votes,0,0,0,0,0
Jessamine,A105,Ballots Cast,,,,334,,,,
Jessamine,A105,U.S. House,6,Republican,Gregory George PLUCINSKI,58,11,45,2,0
Jessamine,A105,U.S. House,6,Republican,Adam Perez ARQUETTE,4,0,3,0,1
Jessamine,A105,U.S. House,6,Republican,Ralph ALVARADO,76,13,53,8,2
Jessamine,A105,U.S. House,6,Republican,Steve SHANNON,6,0,6,0,0
Jessamine,A105,U.S. House,6,Republican,Ryan DOTSON,32,0,28,3,1
Jessamine,A105,U.S. House,6,,Under Votes,43,2,37,4,0
Jessamine,A105,U.S. House,6,,Over Votes,0,0,0,0,0
Jessamine,A105,County Judge/Executive,,,April Rose PRATHER,49,9,32,6,2
Jessamine,A105,County Judge/Executive,,,David K. WEST,142,17,113,10,2
Jessamine,A105,County Judge/Executive,,,Under Votes,13,0,13,0,0
Jessamine,A105,County Judge/Executive,,,Over Votes,0,0,0,0,0
Jessamine,A105,County Clerk,,,Johnny M. COLLIER,145,18,111,12,4
Jessamine,A105,County Clerk,,,Erik COBB,47,7,36,4,0
Jessamine,A105,County Clerk,,,Under Votes,12,1,11,0,0
Jessamine,A105,County Clerk,,,Over Votes,0,0,0,0,0
Jessamine,A105,Jailer,,,Jon R. SALLEE,149,15,125,6,3
Jessamine,A105,Jailer,,,Jesse DEVIN,33,10,17,6,0
Jessamine,A105,Jailer,,,Under Votes,22,1,16,4,1
Jessamine,A105,Jailer,,,Over Votes,0,0,0,0,0
Jessamine,A105,Coroner,,,Jay Allen WEBB,54,7,43,2,2
Jessamine,A105,Coroner,,,Susanna MOBERLY,43,4,35,3,1
Jessamine,A105,Coroner,,,Cassie ROBINSON,84,13,60,10,1
Jessamine,A105,Coroner,,,Under Votes,23,2,20,1,0
Jessamine,A105,Coroner,,,Over Votes,0,0,0,0,0
Jessamine,A105,Magistrate,,,Harry E. VAN EPPS,37,8,24,5,0
Jessamine,A105,Magistrate,,,Jared Madison COBB,123,13,96,10,4
Jessamine,A105,Magistrate,,,Robert HORN,20,3,16,1,0
Jessamine,A105,Magistrate,,,Under Votes,54,4,46,3,1
Jessamine,A105,Magistrate,,,Over Votes,0,0,0,0,0
Jessamine,A105,Constable,,,"Ernest ""Ernie"" SIMPSON",58,10,44,2,2
Jessamine,A105,Constable,,,Sherlton DIETERICH,11,1,7,3,0
Jessamine,A105,Constable,,,Brandon L. MONTGOMERY,62,8,49,5,0
Jessamine,A105,Constable,,,Under Votes,73,7,58,6,2
Jessamine,A105,Constable,,,Over Votes,0,0,0,0,0
Jessamine,A105,U.S. Senate,,Democratic,Pamela STEVENSON,9,1,5,2,1
Jessamine,A105,U.S. Senate,,Democratic,Vincent Anthony THOMPSON,1,0,1,0,0
Jessamine,A105,U.S. Senate,,Democratic,Joshua BLANTON SR.,3,0,2,0,1
Jessamine,A105,U.S. Senate,,Democratic,Charles BOOKER,42,3,33,5,1
Jessamine,A105,U.S. Senate,,Democratic,Amy McGRATH,38,2,32,3,1
Jessamine,A105,U.S. Senate,,Democratic,Logan FORSYTHE,7,0,7,0,0
Jessamine,A105,U.S. Senate,,Democratic,Dale Lewis ROMANS,8,2,4,1,1
Jessamine,A105,U.S. House,6,Democratic,Harvey CARROLL JR.,2,0,1,0,1
Jessamine,A105,U.S. House,6,Democratic,David KLOIBER,3,0,3,0,0
Jessamine,A105,U.S. House,6,Democratic,Erin PETREY,19,0,18,1,0
Jessamine,A105,U.S. House,6,Democratic,Cherlynn STEVENSON,29,1,23,4,1
Jessamine,A105,U.S. House,6,Democratic,Jimmy Clifton AUSBROOKS,1,0,1,0,0
Jessamine,A105,U.S. House,6,Democratic,Corey EDWARDS,5,0,4,0,1
Jessamine,A105,U.S. House,6,Democratic,Zach DEMBO,46,8,31,5,2
Jessamine,A105,Magistrate,,,Ashley CURTIS,66,7,53,4,2
Jessamine,A105,Magistrate,,,Jeremy MUNCY,24,0,18,4,2
Jessamine,A105,City Commissioners City of Nicholasville,,,Leslie CLEM,108,10,89,8,1
Jessamine,A105,City Commissioners City of Nicholasville,,,Thomas W. MILLER,36,5,31,0,0
Jessamine,A105,City Commissioners City of Nicholasville,,,Lynn East RANSDELL,69,5,53,10,1
Jessamine,A105,City Commissioners City of Nicholasville,,,Betty BLACK,58,10,42,3,3
Jessamine,A105,City Commissioners City of Nicholasville,,,Caitlin LAMB,48,4,40,4,0
Jessamine,A105,City Commissioners City of Nicholasville,,,"Charles ""Dexter"" KNIGHT",195,20,154,16,5
Jessamine,A105,City Commissioners City of Nicholasville,,,Peter SUTHERLAND,82,7,64,7,4
Jessamine,A105,City Commissioners City of Nicholasville,,,Patty Grose TEATER,69,8,56,3,2
Jessamine,A105,City Commissioners City of Nicholasville,,,April WHITAKER,59,5,48,4,2
Jessamine,A105,City Commissioners City of Nicholasville,,,Bethany Davis BROWN,99,7,84,6,2
Jessamine,A105,City Commissioners City of Nicholasville,,,Johnny TEMPLIN,75,11,50,13,1
Jessamine,A105,City Commissioners City of Nicholasville,,,Blake WHEELER,53,6,40,6,1
Jessamine,A105,City Commissioners City of Nicholasville,,,Under Votes,385,54,289,28,14
Jessamine,A105,City Commissioners City of Nicholasville,,,Over Votes,0,0,0,0,0
Jessamine,A106,U.S. Senate,,Republican,A. Nick SHELLEY,1,0,1,0,0
Jessamine,A106,U.S. Senate,,Republican,Anissa CATLETT,2,0,2,0,0
Jessamine,A106,U.S. Senate,,Republican,Daniel CAMERON,65,4,59,1,1
Jessamine,A106,U.S. Senate,,Republican,Jimmy I. LEON,0,0,0,0,0
Jessamine,A106,U.S. Senate,,Republican,Jonathan M. HOLLIDAY,1,0,1,0,0
Jessamine,A106,U.S. Senate,,Republican,James D. DUNCAN,0,0,0,0,0
Jessamine,A106,U.S. Senate,,Republican,Other Donald WENZEL,0,0,0,0,0
Jessamine,A106,U.S. Senate,,Republican,George WASHINGTON,4,0,4,0,0
Jessamine,A106,U.S. Senate,,Republican,Michael James FARIS,4,2,2,0,0
Jessamine,A106,U.S. Senate,,Republican,Andy BARR,153,14,130,6,3
Jessamine,A106,U.S. Senate,,Republican,"Valerie ""Dr Val"" FREDRICK",1,1,0,0,0
Jessamine,A106,U.S. Senate,,,Under Votes,11,1,10,0,0
Jessamine,A106,U.S. Senate,,,Over Votes,2,0,2,0,0
Jessamine,A106,Ballots Cast,,,,377,,,,
Jessamine,A106,U.S. House,6,Republican,Gregory George PLUCINSKI,50,7,39,2,2
Jessamine,A106,U.S. House,6,Republican,Adam Perez ARQUETTE,4,0,4,0,0
Jessamine,A106,U.S. House,6,Republican,Ralph ALVARADO,101,8,87,4,2
Jessamine,A106,U.S. House,6,Republican,Steve SHANNON,7,1,5,1,0
Jessamine,A106,U.S. House,6,Republican,Ryan DOTSON,56,3,53,0,0
Jessamine,A106,U.S. House,6,,Under Votes,40,4,36,0,0
Jessamine,A106,U.S. House,6,,Over Votes,0,0,0,0,0
Jessamine,A106,County Judge/Executive,,,April Rose PRATHER,63,6,52,2,3
Jessamine,A106,County Judge/Executive,,,David K. WEST,167,14,147,5,1
Jessamine,A106,County Judge/Executive,,,Under Votes,17,2,15,0,0
Jessamine,A106,County Judge/Executive,,,Over Votes,0,0,0,0,0
Jessamine,A106,County Clerk,,,Johnny M. COLLIER,155,14,132,5,4
Jessamine,A106,County Clerk,,,Erik COBB,82,7,73,2,0
Jessamine,A106,County Clerk,,,Under Votes,10,1,9,0,0
Jessamine,A106,County Clerk,,,Over Votes,0,0,0,0,0
Jessamine,A106,Jailer,,,Jon R. SALLEE,183,20,153,7,3
Jessamine,A106,Jailer,,,Jesse DEVIN,40,1,38,0,1
Jessamine,A106,Jailer,,,Under Votes,24,1,23,0,0
Jessamine,A106,Jailer,,,Over Votes,0,0,0,0,0
Jessamine,A106,Coroner,,,Jay Allen WEBB,76,5,67,3,1
Jessamine,A106,Coroner,,,Susanna MOBERLY,56,2,50,2,2
Jessamine,A106,Coroner,,,Cassie ROBINSON,83,13,70,0,0
Jessamine,A106,Coroner,,,Under Votes,32,2,27,2,1
Jessamine,A106,Coroner,,,Over Votes,0,0,0,0,0
Jessamine,A106,Magistrate,,,Harry E. VAN EPPS,45,3,39,0,3
Jessamine,A106,Magistrate,,,Jared Madison COBB,160,17,138,5,0
Jessamine,A106,Magistrate,,,Robert HORN,26,1,23,2,0
Jessamine,A106,Magistrate,,,Under Votes,36,3,30,2,1
Jessamine,A106,Magistrate,,,Over Votes,0,0,0,0,0
Jessamine,A106,Constable,,,"Ernest ""Ernie"" SIMPSON",101,9,88,1,3
Jessamine,A106,Constable,,,Sherlton DIETERICH,10,0,9,1,0
Jessamine,A106,Constable,,,Brandon L. MONTGOMERY,51,7,44,0,0
Jessamine,A106,Constable,,,Under Votes,85,6,73,5,1
Jessamine,A106,Constable,,,Over Votes,0,0,0,0,0
Jessamine,A106,U.S. Senate,,Democratic,Pamela STEVENSON,11,3,8,0,0
Jessamine,A106,U.S. Senate,,Democratic,Vincent Anthony THOMPSON,1,0,1,0,0
Jessamine,A106,U.S. Senate,,Democratic,Joshua BLANTON SR.,1,0,1,0,0
Jessamine,A106,U.S. Senate,,Democratic,Charles BOOKER,47,1,43,3,0
Jessamine,A106,U.S. Senate,,Democratic,Amy McGRATH,39,4,29,4,2
Jessamine,A106,U.S. Senate,,Democratic,Logan FORSYTHE,7,2,2,3,0
Jessamine,A106,U.S. Senate,,Democratic,Dale Lewis ROMANS,7,0,5,2,0
Jessamine,A106,U.S. House,6,Democratic,Harvey CARROLL JR.,2,0,2,0,0
Jessamine,A106,U.S. House,6,Democratic,David KLOIBER,12,1,10,1,0
Jessamine,A106,U.S. House,6,Democratic,Erin PETREY,20,0,16,4,0
Jessamine,A106,U.S. House,6,Democratic,Cherlynn STEVENSON,26,4,20,2,0
Jessamine,A106,U.S. House,6,Democratic,Jimmy Clifton AUSBROOKS,1,0,1,0,0
Jessamine,A106,U.S. House,6,Democratic,Corey EDWARDS,4,0,4,0,0
Jessamine,A106,U.S. House,6,Democratic,Zach DEMBO,41,4,30,5,2
Jessamine,A106,Magistrate,,,Ashley CURTIS,64,6,51,6,1
Jessamine,A106,Magistrate,,,Jeremy MUNCY,33,2,26,4,1
Jessamine,A106,City Commissioners City of Nicholasville,,,Leslie CLEM,89,7,73,9,0
Jessamine,A106,City Commissioners City of Nicholasville,,,Thomas W. MILLER,28,3,25,0,0
Jessamine,A106,City Commissioners City of Nicholasville,,,Lynn East RANSDELL,69,7,58,3,1
Jessamine,A106,City Commissioners City of Nicholasville,,,Betty BLACK,78,5,67,4,2
Jessamine,A106,City Commissioners City of Nicholasville,,,Caitlin LAMB,78,9,61,7,1
Jessamine,A106,City Commissioners City of Nicholasville,,,"Charles ""Dexter"" KNIGHT",163,15,135,9,4
Jessamine,A106,City Commissioners City of Nicholasville,,,Peter SUTHERLAND,129,7,115,5,2
Jessamine,A106,City Commissioners City of Nicholasville,,,Patty Grose TEATER,108,6,95,7,0
Jessamine,A106,City Commissioners City of Nicholasville,,,April WHITAKER,64,4,53,5,2
Jessamine,A106,City Commissioners City of Nicholasville,,,Bethany Davis BROWN,122,16,103,2,1
Jessamine,A106,City Commissioners City of Nicholasville,,,Johnny TEMPLIN,103,13,88,2,0
Jessamine,A106,City Commissioners City of Nicholasville,,,Blake WHEELER,60,7,44,7,2
Jessamine,A106,City Commissioners City of Nicholasville,,,Under Votes,417,33,355,20,9
Jessamine,A106,City Commissioners City of Nicholasville,,,Over Votes,0,0,0,0,0
Jessamine,A107,U.S. Senate,,Republican,A. Nick SHELLEY,1,0,1,0,0
Jessamine,A107,U.S. Senate,,Republican,Anissa CATLETT,0,0,0,0,0
Jessamine,A107,U.S. Senate,,Republican,Daniel CAMERON,22,2,17,2,1
Jessamine,A107,U.S. Senate,,Republican,Jimmy I. LEON,0,0,0,0,0
Jessamine,A107,U.S. Senate,,Republican,Jonathan M. HOLLIDAY,0,0,0,0,0
Jessamine,A107,U.S. Senate,,Republican,James D. DUNCAN,0,0,0,0,0
Jessamine,A107,U.S. Senate,,Republican,Other Donald WENZEL,0,0,0,0,0
Jessamine,A107,U.S. Senate,,Republican,George WASHINGTON,2,0,2,0,0
Jessamine,A107,U.S. Senate,,Republican,Michael James FARIS,1,0,1,0,0
Jessamine,A107,U.S. Senate,,Republican,Andy BARR,60,6,52,2,0
Jessamine,A107,U.S. Senate,,Republican,"Valerie ""Dr Val"" FREDRICK",0,0,0,0,0
Jessamine,A107,U.S. Senate,,,Under Votes,3,0,3,0,0
Jessamine,A107,U.S. Senate,,,Over Votes,0,0,0,0,0
Jessamine,A107,Ballots Cast,,,,182,,,,
Jessamine,A107,U.S. House,6,Republican,Gregory George PLUCINSKI,14,3,11,0,0
Jessamine,A107,U.S. House,6,Republican,Adam Perez ARQUETTE,1,0,1,0,0
Jessamine,A107,U.S. House,6,Republican,Ralph ALVARADO,36,3,32,1,0
Jessamine,A107,U.S. House,6,Republican,Steve SHANNON,10,1,7,2,0
Jessamine,A107,U.S. House,6,Republican,Ryan DOTSON,24,1,21,1,1
Jessamine,A107,U.S. House,6,,Under Votes,11,0,11,0,0
Jessamine,A107,U.S. House,6,,Over Votes,0,0,0,0,0
Jessamine,A107,County Judge/Executive,,,April Rose PRATHER,26,2,21,2,1
Jessamine,A107,County Judge/Executive,,,David K. WEST,61,6,53,2,0
Jessamine,A107,County Judge/Executive,,,Under Votes,7,0,7,0,0
Jessamine,A107,County Judge/Executive,,,Over Votes,0,0,0,0,0
Jessamine,A107,County Clerk,,,Johnny M. COLLIER,60,6,51,2,1
Jessamine,A107,County Clerk,,,Erik COBB,29,2,25,2,0
Jessamine,A107,County Clerk,,,Under Votes,5,0,5,0,0
Jessamine,A107,County Clerk,,,Over Votes,0,0,0,0,0
Jessamine,A107,Jailer,,,Jon R. SALLEE,63,6,54,2,1
Jessamine,A107,Jailer,,,Jesse DEVIN,23,2,19,2,0
Jessamine,A107,Jailer,,,Under Votes,8,0,8,0,0
Jessamine,A107,Jailer,,,Over Votes,0,0,0,0,0
Jessamine,A107,Coroner,,,Jay Allen WEBB,28,3,25,0,0
Jessamine,A107,Coroner,,,Susanna MOBERLY,19,0,16,2,1
Jessamine,A107,Coroner,,,Cassie ROBINSON,33,5,26,2,0
Jessamine,A107,Coroner,,,Under Votes,14,0,14,0,0
Jessamine,A107,Coroner,,,Over Votes,0,0,0,0,0
Jessamine,A107,Magistrate,,,Harry E. VAN EPPS,22,2,19,0,1
Jessamine,A107,Magistrate,,,Jared Madison COBB,54,6,45,3,0
Jessamine,A107,Magistrate,,,Robert HORN,9,0,8,1,0
Jessamine,A107,Magistrate,,,Under Votes,11,0,11,0,0
Jessamine,A107,Magistrate,,,Over Votes,1,0,1,0,0
Jessamine,A107,Constable,,,"Ernest ""Ernie"" SIMPSON",24,3,20,1,0
Jessamine,A107,Constable,,,Sherlton DIETERICH,10,2,8,0,0
Jessamine,A107,Constable,,,Brandon L. MONTGOMERY,34,3,28,2,1
Jessamine,A107,Constable,,,Under Votes,25,0,24,1,0
Jessamine,A107,Constable,,,Over Votes,1,0,1,0,0
Jessamine,A107,U.S. Senate,,Democratic,Pamela STEVENSON,5,2,3,0,0
Jessamine,A107,U.S. Senate,,Democratic,Vincent Anthony THOMPSON,1,0,1,0,0
Jessamine,A107,U.S. Senate,,Democratic,Joshua BLANTON SR.,0,0,0,0,0
Jessamine,A107,U.S. Senate,,Democratic,Charles BOOKER,39,1,38,0,0
Jessamine,A107,U.S. Senate,,Democratic,Amy McGRATH,32,3,28,1,0
Jessamine,A107,U.S. Senate,,Democratic,Logan FORSYTHE,1,0,1,0,0
Jessamine,A107,U.S. Senate,,Democratic,Dale Lewis ROMANS,2,0,2,0,0
Jessamine,A107,U.S. House,6,Democratic,Harvey CARROLL JR.,1,0,1,0,0
Jessamine,A107,U.S. House,6,Democratic,David KLOIBER,3,0,3,0,0
Jessamine,A107,U.S. House,6,Democratic,Erin PETREY,17,0,16,1,0
Jessamine,A107,U.S. House,6,Democratic,Cherlynn STEVENSON,19,3,16,0,0
Jessamine,A107,U.S. House,6,Democratic,Jimmy Clifton AUSBROOKS,2,0,2,0,0
Jessamine,A107,U.S. House,6,Democratic,Corey EDWARDS,9,0,9,0,0
Jessamine,A107,U.S. House,6,Democratic,Zach DEMBO,28,3,25,0,0
Jessamine,A107,Magistrate,,,Ashley CURTIS,49,5,43,1,0
Jessamine,A107,Magistrate,,,Jeremy MUNCY,29,1,28,0,0
Jessamine,A107,City Commissioners City of Nicholasville,,,Leslie CLEM,45,1,43,1,0
Jessamine,A107,City Commissioners City of Nicholasville,,,Thomas W. MILLER,19,0,18,0,1
Jessamine,A107,City Commissioners City of Nicholasville,,,Lynn East RANSDELL,27,2,23,2,0
Jessamine,A107,City Commissioners City of Nicholasville,,,Betty BLACK,47,7,39,1,0
Jessamine,A107,City Commissioners City of Nicholasville,,,Caitlin LAMB,47,5,40,2,0
Jessamine,A107,City Commissioners City of Nicholasville,,,"Charles ""Dexter"" KNIGHT",54,4,47,3,0
Jessamine,A107,City Commissioners City of Nicholasville,,,Peter SUTHERLAND,55,3,50,2,0
Jessamine,A107,City Commissioners City of Nicholasville,,,Patty Grose TEATER,72,8,61,3,0
Jessamine,A107,City Commissioners City of Nicholasville,,,April WHITAKER,35,4,29,2,0
Jessamine,A107,City Commissioners City of Nicholasville,,,Bethany Davis BROWN,65,7,57,1,0
Jessamine,A107,City Commissioners City of Nicholasville,,,Johnny TEMPLIN,46,5,39,2,0
Jessamine,A107,City Commissioners City of Nicholasville,,,Blake WHEELER,20,2,18,0,0
Jessamine,A107,City Commissioners City of Nicholasville,,,Under Votes,196,8,180,5,3
Jessamine,A107,City Commissioners City of Nicholasville,,,Over Votes,0,0,0,0,0
Jessamine,B101,U.S. Senate,,Republican,A. Nick SHELLEY,0,0,0,0,0
Jessamine,B101,U.S. Senate,,Republican,Anissa CATLETT,2,0,2,0,0
Jessamine,B101,U.S. Senate,,Republican,Daniel CAMERON,45,5,40,0,0
Jessamine,B101,U.S. Senate,,Republican,Jimmy I. LEON,0,0,0,0,0
Jessamine,B101,U.S. Senate,,Republican,Jonathan M. HOLLIDAY,3,0,2,1,0
Jessamine,B101,U.S. Senate,,Republican,James D. DUNCAN,0,0,0,0,0
Jessamine,B101,U.S. Senate,,Republican,Other Donald WENZEL,1,0,1,0,0
Jessamine,B101,U.S. Senate,,Republican,George WASHINGTON,1,0,1,0,0
Jessamine,B101,U.S. Senate,,Republican,Michael James FARIS,7,2,3,2,0
Jessamine,B101,U.S. Senate,,Republican,Andy BARR,156,22,126,3,5
Jessamine,B101,U.S. Senate,,Republican,"Valerie ""Dr Val"" FREDRICK",3,0,3,0,0
Jessamine,B101,U.S. Senate,,,Under Votes,5,0,5,0,0
Jessamine,B101,U.S. Senate,,,Over Votes,0,0,0,0,0
Jessamine,B101,Ballots Cast,,,,338,,,,
Jessamine,B101,U.S. House,6,Republican,Gregory George PLUCINSKI,46,7,37,2,0
Jessamine,B101,U.S. House,6,Republican,Adam Perez ARQUETTE,5,0,4,1,0
Jessamine,B101,U.S. House,6,Republican,Ralph ALVARADO,111,16,89,2,4
Jessamine,B101,U.S. House,6,Republican,Steve SHANNON,4,0,4,0,0
Jessamine,B101,U.S. House,6,Republican,Ryan DOTSON,48,7,40,0,1
Jessamine,B101,U.S. House,6,,Under Votes,14,0,13,1,0
Jessamine,B101,U.S. House,6,,Over Votes,0,0,0,0,0
Jessamine,B101,County Judge/Executive,,,April Rose PRATHER,80,11,65,2,2
Jessamine,B101,County Judge/Executive,,,David K. WEST,129,16,106,4,3
Jessamine,B101,County Judge/Executive,,,Under Votes,18,3,15,0,0
Jessamine,B101,County Judge/Executive,,,Over Votes,0,0,0,0,0
Jessamine,B101,County Clerk,,,Johnny M. COLLIER,144,20,113,6,5
Jessamine,B101,County Clerk,,,Erik COBB,65,7,58,0,0
Jessamine,B101,County Clerk,,,Under Votes,18,3,15,0,0
Jessamine,B101,County Clerk,,,Over Votes,0,0,0,0,0
Jessamine,B101,Jailer,,,Jon R. SALLEE,159,22,126,6,5
Jessamine,B101,Jailer,,,Jesse DEVIN,40,3,37,0,0
Jessamine,B101,Jailer,,,Under Votes,28,5,23,0,0
Jessamine,B101,Jailer,,,Over Votes,0,0,0,0,0
Jessamine,B101,Coroner,,,Jay Allen WEBB,54,4,50,0,0
Jessamine,B101,Coroner,,,Susanna MOBERLY,49,16,30,1,2
Jessamine,B101,Coroner,,,Cassie ROBINSON,88,4,76,5,3
Jessamine,B101,Coroner,,,Under Votes,36,6,30,0,0
Jessamine,B101,Coroner,,,Over Votes,0,0,0,0,0
Jessamine,B101,Magistrate,,,Kent SLUSHER,154,21,124,4,5
Jessamine,B101,Magistrate,,,Roger T. FIELDS,65,7,56,2,0
Jessamine,B101,Magistrate,,,Under Votes,8,2,6,0,0
Jessamine,B101,Magistrate,,,Over Votes,0,0,0,0,0
Jessamine,B101,U.S. Senate,,Democratic,Pamela STEVENSON,15,1,14,0,0
Jessamine,B101,U.S. Senate,,Democratic,Vincent Anthony THOMPSON,1,0,1,0,0
Jessamine,B101,U.S. Senate,,Democratic,Joshua BLANTON SR.,2,0,2,0,0
Jessamine,B101,U.S. Senate,,Democratic,Charles BOOKER,36,3,30,3,0
Jessamine,B101,U.S. Senate,,Democratic,Amy McGRATH,48,7,38,3,0
Jessamine,B101,U.S. Senate,,Democratic,Logan FORSYTHE,4,1,3,0,0
Jessamine,B101,U.S. Senate,,Democratic,Dale Lewis ROMANS,5,0,5,0,0
Jessamine,B101,U.S. House,6,Democratic,Harvey CARROLL JR.,2,0,2,0,0
Jessamine,B101,U.S. House,6,Democratic,David KLOIBER,3,0,1,2,0
Jessamine,B101,U.S. House,6,Democratic,Erin PETREY,15,0,15,0,0
Jessamine,B101,U.S. House,6,Democratic,Cherlynn STEVENSON,33,3,29,1,0
Jessamine,B101,U.S. House,6,Democratic,Jimmy Clifton AUSBROOKS,1,0,1,0,0
Jessamine,B101,U.S. House,6,Democratic,Corey EDWARDS,4,0,4,0,0
Jessamine,B101,U.S. House,6,Democratic,Zach DEMBO,52,9,40,3,0
Jessamine,B101,City Commissioners City of Nicholasville,,,Leslie CLEM,1,0,0,0,1
Jessamine,B101,City Commissioners City of Nicholasville,,,Thomas W. MILLER,0,0,0,0,0
Jessamine,B101,City Commissioners City of Nicholasville,,,Lynn East RANSDELL,1,0,0,0,1
Jessamine,B101,City Commissioners City of Nicholasville,,,Betty BLACK,0,0,0,0,0
Jessamine,B101,City Commissioners City of Nicholasville,,,Caitlin LAMB,0,0,0,0,0
Jessamine,B101,City Commissioners City of Nicholasville,,,"Charles ""Dexter"" KNIGHT",1,0,0,0,1
Jessamine,B101,City Commissioners City of Nicholasville,,,Peter SUTHERLAND,0,0,0,0,0
Jessamine,B101,City Commissioners City of Nicholasville,,,Patty Grose TEATER,0,0,0,0,0
Jessamine,B101,City Commissioners City of Nicholasville,,,April WHITAKER,1,0,0,0,1
Jessamine,B101,City Commissioners City of Nicholasville,,,Bethany Davis BROWN,0,0,0,0,0
Jessamine,B101,City Commissioners City of Nicholasville,,,Johnny TEMPLIN,0,0,0,0,0
Jessamine,B101,City Commissioners City of Nicholasville,,,Blake WHEELER,0,0,0,0,0
Jessamine,B101,City Commissioners City of Nicholasville,,,Under Votes,0,0,0,0,0
Jessamine,B101,City Commissioners City of Nicholasville,,,Over Votes,0,0,0,0,0
Jessamine,B102,U.S. Senate,,Republican,A. Nick SHELLEY,1,0,1,0,0
Jessamine,B102,U.S. Senate,,Republican,Anissa CATLETT,2,0,2,0,0
Jessamine,B102,U.S. Senate,,Republican,Daniel CAMERON,45,5,40,0,0
Jessamine,B102,U.S. Senate,,Republican,Jimmy I. LEON,0,0,0,0,0
Jessamine,B102,U.S. Senate,,Republican,Jonathan M. HOLLIDAY,0,0,0,0,0
Jessamine,B102,U.S. Senate,,Republican,James D. DUNCAN,0,0,0,0,0
Jessamine,B102,U.S. Senate,,Republican,Other Donald WENZEL,0,0,0,0,0
Jessamine,B102,U.S. Senate,,Republican,George WASHINGTON,0,0,0,0,0
Jessamine,B102,U.S. Senate,,Republican,Michael James FARIS,5,1,4,0,0
Jessamine,B102,U.S. Senate,,Republican,Andy BARR,167,8,153,4,2
Jessamine,B102,U.S. Senate,,Republican,"Valerie ""Dr Val"" FREDRICK",3,0,3,0,0
Jessamine,B102,U.S. Senate,,,Under Votes,7,0,7,0,0
Jessamine,B102,U.S. Senate,,,Over Votes,0,0,0,0,0
Jessamine,B102,Ballots Cast,,,,348,,,,
Jessamine,B102,U.S. House,6,Republican,Gregory George PLUCINSKI,68,4,63,1,0
Jessamine,B102,U.S. House,6,Republican,Adam Perez ARQUETTE,5,0,4,0,1
Jessamine,B102,U.S. House,6,Republican,Ralph ALVARADO,96,7,86,3,0
Jessamine,B102,U.S. House,6,Republican,Steve SHANNON,6,0,6,0,0
Jessamine,B102,U.S. House,6,Republican,Ryan DOTSON,44,2,41,0,1
Jessamine,B102,U.S. House,6,,Under Votes,18,2,16,0,0
Jessamine,B102,U.S. House,6,,Over Votes,0,0,0,0,0
Jessamine,B102,County Judge/Executive,,,April Rose PRATHER,67,6,60,1,0
Jessamine,B102,County Judge/Executive,,,David K. WEST,152,8,139,3,2
Jessamine,B102,County Judge/Executive,,,Under Votes,16,1,15,0,0
Jessamine,B102,County Judge/Executive,,,Over Votes,0,0,0,0,0
Jessamine,B102,County Clerk,,,Johnny M. COLLIER,158,10,143,4,1
Jessamine,B102,County Clerk,,,Erik COBB,60,4,55,0,1
Jessamine,B102,County Clerk,,,Under Votes,17,1,16,0,0
Jessamine,B102,County Clerk,,,Over Votes,0,0,0,0,0
Jessamine,B102,Jailer,,,Jon R. SALLEE,181,11,164,4,2
Jessamine,B102,Jailer,,,Jesse DEVIN,23,2,21,0,0
Jessamine,B102,Jailer,,,Under Votes,31,2,29,0,0
Jessamine,B102,Jailer,,,Over Votes,0,0,0,0,0
Jessamine,B102,Coroner,,,Jay Allen WEBB,56,7,46,2,1
Jessamine,B102,Coroner,,,Susanna MOBERLY,54,3,50,0,1
Jessamine,B102,Coroner,,,Cassie ROBINSON,90,4,84,2,0
Jessamine,B102,Coroner,,,Under Votes,34,1,33,0,0
Jessamine,B102,Coroner,,,Over Votes,1,0,1,0,0
Jessamine,B102,Magistrate,,,Kent SLUSHER,143,10,129,2,2
Jessamine,B102,Magistrate,,,Roger T. FIELDS,71,5,64,2,0
Jessamine,B102,Magistrate,,,Under Votes,21,0,21,0,0
Jessamine,B102,Magistrate,,,Over Votes,0,0,0,0,0
Jessamine,B102,U.S. Senate,,Democratic,Pamela STEVENSON,10,1,9,0,0
Jessamine,B102,U.S. Senate,,Democratic,Vincent Anthony THOMPSON,2,0,2,0,0
Jessamine,B102,U.S. Senate,,Democratic,Joshua BLANTON SR.,1,1,0,0,0
Jessamine,B102,U.S. Senate,,Democratic,Charles BOOKER,40,7,32,1,0
Jessamine,B102,U.S. Senate,,Democratic,Amy McGRATH,52,9,38,5,0
Jessamine,B102,U.S. Senate,,Democratic,Logan FORSYTHE,1,0,1,0,0
Jessamine,B102,U.S. Senate,,Democratic,Dale Lewis ROMANS,5,0,4,1,0
Jessamine,B102,U.S. House,6,Democratic,Harvey CARROLL JR.,2,0,2,0,0
Jessamine,B102,U.S. House,6,Democratic,David KLOIBER,7,1,5,1,0
Jessamine,B102,U.S. House,6,Democratic,Erin PETREY,16,2,14,0,0
Jessamine,B102,U.S. House,6,Democratic,Cherlynn STEVENSON,30,5,23,2,0
Jessamine,B102,U.S. House,6,Democratic,Jimmy Clifton AUSBROOKS,3,1,2,0,0
Jessamine,B102,U.S. House,6,Democratic,Corey EDWARDS,0,0,0,0,0
Jessamine,B102,U.S. House,6,Democratic,Zach DEMBO,53,9,40,4,0
Jessamine,B102,City Commissioners City of Nicholasville,,,Leslie CLEM,4,0,3,0,1
Jessamine,B102,City Commissioners City of Nicholasville,,,Thomas W. MILLER,4,0,4,0,0
Jessamine,B102,City Commissioners City of Nicholasville,,,Lynn East RANSDELL,3,1,2,0,0
Jessamine,B102,City Commissioners City of Nicholasville,,,Betty BLACK,5,1,4,0,0
Jessamine,B102,City Commissioners City of Nicholasville,,,Caitlin LAMB,4,0,4,0,0
Jessamine,B102,City Commissioners City of Nicholasville,,,"Charles ""Dexter"" KNIGHT",8,0,7,0,1
Jessamine,B102,City Commissioners City of Nicholasville,,,Peter SUTHERLAND,4,0,3,0,1
Jessamine,B102,City Commissioners City of Nicholasville,,,Patty Grose TEATER,7,0,6,0,1
Jessamine,B102,City Commissioners City of Nicholasville,,,April WHITAKER,9,1,8,0,0
Jessamine,B102,City Commissioners City of Nicholasville,,,Bethany Davis BROWN,9,0,8,0,1
Jessamine,B102,City Commissioners City of Nicholasville,,,Johnny TEMPLIN,7,0,7,0,0
Jessamine,B102,City Commissioners City of Nicholasville,,,Blake WHEELER,4,1,3,0,0
Jessamine,B102,City Commissioners City of Nicholasville,,,Under Votes,20,0,17,0,3
Jessamine,B102,City Commissioners City of Nicholasville,,,Over Votes,0,0,0,0,0
Jessamine,B103,U.S. Senate,,Republican,A. Nick SHELLEY,0,0,0,0,0
Jessamine,B103,U.S. Senate,,Republican,Anissa CATLETT,1,0,1,0,0
Jessamine,B103,U.S. Senate,,Republican,Daniel CAMERON,64,9,54,1,0
Jessamine,B103,U.S. Senate,,Republican,Jimmy I. LEON,1,0,1,0,0
Jessamine,B103,U.S. Senate,,Republican,Jonathan M. HOLLIDAY,0,0,0,0,0
Jessamine,B103,U.S. Senate,,Republican,James D. DUNCAN,4,0,3,1,0
Jessamine,B103,U.S. Senate,,Republican,Other Donald WENZEL,3,1,2,0,0
Jessamine,B103,U.S. Senate,,Republican,George WASHINGTON,1,0,1,0,0
Jessamine,B103,U.S. Senate,,Republican,Michael James FARIS,5,0,5,0,0
Jessamine,B103,U.S. Senate,,Republican,Andy BARR,202,18,180,3,1
Jessamine,B103,U.S. Senate,,Republican,"Valerie ""Dr Val"" FREDRICK",1,0,1,0,0
Jessamine,B103,U.S. Senate,,,Under Votes,6,0,6,0,0
Jessamine,B103,U.S. Senate,,,Over Votes,0,0,0,0,0
Jessamine,B103,Ballots Cast,,,,494,,,,
Jessamine,B103,U.S. House,6,Republican,Gregory George PLUCINSKI,31,2,26,2,1
Jessamine,B103,U.S. House,6,Republican,Adam Perez ARQUETTE,7,3,4,0,0
Jessamine,B103,U.S. House,6,Republican,Ralph ALVARADO,166,17,146,3,0
Jessamine,B103,U.S. House,6,Republican,Steve SHANNON,9,0,8,1,0
Jessamine,B103,U.S. House,6,Republican,Ryan DOTSON,55,5,50,0,0
Jessamine,B103,U.S. House,6,,Under Votes,26,2,24,0,0
Jessamine,B103,U.S. House,6,,Over Votes,0,0,0,0,0
Jessamine,B103,County Judge/Executive,,,April Rose PRATHER,57,6,50,1,0
Jessamine,B103,County Judge/Executive,,,David K. WEST,155,16,137,1,1
Jessamine,B103,County Judge/Executive,,,Under Votes,79,7,68,4,0
Jessamine,B103,County Judge/Executive,,,Over Votes,0,0,0,0,0
Jessamine,B103,County Clerk,,,Johnny M. COLLIER,173,15,151,6,1
Jessamine,B103,County Clerk,,,Erik COBB,67,12,55,0,0
Jessamine,B103,County Clerk,,,Under Votes,50,2,48,0,0
Jessamine,B103,County Clerk,,,Over Votes,1,0,1,0,0
Jessamine,B103,Jailer,,,Jon R. SALLEE,176,17,158,1,0
Jessamine,B103,Jailer,,,Jesse DEVIN,30,7,22,1,0
Jessamine,B103,Jailer,,,Under Votes,85,5,75,4,1
Jessamine,B103,Jailer,,,Over Votes,0,0,0,0,0
Jessamine,B103,Coroner,,,Jay Allen WEBB,77,7,70,0,0
Jessamine,B103,Coroner,,,Susanna MOBERLY,69,8,61,0,0
Jessamine,B103,Coroner,,,Cassie ROBINSON,56,9,47,0,0
Jessamine,B103,Coroner,,,Under Votes,89,5,77,6,1
Jessamine,B103,Coroner,,,Over Votes,0,0,0,0,0
Jessamine,B103,Magistrate,,,Kent SLUSHER,112,10,100,1,1
Jessamine,B103,Magistrate,,,Roger T. FIELDS,85,13,72,0,0
Jessamine,B103,Magistrate,,,Under Votes,94,6,83,5,0
Jessamine,B103,Magistrate,,,Over Votes,0,0,0,0,0
Jessamine,B103,U.S. Senate,,Democratic,Pamela STEVENSON,19,2,17,0,0
Jessamine,B103,U.S. Senate,,Democratic,Vincent Anthony THOMPSON,2,0,2,0,0
Jessamine,B103,U.S. Senate,,Democratic,Joshua BLANTON SR.,1,0,1,0,0
Jessamine,B103,U.S. Senate,,Democratic,Charles BOOKER,69,10,54,5,0
Jessamine,B103,U.S. Senate,,Democratic,Amy McGRATH,86,9,65,12,0
Jessamine,B103,U.S. Senate,,Democratic,Logan FORSYTHE,1,0,1,0,0
Jessamine,B103,U.S. Senate,,Democratic,Dale Lewis ROMANS,10,2,8,0,0
Jessamine,B103,U.S. House,6,Democratic,Harvey CARROLL JR.,3,0,3,0,0
Jessamine,B103,U.S. House,6,Democratic,David KLOIBER,15,2,13,0,0
Jessamine,B103,U.S. House,6,Democratic,Erin PETREY,19,3,16,0,0
Jessamine,B103,U.S. House,6,Democratic,Cherlynn STEVENSON,72,6,55,11,0
Jessamine,B103,U.S. House,6,Democratic,Jimmy Clifton AUSBROOKS,0,0,0,0,0
Jessamine,B103,U.S. House,6,Democratic,Corey EDWARDS,4,0,4,0,0
Jessamine,B103,U.S. House,6,Democratic,Zach DEMBO,75,12,57,6,0
Jessamine,B103,City Commissioners City of Nicholasville,,,Leslie CLEM,50,5,42,3,0
Jessamine,B103,City Commissioners City of Nicholasville,,,Thomas W. MILLER,60,7,51,2,0
Jessamine,B103,City Commissioners City of Nicholasville,,,Lynn East RANSDELL,65,8,52,5,0
Jessamine,B103,City Commissioners City of Nicholasville,,,Betty BLACK,78,9,63,5,1
Jessamine,B103,City Commissioners City of Nicholasville,,,Caitlin LAMB,79,10,64,5,0
Jessamine,B103,City Commissioners City of Nicholasville,,,"Charles ""Dexter"" KNIGHT",72,9,58,5,0
Jessamine,B103,City Commissioners City of Nicholasville,,,Peter SUTHERLAND,115,17,88,9,1
Jessamine,B103,City Commissioners City of Nicholasville,,,Patty Grose TEATER,83,9,70,3,1
Jessamine,B103,City Commissioners City of Nicholasville,,,April WHITAKER,73,10,57,6,0
Jessamine,B103,City Commissioners City of Nicholasville,,,Bethany Davis BROWN,89,9,71,8,1
Jessamine,B103,City Commissioners City of Nicholasville,,,Johnny TEMPLIN,64,10,51,3,0
Jessamine,B103,City Commissioners City of Nicholasville,,,Blake WHEELER,54,8,46,0,0
Jessamine,B103,City Commissioners City of Nicholasville,,,Under Votes,678,65,579,34,0
Jessamine,B103,City Commissioners City of Nicholasville,,,Over Votes,0,0,0,0,0
Jessamine,B104,U.S. Senate,,Republican,A. Nick SHELLEY,0,0,0,0,0
Jessamine,B104,U.S. Senate,,Republican,Anissa CATLETT,4,0,4,0,0
Jessamine,B104,U.S. Senate,,Republican,Daniel CAMERON,28,1,27,0,0
Jessamine,B104,U.S. Senate,,Republican,Jimmy I. LEON,0,0,0,0,0
Jessamine,B104,U.S. Senate,,Republican,Jonathan M. HOLLIDAY,2,0,2,0,0
Jessamine,B104,U.S. Senate,,Republican,James D. DUNCAN,0,0,0,0,0
Jessamine,B104,U.S. Senate,,Republican,Other Donald WENZEL,0,0,0,0,0
Jessamine,B104,U.S. Senate,,Republican,George WASHINGTON,1,0,1,0,0
Jessamine,B104,U.S. Senate,,Republican,Michael James FARIS,2,0,2,0,0
Jessamine,B104,U.S. Senate,,Republican,Andy BARR,75,10,59,4,2
Jessamine,B104,U.S. Senate,,Republican,"Valerie ""Dr Val"" FREDRICK",0,0,0,0,0
Jessamine,B104,U.S. Senate,,,Under Votes,4,0,4,0,0
Jessamine,B104,U.S. Senate,,,Over Votes,0,0,0,0,0
Jessamine,B104,Ballots Cast,,,,217,,,,
Jessamine,B104,U.S. House,6,Republican,Gregory George PLUCINSKI,16,3,11,2,0
Jessamine,B104,U.S. House,6,Republican,Adam Perez ARQUETTE,0,0,0,0,0
Jessamine,B104,U.S. House,6,Republican,Ralph ALVARADO,60,5,51,2,2
Jessamine,B104,U.S. House,6,Republican,Steve SHANNON,10,0,10,0,0
Jessamine,B104,U.S. House,6,Republican,Ryan DOTSON,20,2,18,0,0
Jessamine,B104,U.S. House,6,,Under Votes,18,3,15,0,0
Jessamine,B104,U.S. House,6,,Over Votes,0,0,0,0,0
Jessamine,B104,County Judge/Executive,,,April Rose PRATHER,32,3,28,1,0
Jessamine,B104,County Judge/Executive,,,David K. WEST,71,6,61,3,1
Jessamine,B104,County Judge/Executive,,,Under Votes,16,2,13,0,1
Jessamine,B104,County Judge/Executive,,,Over Votes,0,0,0,0,0
Jessamine,B104,County Clerk,,,Johnny M. COLLIER,73,7,61,3,2
Jessamine,B104,County Clerk,,,Erik COBB,38,4,33,1,0
Jessamine,B104,County Clerk,,,Under Votes,8,0,8,0,0
Jessamine,B104,County Clerk,,,Over Votes,0,0,0,0,0
Jessamine,B104,Jailer,,,Jon R. SALLEE,81,7,70,2,2
Jessamine,B104,Jailer,,,Jesse DEVIN,26,2,22,2,0
Jessamine,B104,Jailer,,,Under Votes,12,2,10,0,0
Jessamine,B104,Jailer,,,Over Votes,0,0,0,0,0
Jessamine,B104,Coroner,,,Jay Allen WEBB,28,0,25,3,0
Jessamine,B104,Coroner,,,Susanna MOBERLY,26,2,23,1,0
Jessamine,B104,Coroner,,,Cassie ROBINSON,47,8,39,0,0
Jessamine,B104,Coroner,,,Under Votes,18,1,15,0,2
Jessamine,B104,Coroner,,,Over Votes,0,0,0,0,0
Jessamine,B104,Magistrate,,,Kent SLUSHER,63,5,56,2,0
Jessamine,B104,Magistrate,,,Roger T. FIELDS,33,4,27,2,0
Jessamine,B104,Magistrate,,,Under Votes,23,2,19,0,2
Jessamine,B104,Magistrate,,,Over Votes,0,0,0,0,0
Jessamine,B104,U.S. Senate,,Democratic,Pamela STEVENSON,11,4,7,0,0
Jessamine,B104,U.S. Senate,,Democratic,Vincent Anthony THOMPSON,0,0,0,0,0
Jessamine,B104,U.S. Senate,,Democratic,Joshua BLANTON SR.,1,0,1,0,0
Jessamine,B104,U.S. Senate,,Democratic,Charles BOOKER,47,3,44,0,0
Jessamine,B104,U.S. Senate,,Democratic,Amy McGRATH,23,5,15,3,0
Jessamine,B104,U.S. Senate,,Democratic,Logan FORSYTHE,4,0,4,0,0
Jessamine,B104,U.S. Senate,,Democratic,Dale Lewis ROMANS,3,0,3,0,0
Jessamine,B104,U.S. House,6,Democratic,Harvey CARROLL JR.,1,1,0,0,0
Jessamine,B104,U.S. House,6,Democratic,David KLOIBER,1,0,1,0,0
Jessamine,B104,U.S. House,6,Democratic,Erin PETREY,22,2,20,0,0
Jessamine,B104,U.S. House,6,Democratic,Cherlynn STEVENSON,30,4,26,0,0
Jessamine,B104,U.S. House,6,Democratic,Jimmy Clifton AUSBROOKS,4,0,4,0,0
Jessamine,B104,U.S. House,6,Democratic,Corey EDWARDS,3,0,3,0,0
Jessamine,B104,U.S. House,6,Democratic,Zach DEMBO,24,3,18,3,0
Jessamine,B104,City Commissioners City of Nicholasville,,,Leslie CLEM,30,4,25,1,0
Jessamine,B104,City Commissioners City of Nicholasville,,,Thomas W. MILLER,19,4,13,2,0
Jessamine,B104,City Commissioners City of Nicholasville,,,Lynn East RANSDELL,32,3,26,3,0
Jessamine,B104,City Commissioners City of Nicholasville,,,Betty BLACK,56,9,41,4,2
Jessamine,B104,City Commissioners City of Nicholasville,,,Caitlin LAMB,53,8,43,2,0
Jessamine,B104,City Commissioners City of Nicholasville,,,"Charles ""Dexter"" KNIGHT",43,5,37,1,0
Jessamine,B104,City Commissioners City of Nicholasville,,,Peter SUTHERLAND,68,5,59,3,1
Jessamine,B104,City Commissioners City of Nicholasville,,,Patty Grose TEATER,59,3,53,1,2
Jessamine,B104,City Commissioners City of Nicholasville,,,April WHITAKER,53,9,42,2,0
Jessamine,B104,City Commissioners City of Nicholasville,,,Bethany Davis BROWN,70,6,64,0,0
Jessamine,B104,City Commissioners City of Nicholasville,,,Johnny TEMPLIN,62,6,52,3,1
Jessamine,B104,City Commissioners City of Nicholasville,,,Blake WHEELER,34,6,25,3,0
Jessamine,B104,City Commissioners City of Nicholasville,,,Under Votes,289,28,256,3,2
Jessamine,B104,City Commissioners City of Nicholasville,,,Over Votes,0,0,0,0,0
Jessamine,B105,U.S. Senate,,Republican,A. Nick SHELLEY,0,0,0,0,0
Jessamine,B105,U.S. Senate,,Republican,Anissa CATLETT,2,0,2,0,0
Jessamine,B105,U.S. Senate,,Republican,Daniel CAMERON,54,6,48,0,0
Jessamine,B105,U.S. Senate,,Republican,Jimmy I. LEON,0,0,0,0,0
Jessamine,B105,U.S. Senate,,Republican,Jonathan M. HOLLIDAY,2,0,2,0,0
Jessamine,B105,U.S. Senate,,Republican,James D. DUNCAN,0,0,0,0,0
Jessamine,B105,U.S. Senate,,Republican,Other Donald WENZEL,0,0,0,0,0
Jessamine,B105,U.S. Senate,,Republican,George WASHINGTON,1,0,1,0,0
Jessamine,B105,U.S. Senate,,Republican,Michael James FARIS,3,0,3,0,0
Jessamine,B105,U.S. Senate,,Republican,Andy BARR,86,11,72,3,0
Jessamine,B105,U.S. Senate,,Republican,"Valerie ""Dr Val"" FREDRICK",1,0,1,0,0
Jessamine,B105,U.S. Senate,,,Under Votes,12,1,10,1,0
Jessamine,B105,U.S. Senate,,,Over Votes,1,0,1,0,0
Jessamine,B105,Ballots Cast,,,,270,,,,
Jessamine,B105,U.S. House,6,Republican,Gregory George PLUCINSKI,34,1,31,2,0
Jessamine,B105,U.S. House,6,Republican,Adam Perez ARQUETTE,6,0,6,0,0
Jessamine,B105,U.S. House,6,Republican,Ralph ALVARADO,62,9,52,1,0
Jessamine,B105,U.S. House,6,Republican,Steve SHANNON,5,1,4,0,0
Jessamine,B105,U.S. House,6,Republican,Ryan DOTSON,41,5,34,2,0
Jessamine,B105,U.S. House,6,,Under Votes,26,5,20,1,0
Jessamine,B105,U.S. House,6,,Over Votes,0,0,0,0,0
Jessamine,B105,County Judge/Executive,,,April Rose PRATHER,39,2,36,1,0
Jessamine,B105,County Judge/Executive,,,David K. WEST,118,14,100,4,0
Jessamine,B105,County Judge/Executive,,,Under Votes,9,3,6,0,0
Jessamine,B105,County Judge/Executive,,,Over Votes,0,0,0,0,0
Jessamine,B105,County Clerk,,,Johnny M. COLLIER,84,11,71,2,0
Jessamine,B105,County Clerk,,,Erik COBB,73,5,65,3,0
Jessamine,B105,County Clerk,,,Under Votes,9,3,6,0,0
Jessamine,B105,County Clerk,,,Over Votes,0,0,0,0,0
Jessamine,B105,Jailer,,,Jon R. SALLEE,130,12,113,5,0
Jessamine,B105,Jailer,,,Jesse DEVIN,24,4,20,0,0
Jessamine,B105,Jailer,,,Under Votes,12,3,9,0,0
Jessamine,B105,Jailer,,,Over Votes,0,0,0,0,0
Jessamine,B105,Coroner,,,Jay Allen WEBB,50,5,43,2,0
Jessamine,B105,Coroner,,,Susanna MOBERLY,31,5,23,3,0
Jessamine,B105,Coroner,,,Cassie ROBINSON,72,6,66,0,0
Jessamine,B105,Coroner,,,Under Votes,13,3,10,0,0
Jessamine,B105,Coroner,,,Over Votes,0,0,0,0,0
Jessamine,B105,Magistrate,,,Kent SLUSHER,106,16,86,4,0
Jessamine,B105,Magistrate,,,Roger T. FIELDS,46,3,42,1,0
Jessamine,B105,Magistrate,,,Under Votes,14,0,14,0,0
Jessamine,B105,Magistrate,,,Over Votes,0,0,0,0,0
Jessamine,B105,U.S. Senate,,Democratic,Pamela STEVENSON,4,0,4,0,0
Jessamine,B105,U.S. Senate,,Democratic,Vincent Anthony THOMPSON,1,0,1,0,0
Jessamine,B105,U.S. Senate,,Democratic,Joshua BLANTON SR.,3,0,3,0,0
Jessamine,B105,U.S. Senate,,Democratic,Charles BOOKER,52,2,47,3,0
Jessamine,B105,U.S. Senate,,Democratic,Amy McGRATH,22,5,17,0,0
Jessamine,B105,U.S. Senate,,Democratic,Logan FORSYTHE,2,0,2,0,0
Jessamine,B105,U.S. Senate,,Democratic,Dale Lewis ROMANS,4,0,3,1,0
Jessamine,B105,U.S. House,6,Democratic,Harvey CARROLL JR.,5,1,4,0,0
Jessamine,B105,U.S. House,6,Democratic,David KLOIBER,5,0,5,0,0
Jessamine,B105,U.S. House,6,Democratic,Erin PETREY,15,1,13,1,0
Jessamine,B105,U.S. House,6,Democratic,Cherlynn STEVENSON,22,1,20,1,0
Jessamine,B105,U.S. House,6,Democratic,Jimmy Clifton AUSBROOKS,2,0,1,1,0
Jessamine,B105,U.S. House,6,Democratic,Corey EDWARDS,4,0,4,0,0
Jessamine,B105,U.S. House,6,Democratic,Zach DEMBO,32,2,29,1,0
Jessamine,B105,City Commissioners City of Nicholasville,,,Leslie CLEM,65,5,58,2,0
Jessamine,B105,City Commissioners City of Nicholasville,,,Thomas W. MILLER,15,1,14,0,0
Jessamine,B105,City Commissioners City of Nicholasville,,,Lynn East RANSDELL,46,3,42,1,0
Jessamine,B105,City Commissioners City of Nicholasville,,,Betty BLACK,76,7,65,4,0
Jessamine,B105,City Commissioners City of Nicholasville,,,Caitlin LAMB,56,3,52,1,0
Jessamine,B105,City Commissioners City of Nicholasville,,,"Charles ""Dexter"" KNIGHT",90,8,79,3,0
Jessamine,B105,City Commissioners City of Nicholasville,,,Peter SUTHERLAND,84,4,73,7,0
Jessamine,B105,City Commissioners City of Nicholasville,,,Patty Grose TEATER,96,9,79,8,0
Jessamine,B105,City Commissioners City of Nicholasville,,,April WHITAKER,57,3,53,1,0
Jessamine,B105,City Commissioners City of Nicholasville,,,Bethany Davis BROWN,116,12,99,5,0
Jessamine,B105,City Commissioners City of Nicholasville,,,Johnny TEMPLIN,53,1,52,0,0
Jessamine,B105,City Commissioners City of Nicholasville,,,Blake WHEELER,52,5,46,1,0
Jessamine,B105,City Commissioners City of Nicholasville,,,Under Votes,266,43,216,7,0
Jessamine,B105,City Commissioners City of Nicholasville,,,Over Votes,2,0,2,0,0
Jessamine,C101,U.S. Senate,,Republican,A. Nick SHELLEY,1,0,1,0,0
Jessamine,C101,U.S. Senate,,Republican,Anissa CATLETT,2,0,2,0,0
Jessamine,C101,U.S. Senate,,Republican,Daniel CAMERON,55,6,47,2,0
Jessamine,C101,U.S. Senate,,Republican,Jimmy I. LEON,0,0,0,0,0
Jessamine,C101,U.S. Senate,,Republican,Jonathan M. HOLLIDAY,2,1,1,0,0
Jessamine,C101,U.S. Senate,,Republican,James D. DUNCAN,1,0,1,0,0
Jessamine,C101,U.S. Senate,,Republican,Other Donald WENZEL,0,0,0,0,0
Jessamine,C101,U.S. Senate,,Republican,George WASHINGTON,2,0,2,0,0
Jessamine,C101,U.S. Senate,,Republican,Michael James FARIS,3,2,1,0,0
Jessamine,C101,U.S. Senate,,Republican,Andy BARR,190,23,160,3,4
Jessamine,C101,U.S. Senate,,Republican,"Valerie ""Dr Val"" FREDRICK",4,0,4,0,0
Jessamine,C101,U.S. Senate,,,Under Votes,9,1,8,0,0
Jessamine,C101,U.S. Senate,,,Over Votes,2,0,2,0,0
Jessamine,C101,Ballots Cast,,,,375,,,,
Jessamine,C101,U.S. House,6,Republican,Gregory George PLUCINSKI,65,11,54,0,0
Jessamine,C101,U.S. House,6,Republican,Adam Perez ARQUETTE,4,1,3,0,0
Jessamine,C101,U.S. House,6,Republican,Ralph ALVARADO,113,12,95,2,4
Jessamine,C101,U.S. House,6,Republican,Steve SHANNON,14,1,12,1,0
Jessamine,C101,U.S. House,6,Republican,Ryan DOTSON,56,6,50,0,0
Jessamine,C101,U.S. House,6,,Under Votes,29,1,26,2,0
Jessamine,C101,U.S. House,6,,Over Votes,1,0,1,0,0
Jessamine,C101,County Judge/Executive,,,April Rose PRATHER,77,4,71,0,2
Jessamine,C101,County Judge/Executive,,,David K. WEST,175,27,143,3,2
Jessamine,C101,County Judge/Executive,,,Under Votes,23,1,20,2,0
Jessamine,C101,County Judge/Executive,,,Over Votes,0,0,0,0,0
Jessamine,C101,County Clerk,,,Johnny M. COLLIER,174,19,153,2,0
Jessamine,C101,County Clerk,,,Erik COBB,86,12,69,1,4
Jessamine,C101,County Clerk,,,Under Votes,15,1,12,2,0
Jessamine,C101,County Clerk,,,Over Votes,0,0,0,0,0
Jessamine,C101,Jailer,,,Jon R. SALLEE,213,29,180,2,2
Jessamine,C101,Jailer,,,Jesse DEVIN,33,1,31,1,0
Jessamine,C101,Jailer,,,Under Votes,29,2,23,2,2
Jessamine,C101,Jailer,,,Over Votes,0,0,0,0,0
Jessamine,C101,Coroner,,,Jay Allen WEBB,90,14,73,1,2
Jessamine,C101,Coroner,,,Susanna MOBERLY,70,1,68,1,0
Jessamine,C101,Coroner,,,Cassie ROBINSON,85,14,70,1,0
Jessamine,C101,Coroner,,,Under Votes,30,3,23,2,2
Jessamine,C101,Coroner,,,Over Votes,0,0,0,0,0
Jessamine,C101,Magistrate,,,Adam TEATER,152,20,130,0,2
Jessamine,C101,Magistrate,,,Ryan COOK,97,9,83,3,2
Jessamine,C101,Magistrate,,,Under Votes,26,3,21,2,0
Jessamine,C101,Magistrate,,,Over Votes,0,0,0,0,0
Jessamine,C101,Constable,,,Rachel HAMM,104,8,93,1,2
Jessamine,C101,Constable,,,Todd EVANS,110,17,89,2,2
Jessamine,C101,Constable,,,Under Votes,61,7,52,2,0
Jessamine,C101,Constable,,,Over Votes,0,0,0,0,0
Jessamine,C101,U.S. Senate,,Democratic,Pamela STEVENSON,12,3,8,0,1
Jessamine,C101,U.S. Senate,,Democratic,Vincent Anthony THOMPSON,4,0,4,0,0
Jessamine,C101,U.S. Senate,,Democratic,Joshua BLANTON SR.,0,0,0,0,0
Jessamine,C101,U.S. Senate,,Democratic,Charles BOOKER,35,5,25,5,0
Jessamine,C101,U.S. Senate,,Democratic,Amy McGRATH,34,8,23,2,1
Jessamine,C101,U.S. Senate,,Democratic,Logan FORSYTHE,1,1,0,0,0
Jessamine,C101,U.S. Senate,,Democratic,Dale Lewis ROMANS,8,0,8,0,0
Jessamine,C101,U.S. House,6,Democratic,Harvey CARROLL JR.,3,0,3,0,0
Jessamine,C101,U.S. House,6,Democratic,David KLOIBER,4,1,3,0,0
Jessamine,C101,U.S. House,6,Democratic,Erin PETREY,8,1,7,0,0
Jessamine,C101,U.S. House,6,Democratic,Cherlynn STEVENSON,16,3,13,0,0
Jessamine,C101,U.S. House,6,Democratic,Jimmy Clifton AUSBROOKS,2,0,2,0,0
Jessamine,C101,U.S. House,6,Democratic,Corey EDWARDS,6,0,5,0,1
Jessamine,C101,U.S. House,6,Democratic,Zach DEMBO,51,13,30,7,1
Jessamine,C101,State Representative,55,Democratic,Katrina A. SEXTON,75,14,55,4,2
Jessamine,C101,State Representative,55,Democratic,Nathan SAUCEDO,12,2,8,2,0
Jessamine,C101,State Representative,55,,Under Votes,10,2,7,1,0
Jessamine,C101,State Representative,55,,Over Votes,0,0,0,0,0
Jessamine,C101,City Commissioners City of Nicholasville,,,Leslie CLEM,12,1,10,0,1
Jessamine,C101,City Commissioners City of Nicholasville,,,Thomas W. MILLER,6,1,4,0,1
Jessamine,C101,City Commissioners City of Nicholasville,,,Lynn East RANSDELL,15,1,13,0,1
Jessamine,C101,City Commissioners City of Nicholasville,,,Betty BLACK,21,3,17,0,1
Jessamine,C101,City Commissioners City of Nicholasville,,,Caitlin LAMB,13,3,10,0,0
Jessamine,C101,City Commissioners City of Nicholasville,,,"Charles ""Dexter"" KNIGHT",18,0,18,0,0
Jessamine,C101,City Commissioners City of Nicholasville,,,Peter SUTHERLAND,23,2,21,0,0
Jessamine,C101,City Commissioners City of Nicholasville,,,Patty Grose TEATER,33,3,30,0,0
Jessamine,C101,City Commissioners City of Nicholasville,,,April WHITAKER,15,3,12,0,0
Jessamine,C101,City Commissioners City of Nicholasville,,,Bethany Davis BROWN,19,1,18,0,0
Jessamine,C101,City Commissioners City of Nicholasville,,,Johnny TEMPLIN,14,2,12,0,0
Jessamine,C101,City Commissioners City of Nicholasville,,,Blake WHEELER,9,0,9,0,0
Jessamine,C101,City Commissioners City of Nicholasville,,,Under Votes,70,0,70,0,0
Jessamine,C101,City Commissioners City of Nicholasville,,,Over Votes,0,0,0,0,0
Jessamine,C102,U.S. Senate,,Republican,A. Nick SHELLEY,1,0,1,0,0
Jessamine,C102,U.S. Senate,,Republican,Anissa CATLETT,1,0,1,0,0
Jessamine,C102,U.S. Senate,,Republican,Daniel CAMERON,41,4,37,0,0
Jessamine,C102,U.S. Senate,,Republican,Jimmy I. LEON,1,0,1,0,0
Jessamine,C102,U.S. Senate,,Republican,Jonathan M. HOLLIDAY,1,0,1,0,0
Jessamine,C102,U.S. Senate,,Republican,James D. DUNCAN,1,0,1,0,0
Jessamine,C102,U.S. Senate,,Republican,Other Donald WENZEL,0,0,0,0,0
Jessamine,C102,U.S. Senate,,Republican,George WASHINGTON,0,0,0,0,0
Jessamine,C102,U.S. Senate,,Republican,Michael James FARIS,1,0,1,0,0
Jessamine,C102,U.S. Senate,,Republican,Andy BARR,145,10,133,2,0
Jessamine,C102,U.S. Senate,,Republican,"Valerie ""Dr Val"" FREDRICK",0,0,0,0,0
Jessamine,C102,U.S. Senate,,,Under Votes,7,1,6,0,0
Jessamine,C102,U.S. Senate,,,Over Votes,0,0,0,0,0
Jessamine,C102,Ballots Cast,,,,302,,,,
Jessamine,C102,U.S. House,6,Republican,Gregory George PLUCINSKI,49,5,42,2,0
Jessamine,C102,U.S. House,6,Republican,Adam Perez ARQUETTE,4,0,4,0,0
Jessamine,C102,U.S. House,6,Republican,Ralph ALVARADO,85,8,77,0,0
Jessamine,C102,U.S. House,6,Republican,Steve SHANNON,6,0,6,0,0
Jessamine,C102,U.S. House,6,Republican,Ryan DOTSON,39,0,39,0,0
Jessamine,C102,U.S. House,6,,Under Votes,24,2,21,1,0
Jessamine,C102,U.S. House,6,,Over Votes,0,0,0,0,0
Jessamine,C102,County Judge/Executive,,,April Rose PRATHER,47,4,43,0,0
Jessamine,C102,County Judge/Executive,,,David K. WEST,147,10,135,2,0
Jessamine,C102,County Judge/Executive,,,Under Votes,7,1,6,0,0
Jessamine,C102,County Judge/Executive,,,Over Votes,0,0,0,0,0
Jessamine,C102,County Clerk,,,Johnny M. COLLIER,138,12,124,2,0
Jessamine,C102,County Clerk,,,Erik COBB,58,2,56,0,0
Jessamine,C102,County Clerk,,,Under Votes,5,1,4,0,0
Jessamine,C102,County Clerk,,,Over Votes,0,0,0,0,0
Jessamine,C102,Jailer,,,Jon R. SALLEE,175,15,158,2,0
Jessamine,C102,Jailer,,,Jesse DEVIN,17,0,17,0,0
Jessamine,C102,Jailer,,,Under Votes,9,0,9,0,0
Jessamine,C102,Jailer,,,Over Votes,0,0,0,0,0
Jessamine,C102,Coroner,,,Jay Allen WEBB,66,6,60,0,0
Jessamine,C102,Coroner,,,Susanna MOBERLY,67,4,63,0,0
Jessamine,C102,Coroner,,,Cassie ROBINSON,49,4,43,2,0
Jessamine,C102,Coroner,,,Under Votes,19,1,18,0,0
Jessamine,C102,Coroner,,,Over Votes,0,0,0,0,0
Jessamine,C102,Magistrate,,,Adam TEATER,132,12,118,2,0
Jessamine,C102,Magistrate,,,Ryan COOK,65,3,62,0,0
Jessamine,C102,Magistrate,,,Under Votes,4,0,4,0,0
Jessamine,C102,Magistrate,,,Over Votes,0,0,0,0,0
Jessamine,C102,Constable,,,Rachel HAMM,68,6,62,0,0
Jessamine,C102,Constable,,,Todd EVANS,89,6,83,0,0
Jessamine,C102,Constable,,,Under Votes,44,3,39,2,0
Jessamine,C102,Constable,,,Over Votes,0,0,0,0,0
Jessamine,C102,U.S. Senate,,Democratic,Pamela STEVENSON,14,1,13,0,0
Jessamine,C102,U.S. Senate,,Democratic,Vincent Anthony THOMPSON,3,1,2,0,0
Jessamine,C102,U.S. Senate,,Democratic,Joshua BLANTON SR.,2,0,2,0,0
Jessamine,C102,U.S. Senate,,Democratic,Charles BOOKER,31,3,26,2,0
Jessamine,C102,U.S. Senate,,Democratic,Amy McGRATH,38,8,30,0,0
Jessamine,C102,U.S. Senate,,Democratic,Logan FORSYTHE,3,0,3,0,0
Jessamine,C102,U.S. Senate,,Democratic,Dale Lewis ROMANS,6,0,6,0,0
Jessamine,C102,U.S. House,6,Democratic,Harvey CARROLL JR.,3,0,3,0,0
Jessamine,C102,U.S. House,6,Democratic,David KLOIBER,6,0,6,0,0
Jessamine,C102,U.S. House,6,Democratic,Erin PETREY,13,4,9,0,0
Jessamine,C102,U.S. House,6,Democratic,Cherlynn STEVENSON,17,2,15,0,0
Jessamine,C102,U.S. House,6,Democratic,Jimmy Clifton AUSBROOKS,5,0,5,0,0
Jessamine,C102,U.S. House,6,Democratic,Corey EDWARDS,3,0,3,0,0
Jessamine,C102,U.S. House,6,Democratic,Zach DEMBO,48,7,40,1,0
Jessamine,C102,State Representative,55,Democratic,Katrina A. SEXTON,62,10,51,1,0
Jessamine,C102,State Representative,55,Democratic,Nathan SAUCEDO,31,2,29,0,0
Jessamine,C102,State Representative,55,,Under Votes,8,1,6,1,0
Jessamine,C102,State Representative,55,,Over Votes,0,0,0,0,0
Jessamine,C103,U.S. Senate,,Republican,A. Nick SHELLEY,0,0,0,0,0
Jessamine,C103,U.S. Senate,,Republican,Anissa CATLETT,0,0,0,0,0
Jessamine,C103,U.S. Senate,,Republican,Daniel CAMERON,15,1,14,0,0
Jessamine,C103,U.S. Senate,,Republican,Jimmy I. LEON,0,0,0,0,0
Jessamine,C103,U.S. Senate,,Republican,Jonathan M. HOLLIDAY,1,0,1,0,0
Jessamine,C103,U.S. Senate,,Republican,James D. DUNCAN,1,0,1,0,0
Jessamine,C103,U.S. Senate,,Republican,Other Donald WENZEL,0,0,0,0,0
Jessamine,C103,U.S. Senate,,Republican,George WASHINGTON,3,0,3,0,0
Jessamine,C103,U.S. Senate,,Republican,Michael James FARIS,6,0,6,0,0
Jessamine,C103,U.S. Senate,,Republican,Andy BARR,73,10,59,4,0
Jessamine,C103,U.S. Senate,,Republican,"Valerie ""Dr Val"" FREDRICK",2,0,2,0,0
Jessamine,C103,U.S. Senate,,,Under Votes,8,0,6,0,2
Jessamine,C103,U.S. Senate,,,Over Votes,1,0,1,0,0
Jessamine,C103,Ballots Cast,,,,205,,,,
Jessamine,C103,U.S. House,6,Republican,Gregory George PLUCINSKI,24,1,21,2,0
Jessamine,C103,U.S. House,6,Republican,Adam Perez ARQUETTE,4,0,4,0,0
Jessamine,C103,U.S. House,6,Republican,Ralph ALVARADO,42,6,33,3,0
Jessamine,C103,U.S. House,6,Republican,Steve SHANNON,6,2,4,0,0
Jessamine,C103,U.S. House,6,Republican,Ryan DOTSON,27,0,26,0,1
Jessamine,C103,U.S. House,6,,Under Votes,12,2,9,0,1
Jessamine,C103,U.S. House,6,,Over Votes,1,0,1,0,0
Jessamine,C103,County Judge/Executive,,,April Rose PRATHER,34,1,31,1,1
Jessamine,C103,County Judge/Executive,,,David K. WEST,65,5,58,2,0
Jessamine,C103,County Judge/Executive,,,Under Votes,11,5,4,2,0
Jessamine,C103,County Judge/Executive,,,Over Votes,0,0,0,0,0
Jessamine,C103,County Clerk,,,Johnny M. COLLIER,69,8,55,5,1
Jessamine,C103,County Clerk,,,Erik COBB,31,0,31,0,0
Jessamine,C103,County Clerk,,,Under Votes,10,3,7,0,0
Jessamine,C103,County Clerk,,,Over Votes,0,0,0,0,0
Jessamine,C103,Jailer,,,Jon R. SALLEE,75,7,64,3,1
Jessamine,C103,Jailer,,,Jesse DEVIN,23,1,22,0,0
Jessamine,C103,Jailer,,,Under Votes,12,3,7,2,0
Jessamine,C103,Jailer,,,Over Votes,0,0,0,0,0
Jessamine,C103,Coroner,,,Jay Allen WEBB,39,2,36,1,0
Jessamine,C103,Coroner,,,Susanna MOBERLY,16,3,12,1,0
Jessamine,C103,Coroner,,,Cassie ROBINSON,40,3,35,1,1
Jessamine,C103,Coroner,,,Under Votes,15,3,10,2,0
Jessamine,C103,Coroner,,,Over Votes,0,0,0,0,0
Jessamine,C103,Magistrate,,,Adam TEATER,51,4,44,2,1
Jessamine,C103,Magistrate,,,Ryan COOK,37,2,34,1,0
Jessamine,C103,Magistrate,,,Under Votes,22,5,15,2,0
Jessamine,C103,Magistrate,,,Over Votes,0,0,0,0,0
Jessamine,C103,Constable,,,Rachel HAMM,27,2,24,1,0
Jessamine,C103,Constable,,,Todd EVANS,55,4,49,1,1
Jessamine,C103,Constable,,,Under Votes,28,5,20,3,0
Jessamine,C103,Constable,,,Over Votes,0,0,0,0,0
Jessamine,C103,U.S. Senate,,Democratic,Pamela STEVENSON,10,0,10,0,0
Jessamine,C103,U.S. Senate,,Democratic,Vincent Anthony THOMPSON,3,0,2,1,0
Jessamine,C103,U.S. Senate,,Democratic,Joshua BLANTON SR.,0,0,0,0,0
Jessamine,C103,U.S. Senate,,Democratic,Charles BOOKER,36,4,30,0,2
Jessamine,C103,U.S. Senate,,Democratic,Amy McGRATH,29,5,20,3,1
Jessamine,C103,U.S. Senate,,Democratic,Logan FORSYTHE,1,0,1,0,0
Jessamine,C103,U.S. Senate,,Democratic,Dale Lewis ROMANS,2,0,2,0,0
Jessamine,C103,U.S. House,6,Democratic,Harvey CARROLL JR.,6,0,6,0,0
Jessamine,C103,U.S. House,6,Democratic,David KLOIBER,1,0,1,0,0
Jessamine,C103,U.S. House,6,Democratic,Erin PETREY,15,1,14,0,0
Jessamine,C103,U.S. House,6,Democratic,Cherlynn STEVENSON,27,3,21,1,2
Jessamine,C103,U.S. House,6,Democratic,Jimmy Clifton AUSBROOKS,2,0,2,0,0
Jessamine,C103,U.S. House,6,Democratic,Corey EDWARDS,3,0,3,0,0
Jessamine,C103,U.S. House,6,Democratic,Zach DEMBO,26,5,17,3,1
Jessamine,C103,City Commissioners City of Nicholasville,,,Leslie CLEM,37,3,30,1,3
Jessamine,C103,City Commissioners City of Nicholasville,,,Thomas W. MILLER,32,2,27,1,2
Jessamine,C103,City Commissioners City of Nicholasville,,,Lynn East RANSDELL,34,4,27,1,2
Jessamine,C103,City Commissioners City of Nicholasville,,,Betty BLACK,60,4,47,5,4
Jessamine,C103,City Commissioners City of Nicholasville,,,Caitlin LAMB,44,3,39,2,0
Jessamine,C103,City Commissioners City of Nicholasville,,,"Charles ""Dexter"" KNIGHT",52,4,45,2,1
Jessamine,C103,City Commissioners City of Nicholasville,,,Peter SUTHERLAND,62,7,52,2,1
Jessamine,C103,City Commissioners City of Nicholasville,,,Patty Grose TEATER,66,8,54,3,1
Jessamine,C103,City Commissioners City of Nicholasville,,,April WHITAKER,58,6,48,3,1
Jessamine,C103,City Commissioners City of Nicholasville,,,Bethany Davis BROWN,80,8,69,3,0
Jessamine,C103,City Commissioners City of Nicholasville,,,Johnny TEMPLIN,57,2,53,1,1
Jessamine,C103,City Commissioners City of Nicholasville,,,Blake WHEELER,33,2,29,1,1
Jessamine,C103,City Commissioners City of Nicholasville,,,Under Votes,205,27,164,11,3
Jessamine,C103,City Commissioners City of Nicholasville,,,Over Votes,0,0,0,0,0
Jessamine,C104,U.S. Senate,,Republican,A. Nick SHELLEY,1,0,1,0,0
Jessamine,C104,U.S. Senate,,Republican,Anissa CATLETT,3,0,3,0,0
Jessamine,C104,U.S. Senate,,Republican,Daniel CAMERON,49,3,46,0,0
Jessamine,C104,U.S. Senate,,Republican,Jimmy I. LEON,0,0,0,0,0
Jessamine,C104,U.S. Senate,,Republican,Jonathan M. HOLLIDAY,2,0,2,0,0
Jessamine,C104,U.S. Senate,,Republican,James D. DUNCAN,1,0,1,0,0
Jessamine,C104,U.S. Senate,,Republican,Other Donald WENZEL,0,0,0,0,0
Jessamine,C104,U.S. Senate,,Republican,George WASHINGTON,1,0,1,0,0
Jessamine,C104,U.S. Senate,,Republican,Michael James FARIS,5,0,5,0,0
Jessamine,C104,U.S. Senate,,Republican,Andy BARR,121,12,105,3,1
Jessamine,C104,U.S. Senate,,Republican,"Valerie ""Dr Val"" FREDRICK",2,0,2,0,0
Jessamine,C104,U.S. Senate,,,Under Votes,11,1,10,0,0
Jessamine,C104,U.S. Senate,,,Over Votes,0,0,0,0,0
Jessamine,C104,Ballots Cast,,,,358,,,,
Jessamine,C104,U.S. House,6,Republican,Gregory George PLUCINSKI,39,3,36,0,0
Jessamine,C104,U.S. House,6,Republican,Adam Perez ARQUETTE,3,0,3,0,0
Jessamine,C104,U.S. House,6,Republican,Ralph ALVARADO,82,9,71,2,0
Jessamine,C104,U.S. House,6,Republican,Steve SHANNON,10,0,8,1,1
Jessamine,C104,U.S. House,6,Republican,Ryan DOTSON,46,3,43,0,0
Jessamine,C104,U.S. House,6,,Under Votes,30,1,29,0,0
Jessamine,C104,U.S. House,6,,Over Votes,0,0,0,0,0
Jessamine,C104,County Judge/Executive,,,April Rose PRATHER,76,6,69,0,1
Jessamine,C104,County Judge/Executive,,,David K. WEST,106,9,94,3,0
Jessamine,C104,County Judge/Executive,,,Under Votes,9,0,9,0,0
Jessamine,C104,County Judge/Executive,,,Over Votes,1,0,1,0,0
Jessamine,C104,County Clerk,,,Johnny M. COLLIER,103,8,92,3,0
Jessamine,C104,County Clerk,,,Erik COBB,80,7,72,0,1
Jessamine,C104,County Clerk,,,Under Votes,9,0,9,0,0
Jessamine,C104,County Clerk,,,Over Votes,0,0,0,0,0
Jessamine,C104,Jailer,,,Jon R. SALLEE,137,9,124,3,1
Jessamine,C104,Jailer,,,Jesse DEVIN,41,5,36,0,0
Jessamine,C104,Jailer,,,Under Votes,14,1,13,0,0
Jessamine,C104,Jailer,,,Over Votes,0,0,0,0,0
Jessamine,C104,Coroner,,,Jay Allen WEBB,62,5,54,2,1
Jessamine,C104,Coroner,,,Susanna MOBERLY,35,2,33,0,0
Jessamine,C104,Coroner,,,Cassie ROBINSON,79,8,70,1,0
Jessamine,C104,Coroner,,,Under Votes,16,0,16,0,0
Jessamine,C104,Coroner,,,Over Votes,0,0,0,0,0
Jessamine,C104,Magistrate,,,Adam TEATER,90,10,78,2,0
Jessamine,C104,Magistrate,,,Ryan COOK,79,5,72,1,1
Jessamine,C104,Magistrate,,,Under Votes,22,0,22,0,0
Jessamine,C104,Magistrate,,,Over Votes,1,0,1,0,0
Jessamine,C104,Constable,,,Rachel HAMM,74,9,64,1,0
Jessamine,C104,Constable,,,Todd EVANS,85,4,78,2,1
Jessamine,C104,Constable,,,Under Votes,33,2,31,0,0
Jessamine,C104,Constable,,,Over Votes,0,0,0,0,0
Jessamine,C104,U.S. Senate,,Democratic,Pamela STEVENSON,11,1,10,0,0
Jessamine,C104,U.S. Senate,,Democratic,Vincent Anthony THOMPSON,1,0,1,0,0
Jessamine,C104,U.S. Senate,,Democratic,Joshua BLANTON SR.,2,0,2,0,0
Jessamine,C104,U.S. Senate,,Democratic,Charles BOOKER,75,11,64,0,0
Jessamine,C104,U.S. Senate,,Democratic,Amy McGRATH,49,4,39,5,1
Jessamine,C104,U.S. Senate,,Democratic,Logan FORSYTHE,2,0,2,0,0
Jessamine,C104,U.S. Senate,,Democratic,Dale Lewis ROMANS,5,0,5,0,0
Jessamine,C104,U.S. House,6,Democratic,Harvey CARROLL JR.,3,1,2,0,0
Jessamine,C104,U.S. House,6,Democratic,David KLOIBER,8,0,8,0,0
Jessamine,C104,U.S. House,6,Democratic,Erin PETREY,27,5,22,0,0
Jessamine,C104,U.S. House,6,Democratic,Cherlynn STEVENSON,24,2,21,0,1
Jessamine,C104,U.S. House,6,Democratic,Jimmy Clifton AUSBROOKS,3,0,3,0,0
Jessamine,C104,U.S. House,6,Democratic,Corey EDWARDS,11,0,9,2,0
Jessamine,C104,U.S. House,6,Democratic,Zach DEMBO,59,8,48,3,0
Jessamine,C104,City Commissioners City of Nicholasville,,,Leslie CLEM,61,2,57,1,1
Jessamine,C104,City Commissioners City of Nicholasville,,,Thomas W. MILLER,42,2,38,2,0
Jessamine,C104,City Commissioners City of Nicholasville,,,Lynn East RANSDELL,63,5,54,3,1
Jessamine,C104,City Commissioners City of Nicholasville,,,Betty BLACK,71,10,59,2,0
Jessamine,C104,City Commissioners City of Nicholasville,,,Caitlin LAMB,89,5,81,2,1
Jessamine,C104,City Commissioners City of Nicholasville,,,"Charles ""Dexter"" KNIGHT",107,7,97,2,1
Jessamine,C104,City Commissioners City of Nicholasville,,,Peter SUTHERLAND,95,7,85,3,0
Jessamine,C104,City Commissioners City of Nicholasville,,,Patty Grose TEATER,97,8,89,0,0
Jessamine,C104,City Commissioners City of Nicholasville,,,April WHITAKER,122,11,107,3,1
Jessamine,C104,City Commissioners City of Nicholasville,,,Bethany Davis BROWN,101,12,87,1,1
Jessamine,C104,City Commissioners City of Nicholasville,,,Johnny TEMPLIN,117,10,103,4,0
Jessamine,C104,City Commissioners City of Nicholasville,,,Blake WHEELER,78,5,69,3,1
Jessamine,C104,City Commissioners City of Nicholasville,,,Under Votes,385,44,334,6,1
Jessamine,C104,City Commissioners City of Nicholasville,,,Over Votes,1,0,1,0,0
Jessamine,C105,U.S. Senate,,Republican,A. Nick SHELLEY,1,0,1,0,0
Jessamine,C105,U.S. Senate,,Republican,Anissa CATLETT,3,0,3,0,0
Jessamine,C105,U.S. Senate,,Republican,Daniel CAMERON,55,13,42,0,0
Jessamine,C105,U.S. Senate,,Republican,Jimmy I. LEON,1,0,1,0,0
Jessamine,C105,U.S. Senate,,Republican,Jonathan M. HOLLIDAY,0,0,0,0,0
Jessamine,C105,U.S. Senate,,Republican,James D. DUNCAN,6,0,6,0,0
Jessamine,C105,U.S. Senate,,Republican,Other Donald WENZEL,1,0,1,0,0
Jessamine,C105,U.S. Senate,,Republican,George WASHINGTON,2,0,2,0,0
Jessamine,C105,U.S. Senate,,Republican,Michael James FARIS,1,0,1,0,0
Jessamine,C105,U.S. Senate,,Republican,Andy BARR,186,23,156,6,1
Jessamine,C105,U.S. Senate,,Republican,"Valerie ""Dr Val"" FREDRICK",3,0,3,0,0
Jessamine,C105,U.S. Senate,,,Under Votes,13,2,9,2,0
Jessamine,C105,U.S. Senate,,,Over Votes,0,0,0,0,0
Jessamine,C105,Ballots Cast,,,,448,,,,
Jessamine,C105,U.S. House,6,Republican,Gregory George PLUCINSKI,63,9,52,2,0
Jessamine,C105,U.S. House,6,Republican,Adam Perez ARQUETTE,8,0,8,0,0
Jessamine,C105,U.S. House,6,Republican,Ralph ALVARADO,111,16,90,5,0
Jessamine,C105,U.S. House,6,Republican,Steve SHANNON,11,0,11,0,0
Jessamine,C105,U.S. House,6,Republican,Ryan DOTSON,49,9,40,0,0
Jessamine,C105,U.S. House,6,,Under Votes,35,6,27,1,1
Jessamine,C105,U.S. House,6,,Over Votes,1,0,1,0,0
Jessamine,C105,County Judge/Executive,,,April Rose PRATHER,78,7,68,3,0
Jessamine,C105,County Judge/Executive,,,David K. WEST,169,29,136,4,0
Jessamine,C105,County Judge/Executive,,,Under Votes,22,3,17,1,1
Jessamine,C105,County Judge/Executive,,,Over Votes,0,0,0,0,0
Jessamine,C105,County Clerk,,,Johnny M. COLLIER,177,32,139,5,1
Jessamine,C105,County Clerk,,,Erik COBB,83,6,75,2,0
Jessamine,C105,County Clerk,,,Under Votes,9,1,7,1,0
Jessamine,C105,County Clerk,,,Over Votes,0,0,0,0,0
Jessamine,C105,Jailer,,,Jon R. SALLEE,210,31,173,6,0
Jessamine,C105,Jailer,,,Jesse DEVIN,39,7,32,0,0
Jessamine,C105,Jailer,,,Under Votes,20,1,16,2,1
Jessamine,C105,Jailer,,,Over Votes,0,0,0,0,0
Jessamine,C105,Coroner,,,Jay Allen WEBB,77,13,60,4,0
Jessamine,C105,Coroner,,,Susanna MOBERLY,68,9,58,1,0
Jessamine,C105,Coroner,,,Cassie ROBINSON,95,15,78,2,0
Jessamine,C105,Coroner,,,Under Votes,28,2,24,1,1
Jessamine,C105,Coroner,,,Over Votes,1,0,1,0,0
Jessamine,C105,Magistrate,,,Adam TEATER,182,28,149,5,0
Jessamine,C105,Magistrate,,,Ryan COOK,71,10,59,2,0
Jessamine,C105,Magistrate,,,Under Votes,16,1,13,1,1
Jessamine,C105,Magistrate,,,Over Votes,0,0,0,0,0
Jessamine,C105,Constable,,,Rachel HAMM,98,13,81,4,0
Jessamine,C105,Constable,,,Todd EVANS,117,22,94,1,0
Jessamine,C105,Constable,,,Under Votes,53,4,45,3,1
Jessamine,C105,Constable,,,Over Votes,1,0,1,0,0
Jessamine,C105,U.S. Senate,,Democratic,Pamela STEVENSON,17,5,12,0,0
Jessamine,C105,U.S. Senate,,Democratic,Vincent Anthony THOMPSON,1,0,0,1,0
Jessamine,C105,U.S. Senate,,Democratic,Joshua BLANTON SR.,2,1,1,0,0
Jessamine,C105,U.S. Senate,,Democratic,Charles BOOKER,69,8,60,0,1
Jessamine,C105,U.S. Senate,,Democratic,Amy McGRATH,55,6,44,5,0
Jessamine,C105,U.S. Senate,,Democratic,Logan FORSYTHE,4,0,4,0,0
Jessamine,C105,U.S. Senate,,Democratic,Dale Lewis ROMANS,5,2,3,0,0
Jessamine,C105,U.S. House,6,Democratic,Harvey CARROLL JR.,2,1,1,0,0
Jessamine,C105,U.S. House,6,Democratic,David KLOIBER,4,2,2,0,0
Jessamine,C105,U.S. House,6,Democratic,Erin PETREY,25,5,19,1,0
Jessamine,C105,U.S. House,6,Democratic,Cherlynn STEVENSON,59,6,52,0,1
Jessamine,C105,U.S. House,6,Democratic,Jimmy Clifton AUSBROOKS,2,0,1,1,0
Jessamine,C105,U.S. House,6,Democratic,Corey EDWARDS,5,0,4,1,0
Jessamine,C105,U.S. House,6,Democratic,Zach DEMBO,54,7,44,3,0
Jessamine,C105,City Commissioners City of Nicholasville,,,Leslie CLEM,86,8,76,2,0
Jessamine,C105,City Commissioners City of Nicholasville,,,Thomas W. MILLER,44,5,36,3,0
Jessamine,C105,City Commissioners City of Nicholasville,,,Lynn East RANSDELL,69,12,55,2,0
Jessamine,C105,City Commissioners City of Nicholasville,,,Betty BLACK,112,18,88,5,1
Jessamine,C105,City Commissioners City of Nicholasville,,,Caitlin LAMB,92,13,78,1,0
Jessamine,C105,City Commissioners City of Nicholasville,,,"Charles ""Dexter"" KNIGHT",143,25,113,5,0
Jessamine,C105,City Commissioners City of Nicholasville,,,Peter SUTHERLAND,135,21,104,9,1
Jessamine,C105,City Commissioners City of Nicholasville,,,Patty Grose TEATER,159,23,132,4,0
Jessamine,C105,City Commissioners City of Nicholasville,,,April WHITAKER,100,15,82,3,0
Jessamine,C105,City Commissioners City of Nicholasville,,,Bethany Davis BROWN,160,16,138,5,1
Jessamine,C105,City Commissioners City of Nicholasville,,,Johnny TEMPLIN,125,26,96,2,1
Jessamine,C105,City Commissioners City of Nicholasville,,,Blake WHEELER,105,5,96,4,0
Jessamine,C105,City Commissioners City of Nicholasville,,,Under Votes,446,57,370,15,4
Jessamine,C105,City Commissioners City of Nicholasville,,,Over Votes,4,0,4,0,0
Jessamine,D102,U.S. Senate,,Republican,A. Nick SHELLEY,1,0,1,0,0
Jessamine,D102,U.S. Senate,,Republican,Anissa CATLETT,3,0,1,2,0
Jessamine,D102,U.S. Senate,,Republican,Daniel CAMERON,25,7,17,0,1
Jessamine,D102,U.S. Senate,,Republican,Jimmy I. LEON,1,0,1,0,0
Jessamine,D102,U.S. Senate,,Republican,Jonathan M. HOLLIDAY,0,0,0,0,0
Jessamine,D102,U.S. Senate,,Republican,James D. DUNCAN,0,0,0,0,0
Jessamine,D102,U.S. Senate,,Republican,Other Donald WENZEL,0,0,0,0,0
Jessamine,D102,U.S. Senate,,Republican,George WASHINGTON,1,0,1,0,0
Jessamine,D102,U.S. Senate,,Republican,Michael James FARIS,2,0,2,0,0
Jessamine,D102,U.S. Senate,,Republican,Andy BARR,81,11,66,3,1
Jessamine,D102,U.S. Senate,,Republican,"Valerie ""Dr Val"" FREDRICK",4,0,4,0,0
Jessamine,D102,U.S. Senate,,,Under Votes,8,0,7,1,0
Jessamine,D102,U.S. Senate,,,Over Votes,0,0,0,0,0
Jessamine,D102,Ballots Cast,,,,232,,,,
Jessamine,D102,U.S. House,6,Republican,Gregory George PLUCINSKI,31,5,23,2,1
Jessamine,D102,U.S. House,6,Republican,Adam Perez ARQUETTE,1,0,0,1,0
Jessamine,D102,U.S. House,6,Republican,Ralph ALVARADO,51,9,41,0,1
Jessamine,D102,U.S. House,6,Republican,Steve SHANNON,7,0,5,2,0
Jessamine,D102,U.S. House,6,Republican,Ryan DOTSON,19,2,17,0,0
Jessamine,D102,U.S. House,6,,Under Votes,16,2,13,1,0
Jessamine,D102,U.S. House,6,,Over Votes,0,0,0,0,0
Jessamine,D102,County Judge/Executive,,,April Rose PRATHER,37,3,29,3,2
Jessamine,D102,County Judge/Executive,,,David K. WEST,76,14,59,3,0
Jessamine,D102,County Judge/Executive,,,Under Votes,9,1,8,0,0
Jessamine,D102,County Judge/Executive,,,Over Votes,0,0,0,0,0
Jessamine,D102,County Clerk,,,Johnny M. COLLIER,71,12,53,4,2
Jessamine,D102,County Clerk,,,Erik COBB,45,5,38,2,0
Jessamine,D102,County Clerk,,,Under Votes,6,1,5,0,0
Jessamine,D102,County Clerk,,,Over Votes,0,0,0,0,0
Jessamine,D102,Jailer,,,Jon R. SALLEE,88,14,67,5,2
Jessamine,D102,Jailer,,,Jesse DEVIN,19,2,16,1,0
Jessamine,D102,Jailer,,,Under Votes,15,2,13,0,0
Jessamine,D102,Jailer,,,Over Votes,0,0,0,0,0
Jessamine,D102,Coroner,,,Jay Allen WEBB,49,7,38,3,1
Jessamine,D102,Coroner,,,Susanna MOBERLY,23,4,18,1,0
Jessamine,D102,Coroner,,,Cassie ROBINSON,34,5,26,2,1
Jessamine,D102,Coroner,,,Under Votes,16,2,14,0,0
Jessamine,D102,Coroner,,,Over Votes,0,0,0,0,0
Jessamine,D102,Magistrate,,,Ben D. RIFFELL,16,5,11,0,0
Jessamine,D102,Magistrate,,,Pamela T. HUBBARD,17,2,12,2,1
Jessamine,D102,Magistrate,,,Daryl STEVENS,8,0,8,0,0
Jessamine,D102,Magistrate,,,Tim VAUGHAN,68,10,53,4,1
Jessamine,D102,Magistrate,,,Under Votes,13,1,12,0,0
Jessamine,D102,Magistrate,,,Over Votes,0,0,0,0,0
Jessamine,D102,U.S. Senate,,Democratic,Pamela STEVENSON,12,6,6,0,0
Jessamine,D102,U.S. Senate,,Democratic,Vincent Anthony THOMPSON,0,0,0,0,0
Jessamine,D102,U.S. Senate,,Democratic,Joshua BLANTON SR.,1,0,1,0,0
Jessamine,D102,U.S. Senate,,Democratic,Charles BOOKER,45,2,41,2,0
Jessamine,D102,U.S. Senate,,Democratic,Amy McGRATH,31,5,22,4,0
Jessamine,D102,U.S. Senate,,Democratic,Logan FORSYTHE,5,0,5,0,0
Jessamine,D102,U.S. Senate,,Democratic,Dale Lewis ROMANS,5,0,4,0,1
Jessamine,D102,U.S. House,6,Democratic,Harvey CARROLL JR.,4,0,4,0,0
Jessamine,D102,U.S. House,6,Democratic,David KLOIBER,9,1,8,0,0
Jessamine,D102,U.S. House,6,Democratic,Erin PETREY,14,2,11,1,0
Jessamine,D102,U.S. House,6,Democratic,Cherlynn STEVENSON,23,4,18,1,0
Jessamine,D102,U.S. House,6,Democratic,Jimmy Clifton AUSBROOKS,0,0,0,0,0
Jessamine,D102,U.S. House,6,Democratic,Corey EDWARDS,10,0,8,2,0
Jessamine,D102,U.S. House,6,Democratic,Zach DEMBO,41,6,32,2,1
Jessamine,D102,City Commissioners City of Nicholasville,,,Leslie CLEM,31,7,22,2,0
Jessamine,D102,City Commissioners City of Nicholasville,,,Thomas W. MILLER,13,3,10,0,0
Jessamine,D102,City Commissioners City of Nicholasville,,,Lynn East RANSDELL,24,4,20,0,0
Jessamine,D102,City Commissioners City of Nicholasville,,,Betty BLACK,44,4,33,7,0
Jessamine,D102,City Commissioners City of Nicholasville,,,Caitlin LAMB,35,4,29,2,0
Jessamine,D102,City Commissioners City of Nicholasville,,,"Charles ""Dexter"" KNIGHT",34,8,22,4,0
Jessamine,D102,City Commissioners City of Nicholasville,,,Peter SUTHERLAND,39,7,26,6,0
Jessamine,D102,City Commissioners City of Nicholasville,,,Patty Grose TEATER,30,6,23,1,0
Jessamine,D102,City Commissioners City of Nicholasville,,,April WHITAKER,38,8,24,6,0
Jessamine,D102,City Commissioners City of Nicholasville,,,Bethany Davis BROWN,42,4,36,2,0
Jessamine,D102,City Commissioners City of Nicholasville,,,Johnny TEMPLIN,37,4,27,6,0
Jessamine,D102,City Commissioners City of Nicholasville,,,Blake WHEELER,13,2,11,0,0
Jessamine,D102,City Commissioners City of Nicholasville,,,Under Votes,168,11,153,4,0
Jessamine,D102,City Commissioners City of Nicholasville,,,Over Votes,0,0,0,0,0
Jessamine,D103,U.S. Senate,,Republican,A. Nick SHELLEY,0,0,0,0,0
Jessamine,D103,U.S. Senate,,Republican,Anissa CATLETT,2,0,2,0,0
Jessamine,D103,U.S. Senate,,Republican,Daniel CAMERON,52,4,47,0,1
Jessamine,D103,U.S. Senate,,Republican,Jimmy I. LEON,0,0,0,0,0
Jessamine,D103,U.S. Senate,,Republican,Jonathan M. HOLLIDAY,0,0,0,0,0
Jessamine,D103,U.S. Senate,,Republican,James D. DUNCAN,2,0,2,0,0
Jessamine,D103,U.S. Senate,,Republican,Other Donald WENZEL,0,0,0,0,0
Jessamine,D103,U.S. Senate,,Republican,George WASHINGTON,3,0,3,0,0
Jessamine,D103,U.S. Senate,,Republican,Michael James FARIS,3,0,3,0,0
Jessamine,D103,U.S. Senate,,Republican,Andy BARR,108,6,101,1,0
Jessamine,D103,U.S. Senate,,Republican,"Valerie ""Dr Val"" FREDRICK",1,0,1,0,0
Jessamine,D103,U.S. Senate,,,Under Votes,7,0,7,0,0
Jessamine,D103,U.S. Senate,,,Over Votes,0,0,0,0,0
Jessamine,D103,Ballots Cast,,,,261,,,,
Jessamine,D103,U.S. House,6,Republican,Gregory George PLUCINSKI,33,2,31,0,0
Jessamine,D103,U.S. House,6,Republican,Adam Perez ARQUETTE,1,0,1,0,0
Jessamine,D103,U.S. House,6,Republican,Ralph ALVARADO,79,4,72,1,2
Jessamine,D103,U.S. House,6,Republican,Steve SHANNON,8,0,8,0,0
Jessamine,D103,U.S. House,6,Republican,Ryan DOTSON,35,3,32,0,0
Jessamine,D103,U.S. House,6,,Under Votes,28,2,26,0,0
Jessamine,D103,U.S. House,6,,Over Votes,0,0,0,0,0
Jessamine,D103,County Judge/Executive,,,April Rose PRATHER,74,3,70,1,0
Jessamine,D103,County Judge/Executive,,,David K. WEST,98,7,89,0,2
Jessamine,D103,County Judge/Executive,,,Under Votes,7,1,6,0,0
Jessamine,D103,County Judge/Executive,,,Over Votes,0,0,0,0,0
Jessamine,D103,County Clerk,,,Johnny M. COLLIER,123,7,113,1,2
Jessamine,D103,County Clerk,,,Erik COBB,51,4,47,0,0
Jessamine,D103,County Clerk,,,Under Votes,4,0,4,0,0
Jessamine,D103,County Clerk,,,Over Votes,1,0,1,0,0
Jessamine,D103,Jailer,,,Jon R. SALLEE,135,7,126,0,2
Jessamine,D103,Jailer,,,Jesse DEVIN,31,3,27,1,0
Jessamine,D103,Jailer,,,Under Votes,13,1,12,0,0
Jessamine,D103,Jailer,,,Over Votes,0,0,0,0,0
Jessamine,D103,Coroner,,,Jay Allen WEBB,61,2,58,1,0
Jessamine,D103,Coroner,,,Susanna MOBERLY,55,3,52,0,0
Jessamine,D103,Coroner,,,Cassie ROBINSON,46,4,40,0,2
Jessamine,D103,Coroner,,,Under Votes,16,2,14,0,0
Jessamine,D103,Coroner,,,Over Votes,1,0,1,0,0
Jessamine,D103,Magistrate,,,Ben D. RIFFELL,76,4,71,1,0
Jessamine,D103,Magistrate,,,Pamela T. HUBBARD,37,4,33,0,0
Jessamine,D103,Magistrate,,,Daryl STEVENS,11,0,11,0,0
Jessamine,D103,Magistrate,,,Tim VAUGHAN,52,2,48,0,2
Jessamine,D103,Magistrate,,,Under Votes,3,1,2,0,0
Jessamine,D103,Magistrate,,,Over Votes,0,0,0,0,0
Jessamine,D103,U.S. Senate,,Democratic,Pamela STEVENSON,6,0,6,0,0
Jessamine,D103,U.S. Senate,,Democratic,Vincent Anthony THOMPSON,1,0,1,0,0
Jessamine,D103,U.S. Senate,,Democratic,Joshua BLANTON SR.,1,0,1,0,0
Jessamine,D103,U.S. Senate,,Democratic,Charles BOOKER,35,2,33,0,0
Jessamine,D103,U.S. Senate,,Democratic,Amy McGRATH,25,3,20,2,0
Jessamine,D103,U.S. Senate,,Democratic,Logan FORSYTHE,3,1,2,0,0
Jessamine,D103,U.S. Senate,,Democratic,Dale Lewis ROMANS,8,1,7,0,0
Jessamine,D103,U.S. House,6,Democratic,Harvey CARROLL JR.,5,0,5,0,0
Jessamine,D103,U.S. House,6,Democratic,David KLOIBER,7,0,7,0,0
Jessamine,D103,U.S. House,6,Democratic,Erin PETREY,18,2,14,2,0
Jessamine,D103,U.S. House,6,Democratic,Cherlynn STEVENSON,17,2,15,0,0
Jessamine,D103,U.S. House,6,Democratic,Jimmy Clifton AUSBROOKS,0,0,0,0,0
Jessamine,D103,U.S. House,6,Democratic,Corey EDWARDS,2,1,1,0,0
Jessamine,D103,U.S. House,6,Democratic,Zach DEMBO,28,2,26,0,0
Jessamine,D103,State Representative,55,Democratic,Katrina A. SEXTON,54,4,48,2,0
Jessamine,D103,State Representative,55,Democratic,Nathan SAUCEDO,17,2,15,0,0
Jessamine,D103,State Representative,55,,Under Votes,11,1,10,0,0
Jessamine,D103,State Representative,55,,Over Votes,0,0,0,0,0
Jessamine,D104,U.S. Senate,,Republican,A. Nick SHELLEY,4,0,3,1,0
Jessamine,D104,U.S. Senate,,Republican,Anissa CATLETT,2,1,1,0,0
Jessamine,D104,U.S. Senate,,Republican,Daniel CAMERON,75,11,60,3,1
Jessamine,D104,U.S. Senate,,Republican,Jimmy I. LEON,2,0,1,1,0
Jessamine,D104,U.S. Senate,,Republican,Jonathan M. HOLLIDAY,3,0,3,0,0
Jessamine,D104,U.S. Senate,,Republican,James D. DUNCAN,6,1,5,0,0
Jessamine,D104,U.S. Senate,,Republican,Other Donald WENZEL,1,0,1,0,0
Jessamine,D104,U.S. Senate,,Republican,George WASHINGTON,1,0,1,0,0
Jessamine,D104,U.S. Senate,,Republican,Michael James FARIS,2,1,1,0,0
Jessamine,D104,U.S. Senate,,Republican,Andy BARR,148,26,111,9,2
Jessamine,D104,U.S. Senate,,Republican,"Valerie ""Dr Val"" FREDRICK",0,0,0,0,0
Jessamine,D104,U.S. Senate,,,Under Votes,12,3,9,0,0
Jessamine,D104,U.S. Senate,,,Over Votes,0,0,0,0,0
Jessamine,D104,Ballots Cast,,,,360,,,,
Jessamine,D104,U.S. House,6,Republican,Gregory George PLUCINSKI,60,11,45,4,0
Jessamine,D104,U.S. House,6,Republican,Adam Perez ARQUETTE,5,0,4,1,0
Jessamine,D104,U.S. House,6,Republican,Ralph ALVARADO,100,21,71,5,3
Jessamine,D104,U.S. House,6,Republican,Steve SHANNON,12,5,6,1,0
Jessamine,D104,U.S. House,6,Republican,Ryan DOTSON,52,3,48,1,0
Jessamine,D104,U.S. House,6,,Under Votes,40,3,34,3,0
Jessamine,D104,U.S. House,6,,Over Votes,0,0,0,0,0
Jessamine,D104,State Representative,45,Republican,Killian TIMONEY,75,14,57,3,1
Jessamine,D104,State Representative,45,,Under Votes,69,14,52,3,0
Jessamine,D104,State Representative,45,,Over Votes,0,0,0,0,0
Jessamine,D104,County Judge/Executive,,,April Rose PRATHER,60,10,43,6,1
Jessamine,D104,County Judge/Executive,,,David K. WEST,177,27,140,8,2
Jessamine,D104,County Judge/Executive,,,Under Votes,22,5,16,1,0
Jessamine,D104,County Judge/Executive,,,Over Votes,0,0,0,0,0
Jessamine,D104,County Clerk,,,Johnny M. COLLIER,179,29,139,9,2
Jessamine,D104,County Clerk,,,Erik COBB,60,9,46,4,1
Jessamine,D104,County Clerk,,,Under Votes,20,4,14,2,0
Jessamine,D104,County Clerk,,,Over Votes,0,0,0,0,0
Jessamine,D104,Jailer,,,Jon R. SALLEE,197,33,155,7,2
Jessamine,D104,Jailer,,,Jesse DEVIN,33,4,23,5,1
Jessamine,D104,Jailer,,,Under Votes,29,5,21,3,0
Jessamine,D104,Jailer,,,Over Votes,0,0,0,0,0
Jessamine,D104,Coroner,,,Jay Allen WEBB,50,6,39,2,3
Jessamine,D104,Coroner,,,Susanna MOBERLY,79,10,62,7,0
Jessamine,D104,Coroner,,,Cassie ROBINSON,104,22,78,4,0
Jessamine,D104,Coroner,,,Under Votes,26,4,20,2,0
Jessamine,D104,Coroner,,,Over Votes,0,0,0,0,0
Jessamine,D104,Magistrate,,,Ben D. RIFFELL,101,15,83,3,0
Jessamine,D104,Magistrate,,,Pamela T. HUBBARD,13,1,11,1,0
Jessamine,D104,Magistrate,,,Daryl STEVENS,10,3,3,2,2
Jessamine,D104,Magistrate,,,Tim VAUGHAN,118,19,91,7,1
Jessamine,D104,Magistrate,,,Under Votes,17,4,11,2,0
Jessamine,D104,Magistrate,,,Over Votes,0,0,0,0,0
Jessamine,D104,U.S. Senate,,Democratic,Pamela STEVENSON,13,1,6,6,0
Jessamine,D104,U.S. Senate,,Democratic,Vincent Anthony THOMPSON,1,0,0,1,0
Jessamine,D104,U.S. Senate,,Democratic,Joshua BLANTON SR.,1,0,0,1,0
Jessamine,D104,U.S. Senate,,Democratic,Charles BOOKER,39,2,34,2,1
Jessamine,D104,U.S. Senate,,Democratic,Amy McGRATH,31,8,18,5,0
Jessamine,D104,U.S. Senate,,Democratic,Logan FORSYTHE,1,0,0,1,0
Jessamine,D104,U.S. Senate,,Democratic,Dale Lewis ROMANS,6,1,4,1,0
Jessamine,D104,U.S. House,6,Democratic,Harvey CARROLL JR.,3,0,2,1,0
Jessamine,D104,U.S. House,6,Democratic,David KLOIBER,5,0,2,3,0
Jessamine,D104,U.S. House,6,Democratic,Erin PETREY,24,4,15,5,0
Jessamine,D104,U.S. House,6,Democratic,Cherlynn STEVENSON,20,2,14,3,1
Jessamine,D104,U.S. House,6,Democratic,Jimmy Clifton AUSBROOKS,4,0,4,0,0
Jessamine,D104,U.S. House,6,Democratic,Corey EDWARDS,3,0,3,0,0
Jessamine,D104,U.S. House,6,Democratic,Zach DEMBO,28,6,17,5,0
Jessamine,D104,City Commissioners City of Nicholasville,,,Leslie CLEM,35,5,30,0,0
Jessamine,D104,City Commissioners City of Nicholasville,,,Thomas W. MILLER,15,3,12,0,0
Jessamine,D104,City Commissioners City of Nicholasville,,,Lynn East RANSDELL,42,8,34,0,0
Jessamine,D104,City Commissioners City of Nicholasville,,,Betty BLACK,30,6,24,0,0
Jessamine,D104,City Commissioners City of Nicholasville,,,Caitlin LAMB,23,4,19,0,0
Jessamine,D104,City Commissioners City of Nicholasville,,,"Charles ""Dexter"" KNIGHT",56,7,49,0,0
Jessamine,D104,City Commissioners City of Nicholasville,,,Peter SUTHERLAND,44,5,39,0,0
Jessamine,D104,City Commissioners City of Nicholasville,,,Patty Grose TEATER,35,6,29,0,0
Jessamine,D104,City Commissioners City of Nicholasville,,,April WHITAKER,24,9,15,0,0
Jessamine,D104,City Commissioners City of Nicholasville,,,Bethany Davis BROWN,59,10,49,0,0
Jessamine,D104,City Commissioners City of Nicholasville,,,Johnny TEMPLIN,44,6,38,0,0
Jessamine,D104,City Commissioners City of Nicholasville,,,Blake WHEELER,24,6,18,0,0
Jessamine,D104,City Commissioners City of Nicholasville,,,Under Votes,145,33,112,0,0
Jessamine,D104,City Commissioners City of Nicholasville,,,Over Votes,0,0,0,0,0
Jessamine,D105,U.S. Senate,,Republican,A. Nick SHELLEY,1,1,0,0,0
Jessamine,D105,U.S. Senate,,Republican,Anissa CATLETT,6,0,6,0,0
Jessamine,D105,U.S. Senate,,Republican,Daniel CAMERON,68,3,64,0,1
Jessamine,D105,U.S. Senate,,Republican,Jimmy I. LEON,1,0,1,0,0
Jessamine,D105,U.S. Senate,,Republican,Jonathan M. HOLLIDAY,4,1,3,0,0
Jessamine,D105,U.S. Senate,,Republican,James D. DUNCAN,8,4,3,1,0
Jessamine,D105,U.S. Senate,,Republican,Other Donald WENZEL,0,0,0,0,0
Jessamine,D105,U.S. Senate,,Republican,George WASHINGTON,4,1,3,0,0
Jessamine,D105,U.S. Senate,,Republican,Michael James FARIS,5,1,3,1,0
Jessamine,D105,U.S. Senate,,Republican,Andy BARR,135,23,107,4,1
Jessamine,D105,U.S. Senate,,Republican,"Valerie ""Dr Val"" FREDRICK",1,0,1,0,0
Jessamine,D105,U.S. Senate,,,Under Votes,9,2,7,0,0
Jessamine,D105,U.S. Senate,,,Over Votes,0,0,0,0,0
Jessamine,D105,Ballots Cast,,,,334,,,,
Jessamine,D105,U.S. House,6,Republican,Gregory George PLUCINSKI,57,11,44,2,0
Jessamine,D105,U.S. House,6,Republican,Adam Perez ARQUETTE,6,0,6,0,0
Jessamine,D105,U.S. House,6,Republican,Ralph ALVARADO,101,16,83,1,1
Jessamine,D105,U.S. House,6,Republican,Steve SHANNON,21,4,16,1,0
Jessamine,D105,U.S. House,6,Republican,Ryan DOTSON,37,5,29,2,1
Jessamine,D105,U.S. House,6,,Under Votes,34,3,31,0,0
Jessamine,D105,U.S. House,6,,Over Votes,0,0,0,0,0
Jessamine,D105,County Judge/Executive,,,April Rose PRATHER,58,9,46,2,1
Jessamine,D105,County Judge/Executive,,,David K. WEST,165,28,132,4,1
Jessamine,D105,County Judge/Executive,,,Under Votes,28,2,26,0,0
Jessamine,D105,County Judge/Executive,,,Over Votes,0,0,0,0,0
Jessamine,D105,County Clerk,,,Johnny M. COLLIER,170,28,136,5,1
Jessamine,D105,County Clerk,,,Erik COBB,53,9,42,1,1
Jessamine,D105,County Clerk,,,Under Votes,28,2,26,0,0
Jessamine,D105,County Clerk,,,Over Votes,0,0,0,0,0
Jessamine,D105,Jailer,,,Jon R. SALLEE,182,29,147,4,2
Jessamine,D105,Jailer,,,Jesse DEVIN,33,7,24,2,0
Jessamine,D105,Jailer,,,Under Votes,36,3,33,0,0
Jessamine,D105,Jailer,,,Over Votes,0,0,0,0,0
Jessamine,D105,Coroner,,,Jay Allen WEBB,49,6,43,0,0
Jessamine,D105,Coroner,,,Susanna MOBERLY,90,16,73,0,1
Jessamine,D105,Coroner,,,Cassie ROBINSON,72,13,53,5,1
Jessamine,D105,Coroner,,,Under Votes,40,4,35,1,0
Jessamine,D105,Coroner,,,Over Votes,0,0,0,0,0
Jessamine,D105,Magistrate,,,Ben D. RIFFELL,107,23,79,3,2
Jessamine,D105,Magistrate,,,Pamela T. HUBBARD,11,0,11,0,0
Jessamine,D105,Magistrate,,,Daryl STEVENS,9,0,9,0,0
Jessamine,D105,Magistrate,,,Tim VAUGHAN,116,15,98,3,0
Jessamine,D105,Magistrate,,,Under Votes,8,1,7,0,0
Jessamine,D105,Magistrate,,,Over Votes,0,0,0,0,0
Jessamine,D105,U.S. Senate,,Democratic,Pamela STEVENSON,5,0,5,0,0
Jessamine,D105,U.S. Senate,,Democratic,Vincent Anthony THOMPSON,0,0,0,0,0
Jessamine,D105,U.S. Senate,,Democratic,Joshua BLANTON SR.,1,0,1,0,0
Jessamine,D105,U.S. Senate,,Democratic,Charles BOOKER,35,5,30,0,0
Jessamine,D105,U.S. Senate,,Democratic,Amy McGRATH,36,12,22,1,1
Jessamine,D105,U.S. Senate,,Democratic,Logan FORSYTHE,3,1,2,0,0
Jessamine,D105,U.S. Senate,,Democratic,Dale Lewis ROMANS,1,0,1,0,0
Jessamine,D105,U.S. House,6,Democratic,Harvey CARROLL JR.,3,2,0,0,1
Jessamine,D105,U.S. House,6,Democratic,David KLOIBER,2,0,2,0,0
Jessamine,D105,U.S. House,6,Democratic,Erin PETREY,24,4,20,0,0
Jessamine,D105,U.S. House,6,Democratic,Cherlynn STEVENSON,15,3,11,1,0
Jessamine,D105,U.S. House,6,Democratic,Jimmy Clifton AUSBROOKS,1,0,1,0,0
Jessamine,D105,U.S. House,6,Democratic,Corey EDWARDS,3,0,3,0,0
Jessamine,D105,U.S. House,6,Democratic,Zach DEMBO,30,9,21,0,0
Jessamine,D106,U.S. Senate,,Republican,A. Nick SHELLEY,2,1,1,0,0
Jessamine,D106,U.S. Senate,,Republican,Anissa CATLETT,1,0,1,0,0
Jessamine,D106,U.S. Senate,,Republican,Daniel CAMERON,49,6,42,1,0
Jessamine,D106,U.S. Senate,,Republican,Jimmy I. LEON,2,0,2,0,0
Jessamine,D106,U.S. Senate,,Republican,Jonathan M. HOLLIDAY,2,0,2,0,0
Jessamine,D106,U.S. Senate,,Republican,James D. DUNCAN,5,0,5,0,0
Jessamine,D106,U.S. Senate,,Republican,Other Donald WENZEL,0,0,0,0,0
Jessamine,D106,U.S. Senate,,Republican,George WASHINGTON,2,0,2,0,0
Jessamine,D106,U.S. Senate,,Republican,Michael James FARIS,1,0,1,0,0
Jessamine,D106,U.S. Senate,,Republican,Andy BARR,103,1,99,3,0
Jessamine,D106,U.S. Senate,,Republican,"Valerie ""Dr Val"" FREDRICK",1,0,1,0,0
Jessamine,D106,U.S. Senate,,,Under Votes,3,1,2,0,0
Jessamine,D106,U.S. Senate,,,Over Votes,0,0,0,0,0
Jessamine,D106,Ballots Cast,,,,224,,,,
Jessamine,D106,U.S. House,6,Republican,Gregory George PLUCINSKI,34,5,29,0,0
Jessamine,D106,U.S. House,6,Republican,Adam Perez ARQUETTE,3,0,3,0,0
Jessamine,D106,U.S. House,6,Republican,Ralph ALVARADO,68,2,64,2,0
Jessamine,D106,U.S. House,6,Republican,Steve SHANNON,16,2,13,1,0
Jessamine,D106,U.S. House,6,Republican,Ryan DOTSON,34,0,33,1,0
Jessamine,D106,U.S. House,6,,Under Votes,24,1,23,0,0
Jessamine,D106,U.S. House,6,,Over Votes,0,0,0,0,0
Jessamine,D106,County Judge/Executive,,,April Rose PRATHER,43,2,40,1,0
Jessamine,D106,County Judge/Executive,,,David K. WEST,117,5,109,3,0
Jessamine,D106,County Judge/Executive,,,Under Votes,16,3,13,0,0
Jessamine,D106,County Judge/Executive,,,Over Votes,0,0,0,0,0
Jessamine,D106,County Clerk,,,Johnny M. COLLIER,109,7,99,3,0
Jessamine,D106,County Clerk,,,Erik COBB,58,2,55,1,0
Jessamine,D106,County Clerk,,,Under Votes,9,1,8,0,0
Jessamine,D106,County Clerk,,,Over Votes,0,0,0,0,0
Jessamine,D106,Jailer,,,Jon R. SALLEE,129,7,119,3,0
Jessamine,D106,Jailer,,,Jesse DEVIN,23,0,22,1,0
Jessamine,D106,Jailer,,,Under Votes,24,3,21,0,0
Jessamine,D106,Jailer,,,Over Votes,0,0,0,0,0
Jessamine,D106,Coroner,,,Jay Allen WEBB,39,2,37,0,0
Jessamine,D106,Coroner,,,Susanna MOBERLY,46,0,45,1,0
Jessamine,D106,Coroner,,,Cassie ROBINSON,72,6,63,3,0
Jessamine,D106,Coroner,,,Under Votes,19,2,17,0,0
Jessamine,D106,Coroner,,,Over Votes,0,0,0,0,0
Jessamine,D106,Magistrate,,,Ben D. RIFFELL,79,4,74,1,0
Jessamine,D106,Magistrate,,,Pamela T. HUBBARD,0,0,0,0,0
Jessamine,D106,Magistrate,,,Daryl STEVENS,5,0,5,0,0
Jessamine,D106,Magistrate,,,Tim VAUGHAN,86,5,78,3,0
Jessamine,D106,Magistrate,,,Under Votes,6,1,5,0,0
Jessamine,D106,Magistrate,,,Over Votes,0,0,0,0,0
Jessamine,D106,U.S. Senate,,Democratic,Pamela STEVENSON,4,0,4,0,0
Jessamine,D106,U.S. Senate,,Democratic,Vincent Anthony THOMPSON,1,0,1,0,0
Jessamine,D106,U.S. Senate,,Democratic,Joshua BLANTON SR.,0,0,0,0,0
Jessamine,D106,U.S. Senate,,Democratic,Charles BOOKER,27,3,23,1,0
Jessamine,D106,U.S. Senate,,Democratic,Amy McGRATH,9,1,8,0,0
Jessamine,D106,U.S. Senate,,Democratic,Logan FORSYTHE,2,0,2,0,0
Jessamine,D106,U.S. Senate,,Democratic,Dale Lewis ROMANS,4,0,4,0,0
Jessamine,D106,U.S. House,6,Democratic,Harvey CARROLL JR.,0,0,0,0,0
Jessamine,D106,U.S. House,6,Democratic,David KLOIBER,1,0,1,0,0
Jessamine,D106,U.S. House,6,Democratic,Erin PETREY,12,0,11,1,0
Jessamine,D106,U.S. House,6,Democratic,Cherlynn STEVENSON,12,2,10,0,0
Jessamine,D106,U.S. House,6,Democratic,Jimmy Clifton AUSBROOKS,2,0,2,0,0
Jessamine,D106,U.S. House,6,Democratic,Corey EDWARDS,3,0,3,0,0
Jessamine,D106,U.S. House,6,Democratic,Zach DEMBO,15,2,13,0,0
Jessamine,D107,U.S. Senate,,Republican,A. Nick SHELLEY,0,0,0,0,0
Jessamine,D107,U.S. Senate,,Republican,Anissa CATLETT,0,0,0,0,0
Jessamine,D107,U.S. Senate,,Republican,Daniel CAMERON,23,5,18,0,0
Jessamine,D107,U.S. Senate,,Republican,Jimmy I. LEON,0,0,0,0,0
Jessamine,D107,U.S. Senate,,Republican,Jonathan M. HOLLIDAY,0,0,0,0,0
Jessamine,D107,U.S. Senate,,Republican,James D. DUNCAN,0,0,0,0,0
Jessamine,D107,U.S. Senate,,Republican,Other Donald WENZEL,1,0,1,0,0
Jessamine,D107,U.S. Senate,,Republican,George WASHINGTON,0,0,0,0,0
Jessamine,D107,U.S. Senate,,Republican,Michael James FARIS,0,0,0,0,0
Jessamine,D107,U.S. Senate,,Republican,Andy BARR,52,13,39,0,0
Jessamine,D107,U.S. Senate,,Republican,"Valerie ""Dr Val"" FREDRICK",1,0,1,0,0
Jessamine,D107,U.S. Senate,,,Under Votes,1,0,1,0,0
Jessamine,D107,U.S. Senate,,,Over Votes,0,0,0,0,0
Jessamine,D107,Ballots Cast,,,,113,,,,
Jessamine,D107,U.S. House,6,Republican,Gregory George PLUCINSKI,18,6,12,0,0
Jessamine,D107,U.S. House,6,Republican,Adam Perez ARQUETTE,1,0,1,0,0
Jessamine,D107,U.S. House,6,Republican,Ralph ALVARADO,26,6,20,0,0
Jessamine,D107,U.S. House,6,Republican,Steve SHANNON,4,1,3,0,0
Jessamine,D107,U.S. House,6,Republican,Ryan DOTSON,22,3,19,0,0
Jessamine,D107,U.S. House,6,,Under Votes,10,2,8,0,0
Jessamine,D107,U.S. House,6,,Over Votes,0,0,0,0,0
Jessamine,D107,County Judge/Executive,,,April Rose PRATHER,22,7,15,0,0
Jessamine,D107,County Judge/Executive,,,David K. WEST,55,11,44,0,0
Jessamine,D107,County Judge/Executive,,,Under Votes,3,0,3,0,0
Jessamine,D107,County Judge/Executive,,,Over Votes,0,0,0,0,0
Jessamine,D107,County Clerk,,,Johnny M. COLLIER,60,17,43,0,0
Jessamine,D107,County Clerk,,,Erik COBB,13,1,12,0,0
Jessamine,D107,County Clerk,,,Under Votes,7,0,7,0,0
Jessamine,D107,County Clerk,,,Over Votes,0,0,0,0,0
Jessamine,D107,Jailer,,,Jon R. SALLEE,65,16,49,0,0
Jessamine,D107,Jailer,,,Jesse DEVIN,8,2,6,0,0
Jessamine,D107,Jailer,,,Under Votes,7,0,7,0,0
Jessamine,D107,Jailer,,,Over Votes,0,0,0,0,0
Jessamine,D107,Coroner,,,Jay Allen WEBB,20,6,14,0,0
Jessamine,D107,Coroner,,,Susanna MOBERLY,38,11,27,0,0
Jessamine,D107,Coroner,,,Cassie ROBINSON,13,1,12,0,0
Jessamine,D107,Coroner,,,Under Votes,9,0,9,0,0
Jessamine,D107,Coroner,,,Over Votes,0,0,0,0,0
Jessamine,D107,Magistrate,,,Ben D. RIFFELL,41,10,31,0,0
Jessamine,D107,Magistrate,,,Pamela T. HUBBARD,2,0,2,0,0
Jessamine,D107,Magistrate,,,Daryl STEVENS,1,0,1,0,0
Jessamine,D107,Magistrate,,,Tim VAUGHAN,35,8,27,0,0
Jessamine,D107,Magistrate,,,Under Votes,1,0,1,0,0
Jessamine,D107,Magistrate,,,Over Votes,0,0,0,0,0
Jessamine,D107,U.S. Senate,,Democratic,Pamela STEVENSON,5,1,4,0,0
Jessamine,D107,U.S. Senate,,Democratic,Vincent Anthony THOMPSON,1,0,1,0,0
Jessamine,D107,U.S. Senate,,Democratic,Joshua BLANTON SR.,0,0,0,0,0
Jessamine,D107,U.S. Senate,,Democratic,Charles BOOKER,8,1,7,0,0
Jessamine,D107,U.S. Senate,,Democratic,Amy McGRATH,14,0,13,1,0
Jessamine,D107,U.S. Senate,,Democratic,Logan FORSYTHE,1,0,1,0,0
Jessamine,D107,U.S. Senate,,Democratic,Dale Lewis ROMANS,3,1,2,0,0
Jessamine,D107,U.S. House,6,Democratic,Harvey CARROLL JR.,1,0,1,0,0
Jessamine,D107,U.S. House,6,Democratic,David KLOIBER,2,1,1,0,0
Jessamine,D107,U.S. House,6,Democratic,Erin PETREY,4,1,3,0,0
Jessamine,D107,U.S. House,6,Democratic,Cherlynn STEVENSON,7,0,7,0,0
Jessamine,D107,U.S. House,6,Democratic,Jimmy Clifton AUSBROOKS,1,0,1,0,0
Jessamine,D107,U.S. House,6,Democratic,Corey EDWARDS,2,1,1,0,0
Jessamine,D107,U.S. House,6,Democratic,Zach DEMBO,15,0,14,1,0
Jessamine,D107,State Representative,55,Democratic,Katrina A. SEXTON,22,2,20,0,0
Jessamine,D107,State Representative,55,Democratic,Nathan SAUCEDO,10,1,8,1,0
Jessamine,D107,State Representative,55,,Under Votes,1,0,1,0,0
Jessamine,D107,State Representative,55,,Over Votes,0,0,0,0,0
Jessamine,E101,U.S. Senate,,Republican,A. Nick SHELLEY,0,0,0,0,0
Jessamine,E101,U.S. Senate,,Republican,Anissa CATLETT,0,0,0,0,0
Jessamine,E101,U.S. Senate,,Republican,Daniel CAMERON,19,4,13,0,2
Jessamine,E101,U.S. Senate,,Republican,Jimmy I. LEON,0,0,0,0,0
Jessamine,E101,U.S. Senate,,Republican,Jonathan M. HOLLIDAY,1,0,1,0,0
Jessamine,E101,U.S. Senate,,Republican,James D. DUNCAN,0,0,0,0,0
Jessamine,E101,U.S. Senate,,Republican,Other Donald WENZEL,0,0,0,0,0
Jessamine,E101,U.S. Senate,,Republican,George WASHINGTON,1,1,0,0,0
Jessamine,E101,U.S. Senate,,Republican,Michael James FARIS,3,0,3,0,0
Jessamine,E101,U.S. Senate,,Republican,Andy BARR,58,3,55,0,0
Jessamine,E101,U.S. Senate,,Republican,"Valerie ""Dr Val"" FREDRICK",4,1,3,0,0
Jessamine,E101,U.S. Senate,,,Under Votes,0,0,0,0,0
Jessamine,E101,U.S. Senate,,,Over Votes,0,0,0,0,0
Jessamine,E101,Ballots Cast,,,,129,,,,
Jessamine,E101,U.S. House,6,Republican,Gregory George PLUCINSKI,8,1,7,0,0
Jessamine,E101,U.S. House,6,Republican,Adam Perez ARQUETTE,1,0,1,0,0
Jessamine,E101,U.S. House,6,Republican,Ralph ALVARADO,49,5,44,0,0
Jessamine,E101,U.S. House,6,Republican,Steve SHANNON,1,0,1,0,0
Jessamine,E101,U.S. House,6,Republican,Ryan DOTSON,24,5,17,0,2
Jessamine,E101,U.S. House,6,,Under Votes,8,0,8,0,0
Jessamine,E101,U.S. House,6,,Over Votes,0,0,0,0,0
Jessamine,E101,State Representative,45,Republican,Killian TIMONEY,27,2,23,0,2
Jessamine,E101,State Representative,45,,Under Votes,21,3,18,0,0
Jessamine,E101,State Representative,45,,Over Votes,0,0,0,0,0
Jessamine,E101,County Judge/Executive,,,April Rose PRATHER,25,4,21,0,0
Jessamine,E101,County Judge/Executive,,,David K. WEST,51,6,43,0,2
Jessamine,E101,County Judge/Executive,,,Under Votes,13,1,12,0,0
Jessamine,E101,County Judge/Executive,,,Over Votes,0,0,0,0,0
Jessamine,E101,County Clerk,,,Johnny M. COLLIER,53,7,44,0,2
Jessamine,E101,County Clerk,,,Erik COBB,22,1,21,0,0
Jessamine,E101,County Clerk,,,Under Votes,14,3,11,0,0
Jessamine,E101,County Clerk,,,Over Votes,0,0,0,0,0
Jessamine,E101,Jailer,,,Jon R. SALLEE,61,8,51,0,2
Jessamine,E101,Jailer,,,Jesse DEVIN,7,0,7,0,0
Jessamine,E101,Jailer,,,Under Votes,21,3,18,0,0
Jessamine,E101,Jailer,,,Over Votes,0,0,0,0,0
Jessamine,E101,Coroner,,,Jay Allen WEBB,22,2,20,0,0
Jessamine,E101,Coroner,,,Susanna MOBERLY,21,3,18,0,0
Jessamine,E101,Coroner,,,Cassie ROBINSON,23,3,18,0,2
Jessamine,E101,Coroner,,,Under Votes,23,3,20,0,0
Jessamine,E101,Coroner,,,Over Votes,0,0,0,0,0
Jessamine,E101,Constable,,,James LEWIS,28,3,25,0,0
Jessamine,E101,Constable,,,Charles Tony LOWERY,27,4,21,0,2
Jessamine,E101,Constable,,,Under Votes,34,4,30,0,0
Jessamine,E101,Constable,,,Over Votes,0,0,0,0,0
Jessamine,E101,U.S. Senate,,Democratic,Pamela STEVENSON,4,2,2,0,0
Jessamine,E101,U.S. Senate,,Democratic,Vincent Anthony THOMPSON,0,0,0,0,0
Jessamine,E101,U.S. Senate,,Democratic,Joshua BLANTON SR.,2,0,2,0,0
Jessamine,E101,U.S. Senate,,Democratic,Charles BOOKER,15,1,12,2,0
Jessamine,E101,U.S. Senate,,Democratic,Amy McGRATH,15,1,12,2,0
Jessamine,E101,U.S. Senate,,Democratic,Logan FORSYTHE,1,0,1,0,0
Jessamine,E101,U.S. Senate,,Democratic,Dale Lewis ROMANS,3,1,2,0,0
Jessamine,E101,U.S. House,6,Democratic,Harvey CARROLL JR.,0,0,0,0,0
Jessamine,E101,U.S. House,6,Democratic,David KLOIBER,1,1,0,0,0
Jessamine,E101,U.S. House,6,Democratic,Erin PETREY,2,0,0,2,0
Jessamine,E101,U.S. House,6,Democratic,Cherlynn STEVENSON,17,3,14,0,0
Jessamine,E101,U.S. House,6,Democratic,Jimmy Clifton AUSBROOKS,1,0,1,0,0
Jessamine,E101,U.S. House,6,Democratic,Corey EDWARDS,1,0,1,0,0
Jessamine,E101,U.S. House,6,Democratic,Zach DEMBO,16,1,13,2,0
Jessamine,E101,City Commissioners City of Nicholasville,,,Leslie CLEM,0,0,0,0,0
Jessamine,E101,City Commissioners City of Nicholasville,,,Thomas W. MILLER,0,0,0,0,0
Jessamine,E101,City Commissioners City of Nicholasville,,,Lynn East RANSDELL,0,0,0,0,0
Jessamine,E101,City Commissioners City of Nicholasville,,,Betty BLACK,0,0,0,0,0
Jessamine,E101,City Commissioners City of Nicholasville,,,Caitlin LAMB,0,0,0,0,0
Jessamine,E101,City Commissioners City of Nicholasville,,,"Charles ""Dexter"" KNIGHT",0,0,0,0,0
Jessamine,E101,City Commissioners City of Nicholasville,,,Peter SUTHERLAND,1,0,1,0,0
Jessamine,E101,City Commissioners City of Nicholasville,,,Patty Grose TEATER,0,0,0,0,0
Jessamine,E101,City Commissioners City of Nicholasville,,,April WHITAKER,0,0,0,0,0
Jessamine,E101,City Commissioners City of Nicholasville,,,Bethany Davis BROWN,0,0,0,0,0
Jessamine,E101,City Commissioners City of Nicholasville,,,Johnny TEMPLIN,0,0,0,0,0
Jessamine,E101,City Commissioners City of Nicholasville,,,Blake WHEELER,0,0,0,0,0
Jessamine,E101,City Commissioners City of Nicholasville,,,Under Votes,3,0,3,0,0
Jessamine,E101,City Commissioners City of Nicholasville,,,Over Votes,0,0,0,0,0
Jessamine,E102,U.S. Senate,,Republican,A. Nick SHELLEY,1,0,1,0,0
Jessamine,E102,U.S. Senate,,Republican,Anissa CATLETT,1,0,1,0,0
Jessamine,E102,U.S. Senate,,Republican,Daniel CAMERON,75,7,67,1,0
Jessamine,E102,U.S. Senate,,Republican,Jimmy I. LEON,0,0,0,0,0
Jessamine,E102,U.S. Senate,,Republican,Jonathan M. HOLLIDAY,0,0,0,0,0
Jessamine,E102,U.S. Senate,,Republican,James D. DUNCAN,0,0,0,0,0
Jessamine,E102,U.S. Senate,,Republican,Other Donald WENZEL,0,0,0,0,0
Jessamine,E102,U.S. Senate,,Republican,George WASHINGTON,1,0,1,0,0
Jessamine,E102,U.S. Senate,,Republican,Michael James FARIS,8,1,6,1,0
Jessamine,E102,U.S. Senate,,Republican,Andy BARR,218,14,197,2,5
Jessamine,E102,U.S. Senate,,Republican,"Valerie ""Dr Val"" FREDRICK",0,0,0,0,0
Jessamine,E102,U.S. Senate,,,Under Votes,2,0,2,0,0
Jessamine,E102,U.S. Senate,,,Over Votes,0,0,0,0,0
Jessamine,E102,Ballots Cast,,,,425,,,,
Jessamine,E102,U.S. House,6,Republican,Gregory George PLUCINSKI,36,3,31,0,2
Jessamine,E102,U.S. House,6,Republican,Adam Perez ARQUETTE,2,0,2,0,0
Jessamine,E102,U.S. House,6,Republican,Ralph ALVARADO,169,10,154,2,3
Jessamine,E102,U.S. House,6,Republican,Steve SHANNON,10,0,10,0,0
Jessamine,E102,U.S. House,6,Republican,Ryan DOTSON,76,9,65,2,0
Jessamine,E102,U.S. House,6,,Under Votes,22,0,22,0,0
Jessamine,E102,U.S. House,6,,Over Votes,0,0,0,0,0
Jessamine,E102,State Representative,45,Republican,Killian TIMONEY,133,7,118,3,5
Jessamine,E102,State Representative,45,,Under Votes,72,7,65,0,0
Jessamine,E102,State Representative,45,,Over Votes,0,0,0,0,0
Jessamine,E102,County Judge/Executive,,,April Rose PRATHER,72,4,65,1,2
Jessamine,E102,County Judge/Executive,,,David K. WEST,180,13,161,3,3
Jessamine,E102,County Judge/Executive,,,Under Votes,61,5,56,0,0
Jessamine,E102,County Judge/Executive,,,Over Votes,0,0,0,0,0
Jessamine,E102,County Clerk,,,Johnny M. COLLIER,223,13,203,2,5
Jessamine,E102,County Clerk,,,Erik COBB,61,6,53,2,0
Jessamine,E102,County Clerk,,,Under Votes,29,3,26,0,0
Jessamine,E102,County Clerk,,,Over Votes,0,0,0,0,0
Jessamine,E102,Jailer,,,Jon R. SALLEE,214,12,193,4,5
Jessamine,E102,Jailer,,,Jesse DEVIN,24,2,22,0,0
Jessamine,E102,Jailer,,,Under Votes,75,8,67,0,0
Jessamine,E102,Jailer,,,Over Votes,0,0,0,0,0
Jessamine,E102,Coroner,,,Jay Allen WEBB,82,4,76,2,0
Jessamine,E102,Coroner,,,Susanna MOBERLY,65,5,55,0,5
Jessamine,E102,Coroner,,,Cassie ROBINSON,82,5,75,2,0
Jessamine,E102,Coroner,,,Under Votes,84,8,76,0,0
Jessamine,E102,Coroner,,,Over Votes,0,0,0,0,0
Jessamine,E102,Constable,,,James LEWIS,103,6,94,2,1
Jessamine,E102,Constable,,,Charles Tony LOWERY,87,3,80,2,2
Jessamine,E102,Constable,,,Under Votes,123,13,108,0,2
Jessamine,E102,Constable,,,Over Votes,0,0,0,0,0
Jessamine,E102,U.S. Senate,,Democratic,Pamela STEVENSON,11,2,9,0,0
Jessamine,E102,U.S. Senate,,Democratic,Vincent Anthony THOMPSON,0,0,0,0,0
Jessamine,E102,U.S. Senate,,Democratic,Joshua BLANTON SR.,0,0,0,0,0
Jessamine,E102,U.S. Senate,,Democratic,Charles BOOKER,36,1,35,0,0
Jessamine,E102,U.S. Senate,,Democratic,Amy McGRATH,51,10,37,3,1
Jessamine,E102,U.S. Senate,,Democratic,Logan FORSYTHE,4,0,4,0,0
Jessamine,E102,U.S. Senate,,Democratic,Dale Lewis ROMANS,9,0,9,0,0
Jessamine,E102,U.S. House,6,Democratic,Harvey CARROLL JR.,4,0,4,0,0
Jessamine,E102,U.S. House,6,Democratic,David KLOIBER,1,0,1,0,0
Jessamine,E102,U.S. House,6,Democratic,Erin PETREY,10,0,10,0,0
Jessamine,E102,U.S. House,6,Democratic,Cherlynn STEVENSON,32,5,25,1,1
Jessamine,E102,U.S. House,6,Democratic,Jimmy Clifton AUSBROOKS,2,0,2,0,0
Jessamine,E102,U.S. House,6,Democratic,Corey EDWARDS,0,0,0,0,0
Jessamine,E102,U.S. House,6,Democratic,Zach DEMBO,61,8,51,2,0
Jessamine,E103,U.S. Senate,,Republican,A. Nick SHELLEY,0,0,0,0,0
Jessamine,E103,U.S. Senate,,Republican,Anissa CATLETT,0,0,0,0,0
Jessamine,E103,U.S. Senate,,Republican,Daniel CAMERON,84,11,71,1,1
Jessamine,E103,U.S. Senate,,Republican,Jimmy I. LEON,0,0,0,0,0
Jessamine,E103,U.S. Senate,,Republican,Jonathan M. HOLLIDAY,1,0,1,0,0
Jessamine,E103,U.S. Senate,,Republican,James D. DUNCAN,0,0,0,0,0
Jessamine,E103,U.S. Senate,,Republican,Other Donald WENZEL,0,0,0,0,0
Jessamine,E103,U.S. Senate,,Republican,George WASHINGTON,2,1,1,0,0
Jessamine,E103,U.S. Senate,,Republican,Michael James FARIS,4,0,4,0,0
Jessamine,E103,U.S. Senate,,Republican,Andy BARR,218,20,192,5,1
Jessamine,E103,U.S. Senate,,Republican,"Valerie ""Dr Val"" FREDRICK",2,0,2,0,0
Jessamine,E103,U.S. Senate,,,Under Votes,1,0,1,0,0
Jessamine,E103,U.S. Senate,,,Over Votes,0,0,0,0,0
Jessamine,E103,Ballots Cast,,,,412,,,,
Jessamine,E103,U.S. House,6,Republican,Gregory George PLUCINSKI,57,9,48,0,0
Jessamine,E103,U.S. House,6,Republican,Adam Perez ARQUETTE,1,0,1,0,0
Jessamine,E103,U.S. House,6,Republican,Ralph ALVARADO,188,16,165,5,2
Jessamine,E103,U.S. House,6,Republican,Steve SHANNON,4,1,3,0,0
Jessamine,E103,U.S. House,6,Republican,Ryan DOTSON,53,6,45,2,0
Jessamine,E103,U.S. House,6,,Under Votes,17,0,17,0,0
Jessamine,E103,U.S. House,6,,Over Votes,0,0,0,0,0
Jessamine,E103,State Representative,45,Republican,Killian TIMONEY,114,9,103,2,0
Jessamine,E103,State Representative,45,,Under Votes,59,6,51,1,1
Jessamine,E103,State Representative,45,,Over Votes,0,0,0,0,0
Jessamine,E103,County Judge/Executive,,,April Rose PRATHER,67,9,57,1,0
Jessamine,E103,County Judge/Executive,,,David K. WEST,210,18,186,5,1
Jessamine,E103,County Judge/Executive,,,Under Votes,39,5,32,1,1
Jessamine,E103,County Judge/Executive,,,Over Votes,0,0,0,0,0
Jessamine,E103,County Clerk,,,Johnny M. COLLIER,214,24,186,3,1
Jessamine,E103,County Clerk,,,Erik COBB,70,6,61,3,0
Jessamine,E103,County Clerk,,,Under Votes,31,2,27,1,1
Jessamine,E103,County Clerk,,,Over Votes,1,0,1,0,0
Jessamine,E103,Jailer,,,Jon R. SALLEE,222,22,192,6,2
Jessamine,E103,Jailer,,,Jesse DEVIN,37,4,33,0,0
Jessamine,E103,Jailer,,,Under Votes,57,6,50,1,0
Jessamine,E103,Jailer,,,Over Votes,0,0,0,0,0
Jessamine,E103,Coroner,,,Jay Allen WEBB,95,5,87,2,1
Jessamine,E103,Coroner,,,Susanna MOBERLY,76,16,57,3,0
Jessamine,E103,Coroner,,,Cassie ROBINSON,82,5,75,1,1
Jessamine,E103,Coroner,,,Under Votes,63,6,56,1,0
Jessamine,E103,Coroner,,,Over Votes,0,0,0,0,0
Jessamine,E103,Constable,,,James LEWIS,125,18,103,3,1
Jessamine,E103,Constable,,,Charles Tony LOWERY,80,6,71,3,0
Jessamine,E103,Constable,,,Under Votes,111,8,101,1,1
Jessamine,E103,Constable,,,Over Votes,0,0,0,0,0
Jessamine,E103,U.S. Senate,,Democratic,Pamela STEVENSON,7,2,5,0,0
Jessamine,E103,U.S. Senate,,Democratic,Vincent Anthony THOMPSON,2,0,2,0,0
Jessamine,E103,U.S. Senate,,Democratic,Joshua BLANTON SR.,0,0,0,0,0
Jessamine,E103,U.S. Senate,,Democratic,Charles BOOKER,41,7,33,0,1
Jessamine,E103,U.S. Senate,,Democratic,Amy McGRATH,43,9,32,2,0
Jessamine,E103,U.S. Senate,,Democratic,Logan FORSYTHE,0,0,0,0,0
Jessamine,E103,U.S. Senate,,Democratic,Dale Lewis ROMANS,2,0,2,0,0
Jessamine,E103,U.S. House,6,Democratic,Harvey CARROLL JR.,3,0,3,0,0
Jessamine,E103,U.S. House,6,Democratic,David KLOIBER,3,0,3,0,0
Jessamine,E103,U.S. House,6,Democratic,Erin PETREY,10,0,9,0,1
Jessamine,E103,U.S. House,6,Democratic,Cherlynn STEVENSON,31,5,26,0,0
Jessamine,E103,U.S. House,6,Democratic,Jimmy Clifton AUSBROOKS,1,0,1,0,0
Jessamine,E103,U.S. House,6,Democratic,Corey EDWARDS,1,0,1,0,0
Jessamine,E103,U.S. House,6,Democratic,Zach DEMBO,43,13,28,2,0
Jessamine,E104,U.S. Senate,,Republican,A. Nick SHELLEY,0,0,0,0,0
Jessamine,E104,U.S. Senate,,Republican,Anissa CATLETT,0,0,0,0,0
Jessamine,E104,U.S. Senate,,Republican,Daniel CAMERON,33,2,31,0,0
Jessamine,E104,U.S. Senate,,Republican,Jimmy I. LEON,1,0,1,0,0
Jessamine,E104,U.S. Senate,,Republican,Jonathan M. HOLLIDAY,0,0,0,0,0
Jessamine,E104,U.S. Senate,,Republican,James D. DUNCAN,1,0,1,0,0
Jessamine,E104,U.S. Senate,,Republican,Other Donald WENZEL,0,0,0,0,0
Jessamine,E104,U.S. Senate,,Republican,George WASHINGTON,0,0,0,0,0
Jessamine,E104,U.S. Senate,,Republican,Michael James FARIS,0,0,0,0,0
Jessamine,E104,U.S. Senate,,Republican,Andy BARR,132,14,117,1,0
Jessamine,E104,U.S. Senate,,Republican,"Valerie ""Dr Val"" FREDRICK",0,0,0,0,0
Jessamine,E104,U.S. Senate,,,Under Votes,5,2,3,0,0
Jessamine,E104,U.S. Senate,,,Over Votes,0,0,0,0,0
Jessamine,E104,Ballots Cast,,,,253,,,,
Jessamine,E104,U.S. House,6,Republican,Gregory George PLUCINSKI,16,1,15,0,0
Jessamine,E104,U.S. House,6,Republican,Adam Perez ARQUETTE,1,0,1,0,0
Jessamine,E104,U.S. House,6,Republican,Ralph ALVARADO,113,15,97,1,0
Jessamine,E104,U.S. House,6,Republican,Steve SHANNON,7,0,7,0,0
Jessamine,E104,U.S. House,6,Republican,Ryan DOTSON,25,0,25,0,0
Jessamine,E104,U.S. House,6,,Under Votes,14,2,12,0,0
Jessamine,E104,U.S. House,6,,Over Votes,0,0,0,0,0
Jessamine,E104,County Judge/Executive,,,April Rose PRATHER,38,1,37,0,0
Jessamine,E104,County Judge/Executive,,,David K. WEST,111,14,96,1,0
Jessamine,E104,County Judge/Executive,,,Under Votes,26,3,23,0,0
Jessamine,E104,County Judge/Executive,,,Over Votes,0,0,0,0,0
Jessamine,E104,County Clerk,,,Johnny M. COLLIER,134,17,116,1,0
Jessamine,E104,County Clerk,,,Erik COBB,26,0,26,0,0
Jessamine,E104,County Clerk,,,Under Votes,15,1,14,0,0
Jessamine,E104,County Clerk,,,Over Votes,0,0,0,0,0
Jessamine,E104,Jailer,,,Jon R. SALLEE,129,14,114,1,0
Jessamine,E104,Jailer,,,Jesse DEVIN,17,1,16,0,0
Jessamine,E104,Jailer,,,Under Votes,29,3,26,0,0
Jessamine,E104,Jailer,,,Over Votes,0,0,0,0,0
Jessamine,E104,Coroner,,,Jay Allen WEBB,38,1,37,0,0
Jessamine,E104,Coroner,,,Susanna MOBERLY,43,8,35,0,0
Jessamine,E104,Coroner,,,Cassie ROBINSON,54,4,49,1,0
Jessamine,E104,Coroner,,,Under Votes,40,5,35,0,0
Jessamine,E104,Coroner,,,Over Votes,0,0,0,0,0
Jessamine,E104,Constable,,,James LEWIS,72,9,63,0,0
Jessamine,E104,Constable,,,Charles Tony LOWERY,51,2,48,1,0
Jessamine,E104,Constable,,,Under Votes,52,7,45,0,0
Jessamine,E104,Constable,,,Over Votes,0,0,0,0,0
Jessamine,E104,U.S. Senate,,Democratic,Pamela STEVENSON,6,0,6,0,0
Jessamine,E104,U.S. Senate,,Democratic,Vincent Anthony THOMPSON,3,0,3,0,0
Jessamine,E104,U.S. Senate,,Democratic,Joshua BLANTON SR.,0,0,0,0,0
Jessamine,E104,U.S. Senate,,Democratic,Charles BOOKER,32,4,27,0,1
Jessamine,E104,U.S. Senate,,Democratic,Amy McGRATH,26,3,22,1,0
Jessamine,E104,U.S. Senate,,Democratic,Logan FORSYTHE,3,0,3,0,0
Jessamine,E104,U.S. Senate,,Democratic,Dale Lewis ROMANS,7,0,7,0,0
Jessamine,E104,U.S. House,6,Democratic,Harvey CARROLL JR.,2,0,2,0,0
Jessamine,E104,U.S. House,6,Democratic,David KLOIBER,3,0,3,0,0
Jessamine,E104,U.S. House,6,Democratic,Erin PETREY,10,2,8,0,0
Jessamine,E104,U.S. House,6,Democratic,Cherlynn STEVENSON,18,2,16,0,0
Jessamine,E104,U.S. House,6,Democratic,Jimmy Clifton AUSBROOKS,0,0,0,0,0
Jessamine,E104,U.S. House,6,Democratic,Corey EDWARDS,3,0,3,0,0
Jessamine,E104,U.S. House,6,Democratic,Zach DEMBO,41,3,36,1,1
Jessamine,E105,U.S. Senate,,Republican,A. Nick SHELLEY,2,0,2,0,0
Jessamine,E105,U.S. Senate,,Republican,Anissa CATLETT,0,0,0,0,0
Jessamine,E105,U.S. Senate,,Republican,Daniel CAMERON,40,5,35,0,0
Jessamine,E105,U.S. Senate,,Republican,Jimmy I. LEON,0,0,0,0,0
Jessamine,E105,U.S. Senate,,Republican,Jonathan M. HOLLIDAY,1,0,1,0,0
Jessamine,E105,U.S. Senate,,Republican,James D. DUNCAN,0,0,0,0,0
Jessamine,E105,U.S. Senate,,Republican,Other Donald WENZEL,1,1,0,0,0
Jessamine,E105,U.S. Senate,,Republican,George WASHINGTON,4,1,3,0,0
Jessamine,E105,U.S. Senate,,Republican,Michael James FARIS,1,0,1,0,0
Jessamine,E105,U.S. Senate,,Republican,Andy BARR,109,17,91,1,0
Jessamine,E105,U.S. Senate,,Republican,"Valerie ""Dr Val"" FREDRICK",2,2,0,0,0
Jessamine,E105,U.S. Senate,,,Under Votes,2,1,1,0,0
Jessamine,E105,U.S. Senate,,,Over Votes,0,0,0,0,0
Jessamine,E105,Ballots Cast,,,,251,,,,
Jessamine,E105,U.S. House,6,Republican,Gregory George PLUCINSKI,26,6,20,0,0
Jessamine,E105,U.S. House,6,Republican,Adam Perez ARQUETTE,3,1,2,0,0
Jessamine,E105,U.S. House,6,Republican,Ralph ALVARADO,81,12,66,1,2
Jessamine,E105,U.S. House,6,Republican,Steve SHANNON,5,1,4,0,0
Jessamine,E105,U.S. House,6,Republican,Ryan DOTSON,41,6,35,0,0
Jessamine,E105,U.S. House,6,,Under Votes,11,1,10,0,0
Jessamine,E105,U.S. House,6,,Over Votes,0,0,0,0,0
Jessamine,E105,County Judge/Executive,,,April Rose PRATHER,47,7,38,0,2
Jessamine,E105,County Judge/Executive,,,David K. WEST,97,18,78,1,0
Jessamine,E105,County Judge/Executive,,,Under Votes,21,1,20,0,0
Jessamine,E105,County Judge/Executive,,,Over Votes,0,0,0,0,0
Jessamine,E105,County Clerk,,,Johnny M. COLLIER,120,21,96,1,2
Jessamine,E105,County Clerk,,,Erik COBB,23,4,19,0,0
Jessamine,E105,County Clerk,,,Under Votes,22,1,21,0,0
Jessamine,E105,County Clerk,,,Over Votes,0,0,0,0,0
Jessamine,E105,Jailer,,,Jon R. SALLEE,127,22,102,1,2
Jessamine,E105,Jailer,,,Jesse DEVIN,11,1,10,0,0
Jessamine,E105,Jailer,,,Under Votes,27,3,24,0,0
Jessamine,E105,Jailer,,,Over Votes,0,0,0,0,0
Jessamine,E105,Coroner,,,Jay Allen WEBB,46,6,40,0,0
Jessamine,E105,Coroner,,,Susanna MOBERLY,33,6,26,1,0
Jessamine,E105,Coroner,,,Cassie ROBINSON,56,11,43,0,2
Jessamine,E105,Coroner,,,Under Votes,30,3,27,0,0
Jessamine,E105,Coroner,,,Over Votes,0,0,0,0,0
Jessamine,E105,Constable,,,James LEWIS,60,8,49,1,2
Jessamine,E105,Constable,,,Charles Tony LOWERY,52,14,38,0,0
Jessamine,E105,Constable,,,Under Votes,53,4,49,0,0
Jessamine,E105,Constable,,,Over Votes,0,0,0,0,0
Jessamine,E105,U.S. Senate,,Democratic,Pamela STEVENSON,7,3,2,2,0
Jessamine,E105,U.S. Senate,,Democratic,Vincent Anthony THOMPSON,1,0,1,0,0
Jessamine,E105,U.S. Senate,,Democratic,Joshua BLANTON SR.,0,0,0,0,0
Jessamine,E105,U.S. Senate,,Democratic,Charles BOOKER,32,11,20,1,0
Jessamine,E105,U.S. Senate,,Democratic,Amy McGRATH,43,11,31,1,0
Jessamine,E105,U.S. Senate,,Democratic,Logan FORSYTHE,1,0,1,0,0
Jessamine,E105,U.S. Senate,,Democratic,Dale Lewis ROMANS,1,0,1,0,0
Jessamine,E105,U.S. House,6,Democratic,Harvey CARROLL JR.,3,0,3,0,0
Jessamine,E105,U.S. House,6,Democratic,David KLOIBER,4,1,2,1,0
Jessamine,E105,U.S. House,6,Democratic,Erin PETREY,8,0,8,0,0
Jessamine,E105,U.S. House,6,Democratic,Cherlynn STEVENSON,25,9,15,1,0
Jessamine,E105,U.S. House,6,Democratic,Jimmy Clifton AUSBROOKS,1,0,1,0,0
Jessamine,E105,U.S. House,6,Democratic,Corey EDWARDS,1,0,1,0,0
Jessamine,E105,U.S. House,6,Democratic,Zach DEMBO,42,15,25,2,0
Jessamine,E106,U.S. Senate,,Republican,A. Nick SHELLEY,4,1,3,0,0
Jessamine,E106,U.S. Senate,,Republican,Anissa CATLETT,5,0,5,0,0
Jessamine,E106,U.S. Senate,,Republican,Daniel CAMERON,107,24,78,3,2
Jessamine,E106,U.S. Senate,,Republican,Jimmy I. LEON,0,0,0,0,0
Jessamine,E106,U.S. Senate,,Republican,Jonathan M. HOLLIDAY,0,0,0,0,0
Jessamine,E106,U.S. Senate,,Republican,James D. DUNCAN,3,1,2,0,0
Jessamine,E106,U.S. Senate,,Republican,Other Donald WENZEL,0,0,0,0,0
Jessamine,E106,U.S. Senate,,Republican,George WASHINGTON,3,1,2,0,0
Jessamine,E106,U.S. Senate,,Republican,Michael James FARIS,4,1,3,0,0
Jessamine,E106,U.S. Senate,,Republican,Andy BARR,200,45,151,2,2
Jessamine,E106,U.S. Senate,,Republican,"Valerie ""Dr Val"" FREDRICK",6,1,5,0,0
Jessamine,E106,U.S. Senate,,,Under Votes,6,1,5,0,0
Jessamine,E106,U.S. Senate,,,Over Votes,1,0,1,0,0
Jessamine,E106,Ballots Cast,,,,477,,,,
Jessamine,E106,U.S. House,6,Republican,Gregory George PLUCINSKI,69,12,53,2,2
Jessamine,E106,U.S. House,6,Republican,Adam Perez ARQUETTE,7,1,6,0,0
Jessamine,E106,U.S. House,6,Republican,Ralph ALVARADO,157,37,117,2,1
Jessamine,E106,U.S. House,6,Republican,Steve SHANNON,14,3,11,0,0
Jessamine,E106,U.S. House,6,Republican,Ryan DOTSON,72,19,51,1,1
Jessamine,E106,U.S. House,6,,Under Votes,27,3,24,0,0
Jessamine,E106,U.S. House,6,,Over Votes,1,1,0,0,0
Jessamine,E106,County Judge/Executive,,,April Rose PRATHER,78,15,62,1,0
Jessamine,E106,County Judge/Executive,,,David K. WEST,231,54,170,4,3
Jessamine,E106,County Judge/Executive,,,Under Votes,34,6,27,0,1
Jessamine,E106,County Judge/Executive,,,Over Votes,0,0,0,0,0
Jessamine,E106,County Clerk,,,Johnny M. COLLIER,247,51,188,4,4
Jessamine,E106,County Clerk,,,Erik COBB,74,20,53,1,0
Jessamine,E106,County Clerk,,,Under Votes,22,4,18,0,0
Jessamine,E106,County Clerk,,,Over Votes,0,0,0,0,0
Jessamine,E106,Jailer,,,Jon R. SALLEE,259,55,198,3,3
Jessamine,E106,Jailer,,,Jesse DEVIN,38,11,25,2,0
Jessamine,E106,Jailer,,,Under Votes,46,9,36,0,1
Jessamine,E106,Jailer,,,Over Votes,0,0,0,0,0
Jessamine,E106,Coroner,,,Jay Allen WEBB,74,10,62,1,1
Jessamine,E106,Coroner,,,Susanna MOBERLY,93,24,68,0,1
Jessamine,E106,Coroner,,,Cassie ROBINSON,120,27,88,3,2
Jessamine,E106,Coroner,,,Under Votes,56,14,41,1,0
Jessamine,E106,Coroner,,,Over Votes,0,0,0,0,0
Jessamine,E106,Constable,,,James LEWIS,112,16,91,3,2
Jessamine,E106,Constable,,,Charles Tony LOWERY,112,32,79,0,1
Jessamine,E106,Constable,,,Under Votes,119,27,89,2,1
Jessamine,E106,Constable,,,Over Votes,0,0,0,0,0
Jessamine,E106,U.S. Senate,,Democratic,Pamela STEVENSON,6,1,4,1,0
Jessamine,E106,U.S. Senate,,Democratic,Vincent Anthony THOMPSON,0,0,0,0,0
Jessamine,E106,U.S. Senate,,Democratic,Joshua BLANTON SR.,0,0,0,0,0
Jessamine,E106,U.S. Senate,,Democratic,Charles BOOKER,52,9,39,4,0
Jessamine,E106,U.S. Senate,,Democratic,Amy McGRATH,63,15,48,0,0
Jessamine,E106,U.S. Senate,,Democratic,Logan FORSYTHE,1,0,1,0,0
Jessamine,E106,U.S. Senate,,Democratic,Dale Lewis ROMANS,10,2,8,0,0
Jessamine,E106,U.S. House,6,Democratic,Harvey CARROLL JR.,1,0,1,0,0
Jessamine,E106,U.S. House,6,Democratic,David KLOIBER,3,1,2,0,0
Jessamine,E106,U.S. House,6,Democratic,Erin PETREY,11,1,10,0,0
Jessamine,E106,U.S. House,6,Democratic,Cherlynn STEVENSON,39,10,29,0,0
Jessamine,E106,U.S. House,6,Democratic,Jimmy Clifton AUSBROOKS,2,0,2,0,0
Jessamine,E106,U.S. House,6,Democratic,Corey EDWARDS,3,0,3,0,0
Jessamine,E106,U.S. House,6,Democratic,Zach DEMBO,71,15,51,5,0
Jessamine,E107,U.S. Senate,,Republican,A. Nick SHELLEY,1,0,1,0,0
Jessamine,E107,U.S. Senate,,Republican,Anissa CATLETT,1,0,1,0,0
Jessamine,E107,U.S. Senate,,Republican,Daniel CAMERON,25,7,18,0,0
Jessamine,E107,U.S. Senate,,Republican,Jimmy I. LEON,1,0,1,0,0
Jessamine,E107,U.S. Senate,,Republican,Jonathan M. HOLLIDAY,1,0,1,0,0
Jessamine,E107,U.S. Senate,,Republican,James D. DUNCAN,2,0,2,0,0
Jessamine,E107,U.S. Senate,,Republican,Other Donald WENZEL,0,0,0,0,0
Jessamine,E107,U.S. Senate,,Republican,George WASHINGTON,1,0,1,0,0
Jessamine,E107,U.S. Senate,,Republican,Michael James FARIS,3,0,3,0,0
Jessamine,E107,U.S. Senate,,Republican,Andy BARR,35,12,21,2,0
Jessamine,E107,U.S. Senate,,Republican,"Valerie ""Dr Val"" FREDRICK",0,0,0,0,0
Jessamine,E107,U.S. Senate,,,Under Votes,2,0,2,0,0
Jessamine,E107,U.S. Senate,,,Over Votes,0,0,0,0,0
Jessamine,E107,Ballots Cast,,,,95,,,,
Jessamine,E107,U.S. House,6,Republican,Gregory George PLUCINSKI,15,5,10,0,0
Jessamine,E107,U.S. House,6,Republican,Adam Perez ARQUETTE,5,3,2,0,0
Jessamine,E107,U.S. House,6,Republican,Ralph ALVARADO,15,4,11,0,0
Jessamine,E107,U.S. House,6,Republican,Steve SHANNON,4,0,4,0,0
Jessamine,E107,U.S. House,6,Republican,Ryan DOTSON,21,5,14,2,0
Jessamine,E107,U.S. House,6,,Under Votes,14,2,12,0,0
Jessamine,E107,U.S. House,6,,Over Votes,0,0,0,0,0
Jessamine,E107,County Judge/Executive,,,April Rose PRATHER,12,1,11,0,0
Jessamine,E107,County Judge/Executive,,,David K. WEST,51,16,33,2,0
Jessamine,E107,County Judge/Executive,,,Under Votes,9,2,7,0,0
Jessamine,E107,County Judge/Executive,,,Over Votes,0,0,0,0,0
Jessamine,E107,County Clerk,,,Johnny M. COLLIER,47,17,28,2,0
Jessamine,E107,County Clerk,,,Erik COBB,17,0,17,0,0
Jessamine,E107,County Clerk,,,Under Votes,8,2,6,0,0
Jessamine,E107,County Clerk,,,Over Votes,0,0,0,0,0
Jessamine,E107,Jailer,,,Jon R. SALLEE,50,16,32,2,0
Jessamine,E107,Jailer,,,Jesse DEVIN,9,1,8,0,0
Jessamine,E107,Jailer,,,Under Votes,13,2,11,0,0
Jessamine,E107,Jailer,,,Over Votes,0,0,0,0,0
Jessamine,E107,Coroner,,,Jay Allen WEBB,14,5,7,2,0
Jessamine,E107,Coroner,,,Susanna MOBERLY,23,9,14,0,0
Jessamine,E107,Coroner,,,Cassie ROBINSON,23,3,20,0,0
Jessamine,E107,Coroner,,,Under Votes,12,2,10,0,0
Jessamine,E107,Coroner,,,Over Votes,0,0,0,0,0
Jessamine,E107,Constable,,,James LEWIS,27,8,19,0,0
Jessamine,E107,Constable,,,Charles Tony LOWERY,17,6,11,0,0
Jessamine,E107,Constable,,,Under Votes,28,5,21,2,0
Jessamine,E107,Constable,,,Over Votes,0,0,0,0,0
Jessamine,E107,U.S. Senate,,Democratic,Pamela STEVENSON,1,0,1,0,0
Jessamine,E107,U.S. Senate,,Democratic,Vincent Anthony THOMPSON,0,0,0,0,0
Jessamine,E107,U.S. Senate,,Democratic,Joshua BLANTON SR.,1,0,1,0,0
Jessamine,E107,U.S. Senate,,Democratic,Charles BOOKER,12,0,11,1,0
Jessamine,E107,U.S. Senate,,Democratic,Amy McGRATH,7,2,4,1,0
Jessamine,E107,U.S. Senate,,Democratic,Logan FORSYTHE,1,1,0,0,0
Jessamine,E107,U.S. Senate,,Democratic,Dale Lewis ROMANS,1,0,1,0,0
Jessamine,E107,U.S. House,6,Democratic,Harvey CARROLL JR.,0,0,0,0,0
Jessamine,E107,U.S. House,6,Democratic,David KLOIBER,0,0,0,0,0
Jessamine,E107,U.S. House,6,Democratic,Erin PETREY,6,1,5,0,0
Jessamine,E107,U.S. House,6,Democratic,Cherlynn STEVENSON,7,0,5,2,0
Jessamine,E107,U.S. House,6,Democratic,Jimmy Clifton AUSBROOKS,0,0,0,0,0
Jessamine,E107,U.S. House,6,Democratic,Corey EDWARDS,2,0,2,0,0
Jessamine,E107,U.S. House,6,Democratic,Zach DEMBO,6,2,4,0,0
Jessamine,F101,U.S. Senate,,Republican,A. Nick SHELLEY,2,0,2,0,0
Jessamine,F101,U.S. Senate,,Republican,Anissa CATLETT,2,0,2,0,0
Jessamine,F101,U.S. Senate,,Republican,Daniel CAMERON,24,1,22,1,0
Jessamine,F101,U.S. Senate,,Republican,Jimmy I. LEON,0,0,0,0,0
Jessamine,F101,U.S. Senate,,Republican,Jonathan M. HOLLIDAY,0,0,0,0,0
Jessamine,F101,U.S. Senate,,Republican,James D. DUNCAN,0,0,0,0,0
Jessamine,F101,U.S. Senate,,Republican,Other Donald WENZEL,0,0,0,0,0
Jessamine,F101,U.S. Senate,,Republican,George WASHINGTON,4,1,3,0,0
Jessamine,F101,U.S. Senate,,Republican,Michael James FARIS,0,0,0,0,0
Jessamine,F101,U.S. Senate,,Republican,Andy BARR,60,3,52,5,0
Jessamine,F101,U.S. Senate,,Republican,"Valerie ""Dr Val"" FREDRICK",4,0,4,0,0
Jessamine,F101,U.S. Senate,,,Under Votes,11,2,9,0,0
Jessamine,F101,U.S. Senate,,,Over Votes,1,0,1,0,0
Jessamine,F101,Ballots Cast,,,,236,,,,
Jessamine,F101,U.S. House,6,Republican,Gregory George PLUCINSKI,20,1,16,3,0
Jessamine,F101,U.S. House,6,Republican,Adam Perez ARQUETTE,2,1,1,0,0
Jessamine,F101,U.S. House,6,Republican,Ralph ALVARADO,37,2,32,3,0
Jessamine,F101,U.S. House,6,Republican,Steve SHANNON,7,0,7,0,0
Jessamine,F101,U.S. House,6,Republican,Ryan DOTSON,24,1,23,0,0
Jessamine,F101,U.S. House,6,,Under Votes,27,2,25,0,0
Jessamine,F101,U.S. House,6,,Over Votes,1,0,1,0,0
Jessamine,F101,County Judge/Executive,,,April Rose PRATHER,27,3,22,2,0
Jessamine,F101,County Judge/Executive,,,David K. WEST,67,3,60,4,0
Jessamine,F101,County Judge/Executive,,,Under Votes,12,1,11,0,0
Jessamine,F101,County Judge/Executive,,,Over Votes,0,0,0,0,0
Jessamine,F101,County Clerk,,,Johnny M. COLLIER,66,5,57,4,0
Jessamine,F101,County Clerk,,,Erik COBB,35,2,31,2,0
Jessamine,F101,County Clerk,,,Under Votes,5,0,5,0,0
Jessamine,F101,County Clerk,,,Over Votes,0,0,0,0,0
Jessamine,F101,Jailer,,,Jon R. SALLEE,76,5,65,6,0
Jessamine,F101,Jailer,,,Jesse DEVIN,25,2,23,0,0
Jessamine,F101,Jailer,,,Under Votes,5,0,5,0,0
Jessamine,F101,Jailer,,,Over Votes,0,0,0,0,0
Jessamine,F101,Coroner,,,Jay Allen WEBB,36,3,28,5,0
Jessamine,F101,Coroner,,,Susanna MOBERLY,25,1,23,1,0
Jessamine,F101,Coroner,,,Cassie ROBINSON,36,2,34,0,0
Jessamine,F101,Coroner,,,Under Votes,9,1,8,0,0
Jessamine,F101,Coroner,,,Over Votes,0,0,0,0,0
Jessamine,F101,Magistrate,,,Gary E. MORGAN,52,3,45,4,0
Jessamine,F101,Magistrate,,,Billy H. CRAYCRAFT,44,3,39,2,0
Jessamine,F101,Magistrate,,,Under Votes,10,1,9,0,0
Jessamine,F101,Magistrate,,,Over Votes,0,0,0,0,0
Jessamine,F101,U.S. Senate,,Democratic,Pamela STEVENSON,16,0,15,1,0
Jessamine,F101,U.S. Senate,,Democratic,Vincent Anthony THOMPSON,4,0,4,0,0
Jessamine,F101,U.S. Senate,,Democratic,Joshua BLANTON SR.,1,1,0,0,0
Jessamine,F101,U.S. Senate,,Democratic,Charles BOOKER,51,6,43,2,0
Jessamine,F101,U.S. Senate,,Democratic,Amy McGRATH,38,6,28,1,3
Jessamine,F101,U.S. Senate,,Democratic,Logan FORSYTHE,1,0,1,0,0
Jessamine,F101,U.S. Senate,,Democratic,Dale Lewis ROMANS,3,0,3,0,0
Jessamine,F101,U.S. House,6,Democratic,Harvey CARROLL JR.,3,0,3,0,0
Jessamine,F101,U.S. House,6,Democratic,David KLOIBER,10,1,9,0,0
Jessamine,F101,U.S. House,6,Democratic,Erin PETREY,17,1,16,0,0
Jessamine,F101,U.S. House,6,Democratic,Cherlynn STEVENSON,37,2,31,3,1
Jessamine,F101,U.S. House,6,Democratic,Jimmy Clifton AUSBROOKS,2,1,1,0,0
Jessamine,F101,U.S. House,6,Democratic,Corey EDWARDS,7,1,6,0,0
Jessamine,F101,U.S. House,6,Democratic,Zach DEMBO,33,7,23,1,2
Jessamine,F101,City Commissioners City of Nicholasville,,,Leslie CLEM,56,4,44,6,2
Jessamine,F101,City Commissioners City of Nicholasville,,,Thomas W. MILLER,25,2,20,2,1
Jessamine,F101,City Commissioners City of Nicholasville,,,Lynn East RANSDELL,32,4,26,2,0
Jessamine,F101,City Commissioners City of Nicholasville,,,Betty BLACK,67,5,57,3,2
Jessamine,F101,City Commissioners City of Nicholasville,,,Caitlin LAMB,47,3,41,3,0
Jessamine,F101,City Commissioners City of Nicholasville,,,"Charles ""Dexter"" KNIGHT",82,7,68,6,1
Jessamine,F101,City Commissioners City of Nicholasville,,,Peter SUTHERLAND,81,8,68,3,2
Jessamine,F101,City Commissioners City of Nicholasville,,,Patty Grose TEATER,83,12,66,3,2
Jessamine,F101,City Commissioners City of Nicholasville,,,April WHITAKER,47,8,36,3,0
Jessamine,F101,City Commissioners City of Nicholasville,,,Bethany Davis BROWN,92,8,79,4,1
Jessamine,F101,City Commissioners City of Nicholasville,,,Johnny TEMPLIN,45,2,41,1,1
Jessamine,F101,City Commissioners City of Nicholasville,,,Blake WHEELER,42,4,37,1,0
Jessamine,F101,City Commissioners City of Nicholasville,,,Under Votes,245,21,221,3,0
Jessamine,F101,City Commissioners City of Nicholasville,,,Over Votes,0,0,0,0,0
Jessamine,F102,U.S. Senate,,Republican,A. Nick SHELLEY,1,0,1,0,0
Jessamine,F102,U.S. Senate,,Republican,Anissa CATLETT,1,0,1,0,0
Jessamine,F102,U.S. Senate,,Republican,Daniel CAMERON,34,4,29,1,0
Jessamine,F102,U.S. Senate,,Republican,Jimmy I. LEON,0,0,0,0,0
Jessamine,F102,U.S. Senate,,Republican,Jonathan M. HOLLIDAY,3,0,3,0,0
Jessamine,F102,U.S. Senate,,Republican,James D. DUNCAN,1,1,0,0,0
Jessamine,F102,U.S. Senate,,Republican,Other Donald WENZEL,0,0,0,0,0
Jessamine,F102,U.S. Senate,,Republican,George WASHINGTON,3,0,3,0,0
Jessamine,F102,U.S. Senate,,Republican,Michael James FARIS,0,0,0,0,0
Jessamine,F102,U.S. Senate,,Republican,Andy BARR,116,16,90,9,1
Jessamine,F102,U.S. Senate,,Republican,"Valerie ""Dr Val"" FREDRICK",2,1,1,0,0
Jessamine,F102,U.S. Senate,,,Under Votes,13,2,10,1,0
Jessamine,F102,U.S. Senate,,,Over Votes,1,0,1,0,0
Jessamine,F102,Ballots Cast,,,,281,,,,
Jessamine,F102,U.S. House,6,Republican,Gregory George PLUCINSKI,28,3,24,1,0
Jessamine,F102,U.S. House,6,Republican,Adam Perez ARQUETTE,3,0,3,0,0
Jessamine,F102,U.S. House,6,Republican,Ralph ALVARADO,60,8,48,3,1
Jessamine,F102,U.S. House,6,Republican,Steve SHANNON,12,2,10,0,0
Jessamine,F102,U.S. House,6,Republican,Ryan DOTSON,41,7,31,3,0
Jessamine,F102,U.S. House,6,,Under Votes,40,5,29,6,0
Jessamine,F102,U.S. House,6,,Over Votes,0,0,0,0,0
Jessamine,F102,County Judge/Executive,,,April Rose PRATHER,63,6,53,4,0
Jessamine,F102,County Judge/Executive,,,David K. WEST,98,14,79,4,1
Jessamine,F102,County Judge/Executive,,,Under Votes,11,2,7,2,0
Jessamine,F102,County Judge/Executive,,,Over Votes,0,0,0,0,0
Jessamine,F102,County Clerk,,,Johnny M. COLLIER,117,17,91,8,1
Jessamine,F102,County Clerk,,,Erik COBB,48,3,43,2,0
Jessamine,F102,County Clerk,,,Under Votes,7,2,5,0,0
Jessamine,F102,County Clerk,,,Over Votes,0,0,0,0,0
Jessamine,F102,Jailer,,,Jon R. SALLEE,128,17,104,6,1
Jessamine,F102,Jailer,,,Jesse DEVIN,37,4,29,4,0
Jessamine,F102,Jailer,,,Under Votes,7,1,6,0,0
Jessamine,F102,Jailer,,,Over Votes,0,0,0,0,0
Jessamine,F102,Coroner,,,Jay Allen WEBB,49,3,43,3,0
Jessamine,F102,Coroner,,,Susanna MOBERLY,49,9,32,7,1
Jessamine,F102,Coroner,,,Cassie ROBINSON,68,9,59,0,0
Jessamine,F102,Coroner,,,Under Votes,6,1,5,0,0
Jessamine,F102,Coroner,,,Over Votes,0,0,0,0,0
Jessamine,F102,Magistrate,,,Gary E. MORGAN,88,11,72,4,1
Jessamine,F102,Magistrate,,,Billy H. CRAYCRAFT,74,10,58,6,0
Jessamine,F102,Magistrate,,,Under Votes,10,1,9,0,0
Jessamine,F102,Magistrate,,,Over Votes,0,0,0,0,0
Jessamine,F102,U.S. Senate,,Democratic,Pamela STEVENSON,11,0,11,0,0
Jessamine,F102,U.S. Senate,,Democratic,Vincent Anthony THOMPSON,0,0,0,0,0
Jessamine,F102,U.S. Senate,,Democratic,Joshua BLANTON SR.,2,0,2,0,0
Jessamine,F102,U.S. Senate,,Democratic,Charles BOOKER,35,5,26,4,0
Jessamine,F102,U.S. Senate,,Democratic,Amy McGRATH,32,3,24,5,0
Jessamine,F102,U.S. Senate,,Democratic,Logan FORSYTHE,4,0,4,0,0
Jessamine,F102,U.S. Senate,,Democratic,Dale Lewis ROMANS,8,1,7,0,0
Jessamine,F102,U.S. House,6,Democratic,Harvey CARROLL JR.,6,0,6,0,0
Jessamine,F102,U.S. House,6,Democratic,David KLOIBER,2,0,2,0,0
Jessamine,F102,U.S. House,6,Democratic,Erin PETREY,10,1,9,0,0
Jessamine,F102,U.S. House,6,Democratic,Cherlynn STEVENSON,22,1,19,2,0
Jessamine,F102,U.S. House,6,Democratic,Jimmy Clifton AUSBROOKS,0,0,0,0,0
Jessamine,F102,U.S. House,6,Democratic,Corey EDWARDS,2,1,1,0,0
Jessamine,F102,U.S. House,6,Democratic,Zach DEMBO,46,5,36,5,0
Jessamine,F102,State Representative,55,Democratic,Katrina A. SEXTON,60,5,51,4,0
Jessamine,F102,State Representative,55,Democratic,Nathan SAUCEDO,17,1,13,3,0
Jessamine,F102,State Representative,55,,Under Votes,23,5,15,3,0
Jessamine,F102,State Representative,55,,Over Votes,0,0,0,0,0
Jessamine,F102,City Commissioners City of Nicholasville,,,Leslie CLEM,62,7,49,6,0
Jessamine,F102,City Commissioners City of Nicholasville,,,Thomas W. MILLER,20,2,18,0,0
Jessamine,F102,City Commissioners City of Nicholasville,,,Lynn East RANSDELL,51,7,38,6,0
Jessamine,F102,City Commissioners City of Nicholasville,,,Betty BLACK,76,7,56,12,1
Jessamine,F102,City Commissioners City of Nicholasville,,,Caitlin LAMB,48,3,44,1,0
Jessamine,F102,City Commissioners City of Nicholasville,,,"Charles ""Dexter"" KNIGHT",115,18,90,7,0
Jessamine,F102,City Commissioners City of Nicholasville,,,Peter SUTHERLAND,83,15,61,7,0
Jessamine,F102,City Commissioners City of Nicholasville,,,Patty Grose TEATER,119,17,93,9,0
Jessamine,F102,City Commissioners City of Nicholasville,,,April WHITAKER,55,4,48,3,0
Jessamine,F102,City Commissioners City of Nicholasville,,,Bethany Davis BROWN,99,10,87,2,0
Jessamine,F102,City Commissioners City of Nicholasville,,,Johnny TEMPLIN,63,7,52,4,0
Jessamine,F102,City Commissioners City of Nicholasville,,,Blake WHEELER,61,11,46,4,0
Jessamine,F102,City Commissioners City of Nicholasville,,,Under Votes,272,24,218,23,7
Jessamine,F102,City Commissioners City of Nicholasville,,,Over Votes,0,0,0,0,0
Jessamine,F103,U.S. Senate,,Republican,A. Nick SHELLEY,1,0,1,0,0
Jessamine,F103,U.S. Senate,,Republican,Anissa CATLETT,5,1,4,0,0
Jessamine,F103,U.S. Senate,,Republican,Daniel CAMERON,48,2,45,0,1
Jessamine,F103,U.S. Senate,,Republican,Jimmy I. LEON,1,0,1,0,0
Jessamine,F103,U.S. Senate,,Republican,Jonathan M. HOLLIDAY,1,0,1,0,0
Jessamine,F103,U.S. Senate,,Republican,James D. DUNCAN,0,0,0,0,0
Jessamine,F103,U.S. Senate,,Republican,Other Donald WENZEL,2,0,2,0,0
Jessamine,F103,U.S. Senate,,Republican,George WASHINGTON,3,0,3,0,0
Jessamine,F103,U.S. Senate,,Republican,Michael James FARIS,3,0,3,0,0
Jessamine,F103,U.S. Senate,,Republican,Andy BARR,117,16,98,3,0
Jessamine,F103,U.S. Senate,,Republican,"Valerie ""Dr Val"" FREDRICK",1,0,0,1,0
Jessamine,F103,U.S. Senate,,,Under Votes,19,0,19,0,0
Jessamine,F103,U.S. Senate,,,Over Votes,1,0,1,0,0
Jessamine,F103,Ballots Cast,,,,361,,,,
Jessamine,F103,U.S. House,6,Republican,Gregory George PLUCINSKI,35,2,31,1,1
Jessamine,F103,U.S. House,6,Republican,Adam Perez ARQUETTE,4,0,3,1,0
Jessamine,F103,U.S. House,6,Republican,Ralph ALVARADO,80,10,68,2,0
Jessamine,F103,U.S. House,6,Republican,Steve SHANNON,12,1,11,0,0
Jessamine,F103,U.S. House,6,Republican,Ryan DOTSON,42,4,38,0,0
Jessamine,F103,U.S. House,6,,Under Votes,34,2,32,0,0
Jessamine,F103,U.S. House,6,,Over Votes,0,0,0,0,0
Jessamine,F103,County Judge/Executive,,,April Rose PRATHER,57,7,48,1,1
Jessamine,F103,County Judge/Executive,,,David K. WEST,124,11,110,3,0
Jessamine,F103,County Judge/Executive,,,Under Votes,10,1,9,0,0
Jessamine,F103,County Judge/Executive,,,Over Votes,0,0,0,0,0
Jessamine,F103,County Clerk,,,Johnny M. COLLIER,135,14,118,3,0
Jessamine,F103,County Clerk,,,Erik COBB,47,4,41,1,1
Jessamine,F103,County Clerk,,,Under Votes,9,1,8,0,0
Jessamine,F103,County Clerk,,,Over Votes,0,0,0,0,0
Jessamine,F103,Jailer,,,Jon R. SALLEE,147,18,125,3,1
Jessamine,F103,Jailer,,,Jesse DEVIN,33,0,32,1,0
Jessamine,F103,Jailer,,,Under Votes,11,1,10,0,0
Jessamine,F103,Jailer,,,Over Votes,0,0,0,0,0
Jessamine,F103,Coroner,,,Jay Allen WEBB,74,9,65,0,0
Jessamine,F103,Coroner,,,Susanna MOBERLY,33,5,26,2,0
Jessamine,F103,Coroner,,,Cassie ROBINSON,73,4,66,2,1
Jessamine,F103,Coroner,,,Under Votes,11,1,10,0,0
Jessamine,F103,Coroner,,,Over Votes,0,0,0,0,0
Jessamine,F103,Magistrate,,,Gary E. MORGAN,111,13,95,3,0
Jessamine,F103,Magistrate,,,Billy H. CRAYCRAFT,69,6,61,1,1
Jessamine,F103,Magistrate,,,Under Votes,11,0,11,0,0
Jessamine,F103,Magistrate,,,Over Votes,0,0,0,0,0
Jessamine,F103,U.S. Senate,,Democratic,Pamela STEVENSON,12,3,8,1,0
Jessamine,F103,U.S. Senate,,Democratic,Vincent Anthony THOMPSON,0,0,0,0,0
Jessamine,F103,U.S. Senate,,Democratic,Joshua BLANTON SR.,2,0,2,0,0
Jessamine,F103,U.S. Senate,,Democratic,Charles BOOKER,50,9,40,1,0
Jessamine,F103,U.S. Senate,,Democratic,Amy McGRATH,56,10,41,5,0
Jessamine,F103,U.S. Senate,,Democratic,Logan FORSYTHE,8,2,6,0,0
Jessamine,F103,U.S. Senate,,Democratic,Dale Lewis ROMANS,16,4,11,0,1
Jessamine,F103,U.S. House,6,Democratic,Harvey CARROLL JR.,9,2,7,0,0
Jessamine,F103,U.S. House,6,Democratic,David KLOIBER,5,0,3,1,1
Jessamine,F103,U.S. House,6,Democratic,Erin PETREY,30,7,22,1,0
Jessamine,F103,U.S. House,6,Democratic,Cherlynn STEVENSON,29,5,23,1,0
Jessamine,F103,U.S. House,6,Democratic,Jimmy Clifton AUSBROOKS,2,1,1,0,0
Jessamine,F103,U.S. House,6,Democratic,Corey EDWARDS,4,0,4,0,0
Jessamine,F103,U.S. House,6,Democratic,Zach DEMBO,61,13,44,4,0
Jessamine,F103,State Representative,55,Democratic,Katrina A. SEXTON,99,20,74,5,0
Jessamine,F103,State Representative,55,Democratic,Nathan SAUCEDO,29,5,21,2,1
Jessamine,F103,State Representative,55,,Under Votes,28,3,25,0,0
Jessamine,F103,State Representative,55,,Over Votes,0,0,0,0,0
Jessamine,F103,City Commissioners City of Nicholasville,,,Leslie CLEM,68,9,57,2,0
Jessamine,F103,City Commissioners City of Nicholasville,,,Thomas W. MILLER,47,5,42,0,0
Jessamine,F103,City Commissioners City of Nicholasville,,,Lynn East RANSDELL,48,8,37,3,0
Jessamine,F103,City Commissioners City of Nicholasville,,,Betty BLACK,100,11,82,7,0
Jessamine,F103,City Commissioners City of Nicholasville,,,Caitlin LAMB,78,14,60,3,1
Jessamine,F103,City Commissioners City of Nicholasville,,,"Charles ""Dexter"" KNIGHT",114,15,95,3,1
Jessamine,F103,City Commissioners City of Nicholasville,,,Peter SUTHERLAND,110,12,93,5,0
Jessamine,F103,City Commissioners City of Nicholasville,,,Patty Grose TEATER,103,18,83,2,0
Jessamine,F103,City Commissioners City of Nicholasville,,,April WHITAKER,82,14,63,4,1
Jessamine,F103,City Commissioners City of Nicholasville,,,Bethany Davis BROWN,114,23,89,1,1
Jessamine,F103,City Commissioners City of Nicholasville,,,Johnny TEMPLIN,121,19,98,3,1
Jessamine,F103,City Commissioners City of Nicholasville,,,Blake WHEELER,64,1,58,4,1
Jessamine,F103,City Commissioners City of Nicholasville,,,Under Votes,287,43,235,7,2
Jessamine,F103,City Commissioners City of Nicholasville,,,Over Votes,3,0,3,0,0
Jessamine,F104,U.S. Senate,,Republican,A. Nick SHELLEY,2,0,2,0,0
Jessamine,F104,U.S. Senate,,Republican,Anissa CATLETT,1,0,1,0,0
Jessamine,F104,U.S. Senate,,Republican,Daniel CAMERON,12,0,12,0,0
Jessamine,F104,U.S. Senate,,Republican,Jimmy I. LEON,0,0,0,0,0
Jessamine,F104,U.S. Senate,,Republican,Jonathan M. HOLLIDAY,1,0,1,0,0
Jessamine,F104,U.S. Senate,,Republican,James D. DUNCAN,1,0,1,0,0
Jessamine,F104,U.S. Senate,,Republican,Other Donald WENZEL,0,0,0,0,0
Jessamine,F104,U.S. Senate,,Republican,George WASHINGTON,2,0,2,0,0
Jessamine,F104,U.S. Senate,,Republican,Michael James FARIS,1,0,1,0,0
Jessamine,F104,U.S. Senate,,Republican,Andy BARR,59,1,56,0,2
Jessamine,F104,U.S. Senate,,Republican,"Valerie ""Dr Val"" FREDRICK",1,0,1,0,0
Jessamine,F104,U.S. Senate,,,Under Votes,5,0,3,2,0
Jessamine,F104,U.S. Senate,,,Over Votes,2,0,2,0,0
Jessamine,F104,Ballots Cast,,,,159,,,,
Jessamine,F104,U.S. House,6,Republican,Gregory George PLUCINSKI,20,0,19,0,1
Jessamine,F104,U.S. House,6,Republican,Adam Perez ARQUETTE,2,0,2,0,0
Jessamine,F104,U.S. House,6,Republican,Ralph ALVARADO,28,1,27,0,0
Jessamine,F104,U.S. House,6,Republican,Steve SHANNON,6,0,6,0,0
Jessamine,F104,U.S. House,6,Republican,Ryan DOTSON,16,0,16,0,0
Jessamine,F104,U.S. House,6,,Under Votes,25,0,22,2,1
Jessamine,F104,U.S. House,6,,Over Votes,0,0,0,0,0
Jessamine,F104,County Judge/Executive,,,April Rose PRATHER,24,0,24,0,0
Jessamine,F104,County Judge/Executive,,,David K. WEST,55,1,52,0,2
Jessamine,F104,County Judge/Executive,,,Under Votes,8,0,8,0,0
Jessamine,F104,County Judge/Executive,,,Over Votes,0,0,0,0,0
Jessamine,F104,County Clerk,,,Johnny M. COLLIER,51,1,50,0,0
Jessamine,F104,County Clerk,,,Erik COBB,32,0,30,0,2
Jessamine,F104,County Clerk,,,Under Votes,4,0,4,0,0
Jessamine,F104,County Clerk,,,Over Votes,0,0,0,0,0
Jessamine,F104,Jailer,,,Jon R. SALLEE,63,1,60,0,2
Jessamine,F104,Jailer,,,Jesse DEVIN,15,0,15,0,0
Jessamine,F104,Jailer,,,Under Votes,9,0,9,0,0
Jessamine,F104,Jailer,,,Over Votes,0,0,0,0,0
Jessamine,F104,Coroner,,,Jay Allen WEBB,31,1,28,0,2
Jessamine,F104,Coroner,,,Susanna MOBERLY,16,0,16,0,0
Jessamine,F104,Coroner,,,Cassie ROBINSON,33,0,33,0,0
Jessamine,F104,Coroner,,,Under Votes,7,0,7,0,0
Jessamine,F104,Coroner,,,Over Votes,0,0,0,0,0
Jessamine,F104,Magistrate,,,Gary E. MORGAN,44,1,41,0,2
Jessamine,F104,Magistrate,,,Billy H. CRAYCRAFT,31,0,31,0,0
Jessamine,F104,Magistrate,,,Under Votes,12,0,12,0,0
Jessamine,F104,Magistrate,,,Over Votes,0,0,0,0,0
Jessamine,F104,U.S. Senate,,Democratic,Pamela STEVENSON,3,0,3,0,0
Jessamine,F104,U.S. Senate,,Democratic,Vincent Anthony THOMPSON,0,0,0,0,0
Jessamine,F104,U.S. Senate,,Democratic,Joshua BLANTON SR.,2,0,2,0,0
Jessamine,F104,U.S. Senate,,Democratic,Charles BOOKER,30,2,27,1,0
Jessamine,F104,U.S. Senate,,Democratic,Amy McGRATH,27,0,24,3,0
Jessamine,F104,U.S. Senate,,Democratic,Logan FORSYTHE,1,0,1,0,0
Jessamine,F104,U.S. Senate,,Democratic,Dale Lewis ROMANS,1,0,1,0,0
Jessamine,F104,U.S. House,6,Democratic,Harvey CARROLL JR.,1,0,1,0,0
Jessamine,F104,U.S. House,6,Democratic,David KLOIBER,2,0,2,0,0
Jessamine,F104,U.S. House,6,Democratic,Erin PETREY,7,0,6,1,0
Jessamine,F104,U.S. House,6,Democratic,Cherlynn STEVENSON,21,2,18,1,0
Jessamine,F104,U.S. House,6,Democratic,Jimmy Clifton AUSBROOKS,3,0,3,0,0
Jessamine,F104,U.S. House,6,Democratic,Corey EDWARDS,2,0,2,0,0
Jessamine,F104,U.S. House,6,Democratic,Zach DEMBO,21,0,19,2,0
Jessamine,F104,State Representative,55,Democratic,Katrina A. SEXTON,45,2,38,5,0
Jessamine,F104,State Representative,55,Democratic,Nathan SAUCEDO,11,0,11,0,0
Jessamine,F104,State Representative,55,,Under Votes,11,0,10,1,0
Jessamine,F104,State Representative,55,,Over Votes,0,0,0,0,0
Jessamine,F104,City Commissioners City of Nicholasville,,,Leslie CLEM,33,1,31,1,0
Jessamine,F104,City Commissioners City of Nicholasville,,,Thomas W. MILLER,14,1,13,0,0
Jessamine,F104,City Commissioners City of Nicholasville,,,Lynn East RANSDELL,23,1,20,2,0
Jessamine,F104,City Commissioners City of Nicholasville,,,Betty BLACK,43,1,41,1,0
Jessamine,F104,City Commissioners City of Nicholasville,,,Caitlin LAMB,31,0,30,1,0
Jessamine,F104,City Commissioners City of Nicholasville,,,"Charles ""Dexter"" KNIGHT",58,3,52,3,0
Jessamine,F104,City Commissioners City of Nicholasville,,,Peter SUTHERLAND,45,0,43,2,0
Jessamine,F104,City Commissioners City of Nicholasville,,,Patty Grose TEATER,36,2,30,2,2
Jessamine,F104,City Commissioners City of Nicholasville,,,April WHITAKER,38,0,36,2,0
Jessamine,F104,City Commissioners City of Nicholasville,,,Bethany Davis BROWN,60,2,51,5,2
Jessamine,F104,City Commissioners City of Nicholasville,,,Johnny TEMPLIN,44,1,40,3,0
Jessamine,F104,City Commissioners City of Nicholasville,,,Blake WHEELER,22,1,20,0,1
Jessamine,F104,City Commissioners City of Nicholasville,,,Under Votes,181,3,173,2,3
Jessamine,F104,City Commissioners City of Nicholasville,,,Over Votes,2,0,2,0,0
Jessamine,F105,U.S. Senate,,Republican,A. Nick SHELLEY,0,0,0,0,0
Jessamine,F105,U.S. Senate,,Republican,Anissa CATLETT,5,0,5,0,0
Jessamine,F105,U.S. Senate,,Republican,Daniel CAMERON,30,0,30,0,0
Jessamine,F105,U.S. Senate,,Republican,Jimmy I. LEON,1,0,1,0,0
Jessamine,F105,U.S. Senate,,Republican,Jonathan M. HOLLIDAY,2,0,2,0,0
Jessamine,F105,U.S. Senate,,Republican,James D. DUNCAN,4,1,3,0,0
Jessamine,F105,U.S. Senate,,Republican,Other Donald WENZEL,1,0,1,0,0
Jessamine,F105,U.S. Senate,,Republican,George WASHINGTON,0,0,0,0,0
Jessamine,F105,U.S. Senate,,Republican,Michael James FARIS,2,0,2,0,0
Jessamine,F105,U.S. Senate,,Republican,Andy BARR,96,5,82,6,3
Jessamine,F105,U.S. Senate,,Republican,"Valerie ""Dr Val"" FREDRICK",3,0,3,0,0
Jessamine,F105,U.S. Senate,,,Under Votes,9,0,9,0,0
Jessamine,F105,U.S. Senate,,,Over Votes,0,0,0,0,0
Jessamine,F105,Ballots Cast,,,,281,,,,
Jessamine,F105,U.S. House,6,Republican,Gregory George PLUCINSKI,28,3,24,0,1
Jessamine,F105,U.S. House,6,Republican,Adam Perez ARQUETTE,1,0,1,0,0
Jessamine,F105,U.S. House,6,Republican,Ralph ALVARADO,65,0,57,6,2
Jessamine,F105,U.S. House,6,Republican,Steve SHANNON,9,1,8,0,0
Jessamine,F105,U.S. House,6,Republican,Ryan DOTSON,29,2,27,0,0
Jessamine,F105,U.S. House,6,,Under Votes,33,0,33,0,0
Jessamine,F105,U.S. House,6,,Over Votes,0,0,0,0,0
Jessamine,F105,County Judge/Executive,,,April Rose PRATHER,41,5,35,1,0
Jessamine,F105,County Judge/Executive,,,David K. WEST,95,1,86,5,3
Jessamine,F105,County Judge/Executive,,,Under Votes,16,0,16,0,0
Jessamine,F105,County Judge/Executive,,,Over Votes,0,0,0,0,0
Jessamine,F105,County Clerk,,,Johnny M. COLLIER,93,2,84,5,2
Jessamine,F105,County Clerk,,,Erik COBB,49,4,43,1,1
Jessamine,F105,County Clerk,,,Under Votes,10,0,10,0,0
Jessamine,F105,County Clerk,,,Over Votes,0,0,0,0,0
Jessamine,F105,Jailer,,,Jon R. SALLEE,111,5,97,6,3
Jessamine,F105,Jailer,,,Jesse DEVIN,18,1,17,0,0
Jessamine,F105,Jailer,,,Under Votes,23,0,23,0,0
Jessamine,F105,Jailer,,,Over Votes,0,0,0,0,0
Jessamine,F105,Coroner,,,Jay Allen WEBB,34,4,28,1,1
Jessamine,F105,Coroner,,,Susanna MOBERLY,52,1,48,2,1
Jessamine,F105,Coroner,,,Cassie ROBINSON,50,1,45,3,1
Jessamine,F105,Coroner,,,Under Votes,16,0,16,0,0
Jessamine,F105,Coroner,,,Over Votes,0,0,0,0,0
Jessamine,F105,Magistrate,,,Gary E. MORGAN,52,3,46,2,1
Jessamine,F105,Magistrate,,,Billy H. CRAYCRAFT,74,3,65,4,2
Jessamine,F105,Magistrate,,,Under Votes,26,0,26,0,0
Jessamine,F105,Magistrate,,,Over Votes,0,0,0,0,0
Jessamine,F105,U.S. Senate,,Democratic,Pamela STEVENSON,8,1,7,0,0
Jessamine,F105,U.S. Senate,,Democratic,Vincent Anthony THOMPSON,0,0,0,0,0
Jessamine,F105,U.S. Senate,,Democratic,Joshua BLANTON SR.,3,0,3,0,0
Jessamine,F105,U.S. Senate,,Democratic,Charles BOOKER,52,9,42,1,0
Jessamine,F105,U.S. Senate,,Democratic,Amy McGRATH,42,9,28,4,1
Jessamine,F105,U.S. Senate,,Democratic,Logan FORSYTHE,3,0,3,0,0
Jessamine,F105,U.S. Senate,,Democratic,Dale Lewis ROMANS,7,1,4,2,0
Jessamine,F105,U.S. House,6,Democratic,Harvey CARROLL JR.,4,0,4,0,0
Jessamine,F105,U.S. House,6,Democratic,David KLOIBER,4,1,3,0,0
Jessamine,F105,U.S. House,6,Democratic,Erin PETREY,22,6,15,1,0
Jessamine,F105,U.S. House,6,Democratic,Cherlynn STEVENSON,28,4,23,0,1
Jessamine,F105,U.S. House,6,Democratic,Jimmy Clifton AUSBROOKS,3,1,2,0,0
Jessamine,F105,U.S. House,6,Democratic,Corey EDWARDS,3,0,3,0,0
Jessamine,F105,U.S. House,6,Democratic,Zach DEMBO,43,8,29,6,0
Jessamine,F105,City Commissioners City of Nicholasville,,,Leslie CLEM,54,6,43,5,0
Jessamine,F105,City Commissioners City of Nicholasville,,,Thomas W. MILLER,25,1,20,4,0
Jessamine,F105,City Commissioners City of Nicholasville,,,Lynn East RANSDELL,43,6,33,3,1
Jessamine,F105,City Commissioners City of Nicholasville,,,Betty BLACK,72,12,55,4,1
Jessamine,F105,City Commissioners City of Nicholasville,,,Caitlin LAMB,54,10,41,3,0
Jessamine,F105,City Commissioners City of Nicholasville,,,"Charles ""Dexter"" KNIGHT",96,6,83,5,2
Jessamine,F105,City Commissioners City of Nicholasville,,,Peter SUTHERLAND,87,4,77,6,0
Jessamine,F105,City Commissioners City of Nicholasville,,,Patty Grose TEATER,89,9,74,5,1
Jessamine,F105,City Commissioners City of Nicholasville,,,April WHITAKER,70,12,52,5,1
Jessamine,F105,City Commissioners City of Nicholasville,,,Bethany Davis BROWN,94,9,80,4,1
Jessamine,F105,City Commissioners City of Nicholasville,,,Johnny TEMPLIN,65,5,54,4,2
Jessamine,F105,City Commissioners City of Nicholasville,,,Blake WHEELER,46,5,35,5,1
Jessamine,F105,City Commissioners City of Nicholasville,,,Under Votes,309,23,277,3,6
Jessamine,F105,City Commissioners City of Nicholasville,,,Over Votes,2,0,2,0,0
