county,precinct,office,district,party,candidate,votes,early_voting,election_day,absentee_mail,absentee
Oldham,A101,U.S. Senate,,Republican,A. Nick SHELLEY,3,0,3,0,0
Oldham,A101,U.S. Senate,,Republican,Daniel CAMERON,207,26,171,10,0
Oldham,A101,U.S. Senate,,Republican,Andy BARR,187,15,165,7,0
Oldham,A101,U.S. Senate,,Republican,Anissa CATLETT,7,0,6,1,0
Oldham,A101,U.S. Senate,,Republican,"Valerie ""Dr Val"" FREDRICK",8,1,7,0,0
Oldham,A101,U.S. Senate,,Republican,Jonathan M. HOLLIDAY,2,1,1,0,0
Oldham,A101,U.S. Senate,,Republican,Other Donald WENZEL,0,0,0,0,0
Oldham,A101,U.S. Senate,,Republican,Michael James FARIS,5,0,5,0,0
Oldham,A101,U.S. Senate,,Republican,Nate MORRIS,7,0,7,0,0
Oldham,A101,U.S. Senate,,Republican,James D. DUNCAN,2,0,2,0,0
Oldham,A101,U.S. Senate,,Republican,Jimmy I. LEON,0,0,0,0,0
Oldham,A101,U.S. Senate,,Republican,George WASHINGTON,7,0,7,0,0
Oldham,A101,U.S. House,4,Republican,Thomas MASSIE,213,17,184,12,0
Oldham,A101,U.S. House,4,Republican,Ed GALLREIN,225,23,195,7,0
Oldham,A101,Ballots Cast,,,,683,,,,
Oldham,A101,Property Valuation Administrator,,,J. Albert HARRISON,137,11,121,5,0
Oldham,A101,Property Valuation Administrator,,,Barbara Winters DIETRICH,189,16,163,10,0
Oldham,A101,County Judge/Executive,,,Tom SHEFFER,138,7,129,2,0
Oldham,A101,County Judge/Executive,,,Laura TAPP,48,9,38,1,0
Oldham,A101,County Judge/Executive,,,John W. BLACK,118,9,106,3,0
Oldham,A101,County Judge/Executive,,,Chris HAUNZ,25,4,19,2,0
Oldham,A101,County Judge/Executive,,,Robert HOUCHENS,73,12,53,8,0
Oldham,A101,Magistrate,,,R. Lee STANLEY,29,2,26,1,0
Oldham,A101,Magistrate,,,Randy POWELL,64,8,53,3,0
Oldham,A101,Magistrate,,,Brent LIKINS,122,13,103,6,0
Oldham,A101,Magistrate,,,Joyce G. FLETCHER,156,12,140,4,0
Oldham,A101,U.S. Senate,,Democratic,Dale Lewis ROMANS,7,3,4,0,0
Oldham,A101,U.S. Senate,,Democratic,Charles BOOKER,108,17,87,4,0
Oldham,A101,U.S. Senate,,Democratic,Logan FORSYTHE,1,1,0,0,0
Oldham,A101,U.S. Senate,,Democratic,Joshua BLANTON SR.,2,0,2,0,0
Oldham,A101,U.S. Senate,,Democratic,Vincent Anthony THOMPSON,0,0,0,0,0
Oldham,A101,U.S. Senate,,Democratic,Pamela STEVENSON,6,2,4,0,0
Oldham,A101,U.S. Senate,,Democratic,Amy McGRATH,112,20,88,4,0
Oldham,A101,U.S. House,4,Democratic,Melissa Claire STRANGE,187,32,147,8,0
Oldham,A101,U.S. House,4,Democratic,Jesse Russell BREWER,35,9,26,0,0
Oldham,A101,State Senate,6,Democratic,Chaz STOESS,39,4,31,4,0
Oldham,A101,State Senate,6,Democratic,Christian FURMAN,190,39,147,4,0
Oldham,A101,State Representative,59,Democratic,Pandora SEARS,27,4,20,3,0
Oldham,A101,State Representative,59,Democratic,Stephanie WHITE,207,39,163,5,0
Oldham,A103,U.S. Senate,,Republican,A. Nick SHELLEY,6,0,5,1,0
Oldham,A103,U.S. Senate,,Republican,Daniel CAMERON,244,38,203,3,0
Oldham,A103,U.S. Senate,,Republican,Andy BARR,309,47,254,8,0
Oldham,A103,U.S. Senate,,Republican,Anissa CATLETT,14,3,9,2,0
Oldham,A103,U.S. Senate,,Republican,"Valerie ""Dr Val"" FREDRICK",4,0,3,1,0
Oldham,A103,U.S. Senate,,Republican,Jonathan M. HOLLIDAY,0,0,0,0,0
Oldham,A103,U.S. Senate,,Republican,Other Donald WENZEL,0,0,0,0,0
Oldham,A103,U.S. Senate,,Republican,Michael James FARIS,12,3,9,0,0
Oldham,A103,U.S. Senate,,Republican,Nate MORRIS,13,4,8,1,0
Oldham,A103,U.S. Senate,,Republican,James D. DUNCAN,2,0,2,0,0
Oldham,A103,U.S. Senate,,Republican,Jimmy I. LEON,1,0,1,0,0
Oldham,A103,U.S. Senate,,Republican,George WASHINGTON,5,0,5,0,0
Oldham,A103,U.S. House,4,Republican,Thomas MASSIE,261,46,207,8,0
Oldham,A103,U.S. House,4,Republican,Ed GALLREIN,360,49,303,8,0
Oldham,A103,Ballots Cast,,,,950,,,,
Oldham,A103,Property Valuation Administrator,,,J. Albert HARRISON,202,30,170,2,0
Oldham,A103,Property Valuation Administrator,,,Barbara Winters DIETRICH,299,52,235,12,0
Oldham,A103,County Judge/Executive,,,Tom SHEFFER,83,4,79,0,0
Oldham,A103,County Judge/Executive,,,Laura TAPP,102,21,74,7,0
Oldham,A103,County Judge/Executive,,,John W. BLACK,168,21,142,5,0
Oldham,A103,County Judge/Executive,,,Chris HAUNZ,32,4,27,1,0
Oldham,A103,County Judge/Executive,,,Robert HOUCHENS,184,41,141,2,0
Oldham,A103,Magistrate,,,R. Lee STANLEY,40,7,33,0,0
Oldham,A103,Magistrate,,,Randy POWELL,157,16,133,8,0
Oldham,A103,Magistrate,,,Brent LIKINS,184,32,149,3,0
Oldham,A103,Magistrate,,,Joyce G. FLETCHER,184,34,146,4,0
Oldham,A103,U.S. Senate,,Democratic,Dale Lewis ROMANS,30,1,29,0,0
Oldham,A103,U.S. Senate,,Democratic,Charles BOOKER,152,18,128,6,0
Oldham,A103,U.S. Senate,,Democratic,Logan FORSYTHE,0,0,0,0,0
Oldham,A103,U.S. Senate,,Democratic,Joshua BLANTON SR.,1,1,0,0,0
Oldham,A103,U.S. Senate,,Democratic,Vincent Anthony THOMPSON,1,0,1,0,0
Oldham,A103,U.S. Senate,,Democratic,Pamela STEVENSON,11,1,10,0,0
Oldham,A103,U.S. Senate,,Democratic,Amy McGRATH,129,23,97,9,0
Oldham,A103,U.S. House,4,Democratic,Melissa Claire STRANGE,256,34,208,14,0
Oldham,A103,U.S. House,4,Democratic,Jesse Russell BREWER,46,8,37,1,0
Oldham,A103,State Senate,6,Democratic,Chaz STOESS,65,7,56,2,0
Oldham,A103,State Senate,6,Democratic,Christian FURMAN,243,37,193,13,0
Oldham,A103,State Representative,59,Democratic,Pandora SEARS,41,4,32,5,0
Oldham,A103,State Representative,59,Democratic,Stephanie WHITE,269,40,219,10,0
Oldham,A104,U.S. Senate,,Republican,A. Nick SHELLEY,4,1,3,0,0
Oldham,A104,U.S. Senate,,Republican,Daniel CAMERON,177,24,152,1,0
Oldham,A104,U.S. Senate,,Republican,Andy BARR,149,20,125,4,0
Oldham,A104,U.S. Senate,,Republican,Anissa CATLETT,5,1,4,0,0
Oldham,A104,U.S. Senate,,Republican,"Valerie ""Dr Val"" FREDRICK",7,0,6,1,0
Oldham,A104,U.S. Senate,,Republican,Jonathan M. HOLLIDAY,0,0,0,0,0
Oldham,A104,U.S. Senate,,Republican,Other Donald WENZEL,0,0,0,0,0
Oldham,A104,U.S. Senate,,Republican,Michael James FARIS,5,4,1,0,0
Oldham,A104,U.S. Senate,,Republican,Nate MORRIS,13,0,13,0,0
Oldham,A104,U.S. Senate,,Republican,James D. DUNCAN,2,0,2,0,0
Oldham,A104,U.S. Senate,,Republican,Jimmy I. LEON,1,0,1,0,0
Oldham,A104,U.S. Senate,,Republican,George WASHINGTON,5,0,5,0,0
Oldham,A104,U.S. House,4,Republican,Thomas MASSIE,197,25,166,6,0
Oldham,A104,U.S. House,4,Republican,Ed GALLREIN,180,23,156,1,0
Oldham,A104,Ballots Cast,,,,632,,,,
Oldham,A104,Property Valuation Administrator,,,J. Albert HARRISON,118,16,101,1,0
Oldham,A104,Property Valuation Administrator,,,Barbara Winters DIETRICH,177,23,148,6,0
Oldham,A104,County Judge/Executive,,,Tom SHEFFER,91,11,75,5,0
Oldham,A104,County Judge/Executive,,,Laura TAPP,42,7,35,0,0
Oldham,A104,County Judge/Executive,,,John W. BLACK,87,8,79,0,0
Oldham,A104,County Judge/Executive,,,Chris HAUNZ,31,6,25,0,0
Oldham,A104,County Judge/Executive,,,Robert HOUCHENS,96,19,75,2,0
Oldham,A104,Magistrate,,,R. Lee STANLEY,27,5,20,2,0
Oldham,A104,Magistrate,,,Randy POWELL,72,10,61,1,0
Oldham,A104,Magistrate,,,Brent LIKINS,109,17,89,3,0
Oldham,A104,Magistrate,,,Joyce G. FLETCHER,121,17,103,1,0
Oldham,A104,U.S. Senate,,Democratic,Dale Lewis ROMANS,11,1,10,0,0
Oldham,A104,U.S. Senate,,Democratic,Charles BOOKER,137,16,118,3,0
Oldham,A104,U.S. Senate,,Democratic,Logan FORSYTHE,1,0,0,1,0
Oldham,A104,U.S. Senate,,Democratic,Joshua BLANTON SR.,0,0,0,0,0
Oldham,A104,U.S. Senate,,Democratic,Vincent Anthony THOMPSON,1,0,1,0,0
Oldham,A104,U.S. Senate,,Democratic,Pamela STEVENSON,15,4,11,0,0
Oldham,A104,U.S. Senate,,Democratic,Amy McGRATH,79,9,70,0,0
Oldham,A104,U.S. House,4,Democratic,Melissa Claire STRANGE,175,23,148,4,0
Oldham,A104,U.S. House,4,Democratic,Jesse Russell BREWER,52,6,46,0,0
Oldham,A104,State Senate,6,Democratic,Chaz STOESS,40,5,34,1,0
Oldham,A104,State Senate,6,Democratic,Christian FURMAN,193,24,166,3,0
Oldham,A104,State Representative,59,Democratic,Pandora SEARS,32,4,26,2,0
Oldham,A104,State Representative,59,Democratic,Stephanie WHITE,207,26,179,2,0
Oldham,B101,U.S. Senate,,Republican,A. Nick SHELLEY,4,0,4,0,0
Oldham,B101,U.S. Senate,,Republican,Daniel CAMERON,71,20,51,0,0
Oldham,B101,U.S. Senate,,Republican,Andy BARR,76,13,61,2,0
Oldham,B101,U.S. Senate,,Republican,Anissa CATLETT,2,0,2,0,0
Oldham,B101,U.S. Senate,,Republican,"Valerie ""Dr Val"" FREDRICK",0,0,0,0,0
Oldham,B101,U.S. Senate,,Republican,Jonathan M. HOLLIDAY,1,0,1,0,0
Oldham,B101,U.S. Senate,,Republican,Other Donald WENZEL,0,0,0,0,0
Oldham,B101,U.S. Senate,,Republican,Michael James FARIS,0,0,0,0,0
Oldham,B101,U.S. Senate,,Republican,Nate MORRIS,3,0,3,0,0
Oldham,B101,U.S. Senate,,Republican,James D. DUNCAN,0,0,0,0,0
Oldham,B101,U.S. Senate,,Republican,Jimmy I. LEON,0,0,0,0,0
Oldham,B101,U.S. Senate,,Republican,George WASHINGTON,2,0,1,1,0
Oldham,B101,U.S. House,4,Republican,Thomas MASSIE,66,15,51,0,0
Oldham,B101,U.S. House,4,Republican,Ed GALLREIN,94,19,72,3,0
Oldham,B101,Ballots Cast,,,,284,,,,
Oldham,B101,Property Valuation Administrator,,,J. Albert HARRISON,55,8,46,1,0
Oldham,B101,Property Valuation Administrator,,,Barbara Winters DIETRICH,73,20,52,1,0
Oldham,B101,County Judge/Executive,,,Tom SHEFFER,17,3,14,0,0
Oldham,B101,County Judge/Executive,,,Laura TAPP,20,6,13,1,0
Oldham,B101,County Judge/Executive,,,John W. BLACK,52,13,37,2,0
Oldham,B101,County Judge/Executive,,,Chris HAUNZ,11,0,11,0,0
Oldham,B101,County Judge/Executive,,,Robert HOUCHENS,55,11,44,0,0
Oldham,B101,Magistrate,,,Robert LANE,67,17,48,2,0
Oldham,B101,Magistrate,,,Mark THEISS,39,10,29,0,0
Oldham,B101,Magistrate,,,Randall McGRAW,34,2,31,1,0
Oldham,B101,U.S. Senate,,Democratic,Dale Lewis ROMANS,10,4,6,0,0
Oldham,B101,U.S. Senate,,Democratic,Charles BOOKER,59,12,47,0,0
Oldham,B101,U.S. Senate,,Democratic,Logan FORSYTHE,2,0,2,0,0
Oldham,B101,U.S. Senate,,Democratic,Joshua BLANTON SR.,1,0,1,0,0
Oldham,B101,U.S. Senate,,Democratic,Vincent Anthony THOMPSON,1,0,1,0,0
Oldham,B101,U.S. Senate,,Democratic,Pamela STEVENSON,5,0,5,0,0
Oldham,B101,U.S. Senate,,Democratic,Amy McGRATH,44,15,27,2,0
Oldham,B101,U.S. House,4,Democratic,Melissa Claire STRANGE,90,22,67,1,0
Oldham,B101,U.S. House,4,Democratic,Jesse Russell BREWER,18,3,15,0,0
Oldham,B101,State Senate,6,Democratic,Chaz STOESS,18,7,11,0,0
Oldham,B101,State Senate,6,Democratic,Christian FURMAN,95,21,73,1,0
Oldham,B101,State Representative,59,Democratic,Pandora SEARS,11,3,7,1,0
Oldham,B101,State Representative,59,Democratic,Stephanie WHITE,104,27,77,0,0
Oldham,B102,U.S. Senate,,Republican,A. Nick SHELLEY,1,0,1,0,0
Oldham,B102,U.S. Senate,,Republican,Daniel CAMERON,99,17,77,5,0
Oldham,B102,U.S. Senate,,Republican,Andy BARR,147,22,121,4,0
Oldham,B102,U.S. Senate,,Republican,Anissa CATLETT,4,0,3,1,0
Oldham,B102,U.S. Senate,,Republican,"Valerie ""Dr Val"" FREDRICK",3,1,2,0,0
Oldham,B102,U.S. Senate,,Republican,Jonathan M. HOLLIDAY,1,0,1,0,0
Oldham,B102,U.S. Senate,,Republican,Other Donald WENZEL,1,1,0,0,0
Oldham,B102,U.S. Senate,,Republican,Michael James FARIS,0,0,0,0,0
Oldham,B102,U.S. Senate,,Republican,Nate MORRIS,2,0,2,0,0
Oldham,B102,U.S. Senate,,Republican,James D. DUNCAN,0,0,0,0,0
Oldham,B102,U.S. Senate,,Republican,Jimmy I. LEON,0,0,0,0,0
Oldham,B102,U.S. Senate,,Republican,George WASHINGTON,4,0,4,0,0
Oldham,B102,U.S. House,4,Republican,Thomas MASSIE,97,16,77,4,0
Oldham,B102,U.S. House,4,Republican,Ed GALLREIN,167,25,136,6,0
Oldham,B102,Ballots Cast,,,,361,,,,
Oldham,B102,Property Valuation Administrator,,,J. Albert HARRISON,90,14,73,3,0
Oldham,B102,Property Valuation Administrator,,,Barbara Winters DIETRICH,105,19,82,4,0
Oldham,B102,County Judge/Executive,,,Tom SHEFFER,39,2,37,0,0
Oldham,B102,County Judge/Executive,,,Laura TAPP,17,1,16,0,0
Oldham,B102,County Judge/Executive,,,John W. BLACK,82,16,63,3,0
Oldham,B102,County Judge/Executive,,,Chris HAUNZ,7,2,5,0,0
Oldham,B102,County Judge/Executive,,,Robert HOUCHENS,86,18,62,6,0
Oldham,B102,Magistrate,,,Robert LANE,51,6,43,2,0
Oldham,B102,Magistrate,,,Mark THEISS,65,15,48,2,0
Oldham,B102,Magistrate,,,Randall McGRAW,102,17,82,3,0
Oldham,B102,U.S. Senate,,Democratic,Dale Lewis ROMANS,7,0,7,0,0
Oldham,B102,U.S. Senate,,Democratic,Charles BOOKER,34,5,28,1,0
Oldham,B102,U.S. Senate,,Democratic,Logan FORSYTHE,2,0,2,0,0
Oldham,B102,U.S. Senate,,Democratic,Joshua BLANTON SR.,2,0,2,0,0
Oldham,B102,U.S. Senate,,Democratic,Vincent Anthony THOMPSON,2,0,2,0,0
Oldham,B102,U.S. Senate,,Democratic,Pamela STEVENSON,3,0,3,0,0
Oldham,B102,U.S. Senate,,Democratic,Amy McGRATH,42,9,28,5,0
Oldham,B102,U.S. House,4,Democratic,Melissa Claire STRANGE,70,12,53,5,0
Oldham,B102,U.S. House,4,Democratic,Jesse Russell BREWER,14,2,11,1,0
Oldham,B102,State Senate,6,Democratic,Chaz STOESS,13,2,10,1,0
Oldham,B102,State Senate,6,Democratic,Christian FURMAN,75,12,58,5,0
Oldham,B102,State Representative,59,Democratic,Pandora SEARS,19,3,16,0,0
Oldham,B102,State Representative,59,Democratic,Stephanie WHITE,72,11,55,6,0
Oldham,B104,U.S. Senate,,Republican,A. Nick SHELLEY,0,0,0,0,0
Oldham,B104,U.S. Senate,,Republican,Daniel CAMERON,35,11,24,0,0
Oldham,B104,U.S. Senate,,Republican,Andy BARR,43,19,24,0,0
Oldham,B104,U.S. Senate,,Republican,Anissa CATLETT,1,0,1,0,0
Oldham,B104,U.S. Senate,,Republican,"Valerie ""Dr Val"" FREDRICK",0,0,0,0,0
Oldham,B104,U.S. Senate,,Republican,Jonathan M. HOLLIDAY,0,0,0,0,0
Oldham,B104,U.S. Senate,,Republican,Other Donald WENZEL,0,0,0,0,0
Oldham,B104,U.S. Senate,,Republican,Michael James FARIS,1,1,0,0,0
Oldham,B104,U.S. Senate,,Republican,Nate MORRIS,0,0,0,0,0
Oldham,B104,U.S. Senate,,Republican,James D. DUNCAN,0,0,0,0,0
Oldham,B104,U.S. Senate,,Republican,Jimmy I. LEON,0,0,0,0,0
Oldham,B104,U.S. Senate,,Republican,George WASHINGTON,0,0,0,0,0
Oldham,B104,U.S. House,4,Republican,Thomas MASSIE,40,11,29,0,0
Oldham,B104,U.S. House,4,Republican,Ed GALLREIN,41,20,21,0,0
Oldham,B104,Ballots Cast,,,,115,,,,
Oldham,B104,Property Valuation Administrator,,,J. Albert HARRISON,32,12,20,0,0
Oldham,B104,Property Valuation Administrator,,,Barbara Winters DIETRICH,38,17,21,0,0
Oldham,B104,County Judge/Executive,,,Tom SHEFFER,2,1,1,0,0
Oldham,B104,County Judge/Executive,,,Laura TAPP,10,3,7,0,0
Oldham,B104,County Judge/Executive,,,John W. BLACK,25,8,17,0,0
Oldham,B104,County Judge/Executive,,,Chris HAUNZ,5,2,3,0,0
Oldham,B104,County Judge/Executive,,,Robert HOUCHENS,38,17,21,0,0
Oldham,B104,Magistrate,,,Robert LANE,40,18,22,0,0
Oldham,B104,Magistrate,,,Mark THEISS,28,11,17,0,0
Oldham,B104,Magistrate,,,Randall McGRAW,7,2,5,0,0
Oldham,B104,U.S. Senate,,Democratic,Dale Lewis ROMANS,4,2,2,0,0
Oldham,B104,U.S. Senate,,Democratic,Charles BOOKER,17,11,6,0,0
Oldham,B104,U.S. Senate,,Democratic,Logan FORSYTHE,2,1,1,0,0
Oldham,B104,U.S. Senate,,Democratic,Joshua BLANTON SR.,0,0,0,0,0
Oldham,B104,U.S. Senate,,Democratic,Vincent Anthony THOMPSON,0,0,0,0,0
Oldham,B104,U.S. Senate,,Democratic,Pamela STEVENSON,0,0,0,0,0
Oldham,B104,U.S. Senate,,Democratic,Amy McGRATH,10,6,4,0,0
Oldham,B104,U.S. House,4,Democratic,Melissa Claire STRANGE,28,16,12,0,0
Oldham,B104,U.S. House,4,Democratic,Jesse Russell BREWER,4,3,1,0,0
Oldham,B104,State Senate,6,Democratic,Chaz STOESS,5,2,3,0,0
Oldham,B104,State Senate,6,Democratic,Christian FURMAN,26,17,9,0,0
Oldham,B104,State Representative,59,Democratic,Pandora SEARS,5,4,1,0,0
Oldham,B104,State Representative,59,Democratic,Stephanie WHITE,27,15,12,0,0
Oldham,B105,U.S. Senate,,Republican,A. Nick SHELLEY,1,0,1,0,0
Oldham,B105,U.S. Senate,,Republican,Daniel CAMERON,357,121,231,5,0
Oldham,B105,U.S. Senate,,Republican,Andy BARR,231,93,127,11,0
Oldham,B105,U.S. Senate,,Republican,Anissa CATLETT,5,2,3,0,0
Oldham,B105,U.S. Senate,,Republican,"Valerie ""Dr Val"" FREDRICK",17,8,8,1,0
Oldham,B105,U.S. Senate,,Republican,Jonathan M. HOLLIDAY,2,1,1,0,0
Oldham,B105,U.S. Senate,,Republican,Other Donald WENZEL,1,1,0,0,0
Oldham,B105,U.S. Senate,,Republican,Michael James FARIS,10,2,8,0,0
Oldham,B105,U.S. Senate,,Republican,Nate MORRIS,11,5,6,0,0
Oldham,B105,U.S. Senate,,Republican,James D. DUNCAN,3,2,1,0,0
Oldham,B105,U.S. Senate,,Republican,Jimmy I. LEON,1,1,0,0,0
Oldham,B105,U.S. Senate,,Republican,George WASHINGTON,11,3,8,0,0
Oldham,B105,U.S. House,4,Republican,Thomas MASSIE,318,120,194,4,0
Oldham,B105,U.S. House,4,Republican,Ed GALLREIN,335,121,200,14,0
Oldham,B105,Ballots Cast,,,,883,,,,
Oldham,B105,Property Valuation Administrator,,,J. Albert HARRISON,201,68,129,4,0
Oldham,B105,Property Valuation Administrator,,,Barbara Winters DIETRICH,347,139,198,10,0
Oldham,B105,County Judge/Executive,,,Tom SHEFFER,30,9,21,0,0
Oldham,B105,County Judge/Executive,,,Laura TAPP,118,47,69,2,0
Oldham,B105,County Judge/Executive,,,John W. BLACK,175,53,112,10,0
Oldham,B105,County Judge/Executive,,,Chris HAUNZ,15,6,9,0,0
Oldham,B105,County Judge/Executive,,,Robert HOUCHENS,305,121,179,5,0
Oldham,B105,Magistrate,,,Robert LANE,291,124,167,0,0
Oldham,B105,Magistrate,,,Mark THEISS,232,74,148,10,0
Oldham,B105,Magistrate,,,Randall McGRAW,109,37,66,6,0
Oldham,B105,U.S. Senate,,Democratic,Dale Lewis ROMANS,11,8,2,1,0
Oldham,B105,U.S. Senate,,Democratic,Charles BOOKER,101,32,65,4,0
Oldham,B105,U.S. Senate,,Democratic,Logan FORSYTHE,3,1,2,0,0
Oldham,B105,U.S. Senate,,Democratic,Joshua BLANTON SR.,0,0,0,0,0
Oldham,B105,U.S. Senate,,Democratic,Vincent Anthony THOMPSON,1,1,0,0,0
Oldham,B105,U.S. Senate,,Democratic,Pamela STEVENSON,9,6,3,0,0
Oldham,B105,U.S. Senate,,Democratic,Amy McGRATH,86,42,40,4,0
Oldham,B105,U.S. House,4,Democratic,Melissa Claire STRANGE,152,63,82,7,0
Oldham,B105,U.S. House,4,Democratic,Jesse Russell BREWER,41,17,22,2,0
Oldham,B105,State Senate,6,Democratic,Chaz STOESS,57,16,37,4,0
Oldham,B105,State Senate,6,Democratic,Christian FURMAN,143,69,69,5,0
Oldham,B105,State Representative,59,Democratic,Pandora SEARS,36,10,23,3,0
Oldham,B105,State Representative,59,Democratic,Stephanie WHITE,161,74,81,6,0
Oldham,B106,U.S. Senate,,Republican,A. Nick SHELLEY,0,0,0,0,0
Oldham,B106,U.S. Senate,,Republican,Daniel CAMERON,56,7,49,0,0
Oldham,B106,U.S. Senate,,Republican,Andy BARR,72,11,61,0,0
Oldham,B106,U.S. Senate,,Republican,Anissa CATLETT,0,0,0,0,0
Oldham,B106,U.S. Senate,,Republican,"Valerie ""Dr Val"" FREDRICK",8,3,5,0,0
Oldham,B106,U.S. Senate,,Republican,Jonathan M. HOLLIDAY,0,0,0,0,0
Oldham,B106,U.S. Senate,,Republican,Other Donald WENZEL,1,1,0,0,0
Oldham,B106,U.S. Senate,,Republican,Michael James FARIS,3,0,3,0,0
Oldham,B106,U.S. Senate,,Republican,Nate MORRIS,3,0,3,0,0
Oldham,B106,U.S. Senate,,Republican,James D. DUNCAN,1,1,0,0,0
Oldham,B106,U.S. Senate,,Republican,Jimmy I. LEON,0,0,0,0,0
Oldham,B106,U.S. Senate,,Republican,George WASHINGTON,2,1,1,0,0
Oldham,B106,U.S. House,4,Republican,Thomas MASSIE,65,12,52,1,0
Oldham,B106,U.S. House,4,Republican,Ed GALLREIN,83,12,71,0,0
Oldham,B106,Ballots Cast,,,,269,,,,
Oldham,B106,Property Valuation Administrator,,,J. Albert HARRISON,43,7,36,0,0
Oldham,B106,Property Valuation Administrator,,,Barbara Winters DIETRICH,66,11,55,0,0
Oldham,B106,County Judge/Executive,,,Tom SHEFFER,39,5,34,0,0
Oldham,B106,County Judge/Executive,,,Laura TAPP,16,8,8,0,0
Oldham,B106,County Judge/Executive,,,John W. BLACK,31,3,28,0,0
Oldham,B106,County Judge/Executive,,,Chris HAUNZ,5,0,5,0,0
Oldham,B106,County Judge/Executive,,,Robert HOUCHENS,40,4,36,0,0
Oldham,B106,Magistrate,,,Robert LANE,21,7,14,0,0
Oldham,B106,Magistrate,,,Mark THEISS,38,7,31,0,0
Oldham,B106,Magistrate,,,Randall McGRAW,63,6,57,0,0
Oldham,B106,U.S. Senate,,Democratic,Dale Lewis ROMANS,3,0,3,0,0
Oldham,B106,U.S. Senate,,Democratic,Charles BOOKER,64,6,55,3,0
Oldham,B106,U.S. Senate,,Democratic,Logan FORSYTHE,3,0,2,1,0
Oldham,B106,U.S. Senate,,Democratic,Joshua BLANTON SR.,0,0,0,0,0
Oldham,B106,U.S. Senate,,Democratic,Vincent Anthony THOMPSON,1,0,1,0,0
Oldham,B106,U.S. Senate,,Democratic,Pamela STEVENSON,6,0,6,0,0
Oldham,B106,U.S. Senate,,Democratic,Amy McGRATH,44,5,39,0,0
Oldham,B106,U.S. House,4,Democratic,Melissa Claire STRANGE,89,10,76,3,0
Oldham,B106,U.S. House,4,Democratic,Jesse Russell BREWER,20,1,18,1,0
Oldham,B106,State Senate,6,Democratic,Chaz STOESS,19,0,17,2,0
Oldham,B106,State Senate,6,Democratic,Christian FURMAN,96,11,83,2,0
Oldham,B106,State Representative,59,Democratic,Pandora SEARS,16,0,14,2,0
Oldham,B106,State Representative,59,Democratic,Stephanie WHITE,101,11,88,2,0
Oldham,C101,U.S. Senate,,Republican,A. Nick SHELLEY,3,1,0,2,0
Oldham,C101,U.S. Senate,,Republican,Daniel CAMERON,161,54,106,1,0
Oldham,C101,U.S. Senate,,Republican,Andy BARR,117,32,84,1,0
Oldham,C101,U.S. Senate,,Republican,Anissa CATLETT,2,0,2,0,0
Oldham,C101,U.S. Senate,,Republican,"Valerie ""Dr Val"" FREDRICK",3,3,0,0,0
Oldham,C101,U.S. Senate,,Republican,Jonathan M. HOLLIDAY,0,0,0,0,0
Oldham,C101,U.S. Senate,,Republican,Other Donald WENZEL,1,0,1,0,0
Oldham,C101,U.S. Senate,,Republican,Michael James FARIS,8,3,5,0,0
Oldham,C101,U.S. Senate,,Republican,Nate MORRIS,8,1,5,2,0
Oldham,C101,U.S. Senate,,Republican,James D. DUNCAN,3,0,3,0,0
Oldham,C101,U.S. Senate,,Republican,Jimmy I. LEON,0,0,0,0,0
Oldham,C101,U.S. Senate,,Republican,George WASHINGTON,6,2,4,0,0
Oldham,C101,U.S. House,4,Republican,Thomas MASSIE,165,51,111,3,0
Oldham,C101,U.S. House,4,Republican,Ed GALLREIN,145,43,99,3,0
Oldham,C101,Ballots Cast,,,,393,,,,
Oldham,C101,Property Valuation Administrator,,,J. Albert HARRISON,124,40,83,1,0
Oldham,C101,Property Valuation Administrator,,,Barbara Winters DIETRICH,155,45,108,2,0
Oldham,C101,County Judge/Executive,,,Tom SHEFFER,4,0,4,0,0
Oldham,C101,County Judge/Executive,,,Laura TAPP,46,13,33,0,0
Oldham,C101,County Judge/Executive,,,John W. BLACK,57,12,44,1,0
Oldham,C101,County Judge/Executive,,,Chris HAUNZ,20,1,19,0,0
Oldham,C101,County Judge/Executive,,,Robert HOUCHENS,180,68,108,4,0
Oldham,C101,Magistrate,,,Kevin R. WOOSLEY,245,76,165,4,0
Oldham,C101,Magistrate,,,Robert LESLIE,48,14,33,1,0
Oldham,C101,U.S. Senate,,Democratic,Dale Lewis ROMANS,7,2,5,0,0
Oldham,C101,U.S. Senate,,Democratic,Charles BOOKER,28,5,22,1,0
Oldham,C101,U.S. Senate,,Democratic,Logan FORSYTHE,0,0,0,0,0
Oldham,C101,U.S. Senate,,Democratic,Joshua BLANTON SR.,0,0,0,0,0
Oldham,C101,U.S. Senate,,Democratic,Vincent Anthony THOMPSON,0,0,0,0,0
Oldham,C101,U.S. Senate,,Democratic,Pamela STEVENSON,4,1,3,0,0
Oldham,C101,U.S. Senate,,Democratic,Amy McGRATH,40,10,30,0,0
Oldham,C101,U.S. House,4,Democratic,Melissa Claire STRANGE,55,11,44,0,0
Oldham,C101,U.S. House,4,Democratic,Jesse Russell BREWER,15,6,8,1,0
Oldham,C101,State Senate,6,Democratic,Chaz STOESS,27,4,22,1,0
Oldham,C101,State Senate,6,Democratic,Christian FURMAN,48,14,34,0,0
Oldham,C101,State Representative,59,Democratic,Pandora SEARS,16,3,13,0,0
Oldham,C101,State Representative,59,Democratic,Stephanie WHITE,53,14,38,1,0
Oldham,C102,U.S. Senate,,Republican,A. Nick SHELLEY,0,0,0,0,0
Oldham,C102,U.S. Senate,,Republican,Daniel CAMERON,247,93,149,5,0
Oldham,C102,U.S. Senate,,Republican,Andy BARR,168,50,111,7,0
Oldham,C102,U.S. Senate,,Republican,Anissa CATLETT,2,0,1,1,0
Oldham,C102,U.S. Senate,,Republican,"Valerie ""Dr Val"" FREDRICK",5,0,5,0,0
Oldham,C102,U.S. Senate,,Republican,Jonathan M. HOLLIDAY,2,0,2,0,0
Oldham,C102,U.S. Senate,,Republican,Other Donald WENZEL,0,0,0,0,0
Oldham,C102,U.S. Senate,,Republican,Michael James FARIS,6,3,2,1,0
Oldham,C102,U.S. Senate,,Republican,Nate MORRIS,12,6,5,1,0
Oldham,C102,U.S. Senate,,Republican,James D. DUNCAN,1,0,1,0,0
Oldham,C102,U.S. Senate,,Republican,Jimmy I. LEON,0,0,0,0,0
Oldham,C102,U.S. Senate,,Republican,George WASHINGTON,2,1,1,0,0
Oldham,C102,U.S. House,4,Republican,Thomas MASSIE,218,81,131,6,0
Oldham,C102,U.S. House,4,Republican,Ed GALLREIN,233,76,149,8,0
Oldham,C102,Ballots Cast,,,,604,,,,
Oldham,C102,Property Valuation Administrator,,,J. Albert HARRISON,172,57,109,6,0
Oldham,C102,Property Valuation Administrator,,,Barbara Winters DIETRICH,216,86,123,7,0
Oldham,C102,County Judge/Executive,,,Tom SHEFFER,9,1,8,0,0
Oldham,C102,County Judge/Executive,,,Laura TAPP,68,26,41,1,0
Oldham,C102,County Judge/Executive,,,John W. BLACK,97,31,62,4,0
Oldham,C102,County Judge/Executive,,,Chris HAUNZ,27,11,16,0,0
Oldham,C102,County Judge/Executive,,,Robert HOUCHENS,249,89,150,10,0
Oldham,C102,Magistrate,,,Kevin R. WOOSLEY,354,127,212,15,0
Oldham,C102,Magistrate,,,Robert LESLIE,72,27,45,0,0
Oldham,C102,U.S. Senate,,Democratic,Dale Lewis ROMANS,14,3,11,0,0
Oldham,C102,U.S. Senate,,Democratic,Charles BOOKER,56,12,44,0,0
Oldham,C102,U.S. Senate,,Democratic,Logan FORSYTHE,3,1,1,1,0
Oldham,C102,U.S. Senate,,Democratic,Joshua BLANTON SR.,2,1,1,0,0
Oldham,C102,U.S. Senate,,Democratic,Vincent Anthony THOMPSON,0,0,0,0,0
Oldham,C102,U.S. Senate,,Democratic,Pamela STEVENSON,5,2,3,0,0
Oldham,C102,U.S. Senate,,Democratic,Amy McGRATH,57,30,27,0,0
Oldham,C102,U.S. House,4,Democratic,Melissa Claire STRANGE,94,36,58,0,0
Oldham,C102,U.S. House,4,Democratic,Jesse Russell BREWER,35,10,24,1,0
Oldham,C102,State Senate,6,Democratic,Chaz STOESS,40,12,28,0,0
Oldham,C102,State Senate,6,Democratic,Christian FURMAN,93,35,57,1,0
Oldham,C102,State Representative,59,Democratic,Pandora SEARS,30,7,23,0,0
Oldham,C102,State Representative,59,Democratic,Stephanie WHITE,103,41,61,1,0
Oldham,C102,Mayor City of Lagrange,,,Jason KINSER,27,6,17,4,0
Oldham,C102,Mayor City of Lagrange,,,Trey KAMER,20,5,15,0,0
Oldham,C102,Mayor City of Lagrange,,,Donna SABO,52,12,38,2,0
Oldham,C102,City Council City of Lagrange,,,Mike THOMPSON,35,5,24,6,0
Oldham,C102,City Council City of Lagrange,,,Joe EZZIO,9,1,8,0,0
Oldham,C102,City Council City of Lagrange,,,Kristy WALDRIDGE,36,11,23,2,0
Oldham,C102,City Council City of Lagrange,,,Latosha BOOKER-BISHOP,36,12,22,2,0
Oldham,C102,City Council City of Lagrange,,,Rod SPIES,26,6,16,4,0
Oldham,C102,City Council City of Lagrange,,,Deborah Bramblett POLLARD,33,13,18,2,0
Oldham,C102,City Council City of Lagrange,,,Kenneth POWELL,28,9,17,2,0
Oldham,C102,City Council City of Lagrange,,,Andrew DUNK,14,1,12,1,0
Oldham,C102,City Council City of Lagrange,,,James EZZIO,9,3,5,1,0
Oldham,C102,City Council City of Lagrange,,,Joe DAVENPORT,27,9,14,4,0
Oldham,C102,City Council City of Lagrange,,,Edward ENNIS,7,0,4,3,0
Oldham,C102,City Council City of Lagrange,,,Laura TAYLOR,45,14,28,3,0
Oldham,C102,City Council City of Lagrange,,,Lucy R. RICKETTS,56,14,39,3,0
Oldham,C102,City Council City of Lagrange,,,Sarah LITTLE,37,11,24,2,0
Oldham,C102,City Council City of Lagrange,,,Jason TAYLOR,31,8,21,2,0
Oldham,C102,City Council City of Lagrange,,,Sean WOOD,11,2,6,3,0
Oldham,C102,City Council City of Lagrange,,,Landen COCKRELL,16,2,12,2,0
Oldham,C102,City Council City of Lagrange,,,Emily COCKRELL,34,8,24,2,0
Oldham,C103,U.S. Senate,,Republican,A. Nick SHELLEY,1,0,1,0,0
Oldham,C103,U.S. Senate,,Republican,Daniel CAMERON,156,51,100,5,0
Oldham,C103,U.S. Senate,,Republican,Andy BARR,92,40,51,1,0
Oldham,C103,U.S. Senate,,Republican,Anissa CATLETT,5,1,4,0,0
Oldham,C103,U.S. Senate,,Republican,"Valerie ""Dr Val"" FREDRICK",7,1,6,0,0
Oldham,C103,U.S. Senate,,Republican,Jonathan M. HOLLIDAY,1,0,1,0,0
Oldham,C103,U.S. Senate,,Republican,Other Donald WENZEL,1,0,1,0,0
Oldham,C103,U.S. Senate,,Republican,Michael James FARIS,3,0,3,0,0
Oldham,C103,U.S. Senate,,Republican,Nate MORRIS,8,2,5,1,0
Oldham,C103,U.S. Senate,,Republican,James D. DUNCAN,1,0,1,0,0
Oldham,C103,U.S. Senate,,Republican,Jimmy I. LEON,0,0,0,0,0
Oldham,C103,U.S. Senate,,Republican,George WASHINGTON,2,0,1,1,0
Oldham,C103,U.S. House,4,Republican,Thomas MASSIE,133,38,91,4,0
Oldham,C103,U.S. House,4,Republican,Ed GALLREIN,148,55,87,6,0
Oldham,C103,Ballots Cast,,,,443,,,,
Oldham,C103,Property Valuation Administrator,,,J. Albert HARRISON,108,38,67,3,0
Oldham,C103,Property Valuation Administrator,,,Barbara Winters DIETRICH,138,48,84,6,0
Oldham,C103,County Judge/Executive,,,Tom SHEFFER,6,1,3,2,0
Oldham,C103,County Judge/Executive,,,Laura TAPP,59,17,40,2,0
Oldham,C103,County Judge/Executive,,,John W. BLACK,74,22,49,3,0
Oldham,C103,County Judge/Executive,,,Chris HAUNZ,8,1,7,0,0
Oldham,C103,County Judge/Executive,,,Robert HOUCHENS,134,53,78,3,0
Oldham,C103,Magistrate,,,Kevin R. WOOSLEY,192,69,114,9,0
Oldham,C103,Magistrate,,,Robert LESLIE,59,18,40,1,0
Oldham,C103,U.S. Senate,,Democratic,Dale Lewis ROMANS,2,2,0,0,0
Oldham,C103,U.S. Senate,,Democratic,Charles BOOKER,54,16,38,0,0
Oldham,C103,U.S. Senate,,Democratic,Logan FORSYTHE,1,1,0,0,0
Oldham,C103,U.S. Senate,,Democratic,Joshua BLANTON SR.,1,0,1,0,0
Oldham,C103,U.S. Senate,,Democratic,Vincent Anthony THOMPSON,0,0,0,0,0
Oldham,C103,U.S. Senate,,Democratic,Pamela STEVENSON,3,1,2,0,0
Oldham,C103,U.S. Senate,,Democratic,Amy McGRATH,67,33,30,4,0
Oldham,C103,U.S. House,4,Democratic,Melissa Claire STRANGE,84,35,45,4,0
Oldham,C103,U.S. House,4,Democratic,Jesse Russell BREWER,28,13,15,0,0
Oldham,C103,State Senate,6,Democratic,Chaz STOESS,36,12,22,2,0
Oldham,C103,State Senate,6,Democratic,Christian FURMAN,81,37,42,2,0
Oldham,C103,State Representative,59,Democratic,Pandora SEARS,18,6,11,1,0
Oldham,C103,State Representative,59,Democratic,Stephanie WHITE,91,43,45,3,0
Oldham,C103,Mayor City of Lagrange,,,Jason KINSER,113,44,67,2,0
Oldham,C103,Mayor City of Lagrange,,,Trey KAMER,132,45,84,3,0
Oldham,C103,Mayor City of Lagrange,,,Donna SABO,171,63,99,9,0
Oldham,C103,City Council City of Lagrange,,,Mike THOMPSON,153,53,96,4,0
Oldham,C103,City Council City of Lagrange,,,Joe EZZIO,74,29,43,2,0
Oldham,C103,City Council City of Lagrange,,,Kristy WALDRIDGE,109,33,74,2,0
Oldham,C103,City Council City of Lagrange,,,Latosha BOOKER-BISHOP,160,63,91,6,0
Oldham,C103,City Council City of Lagrange,,,Rod SPIES,106,38,67,1,0
Oldham,C103,City Council City of Lagrange,,,Deborah Bramblett POLLARD,154,59,91,4,0
Oldham,C103,City Council City of Lagrange,,,Kenneth POWELL,162,61,97,4,0
Oldham,C103,City Council City of Lagrange,,,Andrew DUNK,57,24,33,0,0
Oldham,C103,City Council City of Lagrange,,,James EZZIO,49,17,32,0,0
Oldham,C103,City Council City of Lagrange,,,Joe DAVENPORT,164,62,95,7,0
Oldham,C103,City Council City of Lagrange,,,Edward ENNIS,36,18,18,0,0
Oldham,C103,City Council City of Lagrange,,,Laura TAYLOR,164,57,102,5,0
Oldham,C103,City Council City of Lagrange,,,Lucy R. RICKETTS,146,53,86,7,0
Oldham,C103,City Council City of Lagrange,,,Sarah LITTLE,135,44,89,2,0
Oldham,C103,City Council City of Lagrange,,,Jason TAYLOR,147,54,88,5,0
Oldham,C103,City Council City of Lagrange,,,Sean WOOD,53,18,35,0,0
Oldham,C103,City Council City of Lagrange,,,Landen COCKRELL,63,24,39,0,0
Oldham,C103,City Council City of Lagrange,,,Emily COCKRELL,104,34,68,2,0
Oldham,C105,U.S. Senate,,Republican,A. Nick SHELLEY,2,0,2,0,0
Oldham,C105,U.S. Senate,,Republican,Daniel CAMERON,157,36,121,0,0
Oldham,C105,U.S. Senate,,Republican,Andy BARR,144,9,135,0,0
Oldham,C105,U.S. Senate,,Republican,Anissa CATLETT,2,0,2,0,0
Oldham,C105,U.S. Senate,,Republican,"Valerie ""Dr Val"" FREDRICK",4,1,3,0,0
Oldham,C105,U.S. Senate,,Republican,Jonathan M. HOLLIDAY,4,0,4,0,0
Oldham,C105,U.S. Senate,,Republican,Other Donald WENZEL,0,0,0,0,0
Oldham,C105,U.S. Senate,,Republican,Michael James FARIS,1,0,1,0,0
Oldham,C105,U.S. Senate,,Republican,Nate MORRIS,6,1,5,0,0
Oldham,C105,U.S. Senate,,Republican,James D. DUNCAN,0,0,0,0,0
Oldham,C105,U.S. Senate,,Republican,Jimmy I. LEON,0,0,0,0,0
Oldham,C105,U.S. Senate,,Republican,George WASHINGTON,5,1,4,0,0
Oldham,C105,U.S. House,4,Republican,Thomas MASSIE,154,34,120,0,0
Oldham,C105,U.S. House,4,Republican,Ed GALLREIN,179,15,164,0,0
Oldham,C105,Ballots Cast,,,,442,,,,
Oldham,C105,Property Valuation Administrator,,,J. Albert HARRISON,122,17,105,0,0
Oldham,C105,Property Valuation Administrator,,,Barbara Winters DIETRICH,168,26,142,0,0
Oldham,C105,County Judge/Executive,,,Tom SHEFFER,8,1,7,0,0
Oldham,C105,County Judge/Executive,,,Laura TAPP,47,9,38,0,0
Oldham,C105,County Judge/Executive,,,John W. BLACK,71,11,60,0,0
Oldham,C105,County Judge/Executive,,,Chris HAUNZ,7,0,7,0,0
Oldham,C105,County Judge/Executive,,,Robert HOUCHENS,195,29,166,0,0
Oldham,C105,Magistrate,,,Kevin R. WOOSLEY,255,40,215,0,0
Oldham,C105,Magistrate,,,Robert LESLIE,57,9,48,0,0
Oldham,C105,U.S. Senate,,Democratic,Dale Lewis ROMANS,4,1,3,0,0
Oldham,C105,U.S. Senate,,Democratic,Charles BOOKER,44,6,37,1,0
Oldham,C105,U.S. Senate,,Democratic,Logan FORSYTHE,0,0,0,0,0
Oldham,C105,U.S. Senate,,Democratic,Joshua BLANTON SR.,0,0,0,0,0
Oldham,C105,U.S. Senate,,Democratic,Vincent Anthony THOMPSON,1,0,1,0,0
Oldham,C105,U.S. Senate,,Democratic,Pamela STEVENSON,4,0,3,1,0
Oldham,C105,U.S. Senate,,Democratic,Amy McGRATH,53,11,41,1,0
Oldham,C105,U.S. House,4,Democratic,Melissa Claire STRANGE,70,14,54,2,0
Oldham,C105,U.S. House,4,Democratic,Jesse Russell BREWER,27,4,22,1,0
Oldham,C105,State Senate,6,Democratic,Chaz STOESS,26,2,24,0,0
Oldham,C105,State Senate,6,Democratic,Christian FURMAN,80,16,61,3,0
Oldham,C105,State Representative,59,Democratic,Pandora SEARS,18,3,15,0,0
Oldham,C105,State Representative,59,Democratic,Stephanie WHITE,83,15,65,3,0
Oldham,C106,U.S. Senate,,Republican,A. Nick SHELLEY,1,1,0,0,0
Oldham,C106,U.S. Senate,,Republican,Daniel CAMERON,85,20,65,0,0
Oldham,C106,U.S. Senate,,Republican,Andy BARR,43,20,22,1,0
Oldham,C106,U.S. Senate,,Republican,Anissa CATLETT,4,0,4,0,0
Oldham,C106,U.S. Senate,,Republican,"Valerie ""Dr Val"" FREDRICK",2,1,1,0,0
Oldham,C106,U.S. Senate,,Republican,Jonathan M. HOLLIDAY,0,0,0,0,0
Oldham,C106,U.S. Senate,,Republican,Other Donald WENZEL,1,1,0,0,0
Oldham,C106,U.S. Senate,,Republican,Michael James FARIS,3,1,2,0,0
Oldham,C106,U.S. Senate,,Republican,Nate MORRIS,3,1,2,0,0
Oldham,C106,U.S. Senate,,Republican,James D. DUNCAN,0,0,0,0,0
Oldham,C106,U.S. Senate,,Republican,Jimmy I. LEON,0,0,0,0,0
Oldham,C106,U.S. Senate,,Republican,George WASHINGTON,3,0,3,0,0
Oldham,C106,U.S. House,4,Republican,Thomas MASSIE,73,22,51,0,0
Oldham,C106,U.S. House,4,Republican,Ed GALLREIN,73,21,51,1,0
Oldham,C106,Ballots Cast,,,,235,,,,
Oldham,C106,Property Valuation Administrator,,,J. Albert HARRISON,60,24,35,1,0
Oldham,C106,Property Valuation Administrator,,,Barbara Winters DIETRICH,57,12,45,0,0
Oldham,C106,County Judge/Executive,,,Tom SHEFFER,7,2,5,0,0
Oldham,C106,County Judge/Executive,,,Laura TAPP,30,12,18,0,0
Oldham,C106,County Judge/Executive,,,John W. BLACK,34,9,25,0,0
Oldham,C106,County Judge/Executive,,,Chris HAUNZ,1,0,1,0,0
Oldham,C106,County Judge/Executive,,,Robert HOUCHENS,73,20,51,2,0
Oldham,C106,Magistrate,,,Kevin R. WOOSLEY,108,35,71,2,0
Oldham,C106,Magistrate,,,Robert LESLIE,25,5,20,0,0
Oldham,C106,U.S. Senate,,Democratic,Dale Lewis ROMANS,6,3,2,1,0
Oldham,C106,U.S. Senate,,Democratic,Charles BOOKER,42,9,30,3,0
Oldham,C106,U.S. Senate,,Democratic,Logan FORSYTHE,1,0,1,0,0
Oldham,C106,U.S. Senate,,Democratic,Joshua BLANTON SR.,0,0,0,0,0
Oldham,C106,U.S. Senate,,Democratic,Vincent Anthony THOMPSON,1,1,0,0,0
Oldham,C106,U.S. Senate,,Democratic,Pamela STEVENSON,5,3,1,1,0
Oldham,C106,U.S. Senate,,Democratic,Amy McGRATH,13,4,9,0,0
Oldham,C106,U.S. House,4,Democratic,Melissa Claire STRANGE,46,11,31,4,0
Oldham,C106,U.S. House,4,Democratic,Jesse Russell BREWER,16,7,9,0,0
Oldham,C106,State Senate,6,Democratic,Chaz STOESS,19,6,12,1,0
Oldham,C106,State Senate,6,Democratic,Christian FURMAN,46,13,29,4,0
Oldham,C106,State Representative,59,Democratic,Pandora SEARS,18,7,9,2,0
Oldham,C106,State Representative,59,Democratic,Stephanie WHITE,44,11,30,3,0
Oldham,C106,Mayor City of Lagrange,,,Jason KINSER,70,16,51,3,0
Oldham,C106,Mayor City of Lagrange,,,Trey KAMER,59,21,38,0,0
Oldham,C106,Mayor City of Lagrange,,,Donna SABO,97,31,62,4,0
Oldham,C106,City Council City of Lagrange,,,Mike THOMPSON,82,22,58,2,0
Oldham,C106,City Council City of Lagrange,,,Joe EZZIO,27,10,16,1,0
Oldham,C106,City Council City of Lagrange,,,Kristy WALDRIDGE,58,21,34,3,0
Oldham,C106,City Council City of Lagrange,,,Latosha BOOKER-BISHOP,86,23,58,5,0
Oldham,C106,City Council City of Lagrange,,,Rod SPIES,64,20,44,0,0
Oldham,C106,City Council City of Lagrange,,,Deborah Bramblett POLLARD,66,17,45,4,0
Oldham,C106,City Council City of Lagrange,,,Kenneth POWELL,68,21,46,1,0
Oldham,C106,City Council City of Lagrange,,,Andrew DUNK,46,12,31,3,0
Oldham,C106,City Council City of Lagrange,,,James EZZIO,24,4,18,2,0
Oldham,C106,City Council City of Lagrange,,,Joe DAVENPORT,75,30,44,1,0
Oldham,C106,City Council City of Lagrange,,,Edward ENNIS,15,5,9,1,0
Oldham,C106,City Council City of Lagrange,,,Laura TAYLOR,95,23,67,5,0
Oldham,C106,City Council City of Lagrange,,,Lucy R. RICKETTS,66,19,43,4,0
Oldham,C106,City Council City of Lagrange,,,Sarah LITTLE,67,15,51,1,0
Oldham,C106,City Council City of Lagrange,,,Jason TAYLOR,80,18,59,3,0
Oldham,C106,City Council City of Lagrange,,,Sean WOOD,33,11,19,3,0
Oldham,C106,City Council City of Lagrange,,,Landen COCKRELL,35,2,32,1,0
Oldham,C106,City Council City of Lagrange,,,Emily COCKRELL,58,11,45,2,0
Oldham,D101,U.S. Senate,,Republican,A. Nick SHELLEY,1,0,1,0,0
Oldham,D101,U.S. Senate,,Republican,Daniel CAMERON,206,53,148,5,0
Oldham,D101,U.S. Senate,,Republican,Andy BARR,155,35,119,1,0
Oldham,D101,U.S. Senate,,Republican,Anissa CATLETT,9,2,7,0,0
Oldham,D101,U.S. Senate,,Republican,"Valerie ""Dr Val"" FREDRICK",6,4,2,0,0
Oldham,D101,U.S. Senate,,Republican,Jonathan M. HOLLIDAY,3,0,3,0,0
Oldham,D101,U.S. Senate,,Republican,Other Donald WENZEL,0,0,0,0,0
Oldham,D101,U.S. Senate,,Republican,Michael James FARIS,10,3,7,0,0
Oldham,D101,U.S. Senate,,Republican,Nate MORRIS,9,3,6,0,0
Oldham,D101,U.S. Senate,,Republican,James D. DUNCAN,4,2,2,0,0
Oldham,D101,U.S. Senate,,Republican,Jimmy I. LEON,2,1,0,1,0
Oldham,D101,U.S. Senate,,Republican,George WASHINGTON,9,2,7,0,0
Oldham,D101,U.S. House,4,Republican,Thomas MASSIE,205,55,148,2,0
Oldham,D101,U.S. House,4,Republican,Ed GALLREIN,208,48,155,5,0
Oldham,D101,Ballots Cast,,,,621,,,,
Oldham,D101,Property Valuation Administrator,,,J. Albert HARRISON,152,48,102,2,0
Oldham,D101,Property Valuation Administrator,,,Barbara Winters DIETRICH,201,47,149,5,0
Oldham,D101,County Judge/Executive,,,Tom SHEFFER,15,2,13,0,0
Oldham,D101,County Judge/Executive,,,Laura TAPP,73,23,48,2,0
Oldham,D101,County Judge/Executive,,,John W. BLACK,110,23,86,1,0
Oldham,D101,County Judge/Executive,,,Chris HAUNZ,22,5,17,0,0
Oldham,D101,County Judge/Executive,,,Robert HOUCHENS,193,53,136,4,0
Oldham,D101,U.S. Senate,,Democratic,Dale Lewis ROMANS,6,2,4,0,0
Oldham,D101,U.S. Senate,,Democratic,Charles BOOKER,93,29,61,3,0
Oldham,D101,U.S. Senate,,Democratic,Logan FORSYTHE,4,1,3,0,0
Oldham,D101,U.S. Senate,,Democratic,Joshua BLANTON SR.,2,0,1,1,0
Oldham,D101,U.S. Senate,,Democratic,Vincent Anthony THOMPSON,0,0,0,0,0
Oldham,D101,U.S. Senate,,Democratic,Pamela STEVENSON,6,2,4,0,0
Oldham,D101,U.S. Senate,,Democratic,Amy McGRATH,63,26,34,3,0
Oldham,D101,U.S. House,4,Democratic,Melissa Claire STRANGE,114,43,68,3,0
Oldham,D101,U.S. House,4,Democratic,Jesse Russell BREWER,44,14,27,3,0
Oldham,D101,State Senate,6,Democratic,Chaz STOESS,46,18,28,0,0
Oldham,D101,State Senate,6,Democratic,Christian FURMAN,119,38,74,7,0
Oldham,D101,State Representative,59,Democratic,Pandora SEARS,50,19,28,3,0
Oldham,D101,State Representative,59,Democratic,Stephanie WHITE,108,36,68,4,0
Oldham,D101,Mayor City of Lagrange,,,Jason KINSER,57,16,41,0,0
Oldham,D101,Mayor City of Lagrange,,,Trey KAMER,71,17,49,5,0
Oldham,D101,Mayor City of Lagrange,,,Donna SABO,141,34,105,2,0
Oldham,D101,City Council City of Lagrange,,,Mike THOMPSON,110,26,81,3,0
Oldham,D101,City Council City of Lagrange,,,Joe EZZIO,44,7,35,2,0
Oldham,D101,City Council City of Lagrange,,,Kristy WALDRIDGE,72,24,46,2,0
Oldham,D101,City Council City of Lagrange,,,Latosha BOOKER-BISHOP,117,32,82,3,0
Oldham,D101,City Council City of Lagrange,,,Rod SPIES,81,28,50,3,0
Oldham,D101,City Council City of Lagrange,,,Deborah Bramblett POLLARD,84,23,58,3,0
Oldham,D101,City Council City of Lagrange,,,Kenneth POWELL,88,20,66,2,0
Oldham,D101,City Council City of Lagrange,,,Andrew DUNK,44,18,25,1,0
Oldham,D101,City Council City of Lagrange,,,James EZZIO,31,9,19,3,0
Oldham,D101,City Council City of Lagrange,,,Joe DAVENPORT,83,15,65,3,0
Oldham,D101,City Council City of Lagrange,,,Edward ENNIS,21,8,12,1,0
Oldham,D101,City Council City of Lagrange,,,Laura TAYLOR,117,34,79,4,0
Oldham,D101,City Council City of Lagrange,,,Lucy R. RICKETTS,86,16,65,5,0
Oldham,D101,City Council City of Lagrange,,,Sarah LITTLE,101,25,73,3,0
Oldham,D101,City Council City of Lagrange,,,Jason TAYLOR,93,28,61,4,0
Oldham,D101,City Council City of Lagrange,,,Sean WOOD,29,12,16,1,0
Oldham,D101,City Council City of Lagrange,,,Landen COCKRELL,45,7,37,1,0
Oldham,D101,City Council City of Lagrange,,,Emily COCKRELL,76,20,54,2,0
Oldham,D103,U.S. Senate,,Republican,A. Nick SHELLEY,5,0,4,1,0
Oldham,D103,U.S. Senate,,Republican,Daniel CAMERON,261,82,172,7,0
Oldham,D103,U.S. Senate,,Republican,Andy BARR,232,58,170,4,0
Oldham,D103,U.S. Senate,,Republican,Anissa CATLETT,10,3,6,1,0
Oldham,D103,U.S. Senate,,Republican,"Valerie ""Dr Val"" FREDRICK",5,2,3,0,0
Oldham,D103,U.S. Senate,,Republican,Jonathan M. HOLLIDAY,2,0,2,0,0
Oldham,D103,U.S. Senate,,Republican,Other Donald WENZEL,1,0,1,0,0
Oldham,D103,U.S. Senate,,Republican,Michael James FARIS,8,4,4,0,0
Oldham,D103,U.S. Senate,,Republican,Nate MORRIS,7,0,5,2,0
Oldham,D103,U.S. Senate,,Republican,James D. DUNCAN,3,0,3,0,0
Oldham,D103,U.S. Senate,,Republican,Jimmy I. LEON,0,0,0,0,0
Oldham,D103,U.S. Senate,,Republican,George WASHINGTON,3,1,2,0,0
Oldham,D103,U.S. House,4,Republican,Thomas MASSIE,241,64,171,6,0
Oldham,D103,U.S. House,4,Republican,Ed GALLREIN,296,86,201,9,0
Oldham,D103,Ballots Cast,,,,688,,,,
Oldham,D103,Property Valuation Administrator,,,J. Albert HARRISON,192,49,139,4,0
Oldham,D103,Property Valuation Administrator,,,Barbara Winters DIETRICH,245,68,169,8,0
Oldham,D103,County Judge/Executive,,,Tom SHEFFER,9,2,7,0,0
Oldham,D103,County Judge/Executive,,,Laura TAPP,104,27,75,2,0
Oldham,D103,County Judge/Executive,,,John W. BLACK,144,39,102,3,0
Oldham,D103,County Judge/Executive,,,Chris HAUNZ,32,10,21,1,0
Oldham,D103,County Judge/Executive,,,Robert HOUCHENS,232,65,159,8,0
Oldham,D103,U.S. Senate,,Democratic,Dale Lewis ROMANS,14,4,9,1,0
Oldham,D103,U.S. Senate,,Democratic,Charles BOOKER,55,11,43,1,0
Oldham,D103,U.S. Senate,,Democratic,Logan FORSYTHE,5,1,4,0,0
Oldham,D103,U.S. Senate,,Democratic,Joshua BLANTON SR.,1,0,1,0,0
Oldham,D103,U.S. Senate,,Democratic,Vincent Anthony THOMPSON,0,0,0,0,0
Oldham,D103,U.S. Senate,,Democratic,Pamela STEVENSON,5,0,5,0,0
Oldham,D103,U.S. Senate,,Democratic,Amy McGRATH,57,23,27,7,0
Oldham,D103,U.S. House,4,Democratic,Melissa Claire STRANGE,97,28,64,5,0
Oldham,D103,U.S. House,4,Democratic,Jesse Russell BREWER,19,4,13,2,0
Oldham,D103,State Senate,6,Democratic,Chaz STOESS,38,10,27,1,0
Oldham,D103,State Senate,6,Democratic,Christian FURMAN,86,25,55,6,0
Oldham,D103,State Representative,59,Democratic,Pandora SEARS,29,7,20,2,0
Oldham,D103,State Representative,59,Democratic,Stephanie WHITE,91,26,60,5,0
Oldham,D103,Mayor City of Lagrange,,,Jason KINSER,46,14,30,2,0
Oldham,D103,Mayor City of Lagrange,,,Trey KAMER,53,17,36,0,0
Oldham,D103,Mayor City of Lagrange,,,Donna SABO,58,20,37,1,0
Oldham,D103,City Council City of Lagrange,,,Mike THOMPSON,62,9,53,0,0
Oldham,D103,City Council City of Lagrange,,,Joe EZZIO,24,7,17,0,0
Oldham,D103,City Council City of Lagrange,,,Kristy WALDRIDGE,39,15,24,0,0
Oldham,D103,City Council City of Lagrange,,,Latosha BOOKER-BISHOP,48,18,30,0,0
Oldham,D103,City Council City of Lagrange,,,Rod SPIES,25,3,21,1,0
Oldham,D103,City Council City of Lagrange,,,Deborah Bramblett POLLARD,53,21,32,0,0
Oldham,D103,City Council City of Lagrange,,,Kenneth POWELL,80,23,57,0,0
Oldham,D103,City Council City of Lagrange,,,Andrew DUNK,30,7,23,0,0
Oldham,D103,City Council City of Lagrange,,,James EZZIO,19,5,14,0,0
Oldham,D103,City Council City of Lagrange,,,Joe DAVENPORT,50,15,34,1,0
Oldham,D103,City Council City of Lagrange,,,Edward ENNIS,14,5,9,0,0
Oldham,D103,City Council City of Lagrange,,,Laura TAYLOR,62,22,40,0,0
Oldham,D103,City Council City of Lagrange,,,Lucy R. RICKETTS,49,22,25,2,0
Oldham,D103,City Council City of Lagrange,,,Sarah LITTLE,54,21,33,0,0
Oldham,D103,City Council City of Lagrange,,,Jason TAYLOR,53,11,41,1,0
Oldham,D103,City Council City of Lagrange,,,Sean WOOD,32,8,24,0,0
Oldham,D103,City Council City of Lagrange,,,Landen COCKRELL,31,7,24,0,0
Oldham,D103,City Council City of Lagrange,,,Emily COCKRELL,53,17,35,1,0
Oldham,D104,U.S. Senate,,Republican,A. Nick SHELLEY,3,0,3,0,0
Oldham,D104,U.S. Senate,,Republican,Daniel CAMERON,121,29,89,3,0
Oldham,D104,U.S. Senate,,Republican,Andy BARR,115,25,84,6,0
Oldham,D104,U.S. Senate,,Republican,Anissa CATLETT,4,0,4,0,0
Oldham,D104,U.S. Senate,,Republican,"Valerie ""Dr Val"" FREDRICK",3,2,1,0,0
Oldham,D104,U.S. Senate,,Republican,Jonathan M. HOLLIDAY,5,2,2,1,0
Oldham,D104,U.S. Senate,,Republican,Other Donald WENZEL,0,0,0,0,0
Oldham,D104,U.S. Senate,,Republican,Michael James FARIS,0,0,0,0,0
Oldham,D104,U.S. Senate,,Republican,Nate MORRIS,3,1,2,0,0
Oldham,D104,U.S. Senate,,Republican,James D. DUNCAN,0,0,0,0,0
Oldham,D104,U.S. Senate,,Republican,Jimmy I. LEON,0,0,0,0,0
Oldham,D104,U.S. Senate,,Republican,George WASHINGTON,2,0,1,1,0
Oldham,D104,U.S. House,4,Republican,Thomas MASSIE,134,28,102,4,0
Oldham,D104,U.S. House,4,Republican,Ed GALLREIN,122,31,84,7,0
Oldham,D104,Ballots Cast,,,,315,,,,
Oldham,D104,Property Valuation Administrator,,,J. Albert HARRISON,87,17,67,3,0
Oldham,D104,Property Valuation Administrator,,,Barbara Winters DIETRICH,125,33,89,3,0
Oldham,D104,County Judge/Executive,,,Tom SHEFFER,5,1,4,0,0
Oldham,D104,County Judge/Executive,,,Laura TAPP,42,8,32,2,0
Oldham,D104,County Judge/Executive,,,John W. BLACK,79,18,57,4,0
Oldham,D104,County Judge/Executive,,,Chris HAUNZ,15,4,9,2,0
Oldham,D104,County Judge/Executive,,,Robert HOUCHENS,114,29,82,3,0
Oldham,D104,U.S. Senate,,Democratic,Dale Lewis ROMANS,4,0,3,1,0
Oldham,D104,U.S. Senate,,Democratic,Charles BOOKER,32,7,24,1,0
Oldham,D104,U.S. Senate,,Democratic,Logan FORSYTHE,1,1,0,0,0
Oldham,D104,U.S. Senate,,Democratic,Joshua BLANTON SR.,1,0,1,0,0
Oldham,D104,U.S. Senate,,Democratic,Vincent Anthony THOMPSON,0,0,0,0,0
Oldham,D104,U.S. Senate,,Democratic,Pamela STEVENSON,1,0,1,0,0
Oldham,D104,U.S. Senate,,Democratic,Amy McGRATH,17,1,15,1,0
Oldham,D104,U.S. House,4,Democratic,Melissa Claire STRANGE,31,6,23,2,0
Oldham,D104,U.S. House,4,Democratic,Jesse Russell BREWER,20,2,18,0,0
Oldham,D104,State Senate,6,Democratic,Chaz STOESS,20,0,20,0,0
Oldham,D104,State Senate,6,Democratic,Christian FURMAN,32,7,23,2,0
Oldham,D104,State Representative,59,Democratic,Pandora SEARS,11,1,10,0,0
Oldham,D104,State Representative,59,Democratic,Stephanie WHITE,41,5,33,3,0
Oldham,D106,U.S. Senate,,Republican,A. Nick SHELLEY,3,0,3,0,0
Oldham,D106,U.S. Senate,,Republican,Daniel CAMERON,159,52,101,6,0
Oldham,D106,U.S. Senate,,Republican,Andy BARR,104,24,78,2,0
Oldham,D106,U.S. Senate,,Republican,Anissa CATLETT,2,0,2,0,0
Oldham,D106,U.S. Senate,,Republican,"Valerie ""Dr Val"" FREDRICK",4,1,3,0,0
Oldham,D106,U.S. Senate,,Republican,Jonathan M. HOLLIDAY,1,0,1,0,0
Oldham,D106,U.S. Senate,,Republican,Other Donald WENZEL,0,0,0,0,0
Oldham,D106,U.S. Senate,,Republican,Michael James FARIS,6,2,4,0,0
Oldham,D106,U.S. Senate,,Republican,Nate MORRIS,7,3,3,1,0
Oldham,D106,U.S. Senate,,Republican,James D. DUNCAN,1,0,1,0,0
Oldham,D106,U.S. Senate,,Republican,Jimmy I. LEON,0,0,0,0,0
Oldham,D106,U.S. Senate,,Republican,George WASHINGTON,9,4,4,1,0
Oldham,D106,U.S. House,4,Republican,Thomas MASSIE,149,34,109,6,0
Oldham,D106,U.S. House,4,Republican,Ed GALLREIN,150,52,94,4,0
Oldham,D106,Ballots Cast,,,,493,,,,
Oldham,D106,Property Valuation Administrator,,,J. Albert HARRISON,105,30,71,4,0
Oldham,D106,Property Valuation Administrator,,,Barbara Winters DIETRICH,153,51,98,4,0
Oldham,D106,County Judge/Executive,,,Tom SHEFFER,13,4,9,0,0
Oldham,D106,County Judge/Executive,,,Laura TAPP,47,10,37,0,0
Oldham,D106,County Judge/Executive,,,John W. BLACK,95,30,64,1,0
Oldham,D106,County Judge/Executive,,,Chris HAUNZ,17,5,11,1,0
Oldham,D106,County Judge/Executive,,,Robert HOUCHENS,136,41,87,8,0
Oldham,D106,U.S. Senate,,Democratic,Dale Lewis ROMANS,8,2,4,2,0
Oldham,D106,U.S. Senate,,Democratic,Charles BOOKER,74,18,53,3,0
Oldham,D106,U.S. Senate,,Democratic,Logan FORSYTHE,6,2,4,0,0
Oldham,D106,U.S. Senate,,Democratic,Joshua BLANTON SR.,1,1,0,0,0
Oldham,D106,U.S. Senate,,Democratic,Vincent Anthony THOMPSON,1,0,1,0,0
Oldham,D106,U.S. Senate,,Democratic,Pamela STEVENSON,11,1,9,1,0
Oldham,D106,U.S. Senate,,Democratic,Amy McGRATH,57,23,33,1,0
Oldham,D106,U.S. House,4,Democratic,Melissa Claire STRANGE,125,37,81,7,0
Oldham,D106,U.S. House,4,Democratic,Jesse Russell BREWER,23,8,15,0,0
Oldham,D106,State Senate,6,Democratic,Chaz STOESS,39,10,28,1,0
Oldham,D106,State Senate,6,Democratic,Christian FURMAN,112,36,70,6,0
Oldham,D106,State Representative,59,Democratic,Pandora SEARS,44,10,33,1,0
Oldham,D106,State Representative,59,Democratic,Stephanie WHITE,107,34,67,6,0
Oldham,D106,Mayor City of Lagrange,,,Jason KINSER,94,26,64,4,0
Oldham,D106,Mayor City of Lagrange,,,Trey KAMER,113,30,76,7,0
Oldham,D106,Mayor City of Lagrange,,,Donna SABO,168,46,117,5,0
Oldham,D106,City Council City of Lagrange,,,Mike THOMPSON,137,36,97,4,0
Oldham,D106,City Council City of Lagrange,,,Joe EZZIO,50,20,25,5,0
Oldham,D106,City Council City of Lagrange,,,Kristy WALDRIDGE,131,37,90,4,0
Oldham,D106,City Council City of Lagrange,,,Latosha BOOKER-BISHOP,156,45,102,9,0
Oldham,D106,City Council City of Lagrange,,,Rod SPIES,101,34,64,3,0
Oldham,D106,City Council City of Lagrange,,,Deborah Bramblett POLLARD,126,31,88,7,0
Oldham,D106,City Council City of Lagrange,,,Kenneth POWELL,125,34,84,7,0
Oldham,D106,City Council City of Lagrange,,,Andrew DUNK,65,18,46,1,0
Oldham,D106,City Council City of Lagrange,,,James EZZIO,36,9,26,1,0
Oldham,D106,City Council City of Lagrange,,,Joe DAVENPORT,121,40,77,4,0
Oldham,D106,City Council City of Lagrange,,,Edward ENNIS,34,8,26,0,0
Oldham,D106,City Council City of Lagrange,,,Laura TAYLOR,163,43,107,13,0
Oldham,D106,City Council City of Lagrange,,,Lucy R. RICKETTS,124,31,87,6,0
Oldham,D106,City Council City of Lagrange,,,Sarah LITTLE,120,30,83,7,0
Oldham,D106,City Council City of Lagrange,,,Jason TAYLOR,141,39,91,11,0
Oldham,D106,City Council City of Lagrange,,,Sean WOOD,55,14,39,2,0
Oldham,D106,City Council City of Lagrange,,,Landen COCKRELL,60,26,32,2,0
Oldham,D106,City Council City of Lagrange,,,Emily COCKRELL,106,32,66,8,0
Oldham,E101,U.S. Senate,,Republican,A. Nick SHELLEY,3,1,2,0,0
Oldham,E101,U.S. Senate,,Republican,Daniel CAMERON,197,46,149,2,0
Oldham,E101,U.S. Senate,,Republican,Andy BARR,147,51,95,1,0
Oldham,E101,U.S. Senate,,Republican,Anissa CATLETT,1,0,1,0,0
Oldham,E101,U.S. Senate,,Republican,"Valerie ""Dr Val"" FREDRICK",4,0,4,0,0
Oldham,E101,U.S. Senate,,Republican,Jonathan M. HOLLIDAY,3,0,3,0,0
Oldham,E101,U.S. Senate,,Republican,Other Donald WENZEL,1,0,1,0,0
Oldham,E101,U.S. Senate,,Republican,Michael James FARIS,4,1,3,0,0
Oldham,E101,U.S. Senate,,Republican,Nate MORRIS,7,2,5,0,0
Oldham,E101,U.S. Senate,,Republican,James D. DUNCAN,1,0,1,0,0
Oldham,E101,U.S. Senate,,Republican,Jimmy I. LEON,0,0,0,0,0
Oldham,E101,U.S. Senate,,Republican,George WASHINGTON,3,0,3,0,0
Oldham,E101,U.S. House,4,Republican,Thomas MASSIE,174,41,132,1,0
Oldham,E101,U.S. House,4,Republican,Ed GALLREIN,207,60,145,2,0
Oldham,E101,Ballots Cast,,,,511,,,,
Oldham,E101,Property Valuation Administrator,,,J. Albert HARRISON,135,31,102,2,0
Oldham,E101,Property Valuation Administrator,,,Barbara Winters DIETRICH,175,55,119,1,0
Oldham,E101,County Judge/Executive,,,Tom SHEFFER,15,1,14,0,0
Oldham,E101,County Judge/Executive,,,Laura TAPP,102,36,66,0,0
Oldham,E101,County Judge/Executive,,,John W. BLACK,75,19,56,0,0
Oldham,E101,County Judge/Executive,,,Chris HAUNZ,31,13,18,0,0
Oldham,E101,County Judge/Executive,,,Robert HOUCHENS,143,31,109,3,0
Oldham,E101,Magistrate,,,Clayton RAYMER,99,26,72,1,0
Oldham,E101,Magistrate,,,J. D. SPARKS,116,26,90,0,0
Oldham,E101,Magistrate,,,William DOUGLAS,121,42,77,2,0
Oldham,E101,U.S. Senate,,Democratic,Dale Lewis ROMANS,7,2,5,0,0
Oldham,E101,U.S. Senate,,Democratic,Charles BOOKER,59,18,41,0,0
Oldham,E101,U.S. Senate,,Democratic,Logan FORSYTHE,5,2,3,0,0
Oldham,E101,U.S. Senate,,Democratic,Joshua BLANTON SR.,0,0,0,0,0
Oldham,E101,U.S. Senate,,Democratic,Vincent Anthony THOMPSON,1,0,1,0,0
Oldham,E101,U.S. Senate,,Democratic,Pamela STEVENSON,9,2,7,0,0
Oldham,E101,U.S. Senate,,Democratic,Amy McGRATH,42,14,28,0,0
Oldham,E101,U.S. House,4,Democratic,Melissa Claire STRANGE,88,28,60,0,0
Oldham,E101,U.S. House,4,Democratic,Jesse Russell BREWER,27,8,19,0,0
Oldham,E101,State Senate,6,Democratic,Chaz STOESS,45,11,34,0,0
Oldham,E101,State Senate,6,Democratic,Christian FURMAN,78,28,50,0,0
Oldham,E101,State Representative,33,Democratic,Tarah Combs LeBLANC,44,7,37,0,0
Oldham,E101,State Representative,33,Democratic,Jennifer HARDIN,78,31,47,0,0
Oldham,E102,U.S. Senate,,Republican,A. Nick SHELLEY,0,0,0,0,0
Oldham,E102,U.S. Senate,,Republican,Daniel CAMERON,267,63,204,0,0
Oldham,E102,U.S. Senate,,Republican,Andy BARR,167,55,110,2,0
Oldham,E102,U.S. Senate,,Republican,Anissa CATLETT,5,1,4,0,0
Oldham,E102,U.S. Senate,,Republican,"Valerie ""Dr Val"" FREDRICK",10,5,5,0,0
Oldham,E102,U.S. Senate,,Republican,Jonathan M. HOLLIDAY,4,0,4,0,0
Oldham,E102,U.S. Senate,,Republican,Other Donald WENZEL,1,0,1,0,0
Oldham,E102,U.S. Senate,,Republican,Michael James FARIS,5,4,1,0,0
Oldham,E102,U.S. Senate,,Republican,Nate MORRIS,7,1,5,1,0
Oldham,E102,U.S. Senate,,Republican,James D. DUNCAN,2,1,1,0,0
Oldham,E102,U.S. Senate,,Republican,Jimmy I. LEON,0,0,0,0,0
Oldham,E102,U.S. Senate,,Republican,George WASHINGTON,9,2,7,0,0
Oldham,E102,U.S. House,4,Republican,Thomas MASSIE,225,63,161,1,0
Oldham,E102,U.S. House,4,Republican,Ed GALLREIN,261,72,187,2,0
Oldham,E102,Ballots Cast,,,,710,,,,
Oldham,E102,Property Valuation Administrator,,,J. Albert HARRISON,167,37,128,2,0
Oldham,E102,Property Valuation Administrator,,,Barbara Winters DIETRICH,249,74,174,1,0
Oldham,E102,County Judge/Executive,,,Tom SHEFFER,16,2,14,0,0
Oldham,E102,County Judge/Executive,,,Laura TAPP,81,21,59,1,0
Oldham,E102,County Judge/Executive,,,John W. BLACK,123,27,94,2,0
Oldham,E102,County Judge/Executive,,,Chris HAUNZ,37,8,29,0,0
Oldham,E102,County Judge/Executive,,,Robert HOUCHENS,216,76,140,0,0
Oldham,E102,Magistrate,,,Clayton RAYMER,118,38,80,0,0
Oldham,E102,Magistrate,,,J. D. SPARKS,135,26,108,1,0
Oldham,E102,Magistrate,,,William DOUGLAS,167,55,111,1,0
Oldham,E102,U.S. Senate,,Democratic,Dale Lewis ROMANS,12,4,8,0,0
Oldham,E102,U.S. Senate,,Democratic,Charles BOOKER,91,19,68,4,0
Oldham,E102,U.S. Senate,,Democratic,Logan FORSYTHE,2,0,2,0,0
Oldham,E102,U.S. Senate,,Democratic,Joshua BLANTON SR.,1,0,1,0,0
Oldham,E102,U.S. Senate,,Democratic,Vincent Anthony THOMPSON,2,0,2,0,0
Oldham,E102,U.S. Senate,,Democratic,Pamela STEVENSON,4,1,3,0,0
Oldham,E102,U.S. Senate,,Democratic,Amy McGRATH,100,32,67,1,0
Oldham,E102,U.S. House,4,Democratic,Melissa Claire STRANGE,138,40,95,3,0
Oldham,E102,U.S. House,4,Democratic,Jesse Russell BREWER,51,10,40,1,0
Oldham,E102,State Senate,6,Democratic,Chaz STOESS,59,10,48,1,0
Oldham,E102,State Senate,6,Democratic,Christian FURMAN,143,45,95,3,0
Oldham,E102,State Representative,33,Democratic,Tarah Combs LeBLANC,76,16,58,2,0
Oldham,E102,State Representative,33,Democratic,Jennifer HARDIN,117,33,82,2,0
Oldham,E103,U.S. Senate,,Republican,A. Nick SHELLEY,1,1,0,0,0
Oldham,E103,U.S. Senate,,Republican,Daniel CAMERON,98,20,77,1,0
Oldham,E103,U.S. Senate,,Republican,Andy BARR,105,17,87,1,0
Oldham,E103,U.S. Senate,,Republican,Anissa CATLETT,0,0,0,0,0
Oldham,E103,U.S. Senate,,Republican,"Valerie ""Dr Val"" FREDRICK",1,0,1,0,0
Oldham,E103,U.S. Senate,,Republican,Jonathan M. HOLLIDAY,2,0,2,0,0
Oldham,E103,U.S. Senate,,Republican,Other Donald WENZEL,0,0,0,0,0
Oldham,E103,U.S. Senate,,Republican,Michael James FARIS,3,0,3,0,0
Oldham,E103,U.S. Senate,,Republican,Nate MORRIS,9,5,4,0,0
Oldham,E103,U.S. Senate,,Republican,James D. DUNCAN,1,0,1,0,0
Oldham,E103,U.S. Senate,,Republican,Jimmy I. LEON,0,0,0,0,0
Oldham,E103,U.S. Senate,,Republican,George WASHINGTON,2,2,0,0,0
Oldham,E103,U.S. House,4,Republican,Thomas MASSIE,110,23,87,0,0
Oldham,E103,U.S. House,4,Republican,Ed GALLREIN,113,22,89,2,0
Oldham,E103,Ballots Cast,,,,320,,,,
Oldham,E103,Property Valuation Administrator,,,J. Albert HARRISON,66,16,50,0,0
Oldham,E103,Property Valuation Administrator,,,Barbara Winters DIETRICH,107,21,85,1,0
Oldham,E103,County Judge/Executive,,,Tom SHEFFER,6,0,6,0,0
Oldham,E103,County Judge/Executive,,,Laura TAPP,61,11,49,1,0
Oldham,E103,County Judge/Executive,,,John W. BLACK,35,4,31,0,0
Oldham,E103,County Judge/Executive,,,Chris HAUNZ,63,19,44,0,0
Oldham,E103,County Judge/Executive,,,Robert HOUCHENS,48,9,39,0,0
Oldham,E103,Magistrate,,,Clayton RAYMER,42,8,34,0,0
Oldham,E103,Magistrate,,,J. D. SPARKS,96,23,72,1,0
Oldham,E103,Magistrate,,,William DOUGLAS,51,12,39,0,0
Oldham,E103,U.S. Senate,,Democratic,Dale Lewis ROMANS,4,3,1,0,0
Oldham,E103,U.S. Senate,,Democratic,Charles BOOKER,57,13,44,0,0
Oldham,E103,U.S. Senate,,Democratic,Logan FORSYTHE,2,0,2,0,0
Oldham,E103,U.S. Senate,,Democratic,Joshua BLANTON SR.,0,0,0,0,0
Oldham,E103,U.S. Senate,,Democratic,Vincent Anthony THOMPSON,2,1,1,0,0
Oldham,E103,U.S. Senate,,Democratic,Pamela STEVENSON,5,0,5,0,0
Oldham,E103,U.S. Senate,,Democratic,Amy McGRATH,24,4,20,0,0
Oldham,E103,U.S. House,4,Democratic,Melissa Claire STRANGE,68,14,54,0,0
Oldham,E103,U.S. House,4,Democratic,Jesse Russell BREWER,17,5,12,0,0
Oldham,E103,State Senate,6,Democratic,Chaz STOESS,24,5,19,0,0
Oldham,E103,State Senate,6,Democratic,Christian FURMAN,66,15,51,0,0
Oldham,E103,State Representative,33,Democratic,Tarah Combs LeBLANC,30,7,23,0,0
Oldham,E103,State Representative,33,Democratic,Jennifer HARDIN,59,14,45,0,0
Oldham,E104,U.S. Senate,,Republican,A. Nick SHELLEY,1,0,1,0,0
Oldham,E104,U.S. Senate,,Republican,Daniel CAMERON,47,5,41,1,0
Oldham,E104,U.S. Senate,,Republican,Andy BARR,41,5,36,0,0
Oldham,E104,U.S. Senate,,Republican,Anissa CATLETT,0,0,0,0,0
Oldham,E104,U.S. Senate,,Republican,"Valerie ""Dr Val"" FREDRICK",2,0,2,0,0
Oldham,E104,U.S. Senate,,Republican,Jonathan M. HOLLIDAY,0,0,0,0,0
Oldham,E104,U.S. Senate,,Republican,Other Donald WENZEL,0,0,0,0,0
Oldham,E104,U.S. Senate,,Republican,Michael James FARIS,1,0,1,0,0
Oldham,E104,U.S. Senate,,Republican,Nate MORRIS,3,2,1,0,0
Oldham,E104,U.S. Senate,,Republican,James D. DUNCAN,1,0,1,0,0
Oldham,E104,U.S. Senate,,Republican,Jimmy I. LEON,0,0,0,0,0
Oldham,E104,U.S. Senate,,Republican,George WASHINGTON,0,0,0,0,0
Oldham,E104,U.S. House,4,Republican,Thomas MASSIE,55,6,49,0,0
Oldham,E104,U.S. House,4,Republican,Ed GALLREIN,42,6,35,1,0
Oldham,E104,Ballots Cast,,,,162,,,,
Oldham,E104,Property Valuation Administrator,,,J. Albert HARRISON,30,3,27,0,0
Oldham,E104,Property Valuation Administrator,,,Barbara Winters DIETRICH,47,9,37,1,0
Oldham,E104,County Judge/Executive,,,Tom SHEFFER,10,2,8,0,0
Oldham,E104,County Judge/Executive,,,Laura TAPP,27,3,24,0,0
Oldham,E104,County Judge/Executive,,,John W. BLACK,21,3,18,0,0
Oldham,E104,County Judge/Executive,,,Chris HAUNZ,17,3,13,1,0
Oldham,E104,County Judge/Executive,,,Robert HOUCHENS,17,1,16,0,0
Oldham,E104,Magistrate,,,Clayton RAYMER,14,3,11,0,0
Oldham,E104,Magistrate,,,J. D. SPARKS,40,3,37,0,0
Oldham,E104,Magistrate,,,William DOUGLAS,28,6,21,1,0
Oldham,E104,U.S. Senate,,Democratic,Dale Lewis ROMANS,1,0,1,0,0
Oldham,E104,U.S. Senate,,Democratic,Charles BOOKER,38,3,35,0,0
Oldham,E104,U.S. Senate,,Democratic,Logan FORSYTHE,1,0,0,1,0
Oldham,E104,U.S. Senate,,Democratic,Joshua BLANTON SR.,1,0,1,0,0
Oldham,E104,U.S. Senate,,Democratic,Vincent Anthony THOMPSON,1,0,1,0,0
Oldham,E104,U.S. Senate,,Democratic,Pamela STEVENSON,4,1,3,0,0
Oldham,E104,U.S. Senate,,Democratic,Amy McGRATH,17,7,10,0,0
Oldham,E104,U.S. House,4,Democratic,Melissa Claire STRANGE,48,8,39,1,0
Oldham,E104,U.S. House,4,Democratic,Jesse Russell BREWER,11,2,9,0,0
Oldham,E104,State Senate,6,Democratic,Chaz STOESS,22,3,19,0,0
Oldham,E104,State Senate,6,Democratic,Christian FURMAN,40,8,31,1,0
Oldham,E104,State Representative,33,Democratic,Tarah Combs LeBLANC,22,3,18,1,0
Oldham,E104,State Representative,33,Democratic,Jennifer HARDIN,36,8,28,0,0
Oldham,E105,U.S. Senate,,Republican,A. Nick SHELLEY,3,2,1,0,0
Oldham,E105,U.S. Senate,,Republican,Daniel CAMERON,232,63,160,9,0
Oldham,E105,U.S. Senate,,Republican,Andy BARR,167,44,121,2,0
Oldham,E105,U.S. Senate,,Republican,Anissa CATLETT,4,2,2,0,0
Oldham,E105,U.S. Senate,,Republican,"Valerie ""Dr Val"" FREDRICK",7,2,5,0,0
Oldham,E105,U.S. Senate,,Republican,Jonathan M. HOLLIDAY,2,0,1,1,0
Oldham,E105,U.S. Senate,,Republican,Other Donald WENZEL,0,0,0,0,0
Oldham,E105,U.S. Senate,,Republican,Michael James FARIS,1,0,1,0,0
Oldham,E105,U.S. Senate,,Republican,Nate MORRIS,10,1,9,0,0
Oldham,E105,U.S. Senate,,Republican,James D. DUNCAN,5,0,5,0,0
Oldham,E105,U.S. Senate,,Republican,Jimmy I. LEON,1,1,0,0,0
Oldham,E105,U.S. Senate,,Republican,George WASHINGTON,9,1,8,0,0
Oldham,E105,U.S. House,4,Republican,Thomas MASSIE,218,55,158,5,0
Oldham,E105,U.S. House,4,Republican,Ed GALLREIN,228,62,159,7,0
Oldham,E105,Ballots Cast,,,,628,,,,
Oldham,E105,Property Valuation Administrator,,,J. Albert HARRISON,148,43,104,1,0
Oldham,E105,Property Valuation Administrator,,,Barbara Winters DIETRICH,215,62,146,7,0
Oldham,E105,County Judge/Executive,,,Tom SHEFFER,15,4,11,0,0
Oldham,E105,County Judge/Executive,,,Laura TAPP,101,40,57,4,0
Oldham,E105,County Judge/Executive,,,John W. BLACK,116,26,84,6,0
Oldham,E105,County Judge/Executive,,,Chris HAUNZ,31,11,20,0,0
Oldham,E105,County Judge/Executive,,,Robert HOUCHENS,166,33,131,2,0
Oldham,E105,Magistrate,,,Clayton RAYMER,132,24,106,2,0
Oldham,E105,Magistrate,,,J. D. SPARKS,123,33,88,2,0
Oldham,E105,Magistrate,,,William DOUGLAS,131,53,73,5,0
Oldham,E105,U.S. Senate,,Democratic,Dale Lewis ROMANS,4,0,3,1,0
Oldham,E105,U.S. Senate,,Democratic,Charles BOOKER,76,26,49,1,0
Oldham,E105,U.S. Senate,,Democratic,Logan FORSYTHE,5,4,1,0,0
Oldham,E105,U.S. Senate,,Democratic,Joshua BLANTON SR.,2,0,2,0,0
Oldham,E105,U.S. Senate,,Democratic,Vincent Anthony THOMPSON,1,0,1,0,0
Oldham,E105,U.S. Senate,,Democratic,Pamela STEVENSON,6,2,4,0,0
Oldham,E105,U.S. Senate,,Democratic,Amy McGRATH,80,32,48,0,0
Oldham,E105,U.S. House,4,Democratic,Melissa Claire STRANGE,126,43,81,2,0
Oldham,E105,U.S. House,4,Democratic,Jesse Russell BREWER,36,14,22,0,0
Oldham,E105,State Senate,6,Democratic,Chaz STOESS,32,11,20,1,0
Oldham,E105,State Senate,6,Democratic,Christian FURMAN,137,50,86,1,0
Oldham,E105,State Representative,33,Democratic,Tarah Combs LeBLANC,45,11,33,1,0
Oldham,E105,State Representative,33,Democratic,Jennifer HARDIN,118,47,70,1,0
Oldham,E106,U.S. Senate,,Republican,A. Nick SHELLEY,0,0,0,0,0
Oldham,E106,U.S. Senate,,Republican,Daniel CAMERON,42,7,32,3,0
Oldham,E106,U.S. Senate,,Republican,Andy BARR,28,10,16,2,0
Oldham,E106,U.S. Senate,,Republican,Anissa CATLETT,1,0,1,0,0
Oldham,E106,U.S. Senate,,Republican,"Valerie ""Dr Val"" FREDRICK",0,0,0,0,0
Oldham,E106,U.S. Senate,,Republican,Jonathan M. HOLLIDAY,1,0,1,0,0
Oldham,E106,U.S. Senate,,Republican,Other Donald WENZEL,0,0,0,0,0
Oldham,E106,U.S. Senate,,Republican,Michael James FARIS,0,0,0,0,0
Oldham,E106,U.S. Senate,,Republican,Nate MORRIS,1,0,1,0,0
Oldham,E106,U.S. Senate,,Republican,James D. DUNCAN,0,0,0,0,0
Oldham,E106,U.S. Senate,,Republican,Jimmy I. LEON,0,0,0,0,0
Oldham,E106,U.S. Senate,,Republican,George WASHINGTON,0,0,0,0,0
Oldham,E106,U.S. House,4,Republican,Thomas MASSIE,36,7,25,4,0
Oldham,E106,U.S. House,4,Republican,Ed GALLREIN,37,10,26,1,0
Oldham,E106,Ballots Cast,,,,110,,,,
Oldham,E106,Property Valuation Administrator,,,J. Albert HARRISON,29,7,20,2,0
Oldham,E106,Property Valuation Administrator,,,Barbara Winters DIETRICH,35,7,26,2,0
Oldham,E106,County Judge/Executive,,,Tom SHEFFER,2,0,2,0,0
Oldham,E106,County Judge/Executive,,,Laura TAPP,9,2,7,0,0
Oldham,E106,County Judge/Executive,,,John W. BLACK,22,6,14,2,0
Oldham,E106,County Judge/Executive,,,Chris HAUNZ,8,5,3,0,0
Oldham,E106,County Judge/Executive,,,Robert HOUCHENS,29,4,22,3,0
Oldham,E106,Magistrate,,,Clayton RAYMER,13,3,10,0,0
Oldham,E106,Magistrate,,,J. D. SPARKS,9,1,8,0,0
Oldham,E106,Magistrate,,,William DOUGLAS,42,11,26,5,0
Oldham,E106,U.S. Senate,,Democratic,Dale Lewis ROMANS,0,0,0,0,0
Oldham,E106,U.S. Senate,,Democratic,Charles BOOKER,18,5,13,0,0
Oldham,E106,U.S. Senate,,Democratic,Logan FORSYTHE,3,0,3,0,0
Oldham,E106,U.S. Senate,,Democratic,Joshua BLANTON SR.,0,0,0,0,0
Oldham,E106,U.S. Senate,,Democratic,Vincent Anthony THOMPSON,0,0,0,0,0
Oldham,E106,U.S. Senate,,Democratic,Pamela STEVENSON,0,0,0,0,0
Oldham,E106,U.S. Senate,,Democratic,Amy McGRATH,15,5,10,0,0
Oldham,E106,U.S. House,4,Democratic,Melissa Claire STRANGE,27,8,19,0,0
Oldham,E106,U.S. House,4,Democratic,Jesse Russell BREWER,6,2,4,0,0
Oldham,E106,State Senate,6,Democratic,Chaz STOESS,7,1,6,0,0
Oldham,E106,State Senate,6,Democratic,Christian FURMAN,26,9,17,0,0
Oldham,E106,State Representative,33,Democratic,Tarah Combs LeBLANC,5,2,3,0,0
Oldham,E106,State Representative,33,Democratic,Jennifer HARDIN,29,8,21,0,0
Oldham,F101,U.S. Senate,,Republican,A. Nick SHELLEY,0,0,0,0,0
Oldham,F101,U.S. Senate,,Republican,Daniel CAMERON,84,17,66,1,0
Oldham,F101,U.S. Senate,,Republican,Andy BARR,69,22,46,1,0
Oldham,F101,U.S. Senate,,Republican,Anissa CATLETT,2,1,1,0,0
Oldham,F101,U.S. Senate,,Republican,"Valerie ""Dr Val"" FREDRICK",4,2,1,1,0
Oldham,F101,U.S. Senate,,Republican,Jonathan M. HOLLIDAY,0,0,0,0,0
Oldham,F101,U.S. Senate,,Republican,Other Donald WENZEL,1,1,0,0,0
Oldham,F101,U.S. Senate,,Republican,Michael James FARIS,4,3,1,0,0
Oldham,F101,U.S. Senate,,Republican,Nate MORRIS,3,0,1,2,0
Oldham,F101,U.S. Senate,,Republican,James D. DUNCAN,1,1,0,0,0
Oldham,F101,U.S. Senate,,Republican,Jimmy I. LEON,1,1,0,0,0
Oldham,F101,U.S. Senate,,Republican,George WASHINGTON,0,0,0,0,0
Oldham,F101,U.S. House,4,Republican,Thomas MASSIE,85,27,55,3,0
Oldham,F101,U.S. House,4,Republican,Ed GALLREIN,86,22,62,2,0
Oldham,F101,Ballots Cast,,,,283,,,,
Oldham,F101,Property Valuation Administrator,,,J. Albert HARRISON,44,16,28,0,0
Oldham,F101,Property Valuation Administrator,,,Barbara Winters DIETRICH,85,28,52,5,0
Oldham,F101,County Judge/Executive,,,Tom SHEFFER,8,4,4,0,0
Oldham,F101,County Judge/Executive,,,Laura TAPP,24,5,18,1,0
Oldham,F101,County Judge/Executive,,,John W. BLACK,55,25,29,1,0
Oldham,F101,County Judge/Executive,,,Chris HAUNZ,10,1,8,1,0
Oldham,F101,County Judge/Executive,,,Robert HOUCHENS,71,13,56,2,0
Oldham,F101,Magistrate,,,Chris JOHNSON,51,21,28,2,0
Oldham,F101,Magistrate,,,Stephanie HAWKINS,94,23,68,3,0
Oldham,F101,U.S. Senate,,Democratic,Dale Lewis ROMANS,4,1,3,0,0
Oldham,F101,U.S. Senate,,Democratic,Charles BOOKER,52,7,43,2,0
Oldham,F101,U.S. Senate,,Democratic,Logan FORSYTHE,1,0,1,0,0
Oldham,F101,U.S. Senate,,Democratic,Joshua BLANTON SR.,0,0,0,0,0
Oldham,F101,U.S. Senate,,Democratic,Vincent Anthony THOMPSON,2,2,0,0,0
Oldham,F101,U.S. Senate,,Democratic,Pamela STEVENSON,5,4,1,0,0
Oldham,F101,U.S. Senate,,Democratic,Amy McGRATH,27,10,14,3,0
Oldham,F101,U.S. House,4,Democratic,Melissa Claire STRANGE,64,21,38,5,0
Oldham,F101,U.S. House,4,Democratic,Jesse Russell BREWER,16,1,15,0,0
Oldham,F101,State Senate,6,Democratic,Chaz STOESS,20,5,15,0,0
Oldham,F101,State Senate,6,Democratic,Christian FURMAN,63,18,40,5,0
Oldham,F101,State Representative,59,Democratic,Pandora SEARS,22,1,19,2,0
Oldham,F101,State Representative,59,Democratic,Stephanie WHITE,60,23,34,3,0
Oldham,F101,Magistrate,,,Tara Mahan O'DONNELL,49,14,32,3,0
Oldham,F101,Magistrate,,,Larry KISER,33,9,22,2,0
Oldham,F101,Mayor City of Lagrange,,,Jason KINSER,66,14,49,3,0
Oldham,F101,Mayor City of Lagrange,,,Trey KAMER,80,27,51,2,0
Oldham,F101,Mayor City of Lagrange,,,Donna SABO,114,36,73,5,0
Oldham,F101,City Council City of Lagrange,,,Mike THOMPSON,113,36,73,4,0
Oldham,F101,City Council City of Lagrange,,,Joe EZZIO,37,8,25,4,0
Oldham,F101,City Council City of Lagrange,,,Kristy WALDRIDGE,121,34,80,7,0
Oldham,F101,City Council City of Lagrange,,,Latosha BOOKER-BISHOP,86,27,53,6,0
Oldham,F101,City Council City of Lagrange,,,Rod SPIES,51,19,31,1,0
Oldham,F101,City Council City of Lagrange,,,Deborah Bramblett POLLARD,108,35,68,5,0
Oldham,F101,City Council City of Lagrange,,,Kenneth POWELL,69,21,45,3,0
Oldham,F101,City Council City of Lagrange,,,Andrew DUNK,40,9,31,0,0
Oldham,F101,City Council City of Lagrange,,,James EZZIO,20,6,12,2,0
Oldham,F101,City Council City of Lagrange,,,Joe DAVENPORT,82,25,54,3,0
Oldham,F101,City Council City of Lagrange,,,Edward ENNIS,22,8,13,1,0
Oldham,F101,City Council City of Lagrange,,,Laura TAYLOR,111,34,72,5,0
Oldham,F101,City Council City of Lagrange,,,Lucy R. RICKETTS,92,31,55,6,0
Oldham,F101,City Council City of Lagrange,,,Sarah LITTLE,92,27,62,3,0
Oldham,F101,City Council City of Lagrange,,,Jason TAYLOR,85,26,57,2,0
Oldham,F101,City Council City of Lagrange,,,Sean WOOD,32,7,23,2,0
Oldham,F101,City Council City of Lagrange,,,Landen COCKRELL,44,12,31,1,0
Oldham,F101,City Council City of Lagrange,,,Emily COCKRELL,86,23,60,3,0
Oldham,F102,U.S. Senate,,Republican,A. Nick SHELLEY,1,0,1,0,0
Oldham,F102,U.S. Senate,,Republican,Daniel CAMERON,148,40,106,2,0
Oldham,F102,U.S. Senate,,Republican,Andy BARR,147,46,95,6,0
Oldham,F102,U.S. Senate,,Republican,Anissa CATLETT,6,1,3,2,0
Oldham,F102,U.S. Senate,,Republican,"Valerie ""Dr Val"" FREDRICK",3,1,2,0,0
Oldham,F102,U.S. Senate,,Republican,Jonathan M. HOLLIDAY,2,1,1,0,0
Oldham,F102,U.S. Senate,,Republican,Other Donald WENZEL,1,1,0,0,0
Oldham,F102,U.S. Senate,,Republican,Michael James FARIS,4,2,2,0,0
Oldham,F102,U.S. Senate,,Republican,Nate MORRIS,3,0,3,0,0
Oldham,F102,U.S. Senate,,Republican,James D. DUNCAN,1,1,0,0,0
Oldham,F102,U.S. Senate,,Republican,Jimmy I. LEON,2,0,1,1,0
Oldham,F102,U.S. Senate,,Republican,George WASHINGTON,5,1,3,1,0
Oldham,F102,U.S. House,4,Republican,Thomas MASSIE,151,44,98,9,0
Oldham,F102,U.S. House,4,Republican,Ed GALLREIN,174,49,122,3,0
Oldham,F102,Ballots Cast,,,,486,,,,
Oldham,F102,Property Valuation Administrator,,,J. Albert HARRISON,123,33,86,4,0
Oldham,F102,Property Valuation Administrator,,,Barbara Winters DIETRICH,151,48,98,5,0
Oldham,F102,County Judge/Executive,,,Tom SHEFFER,9,1,8,0,0
Oldham,F102,County Judge/Executive,,,Laura TAPP,54,18,34,2,0
Oldham,F102,County Judge/Executive,,,John W. BLACK,78,26,49,3,0
Oldham,F102,County Judge/Executive,,,Chris HAUNZ,7,1,5,1,0
Oldham,F102,County Judge/Executive,,,Robert HOUCHENS,172,48,120,4,0
Oldham,F102,Magistrate,,,Chris JOHNSON,104,25,75,4,0
Oldham,F102,Magistrate,,,Stephanie HAWKINS,189,60,124,5,0
Oldham,F102,U.S. Senate,,Democratic,Dale Lewis ROMANS,12,2,9,1,0
Oldham,F102,U.S. Senate,,Democratic,Charles BOOKER,75,23,51,1,0
Oldham,F102,U.S. Senate,,Democratic,Logan FORSYTHE,1,0,1,0,0
Oldham,F102,U.S. Senate,,Democratic,Joshua BLANTON SR.,1,1,0,0,0
Oldham,F102,U.S. Senate,,Democratic,Vincent Anthony THOMPSON,1,0,0,1,0
Oldham,F102,U.S. Senate,,Democratic,Pamela STEVENSON,6,3,3,0,0
Oldham,F102,U.S. Senate,,Democratic,Amy McGRATH,61,25,31,5,0
Oldham,F102,U.S. House,4,Democratic,Melissa Claire STRANGE,113,37,71,5,0
Oldham,F102,U.S. House,4,Democratic,Jesse Russell BREWER,37,12,22,3,0
Oldham,F102,State Senate,6,Democratic,Chaz STOESS,51,18,33,0,0
Oldham,F102,State Senate,6,Democratic,Christian FURMAN,103,36,59,8,0
Oldham,F102,State Representative,59,Democratic,Pandora SEARS,34,10,23,1,0
Oldham,F102,State Representative,59,Democratic,Stephanie WHITE,116,42,67,7,0
Oldham,F102,Magistrate,,,Tara Mahan O'DONNELL,98,36,58,4,0
Oldham,F102,Magistrate,,,Larry KISER,53,14,35,4,0
Oldham,F103,U.S. Senate,,Republican,A. Nick SHELLEY,0,0,0,0,0
Oldham,F103,U.S. Senate,,Republican,Daniel CAMERON,145,38,104,3,0
Oldham,F103,U.S. Senate,,Republican,Andy BARR,111,38,71,2,0
Oldham,F103,U.S. Senate,,Republican,Anissa CATLETT,4,2,2,0,0
Oldham,F103,U.S. Senate,,Republican,"Valerie ""Dr Val"" FREDRICK",4,3,1,0,0
Oldham,F103,U.S. Senate,,Republican,Jonathan M. HOLLIDAY,5,3,2,0,0
Oldham,F103,U.S. Senate,,Republican,Other Donald WENZEL,1,1,0,0,0
Oldham,F103,U.S. Senate,,Republican,Michael James FARIS,4,1,3,0,0
Oldham,F103,U.S. Senate,,Republican,Nate MORRIS,9,2,7,0,0
Oldham,F103,U.S. Senate,,Republican,James D. DUNCAN,2,0,2,0,0
Oldham,F103,U.S. Senate,,Republican,Jimmy I. LEON,1,1,0,0,0
Oldham,F103,U.S. Senate,,Republican,George WASHINGTON,6,1,5,0,0
Oldham,F103,U.S. House,4,Republican,Thomas MASSIE,140,45,94,1,0
Oldham,F103,U.S. House,4,Republican,Ed GALLREIN,154,44,106,4,0
Oldham,F103,Ballots Cast,,,,454,,,,
Oldham,F103,Property Valuation Administrator,,,J. Albert HARRISON,95,31,64,0,0
Oldham,F103,Property Valuation Administrator,,,Barbara Winters DIETRICH,156,55,96,5,0
Oldham,F103,County Judge/Executive,,,Tom SHEFFER,9,3,6,0,0
Oldham,F103,County Judge/Executive,,,Laura TAPP,64,25,39,0,0
Oldham,F103,County Judge/Executive,,,John W. BLACK,64,18,46,0,0
Oldham,F103,County Judge/Executive,,,Chris HAUNZ,20,4,15,1,0
Oldham,F103,County Judge/Executive,,,Robert HOUCHENS,131,40,87,4,0
Oldham,F103,Magistrate,,,Chris JOHNSON,78,23,53,2,0
Oldham,F103,Magistrate,,,Stephanie HAWKINS,191,64,124,3,0
Oldham,F103,U.S. Senate,,Democratic,Dale Lewis ROMANS,10,7,3,0,0
Oldham,F103,U.S. Senate,,Democratic,Charles BOOKER,65,25,37,3,0
Oldham,F103,U.S. Senate,,Democratic,Logan FORSYTHE,4,2,2,0,0
Oldham,F103,U.S. Senate,,Democratic,Joshua BLANTON SR.,1,1,0,0,0
Oldham,F103,U.S. Senate,,Democratic,Vincent Anthony THOMPSON,4,2,2,0,0
Oldham,F103,U.S. Senate,,Democratic,Pamela STEVENSON,3,0,3,0,0
Oldham,F103,U.S. Senate,,Democratic,Amy McGRATH,68,30,37,1,0
Oldham,F103,U.S. House,4,Democratic,Melissa Claire STRANGE,102,47,52,3,0
Oldham,F103,U.S. House,4,Democratic,Jesse Russell BREWER,37,15,22,0,0
Oldham,F103,State Senate,6,Democratic,Chaz STOESS,42,21,19,2,0
Oldham,F103,State Senate,6,Democratic,Christian FURMAN,109,43,64,2,0
Oldham,F103,State Representative,59,Democratic,Pandora SEARS,36,16,20,0,0
Oldham,F103,State Representative,59,Democratic,Stephanie WHITE,111,46,62,3,0
Oldham,F103,Magistrate,,,Tara Mahan O'DONNELL,95,38,54,3,0
Oldham,F103,Magistrate,,,Larry KISER,51,24,26,1,0
Oldham,F104,U.S. Senate,,Republican,A. Nick SHELLEY,1,0,1,0,0
Oldham,F104,U.S. Senate,,Republican,Daniel CAMERON,83,17,64,2,0
Oldham,F104,U.S. Senate,,Republican,Andy BARR,99,24,73,2,0
Oldham,F104,U.S. Senate,,Republican,Anissa CATLETT,6,3,3,0,0
Oldham,F104,U.S. Senate,,Republican,"Valerie ""Dr Val"" FREDRICK",6,2,4,0,0
Oldham,F104,U.S. Senate,,Republican,Jonathan M. HOLLIDAY,3,0,3,0,0
Oldham,F104,U.S. Senate,,Republican,Other Donald WENZEL,0,0,0,0,0
Oldham,F104,U.S. Senate,,Republican,Michael James FARIS,1,1,0,0,0
Oldham,F104,U.S. Senate,,Republican,Nate MORRIS,8,3,5,0,0
Oldham,F104,U.S. Senate,,Republican,James D. DUNCAN,0,0,0,0,0
Oldham,F104,U.S. Senate,,Republican,Jimmy I. LEON,0,0,0,0,0
Oldham,F104,U.S. Senate,,Republican,George WASHINGTON,1,0,1,0,0
Oldham,F104,U.S. House,4,Republican,Thomas MASSIE,82,18,62,2,0
Oldham,F104,U.S. House,4,Republican,Ed GALLREIN,127,32,93,2,0
Oldham,F104,Ballots Cast,,,,292,,,,
Oldham,F104,Property Valuation Administrator,,,J. Albert HARRISON,63,15,44,4,0
Oldham,F104,Property Valuation Administrator,,,Barbara Winters DIETRICH,116,35,81,0,0
Oldham,F104,County Judge/Executive,,,Tom SHEFFER,13,1,12,0,0
Oldham,F104,County Judge/Executive,,,Laura TAPP,50,13,37,0,0
Oldham,F104,County Judge/Executive,,,John W. BLACK,48,9,37,2,0
Oldham,F104,County Judge/Executive,,,Chris HAUNZ,10,1,9,0,0
Oldham,F104,County Judge/Executive,,,Robert HOUCHENS,83,28,53,2,0
Oldham,F104,Magistrate,,,Chris JOHNSON,74,23,47,4,0
Oldham,F104,Magistrate,,,Stephanie HAWKINS,110,25,85,0,0
Oldham,F104,U.S. Senate,,Democratic,Dale Lewis ROMANS,5,4,1,0,0
Oldham,F104,U.S. Senate,,Democratic,Charles BOOKER,37,11,26,0,0
Oldham,F104,U.S. Senate,,Democratic,Logan FORSYTHE,3,1,2,0,0
Oldham,F104,U.S. Senate,,Democratic,Joshua BLANTON SR.,1,0,1,0,0
Oldham,F104,U.S. Senate,,Democratic,Vincent Anthony THOMPSON,0,0,0,0,0
Oldham,F104,U.S. Senate,,Democratic,Pamela STEVENSON,4,1,3,0,0
Oldham,F104,U.S. Senate,,Democratic,Amy McGRATH,29,7,20,2,0
Oldham,F104,U.S. House,4,Democratic,Melissa Claire STRANGE,51,17,32,2,0
Oldham,F104,U.S. House,4,Democratic,Jesse Russell BREWER,24,6,18,0,0
Oldham,F104,State Senate,6,Democratic,Chaz STOESS,27,7,20,0,0
Oldham,F104,State Senate,6,Democratic,Christian FURMAN,49,18,29,2,0
Oldham,F104,State Representative,59,Democratic,Pandora SEARS,15,3,12,0,0
Oldham,F104,State Representative,59,Democratic,Stephanie WHITE,63,21,40,2,0
Oldham,F104,Magistrate,,,Tara Mahan O'DONNELL,57,12,43,2,0
Oldham,F104,Magistrate,,,Larry KISER,23,12,11,0,0
Oldham,F105,U.S. Senate,,Republican,A. Nick SHELLEY,1,1,0,0,0
Oldham,F105,U.S. Senate,,Republican,Daniel CAMERON,159,30,125,4,0
Oldham,F105,U.S. Senate,,Republican,Andy BARR,106,17,86,3,0
Oldham,F105,U.S. Senate,,Republican,Anissa CATLETT,11,4,7,0,0
Oldham,F105,U.S. Senate,,Republican,"Valerie ""Dr Val"" FREDRICK",0,0,0,0,0
Oldham,F105,U.S. Senate,,Republican,Jonathan M. HOLLIDAY,1,0,1,0,0
Oldham,F105,U.S. Senate,,Republican,Other Donald WENZEL,1,1,0,0,0
Oldham,F105,U.S. Senate,,Republican,Michael James FARIS,4,0,3,1,0
Oldham,F105,U.S. Senate,,Republican,Nate MORRIS,9,0,8,1,0
Oldham,F105,U.S. Senate,,Republican,James D. DUNCAN,1,0,1,0,0
Oldham,F105,U.S. Senate,,Republican,Jimmy I. LEON,0,0,0,0,0
Oldham,F105,U.S. Senate,,Republican,George WASHINGTON,7,2,4,1,0
Oldham,F105,U.S. House,4,Republican,Thomas MASSIE,151,30,116,5,0
Oldham,F105,U.S. House,4,Republican,Ed GALLREIN,152,23,123,6,0
Oldham,F105,Ballots Cast,,,,478,,,,
Oldham,F105,Property Valuation Administrator,,,J. Albert HARRISON,112,18,90,4,0
Oldham,F105,Property Valuation Administrator,,,Barbara Winters DIETRICH,141,25,110,6,0
Oldham,F105,County Judge/Executive,,,Tom SHEFFER,13,1,11,1,0
Oldham,F105,County Judge/Executive,,,Laura TAPP,72,15,53,4,0
Oldham,F105,County Judge/Executive,,,John W. BLACK,74,11,61,2,0
Oldham,F105,County Judge/Executive,,,Chris HAUNZ,12,2,10,0,0
Oldham,F105,County Judge/Executive,,,Robert HOUCHENS,128,25,99,4,0
Oldham,F105,Magistrate,,,Chris JOHNSON,101,19,76,6,0
Oldham,F105,Magistrate,,,Stephanie HAWKINS,169,30,135,4,0
Oldham,F105,U.S. Senate,,Democratic,Dale Lewis ROMANS,7,1,4,2,0
Oldham,F105,U.S. Senate,,Democratic,Charles BOOKER,74,18,53,3,0
Oldham,F105,U.S. Senate,,Democratic,Logan FORSYTHE,2,1,1,0,0
Oldham,F105,U.S. Senate,,Democratic,Joshua BLANTON SR.,0,0,0,0,0
Oldham,F105,U.S. Senate,,Democratic,Vincent Anthony THOMPSON,1,0,1,0,0
Oldham,F105,U.S. Senate,,Democratic,Pamela STEVENSON,4,2,2,0,0
Oldham,F105,U.S. Senate,,Democratic,Amy McGRATH,56,17,34,5,0
Oldham,F105,U.S. House,4,Democratic,Melissa Claire STRANGE,115,31,77,7,0
Oldham,F105,U.S. House,4,Democratic,Jesse Russell BREWER,21,8,10,3,0
Oldham,F105,State Senate,6,Democratic,Chaz STOESS,49,11,34,4,0
Oldham,F105,State Senate,6,Democratic,Christian FURMAN,91,28,58,5,0
Oldham,F105,State Representative,59,Democratic,Pandora SEARS,40,10,27,3,0
Oldham,F105,State Representative,59,Democratic,Stephanie WHITE,99,30,63,6,0
Oldham,F105,Magistrate,,,Tara Mahan O'DONNELL,101,23,73,5,0
Oldham,F105,Magistrate,,,Larry KISER,35,14,16,5,0
Oldham,F105,Mayor City of Lagrange,,,Jason KINSER,77,12,61,4,0
Oldham,F105,Mayor City of Lagrange,,,Trey KAMER,65,16,45,4,0
Oldham,F105,Mayor City of Lagrange,,,Donna SABO,148,28,113,7,0
Oldham,F105,City Council City of Lagrange,,,Mike THOMPSON,90,16,70,4,0
Oldham,F105,City Council City of Lagrange,,,Joe EZZIO,74,13,56,5,0
Oldham,F105,City Council City of Lagrange,,,Kristy WALDRIDGE,81,18,57,6,0
Oldham,F105,City Council City of Lagrange,,,Latosha BOOKER-BISHOP,103,22,74,7,0
Oldham,F105,City Council City of Lagrange,,,Rod SPIES,62,11,46,5,0
Oldham,F105,City Council City of Lagrange,,,Deborah Bramblett POLLARD,94,22,64,8,0
Oldham,F105,City Council City of Lagrange,,,Kenneth POWELL,71,13,51,7,0
Oldham,F105,City Council City of Lagrange,,,Andrew DUNK,33,6,26,1,0
Oldham,F105,City Council City of Lagrange,,,James EZZIO,47,8,36,3,0
Oldham,F105,City Council City of Lagrange,,,Joe DAVENPORT,82,21,56,5,0
Oldham,F105,City Council City of Lagrange,,,Edward ENNIS,27,6,21,0,0
Oldham,F105,City Council City of Lagrange,,,Laura TAYLOR,111,23,80,8,0
Oldham,F105,City Council City of Lagrange,,,Lucy R. RICKETTS,104,32,62,10,0
Oldham,F105,City Council City of Lagrange,,,Sarah LITTLE,96,24,68,4,0
Oldham,F105,City Council City of Lagrange,,,Jason TAYLOR,91,20,65,6,0
Oldham,F105,City Council City of Lagrange,,,Sean WOOD,42,7,32,3,0
Oldham,F105,City Council City of Lagrange,,,Landen COCKRELL,40,6,32,2,0
Oldham,F105,City Council City of Lagrange,,,Emily COCKRELL,92,22,63,7,0
Oldham,F106,U.S. Senate,,Republican,A. Nick SHELLEY,0,0,0,0,0
Oldham,F106,U.S. Senate,,Republican,Daniel CAMERON,49,13,34,2,0
Oldham,F106,U.S. Senate,,Republican,Andy BARR,40,14,24,2,0
Oldham,F106,U.S. Senate,,Republican,Anissa CATLETT,0,0,0,0,0
Oldham,F106,U.S. Senate,,Republican,"Valerie ""Dr Val"" FREDRICK",2,0,2,0,0
Oldham,F106,U.S. Senate,,Republican,Jonathan M. HOLLIDAY,0,0,0,0,0
Oldham,F106,U.S. Senate,,Republican,Other Donald WENZEL,0,0,0,0,0
Oldham,F106,U.S. Senate,,Republican,Michael James FARIS,1,0,1,0,0
Oldham,F106,U.S. Senate,,Republican,Nate MORRIS,0,0,0,0,0
Oldham,F106,U.S. Senate,,Republican,James D. DUNCAN,1,1,0,0,0
Oldham,F106,U.S. Senate,,Republican,Jimmy I. LEON,0,0,0,0,0
Oldham,F106,U.S. Senate,,Republican,George WASHINGTON,1,0,1,0,0
Oldham,F106,U.S. House,4,Republican,Thomas MASSIE,54,14,38,2,0
Oldham,F106,U.S. House,4,Republican,Ed GALLREIN,42,14,26,2,0
Oldham,F106,Ballots Cast,,,,129,,,,
Oldham,F106,Property Valuation Administrator,,,J. Albert HARRISON,33,12,19,2,0
Oldham,F106,Property Valuation Administrator,,,Barbara Winters DIETRICH,48,13,33,2,0
Oldham,F106,County Judge/Executive,,,Tom SHEFFER,4,0,4,0,0
Oldham,F106,County Judge/Executive,,,Laura TAPP,19,3,16,0,0
Oldham,F106,County Judge/Executive,,,John W. BLACK,26,8,17,1,0
Oldham,F106,County Judge/Executive,,,Chris HAUNZ,10,6,1,3,0
Oldham,F106,County Judge/Executive,,,Robert HOUCHENS,30,9,21,0,0
Oldham,F106,Magistrate,,,Chris JOHNSON,21,5,15,1,0
Oldham,F106,Magistrate,,,Stephanie HAWKINS,68,22,43,3,0
Oldham,F106,U.S. Senate,,Democratic,Dale Lewis ROMANS,4,0,4,0,0
Oldham,F106,U.S. Senate,,Democratic,Charles BOOKER,17,2,15,0,0
Oldham,F106,U.S. Senate,,Democratic,Logan FORSYTHE,0,0,0,0,0
Oldham,F106,U.S. Senate,,Democratic,Joshua BLANTON SR.,0,0,0,0,0
Oldham,F106,U.S. Senate,,Democratic,Vincent Anthony THOMPSON,1,1,0,0,0
Oldham,F106,U.S. Senate,,Democratic,Pamela STEVENSON,1,0,1,0,0
Oldham,F106,U.S. Senate,,Democratic,Amy McGRATH,10,4,4,2,0
Oldham,F106,U.S. House,4,Democratic,Melissa Claire STRANGE,21,4,16,1,0
Oldham,F106,U.S. House,4,Democratic,Jesse Russell BREWER,8,3,4,1,0
Oldham,F106,State Senate,6,Democratic,Chaz STOESS,8,3,5,0,0
Oldham,F106,State Senate,6,Democratic,Christian FURMAN,23,4,17,2,0
Oldham,F106,State Representative,59,Democratic,Pandora SEARS,5,0,5,0,0
Oldham,F106,State Representative,59,Democratic,Stephanie WHITE,26,7,17,2,0
Oldham,F106,Magistrate,,,Tara Mahan O'DONNELL,18,3,14,1,0
Oldham,F106,Magistrate,,,Larry KISER,12,4,7,1,0
Oldham,G101,U.S. Senate,,Republican,A. Nick SHELLEY,3,0,3,0,0
Oldham,G101,U.S. Senate,,Republican,Daniel CAMERON,198,32,165,1,0
Oldham,G101,U.S. Senate,,Republican,Andy BARR,192,51,133,8,0
Oldham,G101,U.S. Senate,,Republican,Anissa CATLETT,5,0,5,0,0
Oldham,G101,U.S. Senate,,Republican,"Valerie ""Dr Val"" FREDRICK",8,4,4,0,0
Oldham,G101,U.S. Senate,,Republican,Jonathan M. HOLLIDAY,1,0,1,0,0
Oldham,G101,U.S. Senate,,Republican,Other Donald WENZEL,0,0,0,0,0
Oldham,G101,U.S. Senate,,Republican,Michael James FARIS,3,0,3,0,0
Oldham,G101,U.S. Senate,,Republican,Nate MORRIS,3,1,2,0,0
Oldham,G101,U.S. Senate,,Republican,James D. DUNCAN,1,1,0,0,0
Oldham,G101,U.S. Senate,,Republican,Jimmy I. LEON,0,0,0,0,0
Oldham,G101,U.S. Senate,,Republican,George WASHINGTON,7,1,6,0,0
Oldham,G101,U.S. House,4,Republican,Thomas MASSIE,182,33,146,3,0
Oldham,G101,U.S. House,4,Republican,Ed GALLREIN,243,59,178,6,0
Oldham,G101,Ballots Cast,,,,635,,,,
Oldham,G101,Property Valuation Administrator,,,J. Albert HARRISON,128,27,98,3,0
Oldham,G101,Property Valuation Administrator,,,Barbara Winters DIETRICH,180,45,131,4,0
Oldham,G101,County Judge/Executive,,,Tom SHEFFER,70,10,57,3,0
Oldham,G101,County Judge/Executive,,,Laura TAPP,56,14,42,0,0
Oldham,G101,County Judge/Executive,,,John W. BLACK,104,25,79,0,0
Oldham,G101,County Judge/Executive,,,Chris HAUNZ,49,13,36,0,0
Oldham,G101,County Judge/Executive,,,Robert HOUCHENS,94,21,69,4,0
Oldham,G101,Magistrate,,,Doug LALLI,137,27,105,5,0
Oldham,G101,Magistrate,,,Bob DYE,216,56,158,2,0
Oldham,G101,Constable,,,Joseph P. HAMILTON III.,101,24,74,3,0
Oldham,G101,Constable,,,Eric W. JOHNSON,188,46,138,4,0
Oldham,G101,U.S. Senate,,Democratic,Dale Lewis ROMANS,14,2,11,1,0
Oldham,G101,U.S. Senate,,Democratic,Charles BOOKER,117,27,90,0,0
Oldham,G101,U.S. Senate,,Democratic,Logan FORSYTHE,1,0,1,0,0
Oldham,G101,U.S. Senate,,Democratic,Joshua BLANTON SR.,0,0,0,0,0
Oldham,G101,U.S. Senate,,Democratic,Vincent Anthony THOMPSON,3,0,3,0,0
Oldham,G101,U.S. Senate,,Democratic,Pamela STEVENSON,10,3,7,0,0
Oldham,G101,U.S. Senate,,Democratic,Amy McGRATH,59,16,40,3,0
Oldham,G101,U.S. House,4,Democratic,Melissa Claire STRANGE,162,39,119,4,0
Oldham,G101,U.S. House,4,Democratic,Jesse Russell BREWER,23,8,15,0,0
Oldham,G101,State Senate,6,Democratic,Chaz STOESS,48,10,37,1,0
Oldham,G101,State Senate,6,Democratic,Christian FURMAN,149,39,107,3,0
Oldham,G101,State Representative,59,Democratic,Pandora SEARS,24,3,21,0,0
Oldham,G101,State Representative,59,Democratic,Stephanie WHITE,168,46,118,4,0
Oldham,G102,U.S. Senate,,Republican,A. Nick SHELLEY,4,3,1,0,0
Oldham,G102,U.S. Senate,,Republican,Daniel CAMERON,240,79,156,5,0
Oldham,G102,U.S. Senate,,Republican,Andy BARR,197,59,132,6,0
Oldham,G102,U.S. Senate,,Republican,Anissa CATLETT,2,0,2,0,0
Oldham,G102,U.S. Senate,,Republican,"Valerie ""Dr Val"" FREDRICK",4,1,3,0,0
Oldham,G102,U.S. Senate,,Republican,Jonathan M. HOLLIDAY,2,0,2,0,0
Oldham,G102,U.S. Senate,,Republican,Other Donald WENZEL,1,0,1,0,0
Oldham,G102,U.S. Senate,,Republican,Michael James FARIS,3,2,0,1,0
Oldham,G102,U.S. Senate,,Republican,Nate MORRIS,7,2,4,1,0
Oldham,G102,U.S. Senate,,Republican,James D. DUNCAN,3,2,1,0,0
Oldham,G102,U.S. Senate,,Republican,Jimmy I. LEON,0,0,0,0,0
Oldham,G102,U.S. Senate,,Republican,George WASHINGTON,4,3,1,0,0
Oldham,G102,U.S. House,4,Republican,Thomas MASSIE,217,79,137,1,0
Oldham,G102,U.S. House,4,Republican,Ed GALLREIN,246,73,162,11,0
Oldham,G102,Ballots Cast,,,,653,,,,
Oldham,G102,Property Valuation Administrator,,,J. Albert HARRISON,143,34,106,3,0
Oldham,G102,Property Valuation Administrator,,,Barbara Winters DIETRICH,219,84,130,5,0
Oldham,G102,County Judge/Executive,,,Tom SHEFFER,21,6,15,0,0
Oldham,G102,County Judge/Executive,,,Laura TAPP,103,43,58,2,0
Oldham,G102,County Judge/Executive,,,John W. BLACK,129,36,87,6,0
Oldham,G102,County Judge/Executive,,,Chris HAUNZ,36,7,29,0,0
Oldham,G102,County Judge/Executive,,,Robert HOUCHENS,151,54,92,5,0
Oldham,G102,Magistrate,,,Doug LALLI,182,63,115,4,0
Oldham,G102,Magistrate,,,Bob DYE,227,72,146,9,0
Oldham,G102,Constable,,,Joseph P. HAMILTON III.,100,28,67,5,0
Oldham,G102,Constable,,,Eric W. JOHNSON,254,85,165,4,0
Oldham,G102,U.S. Senate,,Democratic,Dale Lewis ROMANS,12,4,6,2,0
Oldham,G102,U.S. Senate,,Democratic,Charles BOOKER,98,27,67,4,0
Oldham,G102,U.S. Senate,,Democratic,Logan FORSYTHE,3,1,2,0,0
Oldham,G102,U.S. Senate,,Democratic,Joshua BLANTON SR.,1,1,0,0,0
Oldham,G102,U.S. Senate,,Democratic,Vincent Anthony THOMPSON,1,0,1,0,0
Oldham,G102,U.S. Senate,,Democratic,Pamela STEVENSON,5,3,2,0,0
Oldham,G102,U.S. Senate,,Democratic,Amy McGRATH,57,24,31,2,0
Oldham,G102,U.S. House,4,Democratic,Melissa Claire STRANGE,136,45,85,6,0
Oldham,G102,U.S. House,4,Democratic,Jesse Russell BREWER,28,8,18,2,0
Oldham,G102,State Senate,6,Democratic,Chaz STOESS,33,6,23,4,0
Oldham,G102,State Senate,6,Democratic,Christian FURMAN,138,52,82,4,0
Oldham,G102,State Representative,48,Democratic,Nathan BELLOWS,53,14,36,3,0
Oldham,G102,State Representative,48,Democratic,Suhas KULKARNI,123,45,73,5,0
Oldham,G103,U.S. Senate,,Republican,A. Nick SHELLEY,1,0,1,0,0
Oldham,G103,U.S. Senate,,Republican,Daniel CAMERON,104,27,75,2,0
Oldham,G103,U.S. Senate,,Republican,Andy BARR,77,19,55,3,0
Oldham,G103,U.S. Senate,,Republican,Anissa CATLETT,3,0,3,0,0
Oldham,G103,U.S. Senate,,Republican,"Valerie ""Dr Val"" FREDRICK",11,4,7,0,0
Oldham,G103,U.S. Senate,,Republican,Jonathan M. HOLLIDAY,2,0,2,0,0
Oldham,G103,U.S. Senate,,Republican,Other Donald WENZEL,0,0,0,0,0
Oldham,G103,U.S. Senate,,Republican,Michael James FARIS,2,0,2,0,0
Oldham,G103,U.S. Senate,,Republican,Nate MORRIS,4,1,3,0,0
Oldham,G103,U.S. Senate,,Republican,James D. DUNCAN,1,1,0,0,0
Oldham,G103,U.S. Senate,,Republican,Jimmy I. LEON,2,0,2,0,0
Oldham,G103,U.S. Senate,,Republican,George WASHINGTON,2,0,2,0,0
Oldham,G103,U.S. House,4,Republican,Thomas MASSIE,105,30,73,2,0
Oldham,G103,U.S. House,4,Republican,Ed GALLREIN,99,21,75,3,0
Oldham,G103,Ballots Cast,,,,366,,,,
Oldham,G103,Property Valuation Administrator,,,J. Albert HARRISON,73,16,55,2,0
Oldham,G103,Property Valuation Administrator,,,Barbara Winters DIETRICH,96,24,69,3,0
Oldham,G103,County Judge/Executive,,,Tom SHEFFER,13,3,10,0,0
Oldham,G103,County Judge/Executive,,,Laura TAPP,49,13,35,1,0
Oldham,G103,County Judge/Executive,,,John W. BLACK,51,17,32,2,0
Oldham,G103,County Judge/Executive,,,Chris HAUNZ,18,5,12,1,0
Oldham,G103,County Judge/Executive,,,Robert HOUCHENS,67,12,54,1,0
Oldham,G103,Magistrate,,,Doug LALLI,135,34,97,4,0
Oldham,G103,Magistrate,,,Bob DYE,60,15,44,1,0
Oldham,G103,Constable,,,Joseph P. HAMILTON III.,63,16,45,2,0
Oldham,G103,Constable,,,Eric W. JOHNSON,104,26,75,3,0
Oldham,G103,U.S. Senate,,Democratic,Dale Lewis ROMANS,4,2,2,0,0
Oldham,G103,U.S. Senate,,Democratic,Charles BOOKER,94,21,72,1,0
Oldham,G103,U.S. Senate,,Democratic,Logan FORSYTHE,4,1,3,0,0
Oldham,G103,U.S. Senate,,Democratic,Joshua BLANTON SR.,0,0,0,0,0
Oldham,G103,U.S. Senate,,Democratic,Vincent Anthony THOMPSON,1,1,0,0,0
Oldham,G103,U.S. Senate,,Democratic,Pamela STEVENSON,1,0,1,0,0
Oldham,G103,U.S. Senate,,Democratic,Amy McGRATH,50,20,26,4,0
Oldham,G103,U.S. House,4,Democratic,Melissa Claire STRANGE,129,36,90,3,0
Oldham,G103,U.S. House,4,Democratic,Jesse Russell BREWER,22,8,14,0,0
Oldham,G103,State Senate,6,Democratic,Chaz STOESS,42,9,32,1,0
Oldham,G103,State Senate,6,Democratic,Christian FURMAN,110,36,72,2,0
Oldham,G103,State Representative,48,Democratic,Nathan BELLOWS,46,12,31,3,0
Oldham,G103,State Representative,48,Democratic,Suhas KULKARNI,106,32,73,1,0
Oldham,G105,U.S. Senate,,Republican,A. Nick SHELLEY,1,0,1,0,0
Oldham,G105,U.S. Senate,,Republican,Daniel CAMERON,100,28,72,0,0
Oldham,G105,U.S. Senate,,Republican,Andy BARR,70,21,49,0,0
Oldham,G105,U.S. Senate,,Republican,Anissa CATLETT,5,0,5,0,0
Oldham,G105,U.S. Senate,,Republican,"Valerie ""Dr Val"" FREDRICK",2,1,1,0,0
Oldham,G105,U.S. Senate,,Republican,Jonathan M. HOLLIDAY,0,0,0,0,0
Oldham,G105,U.S. Senate,,Republican,Other Donald WENZEL,0,0,0,0,0
Oldham,G105,U.S. Senate,,Republican,Michael James FARIS,0,0,0,0,0
Oldham,G105,U.S. Senate,,Republican,Nate MORRIS,3,0,2,1,0
Oldham,G105,U.S. Senate,,Republican,James D. DUNCAN,1,0,1,0,0
Oldham,G105,U.S. Senate,,Republican,Jimmy I. LEON,0,0,0,0,0
Oldham,G105,U.S. Senate,,Republican,George WASHINGTON,2,0,2,0,0
Oldham,G105,U.S. House,4,Republican,Thomas MASSIE,86,19,67,0,0
Oldham,G105,U.S. House,4,Republican,Ed GALLREIN,103,33,69,1,0
Oldham,G105,Ballots Cast,,,,286,,,,
Oldham,G105,Property Valuation Administrator,,,J. Albert HARRISON,67,18,48,1,0
Oldham,G105,Property Valuation Administrator,,,Barbara Winters DIETRICH,70,23,47,0,0
Oldham,G105,County Judge/Executive,,,Tom SHEFFER,11,4,7,0,0
Oldham,G105,County Judge/Executive,,,Laura TAPP,33,6,27,0,0
Oldham,G105,County Judge/Executive,,,John W. BLACK,44,10,34,0,0
Oldham,G105,County Judge/Executive,,,Chris HAUNZ,10,1,9,0,0
Oldham,G105,County Judge/Executive,,,Robert HOUCHENS,78,27,50,1,0
Oldham,G105,Magistrate,,,Doug LALLI,54,16,38,0,0
Oldham,G105,Magistrate,,,Bob DYE,91,23,67,1,0
Oldham,G105,Constable,,,Joseph P. HAMILTON III.,51,15,35,1,0
Oldham,G105,Constable,,,Eric W. JOHNSON,78,21,57,0,0
Oldham,G105,U.S. Senate,,Democratic,Dale Lewis ROMANS,6,2,4,0,0
Oldham,G105,U.S. Senate,,Democratic,Charles BOOKER,48,9,39,0,0
Oldham,G105,U.S. Senate,,Democratic,Logan FORSYTHE,2,1,1,0,0
Oldham,G105,U.S. Senate,,Democratic,Joshua BLANTON SR.,0,0,0,0,0
Oldham,G105,U.S. Senate,,Democratic,Vincent Anthony THOMPSON,2,0,2,0,0
Oldham,G105,U.S. Senate,,Democratic,Pamela STEVENSON,5,2,3,0,0
Oldham,G105,U.S. Senate,,Democratic,Amy McGRATH,31,5,25,1,0
Oldham,G105,U.S. House,4,Democratic,Melissa Claire STRANGE,65,11,53,1,0
Oldham,G105,U.S. House,4,Democratic,Jesse Russell BREWER,20,5,15,0,0
Oldham,G105,State Senate,6,Democratic,Chaz STOESS,27,4,23,0,0
Oldham,G105,State Senate,6,Democratic,Christian FURMAN,60,12,47,1,0
Oldham,G105,State Representative,48,Democratic,Nathan BELLOWS,32,6,26,0,0
Oldham,G105,State Representative,48,Democratic,Suhas KULKARNI,58,14,43,1,0
Oldham,H101,U.S. Senate,,Republican,A. Nick SHELLEY,1,0,1,0,0
Oldham,H101,U.S. Senate,,Republican,Daniel CAMERON,253,84,161,8,0
Oldham,H101,U.S. Senate,,Republican,Andy BARR,122,38,82,2,0
Oldham,H101,U.S. Senate,,Republican,Anissa CATLETT,3,1,2,0,0
Oldham,H101,U.S. Senate,,Republican,"Valerie ""Dr Val"" FREDRICK",10,3,7,0,0
Oldham,H101,U.S. Senate,,Republican,Jonathan M. HOLLIDAY,3,0,2,1,0
Oldham,H101,U.S. Senate,,Republican,Other Donald WENZEL,2,0,2,0,0
Oldham,H101,U.S. Senate,,Republican,Michael James FARIS,4,0,4,0,0
Oldham,H101,U.S. Senate,,Republican,Nate MORRIS,14,7,5,2,0
Oldham,H101,U.S. Senate,,Republican,James D. DUNCAN,0,0,0,0,0
Oldham,H101,U.S. Senate,,Republican,Jimmy I. LEON,0,0,0,0,0
Oldham,H101,U.S. Senate,,Republican,George WASHINGTON,13,3,10,0,0
Oldham,H101,U.S. House,4,Republican,Thomas MASSIE,203,65,130,8,0
Oldham,H101,U.S. House,4,Republican,Ed GALLREIN,221,72,143,6,0
Oldham,H101,Ballots Cast,,,,677,,,,
Oldham,H101,Property Valuation Administrator,,,J. Albert HARRISON,146,41,101,4,0
Oldham,H101,Property Valuation Administrator,,,Barbara Winters DIETRICH,213,80,126,7,0
Oldham,H101,County Judge/Executive,,,Tom SHEFFER,17,3,14,0,0
Oldham,H101,County Judge/Executive,,,Laura TAPP,127,40,82,5,0
Oldham,H101,County Judge/Executive,,,John W. BLACK,116,38,75,3,0
Oldham,H101,County Judge/Executive,,,Chris HAUNZ,34,7,25,2,0
Oldham,H101,County Judge/Executive,,,Robert HOUCHENS,115,46,65,4,0
Oldham,H101,U.S. Senate,,Democratic,Dale Lewis ROMANS,7,3,3,1,0
Oldham,H101,U.S. Senate,,Democratic,Charles BOOKER,138,34,103,1,0
Oldham,H101,U.S. Senate,,Democratic,Logan FORSYTHE,4,0,4,0,0
Oldham,H101,U.S. Senate,,Democratic,Joshua BLANTON SR.,3,0,3,0,0
Oldham,H101,U.S. Senate,,Democratic,Vincent Anthony THOMPSON,1,0,1,0,0
Oldham,H101,U.S. Senate,,Democratic,Pamela STEVENSON,11,4,6,1,0
Oldham,H101,U.S. Senate,,Democratic,Amy McGRATH,76,32,43,1,0
Oldham,H101,U.S. House,4,Democratic,Melissa Claire STRANGE,181,56,122,3,0
Oldham,H101,U.S. House,4,Democratic,Jesse Russell BREWER,40,9,30,1,0
Oldham,H101,State Senate,6,Democratic,Chaz STOESS,56,10,43,3,0
Oldham,H101,State Senate,6,Democratic,Christian FURMAN,173,60,112,1,0
Oldham,H101,State Representative,48,Democratic,Nathan BELLOWS,89,23,63,3,0
Oldham,H101,State Representative,48,Democratic,Suhas KULKARNI,140,45,94,1,0
Oldham,H103,U.S. Senate,,Republican,A. Nick SHELLEY,2,0,2,0,0
Oldham,H103,U.S. Senate,,Republican,Daniel CAMERON,198,50,144,4,0
Oldham,H103,U.S. Senate,,Republican,Andy BARR,108,18,87,3,0
Oldham,H103,U.S. Senate,,Republican,Anissa CATLETT,5,1,4,0,0
Oldham,H103,U.S. Senate,,Republican,"Valerie ""Dr Val"" FREDRICK",2,0,2,0,0
Oldham,H103,U.S. Senate,,Republican,Jonathan M. HOLLIDAY,1,0,1,0,0
Oldham,H103,U.S. Senate,,Republican,Other Donald WENZEL,0,0,0,0,0
Oldham,H103,U.S. Senate,,Republican,Michael James FARIS,4,0,4,0,0
Oldham,H103,U.S. Senate,,Republican,Nate MORRIS,3,1,2,0,0
Oldham,H103,U.S. Senate,,Republican,James D. DUNCAN,1,1,0,0,0
Oldham,H103,U.S. Senate,,Republican,Jimmy I. LEON,0,0,0,0,0
Oldham,H103,U.S. Senate,,Republican,George WASHINGTON,5,1,4,0,0
Oldham,H103,U.S. House,4,Republican,Thomas MASSIE,177,46,129,2,0
Oldham,H103,U.S. House,4,Republican,Ed GALLREIN,154,27,122,5,0
Oldham,H103,Ballots Cast,,,,489,,,,
Oldham,H103,Property Valuation Administrator,,,J. Albert HARRISON,115,24,88,3,0
Oldham,H103,Property Valuation Administrator,,,Barbara Winters DIETRICH,147,33,111,3,0
Oldham,H103,County Judge/Executive,,,Tom SHEFFER,10,3,7,0,0
Oldham,H103,County Judge/Executive,,,Laura TAPP,72,23,46,3,0
Oldham,H103,County Judge/Executive,,,John W. BLACK,97,20,75,2,0
Oldham,H103,County Judge/Executive,,,Chris HAUNZ,45,5,39,1,0
Oldham,H103,County Judge/Executive,,,Robert HOUCHENS,90,20,69,1,0
Oldham,H103,U.S. Senate,,Democratic,Dale Lewis ROMANS,7,2,5,0,0
Oldham,H103,U.S. Senate,,Democratic,Charles BOOKER,73,13,60,0,0
Oldham,H103,U.S. Senate,,Democratic,Logan FORSYTHE,2,0,2,0,0
Oldham,H103,U.S. Senate,,Democratic,Joshua BLANTON SR.,1,1,0,0,0
Oldham,H103,U.S. Senate,,Democratic,Vincent Anthony THOMPSON,1,0,1,0,0
Oldham,H103,U.S. Senate,,Democratic,Pamela STEVENSON,6,0,5,1,0
Oldham,H103,U.S. Senate,,Democratic,Amy McGRATH,64,11,53,0,0
Oldham,H103,U.S. House,4,Democratic,Melissa Claire STRANGE,105,18,86,1,0
Oldham,H103,U.S. House,4,Democratic,Jesse Russell BREWER,34,9,25,0,0
Oldham,H103,State Senate,6,Democratic,Chaz STOESS,22,3,19,0,0
Oldham,H103,State Senate,6,Democratic,Christian FURMAN,122,24,97,1,0
Oldham,H103,State Representative,33,Democratic,Tarah Combs LeBLANC,49,6,42,1,0
Oldham,H103,State Representative,33,Democratic,Jennifer HARDIN,92,21,71,0,0
Oldham,H104,U.S. Senate,,Republican,A. Nick SHELLEY,1,0,1,0,0
Oldham,H104,U.S. Senate,,Republican,Daniel CAMERON,92,29,59,4,0
Oldham,H104,U.S. Senate,,Republican,Andy BARR,86,22,64,0,0
Oldham,H104,U.S. Senate,,Republican,Anissa CATLETT,2,0,2,0,0
Oldham,H104,U.S. Senate,,Republican,"Valerie ""Dr Val"" FREDRICK",2,0,2,0,0
Oldham,H104,U.S. Senate,,Republican,Jonathan M. HOLLIDAY,0,0,0,0,0
Oldham,H104,U.S. Senate,,Republican,Other Donald WENZEL,0,0,0,0,0
Oldham,H104,U.S. Senate,,Republican,Michael James FARIS,2,0,2,0,0
Oldham,H104,U.S. Senate,,Republican,Nate MORRIS,4,1,3,0,0
Oldham,H104,U.S. Senate,,Republican,James D. DUNCAN,1,0,0,1,0
Oldham,H104,U.S. Senate,,Republican,Jimmy I. LEON,0,0,0,0,0
Oldham,H104,U.S. Senate,,Republican,George WASHINGTON,3,0,3,0,0
Oldham,H104,U.S. House,4,Republican,Thomas MASSIE,98,15,82,1,0
Oldham,H104,U.S. House,4,Republican,Ed GALLREIN,93,32,57,4,0
Oldham,H104,Ballots Cast,,,,320,,,,
Oldham,H104,Property Valuation Administrator,,,J. Albert HARRISON,78,18,58,2,0
Oldham,H104,Property Valuation Administrator,,,Barbara Winters DIETRICH,87,27,57,3,0
Oldham,H104,County Judge/Executive,,,Tom SHEFFER,11,0,11,0,0
Oldham,H104,County Judge/Executive,,,Laura TAPP,48,19,27,2,0
Oldham,H104,County Judge/Executive,,,John W. BLACK,61,18,42,1,0
Oldham,H104,County Judge/Executive,,,Chris HAUNZ,29,4,24,1,0
Oldham,H104,County Judge/Executive,,,Robert HOUCHENS,40,11,28,1,0
Oldham,H104,U.S. Senate,,Democratic,Dale Lewis ROMANS,11,3,7,1,0
Oldham,H104,U.S. Senate,,Democratic,Charles BOOKER,53,7,44,2,0
Oldham,H104,U.S. Senate,,Democratic,Logan FORSYTHE,2,2,0,0,0
Oldham,H104,U.S. Senate,,Democratic,Joshua BLANTON SR.,2,0,2,0,0
Oldham,H104,U.S. Senate,,Democratic,Vincent Anthony THOMPSON,3,1,2,0,0
Oldham,H104,U.S. Senate,,Democratic,Pamela STEVENSON,7,2,5,0,0
Oldham,H104,U.S. Senate,,Democratic,Amy McGRATH,43,13,28,2,0
Oldham,H104,U.S. House,4,Democratic,Melissa Claire STRANGE,86,22,60,4,0
Oldham,H104,U.S. House,4,Democratic,Jesse Russell BREWER,30,5,24,1,0
Oldham,H104,State Senate,6,Democratic,Chaz STOESS,32,7,24,1,0
Oldham,H104,State Senate,6,Democratic,Christian FURMAN,88,21,63,4,0
Oldham,H104,State Representative,33,Democratic,Tarah Combs LeBLANC,37,7,28,2,0
Oldham,H104,State Representative,33,Democratic,Jennifer HARDIN,77,19,55,3,0
Oldham,H105,U.S. Senate,,Republican,A. Nick SHELLEY,2,0,2,0,0
Oldham,H105,U.S. Senate,,Republican,Daniel CAMERON,183,71,106,6,0
Oldham,H105,U.S. Senate,,Republican,Andy BARR,140,48,88,4,0
Oldham,H105,U.S. Senate,,Republican,Anissa CATLETT,2,1,0,1,0
Oldham,H105,U.S. Senate,,Republican,"Valerie ""Dr Val"" FREDRICK",4,1,3,0,0
Oldham,H105,U.S. Senate,,Republican,Jonathan M. HOLLIDAY,6,0,6,0,0
Oldham,H105,U.S. Senate,,Republican,Other Donald WENZEL,0,0,0,0,0
Oldham,H105,U.S. Senate,,Republican,Michael James FARIS,1,0,1,0,0
Oldham,H105,U.S. Senate,,Republican,Nate MORRIS,2,0,2,0,0
Oldham,H105,U.S. Senate,,Republican,James D. DUNCAN,3,0,3,0,0
Oldham,H105,U.S. Senate,,Republican,Jimmy I. LEON,0,0,0,0,0
Oldham,H105,U.S. Senate,,Republican,George WASHINGTON,7,0,7,0,0
Oldham,H105,U.S. House,4,Republican,Thomas MASSIE,181,63,108,10,0
Oldham,H105,U.S. House,4,Republican,Ed GALLREIN,172,53,114,5,0
Oldham,H105,Ballots Cast,,,,540,,,,
Oldham,H105,Property Valuation Administrator,,,J. Albert HARRISON,104,38,65,1,0
Oldham,H105,Property Valuation Administrator,,,Barbara Winters DIETRICH,185,60,115,10,0
Oldham,H105,County Judge/Executive,,,Tom SHEFFER,17,11,4,2,0
Oldham,H105,County Judge/Executive,,,Laura TAPP,66,28,38,0,0
Oldham,H105,County Judge/Executive,,,John W. BLACK,93,30,61,2,0
Oldham,H105,County Judge/Executive,,,Chris HAUNZ,22,4,16,2,0
Oldham,H105,County Judge/Executive,,,Robert HOUCHENS,145,43,95,7,0
Oldham,H105,U.S. Senate,,Democratic,Dale Lewis ROMANS,6,4,2,0,0
Oldham,H105,U.S. Senate,,Democratic,Charles BOOKER,93,30,62,1,0
Oldham,H105,U.S. Senate,,Democratic,Logan FORSYTHE,1,1,0,0,0
Oldham,H105,U.S. Senate,,Democratic,Joshua BLANTON SR.,1,1,0,0,0
Oldham,H105,U.S. Senate,,Democratic,Vincent Anthony THOMPSON,1,0,1,0,0
Oldham,H105,U.S. Senate,,Democratic,Pamela STEVENSON,11,5,6,0,0
Oldham,H105,U.S. Senate,,Democratic,Amy McGRATH,62,28,31,3,0
Oldham,H105,U.S. House,4,Democratic,Melissa Claire STRANGE,141,58,81,2,0
Oldham,H105,U.S. House,4,Democratic,Jesse Russell BREWER,26,9,15,2,0
Oldham,H105,State Senate,6,Democratic,Chaz STOESS,37,13,22,2,0
Oldham,H105,State Senate,6,Democratic,Christian FURMAN,136,55,79,2,0
Oldham,H105,State Representative,59,Democratic,Pandora SEARS,40,17,23,0,0
Oldham,H105,State Representative,59,Democratic,Stephanie WHITE,123,48,71,4,0
Oldham,H106,U.S. Senate,,Republican,A. Nick SHELLEY,0,0,0,0,0
Oldham,H106,U.S. Senate,,Republican,Daniel CAMERON,9,0,8,1,0
Oldham,H106,U.S. Senate,,Republican,Andy BARR,11,1,8,2,0
Oldham,H106,U.S. Senate,,Republican,Anissa CATLETT,0,0,0,0,0
Oldham,H106,U.S. Senate,,Republican,"Valerie ""Dr Val"" FREDRICK",0,0,0,0,0
Oldham,H106,U.S. Senate,,Republican,Jonathan M. HOLLIDAY,0,0,0,0,0
Oldham,H106,U.S. Senate,,Republican,Other Donald WENZEL,1,0,1,0,0
Oldham,H106,U.S. Senate,,Republican,Michael James FARIS,0,0,0,0,0
Oldham,H106,U.S. Senate,,Republican,Nate MORRIS,1,0,1,0,0
Oldham,H106,U.S. Senate,,Republican,James D. DUNCAN,0,0,0,0,0
Oldham,H106,U.S. Senate,,Republican,Jimmy I. LEON,0,0,0,0,0
Oldham,H106,U.S. Senate,,Republican,George WASHINGTON,0,0,0,0,0
Oldham,H106,U.S. House,4,Republican,Thomas MASSIE,11,0,9,2,0
Oldham,H106,U.S. House,4,Republican,Ed GALLREIN,11,1,9,1,0
Oldham,H106,Ballots Cast,,,,32,,,,
Oldham,H106,Property Valuation Administrator,,,J. Albert HARRISON,9,0,9,0,0
Oldham,H106,Property Valuation Administrator,,,Barbara Winters DIETRICH,10,1,6,3,0
Oldham,H106,County Judge/Executive,,,Tom SHEFFER,1,0,1,0,0
Oldham,H106,County Judge/Executive,,,Laura TAPP,7,0,5,2,0
Oldham,H106,County Judge/Executive,,,John W. BLACK,9,1,7,1,0
Oldham,H106,County Judge/Executive,,,Chris HAUNZ,0,0,0,0,0
Oldham,H106,County Judge/Executive,,,Robert HOUCHENS,4,0,4,0,0
Oldham,H106,U.S. Senate,,Democratic,Dale Lewis ROMANS,1,0,1,0,0
Oldham,H106,U.S. Senate,,Democratic,Charles BOOKER,4,0,4,0,0
Oldham,H106,U.S. Senate,,Democratic,Logan FORSYTHE,0,0,0,0,0
Oldham,H106,U.S. Senate,,Democratic,Joshua BLANTON SR.,1,0,1,0,0
Oldham,H106,U.S. Senate,,Democratic,Vincent Anthony THOMPSON,0,0,0,0,0
Oldham,H106,U.S. Senate,,Democratic,Pamela STEVENSON,2,2,0,0,0
Oldham,H106,U.S. Senate,,Democratic,Amy McGRATH,1,0,1,0,0
Oldham,H106,U.S. House,4,Democratic,Melissa Claire STRANGE,6,1,5,0,0
Oldham,H106,U.S. House,4,Democratic,Jesse Russell BREWER,3,1,2,0,0
Oldham,H106,State Senate,6,Democratic,Chaz STOESS,4,1,3,0,0
Oldham,H106,State Senate,6,Democratic,Christian FURMAN,5,1,4,0,0
Oldham,H106,State Representative,33,Democratic,Tarah Combs LeBLANC,1,0,1,0,0
Oldham,H106,State Representative,33,Democratic,Jennifer HARDIN,8,2,6,0,0
