county,precinct,office,district,party,candidate,votes,early_voting,election_day,absentee_mail,absentee
Pike,A101,U.S. Senate,,Republican,Daniel CAMERON,43,5,36,2,0
Pike,A101,U.S. Senate,,Republican,Jonathan M. HOLLIDAY,0,0,0,0,0
Pike,A101,U.S. Senate,,Republican,Andy BARR,77,6,68,1,2
Pike,A101,U.S. Senate,,Republican,Nate MORRIS,6,2,4,0,0
Pike,A101,U.S. Senate,,Republican,"Valerie ""Dr Val"" FREDRICK",2,0,2,0,0
Pike,A101,U.S. Senate,,Republican,A. Nick SHELLEY,0,0,0,0,0
Pike,A101,U.S. Senate,,Republican,James D. DUNCAN,0,0,0,0,0
Pike,A101,U.S. Senate,,Republican,Michael James FARIS,0,0,0,0,0
Pike,A101,U.S. Senate,,Republican,Anissa CATLETT,1,0,1,0,0
Pike,A101,U.S. Senate,,Republican,Other Donald WENZEL,0,0,0,0,0
Pike,A101,U.S. Senate,,Republican,Jimmy I. LEON,0,0,0,0,0
Pike,A101,U.S. Senate,,Republican,George WASHINGTON,4,0,4,0,0
Pike,A101,U.S. Senate,,,Under Votes,7,0,7,0,0
Pike,A101,U.S. Senate,,,Over Votes,0,0,0,0,0
Pike,A101,Ballots Cast,,,,166,,,,
Pike,A101,U.S. House,5,Republican,Kevin SMITH,8,1,7,0,0
Pike,A101,U.S. House,5,Republican,Benjamin HURLEY,18,2,16,0,0
Pike,A101,U.S. House,5,Republican,Hal ROGERS,104,10,89,3,2
Pike,A101,U.S. House,5,Republican,Jerry Lee SHELTON,3,0,3,0,0
Pike,A101,U.S. House,5,Republican,Brandon R. MONHOLLEN,3,0,3,0,0
Pike,A101,U.S. House,5,,Under Votes,4,0,4,0,0
Pike,A101,U.S. House,5,,Over Votes,0,0,0,0,0
Pike,A101,County Judge/Executive,,,Suzy Gibson SHEARER,100,5,94,1,0
Pike,A101,County Judge/Executive,,,Brian A. MORRIS,37,8,25,2,2
Pike,A101,County Judge/Executive,,,Under Votes,3,0,3,0,0
Pike,A101,County Judge/Executive,,,Over Votes,0,0,0,0,0
Pike,A101,County Clerk,,,Subrenia Thacker MOON,32,3,29,0,0
Pike,A101,County Clerk,,,Darrell PUGH,104,10,89,3,2
Pike,A101,County Clerk,,,Under Votes,4,0,4,0,0
Pike,A101,County Clerk,,,Over Votes,0,0,0,0,0
Pike,A101,Sheriff,,,Rodney SCOTT,87,10,72,3,2
Pike,A101,Sheriff,,,Ellis McCOY,46,3,43,0,0
Pike,A101,Sheriff,,,Under Votes,7,0,7,0,0
Pike,A101,Sheriff,,,Over Votes,0,0,0,0,0
Pike,A101,Jailer,,,"Ronald ""Bubby"" SCOTT II.",42,1,40,0,1
Pike,A101,Jailer,,,Jeremy Todd MILLER,22,1,21,0,0
Pike,A101,Jailer,,,Perry Wayne HATFIELD,2,0,2,0,0
Pike,A101,Jailer,,,William A. WHITE,11,3,8,0,0
Pike,A101,Jailer,,,Ricky BOSTIC,59,8,47,3,1
Pike,A101,Jailer,,,John Jason FIELDS,3,0,3,0,0
Pike,A101,Jailer,,,Under Votes,1,0,1,0,0
Pike,A101,Jailer,,,Over Votes,0,0,0,0,0
Pike,A101,Coroner,,,Brenda JOHNSON,31,0,31,0,0
Pike,A101,Coroner,,,Kevin HALL,104,13,86,3,2
Pike,A101,Coroner,,,Under Votes,5,0,5,0,0
Pike,A101,Coroner,,,Over Votes,0,0,0,0,0
Pike,A101,Magistrate,,,Ronald SCOTT,81,12,66,2,1
Pike,A101,Magistrate,,,Amanda Blackburn MUNCY,56,1,53,1,1
Pike,A101,Magistrate,,,Under Votes,3,0,3,0,0
Pike,A101,Magistrate,,,Over Votes,0,0,0,0,0
Pike,A101,U.S. Senate,,Democratic,Vincent Anthony THOMPSON,1,0,1,0,0
Pike,A101,U.S. Senate,,Democratic,Amy McGRATH,12,3,9,0,0
Pike,A101,U.S. Senate,,Democratic,Dale Lewis ROMANS,2,0,2,0,0
Pike,A101,U.S. Senate,,Democratic,Charles BOOKER,8,0,8,0,0
Pike,A101,U.S. Senate,,Democratic,Pamela STEVENSON,0,0,0,0,0
Pike,A101,U.S. Senate,,Democratic,Joshua BLANTON SR.,1,0,1,0,0
Pike,A101,U.S. Senate,,Democratic,Logan FORSYTHE,1,0,1,0,0
Pike,A101,U.S. Senate,,,Under Votes,1,0,1,0,0
Pike,A101,U.S. Senate,,,Over Votes,0,0,0,0,0
Pike,A102,U.S. Senate,,Republican,Daniel CAMERON,75,8,66,0,1
Pike,A102,U.S. Senate,,Republican,Jonathan M. HOLLIDAY,1,1,0,0,0
Pike,A102,U.S. Senate,,Republican,Andy BARR,139,28,109,2,0
Pike,A102,U.S. Senate,,Republican,Nate MORRIS,6,1,5,0,0
Pike,A102,U.S. Senate,,Republican,"Valerie ""Dr Val"" FREDRICK",1,1,0,0,0
Pike,A102,U.S. Senate,,Republican,A. Nick SHELLEY,0,0,0,0,0
Pike,A102,U.S. Senate,,Republican,James D. DUNCAN,4,0,4,0,0
Pike,A102,U.S. Senate,,Republican,Michael James FARIS,2,0,2,0,0
Pike,A102,U.S. Senate,,Republican,Anissa CATLETT,0,0,0,0,0
Pike,A102,U.S. Senate,,Republican,Other Donald WENZEL,1,0,1,0,0
Pike,A102,U.S. Senate,,Republican,Jimmy I. LEON,0,0,0,0,0
Pike,A102,U.S. Senate,,Republican,George WASHINGTON,7,1,6,0,0
Pike,A102,U.S. Senate,,,Under Votes,6,4,2,0,0
Pike,A102,U.S. Senate,,,Over Votes,0,0,0,0,0
Pike,A102,Ballots Cast,,,,348,,,,
Pike,A102,U.S. House,5,Republican,Kevin SMITH,15,2,13,0,0
Pike,A102,U.S. House,5,Republican,Benjamin HURLEY,33,5,28,0,0
Pike,A102,U.S. House,5,Republican,Hal ROGERS,179,35,141,2,1
Pike,A102,U.S. House,5,Republican,Jerry Lee SHELTON,5,0,5,0,0
Pike,A102,U.S. House,5,Republican,Brandon R. MONHOLLEN,2,0,2,0,0
Pike,A102,U.S. House,5,,Under Votes,8,2,6,0,0
Pike,A102,U.S. House,5,,Over Votes,0,0,0,0,0
Pike,A102,County Judge/Executive,,,Suzy Gibson SHEARER,156,21,133,1,1
Pike,A102,County Judge/Executive,,,Brian A. MORRIS,79,22,56,1,0
Pike,A102,County Judge/Executive,,,Under Votes,7,1,6,0,0
Pike,A102,County Judge/Executive,,,Over Votes,0,0,0,0,0
Pike,A102,County Clerk,,,Subrenia Thacker MOON,64,5,59,0,0
Pike,A102,County Clerk,,,Darrell PUGH,171,37,131,2,1
Pike,A102,County Clerk,,,Under Votes,7,2,5,0,0
Pike,A102,County Clerk,,,Over Votes,0,0,0,0,0
Pike,A102,Sheriff,,,Rodney SCOTT,163,32,129,1,1
Pike,A102,Sheriff,,,Ellis McCOY,71,12,58,1,0
Pike,A102,Sheriff,,,Under Votes,8,0,8,0,0
Pike,A102,Sheriff,,,Over Votes,0,0,0,0,0
Pike,A102,Jailer,,,"Ronald ""Bubby"" SCOTT II.",36,3,33,0,0
Pike,A102,Jailer,,,Jeremy Todd MILLER,42,14,26,2,0
Pike,A102,Jailer,,,Perry Wayne HATFIELD,1,1,0,0,0
Pike,A102,Jailer,,,William A. WHITE,28,3,25,0,0
Pike,A102,Jailer,,,Ricky BOSTIC,125,22,102,0,1
Pike,A102,Jailer,,,John Jason FIELDS,5,1,4,0,0
Pike,A102,Jailer,,,Under Votes,5,0,5,0,0
Pike,A102,Jailer,,,Over Votes,0,0,0,0,0
Pike,A102,Coroner,,,Brenda JOHNSON,55,7,47,1,0
Pike,A102,Coroner,,,Kevin HALL,180,37,141,1,1
Pike,A102,Coroner,,,Under Votes,7,0,7,0,0
Pike,A102,Coroner,,,Over Votes,0,0,0,0,0
Pike,A102,Magistrate,,,Ronald SCOTT,131,25,104,1,1
Pike,A102,Magistrate,,,Amanda Blackburn MUNCY,106,19,86,1,0
Pike,A102,Magistrate,,,Under Votes,5,0,5,0,0
Pike,A102,Magistrate,,,Over Votes,0,0,0,0,0
Pike,A102,U.S. Senate,,Democratic,Vincent Anthony THOMPSON,8,0,8,0,0
Pike,A102,U.S. Senate,,Democratic,Amy McGRATH,46,5,36,5,0
Pike,A102,U.S. Senate,,Democratic,Dale Lewis ROMANS,2,0,1,1,0
Pike,A102,U.S. Senate,,Democratic,Charles BOOKER,34,1,32,1,0
Pike,A102,U.S. Senate,,Democratic,Pamela STEVENSON,6,1,5,0,0
Pike,A102,U.S. Senate,,Democratic,Joshua BLANTON SR.,4,0,4,0,0
Pike,A102,U.S. Senate,,Democratic,Logan FORSYTHE,3,0,3,0,0
Pike,A102,U.S. Senate,,,Under Votes,3,1,2,0,0
Pike,A102,U.S. Senate,,,Over Votes,0,0,0,0,0
Pike,A103,U.S. Senate,,Republican,Daniel CAMERON,48,12,34,2,0
Pike,A103,U.S. Senate,,Republican,Jonathan M. HOLLIDAY,0,0,0,0,0
Pike,A103,U.S. Senate,,Republican,Andy BARR,67,22,39,4,2
Pike,A103,U.S. Senate,,Republican,Nate MORRIS,9,3,6,0,0
Pike,A103,U.S. Senate,,Republican,"Valerie ""Dr Val"" FREDRICK",2,0,2,0,0
Pike,A103,U.S. Senate,,Republican,A. Nick SHELLEY,0,0,0,0,0
Pike,A103,U.S. Senate,,Republican,James D. DUNCAN,0,0,0,0,0
Pike,A103,U.S. Senate,,Republican,Michael James FARIS,4,0,3,1,0
Pike,A103,U.S. Senate,,Republican,Anissa CATLETT,3,1,2,0,0
Pike,A103,U.S. Senate,,Republican,Other Donald WENZEL,0,0,0,0,0
Pike,A103,U.S. Senate,,Republican,Jimmy I. LEON,0,0,0,0,0
Pike,A103,U.S. Senate,,Republican,George WASHINGTON,1,1,0,0,0
Pike,A103,U.S. Senate,,,Under Votes,4,2,2,0,0
Pike,A103,U.S. Senate,,,Over Votes,0,0,0,0,0
Pike,A103,Ballots Cast,,,,212,,,,
Pike,A103,U.S. House,5,Republican,Kevin SMITH,14,3,9,2,0
Pike,A103,U.S. House,5,Republican,Benjamin HURLEY,20,6,13,1,0
Pike,A103,U.S. House,5,Republican,Hal ROGERS,94,28,60,4,2
Pike,A103,U.S. House,5,Republican,Jerry Lee SHELTON,3,1,2,0,0
Pike,A103,U.S. House,5,Republican,Brandon R. MONHOLLEN,1,0,1,0,0
Pike,A103,U.S. House,5,,Under Votes,6,3,3,0,0
Pike,A103,U.S. House,5,,Over Votes,0,0,0,0,0
Pike,A103,State Representative,95,Republican,Tanner HESTERBERG,107,33,68,5,1
Pike,A103,State Representative,95,Republican,Willie CRASE JR.,22,4,15,2,1
Pike,A103,State Representative,95,,Under Votes,9,4,5,0,0
Pike,A103,State Representative,95,,Over Votes,0,0,0,0,0
Pike,A103,County Judge/Executive,,,Suzy Gibson SHEARER,59,18,38,3,0
Pike,A103,County Judge/Executive,,,Brian A. MORRIS,78,23,49,4,2
Pike,A103,County Judge/Executive,,,Under Votes,1,0,1,0,0
Pike,A103,County Judge/Executive,,,Over Votes,0,0,0,0,0
Pike,A103,County Clerk,,,Subrenia Thacker MOON,16,3,11,2,0
Pike,A103,County Clerk,,,Darrell PUGH,118,37,74,5,2
Pike,A103,County Clerk,,,Under Votes,4,1,3,0,0
Pike,A103,County Clerk,,,Over Votes,0,0,0,0,0
Pike,A103,Sheriff,,,Rodney SCOTT,103,33,63,5,2
Pike,A103,Sheriff,,,Ellis McCOY,29,6,21,2,0
Pike,A103,Sheriff,,,Under Votes,6,2,4,0,0
Pike,A103,Sheriff,,,Over Votes,0,0,0,0,0
Pike,A103,Jailer,,,"Ronald ""Bubby"" SCOTT II.",16,5,11,0,0
Pike,A103,Jailer,,,Jeremy Todd MILLER,16,4,10,2,0
Pike,A103,Jailer,,,Perry Wayne HATFIELD,1,1,0,0,0
Pike,A103,Jailer,,,William A. WHITE,33,8,23,2,0
Pike,A103,Jailer,,,Ricky BOSTIC,59,20,35,3,1
Pike,A103,Jailer,,,John Jason FIELDS,6,1,4,0,1
Pike,A103,Jailer,,,Under Votes,7,2,5,0,0
Pike,A103,Jailer,,,Over Votes,0,0,0,0,0
Pike,A103,Coroner,,,Brenda JOHNSON,29,11,16,2,0
Pike,A103,Coroner,,,Kevin HALL,95,27,61,5,2
Pike,A103,Coroner,,,Under Votes,13,3,10,0,0
Pike,A103,Coroner,,,Over Votes,1,0,1,0,0
Pike,A103,Magistrate,,,Ronald SCOTT,61,22,36,3,0
Pike,A103,Magistrate,,,Amanda Blackburn MUNCY,64,14,44,4,2
Pike,A103,Magistrate,,,Under Votes,13,5,8,0,0
Pike,A103,Magistrate,,,Over Votes,0,0,0,0,0
Pike,A103,U.S. Senate,,Democratic,Vincent Anthony THOMPSON,4,1,3,0,0
Pike,A103,U.S. Senate,,Democratic,Amy McGRATH,27,7,17,3,0
Pike,A103,U.S. Senate,,Democratic,Dale Lewis ROMANS,3,0,3,0,0
Pike,A103,U.S. Senate,,Democratic,Charles BOOKER,34,6,27,1,0
Pike,A103,U.S. Senate,,Democratic,Pamela STEVENSON,1,0,1,0,0
Pike,A103,U.S. Senate,,Democratic,Joshua BLANTON SR.,4,0,4,0,0
Pike,A103,U.S. Senate,,Democratic,Logan FORSYTHE,1,0,1,0,0
Pike,A103,U.S. Senate,,,Under Votes,0,0,0,0,0
Pike,A103,U.S. Senate,,,Over Votes,0,0,0,0,0
Pike,A104,U.S. Senate,,Republican,Daniel CAMERON,14,0,14,0,0
Pike,A104,U.S. Senate,,Republican,Jonathan M. HOLLIDAY,0,0,0,0,0
Pike,A104,U.S. Senate,,Republican,Andy BARR,26,4,22,0,0
Pike,A104,U.S. Senate,,Republican,Nate MORRIS,3,1,2,0,0
Pike,A104,U.S. Senate,,Republican,"Valerie ""Dr Val"" FREDRICK",0,0,0,0,0
Pike,A104,U.S. Senate,,Republican,A. Nick SHELLEY,1,1,0,0,0
Pike,A104,U.S. Senate,,Republican,James D. DUNCAN,0,0,0,0,0
Pike,A104,U.S. Senate,,Republican,Michael James FARIS,1,0,1,0,0
Pike,A104,U.S. Senate,,Republican,Anissa CATLETT,0,0,0,0,0
Pike,A104,U.S. Senate,,Republican,Other Donald WENZEL,0,0,0,0,0
Pike,A104,U.S. Senate,,Republican,Jimmy I. LEON,0,0,0,0,0
Pike,A104,U.S. Senate,,Republican,George WASHINGTON,3,0,3,0,0
Pike,A104,U.S. Senate,,,Under Votes,1,1,0,0,0
Pike,A104,U.S. Senate,,,Over Votes,0,0,0,0,0
Pike,A104,Ballots Cast,,,,63,,,,
Pike,A104,U.S. House,5,Republican,Kevin SMITH,4,1,3,0,0
Pike,A104,U.S. House,5,Republican,Benjamin HURLEY,7,1,6,0,0
Pike,A104,U.S. House,5,Republican,Hal ROGERS,36,4,32,0,0
Pike,A104,U.S. House,5,Republican,Jerry Lee SHELTON,1,0,1,0,0
Pike,A104,U.S. House,5,Republican,Brandon R. MONHOLLEN,0,0,0,0,0
Pike,A104,U.S. House,5,,Under Votes,1,1,0,0,0
Pike,A104,U.S. House,5,,Over Votes,0,0,0,0,0
Pike,A104,State Representative,95,Republican,Tanner HESTERBERG,35,6,29,0,0
Pike,A104,State Representative,95,Republican,Willie CRASE JR.,14,1,13,0,0
Pike,A104,State Representative,95,,Under Votes,0,0,0,0,0
Pike,A104,State Representative,95,,Over Votes,0,0,0,0,0
Pike,A104,County Judge/Executive,,,Suzy Gibson SHEARER,27,1,26,0,0
Pike,A104,County Judge/Executive,,,Brian A. MORRIS,22,6,16,0,0
Pike,A104,County Judge/Executive,,,Under Votes,0,0,0,0,0
Pike,A104,County Judge/Executive,,,Over Votes,0,0,0,0,0
Pike,A104,County Clerk,,,Subrenia Thacker MOON,8,1,7,0,0
Pike,A104,County Clerk,,,Darrell PUGH,39,6,33,0,0
Pike,A104,County Clerk,,,Under Votes,2,0,2,0,0
Pike,A104,County Clerk,,,Over Votes,0,0,0,0,0
Pike,A104,Sheriff,,,Rodney SCOTT,37,6,31,0,0
Pike,A104,Sheriff,,,Ellis McCOY,12,1,11,0,0
Pike,A104,Sheriff,,,Under Votes,0,0,0,0,0
Pike,A104,Sheriff,,,Over Votes,0,0,0,0,0
Pike,A104,Jailer,,,"Ronald ""Bubby"" SCOTT II.",7,0,7,0,0
Pike,A104,Jailer,,,Jeremy Todd MILLER,4,0,4,0,0
Pike,A104,Jailer,,,Perry Wayne HATFIELD,1,0,1,0,0
Pike,A104,Jailer,,,William A. WHITE,10,2,8,0,0
Pike,A104,Jailer,,,Ricky BOSTIC,24,5,19,0,0
Pike,A104,Jailer,,,John Jason FIELDS,2,0,2,0,0
Pike,A104,Jailer,,,Under Votes,1,0,1,0,0
Pike,A104,Jailer,,,Over Votes,0,0,0,0,0
Pike,A104,Coroner,,,Brenda JOHNSON,8,1,7,0,0
Pike,A104,Coroner,,,Kevin HALL,41,6,35,0,0
Pike,A104,Coroner,,,Under Votes,0,0,0,0,0
Pike,A104,Coroner,,,Over Votes,0,0,0,0,0
Pike,A104,Magistrate,,,Ronald SCOTT,26,1,25,0,0
Pike,A104,Magistrate,,,Amanda Blackburn MUNCY,22,5,17,0,0
Pike,A104,Magistrate,,,Under Votes,1,1,0,0,0
Pike,A104,Magistrate,,,Over Votes,0,0,0,0,0
Pike,A104,U.S. Senate,,Democratic,Vincent Anthony THOMPSON,1,0,1,0,0
Pike,A104,U.S. Senate,,Democratic,Amy McGRATH,7,1,6,0,0
Pike,A104,U.S. Senate,,Democratic,Dale Lewis ROMANS,0,0,0,0,0
Pike,A104,U.S. Senate,,Democratic,Charles BOOKER,5,1,4,0,0
Pike,A104,U.S. Senate,,Democratic,Pamela STEVENSON,0,0,0,0,0
Pike,A104,U.S. Senate,,Democratic,Joshua BLANTON SR.,0,0,0,0,0
Pike,A104,U.S. Senate,,Democratic,Logan FORSYTHE,0,0,0,0,0
Pike,A104,U.S. Senate,,,Under Votes,1,1,0,0,0
Pike,A104,U.S. Senate,,,Over Votes,0,0,0,0,0
Pike,A105,U.S. Senate,,Republican,Daniel CAMERON,46,3,43,0,0
Pike,A105,U.S. Senate,,Republican,Jonathan M. HOLLIDAY,0,0,0,0,0
Pike,A105,U.S. Senate,,Republican,Andy BARR,125,10,111,1,3
Pike,A105,U.S. Senate,,Republican,Nate MORRIS,10,2,8,0,0
Pike,A105,U.S. Senate,,Republican,"Valerie ""Dr Val"" FREDRICK",2,0,2,0,0
Pike,A105,U.S. Senate,,Republican,A. Nick SHELLEY,0,0,0,0,0
Pike,A105,U.S. Senate,,Republican,James D. DUNCAN,0,0,0,0,0
Pike,A105,U.S. Senate,,Republican,Michael James FARIS,0,0,0,0,0
Pike,A105,U.S. Senate,,Republican,Anissa CATLETT,2,0,2,0,0
Pike,A105,U.S. Senate,,Republican,Other Donald WENZEL,0,0,0,0,0
Pike,A105,U.S. Senate,,Republican,Jimmy I. LEON,0,0,0,0,0
Pike,A105,U.S. Senate,,Republican,George WASHINGTON,2,0,2,0,0
Pike,A105,U.S. Senate,,,Under Votes,8,1,7,0,0
Pike,A105,U.S. Senate,,,Over Votes,0,0,0,0,0
Pike,A105,Ballots Cast,,,,298,,,,
Pike,A105,U.S. House,5,Republican,Kevin SMITH,18,0,18,0,0
Pike,A105,U.S. House,5,Republican,Benjamin HURLEY,22,4,17,0,1
Pike,A105,U.S. House,5,Republican,Hal ROGERS,143,11,130,1,1
Pike,A105,U.S. House,5,Republican,Jerry Lee SHELTON,0,0,0,0,0
Pike,A105,U.S. House,5,Republican,Brandon R. MONHOLLEN,1,0,1,0,0
Pike,A105,U.S. House,5,,Under Votes,11,1,9,0,1
Pike,A105,U.S. House,5,,Over Votes,0,0,0,0,0
Pike,A105,County Judge/Executive,,,Suzy Gibson SHEARER,132,6,124,1,1
Pike,A105,County Judge/Executive,,,Brian A. MORRIS,58,10,46,0,2
Pike,A105,County Judge/Executive,,,Under Votes,5,0,5,0,0
Pike,A105,County Judge/Executive,,,Over Votes,0,0,0,0,0
Pike,A105,County Clerk,,,Subrenia Thacker MOON,56,2,53,0,1
Pike,A105,County Clerk,,,Darrell PUGH,130,11,116,1,2
Pike,A105,County Clerk,,,Under Votes,9,3,6,0,0
Pike,A105,County Clerk,,,Over Votes,0,0,0,0,0
Pike,A105,Sheriff,,,Rodney SCOTT,140,12,126,1,1
Pike,A105,Sheriff,,,Ellis McCOY,48,2,44,0,2
Pike,A105,Sheriff,,,Under Votes,7,2,5,0,0
Pike,A105,Sheriff,,,Over Votes,0,0,0,0,0
Pike,A105,Jailer,,,"Ronald ""Bubby"" SCOTT II.",63,6,56,0,1
Pike,A105,Jailer,,,Jeremy Todd MILLER,11,0,11,0,0
Pike,A105,Jailer,,,Perry Wayne HATFIELD,1,0,1,0,0
Pike,A105,Jailer,,,William A. WHITE,12,1,11,0,0
Pike,A105,Jailer,,,Ricky BOSTIC,100,9,88,1,2
Pike,A105,Jailer,,,John Jason FIELDS,3,0,3,0,0
Pike,A105,Jailer,,,Under Votes,5,0,5,0,0
Pike,A105,Jailer,,,Over Votes,0,0,0,0,0
Pike,A105,Coroner,,,Brenda JOHNSON,30,0,30,0,0
Pike,A105,Coroner,,,Kevin HALL,151,16,131,1,3
Pike,A105,Coroner,,,Under Votes,14,0,14,0,0
Pike,A105,Coroner,,,Over Votes,0,0,0,0,0
Pike,A105,Magistrate,,,Ronald SCOTT,114,12,99,1,2
Pike,A105,Magistrate,,,Amanda Blackburn MUNCY,76,4,71,0,1
Pike,A105,Magistrate,,,Under Votes,5,0,5,0,0
Pike,A105,Magistrate,,,Over Votes,0,0,0,0,0
Pike,A105,U.S. Senate,,Democratic,Vincent Anthony THOMPSON,4,1,3,0,0
Pike,A105,U.S. Senate,,Democratic,Amy McGRATH,46,3,37,2,4
Pike,A105,U.S. Senate,,Democratic,Dale Lewis ROMANS,1,0,1,0,0
Pike,A105,U.S. Senate,,Democratic,Charles BOOKER,38,4,33,1,0
Pike,A105,U.S. Senate,,Democratic,Pamela STEVENSON,6,1,4,0,1
Pike,A105,U.S. Senate,,Democratic,Joshua BLANTON SR.,2,1,1,0,0
Pike,A105,U.S. Senate,,Democratic,Logan FORSYTHE,4,1,2,1,0
Pike,A105,U.S. Senate,,,Under Votes,2,0,2,0,0
Pike,A105,U.S. Senate,,,Over Votes,0,0,0,0,0
Pike,A106,U.S. Senate,,Republican,Daniel CAMERON,85,12,71,0,2
Pike,A106,U.S. Senate,,Republican,Jonathan M. HOLLIDAY,0,0,0,0,0
Pike,A106,U.S. Senate,,Republican,Andy BARR,145,24,117,1,3
Pike,A106,U.S. Senate,,Republican,Nate MORRIS,18,1,17,0,0
Pike,A106,U.S. Senate,,Republican,"Valerie ""Dr Val"" FREDRICK",3,0,3,0,0
Pike,A106,U.S. Senate,,Republican,A. Nick SHELLEY,2,1,1,0,0
Pike,A106,U.S. Senate,,Republican,James D. DUNCAN,1,0,0,1,0
Pike,A106,U.S. Senate,,Republican,Michael James FARIS,3,0,3,0,0
Pike,A106,U.S. Senate,,Republican,Anissa CATLETT,1,0,1,0,0
Pike,A106,U.S. Senate,,Republican,Other Donald WENZEL,0,0,0,0,0
Pike,A106,U.S. Senate,,Republican,Jimmy I. LEON,0,0,0,0,0
Pike,A106,U.S. Senate,,Republican,George WASHINGTON,3,1,2,0,0
Pike,A106,U.S. Senate,,,Under Votes,9,2,7,0,0
Pike,A106,U.S. Senate,,,Over Votes,0,0,0,0,0
Pike,A106,Ballots Cast,,,,379,,,,
Pike,A106,U.S. House,5,Republican,Kevin SMITH,27,3,24,0,0
Pike,A106,U.S. House,5,Republican,Benjamin HURLEY,24,4,19,1,0
Pike,A106,U.S. House,5,Republican,Hal ROGERS,202,31,165,1,5
Pike,A106,U.S. House,5,Republican,Jerry Lee SHELTON,2,1,1,0,0
Pike,A106,U.S. House,5,Republican,Brandon R. MONHOLLEN,6,1,5,0,0
Pike,A106,U.S. House,5,,Under Votes,9,1,8,0,0
Pike,A106,U.S. House,5,,Over Votes,0,0,0,0,0
Pike,A106,State Representative,95,Republican,Tanner HESTERBERG,183,30,149,1,3
Pike,A106,State Representative,95,Republican,Willie CRASE JR.,80,10,67,1,2
Pike,A106,State Representative,95,,Under Votes,7,1,6,0,0
Pike,A106,State Representative,95,,Over Votes,0,0,0,0,0
Pike,A106,County Judge/Executive,,,Suzy Gibson SHEARER,137,24,111,1,1
Pike,A106,County Judge/Executive,,,Brian A. MORRIS,129,16,108,1,4
Pike,A106,County Judge/Executive,,,Under Votes,4,1,3,0,0
Pike,A106,County Judge/Executive,,,Over Votes,0,0,0,0,0
Pike,A106,County Clerk,,,Subrenia Thacker MOON,35,3,32,0,0
Pike,A106,County Clerk,,,Darrell PUGH,228,38,183,2,5
Pike,A106,County Clerk,,,Under Votes,7,0,7,0,0
Pike,A106,County Clerk,,,Over Votes,0,0,0,0,0
Pike,A106,Sheriff,,,Rodney SCOTT,203,27,170,2,4
Pike,A106,Sheriff,,,Ellis McCOY,52,10,41,0,1
Pike,A106,Sheriff,,,Under Votes,15,4,11,0,0
Pike,A106,Sheriff,,,Over Votes,0,0,0,0,0
Pike,A106,Jailer,,,"Ronald ""Bubby"" SCOTT II.",30,3,26,0,1
Pike,A106,Jailer,,,Jeremy Todd MILLER,39,6,33,0,0
Pike,A106,Jailer,,,Perry Wayne HATFIELD,2,0,2,0,0
Pike,A106,Jailer,,,William A. WHITE,59,9,49,1,0
Pike,A106,Jailer,,,Ricky BOSTIC,117,20,93,1,3
Pike,A106,Jailer,,,John Jason FIELDS,8,0,7,0,1
Pike,A106,Jailer,,,Under Votes,15,3,12,0,0
Pike,A106,Jailer,,,Over Votes,0,0,0,0,0
Pike,A106,Coroner,,,Brenda JOHNSON,43,8,35,0,0
Pike,A106,Coroner,,,Kevin HALL,217,31,179,2,5
Pike,A106,Coroner,,,Under Votes,10,2,8,0,0
Pike,A106,Coroner,,,Over Votes,0,0,0,0,0
Pike,A106,Magistrate,,,Ronald SCOTT,139,21,114,1,3
Pike,A106,Magistrate,,,Amanda Blackburn MUNCY,109,16,90,1,2
Pike,A106,Magistrate,,,Under Votes,22,4,18,0,0
Pike,A106,Magistrate,,,Over Votes,0,0,0,0,0
Pike,A106,U.S. Senate,,Democratic,Vincent Anthony THOMPSON,4,0,4,0,0
Pike,A106,U.S. Senate,,Democratic,Amy McGRATH,50,17,28,5,0
Pike,A106,U.S. Senate,,Democratic,Dale Lewis ROMANS,4,0,4,0,0
Pike,A106,U.S. Senate,,Democratic,Charles BOOKER,35,7,25,2,1
Pike,A106,U.S. Senate,,Democratic,Pamela STEVENSON,4,0,4,0,0
Pike,A106,U.S. Senate,,Democratic,Joshua BLANTON SR.,4,0,4,0,0
Pike,A106,U.S. Senate,,Democratic,Logan FORSYTHE,7,2,5,0,0
Pike,A106,U.S. Senate,,,Under Votes,1,0,1,0,0
Pike,A106,U.S. Senate,,,Over Votes,0,0,0,0,0
Pike,A107,U.S. Senate,,Republican,Daniel CAMERON,20,3,17,0,0
Pike,A107,U.S. Senate,,Republican,Jonathan M. HOLLIDAY,0,0,0,0,0
Pike,A107,U.S. Senate,,Republican,Andy BARR,43,7,34,1,1
Pike,A107,U.S. Senate,,Republican,Nate MORRIS,5,0,5,0,0
Pike,A107,U.S. Senate,,Republican,"Valerie ""Dr Val"" FREDRICK",0,0,0,0,0
Pike,A107,U.S. Senate,,Republican,A. Nick SHELLEY,0,0,0,0,0
Pike,A107,U.S. Senate,,Republican,James D. DUNCAN,0,0,0,0,0
Pike,A107,U.S. Senate,,Republican,Michael James FARIS,6,1,5,0,0
Pike,A107,U.S. Senate,,Republican,Anissa CATLETT,0,0,0,0,0
Pike,A107,U.S. Senate,,Republican,Other Donald WENZEL,0,0,0,0,0
Pike,A107,U.S. Senate,,Republican,Jimmy I. LEON,0,0,0,0,0
Pike,A107,U.S. Senate,,Republican,George WASHINGTON,3,0,3,0,0
Pike,A107,U.S. Senate,,,Under Votes,2,0,2,0,0
Pike,A107,U.S. Senate,,,Over Votes,1,0,1,0,0
Pike,A107,Ballots Cast,,,,92,,,,
Pike,A107,U.S. House,5,Republican,Kevin SMITH,5,0,5,0,0
Pike,A107,U.S. House,5,Republican,Benjamin HURLEY,20,2,18,0,0
Pike,A107,U.S. House,5,Republican,Hal ROGERS,51,8,41,1,1
Pike,A107,U.S. House,5,Republican,Jerry Lee SHELTON,1,0,1,0,0
Pike,A107,U.S. House,5,Republican,Brandon R. MONHOLLEN,0,0,0,0,0
Pike,A107,U.S. House,5,,Under Votes,3,1,2,0,0
Pike,A107,U.S. House,5,,Over Votes,0,0,0,0,0
Pike,A107,County Judge/Executive,,,Suzy Gibson SHEARER,65,5,58,1,1
Pike,A107,County Judge/Executive,,,Brian A. MORRIS,14,6,8,0,0
Pike,A107,County Judge/Executive,,,Under Votes,1,0,1,0,0
Pike,A107,County Judge/Executive,,,Over Votes,0,0,0,0,0
Pike,A107,County Clerk,,,Subrenia Thacker MOON,23,1,22,0,0
Pike,A107,County Clerk,,,Darrell PUGH,54,10,42,1,1
Pike,A107,County Clerk,,,Under Votes,3,0,3,0,0
Pike,A107,County Clerk,,,Over Votes,0,0,0,0,0
Pike,A107,Sheriff,,,Rodney SCOTT,41,6,33,1,1
Pike,A107,Sheriff,,,Ellis McCOY,33,4,29,0,0
Pike,A107,Sheriff,,,Under Votes,6,1,5,0,0
Pike,A107,Sheriff,,,Over Votes,0,0,0,0,0
Pike,A107,Jailer,,,"Ronald ""Bubby"" SCOTT II.",13,1,11,0,1
Pike,A107,Jailer,,,Jeremy Todd MILLER,20,4,15,1,0
Pike,A107,Jailer,,,Perry Wayne HATFIELD,3,0,3,0,0
Pike,A107,Jailer,,,William A. WHITE,6,1,5,0,0
Pike,A107,Jailer,,,Ricky BOSTIC,29,4,25,0,0
Pike,A107,Jailer,,,John Jason FIELDS,6,1,5,0,0
Pike,A107,Jailer,,,Under Votes,3,0,3,0,0
Pike,A107,Jailer,,,Over Votes,0,0,0,0,0
Pike,A107,Coroner,,,Brenda JOHNSON,32,2,30,0,0
Pike,A107,Coroner,,,Kevin HALL,46,8,36,1,1
Pike,A107,Coroner,,,Under Votes,2,1,1,0,0
Pike,A107,Coroner,,,Over Votes,0,0,0,0,0
Pike,A107,Magistrate,,,Ronald SCOTT,22,4,17,0,1
Pike,A107,Magistrate,,,Amanda Blackburn MUNCY,57,6,50,1,0
Pike,A107,Magistrate,,,Under Votes,1,1,0,0,0
Pike,A107,Magistrate,,,Over Votes,0,0,0,0,0
Pike,A107,U.S. Senate,,Democratic,Vincent Anthony THOMPSON,0,0,0,0,0
Pike,A107,U.S. Senate,,Democratic,Amy McGRATH,5,1,3,1,0
Pike,A107,U.S. Senate,,Democratic,Dale Lewis ROMANS,0,0,0,0,0
Pike,A107,U.S. Senate,,Democratic,Charles BOOKER,4,0,4,0,0
Pike,A107,U.S. Senate,,Democratic,Pamela STEVENSON,0,0,0,0,0
Pike,A107,U.S. Senate,,Democratic,Joshua BLANTON SR.,0,0,0,0,0
Pike,A107,U.S. Senate,,Democratic,Logan FORSYTHE,3,0,3,0,0
Pike,A107,U.S. Senate,,,Under Votes,0,0,0,0,0
Pike,A107,U.S. Senate,,,Over Votes,0,0,0,0,0
Pike,A108,U.S. Senate,,Republican,Daniel CAMERON,41,6,34,0,1
Pike,A108,U.S. Senate,,Republican,Jonathan M. HOLLIDAY,1,0,1,0,0
Pike,A108,U.S. Senate,,Republican,Andy BARR,80,11,68,0,1
Pike,A108,U.S. Senate,,Republican,Nate MORRIS,9,0,8,1,0
Pike,A108,U.S. Senate,,Republican,"Valerie ""Dr Val"" FREDRICK",0,0,0,0,0
Pike,A108,U.S. Senate,,Republican,A. Nick SHELLEY,0,0,0,0,0
Pike,A108,U.S. Senate,,Republican,James D. DUNCAN,2,0,2,0,0
Pike,A108,U.S. Senate,,Republican,Michael James FARIS,4,0,4,0,0
Pike,A108,U.S. Senate,,Republican,Anissa CATLETT,0,0,0,0,0
Pike,A108,U.S. Senate,,Republican,Other Donald WENZEL,0,0,0,0,0
Pike,A108,U.S. Senate,,Republican,Jimmy I. LEON,0,0,0,0,0
Pike,A108,U.S. Senate,,Republican,George WASHINGTON,1,1,0,0,0
Pike,A108,U.S. Senate,,,Under Votes,1,0,1,0,0
Pike,A108,U.S. Senate,,,Over Votes,0,0,0,0,0
Pike,A108,Ballots Cast,,,,197,,,,
Pike,A108,U.S. House,5,Republican,Kevin SMITH,4,1,3,0,0
Pike,A108,U.S. House,5,Republican,Benjamin HURLEY,18,5,13,0,0
Pike,A108,U.S. House,5,Republican,Hal ROGERS,109,11,95,1,2
Pike,A108,U.S. House,5,Republican,Jerry Lee SHELTON,2,0,2,0,0
Pike,A108,U.S. House,5,Republican,Brandon R. MONHOLLEN,3,0,3,0,0
Pike,A108,U.S. House,5,,Under Votes,3,1,2,0,0
Pike,A108,U.S. House,5,,Over Votes,0,0,0,0,0
Pike,A108,State Representative,95,Republican,Tanner HESTERBERG,108,17,88,1,2
Pike,A108,State Representative,95,Republican,Willie CRASE JR.,28,0,28,0,0
Pike,A108,State Representative,95,,Under Votes,3,1,2,0,0
Pike,A108,State Representative,95,,Over Votes,0,0,0,0,0
Pike,A108,County Judge/Executive,,,Suzy Gibson SHEARER,57,9,47,0,1
Pike,A108,County Judge/Executive,,,Brian A. MORRIS,80,9,69,1,1
Pike,A108,County Judge/Executive,,,Under Votes,2,0,2,0,0
Pike,A108,County Judge/Executive,,,Over Votes,0,0,0,0,0
Pike,A108,County Clerk,,,Subrenia Thacker MOON,24,4,19,0,1
Pike,A108,County Clerk,,,Darrell PUGH,113,14,98,1,0
Pike,A108,County Clerk,,,Under Votes,1,0,1,0,0
Pike,A108,County Clerk,,,Over Votes,1,0,0,0,1
Pike,A108,Sheriff,,,Rodney SCOTT,118,14,102,1,1
Pike,A108,Sheriff,,,Ellis McCOY,21,4,16,0,1
Pike,A108,Sheriff,,,Under Votes,0,0,0,0,0
Pike,A108,Sheriff,,,Over Votes,0,0,0,0,0
Pike,A108,Jailer,,,"Ronald ""Bubby"" SCOTT II.",20,1,18,0,1
Pike,A108,Jailer,,,Jeremy Todd MILLER,27,5,21,1,0
Pike,A108,Jailer,,,Perry Wayne HATFIELD,2,1,1,0,0
Pike,A108,Jailer,,,William A. WHITE,25,4,21,0,0
Pike,A108,Jailer,,,Ricky BOSTIC,60,7,52,0,1
Pike,A108,Jailer,,,John Jason FIELDS,3,0,3,0,0
Pike,A108,Jailer,,,Under Votes,2,0,2,0,0
Pike,A108,Jailer,,,Over Votes,0,0,0,0,0
Pike,A108,Coroner,,,Brenda JOHNSON,27,6,21,0,0
Pike,A108,Coroner,,,Kevin HALL,111,12,96,1,2
Pike,A108,Coroner,,,Under Votes,1,0,1,0,0
Pike,A108,Coroner,,,Over Votes,0,0,0,0,0
Pike,A108,Magistrate,,,Ronald SCOTT,61,4,56,0,1
Pike,A108,Magistrate,,,Amanda Blackburn MUNCY,73,13,58,1,1
Pike,A108,Magistrate,,,Under Votes,5,1,4,0,0
Pike,A108,Magistrate,,,Over Votes,0,0,0,0,0
Pike,A108,U.S. Senate,,Democratic,Vincent Anthony THOMPSON,1,1,0,0,0
Pike,A108,U.S. Senate,,Democratic,Amy McGRATH,26,5,19,2,0
Pike,A108,U.S. Senate,,Democratic,Dale Lewis ROMANS,2,0,2,0,0
Pike,A108,U.S. Senate,,Democratic,Charles BOOKER,21,3,17,0,1
Pike,A108,U.S. Senate,,Democratic,Pamela STEVENSON,0,0,0,0,0
Pike,A108,U.S. Senate,,Democratic,Joshua BLANTON SR.,3,0,3,0,0
Pike,A108,U.S. Senate,,Democratic,Logan FORSYTHE,2,0,2,0,0
Pike,A108,U.S. Senate,,,Under Votes,3,0,3,0,0
Pike,A108,U.S. Senate,,,Over Votes,0,0,0,0,0
Pike,A109,U.S. Senate,,Republican,Daniel CAMERON,28,2,26,0,0
Pike,A109,U.S. Senate,,Republican,Jonathan M. HOLLIDAY,1,1,0,0,0
Pike,A109,U.S. Senate,,Republican,Andy BARR,72,10,62,0,0
Pike,A109,U.S. Senate,,Republican,Nate MORRIS,4,0,3,1,0
Pike,A109,U.S. Senate,,Republican,"Valerie ""Dr Val"" FREDRICK",1,1,0,0,0
Pike,A109,U.S. Senate,,Republican,A. Nick SHELLEY,1,0,1,0,0
Pike,A109,U.S. Senate,,Republican,James D. DUNCAN,1,0,1,0,0
Pike,A109,U.S. Senate,,Republican,Michael James FARIS,4,0,4,0,0
Pike,A109,U.S. Senate,,Republican,Anissa CATLETT,0,0,0,0,0
Pike,A109,U.S. Senate,,Republican,Other Donald WENZEL,0,0,0,0,0
Pike,A109,U.S. Senate,,Republican,Jimmy I. LEON,0,0,0,0,0
Pike,A109,U.S. Senate,,Republican,George WASHINGTON,0,0,0,0,0
Pike,A109,U.S. Senate,,,Under Votes,7,1,4,0,2
Pike,A109,U.S. Senate,,,Over Votes,0,0,0,0,0
Pike,A109,Ballots Cast,,,,145,,,,
Pike,A109,U.S. House,5,Republican,Kevin SMITH,11,0,11,0,0
Pike,A109,U.S. House,5,Republican,Benjamin HURLEY,13,1,12,0,0
Pike,A109,U.S. House,5,Republican,Hal ROGERS,86,13,72,1,0
Pike,A109,U.S. House,5,Republican,Jerry Lee SHELTON,0,0,0,0,0
Pike,A109,U.S. House,5,Republican,Brandon R. MONHOLLEN,1,0,1,0,0
Pike,A109,U.S. House,5,,Under Votes,8,1,5,0,2
Pike,A109,U.S. House,5,,Over Votes,0,0,0,0,0
Pike,A109,County Judge/Executive,,,Suzy Gibson SHEARER,98,12,83,1,2
Pike,A109,County Judge/Executive,,,Brian A. MORRIS,17,2,15,0,0
Pike,A109,County Judge/Executive,,,Under Votes,4,1,3,0,0
Pike,A109,County Judge/Executive,,,Over Votes,0,0,0,0,0
Pike,A109,County Clerk,,,Subrenia Thacker MOON,32,2,30,0,0
Pike,A109,County Clerk,,,Darrell PUGH,76,10,65,1,0
Pike,A109,County Clerk,,,Under Votes,11,3,6,0,2
Pike,A109,County Clerk,,,Over Votes,0,0,0,0,0
Pike,A109,Sheriff,,,Rodney SCOTT,62,6,55,1,0
Pike,A109,Sheriff,,,Ellis McCOY,49,6,43,0,0
Pike,A109,Sheriff,,,Under Votes,8,3,3,0,2
Pike,A109,Sheriff,,,Over Votes,0,0,0,0,0
Pike,A109,Jailer,,,"Ronald ""Bubby"" SCOTT II.",46,7,37,0,2
Pike,A109,Jailer,,,Jeremy Todd MILLER,21,1,20,0,0
Pike,A109,Jailer,,,Perry Wayne HATFIELD,0,0,0,0,0
Pike,A109,Jailer,,,William A. WHITE,3,1,2,0,0
Pike,A109,Jailer,,,Ricky BOSTIC,41,6,35,0,0
Pike,A109,Jailer,,,John Jason FIELDS,3,0,2,1,0
Pike,A109,Jailer,,,Under Votes,5,0,5,0,0
Pike,A109,Jailer,,,Over Votes,0,0,0,0,0
Pike,A109,Coroner,,,Brenda JOHNSON,22,3,19,0,0
Pike,A109,Coroner,,,Kevin HALL,82,8,73,1,0
Pike,A109,Coroner,,,Under Votes,15,4,9,0,2
Pike,A109,Coroner,,,Over Votes,0,0,0,0,0
Pike,A109,Magistrate,,,Ronald SCOTT,78,11,65,0,2
Pike,A109,Magistrate,,,Amanda Blackburn MUNCY,40,4,35,1,0
Pike,A109,Magistrate,,,Under Votes,1,0,1,0,0
Pike,A109,Magistrate,,,Over Votes,0,0,0,0,0
Pike,A109,U.S. Senate,,Democratic,Vincent Anthony THOMPSON,3,0,3,0,0
Pike,A109,U.S. Senate,,Democratic,Amy McGRATH,13,1,12,0,0
Pike,A109,U.S. Senate,,Democratic,Dale Lewis ROMANS,1,0,1,0,0
Pike,A109,U.S. Senate,,Democratic,Charles BOOKER,7,2,5,0,0
Pike,A109,U.S. Senate,,Democratic,Pamela STEVENSON,1,0,1,0,0
Pike,A109,U.S. Senate,,Democratic,Joshua BLANTON SR.,1,0,1,0,0
Pike,A109,U.S. Senate,,Democratic,Logan FORSYTHE,0,0,0,0,0
Pike,A109,U.S. Senate,,,Under Votes,0,0,0,0,0
Pike,A109,U.S. Senate,,,Over Votes,0,0,0,0,0
Pike,B101,U.S. Senate,,Republican,Daniel CAMERON,8,1,6,0,1
Pike,B101,U.S. Senate,,Republican,Jonathan M. HOLLIDAY,0,0,0,0,0
Pike,B101,U.S. Senate,,Republican,Andy BARR,32,9,20,0,3
Pike,B101,U.S. Senate,,Republican,Nate MORRIS,0,0,0,0,0
Pike,B101,U.S. Senate,,Republican,"Valerie ""Dr Val"" FREDRICK",0,0,0,0,0
Pike,B101,U.S. Senate,,Republican,A. Nick SHELLEY,0,0,0,0,0
Pike,B101,U.S. Senate,,Republican,James D. DUNCAN,0,0,0,0,0
Pike,B101,U.S. Senate,,Republican,Michael James FARIS,0,0,0,0,0
Pike,B101,U.S. Senate,,Republican,Anissa CATLETT,0,0,0,0,0
Pike,B101,U.S. Senate,,Republican,Other Donald WENZEL,0,0,0,0,0
Pike,B101,U.S. Senate,,Republican,Jimmy I. LEON,0,0,0,0,0
Pike,B101,U.S. Senate,,Republican,George WASHINGTON,0,0,0,0,0
Pike,B101,U.S. Senate,,,Under Votes,1,0,1,0,0
Pike,B101,U.S. Senate,,,Over Votes,0,0,0,0,0
Pike,B101,Ballots Cast,,,,88,,,,
Pike,B101,U.S. House,5,Republican,Kevin SMITH,2,1,1,0,0
Pike,B101,U.S. House,5,Republican,Benjamin HURLEY,3,1,1,0,1
Pike,B101,U.S. House,5,Republican,Hal ROGERS,29,8,19,0,2
Pike,B101,U.S. House,5,Republican,Jerry Lee SHELTON,0,0,0,0,0
Pike,B101,U.S. House,5,Republican,Brandon R. MONHOLLEN,1,0,1,0,0
Pike,B101,U.S. House,5,,Under Votes,6,0,5,0,1
Pike,B101,U.S. House,5,,Over Votes,0,0,0,0,0
Pike,B101,State Representative,95,Republican,Tanner HESTERBERG,25,5,16,0,4
Pike,B101,State Representative,95,Republican,Willie CRASE JR.,14,5,9,0,0
Pike,B101,State Representative,95,,Under Votes,2,0,2,0,0
Pike,B101,State Representative,95,,Over Votes,0,0,0,0,0
Pike,B101,County Judge/Executive,,,Suzy Gibson SHEARER,15,4,11,0,0
Pike,B101,County Judge/Executive,,,Brian A. MORRIS,25,6,15,0,4
Pike,B101,County Judge/Executive,,,Under Votes,1,0,1,0,0
Pike,B101,County Judge/Executive,,,Over Votes,0,0,0,0,0
Pike,B101,County Clerk,,,Subrenia Thacker MOON,7,1,4,0,2
Pike,B101,County Clerk,,,Darrell PUGH,32,9,21,0,2
Pike,B101,County Clerk,,,Under Votes,2,0,2,0,0
Pike,B101,County Clerk,,,Over Votes,0,0,0,0,0
Pike,B101,Sheriff,,,Rodney SCOTT,33,8,21,0,4
Pike,B101,Sheriff,,,Ellis McCOY,7,2,5,0,0
Pike,B101,Sheriff,,,Under Votes,1,0,1,0,0
Pike,B101,Sheriff,,,Over Votes,0,0,0,0,0
Pike,B101,Jailer,,,"Ronald ""Bubby"" SCOTT II.",2,1,1,0,0
Pike,B101,Jailer,,,Jeremy Todd MILLER,1,0,1,0,0
Pike,B101,Jailer,,,Perry Wayne HATFIELD,2,0,2,0,0
Pike,B101,Jailer,,,William A. WHITE,13,3,8,0,2
Pike,B101,Jailer,,,Ricky BOSTIC,20,6,12,0,2
Pike,B101,Jailer,,,John Jason FIELDS,1,0,1,0,0
Pike,B101,Jailer,,,Under Votes,2,0,2,0,0
Pike,B101,Jailer,,,Over Votes,0,0,0,0,0
Pike,B101,Coroner,,,Brenda JOHNSON,5,1,4,0,0
Pike,B101,Coroner,,,Kevin HALL,31,8,20,0,3
Pike,B101,Coroner,,,Under Votes,5,1,3,0,1
Pike,B101,Coroner,,,Over Votes,0,0,0,0,0
Pike,B101,Magistrate,,,Ronnie ROBERTSON,7,2,5,0,0
Pike,B101,Magistrate,,,Jamey KIDD,10,3,7,0,0
Pike,B101,Magistrate,,,Danny Lee NEWSOME,1,0,1,0,0
Pike,B101,Magistrate,,,Elmon L. WALTERS,21,5,12,0,4
Pike,B101,Magistrate,,,Under Votes,2,0,2,0,0
Pike,B101,Magistrate,,,Over Votes,0,0,0,0,0
Pike,B101,Constable,,,Billy KENDRICK,17,6,9,0,2
Pike,B101,Constable,,,"James ""Bubby"" ADAMS",10,1,8,0,1
Pike,B101,Constable,,,Under Votes,14,3,10,0,1
Pike,B101,Constable,,,Over Votes,0,0,0,0,0
Pike,B101,U.S. Senate,,Democratic,Vincent Anthony THOMPSON,1,1,0,0,0
Pike,B101,U.S. Senate,,Democratic,Amy McGRATH,19,7,12,0,0
Pike,B101,U.S. Senate,,Democratic,Dale Lewis ROMANS,3,2,1,0,0
Pike,B101,U.S. Senate,,Democratic,Charles BOOKER,18,4,14,0,0
Pike,B101,U.S. Senate,,Democratic,Pamela STEVENSON,1,0,1,0,0
Pike,B101,U.S. Senate,,Democratic,Joshua BLANTON SR.,1,0,1,0,0
Pike,B101,U.S. Senate,,Democratic,Logan FORSYTHE,0,0,0,0,0
Pike,B101,U.S. Senate,,,Under Votes,3,1,2,0,0
Pike,B101,U.S. Senate,,,Over Votes,1,0,1,0,0
Pike,B102,U.S. Senate,,Republican,Daniel CAMERON,34,3,28,3,0
Pike,B102,U.S. Senate,,Republican,Jonathan M. HOLLIDAY,2,0,2,0,0
Pike,B102,U.S. Senate,,Republican,Andy BARR,56,7,49,0,0
Pike,B102,U.S. Senate,,Republican,Nate MORRIS,7,1,6,0,0
Pike,B102,U.S. Senate,,Republican,"Valerie ""Dr Val"" FREDRICK",0,0,0,0,0
Pike,B102,U.S. Senate,,Republican,A. Nick SHELLEY,2,1,1,0,0
Pike,B102,U.S. Senate,,Republican,James D. DUNCAN,1,0,1,0,0
Pike,B102,U.S. Senate,,Republican,Michael James FARIS,2,2,0,0,0
Pike,B102,U.S. Senate,,Republican,Anissa CATLETT,1,0,1,0,0
Pike,B102,U.S. Senate,,Republican,Other Donald WENZEL,0,0,0,0,0
Pike,B102,U.S. Senate,,Republican,Jimmy I. LEON,1,0,1,0,0
Pike,B102,U.S. Senate,,Republican,George WASHINGTON,2,0,2,0,0
Pike,B102,U.S. Senate,,,Under Votes,5,0,5,0,0
Pike,B102,U.S. Senate,,,Over Votes,0,0,0,0,0
Pike,B102,Ballots Cast,,,,186,,,,
Pike,B102,U.S. House,5,Republican,Kevin SMITH,7,1,6,0,0
Pike,B102,U.S. House,5,Republican,Benjamin HURLEY,19,5,14,0,0
Pike,B102,U.S. House,5,Republican,Hal ROGERS,75,8,64,3,0
Pike,B102,U.S. House,5,Republican,Jerry Lee SHELTON,2,0,2,0,0
Pike,B102,U.S. House,5,Republican,Brandon R. MONHOLLEN,2,0,2,0,0
Pike,B102,U.S. House,5,,Under Votes,8,0,8,0,0
Pike,B102,U.S. House,5,,Over Votes,0,0,0,0,0
Pike,B102,State Representative,95,Republican,Tanner HESTERBERG,84,11,73,0,0
Pike,B102,State Representative,95,Republican,Willie CRASE JR.,22,3,16,3,0
Pike,B102,State Representative,95,,Under Votes,7,0,7,0,0
Pike,B102,State Representative,95,,Over Votes,0,0,0,0,0
Pike,B102,County Judge/Executive,,,Suzy Gibson SHEARER,51,6,45,0,0
Pike,B102,County Judge/Executive,,,Brian A. MORRIS,56,8,45,3,0
Pike,B102,County Judge/Executive,,,Under Votes,6,0,6,0,0
Pike,B102,County Judge/Executive,,,Over Votes,0,0,0,0,0
Pike,B102,County Clerk,,,Subrenia Thacker MOON,19,3,16,0,0
Pike,B102,County Clerk,,,Darrell PUGH,88,11,74,3,0
Pike,B102,County Clerk,,,Under Votes,6,0,6,0,0
Pike,B102,County Clerk,,,Over Votes,0,0,0,0,0
Pike,B102,Sheriff,,,Rodney SCOTT,69,8,58,3,0
Pike,B102,Sheriff,,,Ellis McCOY,39,6,33,0,0
Pike,B102,Sheriff,,,Under Votes,5,0,5,0,0
Pike,B102,Sheriff,,,Over Votes,0,0,0,0,0
Pike,B102,Jailer,,,"Ronald ""Bubby"" SCOTT II.",16,0,13,3,0
Pike,B102,Jailer,,,Jeremy Todd MILLER,11,3,8,0,0
Pike,B102,Jailer,,,Perry Wayne HATFIELD,0,0,0,0,0
Pike,B102,Jailer,,,William A. WHITE,21,3,18,0,0
Pike,B102,Jailer,,,Ricky BOSTIC,46,6,40,0,0
Pike,B102,Jailer,,,John Jason FIELDS,7,1,6,0,0
Pike,B102,Jailer,,,Under Votes,12,1,11,0,0
Pike,B102,Jailer,,,Over Votes,0,0,0,0,0
Pike,B102,Coroner,,,Brenda JOHNSON,13,1,12,0,0
Pike,B102,Coroner,,,Kevin HALL,92,13,76,3,0
Pike,B102,Coroner,,,Under Votes,8,0,8,0,0
Pike,B102,Coroner,,,Over Votes,0,0,0,0,0
Pike,B102,Magistrate,,,Ronnie ROBERTSON,37,7,30,0,0
Pike,B102,Magistrate,,,Jamey KIDD,28,3,22,3,0
Pike,B102,Magistrate,,,Danny Lee NEWSOME,4,1,3,0,0
Pike,B102,Magistrate,,,Elmon L. WALTERS,36,3,33,0,0
Pike,B102,Magistrate,,,Under Votes,8,0,8,0,0
Pike,B102,Magistrate,,,Over Votes,0,0,0,0,0
Pike,B102,Constable,,,Billy KENDRICK,71,13,55,3,0
Pike,B102,Constable,,,"James ""Bubby"" ADAMS",27,1,26,0,0
Pike,B102,Constable,,,Under Votes,15,0,15,0,0
Pike,B102,Constable,,,Over Votes,0,0,0,0,0
Pike,B102,U.S. Senate,,Democratic,Vincent Anthony THOMPSON,6,0,5,1,0
Pike,B102,U.S. Senate,,Democratic,Amy McGRATH,35,4,30,1,0
Pike,B102,U.S. Senate,,Democratic,Dale Lewis ROMANS,1,0,1,0,0
Pike,B102,U.S. Senate,,Democratic,Charles BOOKER,23,4,19,0,0
Pike,B102,U.S. Senate,,Democratic,Pamela STEVENSON,2,0,2,0,0
Pike,B102,U.S. Senate,,Democratic,Joshua BLANTON SR.,0,0,0,0,0
Pike,B102,U.S. Senate,,Democratic,Logan FORSYTHE,2,0,1,1,0
Pike,B102,U.S. Senate,,,Under Votes,2,0,2,0,0
Pike,B102,U.S. Senate,,,Over Votes,2,0,2,0,0
Pike,B103,U.S. Senate,,Republican,Daniel CAMERON,89,18,71,0,0
Pike,B103,U.S. Senate,,Republican,Jonathan M. HOLLIDAY,1,0,1,0,0
Pike,B103,U.S. Senate,,Republican,Andy BARR,185,52,130,2,1
Pike,B103,U.S. Senate,,Republican,Nate MORRIS,11,1,10,0,0
Pike,B103,U.S. Senate,,Republican,"Valerie ""Dr Val"" FREDRICK",2,0,2,0,0
Pike,B103,U.S. Senate,,Republican,A. Nick SHELLEY,0,0,0,0,0
Pike,B103,U.S. Senate,,Republican,James D. DUNCAN,0,0,0,0,0
Pike,B103,U.S. Senate,,Republican,Michael James FARIS,3,2,1,0,0
Pike,B103,U.S. Senate,,Republican,Anissa CATLETT,3,0,3,0,0
Pike,B103,U.S. Senate,,Republican,Other Donald WENZEL,0,0,0,0,0
Pike,B103,U.S. Senate,,Republican,Jimmy I. LEON,0,0,0,0,0
Pike,B103,U.S. Senate,,Republican,George WASHINGTON,4,0,4,0,0
Pike,B103,U.S. Senate,,,Under Votes,9,4,5,0,0
Pike,B103,U.S. Senate,,,Over Votes,0,0,0,0,0
Pike,B103,Ballots Cast,,,,416,,,,
Pike,B103,U.S. House,5,Republican,Kevin SMITH,20,2,18,0,0
Pike,B103,U.S. House,5,Republican,Benjamin HURLEY,35,7,28,0,0
Pike,B103,U.S. House,5,Republican,Hal ROGERS,234,65,167,1,1
Pike,B103,U.S. House,5,Republican,Jerry Lee SHELTON,3,1,2,0,0
Pike,B103,U.S. House,5,Republican,Brandon R. MONHOLLEN,3,0,3,0,0
Pike,B103,U.S. House,5,,Under Votes,12,2,9,1,0
Pike,B103,U.S. House,5,,Over Votes,0,0,0,0,0
Pike,B103,State Representative,95,Republican,Tanner HESTERBERG,211,52,158,1,0
Pike,B103,State Representative,95,Republican,Willie CRASE JR.,80,20,58,1,1
Pike,B103,State Representative,95,,Under Votes,16,5,11,0,0
Pike,B103,State Representative,95,,Over Votes,0,0,0,0,0
Pike,B103,County Judge/Executive,,,Suzy Gibson SHEARER,145,36,108,1,0
Pike,B103,County Judge/Executive,,,Brian A. MORRIS,156,38,116,1,1
Pike,B103,County Judge/Executive,,,Under Votes,6,3,3,0,0
Pike,B103,County Judge/Executive,,,Over Votes,0,0,0,0,0
Pike,B103,County Clerk,,,Subrenia Thacker MOON,20,4,16,0,0
Pike,B103,County Clerk,,,Darrell PUGH,280,69,208,2,1
Pike,B103,County Clerk,,,Under Votes,7,4,3,0,0
Pike,B103,County Clerk,,,Over Votes,0,0,0,0,0
Pike,B103,Sheriff,,,Rodney SCOTT,238,60,177,1,0
Pike,B103,Sheriff,,,Ellis McCOY,55,13,41,1,0
Pike,B103,Sheriff,,,Under Votes,14,4,9,0,1
Pike,B103,Sheriff,,,Over Votes,0,0,0,0,0
Pike,B103,Jailer,,,"Ronald ""Bubby"" SCOTT II.",24,9,15,0,0
Pike,B103,Jailer,,,Jeremy Todd MILLER,34,5,28,0,1
Pike,B103,Jailer,,,Perry Wayne HATFIELD,6,0,5,1,0
Pike,B103,Jailer,,,William A. WHITE,98,20,77,1,0
Pike,B103,Jailer,,,Ricky BOSTIC,122,38,84,0,0
Pike,B103,Jailer,,,John Jason FIELDS,4,1,3,0,0
Pike,B103,Jailer,,,Under Votes,19,4,15,0,0
Pike,B103,Jailer,,,Over Votes,0,0,0,0,0
Pike,B103,Coroner,,,Brenda JOHNSON,40,6,33,1,0
Pike,B103,Coroner,,,Kevin HALL,252,69,181,1,1
Pike,B103,Coroner,,,Under Votes,15,2,13,0,0
Pike,B103,Coroner,,,Over Votes,0,0,0,0,0
Pike,B103,Magistrate,,,Ronnie ROBERTSON,66,17,49,0,0
Pike,B103,Magistrate,,,Jamey KIDD,78,14,63,1,0
Pike,B103,Magistrate,,,Danny Lee NEWSOME,3,0,3,0,0
Pike,B103,Magistrate,,,Elmon L. WALTERS,152,42,108,1,1
Pike,B103,Magistrate,,,Under Votes,8,4,4,0,0
Pike,B103,Magistrate,,,Over Votes,0,0,0,0,0
Pike,B103,Constable,,,Billy KENDRICK,160,45,113,1,1
Pike,B103,Constable,,,"James ""Bubby"" ADAMS",73,17,56,0,0
Pike,B103,Constable,,,Under Votes,74,15,58,1,0
Pike,B103,Constable,,,Over Votes,0,0,0,0,0
Pike,B103,U.S. Senate,,Democratic,Vincent Anthony THOMPSON,4,0,4,0,0
Pike,B103,U.S. Senate,,Democratic,Amy McGRATH,37,9,26,0,2
Pike,B103,U.S. Senate,,Democratic,Dale Lewis ROMANS,4,1,3,0,0
Pike,B103,U.S. Senate,,Democratic,Charles BOOKER,51,9,40,1,1
Pike,B103,U.S. Senate,,Democratic,Pamela STEVENSON,4,0,4,0,0
Pike,B103,U.S. Senate,,Democratic,Joshua BLANTON SR.,3,1,2,0,0
Pike,B103,U.S. Senate,,Democratic,Logan FORSYTHE,6,0,6,0,0
Pike,B103,U.S. Senate,,,Under Votes,0,0,0,0,0
Pike,B103,U.S. Senate,,,Over Votes,0,0,0,0,0
Pike,B104,U.S. Senate,,Republican,Daniel CAMERON,12,0,11,1,0
Pike,B104,U.S. Senate,,Republican,Jonathan M. HOLLIDAY,0,0,0,0,0
Pike,B104,U.S. Senate,,Republican,Andy BARR,24,4,20,0,0
Pike,B104,U.S. Senate,,Republican,Nate MORRIS,4,0,4,0,0
Pike,B104,U.S. Senate,,Republican,"Valerie ""Dr Val"" FREDRICK",0,0,0,0,0
Pike,B104,U.S. Senate,,Republican,A. Nick SHELLEY,0,0,0,0,0
Pike,B104,U.S. Senate,,Republican,James D. DUNCAN,0,0,0,0,0
Pike,B104,U.S. Senate,,Republican,Michael James FARIS,1,0,1,0,0
Pike,B104,U.S. Senate,,Republican,Anissa CATLETT,1,0,1,0,0
Pike,B104,U.S. Senate,,Republican,Other Donald WENZEL,0,0,0,0,0
Pike,B104,U.S. Senate,,Republican,Jimmy I. LEON,0,0,0,0,0
Pike,B104,U.S. Senate,,Republican,George WASHINGTON,4,0,4,0,0
Pike,B104,U.S. Senate,,,Under Votes,2,0,2,0,0
Pike,B104,U.S. Senate,,,Over Votes,0,0,0,0,0
Pike,B104,Ballots Cast,,,,102,,,,
Pike,B104,U.S. House,5,Republican,Kevin SMITH,10,1,9,0,0
Pike,B104,U.S. House,5,Republican,Benjamin HURLEY,3,1,2,0,0
Pike,B104,U.S. House,5,Republican,Hal ROGERS,30,2,27,1,0
Pike,B104,U.S. House,5,Republican,Jerry Lee SHELTON,1,0,1,0,0
Pike,B104,U.S. House,5,Republican,Brandon R. MONHOLLEN,1,0,1,0,0
Pike,B104,U.S. House,5,,Under Votes,3,0,3,0,0
Pike,B104,U.S. House,5,,Over Votes,0,0,0,0,0
Pike,B104,State Representative,95,Republican,Tanner HESTERBERG,28,4,24,0,0
Pike,B104,State Representative,95,Republican,Willie CRASE JR.,16,0,15,1,0
Pike,B104,State Representative,95,,Under Votes,4,0,4,0,0
Pike,B104,State Representative,95,,Over Votes,0,0,0,0,0
Pike,B104,County Judge/Executive,,,Suzy Gibson SHEARER,25,3,22,0,0
Pike,B104,County Judge/Executive,,,Brian A. MORRIS,21,1,20,0,0
Pike,B104,County Judge/Executive,,,Under Votes,1,0,1,0,0
Pike,B104,County Judge/Executive,,,Over Votes,1,0,0,1,0
Pike,B104,County Clerk,,,Subrenia Thacker MOON,9,2,7,0,0
Pike,B104,County Clerk,,,Darrell PUGH,38,2,35,1,0
Pike,B104,County Clerk,,,Under Votes,1,0,1,0,0
Pike,B104,County Clerk,,,Over Votes,0,0,0,0,0
Pike,B104,Sheriff,,,Rodney SCOTT,33,2,30,1,0
Pike,B104,Sheriff,,,Ellis McCOY,12,2,10,0,0
Pike,B104,Sheriff,,,Under Votes,3,0,3,0,0
Pike,B104,Sheriff,,,Over Votes,0,0,0,0,0
Pike,B104,Jailer,,,"Ronald ""Bubby"" SCOTT II.",10,0,10,0,0
Pike,B104,Jailer,,,Jeremy Todd MILLER,6,1,5,0,0
Pike,B104,Jailer,,,Perry Wayne HATFIELD,1,0,1,0,0
Pike,B104,Jailer,,,William A. WHITE,10,2,8,0,0
Pike,B104,Jailer,,,Ricky BOSTIC,12,1,11,0,0
Pike,B104,Jailer,,,John Jason FIELDS,3,0,3,0,0
Pike,B104,Jailer,,,Under Votes,6,0,5,1,0
Pike,B104,Jailer,,,Over Votes,0,0,0,0,0
Pike,B104,Coroner,,,Brenda JOHNSON,12,2,10,0,0
Pike,B104,Coroner,,,Kevin HALL,34,2,31,1,0
Pike,B104,Coroner,,,Under Votes,2,0,2,0,0
Pike,B104,Coroner,,,Over Votes,0,0,0,0,0
Pike,B104,Magistrate,,,Ronnie ROBERTSON,19,1,17,1,0
Pike,B104,Magistrate,,,Jamey KIDD,6,0,6,0,0
Pike,B104,Magistrate,,,Danny Lee NEWSOME,5,0,5,0,0
Pike,B104,Magistrate,,,Elmon L. WALTERS,13,3,10,0,0
Pike,B104,Magistrate,,,Under Votes,4,0,4,0,0
Pike,B104,Magistrate,,,Over Votes,1,0,1,0,0
Pike,B104,Constable,,,Billy KENDRICK,21,2,19,0,0
Pike,B104,Constable,,,"James ""Bubby"" ADAMS",18,1,17,0,0
Pike,B104,Constable,,,Under Votes,9,1,7,1,0
Pike,B104,Constable,,,Over Votes,0,0,0,0,0
Pike,B104,U.S. Senate,,Democratic,Vincent Anthony THOMPSON,5,1,4,0,0
Pike,B104,U.S. Senate,,Democratic,Amy McGRATH,18,2,15,1,0
Pike,B104,U.S. Senate,,Democratic,Dale Lewis ROMANS,2,0,2,0,0
Pike,B104,U.S. Senate,,Democratic,Charles BOOKER,26,4,21,1,0
Pike,B104,U.S. Senate,,Democratic,Pamela STEVENSON,2,0,2,0,0
Pike,B104,U.S. Senate,,Democratic,Joshua BLANTON SR.,1,0,1,0,0
Pike,B104,U.S. Senate,,Democratic,Logan FORSYTHE,0,0,0,0,0
Pike,B104,U.S. Senate,,,Under Votes,0,0,0,0,0
Pike,B104,U.S. Senate,,,Over Votes,0,0,0,0,0
Pike,B105,U.S. Senate,,Republican,Daniel CAMERON,56,13,42,1,0
Pike,B105,U.S. Senate,,Republican,Jonathan M. HOLLIDAY,1,0,1,0,0
Pike,B105,U.S. Senate,,Republican,Andy BARR,64,14,46,3,1
Pike,B105,U.S. Senate,,Republican,Nate MORRIS,9,1,7,1,0
Pike,B105,U.S. Senate,,Republican,"Valerie ""Dr Val"" FREDRICK",0,0,0,0,0
Pike,B105,U.S. Senate,,Republican,A. Nick SHELLEY,0,0,0,0,0
Pike,B105,U.S. Senate,,Republican,James D. DUNCAN,3,0,3,0,0
Pike,B105,U.S. Senate,,Republican,Michael James FARIS,1,1,0,0,0
Pike,B105,U.S. Senate,,Republican,Anissa CATLETT,2,0,2,0,0
Pike,B105,U.S. Senate,,Republican,Other Donald WENZEL,0,0,0,0,0
Pike,B105,U.S. Senate,,Republican,Jimmy I. LEON,0,0,0,0,0
Pike,B105,U.S. Senate,,Republican,George WASHINGTON,4,1,3,0,0
Pike,B105,U.S. Senate,,,Under Votes,6,2,3,1,0
Pike,B105,U.S. Senate,,,Over Votes,1,0,0,1,0
Pike,B105,Ballots Cast,,,,210,,,,
Pike,B105,U.S. House,5,Republican,Kevin SMITH,15,2,12,1,0
Pike,B105,U.S. House,5,Republican,Benjamin HURLEY,12,3,9,0,0
Pike,B105,U.S. House,5,Republican,Hal ROGERS,104,25,74,4,1
Pike,B105,U.S. House,5,Republican,Jerry Lee SHELTON,1,0,0,1,0
Pike,B105,U.S. House,5,Republican,Brandon R. MONHOLLEN,3,0,3,0,0
Pike,B105,U.S. House,5,,Under Votes,12,2,9,1,0
Pike,B105,U.S. House,5,,Over Votes,0,0,0,0,0
Pike,B105,County Judge/Executive,,,Suzy Gibson SHEARER,70,15,52,2,1
Pike,B105,County Judge/Executive,,,Brian A. MORRIS,72,17,51,4,0
Pike,B105,County Judge/Executive,,,Under Votes,5,0,4,1,0
Pike,B105,County Judge/Executive,,,Over Votes,0,0,0,0,0
Pike,B105,County Clerk,,,Subrenia Thacker MOON,11,2,9,0,0
Pike,B105,County Clerk,,,Darrell PUGH,134,30,97,6,1
Pike,B105,County Clerk,,,Under Votes,1,0,1,0,0
Pike,B105,County Clerk,,,Over Votes,1,0,0,1,0
Pike,B105,Sheriff,,,Rodney SCOTT,117,28,82,6,1
Pike,B105,Sheriff,,,Ellis McCOY,26,4,21,1,0
Pike,B105,Sheriff,,,Under Votes,4,0,4,0,0
Pike,B105,Sheriff,,,Over Votes,0,0,0,0,0
Pike,B105,Jailer,,,"Ronald ""Bubby"" SCOTT II.",22,5,16,1,0
Pike,B105,Jailer,,,Jeremy Todd MILLER,21,4,15,2,0
Pike,B105,Jailer,,,Perry Wayne HATFIELD,1,0,0,1,0
Pike,B105,Jailer,,,William A. WHITE,35,10,25,0,0
Pike,B105,Jailer,,,Ricky BOSTIC,52,9,41,1,1
Pike,B105,Jailer,,,John Jason FIELDS,5,2,1,2,0
Pike,B105,Jailer,,,Under Votes,11,2,9,0,0
Pike,B105,Jailer,,,Over Votes,0,0,0,0,0
Pike,B105,Coroner,,,Brenda JOHNSON,14,1,12,1,0
Pike,B105,Coroner,,,Kevin HALL,123,30,86,6,1
Pike,B105,Coroner,,,Under Votes,10,1,9,0,0
Pike,B105,Coroner,,,Over Votes,0,0,0,0,0
Pike,B105,Magistrate,,,Ronnie ROBERTSON,69,18,45,6,0
Pike,B105,Magistrate,,,Jamey KIDD,33,7,26,0,0
Pike,B105,Magistrate,,,Danny Lee NEWSOME,5,1,3,1,0
Pike,B105,Magistrate,,,Elmon L. WALTERS,36,6,29,0,1
Pike,B105,Magistrate,,,Under Votes,3,0,3,0,0
Pike,B105,Magistrate,,,Over Votes,1,0,1,0,0
Pike,B105,Constable,,,Billy KENDRICK,77,15,59,3,0
Pike,B105,Constable,,,"James ""Bubby"" ADAMS",45,13,28,3,1
Pike,B105,Constable,,,Under Votes,25,4,20,1,0
Pike,B105,Constable,,,Over Votes,0,0,0,0,0
Pike,B105,U.S. Senate,,Democratic,Vincent Anthony THOMPSON,3,0,2,1,0
Pike,B105,U.S. Senate,,Democratic,Amy McGRATH,25,5,17,3,0
Pike,B105,U.S. Senate,,Democratic,Dale Lewis ROMANS,3,0,3,0,0
Pike,B105,U.S. Senate,,Democratic,Charles BOOKER,20,4,16,0,0
Pike,B105,U.S. Senate,,Democratic,Pamela STEVENSON,4,0,1,3,0
Pike,B105,U.S. Senate,,Democratic,Joshua BLANTON SR.,2,0,2,0,0
Pike,B105,U.S. Senate,,Democratic,Logan FORSYTHE,5,1,3,1,0
Pike,B105,U.S. Senate,,,Under Votes,0,0,0,0,0
Pike,B105,U.S. Senate,,,Over Votes,1,0,0,1,0
Pike,B106,U.S. Senate,,Republican,Daniel CAMERON,35,5,28,2,0
Pike,B106,U.S. Senate,,Republican,Jonathan M. HOLLIDAY,2,0,2,0,0
Pike,B106,U.S. Senate,,Republican,Andy BARR,78,15,58,5,0
Pike,B106,U.S. Senate,,Republican,Nate MORRIS,8,0,8,0,0
Pike,B106,U.S. Senate,,Republican,"Valerie ""Dr Val"" FREDRICK",4,0,4,0,0
Pike,B106,U.S. Senate,,Republican,A. Nick SHELLEY,0,0,0,0,0
Pike,B106,U.S. Senate,,Republican,James D. DUNCAN,2,0,2,0,0
Pike,B106,U.S. Senate,,Republican,Michael James FARIS,1,0,1,0,0
Pike,B106,U.S. Senate,,Republican,Anissa CATLETT,0,0,0,0,0
Pike,B106,U.S. Senate,,Republican,Other Donald WENZEL,0,0,0,0,0
Pike,B106,U.S. Senate,,Republican,Jimmy I. LEON,0,0,0,0,0
Pike,B106,U.S. Senate,,Republican,George WASHINGTON,4,1,3,0,0
Pike,B106,U.S. Senate,,,Under Votes,10,0,9,0,1
Pike,B106,U.S. Senate,,,Over Votes,0,0,0,0,0
Pike,B106,Ballots Cast,,,,202,,,,
Pike,B106,U.S. House,5,Republican,Kevin SMITH,14,2,12,0,0
Pike,B106,U.S. House,5,Republican,Benjamin HURLEY,11,3,8,0,0
Pike,B106,U.S. House,5,Republican,Hal ROGERS,104,15,82,7,0
Pike,B106,U.S. House,5,Republican,Jerry Lee SHELTON,3,1,2,0,0
Pike,B106,U.S. House,5,Republican,Brandon R. MONHOLLEN,3,0,3,0,0
Pike,B106,U.S. House,5,,Under Votes,9,0,8,0,1
Pike,B106,U.S. House,5,,Over Votes,0,0,0,0,0
Pike,B106,County Judge/Executive,,,Suzy Gibson SHEARER,75,11,59,5,0
Pike,B106,County Judge/Executive,,,Brian A. MORRIS,67,10,54,2,1
Pike,B106,County Judge/Executive,,,Under Votes,2,0,2,0,0
Pike,B106,County Judge/Executive,,,Over Votes,0,0,0,0,0
Pike,B106,County Clerk,,,Subrenia Thacker MOON,37,4,29,4,0
Pike,B106,County Clerk,,,Darrell PUGH,104,17,83,3,1
Pike,B106,County Clerk,,,Under Votes,3,0,3,0,0
Pike,B106,County Clerk,,,Over Votes,0,0,0,0,0
Pike,B106,Sheriff,,,Rodney SCOTT,107,14,86,6,1
Pike,B106,Sheriff,,,Ellis McCOY,36,7,28,1,0
Pike,B106,Sheriff,,,Under Votes,1,0,1,0,0
Pike,B106,Sheriff,,,Over Votes,0,0,0,0,0
Pike,B106,Jailer,,,"Ronald ""Bubby"" SCOTT II.",19,0,18,0,1
Pike,B106,Jailer,,,Jeremy Todd MILLER,43,2,37,4,0
Pike,B106,Jailer,,,Perry Wayne HATFIELD,2,0,2,0,0
Pike,B106,Jailer,,,William A. WHITE,13,2,11,0,0
Pike,B106,Jailer,,,Ricky BOSTIC,58,16,39,3,0
Pike,B106,Jailer,,,John Jason FIELDS,4,1,3,0,0
Pike,B106,Jailer,,,Under Votes,5,0,5,0,0
Pike,B106,Jailer,,,Over Votes,0,0,0,0,0
Pike,B106,Coroner,,,Brenda JOHNSON,21,5,14,2,0
Pike,B106,Coroner,,,Kevin HALL,118,16,96,5,1
Pike,B106,Coroner,,,Under Votes,5,0,5,0,0
Pike,B106,Coroner,,,Over Votes,0,0,0,0,0
Pike,B106,Magistrate,,,Ronnie ROBERTSON,105,15,83,7,0
Pike,B106,Magistrate,,,Jamey KIDD,27,3,23,0,1
Pike,B106,Magistrate,,,Danny Lee NEWSOME,1,0,1,0,0
Pike,B106,Magistrate,,,Elmon L. WALTERS,8,3,5,0,0
Pike,B106,Magistrate,,,Under Votes,3,0,3,0,0
Pike,B106,Magistrate,,,Over Votes,0,0,0,0,0
Pike,B106,Constable,,,Billy KENDRICK,73,14,59,0,0
Pike,B106,Constable,,,"James ""Bubby"" ADAMS",59,7,45,7,0
Pike,B106,Constable,,,Under Votes,12,0,11,0,1
Pike,B106,Constable,,,Over Votes,0,0,0,0,0
Pike,B106,U.S. Senate,,Democratic,Vincent Anthony THOMPSON,2,0,2,0,0
Pike,B106,U.S. Senate,,Democratic,Amy McGRATH,33,5,28,0,0
Pike,B106,U.S. Senate,,Democratic,Dale Lewis ROMANS,4,0,4,0,0
Pike,B106,U.S. Senate,,Democratic,Charles BOOKER,12,5,7,0,0
Pike,B106,U.S. Senate,,Democratic,Pamela STEVENSON,4,0,4,0,0
Pike,B106,U.S. Senate,,Democratic,Joshua BLANTON SR.,1,0,1,0,0
Pike,B106,U.S. Senate,,Democratic,Logan FORSYTHE,1,0,1,0,0
Pike,B106,U.S. Senate,,,Under Votes,1,0,1,0,0
Pike,B106,U.S. Senate,,,Over Votes,0,0,0,0,0
Pike,B107,U.S. Senate,,Republican,Daniel CAMERON,34,2,32,0,0
Pike,B107,U.S. Senate,,Republican,Jonathan M. HOLLIDAY,0,0,0,0,0
Pike,B107,U.S. Senate,,Republican,Andy BARR,46,7,37,0,2
Pike,B107,U.S. Senate,,Republican,Nate MORRIS,11,5,5,1,0
Pike,B107,U.S. Senate,,Republican,"Valerie ""Dr Val"" FREDRICK",2,0,2,0,0
Pike,B107,U.S. Senate,,Republican,A. Nick SHELLEY,0,0,0,0,0
Pike,B107,U.S. Senate,,Republican,James D. DUNCAN,1,0,1,0,0
Pike,B107,U.S. Senate,,Republican,Michael James FARIS,2,2,0,0,0
Pike,B107,U.S. Senate,,Republican,Anissa CATLETT,0,0,0,0,0
Pike,B107,U.S. Senate,,Republican,Other Donald WENZEL,0,0,0,0,0
Pike,B107,U.S. Senate,,Republican,Jimmy I. LEON,0,0,0,0,0
Pike,B107,U.S. Senate,,Republican,George WASHINGTON,1,0,1,0,0
Pike,B107,U.S. Senate,,,Under Votes,1,0,1,0,0
Pike,B107,U.S. Senate,,,Over Votes,0,0,0,0,0
Pike,B107,Ballots Cast,,,,142,,,,
Pike,B107,U.S. House,5,Republican,Kevin SMITH,11,1,10,0,0
Pike,B107,U.S. House,5,Republican,Benjamin HURLEY,8,4,4,0,0
Pike,B107,U.S. House,5,Republican,Hal ROGERS,74,11,60,1,2
Pike,B107,U.S. House,5,Republican,Jerry Lee SHELTON,1,0,1,0,0
Pike,B107,U.S. House,5,Republican,Brandon R. MONHOLLEN,3,0,3,0,0
Pike,B107,U.S. House,5,,Under Votes,1,0,1,0,0
Pike,B107,U.S. House,5,,Over Votes,0,0,0,0,0
Pike,B107,County Judge/Executive,,,Suzy Gibson SHEARER,49,6,42,1,0
Pike,B107,County Judge/Executive,,,Brian A. MORRIS,46,10,34,0,2
Pike,B107,County Judge/Executive,,,Under Votes,3,0,3,0,0
Pike,B107,County Judge/Executive,,,Over Votes,0,0,0,0,0
Pike,B107,County Clerk,,,Subrenia Thacker MOON,18,3,15,0,0
Pike,B107,County Clerk,,,Darrell PUGH,77,13,61,1,2
Pike,B107,County Clerk,,,Under Votes,3,0,3,0,0
Pike,B107,County Clerk,,,Over Votes,0,0,0,0,0
Pike,B107,Sheriff,,,Rodney SCOTT,67,14,50,1,2
Pike,B107,Sheriff,,,Ellis McCOY,29,2,27,0,0
Pike,B107,Sheriff,,,Under Votes,2,0,2,0,0
Pike,B107,Sheriff,,,Over Votes,0,0,0,0,0
Pike,B107,Jailer,,,"Ronald ""Bubby"" SCOTT II.",13,1,11,1,0
Pike,B107,Jailer,,,Jeremy Todd MILLER,20,4,16,0,0
Pike,B107,Jailer,,,Perry Wayne HATFIELD,2,1,1,0,0
Pike,B107,Jailer,,,William A. WHITE,15,4,10,0,1
Pike,B107,Jailer,,,Ricky BOSTIC,42,6,35,0,1
Pike,B107,Jailer,,,John Jason FIELDS,1,0,1,0,0
Pike,B107,Jailer,,,Under Votes,5,0,5,0,0
Pike,B107,Jailer,,,Over Votes,0,0,0,0,0
Pike,B107,Coroner,,,Brenda JOHNSON,21,4,16,1,0
Pike,B107,Coroner,,,Kevin HALL,74,12,60,0,2
Pike,B107,Coroner,,,Under Votes,3,0,3,0,0
Pike,B107,Coroner,,,Over Votes,0,0,0,0,0
Pike,B107,Magistrate,,,Ronnie ROBERTSON,32,4,27,0,1
Pike,B107,Magistrate,,,Jamey KIDD,34,9,25,0,0
Pike,B107,Magistrate,,,Danny Lee NEWSOME,4,0,4,0,0
Pike,B107,Magistrate,,,Elmon L. WALTERS,25,3,20,1,1
Pike,B107,Magistrate,,,Under Votes,3,0,3,0,0
Pike,B107,Magistrate,,,Over Votes,0,0,0,0,0
Pike,B107,Constable,,,Billy KENDRICK,47,7,38,1,1
Pike,B107,Constable,,,"James ""Bubby"" ADAMS",37,7,29,0,1
Pike,B107,Constable,,,Under Votes,14,2,12,0,0
Pike,B107,Constable,,,Over Votes,0,0,0,0,0
Pike,B107,U.S. Senate,,Democratic,Vincent Anthony THOMPSON,2,1,1,0,0
Pike,B107,U.S. Senate,,Democratic,Amy McGRATH,23,5,16,2,0
Pike,B107,U.S. Senate,,Democratic,Dale Lewis ROMANS,1,0,1,0,0
Pike,B107,U.S. Senate,,Democratic,Charles BOOKER,12,1,11,0,0
Pike,B107,U.S. Senate,,Democratic,Pamela STEVENSON,0,0,0,0,0
Pike,B107,U.S. Senate,,Democratic,Joshua BLANTON SR.,2,0,2,0,0
Pike,B107,U.S. Senate,,Democratic,Logan FORSYTHE,2,1,1,0,0
Pike,B107,U.S. Senate,,,Under Votes,2,0,2,0,0
Pike,B107,U.S. Senate,,,Over Votes,0,0,0,0,0
Pike,B108,U.S. Senate,,Republican,Daniel CAMERON,22,5,17,0,0
Pike,B108,U.S. Senate,,Republican,Jonathan M. HOLLIDAY,0,0,0,0,0
Pike,B108,U.S. Senate,,Republican,Andy BARR,31,1,30,0,0
Pike,B108,U.S. Senate,,Republican,Nate MORRIS,1,1,0,0,0
Pike,B108,U.S. Senate,,Republican,"Valerie ""Dr Val"" FREDRICK",0,0,0,0,0
Pike,B108,U.S. Senate,,Republican,A. Nick SHELLEY,0,0,0,0,0
Pike,B108,U.S. Senate,,Republican,James D. DUNCAN,1,0,1,0,0
Pike,B108,U.S. Senate,,Republican,Michael James FARIS,0,0,0,0,0
Pike,B108,U.S. Senate,,Republican,Anissa CATLETT,0,0,0,0,0
Pike,B108,U.S. Senate,,Republican,Other Donald WENZEL,0,0,0,0,0
Pike,B108,U.S. Senate,,Republican,Jimmy I. LEON,0,0,0,0,0
Pike,B108,U.S. Senate,,Republican,George WASHINGTON,1,0,1,0,0
Pike,B108,U.S. Senate,,,Under Votes,3,1,2,0,0
Pike,B108,U.S. Senate,,,Over Votes,0,0,0,0,0
Pike,B108,Ballots Cast,,,,81,,,,
Pike,B108,U.S. House,5,Republican,Kevin SMITH,4,1,3,0,0
Pike,B108,U.S. House,5,Republican,Benjamin HURLEY,11,1,10,0,0
Pike,B108,U.S. House,5,Republican,Hal ROGERS,37,6,31,0,0
Pike,B108,U.S. House,5,Republican,Jerry Lee SHELTON,0,0,0,0,0
Pike,B108,U.S. House,5,Republican,Brandon R. MONHOLLEN,3,0,3,0,0
Pike,B108,U.S. House,5,,Under Votes,4,0,4,0,0
Pike,B108,U.S. House,5,,Over Votes,0,0,0,0,0
Pike,B108,County Judge/Executive,,,Suzy Gibson SHEARER,34,6,28,0,0
Pike,B108,County Judge/Executive,,,Brian A. MORRIS,24,2,22,0,0
Pike,B108,County Judge/Executive,,,Under Votes,1,0,1,0,0
Pike,B108,County Judge/Executive,,,Over Votes,0,0,0,0,0
Pike,B108,County Clerk,,,Subrenia Thacker MOON,6,2,4,0,0
Pike,B108,County Clerk,,,Darrell PUGH,52,6,46,0,0
Pike,B108,County Clerk,,,Under Votes,1,0,1,0,0
Pike,B108,County Clerk,,,Over Votes,0,0,0,0,0
Pike,B108,Sheriff,,,Rodney SCOTT,49,6,43,0,0
Pike,B108,Sheriff,,,Ellis McCOY,10,2,8,0,0
Pike,B108,Sheriff,,,Under Votes,0,0,0,0,0
Pike,B108,Sheriff,,,Over Votes,0,0,0,0,0
Pike,B108,Jailer,,,"Ronald ""Bubby"" SCOTT II.",5,1,4,0,0
Pike,B108,Jailer,,,Jeremy Todd MILLER,25,2,23,0,0
Pike,B108,Jailer,,,Perry Wayne HATFIELD,0,0,0,0,0
Pike,B108,Jailer,,,William A. WHITE,11,0,11,0,0
Pike,B108,Jailer,,,Ricky BOSTIC,17,4,13,0,0
Pike,B108,Jailer,,,John Jason FIELDS,1,1,0,0,0
Pike,B108,Jailer,,,Under Votes,0,0,0,0,0
Pike,B108,Jailer,,,Over Votes,0,0,0,0,0
Pike,B108,Coroner,,,Brenda JOHNSON,9,2,7,0,0
Pike,B108,Coroner,,,Kevin HALL,46,6,40,0,0
Pike,B108,Coroner,,,Under Votes,4,0,4,0,0
Pike,B108,Coroner,,,Over Votes,0,0,0,0,0
Pike,B108,Magistrate,,,Ronnie ROBERTSON,35,5,30,0,0
Pike,B108,Magistrate,,,Jamey KIDD,12,3,9,0,0
Pike,B108,Magistrate,,,Danny Lee NEWSOME,0,0,0,0,0
Pike,B108,Magistrate,,,Elmon L. WALTERS,12,0,12,0,0
Pike,B108,Magistrate,,,Under Votes,0,0,0,0,0
Pike,B108,Magistrate,,,Over Votes,0,0,0,0,0
Pike,B108,Constable,,,Billy KENDRICK,34,5,29,0,0
Pike,B108,Constable,,,"James ""Bubby"" ADAMS",14,2,12,0,0
Pike,B108,Constable,,,Under Votes,11,1,10,0,0
Pike,B108,Constable,,,Over Votes,0,0,0,0,0
Pike,B108,U.S. Senate,,Democratic,Vincent Anthony THOMPSON,2,0,2,0,0
Pike,B108,U.S. Senate,,Democratic,Amy McGRATH,7,1,6,0,0
Pike,B108,U.S. Senate,,Democratic,Dale Lewis ROMANS,0,0,0,0,0
Pike,B108,U.S. Senate,,Democratic,Charles BOOKER,11,0,9,2,0
Pike,B108,U.S. Senate,,Democratic,Pamela STEVENSON,1,0,1,0,0
Pike,B108,U.S. Senate,,Democratic,Joshua BLANTON SR.,0,0,0,0,0
Pike,B108,U.S. Senate,,Democratic,Logan FORSYTHE,1,1,0,0,0
Pike,B108,U.S. Senate,,,Under Votes,0,0,0,0,0
Pike,B108,U.S. Senate,,,Over Votes,0,0,0,0,0
Pike,C101,U.S. Senate,,Republican,Daniel CAMERON,70,8,58,4,0
Pike,C101,U.S. Senate,,Republican,Jonathan M. HOLLIDAY,4,0,4,0,0
Pike,C101,U.S. Senate,,Republican,Andy BARR,111,14,97,0,0
Pike,C101,U.S. Senate,,Republican,Nate MORRIS,11,3,7,1,0
Pike,C101,U.S. Senate,,Republican,"Valerie ""Dr Val"" FREDRICK",0,0,0,0,0
Pike,C101,U.S. Senate,,Republican,A. Nick SHELLEY,0,0,0,0,0
Pike,C101,U.S. Senate,,Republican,James D. DUNCAN,1,0,1,0,0
Pike,C101,U.S. Senate,,Republican,Michael James FARIS,1,0,1,0,0
Pike,C101,U.S. Senate,,Republican,Anissa CATLETT,1,1,0,0,0
Pike,C101,U.S. Senate,,Republican,Other Donald WENZEL,0,0,0,0,0
Pike,C101,U.S. Senate,,Republican,Jimmy I. LEON,0,0,0,0,0
Pike,C101,U.S. Senate,,Republican,George WASHINGTON,2,1,1,0,0
Pike,C101,U.S. Senate,,,Under Votes,16,3,13,0,0
Pike,C101,U.S. Senate,,,Over Votes,0,0,0,0,0
Pike,C101,Ballots Cast,,,,299,,,,
Pike,C101,U.S. House,5,Republican,Kevin SMITH,16,2,12,2,0
Pike,C101,U.S. House,5,Republican,Benjamin HURLEY,28,5,22,1,0
Pike,C101,U.S. House,5,Republican,Hal ROGERS,143,20,121,2,0
Pike,C101,U.S. House,5,Republican,Jerry Lee SHELTON,4,1,3,0,0
Pike,C101,U.S. House,5,Republican,Brandon R. MONHOLLEN,3,0,3,0,0
Pike,C101,U.S. House,5,,Under Votes,23,2,21,0,0
Pike,C101,U.S. House,5,,Over Votes,0,0,0,0,0
Pike,C101,County Judge/Executive,,,Suzy Gibson SHEARER,135,18,115,2,0
Pike,C101,County Judge/Executive,,,Brian A. MORRIS,77,12,62,3,0
Pike,C101,County Judge/Executive,,,Under Votes,5,0,5,0,0
Pike,C101,County Judge/Executive,,,Over Votes,0,0,0,0,0
Pike,C101,County Clerk,,,Subrenia Thacker MOON,37,3,34,0,0
Pike,C101,County Clerk,,,Darrell PUGH,161,23,133,5,0
Pike,C101,County Clerk,,,Under Votes,19,4,15,0,0
Pike,C101,County Clerk,,,Over Votes,0,0,0,0,0
Pike,C101,Sheriff,,,Rodney SCOTT,151,16,131,4,0
Pike,C101,Sheriff,,,Ellis McCOY,56,14,41,1,0
Pike,C101,Sheriff,,,Under Votes,10,0,10,0,0
Pike,C101,Sheriff,,,Over Votes,0,0,0,0,0
Pike,C101,Jailer,,,"Ronald ""Bubby"" SCOTT II.",22,2,18,2,0
Pike,C101,Jailer,,,Jeremy Todd MILLER,135,18,115,2,0
Pike,C101,Jailer,,,Perry Wayne HATFIELD,4,0,3,1,0
Pike,C101,Jailer,,,William A. WHITE,9,1,8,0,0
Pike,C101,Jailer,,,Ricky BOSTIC,31,3,28,0,0
Pike,C101,Jailer,,,John Jason FIELDS,4,4,0,0,0
Pike,C101,Jailer,,,Under Votes,12,2,10,0,0
Pike,C101,Jailer,,,Over Votes,0,0,0,0,0
Pike,C101,Coroner,,,Brenda JOHNSON,17,3,12,2,0
Pike,C101,Coroner,,,Kevin HALL,194,25,166,3,0
Pike,C101,Coroner,,,Under Votes,6,2,4,0,0
Pike,C101,Coroner,,,Over Votes,0,0,0,0,0
Pike,C101,Magistrate,,,Alvin D. NEWSOME,18,1,16,1,0
Pike,C101,Magistrate,,,Justin Colby KISER,56,7,48,1,0
Pike,C101,Magistrate,,,Nathan LITTLE,6,1,5,0,0
Pike,C101,Magistrate,,,Jamie LITTLE,41,2,37,2,0
Pike,C101,Magistrate,,,Jackie Dean JUSTICE,1,0,1,0,0
Pike,C101,Magistrate,,,William Dale MEADOWS,0,0,0,0,0
Pike,C101,Magistrate,,,Rob ELKINS,15,5,10,0,0
Pike,C101,Magistrate,,,Clif SMALLWOOD,74,14,59,1,0
Pike,C101,Magistrate,,,Under Votes,6,0,6,0,0
Pike,C101,Magistrate,,,Over Votes,0,0,0,0,0
Pike,C101,Constable,,,Josh LITTLE,119,10,109,0,0
Pike,C101,Constable,,,Aaron SPEARS,59,13,42,4,0
Pike,C101,Constable,,,James HARTSOCK,9,3,5,1,0
Pike,C101,Constable,,,Under Votes,30,4,26,0,0
Pike,C101,Constable,,,Over Votes,0,0,0,0,0
Pike,C101,U.S. Senate,,Democratic,Vincent Anthony THOMPSON,4,0,4,0,0
Pike,C101,U.S. Senate,,Democratic,Amy McGRATH,26,2,24,0,0
Pike,C101,U.S. Senate,,Democratic,Dale Lewis ROMANS,0,0,0,0,0
Pike,C101,U.S. Senate,,Democratic,Charles BOOKER,27,0,27,0,0
Pike,C101,U.S. Senate,,Democratic,Pamela STEVENSON,2,0,2,0,0
Pike,C101,U.S. Senate,,Democratic,Joshua BLANTON SR.,11,1,9,1,0
Pike,C101,U.S. Senate,,Democratic,Logan FORSYTHE,5,0,5,0,0
Pike,C101,U.S. Senate,,,Under Votes,7,1,6,0,0
Pike,C101,U.S. Senate,,,Over Votes,0,0,0,0,0
Pike,C101,Magistrate,,,Ancil W. TRIVETTE,16,2,14,0,0
Pike,C101,Magistrate,,,Jerry Neal LITTLE,63,2,61,0,0
Pike,C101,Magistrate,,,Under Votes,3,0,2,1,0
Pike,C101,Magistrate,,,Over Votes,0,0,0,0,0
Pike,C102,U.S. Senate,,Republican,Daniel CAMERON,61,7,53,1,0
Pike,C102,U.S. Senate,,Republican,Jonathan M. HOLLIDAY,1,0,1,0,0
Pike,C102,U.S. Senate,,Republican,Andy BARR,130,23,105,1,1
Pike,C102,U.S. Senate,,Republican,Nate MORRIS,14,1,12,1,0
Pike,C102,U.S. Senate,,Republican,"Valerie ""Dr Val"" FREDRICK",2,0,2,0,0
Pike,C102,U.S. Senate,,Republican,A. Nick SHELLEY,1,0,1,0,0
Pike,C102,U.S. Senate,,Republican,James D. DUNCAN,0,0,0,0,0
Pike,C102,U.S. Senate,,Republican,Michael James FARIS,6,0,6,0,0
Pike,C102,U.S. Senate,,Republican,Anissa CATLETT,0,0,0,0,0
Pike,C102,U.S. Senate,,Republican,Other Donald WENZEL,0,0,0,0,0
Pike,C102,U.S. Senate,,Republican,Jimmy I. LEON,0,0,0,0,0
Pike,C102,U.S. Senate,,Republican,George WASHINGTON,4,0,4,0,0
Pike,C102,U.S. Senate,,,Under Votes,20,2,17,0,1
Pike,C102,U.S. Senate,,,Over Votes,0,0,0,0,0
Pike,C102,Ballots Cast,,,,363,,,,
Pike,C102,U.S. House,5,Republican,Kevin SMITH,9,2,7,0,0
Pike,C102,U.S. House,5,Republican,Benjamin HURLEY,34,5,29,0,0
Pike,C102,U.S. House,5,Republican,Hal ROGERS,167,25,138,3,1
Pike,C102,U.S. House,5,Republican,Jerry Lee SHELTON,1,0,1,0,0
Pike,C102,U.S. House,5,Republican,Brandon R. MONHOLLEN,2,0,2,0,0
Pike,C102,U.S. House,5,,Under Votes,26,1,24,0,1
Pike,C102,U.S. House,5,,Over Votes,0,0,0,0,0
Pike,C102,County Judge/Executive,,,Suzy Gibson SHEARER,134,15,116,1,2
Pike,C102,County Judge/Executive,,,Brian A. MORRIS,93,17,74,2,0
Pike,C102,County Judge/Executive,,,Under Votes,12,1,11,0,0
Pike,C102,County Judge/Executive,,,Over Votes,0,0,0,0,0
Pike,C102,County Clerk,,,Subrenia Thacker MOON,33,1,32,0,0
Pike,C102,County Clerk,,,Darrell PUGH,186,28,153,3,2
Pike,C102,County Clerk,,,Under Votes,20,4,16,0,0
Pike,C102,County Clerk,,,Over Votes,0,0,0,0,0
Pike,C102,Sheriff,,,Rodney SCOTT,156,28,124,3,1
Pike,C102,Sheriff,,,Ellis McCOY,71,3,68,0,0
Pike,C102,Sheriff,,,Under Votes,12,2,9,0,1
Pike,C102,Sheriff,,,Over Votes,0,0,0,0,0
Pike,C102,Jailer,,,"Ronald ""Bubby"" SCOTT II.",37,7,29,1,0
Pike,C102,Jailer,,,Jeremy Todd MILLER,105,8,95,1,1
Pike,C102,Jailer,,,Perry Wayne HATFIELD,4,0,4,0,0
Pike,C102,Jailer,,,William A. WHITE,21,7,13,1,0
Pike,C102,Jailer,,,Ricky BOSTIC,45,8,37,0,0
Pike,C102,Jailer,,,John Jason FIELDS,4,1,3,0,0
Pike,C102,Jailer,,,Under Votes,23,2,20,0,1
Pike,C102,Jailer,,,Over Votes,0,0,0,0,0
Pike,C102,Coroner,,,Brenda JOHNSON,15,1,13,1,0
Pike,C102,Coroner,,,Kevin HALL,221,31,186,2,2
Pike,C102,Coroner,,,Under Votes,3,1,2,0,0
Pike,C102,Coroner,,,Over Votes,0,0,0,0,0
Pike,C102,Magistrate,,,Alvin D. NEWSOME,40,4,36,0,0
Pike,C102,Magistrate,,,Justin Colby KISER,42,10,31,1,0
Pike,C102,Magistrate,,,Nathan LITTLE,7,2,5,0,0
Pike,C102,Magistrate,,,Jamie LITTLE,51,8,42,0,1
Pike,C102,Magistrate,,,Jackie Dean JUSTICE,11,1,10,0,0
Pike,C102,Magistrate,,,William Dale MEADOWS,1,0,1,0,0
Pike,C102,Magistrate,,,Rob ELKINS,23,2,20,1,0
Pike,C102,Magistrate,,,Clif SMALLWOOD,49,4,44,0,1
Pike,C102,Magistrate,,,Under Votes,15,2,12,1,0
Pike,C102,Magistrate,,,Over Votes,0,0,0,0,0
Pike,C102,Constable,,,Josh LITTLE,138,17,118,1,2
Pike,C102,Constable,,,Aaron SPEARS,56,10,44,2,0
Pike,C102,Constable,,,James HARTSOCK,11,2,9,0,0
Pike,C102,Constable,,,Under Votes,34,4,30,0,0
Pike,C102,Constable,,,Over Votes,0,0,0,0,0
Pike,C102,U.S. Senate,,Democratic,Vincent Anthony THOMPSON,1,0,1,0,0
Pike,C102,U.S. Senate,,Democratic,Amy McGRATH,53,11,37,5,0
Pike,C102,U.S. Senate,,Democratic,Dale Lewis ROMANS,2,0,2,0,0
Pike,C102,U.S. Senate,,Democratic,Charles BOOKER,37,5,32,0,0
Pike,C102,U.S. Senate,,Democratic,Pamela STEVENSON,8,1,6,1,0
Pike,C102,U.S. Senate,,Democratic,Joshua BLANTON SR.,9,0,9,0,0
Pike,C102,U.S. Senate,,Democratic,Logan FORSYTHE,5,0,5,0,0
Pike,C102,U.S. Senate,,,Under Votes,9,1,8,0,0
Pike,C102,U.S. Senate,,,Over Votes,0,0,0,0,0
Pike,C102,Magistrate,,,Ancil W. TRIVETTE,31,4,26,1,0
Pike,C102,Magistrate,,,Jerry Neal LITTLE,88,13,71,4,0
Pike,C102,Magistrate,,,Under Votes,5,1,3,1,0
Pike,C102,Magistrate,,,Over Votes,0,0,0,0,0
Pike,C103,U.S. Senate,,Republican,Daniel CAMERON,57,10,44,3,0
Pike,C103,U.S. Senate,,Republican,Jonathan M. HOLLIDAY,0,0,0,0,0
Pike,C103,U.S. Senate,,Republican,Andy BARR,96,25,71,0,0
Pike,C103,U.S. Senate,,Republican,Nate MORRIS,17,2,15,0,0
Pike,C103,U.S. Senate,,Republican,"Valerie ""Dr Val"" FREDRICK",2,0,2,0,0
Pike,C103,U.S. Senate,,Republican,A. Nick SHELLEY,1,0,1,0,0
Pike,C103,U.S. Senate,,Republican,James D. DUNCAN,0,0,0,0,0
Pike,C103,U.S. Senate,,Republican,Michael James FARIS,2,0,2,0,0
Pike,C103,U.S. Senate,,Republican,Anissa CATLETT,1,0,1,0,0
Pike,C103,U.S. Senate,,Republican,Other Donald WENZEL,0,0,0,0,0
Pike,C103,U.S. Senate,,Republican,Jimmy I. LEON,0,0,0,0,0
Pike,C103,U.S. Senate,,Republican,George WASHINGTON,4,0,4,0,0
Pike,C103,U.S. Senate,,,Under Votes,13,2,11,0,0
Pike,C103,U.S. Senate,,,Over Votes,0,0,0,0,0
Pike,C103,Ballots Cast,,,,297,,,,
Pike,C103,U.S. House,5,Republican,Kevin SMITH,14,2,12,0,0
Pike,C103,U.S. House,5,Republican,Benjamin HURLEY,23,6,15,2,0
Pike,C103,U.S. House,5,Republican,Hal ROGERS,133,29,103,1,0
Pike,C103,U.S. House,5,Republican,Jerry Lee SHELTON,0,0,0,0,0
Pike,C103,U.S. House,5,Republican,Brandon R. MONHOLLEN,1,0,1,0,0
Pike,C103,U.S. House,5,,Under Votes,22,2,20,0,0
Pike,C103,U.S. House,5,,Over Votes,0,0,0,0,0
Pike,C103,County Judge/Executive,,,Suzy Gibson SHEARER,103,21,79,3,0
Pike,C103,County Judge/Executive,,,Brian A. MORRIS,86,18,68,0,0
Pike,C103,County Judge/Executive,,,Under Votes,4,0,4,0,0
Pike,C103,County Judge/Executive,,,Over Votes,0,0,0,0,0
Pike,C103,County Clerk,,,Subrenia Thacker MOON,33,7,25,1,0
Pike,C103,County Clerk,,,Darrell PUGH,154,31,121,2,0
Pike,C103,County Clerk,,,Under Votes,6,1,5,0,0
Pike,C103,County Clerk,,,Over Votes,0,0,0,0,0
Pike,C103,Sheriff,,,Rodney SCOTT,149,29,117,3,0
Pike,C103,Sheriff,,,Ellis McCOY,42,10,32,0,0
Pike,C103,Sheriff,,,Under Votes,2,0,2,0,0
Pike,C103,Sheriff,,,Over Votes,0,0,0,0,0
Pike,C103,Jailer,,,"Ronald ""Bubby"" SCOTT II.",19,1,17,1,0
Pike,C103,Jailer,,,Jeremy Todd MILLER,91,18,73,0,0
Pike,C103,Jailer,,,Perry Wayne HATFIELD,2,1,1,0,0
Pike,C103,Jailer,,,William A. WHITE,13,2,11,0,0
Pike,C103,Jailer,,,Ricky BOSTIC,49,13,34,2,0
Pike,C103,Jailer,,,John Jason FIELDS,8,2,6,0,0
Pike,C103,Jailer,,,Under Votes,11,2,9,0,0
Pike,C103,Jailer,,,Over Votes,0,0,0,0,0
Pike,C103,Coroner,,,Brenda JOHNSON,7,3,4,0,0
Pike,C103,Coroner,,,Kevin HALL,183,36,144,3,0
Pike,C103,Coroner,,,Under Votes,3,0,3,0,0
Pike,C103,Coroner,,,Over Votes,0,0,0,0,0
Pike,C103,Magistrate,,,Alvin D. NEWSOME,21,6,15,0,0
Pike,C103,Magistrate,,,Justin Colby KISER,31,7,23,1,0
Pike,C103,Magistrate,,,Nathan LITTLE,10,2,8,0,0
Pike,C103,Magistrate,,,Jamie LITTLE,72,16,56,0,0
Pike,C103,Magistrate,,,Jackie Dean JUSTICE,9,0,9,0,0
Pike,C103,Magistrate,,,William Dale MEADOWS,2,1,1,0,0
Pike,C103,Magistrate,,,Rob ELKINS,22,4,18,0,0
Pike,C103,Magistrate,,,Clif SMALLWOOD,23,3,18,2,0
Pike,C103,Magistrate,,,Under Votes,3,0,3,0,0
Pike,C103,Magistrate,,,Over Votes,0,0,0,0,0
Pike,C103,Constable,,,Josh LITTLE,108,26,79,3,0
Pike,C103,Constable,,,Aaron SPEARS,57,8,49,0,0
Pike,C103,Constable,,,James HARTSOCK,13,3,10,0,0
Pike,C103,Constable,,,Under Votes,15,2,13,0,0
Pike,C103,Constable,,,Over Votes,0,0,0,0,0
Pike,C103,U.S. Senate,,Democratic,Vincent Anthony THOMPSON,3,1,2,0,0
Pike,C103,U.S. Senate,,Democratic,Amy McGRATH,44,21,23,0,0
Pike,C103,U.S. Senate,,Democratic,Dale Lewis ROMANS,1,0,1,0,0
Pike,C103,U.S. Senate,,Democratic,Charles BOOKER,30,7,21,2,0
Pike,C103,U.S. Senate,,Democratic,Pamela STEVENSON,4,2,2,0,0
Pike,C103,U.S. Senate,,Democratic,Joshua BLANTON SR.,7,2,5,0,0
Pike,C103,U.S. Senate,,Democratic,Logan FORSYTHE,6,1,5,0,0
Pike,C103,U.S. Senate,,,Under Votes,9,2,7,0,0
Pike,C103,U.S. Senate,,,Over Votes,0,0,0,0,0
Pike,C103,Magistrate,,,Ancil W. TRIVETTE,19,12,7,0,0
Pike,C103,Magistrate,,,Jerry Neal LITTLE,81,24,55,2,0
Pike,C103,Magistrate,,,Under Votes,4,0,4,0,0
Pike,C103,Magistrate,,,Over Votes,0,0,0,0,0
Pike,C104,U.S. Senate,,Republican,Daniel CAMERON,52,14,36,2,0
Pike,C104,U.S. Senate,,Republican,Jonathan M. HOLLIDAY,4,1,3,0,0
Pike,C104,U.S. Senate,,Republican,Andy BARR,50,5,44,1,0
Pike,C104,U.S. Senate,,Republican,Nate MORRIS,8,2,3,3,0
Pike,C104,U.S. Senate,,Republican,"Valerie ""Dr Val"" FREDRICK",1,0,1,0,0
Pike,C104,U.S. Senate,,Republican,A. Nick SHELLEY,0,0,0,0,0
Pike,C104,U.S. Senate,,Republican,James D. DUNCAN,0,0,0,0,0
Pike,C104,U.S. Senate,,Republican,Michael James FARIS,6,0,6,0,0
Pike,C104,U.S. Senate,,Republican,Anissa CATLETT,0,0,0,0,0
Pike,C104,U.S. Senate,,Republican,Other Donald WENZEL,0,0,0,0,0
Pike,C104,U.S. Senate,,Republican,Jimmy I. LEON,1,0,1,0,0
Pike,C104,U.S. Senate,,Republican,George WASHINGTON,5,0,4,1,0
Pike,C104,U.S. Senate,,,Under Votes,5,1,4,0,0
Pike,C104,U.S. Senate,,,Over Votes,0,0,0,0,0
Pike,C104,Ballots Cast,,,,228,,,,
Pike,C104,U.S. House,5,Republican,Kevin SMITH,12,3,9,0,0
Pike,C104,U.S. House,5,Republican,Benjamin HURLEY,35,5,27,3,0
Pike,C104,U.S. House,5,Republican,Hal ROGERS,64,10,51,3,0
Pike,C104,U.S. House,5,Republican,Jerry Lee SHELTON,6,2,3,1,0
Pike,C104,U.S. House,5,Republican,Brandon R. MONHOLLEN,5,1,4,0,0
Pike,C104,U.S. House,5,,Under Votes,10,2,8,0,0
Pike,C104,U.S. House,5,,Over Votes,0,0,0,0,0
Pike,C104,County Judge/Executive,,,Suzy Gibson SHEARER,95,13,76,6,0
Pike,C104,County Judge/Executive,,,Brian A. MORRIS,37,10,26,1,0
Pike,C104,County Judge/Executive,,,Under Votes,0,0,0,0,0
Pike,C104,County Judge/Executive,,,Over Votes,0,0,0,0,0
Pike,C104,County Clerk,,,Subrenia Thacker MOON,35,3,32,0,0
Pike,C104,County Clerk,,,Darrell PUGH,92,19,66,7,0
Pike,C104,County Clerk,,,Under Votes,5,1,4,0,0
Pike,C104,County Clerk,,,Over Votes,0,0,0,0,0
Pike,C104,Sheriff,,,Rodney SCOTT,78,13,62,3,0
Pike,C104,Sheriff,,,Ellis McCOY,51,8,39,4,0
Pike,C104,Sheriff,,,Under Votes,3,2,1,0,0
Pike,C104,Sheriff,,,Over Votes,0,0,0,0,0
Pike,C104,Jailer,,,"Ronald ""Bubby"" SCOTT II.",14,4,10,0,0
Pike,C104,Jailer,,,Jeremy Todd MILLER,72,10,58,4,0
Pike,C104,Jailer,,,Perry Wayne HATFIELD,4,1,3,0,0
Pike,C104,Jailer,,,William A. WHITE,11,1,10,0,0
Pike,C104,Jailer,,,Ricky BOSTIC,24,6,16,2,0
Pike,C104,Jailer,,,John Jason FIELDS,1,0,0,1,0
Pike,C104,Jailer,,,Under Votes,6,1,5,0,0
Pike,C104,Jailer,,,Over Votes,0,0,0,0,0
Pike,C104,Coroner,,,Brenda JOHNSON,16,2,13,1,0
Pike,C104,Coroner,,,Kevin HALL,115,20,89,6,0
Pike,C104,Coroner,,,Under Votes,1,1,0,0,0
Pike,C104,Coroner,,,Over Votes,0,0,0,0,0
Pike,C104,Magistrate,,,Alvin D. NEWSOME,7,2,5,0,0
Pike,C104,Magistrate,,,Justin Colby KISER,5,0,5,0,0
Pike,C104,Magistrate,,,Nathan LITTLE,5,2,2,1,0
Pike,C104,Magistrate,,,Jamie LITTLE,98,16,76,6,0
Pike,C104,Magistrate,,,Jackie Dean JUSTICE,2,1,1,0,0
Pike,C104,Magistrate,,,William Dale MEADOWS,1,0,1,0,0
Pike,C104,Magistrate,,,Rob ELKINS,7,0,7,0,0
Pike,C104,Magistrate,,,Clif SMALLWOOD,6,1,5,0,0
Pike,C104,Magistrate,,,Under Votes,1,1,0,0,0
Pike,C104,Magistrate,,,Over Votes,0,0,0,0,0
Pike,C104,Constable,,,Josh LITTLE,76,8,66,2,0
Pike,C104,Constable,,,Aaron SPEARS,44,8,31,5,0
Pike,C104,Constable,,,James HARTSOCK,3,1,2,0,0
Pike,C104,Constable,,,Under Votes,9,6,3,0,0
Pike,C104,Constable,,,Over Votes,0,0,0,0,0
Pike,C104,U.S. Senate,,Democratic,Vincent Anthony THOMPSON,1,0,1,0,0
Pike,C104,U.S. Senate,,Democratic,Amy McGRATH,33,5,22,5,1
Pike,C104,U.S. Senate,,Democratic,Dale Lewis ROMANS,3,0,3,0,0
Pike,C104,U.S. Senate,,Democratic,Charles BOOKER,29,6,20,3,0
Pike,C104,U.S. Senate,,Democratic,Pamela STEVENSON,4,1,3,0,0
Pike,C104,U.S. Senate,,Democratic,Joshua BLANTON SR.,8,1,7,0,0
Pike,C104,U.S. Senate,,Democratic,Logan FORSYTHE,3,1,2,0,0
Pike,C104,U.S. Senate,,,Under Votes,15,3,10,2,0
Pike,C104,U.S. Senate,,,Over Votes,0,0,0,0,0
Pike,C104,Magistrate,,,Ancil W. TRIVETTE,3,1,1,0,1
Pike,C104,Magistrate,,,Jerry Neal LITTLE,89,14,65,10,0
Pike,C104,Magistrate,,,Under Votes,4,2,2,0,0
Pike,C104,Magistrate,,,Over Votes,0,0,0,0,0
Pike,C105,U.S. Senate,,Republican,Daniel CAMERON,39,8,29,2,0
Pike,C105,U.S. Senate,,Republican,Jonathan M. HOLLIDAY,1,0,1,0,0
Pike,C105,U.S. Senate,,Republican,Andy BARR,104,7,96,1,0
Pike,C105,U.S. Senate,,Republican,Nate MORRIS,23,2,21,0,0
Pike,C105,U.S. Senate,,Republican,"Valerie ""Dr Val"" FREDRICK",3,1,2,0,0
Pike,C105,U.S. Senate,,Republican,A. Nick SHELLEY,1,0,1,0,0
Pike,C105,U.S. Senate,,Republican,James D. DUNCAN,0,0,0,0,0
Pike,C105,U.S. Senate,,Republican,Michael James FARIS,5,0,5,0,0
Pike,C105,U.S. Senate,,Republican,Anissa CATLETT,0,0,0,0,0
Pike,C105,U.S. Senate,,Republican,Other Donald WENZEL,1,0,1,0,0
Pike,C105,U.S. Senate,,Republican,Jimmy I. LEON,0,0,0,0,0
Pike,C105,U.S. Senate,,Republican,George WASHINGTON,5,0,5,0,0
Pike,C105,U.S. Senate,,,Under Votes,33,0,32,0,1
Pike,C105,U.S. Senate,,,Over Votes,0,0,0,0,0
Pike,C105,Ballots Cast,,,,328,,,,
Pike,C105,U.S. House,5,Republican,Kevin SMITH,20,4,15,1,0
Pike,C105,U.S. House,5,Republican,Benjamin HURLEY,31,2,29,0,0
Pike,C105,U.S. House,5,Republican,Hal ROGERS,133,11,119,2,1
Pike,C105,U.S. House,5,Republican,Jerry Lee SHELTON,3,0,3,0,0
Pike,C105,U.S. House,5,Republican,Brandon R. MONHOLLEN,3,0,3,0,0
Pike,C105,U.S. House,5,,Under Votes,25,1,24,0,0
Pike,C105,U.S. House,5,,Over Votes,0,0,0,0,0
Pike,C105,County Judge/Executive,,,Suzy Gibson SHEARER,135,8,123,3,1
Pike,C105,County Judge/Executive,,,Brian A. MORRIS,70,10,60,0,0
Pike,C105,County Judge/Executive,,,Under Votes,10,0,10,0,0
Pike,C105,County Judge/Executive,,,Over Votes,0,0,0,0,0
Pike,C105,County Clerk,,,Subrenia Thacker MOON,45,4,40,0,1
Pike,C105,County Clerk,,,Darrell PUGH,151,12,136,3,0
Pike,C105,County Clerk,,,Under Votes,19,2,17,0,0
Pike,C105,County Clerk,,,Over Votes,0,0,0,0,0
Pike,C105,Sheriff,,,Rodney SCOTT,156,14,139,2,1
Pike,C105,Sheriff,,,Ellis McCOY,42,4,37,1,0
Pike,C105,Sheriff,,,Under Votes,17,0,17,0,0
Pike,C105,Sheriff,,,Over Votes,0,0,0,0,0
Pike,C105,Jailer,,,"Ronald ""Bubby"" SCOTT II.",33,0,32,1,0
Pike,C105,Jailer,,,Jeremy Todd MILLER,127,14,111,2,0
Pike,C105,Jailer,,,Perry Wayne HATFIELD,2,0,2,0,0
Pike,C105,Jailer,,,William A. WHITE,13,1,12,0,0
Pike,C105,Jailer,,,Ricky BOSTIC,20,1,19,0,0
Pike,C105,Jailer,,,John Jason FIELDS,4,0,3,0,1
Pike,C105,Jailer,,,Under Votes,16,2,14,0,0
Pike,C105,Jailer,,,Over Votes,0,0,0,0,0
Pike,C105,Coroner,,,Brenda JOHNSON,16,0,16,0,0
Pike,C105,Coroner,,,Kevin HALL,184,18,162,3,1
Pike,C105,Coroner,,,Under Votes,15,0,15,0,0
Pike,C105,Coroner,,,Over Votes,0,0,0,0,0
Pike,C105,Magistrate,,,Alvin D. NEWSOME,5,1,4,0,0
Pike,C105,Magistrate,,,Justin Colby KISER,14,3,11,0,0
Pike,C105,Magistrate,,,Nathan LITTLE,3,0,2,1,0
Pike,C105,Magistrate,,,Jamie LITTLE,14,4,9,1,0
Pike,C105,Magistrate,,,Jackie Dean JUSTICE,2,0,2,0,0
Pike,C105,Magistrate,,,William Dale MEADOWS,1,0,1,0,0
Pike,C105,Magistrate,,,Rob ELKINS,63,1,61,1,0
Pike,C105,Magistrate,,,Clif SMALLWOOD,108,9,98,0,1
Pike,C105,Magistrate,,,Under Votes,5,0,5,0,0
Pike,C105,Magistrate,,,Over Votes,0,0,0,0,0
Pike,C105,Constable,,,Josh LITTLE,86,5,78,2,1
Pike,C105,Constable,,,Aaron SPEARS,86,12,73,1,0
Pike,C105,Constable,,,James HARTSOCK,14,1,13,0,0
Pike,C105,Constable,,,Under Votes,29,0,29,0,0
Pike,C105,Constable,,,Over Votes,0,0,0,0,0
Pike,C105,U.S. Senate,,Democratic,Vincent Anthony THOMPSON,5,0,5,0,0
Pike,C105,U.S. Senate,,Democratic,Amy McGRATH,35,1,34,0,0
Pike,C105,U.S. Senate,,Democratic,Dale Lewis ROMANS,0,0,0,0,0
Pike,C105,U.S. Senate,,Democratic,Charles BOOKER,39,3,35,1,0
Pike,C105,U.S. Senate,,Democratic,Pamela STEVENSON,4,0,4,0,0
Pike,C105,U.S. Senate,,Democratic,Joshua BLANTON SR.,7,0,7,0,0
Pike,C105,U.S. Senate,,Democratic,Logan FORSYTHE,9,0,9,0,0
Pike,C105,U.S. Senate,,,Under Votes,14,1,13,0,0
Pike,C105,U.S. Senate,,,Over Votes,0,0,0,0,0
Pike,C105,Magistrate,,,Ancil W. TRIVETTE,22,1,21,0,0
Pike,C105,Magistrate,,,Jerry Neal LITTLE,83,4,78,1,0
Pike,C105,Magistrate,,,Under Votes,8,0,8,0,0
Pike,C105,Magistrate,,,Over Votes,0,0,0,0,0
Pike,C106,U.S. Senate,,Republican,Daniel CAMERON,46,21,25,0,0
Pike,C106,U.S. Senate,,Republican,Jonathan M. HOLLIDAY,2,0,1,0,1
Pike,C106,U.S. Senate,,Republican,Andy BARR,62,12,47,3,0
Pike,C106,U.S. Senate,,Republican,Nate MORRIS,8,3,5,0,0
Pike,C106,U.S. Senate,,Republican,"Valerie ""Dr Val"" FREDRICK",2,1,0,1,0
Pike,C106,U.S. Senate,,Republican,A. Nick SHELLEY,0,0,0,0,0
Pike,C106,U.S. Senate,,Republican,James D. DUNCAN,1,0,1,0,0
Pike,C106,U.S. Senate,,Republican,Michael James FARIS,1,0,1,0,0
Pike,C106,U.S. Senate,,Republican,Anissa CATLETT,0,0,0,0,0
Pike,C106,U.S. Senate,,Republican,Other Donald WENZEL,0,0,0,0,0
Pike,C106,U.S. Senate,,Republican,Jimmy I. LEON,0,0,0,0,0
Pike,C106,U.S. Senate,,Republican,George WASHINGTON,4,1,3,0,0
Pike,C106,U.S. Senate,,,Under Votes,7,1,3,3,0
Pike,C106,U.S. Senate,,,Over Votes,0,0,0,0,0
Pike,C106,Ballots Cast,,,,208,,,,
Pike,C106,U.S. House,5,Republican,Kevin SMITH,14,7,7,0,0
Pike,C106,U.S. House,5,Republican,Benjamin HURLEY,16,5,11,0,0
Pike,C106,U.S. House,5,Republican,Hal ROGERS,83,23,55,4,1
Pike,C106,U.S. House,5,Republican,Jerry Lee SHELTON,3,1,2,0,0
Pike,C106,U.S. House,5,Republican,Brandon R. MONHOLLEN,5,1,4,0,0
Pike,C106,U.S. House,5,,Under Votes,12,2,7,3,0
Pike,C106,U.S. House,5,,Over Votes,0,0,0,0,0
Pike,C106,County Judge/Executive,,,Suzy Gibson SHEARER,73,24,44,4,1
Pike,C106,County Judge/Executive,,,Brian A. MORRIS,54,15,39,0,0
Pike,C106,County Judge/Executive,,,Under Votes,6,0,3,3,0
Pike,C106,County Judge/Executive,,,Over Votes,0,0,0,0,0
Pike,C106,County Clerk,,,Subrenia Thacker MOON,23,5,17,0,1
Pike,C106,County Clerk,,,Darrell PUGH,104,32,67,5,0
Pike,C106,County Clerk,,,Under Votes,6,2,2,2,0
Pike,C106,County Clerk,,,Over Votes,0,0,0,0,0
Pike,C106,Sheriff,,,Rodney SCOTT,96,32,61,3,0
Pike,C106,Sheriff,,,Ellis McCOY,31,7,22,1,1
Pike,C106,Sheriff,,,Under Votes,6,0,3,3,0
Pike,C106,Sheriff,,,Over Votes,0,0,0,0,0
Pike,C106,Jailer,,,"Ronald ""Bubby"" SCOTT II.",12,3,9,0,0
Pike,C106,Jailer,,,Jeremy Todd MILLER,76,21,50,4,1
Pike,C106,Jailer,,,Perry Wayne HATFIELD,0,0,0,0,0
Pike,C106,Jailer,,,William A. WHITE,6,3,3,0,0
Pike,C106,Jailer,,,Ricky BOSTIC,29,11,18,0,0
Pike,C106,Jailer,,,John Jason FIELDS,2,0,2,0,0
Pike,C106,Jailer,,,Under Votes,8,1,4,3,0
Pike,C106,Jailer,,,Over Votes,0,0,0,0,0
Pike,C106,Coroner,,,Brenda JOHNSON,5,1,4,0,0
Pike,C106,Coroner,,,Kevin HALL,123,38,79,5,1
Pike,C106,Coroner,,,Under Votes,5,0,3,2,0
Pike,C106,Coroner,,,Over Votes,0,0,0,0,0
Pike,C106,Magistrate,,,Alvin D. NEWSOME,5,4,1,0,0
Pike,C106,Magistrate,,,Justin Colby KISER,17,4,13,0,0
Pike,C106,Magistrate,,,Nathan LITTLE,10,2,7,0,1
Pike,C106,Magistrate,,,Jamie LITTLE,33,18,15,0,0
Pike,C106,Magistrate,,,Jackie Dean JUSTICE,1,0,1,0,0
Pike,C106,Magistrate,,,William Dale MEADOWS,0,0,0,0,0
Pike,C106,Magistrate,,,Rob ELKINS,18,3,15,0,0
Pike,C106,Magistrate,,,Clif SMALLWOOD,48,7,34,7,0
Pike,C106,Magistrate,,,Under Votes,1,1,0,0,0
Pike,C106,Magistrate,,,Over Votes,0,0,0,0,0
Pike,C106,Constable,,,Josh LITTLE,59,21,35,2,1
Pike,C106,Constable,,,Aaron SPEARS,60,16,44,0,0
Pike,C106,Constable,,,James HARTSOCK,5,2,1,2,0
Pike,C106,Constable,,,Under Votes,9,0,6,3,0
Pike,C106,Constable,,,Over Votes,0,0,0,0,0
Pike,C106,U.S. Senate,,Democratic,Vincent Anthony THOMPSON,4,2,2,0,0
Pike,C106,U.S. Senate,,Democratic,Amy McGRATH,33,9,22,2,0
Pike,C106,U.S. Senate,,Democratic,Dale Lewis ROMANS,1,0,1,0,0
Pike,C106,U.S. Senate,,Democratic,Charles BOOKER,19,6,13,0,0
Pike,C106,U.S. Senate,,Democratic,Pamela STEVENSON,4,1,3,0,0
Pike,C106,U.S. Senate,,Democratic,Joshua BLANTON SR.,6,1,5,0,0
Pike,C106,U.S. Senate,,Democratic,Logan FORSYTHE,1,0,1,0,0
Pike,C106,U.S. Senate,,,Under Votes,7,2,5,0,0
Pike,C106,U.S. Senate,,,Over Votes,0,0,0,0,0
Pike,C106,Magistrate,,,Ancil W. TRIVETTE,23,10,11,2,0
Pike,C106,Magistrate,,,Jerry Neal LITTLE,50,11,39,0,0
Pike,C106,Magistrate,,,Under Votes,2,0,2,0,0
Pike,C106,Magistrate,,,Over Votes,0,0,0,0,0
Pike,C107,U.S. Senate,,Republican,Daniel CAMERON,22,6,15,0,1
Pike,C107,U.S. Senate,,Republican,Jonathan M. HOLLIDAY,0,0,0,0,0
Pike,C107,U.S. Senate,,Republican,Andy BARR,26,6,16,2,2
Pike,C107,U.S. Senate,,Republican,Nate MORRIS,1,0,1,0,0
Pike,C107,U.S. Senate,,Republican,"Valerie ""Dr Val"" FREDRICK",2,0,1,1,0
Pike,C107,U.S. Senate,,Republican,A. Nick SHELLEY,0,0,0,0,0
Pike,C107,U.S. Senate,,Republican,James D. DUNCAN,1,0,1,0,0
Pike,C107,U.S. Senate,,Republican,Michael James FARIS,3,2,1,0,0
Pike,C107,U.S. Senate,,Republican,Anissa CATLETT,0,0,0,0,0
Pike,C107,U.S. Senate,,Republican,Other Donald WENZEL,0,0,0,0,0
Pike,C107,U.S. Senate,,Republican,Jimmy I. LEON,0,0,0,0,0
Pike,C107,U.S. Senate,,Republican,George WASHINGTON,2,0,2,0,0
Pike,C107,U.S. Senate,,,Under Votes,3,0,2,1,0
Pike,C107,U.S. Senate,,,Over Votes,0,0,0,0,0
Pike,C107,Ballots Cast,,,,102,,,,
Pike,C107,U.S. House,5,Republican,Kevin SMITH,8,1,7,0,0
Pike,C107,U.S. House,5,Republican,Benjamin HURLEY,6,2,4,0,0
Pike,C107,U.S. House,5,Republican,Hal ROGERS,38,11,21,3,3
Pike,C107,U.S. House,5,Republican,Jerry Lee SHELTON,3,0,2,1,0
Pike,C107,U.S. House,5,Republican,Brandon R. MONHOLLEN,3,0,3,0,0
Pike,C107,U.S. House,5,,Under Votes,2,0,2,0,0
Pike,C107,U.S. House,5,,Over Votes,0,0,0,0,0
Pike,C107,County Judge/Executive,,,Suzy Gibson SHEARER,36,10,23,2,1
Pike,C107,County Judge/Executive,,,Brian A. MORRIS,24,4,16,2,2
Pike,C107,County Judge/Executive,,,Under Votes,0,0,0,0,0
Pike,C107,County Judge/Executive,,,Over Votes,0,0,0,0,0
Pike,C107,County Clerk,,,Subrenia Thacker MOON,11,3,8,0,0
Pike,C107,County Clerk,,,Darrell PUGH,47,11,29,4,3
Pike,C107,County Clerk,,,Under Votes,2,0,2,0,0
Pike,C107,County Clerk,,,Over Votes,0,0,0,0,0
Pike,C107,Sheriff,,,Rodney SCOTT,41,11,24,3,3
Pike,C107,Sheriff,,,Ellis McCOY,18,3,14,1,0
Pike,C107,Sheriff,,,Under Votes,1,0,1,0,0
Pike,C107,Sheriff,,,Over Votes,0,0,0,0,0
Pike,C107,Jailer,,,"Ronald ""Bubby"" SCOTT II.",15,2,10,1,2
Pike,C107,Jailer,,,Jeremy Todd MILLER,14,2,11,1,0
Pike,C107,Jailer,,,Perry Wayne HATFIELD,0,0,0,0,0
Pike,C107,Jailer,,,William A. WHITE,3,1,2,0,0
Pike,C107,Jailer,,,Ricky BOSTIC,19,3,13,2,1
Pike,C107,Jailer,,,John Jason FIELDS,6,4,2,0,0
Pike,C107,Jailer,,,Under Votes,3,2,1,0,0
Pike,C107,Jailer,,,Over Votes,0,0,0,0,0
Pike,C107,Coroner,,,Brenda JOHNSON,11,2,9,0,0
Pike,C107,Coroner,,,Kevin HALL,49,12,30,4,3
Pike,C107,Coroner,,,Under Votes,0,0,0,0,0
Pike,C107,Coroner,,,Over Votes,0,0,0,0,0
Pike,C107,Magistrate,,,Alvin D. NEWSOME,12,2,6,2,2
Pike,C107,Magistrate,,,Justin Colby KISER,4,2,1,1,0
Pike,C107,Magistrate,,,Nathan LITTLE,6,0,6,0,0
Pike,C107,Magistrate,,,Jamie LITTLE,4,1,2,1,0
Pike,C107,Magistrate,,,Jackie Dean JUSTICE,9,4,5,0,0
Pike,C107,Magistrate,,,William Dale MEADOWS,0,0,0,0,0
Pike,C107,Magistrate,,,Rob ELKINS,8,4,3,0,1
Pike,C107,Magistrate,,,Clif SMALLWOOD,15,1,14,0,0
Pike,C107,Magistrate,,,Under Votes,2,0,2,0,0
Pike,C107,Magistrate,,,Over Votes,0,0,0,0,0
Pike,C107,Constable,,,Josh LITTLE,27,7,16,2,2
Pike,C107,Constable,,,Aaron SPEARS,11,2,7,1,1
Pike,C107,Constable,,,James HARTSOCK,15,4,10,1,0
Pike,C107,Constable,,,Under Votes,7,1,6,0,0
Pike,C107,Constable,,,Over Votes,0,0,0,0,0
Pike,C107,U.S. Senate,,Democratic,Vincent Anthony THOMPSON,3,0,3,0,0
Pike,C107,U.S. Senate,,Democratic,Amy McGRATH,14,0,14,0,0
Pike,C107,U.S. Senate,,Democratic,Dale Lewis ROMANS,0,0,0,0,0
Pike,C107,U.S. Senate,,Democratic,Charles BOOKER,21,4,16,0,1
Pike,C107,U.S. Senate,,Democratic,Pamela STEVENSON,1,0,1,0,0
Pike,C107,U.S. Senate,,Democratic,Joshua BLANTON SR.,3,0,3,0,0
Pike,C107,U.S. Senate,,Democratic,Logan FORSYTHE,0,0,0,0,0
Pike,C107,U.S. Senate,,,Under Votes,0,0,0,0,0
Pike,C107,U.S. Senate,,,Over Votes,0,0,0,0,0
Pike,C107,Magistrate,,,Ancil W. TRIVETTE,9,0,9,0,0
Pike,C107,Magistrate,,,Jerry Neal LITTLE,32,4,27,0,1
Pike,C107,Magistrate,,,Under Votes,1,0,1,0,0
Pike,C107,Magistrate,,,Over Votes,0,0,0,0,0
Pike,C108,U.S. Senate,,Republican,Daniel CAMERON,19,1,18,0,0
Pike,C108,U.S. Senate,,Republican,Jonathan M. HOLLIDAY,0,0,0,0,0
Pike,C108,U.S. Senate,,Republican,Andy BARR,30,5,24,1,0
Pike,C108,U.S. Senate,,Republican,Nate MORRIS,4,1,3,0,0
Pike,C108,U.S. Senate,,Republican,"Valerie ""Dr Val"" FREDRICK",0,0,0,0,0
Pike,C108,U.S. Senate,,Republican,A. Nick SHELLEY,0,0,0,0,0
Pike,C108,U.S. Senate,,Republican,James D. DUNCAN,0,0,0,0,0
Pike,C108,U.S. Senate,,Republican,Michael James FARIS,0,0,0,0,0
Pike,C108,U.S. Senate,,Republican,Anissa CATLETT,0,0,0,0,0
Pike,C108,U.S. Senate,,Republican,Other Donald WENZEL,0,0,0,0,0
Pike,C108,U.S. Senate,,Republican,Jimmy I. LEON,0,0,0,0,0
Pike,C108,U.S. Senate,,Republican,George WASHINGTON,0,0,0,0,0
Pike,C108,U.S. Senate,,,Under Votes,1,1,0,0,0
Pike,C108,U.S. Senate,,,Over Votes,0,0,0,0,0
Pike,C108,Ballots Cast,,,,89,,,,
Pike,C108,U.S. House,5,Republican,Kevin SMITH,4,1,3,0,0
Pike,C108,U.S. House,5,Republican,Benjamin HURLEY,4,0,4,0,0
Pike,C108,U.S. House,5,Republican,Hal ROGERS,42,6,35,1,0
Pike,C108,U.S. House,5,Republican,Jerry Lee SHELTON,1,0,1,0,0
Pike,C108,U.S. House,5,Republican,Brandon R. MONHOLLEN,0,0,0,0,0
Pike,C108,U.S. House,5,,Under Votes,3,1,2,0,0
Pike,C108,U.S. House,5,,Over Votes,0,0,0,0,0
Pike,C108,County Judge/Executive,,,Suzy Gibson SHEARER,21,4,17,0,0
Pike,C108,County Judge/Executive,,,Brian A. MORRIS,32,4,27,1,0
Pike,C108,County Judge/Executive,,,Under Votes,0,0,0,0,0
Pike,C108,County Judge/Executive,,,Over Votes,1,0,1,0,0
Pike,C108,County Clerk,,,Subrenia Thacker MOON,9,1,8,0,0
Pike,C108,County Clerk,,,Darrell PUGH,42,7,34,1,0
Pike,C108,County Clerk,,,Under Votes,3,0,3,0,0
Pike,C108,County Clerk,,,Over Votes,0,0,0,0,0
Pike,C108,Sheriff,,,Rodney SCOTT,40,5,34,1,0
Pike,C108,Sheriff,,,Ellis McCOY,13,3,10,0,0
Pike,C108,Sheriff,,,Under Votes,1,0,1,0,0
Pike,C108,Sheriff,,,Over Votes,0,0,0,0,0
Pike,C108,Jailer,,,"Ronald ""Bubby"" SCOTT II.",2,0,2,0,0
Pike,C108,Jailer,,,Jeremy Todd MILLER,12,1,10,1,0
Pike,C108,Jailer,,,Perry Wayne HATFIELD,2,0,2,0,0
Pike,C108,Jailer,,,William A. WHITE,8,1,7,0,0
Pike,C108,Jailer,,,Ricky BOSTIC,21,5,16,0,0
Pike,C108,Jailer,,,John Jason FIELDS,1,1,0,0,0
Pike,C108,Jailer,,,Under Votes,8,0,8,0,0
Pike,C108,Jailer,,,Over Votes,0,0,0,0,0
Pike,C108,Coroner,,,Brenda JOHNSON,9,2,6,1,0
Pike,C108,Coroner,,,Kevin HALL,45,6,39,0,0
Pike,C108,Coroner,,,Under Votes,0,0,0,0,0
Pike,C108,Coroner,,,Over Votes,0,0,0,0,0
Pike,C108,Magistrate,,,Alvin D. NEWSOME,14,1,13,0,0
Pike,C108,Magistrate,,,Justin Colby KISER,3,1,2,0,0
Pike,C108,Magistrate,,,Nathan LITTLE,2,2,0,0,0
Pike,C108,Magistrate,,,Jamie LITTLE,8,0,8,0,0
Pike,C108,Magistrate,,,Jackie Dean JUSTICE,8,4,4,0,0
Pike,C108,Magistrate,,,William Dale MEADOWS,1,0,1,0,0
Pike,C108,Magistrate,,,Rob ELKINS,8,0,7,1,0
Pike,C108,Magistrate,,,Clif SMALLWOOD,10,0,10,0,0
Pike,C108,Magistrate,,,Under Votes,0,0,0,0,0
Pike,C108,Magistrate,,,Over Votes,0,0,0,0,0
Pike,C108,Constable,,,Josh LITTLE,24,5,18,1,0
Pike,C108,Constable,,,Aaron SPEARS,5,1,4,0,0
Pike,C108,Constable,,,James HARTSOCK,15,1,14,0,0
Pike,C108,Constable,,,Under Votes,10,1,9,0,0
Pike,C108,Constable,,,Over Votes,0,0,0,0,0
Pike,C108,U.S. Senate,,Democratic,Vincent Anthony THOMPSON,4,3,1,0,0
Pike,C108,U.S. Senate,,Democratic,Amy McGRATH,9,1,7,0,1
Pike,C108,U.S. Senate,,Democratic,Dale Lewis ROMANS,3,1,2,0,0
Pike,C108,U.S. Senate,,Democratic,Charles BOOKER,13,2,11,0,0
Pike,C108,U.S. Senate,,Democratic,Pamela STEVENSON,2,0,2,0,0
Pike,C108,U.S. Senate,,Democratic,Joshua BLANTON SR.,2,1,1,0,0
Pike,C108,U.S. Senate,,Democratic,Logan FORSYTHE,1,0,1,0,0
Pike,C108,U.S. Senate,,,Under Votes,1,0,1,0,0
Pike,C108,U.S. Senate,,,Over Votes,0,0,0,0,0
Pike,C108,Magistrate,,,Ancil W. TRIVETTE,7,1,6,0,0
Pike,C108,Magistrate,,,Jerry Neal LITTLE,21,6,15,0,0
Pike,C108,Magistrate,,,Under Votes,7,1,5,0,1
Pike,C108,Magistrate,,,Over Votes,0,0,0,0,0
Pike,D101,U.S. Senate,,Republican,Daniel CAMERON,61,8,50,3,0
Pike,D101,U.S. Senate,,Republican,Jonathan M. HOLLIDAY,1,0,1,0,0
Pike,D101,U.S. Senate,,Republican,Andy BARR,105,5,97,1,2
Pike,D101,U.S. Senate,,Republican,Nate MORRIS,11,3,8,0,0
Pike,D101,U.S. Senate,,Republican,"Valerie ""Dr Val"" FREDRICK",2,1,1,0,0
Pike,D101,U.S. Senate,,Republican,A. Nick SHELLEY,0,0,0,0,0
Pike,D101,U.S. Senate,,Republican,James D. DUNCAN,0,0,0,0,0
Pike,D101,U.S. Senate,,Republican,Michael James FARIS,2,1,1,0,0
Pike,D101,U.S. Senate,,Republican,Anissa CATLETT,0,0,0,0,0
Pike,D101,U.S. Senate,,Republican,Other Donald WENZEL,0,0,0,0,0
Pike,D101,U.S. Senate,,Republican,Jimmy I. LEON,0,0,0,0,0
Pike,D101,U.S. Senate,,Republican,George WASHINGTON,5,2,2,1,0
Pike,D101,U.S. Senate,,,Under Votes,9,1,8,0,0
Pike,D101,U.S. Senate,,,Over Votes,0,0,0,0,0
Pike,D101,Ballots Cast,,,,268,,,,
Pike,D101,U.S. House,5,Republican,Kevin SMITH,11,0,11,0,0
Pike,D101,U.S. House,5,Republican,Benjamin HURLEY,17,4,12,1,0
Pike,D101,U.S. House,5,Republican,Hal ROGERS,153,14,133,4,2
Pike,D101,U.S. House,5,Republican,Jerry Lee SHELTON,1,0,1,0,0
Pike,D101,U.S. House,5,Republican,Brandon R. MONHOLLEN,5,2,3,0,0
Pike,D101,U.S. House,5,,Under Votes,9,1,8,0,0
Pike,D101,U.S. House,5,,Over Votes,0,0,0,0,0
Pike,D101,County Judge/Executive,,,Suzy Gibson SHEARER,87,6,78,3,0
Pike,D101,County Judge/Executive,,,Brian A. MORRIS,99,15,80,2,2
Pike,D101,County Judge/Executive,,,Under Votes,10,0,10,0,0
Pike,D101,County Judge/Executive,,,Over Votes,0,0,0,0,0
Pike,D101,County Clerk,,,Subrenia Thacker MOON,30,6,21,2,1
Pike,D101,County Clerk,,,Darrell PUGH,152,15,133,3,1
Pike,D101,County Clerk,,,Under Votes,13,0,13,0,0
Pike,D101,County Clerk,,,Over Votes,1,0,1,0,0
Pike,D101,Sheriff,,,Rodney SCOTT,126,19,103,2,2
Pike,D101,Sheriff,,,Ellis McCOY,63,2,58,3,0
Pike,D101,Sheriff,,,Under Votes,7,0,7,0,0
Pike,D101,Sheriff,,,Over Votes,0,0,0,0,0
Pike,D101,Jailer,,,"Ronald ""Bubby"" SCOTT II.",19,1,18,0,0
Pike,D101,Jailer,,,Jeremy Todd MILLER,63,9,50,2,2
Pike,D101,Jailer,,,Perry Wayne HATFIELD,5,0,4,1,0
Pike,D101,Jailer,,,William A. WHITE,24,1,22,1,0
Pike,D101,Jailer,,,Ricky BOSTIC,66,9,57,0,0
Pike,D101,Jailer,,,John Jason FIELDS,8,1,6,1,0
Pike,D101,Jailer,,,Under Votes,11,0,11,0,0
Pike,D101,Jailer,,,Over Votes,0,0,0,0,0
Pike,D101,Coroner,,,Brenda JOHNSON,24,2,21,1,0
Pike,D101,Coroner,,,Kevin HALL,159,19,134,4,2
Pike,D101,Coroner,,,Under Votes,13,0,13,0,0
Pike,D101,Coroner,,,Over Votes,0,0,0,0,0
Pike,D101,Magistrate,,,Tony TAYLOR II.,95,6,86,3,0
Pike,D101,Magistrate,,,Kenneth Allen PRATER,36,5,30,1,0
Pike,D101,Magistrate,,,"Clinard ""Bubby"" ADKINS",53,9,42,0,2
Pike,D101,Magistrate,,,"Jeremy ""Bo"" ROBERTS",11,1,9,1,0
Pike,D101,Magistrate,,,Under Votes,1,0,1,0,0
Pike,D101,Magistrate,,,Over Votes,0,0,0,0,0
Pike,D101,Constable,,,Shannon Foster KEENE,52,5,43,3,1
Pike,D101,Constable,,,Keith MEADOWS,116,11,102,2,1
Pike,D101,Constable,,,Under Votes,28,5,23,0,0
Pike,D101,Constable,,,Over Votes,0,0,0,0,0
Pike,D101,U.S. Senate,,Democratic,Vincent Anthony THOMPSON,6,0,6,0,0
Pike,D101,U.S. Senate,,Democratic,Amy McGRATH,28,0,27,1,0
Pike,D101,U.S. Senate,,Democratic,Dale Lewis ROMANS,1,0,1,0,0
Pike,D101,U.S. Senate,,Democratic,Charles BOOKER,22,3,18,1,0
Pike,D101,U.S. Senate,,Democratic,Pamela STEVENSON,4,0,4,0,0
Pike,D101,U.S. Senate,,Democratic,Joshua BLANTON SR.,9,1,8,0,0
Pike,D101,U.S. Senate,,Democratic,Logan FORSYTHE,2,0,2,0,0
Pike,D101,U.S. Senate,,,Under Votes,0,0,0,0,0
Pike,D101,U.S. Senate,,,Over Votes,0,0,0,0,0
Pike,D102,U.S. Senate,,Republican,Daniel CAMERON,50,1,49,0,0
Pike,D102,U.S. Senate,,Republican,Jonathan M. HOLLIDAY,2,0,2,0,0
Pike,D102,U.S. Senate,,Republican,Andy BARR,70,4,64,1,1
Pike,D102,U.S. Senate,,Republican,Nate MORRIS,11,3,8,0,0
Pike,D102,U.S. Senate,,Republican,"Valerie ""Dr Val"" FREDRICK",2,1,1,0,0
Pike,D102,U.S. Senate,,Republican,A. Nick SHELLEY,1,0,1,0,0
Pike,D102,U.S. Senate,,Republican,James D. DUNCAN,0,0,0,0,0
Pike,D102,U.S. Senate,,Republican,Michael James FARIS,0,0,0,0,0
Pike,D102,U.S. Senate,,Republican,Anissa CATLETT,0,0,0,0,0
Pike,D102,U.S. Senate,,Republican,Other Donald WENZEL,0,0,0,0,0
Pike,D102,U.S. Senate,,Republican,Jimmy I. LEON,1,0,1,0,0
Pike,D102,U.S. Senate,,Republican,George WASHINGTON,2,0,2,0,0
Pike,D102,U.S. Senate,,,Under Votes,7,1,6,0,0
Pike,D102,U.S. Senate,,,Over Votes,0,0,0,0,0
Pike,D102,Ballots Cast,,,,202,,,,
Pike,D102,U.S. House,5,Republican,Kevin SMITH,11,0,11,0,0
Pike,D102,U.S. House,5,Republican,Benjamin HURLEY,15,1,14,0,0
Pike,D102,U.S. House,5,Republican,Hal ROGERS,107,8,97,1,1
Pike,D102,U.S. House,5,Republican,Jerry Lee SHELTON,2,0,2,0,0
Pike,D102,U.S. House,5,Republican,Brandon R. MONHOLLEN,3,0,3,0,0
Pike,D102,U.S. House,5,,Under Votes,8,1,7,0,0
Pike,D102,U.S. House,5,,Over Votes,0,0,0,0,0
Pike,D102,County Judge/Executive,,,Suzy Gibson SHEARER,67,3,64,0,0
Pike,D102,County Judge/Executive,,,Brian A. MORRIS,76,6,68,1,1
Pike,D102,County Judge/Executive,,,Under Votes,3,1,2,0,0
Pike,D102,County Judge/Executive,,,Over Votes,0,0,0,0,0
Pike,D102,County Clerk,,,Subrenia Thacker MOON,24,0,22,1,1
Pike,D102,County Clerk,,,Darrell PUGH,114,9,105,0,0
Pike,D102,County Clerk,,,Under Votes,7,1,6,0,0
Pike,D102,County Clerk,,,Over Votes,1,0,1,0,0
Pike,D102,Sheriff,,,Rodney SCOTT,110,6,102,1,1
Pike,D102,Sheriff,,,Ellis McCOY,30,3,27,0,0
Pike,D102,Sheriff,,,Under Votes,6,1,5,0,0
Pike,D102,Sheriff,,,Over Votes,0,0,0,0,0
Pike,D102,Jailer,,,"Ronald ""Bubby"" SCOTT II.",21,1,20,0,0
Pike,D102,Jailer,,,Jeremy Todd MILLER,54,5,48,1,0
Pike,D102,Jailer,,,Perry Wayne HATFIELD,1,0,1,0,0
Pike,D102,Jailer,,,William A. WHITE,13,0,13,0,0
Pike,D102,Jailer,,,Ricky BOSTIC,50,2,47,0,1
Pike,D102,Jailer,,,John Jason FIELDS,1,1,0,0,0
Pike,D102,Jailer,,,Under Votes,6,1,5,0,0
Pike,D102,Jailer,,,Over Votes,0,0,0,0,0
Pike,D102,Coroner,,,Brenda JOHNSON,16,1,15,0,0
Pike,D102,Coroner,,,Kevin HALL,121,8,111,1,1
Pike,D102,Coroner,,,Under Votes,9,1,8,0,0
Pike,D102,Coroner,,,Over Votes,0,0,0,0,0
Pike,D102,Magistrate,,,Tony TAYLOR II.,42,1,41,0,0
Pike,D102,Magistrate,,,Kenneth Allen PRATER,83,7,74,1,1
Pike,D102,Magistrate,,,"Clinard ""Bubby"" ADKINS",14,2,12,0,0
Pike,D102,Magistrate,,,"Jeremy ""Bo"" ROBERTS",5,0,5,0,0
Pike,D102,Magistrate,,,Under Votes,2,0,2,0,0
Pike,D102,Magistrate,,,Over Votes,0,0,0,0,0
Pike,D102,Constable,,,Shannon Foster KEENE,42,5,36,1,0
Pike,D102,Constable,,,Keith MEADOWS,87,5,81,0,1
Pike,D102,Constable,,,Under Votes,17,0,17,0,0
Pike,D102,Constable,,,Over Votes,0,0,0,0,0
Pike,D102,U.S. Senate,,Democratic,Vincent Anthony THOMPSON,1,0,1,0,0
Pike,D102,U.S. Senate,,Democratic,Amy McGRATH,24,4,20,0,0
Pike,D102,U.S. Senate,,Democratic,Dale Lewis ROMANS,0,0,0,0,0
Pike,D102,U.S. Senate,,Democratic,Charles BOOKER,19,2,15,2,0
Pike,D102,U.S. Senate,,Democratic,Pamela STEVENSON,0,0,0,0,0
Pike,D102,U.S. Senate,,Democratic,Joshua BLANTON SR.,6,0,6,0,0
Pike,D102,U.S. Senate,,Democratic,Logan FORSYTHE,2,0,2,0,0
Pike,D102,U.S. Senate,,,Under Votes,4,1,3,0,0
Pike,D102,U.S. Senate,,,Over Votes,0,0,0,0,0
Pike,D103,U.S. Senate,,Republican,Daniel CAMERON,11,4,7,0,0
Pike,D103,U.S. Senate,,Republican,Jonathan M. HOLLIDAY,0,0,0,0,0
Pike,D103,U.S. Senate,,Republican,Andy BARR,19,6,13,0,0
Pike,D103,U.S. Senate,,Republican,Nate MORRIS,0,0,0,0,0
Pike,D103,U.S. Senate,,Republican,"Valerie ""Dr Val"" FREDRICK",0,0,0,0,0
Pike,D103,U.S. Senate,,Republican,A. Nick SHELLEY,0,0,0,0,0
Pike,D103,U.S. Senate,,Republican,James D. DUNCAN,0,0,0,0,0
Pike,D103,U.S. Senate,,Republican,Michael James FARIS,0,0,0,0,0
Pike,D103,U.S. Senate,,Republican,Anissa CATLETT,1,1,0,0,0
Pike,D103,U.S. Senate,,Republican,Other Donald WENZEL,0,0,0,0,0
Pike,D103,U.S. Senate,,Republican,Jimmy I. LEON,0,0,0,0,0
Pike,D103,U.S. Senate,,Republican,George WASHINGTON,1,0,0,1,0
Pike,D103,U.S. Senate,,,Under Votes,1,0,1,0,0
Pike,D103,U.S. Senate,,,Over Votes,0,0,0,0,0
Pike,D103,Ballots Cast,,,,65,,,,
Pike,D103,U.S. House,5,Republican,Kevin SMITH,1,0,1,0,0
Pike,D103,U.S. House,5,Republican,Benjamin HURLEY,4,2,2,0,0
Pike,D103,U.S. House,5,Republican,Hal ROGERS,25,8,17,0,0
Pike,D103,U.S. House,5,Republican,Jerry Lee SHELTON,1,1,0,0,0
Pike,D103,U.S. House,5,Republican,Brandon R. MONHOLLEN,1,0,0,1,0
Pike,D103,U.S. House,5,,Under Votes,1,0,1,0,0
Pike,D103,U.S. House,5,,Over Votes,0,0,0,0,0
Pike,D103,County Judge/Executive,,,Suzy Gibson SHEARER,13,5,8,0,0
Pike,D103,County Judge/Executive,,,Brian A. MORRIS,20,6,13,1,0
Pike,D103,County Judge/Executive,,,Under Votes,0,0,0,0,0
Pike,D103,County Judge/Executive,,,Over Votes,0,0,0,0,0
Pike,D103,County Clerk,,,Subrenia Thacker MOON,10,2,8,0,0
Pike,D103,County Clerk,,,Darrell PUGH,21,8,12,1,0
Pike,D103,County Clerk,,,Under Votes,2,1,1,0,0
Pike,D103,County Clerk,,,Over Votes,0,0,0,0,0
Pike,D103,Sheriff,,,Rodney SCOTT,21,8,12,1,0
Pike,D103,Sheriff,,,Ellis McCOY,12,3,9,0,0
Pike,D103,Sheriff,,,Under Votes,0,0,0,0,0
Pike,D103,Sheriff,,,Over Votes,0,0,0,0,0
Pike,D103,Jailer,,,"Ronald ""Bubby"" SCOTT II.",9,4,4,1,0
Pike,D103,Jailer,,,Jeremy Todd MILLER,3,1,2,0,0
Pike,D103,Jailer,,,Perry Wayne HATFIELD,4,3,1,0,0
Pike,D103,Jailer,,,William A. WHITE,4,0,4,0,0
Pike,D103,Jailer,,,Ricky BOSTIC,9,2,7,0,0
Pike,D103,Jailer,,,John Jason FIELDS,3,1,2,0,0
Pike,D103,Jailer,,,Under Votes,1,0,1,0,0
Pike,D103,Jailer,,,Over Votes,0,0,0,0,0
Pike,D103,Coroner,,,Brenda JOHNSON,9,2,6,1,0
Pike,D103,Coroner,,,Kevin HALL,23,9,14,0,0
Pike,D103,Coroner,,,Under Votes,1,0,1,0,0
Pike,D103,Coroner,,,Over Votes,0,0,0,0,0
Pike,D103,Magistrate,,,Tony TAYLOR II.,5,2,3,0,0
Pike,D103,Magistrate,,,Kenneth Allen PRATER,4,0,4,0,0
Pike,D103,Magistrate,,,"Clinard ""Bubby"" ADKINS",2,1,1,0,0
Pike,D103,Magistrate,,,"Jeremy ""Bo"" ROBERTS",22,8,13,1,0
Pike,D103,Magistrate,,,Under Votes,0,0,0,0,0
Pike,D103,Magistrate,,,Over Votes,0,0,0,0,0
Pike,D103,Constable,,,Shannon Foster KEENE,22,10,12,0,0
Pike,D103,Constable,,,Keith MEADOWS,10,1,8,1,0
Pike,D103,Constable,,,Under Votes,1,0,1,0,0
Pike,D103,Constable,,,Over Votes,0,0,0,0,0
Pike,D103,U.S. Senate,,Democratic,Vincent Anthony THOMPSON,2,0,2,0,0
Pike,D103,U.S. Senate,,Democratic,Amy McGRATH,11,3,8,0,0
Pike,D103,U.S. Senate,,Democratic,Dale Lewis ROMANS,0,0,0,0,0
Pike,D103,U.S. Senate,,Democratic,Charles BOOKER,16,3,13,0,0
Pike,D103,U.S. Senate,,Democratic,Pamela STEVENSON,0,0,0,0,0
Pike,D103,U.S. Senate,,Democratic,Joshua BLANTON SR.,1,0,1,0,0
Pike,D103,U.S. Senate,,Democratic,Logan FORSYTHE,2,1,1,0,0
Pike,D103,U.S. Senate,,,Under Votes,0,0,0,0,0
Pike,D103,U.S. Senate,,,Over Votes,0,0,0,0,0
Pike,D104,U.S. Senate,,Republican,Daniel CAMERON,21,1,20,0,0
Pike,D104,U.S. Senate,,Republican,Jonathan M. HOLLIDAY,1,0,1,0,0
Pike,D104,U.S. Senate,,Republican,Andy BARR,46,8,38,0,0
Pike,D104,U.S. Senate,,Republican,Nate MORRIS,6,0,6,0,0
Pike,D104,U.S. Senate,,Republican,"Valerie ""Dr Val"" FREDRICK",1,0,1,0,0
Pike,D104,U.S. Senate,,Republican,A. Nick SHELLEY,0,0,0,0,0
Pike,D104,U.S. Senate,,Republican,James D. DUNCAN,0,0,0,0,0
Pike,D104,U.S. Senate,,Republican,Michael James FARIS,0,0,0,0,0
Pike,D104,U.S. Senate,,Republican,Anissa CATLETT,0,0,0,0,0
Pike,D104,U.S. Senate,,Republican,Other Donald WENZEL,0,0,0,0,0
Pike,D104,U.S. Senate,,Republican,Jimmy I. LEON,0,0,0,0,0
Pike,D104,U.S. Senate,,Republican,George WASHINGTON,1,0,1,0,0
Pike,D104,U.S. Senate,,,Under Votes,4,0,4,0,0
Pike,D104,U.S. Senate,,,Over Votes,0,0,0,0,0
Pike,D104,Ballots Cast,,,,94,,,,
Pike,D104,U.S. House,5,Republican,Kevin SMITH,3,0,3,0,0
Pike,D104,U.S. House,5,Republican,Benjamin HURLEY,7,1,6,0,0
Pike,D104,U.S. House,5,Republican,Hal ROGERS,59,8,51,0,0
Pike,D104,U.S. House,5,Republican,Jerry Lee SHELTON,4,0,4,0,0
Pike,D104,U.S. House,5,Republican,Brandon R. MONHOLLEN,1,0,1,0,0
Pike,D104,U.S. House,5,,Under Votes,6,0,6,0,0
Pike,D104,U.S. House,5,,Over Votes,0,0,0,0,0
Pike,D104,County Judge/Executive,,,Suzy Gibson SHEARER,43,2,41,0,0
Pike,D104,County Judge/Executive,,,Brian A. MORRIS,34,7,27,0,0
Pike,D104,County Judge/Executive,,,Under Votes,3,0,3,0,0
Pike,D104,County Judge/Executive,,,Over Votes,0,0,0,0,0
Pike,D104,County Clerk,,,Subrenia Thacker MOON,13,1,12,0,0
Pike,D104,County Clerk,,,Darrell PUGH,58,8,50,0,0
Pike,D104,County Clerk,,,Under Votes,9,0,9,0,0
Pike,D104,County Clerk,,,Over Votes,0,0,0,0,0
Pike,D104,Sheriff,,,Rodney SCOTT,54,8,46,0,0
Pike,D104,Sheriff,,,Ellis McCOY,19,1,18,0,0
Pike,D104,Sheriff,,,Under Votes,7,0,7,0,0
Pike,D104,Sheriff,,,Over Votes,0,0,0,0,0
Pike,D104,Jailer,,,"Ronald ""Bubby"" SCOTT II.",11,1,10,0,0
Pike,D104,Jailer,,,Jeremy Todd MILLER,23,5,18,0,0
Pike,D104,Jailer,,,Perry Wayne HATFIELD,0,0,0,0,0
Pike,D104,Jailer,,,William A. WHITE,3,0,3,0,0
Pike,D104,Jailer,,,Ricky BOSTIC,34,3,31,0,0
Pike,D104,Jailer,,,John Jason FIELDS,3,0,3,0,0
Pike,D104,Jailer,,,Under Votes,6,0,6,0,0
Pike,D104,Jailer,,,Over Votes,0,0,0,0,0
Pike,D104,Coroner,,,Brenda JOHNSON,9,0,9,0,0
Pike,D104,Coroner,,,Kevin HALL,66,9,57,0,0
Pike,D104,Coroner,,,Under Votes,5,0,5,0,0
Pike,D104,Coroner,,,Over Votes,0,0,0,0,0
Pike,D104,Magistrate,,,Tony TAYLOR II.,14,1,13,0,0
Pike,D104,Magistrate,,,Kenneth Allen PRATER,20,1,19,0,0
Pike,D104,Magistrate,,,"Clinard ""Bubby"" ADKINS",41,6,35,0,0
Pike,D104,Magistrate,,,"Jeremy ""Bo"" ROBERTS",4,1,3,0,0
Pike,D104,Magistrate,,,Under Votes,1,0,1,0,0
Pike,D104,Magistrate,,,Over Votes,0,0,0,0,0
Pike,D104,Constable,,,Shannon Foster KEENE,21,4,17,0,0
Pike,D104,Constable,,,Keith MEADOWS,45,5,40,0,0
Pike,D104,Constable,,,Under Votes,14,0,14,0,0
Pike,D104,Constable,,,Over Votes,0,0,0,0,0
Pike,D104,U.S. Senate,,Democratic,Vincent Anthony THOMPSON,2,0,2,0,0
Pike,D104,U.S. Senate,,Democratic,Amy McGRATH,6,0,6,0,0
Pike,D104,U.S. Senate,,Democratic,Dale Lewis ROMANS,0,0,0,0,0
Pike,D104,U.S. Senate,,Democratic,Charles BOOKER,5,0,5,0,0
Pike,D104,U.S. Senate,,Democratic,Pamela STEVENSON,0,0,0,0,0
Pike,D104,U.S. Senate,,Democratic,Joshua BLANTON SR.,0,0,0,0,0
Pike,D104,U.S. Senate,,Democratic,Logan FORSYTHE,0,0,0,0,0
Pike,D104,U.S. Senate,,,Under Votes,1,0,1,0,0
Pike,D104,U.S. Senate,,,Over Votes,0,0,0,0,0
Pike,D105,U.S. Senate,,Republican,Daniel CAMERON,39,8,28,2,1
Pike,D105,U.S. Senate,,Republican,Jonathan M. HOLLIDAY,0,0,0,0,0
Pike,D105,U.S. Senate,,Republican,Andy BARR,42,2,36,4,0
Pike,D105,U.S. Senate,,Republican,Nate MORRIS,5,1,4,0,0
Pike,D105,U.S. Senate,,Republican,"Valerie ""Dr Val"" FREDRICK",0,0,0,0,0
Pike,D105,U.S. Senate,,Republican,A. Nick SHELLEY,1,0,1,0,0
Pike,D105,U.S. Senate,,Republican,James D. DUNCAN,0,0,0,0,0
Pike,D105,U.S. Senate,,Republican,Michael James FARIS,0,0,0,0,0
Pike,D105,U.S. Senate,,Republican,Anissa CATLETT,0,0,0,0,0
Pike,D105,U.S. Senate,,Republican,Other Donald WENZEL,1,0,1,0,0
Pike,D105,U.S. Senate,,Republican,Jimmy I. LEON,0,0,0,0,0
Pike,D105,U.S. Senate,,Republican,George WASHINGTON,3,1,2,0,0
Pike,D105,U.S. Senate,,,Under Votes,4,0,4,0,0
Pike,D105,U.S. Senate,,,Over Votes,0,0,0,0,0
Pike,D105,Ballots Cast,,,,113,,,,
Pike,D105,U.S. House,5,Republican,Kevin SMITH,12,0,9,3,0
Pike,D105,U.S. House,5,Republican,Benjamin HURLEY,12,1,10,1,0
Pike,D105,U.S. House,5,Republican,Hal ROGERS,64,11,50,2,1
Pike,D105,U.S. House,5,Republican,Jerry Lee SHELTON,0,0,0,0,0
Pike,D105,U.S. House,5,Republican,Brandon R. MONHOLLEN,1,0,1,0,0
Pike,D105,U.S. House,5,,Under Votes,6,0,6,0,0
Pike,D105,U.S. House,5,,Over Votes,0,0,0,0,0
Pike,D105,County Judge/Executive,,,Suzy Gibson SHEARER,39,3,31,4,1
Pike,D105,County Judge/Executive,,,Brian A. MORRIS,52,9,41,2,0
Pike,D105,County Judge/Executive,,,Under Votes,4,0,4,0,0
Pike,D105,County Judge/Executive,,,Over Votes,0,0,0,0,0
Pike,D105,County Clerk,,,Subrenia Thacker MOON,16,1,14,1,0
Pike,D105,County Clerk,,,Darrell PUGH,78,11,61,5,1
Pike,D105,County Clerk,,,Under Votes,1,0,1,0,0
Pike,D105,County Clerk,,,Over Votes,0,0,0,0,0
Pike,D105,Sheriff,,,Rodney SCOTT,72,10,58,3,1
Pike,D105,Sheriff,,,Ellis McCOY,21,2,16,3,0
Pike,D105,Sheriff,,,Under Votes,2,0,2,0,0
Pike,D105,Sheriff,,,Over Votes,0,0,0,0,0
Pike,D105,Jailer,,,"Ronald ""Bubby"" SCOTT II.",33,5,24,3,1
Pike,D105,Jailer,,,Jeremy Todd MILLER,11,2,9,0,0
Pike,D105,Jailer,,,Perry Wayne HATFIELD,0,0,0,0,0
Pike,D105,Jailer,,,William A. WHITE,11,2,9,0,0
Pike,D105,Jailer,,,Ricky BOSTIC,29,3,24,2,0
Pike,D105,Jailer,,,John Jason FIELDS,2,0,2,0,0
Pike,D105,Jailer,,,Under Votes,9,0,8,1,0
Pike,D105,Jailer,,,Over Votes,0,0,0,0,0
Pike,D105,Coroner,,,Brenda JOHNSON,12,1,10,1,0
Pike,D105,Coroner,,,Kevin HALL,79,11,62,5,1
Pike,D105,Coroner,,,Under Votes,4,0,4,0,0
Pike,D105,Coroner,,,Over Votes,0,0,0,0,0
Pike,D105,Magistrate,,,Tony TAYLOR II.,10,0,10,0,0
Pike,D105,Magistrate,,,Kenneth Allen PRATER,11,0,11,0,0
Pike,D105,Magistrate,,,"Clinard ""Bubby"" ADKINS",64,11,49,3,1
Pike,D105,Magistrate,,,"Jeremy ""Bo"" ROBERTS",8,1,6,1,0
Pike,D105,Magistrate,,,Under Votes,2,0,0,2,0
Pike,D105,Magistrate,,,Over Votes,0,0,0,0,0
Pike,D105,Constable,,,Shannon Foster KEENE,31,8,22,1,0
Pike,D105,Constable,,,Keith MEADOWS,52,4,43,5,0
Pike,D105,Constable,,,Under Votes,12,0,11,0,1
Pike,D105,Constable,,,Over Votes,0,0,0,0,0
Pike,D105,U.S. Senate,,Democratic,Vincent Anthony THOMPSON,4,0,4,0,0
Pike,D105,U.S. Senate,,Democratic,Amy McGRATH,9,0,9,0,0
Pike,D105,U.S. Senate,,Democratic,Dale Lewis ROMANS,0,0,0,0,0
Pike,D105,U.S. Senate,,Democratic,Charles BOOKER,4,1,3,0,0
Pike,D105,U.S. Senate,,Democratic,Pamela STEVENSON,0,0,0,0,0
Pike,D105,U.S. Senate,,Democratic,Joshua BLANTON SR.,0,0,0,0,0
Pike,D105,U.S. Senate,,Democratic,Logan FORSYTHE,0,0,0,0,0
Pike,D105,U.S. Senate,,,Under Votes,1,0,1,0,0
Pike,D105,U.S. Senate,,,Over Votes,0,0,0,0,0
Pike,D106,U.S. Senate,,Republican,Daniel CAMERON,22,1,21,0,0
Pike,D106,U.S. Senate,,Republican,Jonathan M. HOLLIDAY,0,0,0,0,0
Pike,D106,U.S. Senate,,Republican,Andy BARR,52,11,41,0,0
Pike,D106,U.S. Senate,,Republican,Nate MORRIS,7,3,3,1,0
Pike,D106,U.S. Senate,,Republican,"Valerie ""Dr Val"" FREDRICK",0,0,0,0,0
Pike,D106,U.S. Senate,,Republican,A. Nick SHELLEY,0,0,0,0,0
Pike,D106,U.S. Senate,,Republican,James D. DUNCAN,0,0,0,0,0
Pike,D106,U.S. Senate,,Republican,Michael James FARIS,1,0,1,0,0
Pike,D106,U.S. Senate,,Republican,Anissa CATLETT,1,0,1,0,0
Pike,D106,U.S. Senate,,Republican,Other Donald WENZEL,0,0,0,0,0
Pike,D106,U.S. Senate,,Republican,Jimmy I. LEON,1,0,1,0,0
Pike,D106,U.S. Senate,,Republican,George WASHINGTON,0,0,0,0,0
Pike,D106,U.S. Senate,,,Under Votes,1,0,1,0,0
Pike,D106,U.S. Senate,,,Over Votes,0,0,0,0,0
Pike,D106,Ballots Cast,,,,175,,,,
Pike,D106,U.S. House,5,Republican,Kevin SMITH,9,0,8,1,0
Pike,D106,U.S. House,5,Republican,Benjamin HURLEY,4,0,4,0,0
Pike,D106,U.S. House,5,Republican,Hal ROGERS,65,14,51,0,0
Pike,D106,U.S. House,5,Republican,Jerry Lee SHELTON,1,0,1,0,0
Pike,D106,U.S. House,5,Republican,Brandon R. MONHOLLEN,3,0,3,0,0
Pike,D106,U.S. House,5,,Under Votes,3,1,2,0,0
Pike,D106,U.S. House,5,,Over Votes,0,0,0,0,0
Pike,D106,County Judge/Executive,,,Suzy Gibson SHEARER,37,4,32,1,0
Pike,D106,County Judge/Executive,,,Brian A. MORRIS,44,10,34,0,0
Pike,D106,County Judge/Executive,,,Under Votes,4,1,3,0,0
Pike,D106,County Judge/Executive,,,Over Votes,0,0,0,0,0
Pike,D106,County Clerk,,,Subrenia Thacker MOON,18,0,18,0,0
Pike,D106,County Clerk,,,Darrell PUGH,63,13,49,1,0
Pike,D106,County Clerk,,,Under Votes,4,2,2,0,0
Pike,D106,County Clerk,,,Over Votes,0,0,0,0,0
Pike,D106,Sheriff,,,Rodney SCOTT,59,14,45,0,0
Pike,D106,Sheriff,,,Ellis McCOY,24,1,22,1,0
Pike,D106,Sheriff,,,Under Votes,2,0,2,0,0
Pike,D106,Sheriff,,,Over Votes,0,0,0,0,0
Pike,D106,Jailer,,,"Ronald ""Bubby"" SCOTT II.",29,3,26,0,0
Pike,D106,Jailer,,,Jeremy Todd MILLER,15,1,13,1,0
Pike,D106,Jailer,,,Perry Wayne HATFIELD,1,0,1,0,0
Pike,D106,Jailer,,,William A. WHITE,5,0,5,0,0
Pike,D106,Jailer,,,Ricky BOSTIC,33,10,23,0,0
Pike,D106,Jailer,,,John Jason FIELDS,0,0,0,0,0
Pike,D106,Jailer,,,Under Votes,2,1,1,0,0
Pike,D106,Jailer,,,Over Votes,0,0,0,0,0
Pike,D106,Coroner,,,Brenda JOHNSON,13,0,13,0,0
Pike,D106,Coroner,,,Kevin HALL,70,15,54,1,0
Pike,D106,Coroner,,,Under Votes,2,0,2,0,0
Pike,D106,Coroner,,,Over Votes,0,0,0,0,0
Pike,D106,Magistrate,,,Tony TAYLOR II.,6,2,4,0,0
Pike,D106,Magistrate,,,Kenneth Allen PRATER,18,3,14,1,0
Pike,D106,Magistrate,,,"Clinard ""Bubby"" ADKINS",28,4,24,0,0
Pike,D106,Magistrate,,,"Jeremy ""Bo"" ROBERTS",33,6,27,0,0
Pike,D106,Magistrate,,,Under Votes,0,0,0,0,0
Pike,D106,Magistrate,,,Over Votes,0,0,0,0,0
Pike,D106,Constable,,,Shannon Foster KEENE,27,4,23,0,0
Pike,D106,Constable,,,Keith MEADOWS,47,7,39,1,0
Pike,D106,Constable,,,Under Votes,11,4,7,0,0
Pike,D106,Constable,,,Over Votes,0,0,0,0,0
Pike,D106,U.S. Senate,,Democratic,Vincent Anthony THOMPSON,4,0,4,0,0
Pike,D106,U.S. Senate,,Democratic,Amy McGRATH,28,3,22,3,0
Pike,D106,U.S. Senate,,Democratic,Dale Lewis ROMANS,3,1,2,0,0
Pike,D106,U.S. Senate,,Democratic,Charles BOOKER,46,3,41,2,0
Pike,D106,U.S. Senate,,Democratic,Pamela STEVENSON,2,0,2,0,0
Pike,D106,U.S. Senate,,Democratic,Joshua BLANTON SR.,4,1,3,0,0
Pike,D106,U.S. Senate,,Democratic,Logan FORSYTHE,3,1,2,0,0
Pike,D106,U.S. Senate,,,Under Votes,0,0,0,0,0
Pike,D106,U.S. Senate,,,Over Votes,0,0,0,0,0
Pike,D107,U.S. Senate,,Republican,Daniel CAMERON,15,1,14,0,0
Pike,D107,U.S. Senate,,Republican,Jonathan M. HOLLIDAY,0,0,0,0,0
Pike,D107,U.S. Senate,,Republican,Andy BARR,24,1,23,0,0
Pike,D107,U.S. Senate,,Republican,Nate MORRIS,2,0,2,0,0
Pike,D107,U.S. Senate,,Republican,"Valerie ""Dr Val"" FREDRICK",0,0,0,0,0
Pike,D107,U.S. Senate,,Republican,A. Nick SHELLEY,0,0,0,0,0
Pike,D107,U.S. Senate,,Republican,James D. DUNCAN,0,0,0,0,0
Pike,D107,U.S. Senate,,Republican,Michael James FARIS,1,0,1,0,0
Pike,D107,U.S. Senate,,Republican,Anissa CATLETT,2,1,1,0,0
Pike,D107,U.S. Senate,,Republican,Other Donald WENZEL,0,0,0,0,0
Pike,D107,U.S. Senate,,Republican,Jimmy I. LEON,0,0,0,0,0
Pike,D107,U.S. Senate,,Republican,George WASHINGTON,1,0,1,0,0
Pike,D107,U.S. Senate,,,Under Votes,0,0,0,0,0
Pike,D107,U.S. Senate,,,Over Votes,0,0,0,0,0
Pike,D107,Ballots Cast,,,,71,,,,
Pike,D107,U.S. House,5,Republican,Kevin SMITH,4,0,4,0,0
Pike,D107,U.S. House,5,Republican,Benjamin HURLEY,6,1,5,0,0
Pike,D107,U.S. House,5,Republican,Hal ROGERS,32,2,30,0,0
Pike,D107,U.S. House,5,Republican,Jerry Lee SHELTON,1,0,1,0,0
Pike,D107,U.S. House,5,Republican,Brandon R. MONHOLLEN,0,0,0,0,0
Pike,D107,U.S. House,5,,Under Votes,2,0,2,0,0
Pike,D107,U.S. House,5,,Over Votes,0,0,0,0,0
Pike,D107,County Judge/Executive,,,Suzy Gibson SHEARER,23,1,22,0,0
Pike,D107,County Judge/Executive,,,Brian A. MORRIS,22,2,20,0,0
Pike,D107,County Judge/Executive,,,Under Votes,0,0,0,0,0
Pike,D107,County Judge/Executive,,,Over Votes,0,0,0,0,0
Pike,D107,County Clerk,,,Subrenia Thacker MOON,5,2,3,0,0
Pike,D107,County Clerk,,,Darrell PUGH,40,1,39,0,0
Pike,D107,County Clerk,,,Under Votes,0,0,0,0,0
Pike,D107,County Clerk,,,Over Votes,0,0,0,0,0
Pike,D107,Sheriff,,,Rodney SCOTT,33,2,31,0,0
Pike,D107,Sheriff,,,Ellis McCOY,12,1,11,0,0
Pike,D107,Sheriff,,,Under Votes,0,0,0,0,0
Pike,D107,Sheriff,,,Over Votes,0,0,0,0,0
Pike,D107,Jailer,,,"Ronald ""Bubby"" SCOTT II.",7,1,6,0,0
Pike,D107,Jailer,,,Jeremy Todd MILLER,11,2,9,0,0
Pike,D107,Jailer,,,Perry Wayne HATFIELD,0,0,0,0,0
Pike,D107,Jailer,,,William A. WHITE,7,0,7,0,0
Pike,D107,Jailer,,,Ricky BOSTIC,16,0,16,0,0
Pike,D107,Jailer,,,John Jason FIELDS,4,0,4,0,0
Pike,D107,Jailer,,,Under Votes,0,0,0,0,0
Pike,D107,Jailer,,,Over Votes,0,0,0,0,0
Pike,D107,Coroner,,,Brenda JOHNSON,4,1,3,0,0
Pike,D107,Coroner,,,Kevin HALL,39,2,37,0,0
Pike,D107,Coroner,,,Under Votes,2,0,2,0,0
Pike,D107,Coroner,,,Over Votes,0,0,0,0,0
Pike,D107,Magistrate,,,Tony TAYLOR II.,4,0,4,0,0
Pike,D107,Magistrate,,,Kenneth Allen PRATER,9,0,9,0,0
Pike,D107,Magistrate,,,"Clinard ""Bubby"" ADKINS",11,1,10,0,0
Pike,D107,Magistrate,,,"Jeremy ""Bo"" ROBERTS",20,2,18,0,0
Pike,D107,Magistrate,,,Under Votes,1,0,1,0,0
Pike,D107,Magistrate,,,Over Votes,0,0,0,0,0
Pike,D107,Constable,,,Shannon Foster KEENE,24,0,24,0,0
Pike,D107,Constable,,,Keith MEADOWS,19,3,16,0,0
Pike,D107,Constable,,,Under Votes,2,0,2,0,0
Pike,D107,Constable,,,Over Votes,0,0,0,0,0
Pike,D107,U.S. Senate,,Democratic,Vincent Anthony THOMPSON,2,0,2,0,0
Pike,D107,U.S. Senate,,Democratic,Amy McGRATH,10,1,9,0,0
Pike,D107,U.S. Senate,,Democratic,Dale Lewis ROMANS,1,0,1,0,0
Pike,D107,U.S. Senate,,Democratic,Charles BOOKER,7,2,5,0,0
Pike,D107,U.S. Senate,,Democratic,Pamela STEVENSON,2,0,2,0,0
Pike,D107,U.S. Senate,,Democratic,Joshua BLANTON SR.,2,0,2,0,0
Pike,D107,U.S. Senate,,Democratic,Logan FORSYTHE,0,0,0,0,0
Pike,D107,U.S. Senate,,,Under Votes,2,0,2,0,0
Pike,D107,U.S. Senate,,,Over Votes,0,0,0,0,0
Pike,D108,U.S. Senate,,Republican,Daniel CAMERON,20,3,17,0,0
Pike,D108,U.S. Senate,,Republican,Jonathan M. HOLLIDAY,1,0,1,0,0
Pike,D108,U.S. Senate,,Republican,Andy BARR,30,0,30,0,0
Pike,D108,U.S. Senate,,Republican,Nate MORRIS,4,0,3,1,0
Pike,D108,U.S. Senate,,Republican,"Valerie ""Dr Val"" FREDRICK",0,0,0,0,0
Pike,D108,U.S. Senate,,Republican,A. Nick SHELLEY,0,0,0,0,0
Pike,D108,U.S. Senate,,Republican,James D. DUNCAN,0,0,0,0,0
Pike,D108,U.S. Senate,,Republican,Michael James FARIS,1,0,1,0,0
Pike,D108,U.S. Senate,,Republican,Anissa CATLETT,1,0,1,0,0
Pike,D108,U.S. Senate,,Republican,Other Donald WENZEL,0,0,0,0,0
Pike,D108,U.S. Senate,,Republican,Jimmy I. LEON,0,0,0,0,0
Pike,D108,U.S. Senate,,Republican,George WASHINGTON,0,0,0,0,0
Pike,D108,U.S. Senate,,,Under Votes,3,0,3,0,0
Pike,D108,U.S. Senate,,,Over Votes,0,0,0,0,0
Pike,D108,Ballots Cast,,,,84,,,,
Pike,D108,U.S. House,5,Republican,Kevin SMITH,4,1,3,0,0
Pike,D108,U.S. House,5,Republican,Benjamin HURLEY,3,1,2,0,0
Pike,D108,U.S. House,5,Republican,Hal ROGERS,44,1,42,1,0
Pike,D108,U.S. House,5,Republican,Jerry Lee SHELTON,0,0,0,0,0
Pike,D108,U.S. House,5,Republican,Brandon R. MONHOLLEN,1,0,1,0,0
Pike,D108,U.S. House,5,,Under Votes,8,0,8,0,0
Pike,D108,U.S. House,5,,Over Votes,0,0,0,0,0
Pike,D108,County Judge/Executive,,,Suzy Gibson SHEARER,31,1,30,0,0
Pike,D108,County Judge/Executive,,,Brian A. MORRIS,26,2,23,1,0
Pike,D108,County Judge/Executive,,,Under Votes,3,0,3,0,0
Pike,D108,County Judge/Executive,,,Over Votes,0,0,0,0,0
Pike,D108,County Clerk,,,Subrenia Thacker MOON,10,1,8,1,0
Pike,D108,County Clerk,,,Darrell PUGH,47,2,45,0,0
Pike,D108,County Clerk,,,Under Votes,3,0,3,0,0
Pike,D108,County Clerk,,,Over Votes,0,0,0,0,0
Pike,D108,Sheriff,,,Rodney SCOTT,33,1,32,0,0
Pike,D108,Sheriff,,,Ellis McCOY,23,2,20,1,0
Pike,D108,Sheriff,,,Under Votes,4,0,4,0,0
Pike,D108,Sheriff,,,Over Votes,0,0,0,0,0
Pike,D108,Jailer,,,"Ronald ""Bubby"" SCOTT II.",18,1,17,0,0
Pike,D108,Jailer,,,Jeremy Todd MILLER,8,1,7,0,0
Pike,D108,Jailer,,,Perry Wayne HATFIELD,4,0,3,1,0
Pike,D108,Jailer,,,William A. WHITE,3,0,3,0,0
Pike,D108,Jailer,,,Ricky BOSTIC,19,1,18,0,0
Pike,D108,Jailer,,,John Jason FIELDS,4,0,4,0,0
Pike,D108,Jailer,,,Under Votes,4,0,4,0,0
Pike,D108,Jailer,,,Over Votes,0,0,0,0,0
Pike,D108,Coroner,,,Brenda JOHNSON,13,0,12,1,0
Pike,D108,Coroner,,,Kevin HALL,44,3,41,0,0
Pike,D108,Coroner,,,Under Votes,3,0,3,0,0
Pike,D108,Coroner,,,Over Votes,0,0,0,0,0
Pike,D108,Magistrate,,,Tony TAYLOR II.,14,0,13,1,0
Pike,D108,Magistrate,,,Kenneth Allen PRATER,8,0,8,0,0
Pike,D108,Magistrate,,,"Clinard ""Bubby"" ADKINS",33,3,30,0,0
Pike,D108,Magistrate,,,"Jeremy ""Bo"" ROBERTS",3,0,3,0,0
Pike,D108,Magistrate,,,Under Votes,2,0,2,0,0
Pike,D108,Magistrate,,,Over Votes,0,0,0,0,0
Pike,D108,Constable,,,Shannon Foster KEENE,18,0,18,0,0
Pike,D108,Constable,,,Keith MEADOWS,34,3,30,1,0
Pike,D108,Constable,,,Under Votes,8,0,8,0,0
Pike,D108,Constable,,,Over Votes,0,0,0,0,0
Pike,D108,U.S. Senate,,Democratic,Vincent Anthony THOMPSON,1,0,1,0,0
Pike,D108,U.S. Senate,,Democratic,Amy McGRATH,10,0,10,0,0
Pike,D108,U.S. Senate,,Democratic,Dale Lewis ROMANS,3,0,3,0,0
Pike,D108,U.S. Senate,,Democratic,Charles BOOKER,6,0,5,1,0
Pike,D108,U.S. Senate,,Democratic,Pamela STEVENSON,0,0,0,0,0
Pike,D108,U.S. Senate,,Democratic,Joshua BLANTON SR.,2,0,2,0,0
Pike,D108,U.S. Senate,,Democratic,Logan FORSYTHE,2,0,2,0,0
Pike,D108,U.S. Senate,,,Under Votes,0,0,0,0,0
Pike,D108,U.S. Senate,,,Over Votes,0,0,0,0,0
Pike,D109,U.S. Senate,,Republican,Daniel CAMERON,7,0,6,1,0
Pike,D109,U.S. Senate,,Republican,Jonathan M. HOLLIDAY,0,0,0,0,0
Pike,D109,U.S. Senate,,Republican,Andy BARR,16,1,15,0,0
Pike,D109,U.S. Senate,,Republican,Nate MORRIS,0,0,0,0,0
Pike,D109,U.S. Senate,,Republican,"Valerie ""Dr Val"" FREDRICK",0,0,0,0,0
Pike,D109,U.S. Senate,,Republican,A. Nick SHELLEY,0,0,0,0,0
Pike,D109,U.S. Senate,,Republican,James D. DUNCAN,0,0,0,0,0
Pike,D109,U.S. Senate,,Republican,Michael James FARIS,1,0,1,0,0
Pike,D109,U.S. Senate,,Republican,Anissa CATLETT,0,0,0,0,0
Pike,D109,U.S. Senate,,Republican,Other Donald WENZEL,0,0,0,0,0
Pike,D109,U.S. Senate,,Republican,Jimmy I. LEON,0,0,0,0,0
Pike,D109,U.S. Senate,,Republican,George WASHINGTON,2,0,1,1,0
Pike,D109,U.S. Senate,,,Under Votes,0,0,0,0,0
Pike,D109,U.S. Senate,,,Over Votes,0,0,0,0,0
Pike,D109,Ballots Cast,,,,42,,,,
Pike,D109,U.S. House,5,Republican,Kevin SMITH,4,0,4,0,0
Pike,D109,U.S. House,5,Republican,Benjamin HURLEY,2,0,1,1,0
Pike,D109,U.S. House,5,Republican,Hal ROGERS,18,1,16,1,0
Pike,D109,U.S. House,5,Republican,Jerry Lee SHELTON,0,0,0,0,0
Pike,D109,U.S. House,5,Republican,Brandon R. MONHOLLEN,1,0,1,0,0
Pike,D109,U.S. House,5,,Under Votes,1,0,1,0,0
Pike,D109,U.S. House,5,,Over Votes,0,0,0,0,0
Pike,D109,County Judge/Executive,,,Suzy Gibson SHEARER,12,1,11,0,0
Pike,D109,County Judge/Executive,,,Brian A. MORRIS,11,0,9,2,0
Pike,D109,County Judge/Executive,,,Under Votes,3,0,3,0,0
Pike,D109,County Judge/Executive,,,Over Votes,0,0,0,0,0
Pike,D109,County Clerk,,,Subrenia Thacker MOON,5,1,4,0,0
Pike,D109,County Clerk,,,Darrell PUGH,20,0,18,2,0
Pike,D109,County Clerk,,,Under Votes,1,0,1,0,0
Pike,D109,County Clerk,,,Over Votes,0,0,0,0,0
Pike,D109,Sheriff,,,Rodney SCOTT,18,0,16,2,0
Pike,D109,Sheriff,,,Ellis McCOY,8,1,7,0,0
Pike,D109,Sheriff,,,Under Votes,0,0,0,0,0
Pike,D109,Sheriff,,,Over Votes,0,0,0,0,0
Pike,D109,Jailer,,,"Ronald ""Bubby"" SCOTT II.",7,0,7,0,0
Pike,D109,Jailer,,,Jeremy Todd MILLER,3,0,3,0,0
Pike,D109,Jailer,,,Perry Wayne HATFIELD,1,0,1,0,0
Pike,D109,Jailer,,,William A. WHITE,10,0,8,2,0
Pike,D109,Jailer,,,Ricky BOSTIC,2,1,1,0,0
Pike,D109,Jailer,,,John Jason FIELDS,1,0,1,0,0
Pike,D109,Jailer,,,Under Votes,2,0,2,0,0
Pike,D109,Jailer,,,Over Votes,0,0,0,0,0
Pike,D109,Coroner,,,Brenda JOHNSON,6,1,4,1,0
Pike,D109,Coroner,,,Kevin HALL,20,0,19,1,0
Pike,D109,Coroner,,,Under Votes,0,0,0,0,0
Pike,D109,Coroner,,,Over Votes,0,0,0,0,0
Pike,D109,Magistrate,,,Tony TAYLOR II.,2,0,2,0,0
Pike,D109,Magistrate,,,Kenneth Allen PRATER,4,0,3,1,0
Pike,D109,Magistrate,,,"Clinard ""Bubby"" ADKINS",16,0,15,1,0
Pike,D109,Magistrate,,,"Jeremy ""Bo"" ROBERTS",4,1,3,0,0
Pike,D109,Magistrate,,,Under Votes,0,0,0,0,0
Pike,D109,Magistrate,,,Over Votes,0,0,0,0,0
Pike,D109,Constable,,,Shannon Foster KEENE,8,1,7,0,0
Pike,D109,Constable,,,Keith MEADOWS,15,0,13,2,0
Pike,D109,Constable,,,Under Votes,3,0,3,0,0
Pike,D109,Constable,,,Over Votes,0,0,0,0,0
Pike,D109,U.S. Senate,,Democratic,Vincent Anthony THOMPSON,2,1,0,1,0
Pike,D109,U.S. Senate,,Democratic,Amy McGRATH,8,4,4,0,0
Pike,D109,U.S. Senate,,Democratic,Dale Lewis ROMANS,0,0,0,0,0
Pike,D109,U.S. Senate,,Democratic,Charles BOOKER,2,0,2,0,0
Pike,D109,U.S. Senate,,Democratic,Pamela STEVENSON,0,0,0,0,0
Pike,D109,U.S. Senate,,Democratic,Joshua BLANTON SR.,2,0,2,0,0
Pike,D109,U.S. Senate,,Democratic,Logan FORSYTHE,2,0,2,0,0
Pike,D109,U.S. Senate,,,Under Votes,0,0,0,0,0
Pike,D109,U.S. Senate,,,Over Votes,0,0,0,0,0
Pike,D110,U.S. Senate,,Republican,Daniel CAMERON,12,1,11,0,0
Pike,D110,U.S. Senate,,Republican,Jonathan M. HOLLIDAY,0,0,0,0,0
Pike,D110,U.S. Senate,,Republican,Andy BARR,18,3,15,0,0
Pike,D110,U.S. Senate,,Republican,Nate MORRIS,5,0,2,3,0
Pike,D110,U.S. Senate,,Republican,"Valerie ""Dr Val"" FREDRICK",0,0,0,0,0
Pike,D110,U.S. Senate,,Republican,A. Nick SHELLEY,0,0,0,0,0
Pike,D110,U.S. Senate,,Republican,James D. DUNCAN,2,0,2,0,0
Pike,D110,U.S. Senate,,Republican,Michael James FARIS,5,1,4,0,0
Pike,D110,U.S. Senate,,Republican,Anissa CATLETT,1,0,1,0,0
Pike,D110,U.S. Senate,,Republican,Other Donald WENZEL,0,0,0,0,0
Pike,D110,U.S. Senate,,Republican,Jimmy I. LEON,0,0,0,0,0
Pike,D110,U.S. Senate,,Republican,George WASHINGTON,0,0,0,0,0
Pike,D110,U.S. Senate,,,Under Votes,2,0,2,0,0
Pike,D110,U.S. Senate,,,Over Votes,0,0,0,0,0
Pike,D110,Ballots Cast,,,,67,,,,
Pike,D110,U.S. House,5,Republican,Kevin SMITH,3,0,3,0,0
Pike,D110,U.S. House,5,Republican,Benjamin HURLEY,7,2,5,0,0
Pike,D110,U.S. House,5,Republican,Hal ROGERS,30,3,24,3,0
Pike,D110,U.S. House,5,Republican,Jerry Lee SHELTON,0,0,0,0,0
Pike,D110,U.S. House,5,Republican,Brandon R. MONHOLLEN,2,0,2,0,0
Pike,D110,U.S. House,5,,Under Votes,3,0,3,0,0
Pike,D110,U.S. House,5,,Over Votes,0,0,0,0,0
Pike,D110,County Judge/Executive,,,Suzy Gibson SHEARER,25,3,19,3,0
Pike,D110,County Judge/Executive,,,Brian A. MORRIS,20,2,18,0,0
Pike,D110,County Judge/Executive,,,Under Votes,0,0,0,0,0
Pike,D110,County Judge/Executive,,,Over Votes,0,0,0,0,0
Pike,D110,County Clerk,,,Subrenia Thacker MOON,6,1,5,0,0
Pike,D110,County Clerk,,,Darrell PUGH,37,4,30,3,0
Pike,D110,County Clerk,,,Under Votes,2,0,2,0,0
Pike,D110,County Clerk,,,Over Votes,0,0,0,0,0
Pike,D110,Sheriff,,,Rodney SCOTT,40,5,32,3,0
Pike,D110,Sheriff,,,Ellis McCOY,5,0,5,0,0
Pike,D110,Sheriff,,,Under Votes,0,0,0,0,0
Pike,D110,Sheriff,,,Over Votes,0,0,0,0,0
Pike,D110,Jailer,,,"Ronald ""Bubby"" SCOTT II.",9,2,7,0,0
Pike,D110,Jailer,,,Jeremy Todd MILLER,3,1,2,0,0
Pike,D110,Jailer,,,Perry Wayne HATFIELD,1,0,1,0,0
Pike,D110,Jailer,,,William A. WHITE,6,0,6,0,0
Pike,D110,Jailer,,,Ricky BOSTIC,23,1,19,3,0
Pike,D110,Jailer,,,John Jason FIELDS,1,0,1,0,0
Pike,D110,Jailer,,,Under Votes,2,1,1,0,0
Pike,D110,Jailer,,,Over Votes,0,0,0,0,0
Pike,D110,Coroner,,,Brenda JOHNSON,5,0,5,0,0
Pike,D110,Coroner,,,Kevin HALL,38,4,31,3,0
Pike,D110,Coroner,,,Under Votes,2,1,1,0,0
Pike,D110,Coroner,,,Over Votes,0,0,0,0,0
Pike,D110,Magistrate,,,Tony TAYLOR II.,10,2,8,0,0
Pike,D110,Magistrate,,,Kenneth Allen PRATER,5,0,5,0,0
Pike,D110,Magistrate,,,"Clinard ""Bubby"" ADKINS",20,3,17,0,0
Pike,D110,Magistrate,,,"Jeremy ""Bo"" ROBERTS",10,0,7,3,0
Pike,D110,Magistrate,,,Under Votes,0,0,0,0,0
Pike,D110,Magistrate,,,Over Votes,0,0,0,0,0
Pike,D110,Constable,,,Shannon Foster KEENE,14,1,13,0,0
Pike,D110,Constable,,,Keith MEADOWS,28,4,21,3,0
Pike,D110,Constable,,,Under Votes,3,0,3,0,0
Pike,D110,Constable,,,Over Votes,0,0,0,0,0
Pike,D110,U.S. Senate,,Democratic,Vincent Anthony THOMPSON,0,0,0,0,0
Pike,D110,U.S. Senate,,Democratic,Amy McGRATH,8,0,5,3,0
Pike,D110,U.S. Senate,,Democratic,Dale Lewis ROMANS,2,1,1,0,0
Pike,D110,U.S. Senate,,Democratic,Charles BOOKER,5,0,4,1,0
Pike,D110,U.S. Senate,,Democratic,Pamela STEVENSON,1,0,1,0,0
Pike,D110,U.S. Senate,,Democratic,Joshua BLANTON SR.,3,0,3,0,0
Pike,D110,U.S. Senate,,Democratic,Logan FORSYTHE,1,0,1,0,0
Pike,D110,U.S. Senate,,,Under Votes,2,0,2,0,0
Pike,D110,U.S. Senate,,,Over Votes,0,0,0,0,0
Pike,D111,U.S. Senate,,Republican,Daniel CAMERON,27,5,22,0,0
Pike,D111,U.S. Senate,,Republican,Jonathan M. HOLLIDAY,1,0,1,0,0
Pike,D111,U.S. Senate,,Republican,Andy BARR,87,7,75,5,0
Pike,D111,U.S. Senate,,Republican,Nate MORRIS,8,0,7,1,0
Pike,D111,U.S. Senate,,Republican,"Valerie ""Dr Val"" FREDRICK",3,0,3,0,0
Pike,D111,U.S. Senate,,Republican,A. Nick SHELLEY,1,0,1,0,0
Pike,D111,U.S. Senate,,Republican,James D. DUNCAN,0,0,0,0,0
Pike,D111,U.S. Senate,,Republican,Michael James FARIS,3,0,3,0,0
Pike,D111,U.S. Senate,,Republican,Anissa CATLETT,1,0,1,0,0
Pike,D111,U.S. Senate,,Republican,Other Donald WENZEL,0,0,0,0,0
Pike,D111,U.S. Senate,,Republican,Jimmy I. LEON,0,0,0,0,0
Pike,D111,U.S. Senate,,Republican,George WASHINGTON,1,0,1,0,0
Pike,D111,U.S. Senate,,,Under Votes,1,0,1,0,0
Pike,D111,U.S. Senate,,,Over Votes,0,0,0,0,0
Pike,D111,Ballots Cast,,,,213,,,,
Pike,D111,U.S. House,5,Republican,Kevin SMITH,16,1,15,0,0
Pike,D111,U.S. House,5,Republican,Benjamin HURLEY,11,1,10,0,0
Pike,D111,U.S. House,5,Republican,Hal ROGERS,101,10,85,6,0
Pike,D111,U.S. House,5,Republican,Jerry Lee SHELTON,2,0,2,0,0
Pike,D111,U.S. House,5,Republican,Brandon R. MONHOLLEN,1,0,1,0,0
Pike,D111,U.S. House,5,,Under Votes,2,0,2,0,0
Pike,D111,U.S. House,5,,Over Votes,0,0,0,0,0
Pike,D111,County Judge/Executive,,,Suzy Gibson SHEARER,58,0,55,3,0
Pike,D111,County Judge/Executive,,,Brian A. MORRIS,70,12,55,3,0
Pike,D111,County Judge/Executive,,,Under Votes,5,0,5,0,0
Pike,D111,County Judge/Executive,,,Over Votes,0,0,0,0,0
Pike,D111,County Clerk,,,Subrenia Thacker MOON,24,1,22,1,0
Pike,D111,County Clerk,,,Darrell PUGH,102,11,86,5,0
Pike,D111,County Clerk,,,Under Votes,7,0,7,0,0
Pike,D111,County Clerk,,,Over Votes,0,0,0,0,0
Pike,D111,Sheriff,,,Rodney SCOTT,92,10,77,5,0
Pike,D111,Sheriff,,,Ellis McCOY,38,2,35,1,0
Pike,D111,Sheriff,,,Under Votes,3,0,3,0,0
Pike,D111,Sheriff,,,Over Votes,0,0,0,0,0
Pike,D111,Jailer,,,"Ronald ""Bubby"" SCOTT II.",34,1,33,0,0
Pike,D111,Jailer,,,Jeremy Todd MILLER,42,3,37,2,0
Pike,D111,Jailer,,,Perry Wayne HATFIELD,1,1,0,0,0
Pike,D111,Jailer,,,William A. WHITE,13,1,9,3,0
Pike,D111,Jailer,,,Ricky BOSTIC,26,5,21,0,0
Pike,D111,Jailer,,,John Jason FIELDS,4,0,3,1,0
Pike,D111,Jailer,,,Under Votes,13,1,12,0,0
Pike,D111,Jailer,,,Over Votes,0,0,0,0,0
Pike,D111,Coroner,,,Brenda JOHNSON,21,1,19,1,0
Pike,D111,Coroner,,,Kevin HALL,107,11,91,5,0
Pike,D111,Coroner,,,Under Votes,5,0,5,0,0
Pike,D111,Coroner,,,Over Votes,0,0,0,0,0
Pike,D111,Magistrate,,,Tony TAYLOR II.,13,1,12,0,0
Pike,D111,Magistrate,,,Kenneth Allen PRATER,29,5,24,0,0
Pike,D111,Magistrate,,,"Clinard ""Bubby"" ADKINS",34,0,33,1,0
Pike,D111,Magistrate,,,"Jeremy ""Bo"" ROBERTS",55,6,44,5,0
Pike,D111,Magistrate,,,Under Votes,2,0,2,0,0
Pike,D111,Magistrate,,,Over Votes,0,0,0,0,0
Pike,D111,Constable,,,Shannon Foster KEENE,34,5,28,1,0
Pike,D111,Constable,,,Keith MEADOWS,82,6,71,5,0
Pike,D111,Constable,,,Under Votes,17,1,16,0,0
Pike,D111,Constable,,,Over Votes,0,0,0,0,0
Pike,D111,U.S. Senate,,Democratic,Vincent Anthony THOMPSON,0,0,0,0,0
Pike,D111,U.S. Senate,,Democratic,Amy McGRATH,37,5,31,1,0
Pike,D111,U.S. Senate,,Democratic,Dale Lewis ROMANS,2,0,2,0,0
Pike,D111,U.S. Senate,,Democratic,Charles BOOKER,34,5,25,4,0
Pike,D111,U.S. Senate,,Democratic,Pamela STEVENSON,4,0,4,0,0
Pike,D111,U.S. Senate,,Democratic,Joshua BLANTON SR.,0,0,0,0,0
Pike,D111,U.S. Senate,,Democratic,Logan FORSYTHE,3,1,2,0,0
Pike,D111,U.S. Senate,,,Under Votes,0,0,0,0,0
Pike,D111,U.S. Senate,,,Over Votes,0,0,0,0,0
Pike,D112,U.S. Senate,,Republican,Daniel CAMERON,6,0,6,0,0
Pike,D112,U.S. Senate,,Republican,Jonathan M. HOLLIDAY,0,0,0,0,0
Pike,D112,U.S. Senate,,Republican,Andy BARR,31,0,31,0,0
Pike,D112,U.S. Senate,,Republican,Nate MORRIS,1,0,1,0,0
Pike,D112,U.S. Senate,,Republican,"Valerie ""Dr Val"" FREDRICK",1,0,1,0,0
Pike,D112,U.S. Senate,,Republican,A. Nick SHELLEY,0,0,0,0,0
Pike,D112,U.S. Senate,,Republican,James D. DUNCAN,0,0,0,0,0
Pike,D112,U.S. Senate,,Republican,Michael James FARIS,0,0,0,0,0
Pike,D112,U.S. Senate,,Republican,Anissa CATLETT,0,0,0,0,0
Pike,D112,U.S. Senate,,Republican,Other Donald WENZEL,0,0,0,0,0
Pike,D112,U.S. Senate,,Republican,Jimmy I. LEON,0,0,0,0,0
Pike,D112,U.S. Senate,,Republican,George WASHINGTON,1,0,1,0,0
Pike,D112,U.S. Senate,,,Under Votes,0,0,0,0,0
Pike,D112,U.S. Senate,,,Over Votes,0,0,0,0,0
Pike,D112,Ballots Cast,,,,57,,,,
Pike,D112,U.S. House,5,Republican,Kevin SMITH,1,0,1,0,0
Pike,D112,U.S. House,5,Republican,Benjamin HURLEY,3,0,3,0,0
Pike,D112,U.S. House,5,Republican,Hal ROGERS,35,0,35,0,0
Pike,D112,U.S. House,5,Republican,Jerry Lee SHELTON,0,0,0,0,0
Pike,D112,U.S. House,5,Republican,Brandon R. MONHOLLEN,0,0,0,0,0
Pike,D112,U.S. House,5,,Under Votes,1,0,1,0,0
Pike,D112,U.S. House,5,,Over Votes,0,0,0,0,0
Pike,D112,County Judge/Executive,,,Suzy Gibson SHEARER,17,0,17,0,0
Pike,D112,County Judge/Executive,,,Brian A. MORRIS,23,0,23,0,0
Pike,D112,County Judge/Executive,,,Under Votes,0,0,0,0,0
Pike,D112,County Judge/Executive,,,Over Votes,0,0,0,0,0
Pike,D112,County Clerk,,,Subrenia Thacker MOON,8,0,8,0,0
Pike,D112,County Clerk,,,Darrell PUGH,32,0,32,0,0
Pike,D112,County Clerk,,,Under Votes,0,0,0,0,0
Pike,D112,County Clerk,,,Over Votes,0,0,0,0,0
Pike,D112,Sheriff,,,Rodney SCOTT,36,0,36,0,0
Pike,D112,Sheriff,,,Ellis McCOY,4,0,4,0,0
Pike,D112,Sheriff,,,Under Votes,0,0,0,0,0
Pike,D112,Sheriff,,,Over Votes,0,0,0,0,0
Pike,D112,Jailer,,,"Ronald ""Bubby"" SCOTT II.",12,0,12,0,0
Pike,D112,Jailer,,,Jeremy Todd MILLER,13,0,13,0,0
Pike,D112,Jailer,,,Perry Wayne HATFIELD,0,0,0,0,0
Pike,D112,Jailer,,,William A. WHITE,0,0,0,0,0
Pike,D112,Jailer,,,Ricky BOSTIC,12,0,12,0,0
Pike,D112,Jailer,,,John Jason FIELDS,1,0,1,0,0
Pike,D112,Jailer,,,Under Votes,2,0,2,0,0
Pike,D112,Jailer,,,Over Votes,0,0,0,0,0
Pike,D112,Coroner,,,Brenda JOHNSON,6,0,6,0,0
Pike,D112,Coroner,,,Kevin HALL,33,0,33,0,0
Pike,D112,Coroner,,,Under Votes,1,0,1,0,0
Pike,D112,Coroner,,,Over Votes,0,0,0,0,0
Pike,D112,Magistrate,,,Tony TAYLOR II.,8,0,8,0,0
Pike,D112,Magistrate,,,Kenneth Allen PRATER,4,0,4,0,0
Pike,D112,Magistrate,,,"Clinard ""Bubby"" ADKINS",17,0,17,0,0
Pike,D112,Magistrate,,,"Jeremy ""Bo"" ROBERTS",11,0,11,0,0
Pike,D112,Magistrate,,,Under Votes,0,0,0,0,0
Pike,D112,Magistrate,,,Over Votes,0,0,0,0,0
Pike,D112,Constable,,,Shannon Foster KEENE,26,0,26,0,0
Pike,D112,Constable,,,Keith MEADOWS,13,0,13,0,0
Pike,D112,Constable,,,Under Votes,1,0,1,0,0
Pike,D112,Constable,,,Over Votes,0,0,0,0,0
Pike,D112,U.S. Senate,,Democratic,Vincent Anthony THOMPSON,0,0,0,0,0
Pike,D112,U.S. Senate,,Democratic,Amy McGRATH,7,0,7,0,0
Pike,D112,U.S. Senate,,Democratic,Dale Lewis ROMANS,0,0,0,0,0
Pike,D112,U.S. Senate,,Democratic,Charles BOOKER,5,0,5,0,0
Pike,D112,U.S. Senate,,Democratic,Pamela STEVENSON,1,0,1,0,0
Pike,D112,U.S. Senate,,Democratic,Joshua BLANTON SR.,2,0,2,0,0
Pike,D112,U.S. Senate,,Democratic,Logan FORSYTHE,2,0,2,0,0
Pike,D112,U.S. Senate,,,Under Votes,0,0,0,0,0
Pike,D112,U.S. Senate,,,Over Votes,0,0,0,0,0
Pike,D113,U.S. Senate,,Republican,Daniel CAMERON,6,0,6,0,0
Pike,D113,U.S. Senate,,Republican,Jonathan M. HOLLIDAY,0,0,0,0,0
Pike,D113,U.S. Senate,,Republican,Andy BARR,18,2,16,0,0
Pike,D113,U.S. Senate,,Republican,Nate MORRIS,1,0,1,0,0
Pike,D113,U.S. Senate,,Republican,"Valerie ""Dr Val"" FREDRICK",0,0,0,0,0
Pike,D113,U.S. Senate,,Republican,A. Nick SHELLEY,0,0,0,0,0
Pike,D113,U.S. Senate,,Republican,James D. DUNCAN,0,0,0,0,0
Pike,D113,U.S. Senate,,Republican,Michael James FARIS,1,1,0,0,0
Pike,D113,U.S. Senate,,Republican,Anissa CATLETT,0,0,0,0,0
Pike,D113,U.S. Senate,,Republican,Other Donald WENZEL,0,0,0,0,0
Pike,D113,U.S. Senate,,Republican,Jimmy I. LEON,0,0,0,0,0
Pike,D113,U.S. Senate,,Republican,George WASHINGTON,0,0,0,0,0
Pike,D113,U.S. Senate,,,Under Votes,0,0,0,0,0
Pike,D113,U.S. Senate,,,Over Votes,0,0,0,0,0
Pike,D113,Ballots Cast,,,,41,,,,
Pike,D113,U.S. House,5,Republican,Kevin SMITH,2,0,2,0,0
Pike,D113,U.S. House,5,Republican,Benjamin HURLEY,2,0,2,0,0
Pike,D113,U.S. House,5,Republican,Hal ROGERS,19,3,16,0,0
Pike,D113,U.S. House,5,Republican,Jerry Lee SHELTON,1,0,1,0,0
Pike,D113,U.S. House,5,Republican,Brandon R. MONHOLLEN,0,0,0,0,0
Pike,D113,U.S. House,5,,Under Votes,2,0,2,0,0
Pike,D113,U.S. House,5,,Over Votes,0,0,0,0,0
Pike,D113,County Judge/Executive,,,Suzy Gibson SHEARER,9,2,7,0,0
Pike,D113,County Judge/Executive,,,Brian A. MORRIS,14,1,13,0,0
Pike,D113,County Judge/Executive,,,Under Votes,3,0,3,0,0
Pike,D113,County Judge/Executive,,,Over Votes,0,0,0,0,0
Pike,D113,County Clerk,,,Subrenia Thacker MOON,2,1,1,0,0
Pike,D113,County Clerk,,,Darrell PUGH,24,2,22,0,0
Pike,D113,County Clerk,,,Under Votes,0,0,0,0,0
Pike,D113,County Clerk,,,Over Votes,0,0,0,0,0
Pike,D113,Sheriff,,,Rodney SCOTT,18,2,16,0,0
Pike,D113,Sheriff,,,Ellis McCOY,7,1,6,0,0
Pike,D113,Sheriff,,,Under Votes,1,0,1,0,0
Pike,D113,Sheriff,,,Over Votes,0,0,0,0,0
Pike,D113,Jailer,,,"Ronald ""Bubby"" SCOTT II.",5,0,5,0,0
Pike,D113,Jailer,,,Jeremy Todd MILLER,12,2,10,0,0
Pike,D113,Jailer,,,Perry Wayne HATFIELD,0,0,0,0,0
Pike,D113,Jailer,,,William A. WHITE,0,0,0,0,0
Pike,D113,Jailer,,,Ricky BOSTIC,8,1,7,0,0
Pike,D113,Jailer,,,John Jason FIELDS,0,0,0,0,0
Pike,D113,Jailer,,,Under Votes,1,0,1,0,0
Pike,D113,Jailer,,,Over Votes,0,0,0,0,0
Pike,D113,Coroner,,,Brenda JOHNSON,3,0,3,0,0
Pike,D113,Coroner,,,Kevin HALL,23,3,20,0,0
Pike,D113,Coroner,,,Under Votes,0,0,0,0,0
Pike,D113,Coroner,,,Over Votes,0,0,0,0,0
Pike,D113,Magistrate,,,Tony TAYLOR II.,5,2,3,0,0
Pike,D113,Magistrate,,,Kenneth Allen PRATER,2,0,2,0,0
Pike,D113,Magistrate,,,"Clinard ""Bubby"" ADKINS",6,0,6,0,0
Pike,D113,Magistrate,,,"Jeremy ""Bo"" ROBERTS",13,1,12,0,0
Pike,D113,Magistrate,,,Under Votes,0,0,0,0,0
Pike,D113,Magistrate,,,Over Votes,0,0,0,0,0
Pike,D113,Constable,,,Shannon Foster KEENE,8,1,7,0,0
Pike,D113,Constable,,,Keith MEADOWS,15,2,13,0,0
Pike,D113,Constable,,,Under Votes,3,0,3,0,0
Pike,D113,Constable,,,Over Votes,0,0,0,0,0
Pike,D113,U.S. Senate,,Democratic,Vincent Anthony THOMPSON,1,0,1,0,0
Pike,D113,U.S. Senate,,Democratic,Amy McGRATH,6,0,6,0,0
Pike,D113,U.S. Senate,,Democratic,Dale Lewis ROMANS,0,0,0,0,0
Pike,D113,U.S. Senate,,Democratic,Charles BOOKER,7,2,5,0,0
Pike,D113,U.S. Senate,,Democratic,Pamela STEVENSON,1,0,1,0,0
Pike,D113,U.S. Senate,,Democratic,Joshua BLANTON SR.,0,0,0,0,0
Pike,D113,U.S. Senate,,Democratic,Logan FORSYTHE,0,0,0,0,0
Pike,D113,U.S. Senate,,,Under Votes,0,0,0,0,0
Pike,D113,U.S. Senate,,,Over Votes,0,0,0,0,0
Pike,E101,U.S. Senate,,Republican,Daniel CAMERON,38,11,26,1,0
Pike,E101,U.S. Senate,,Republican,Jonathan M. HOLLIDAY,0,0,0,0,0
Pike,E101,U.S. Senate,,Republican,Andy BARR,81,16,59,5,1
Pike,E101,U.S. Senate,,Republican,Nate MORRIS,6,0,6,0,0
Pike,E101,U.S. Senate,,Republican,"Valerie ""Dr Val"" FREDRICK",1,0,1,0,0
Pike,E101,U.S. Senate,,Republican,A. Nick SHELLEY,0,0,0,0,0
Pike,E101,U.S. Senate,,Republican,James D. DUNCAN,0,0,0,0,0
Pike,E101,U.S. Senate,,Republican,Michael James FARIS,6,1,5,0,0
Pike,E101,U.S. Senate,,Republican,Anissa CATLETT,1,0,1,0,0
Pike,E101,U.S. Senate,,Republican,Other Donald WENZEL,0,0,0,0,0
Pike,E101,U.S. Senate,,Republican,Jimmy I. LEON,1,0,1,0,0
Pike,E101,U.S. Senate,,Republican,George WASHINGTON,1,1,0,0,0
Pike,E101,U.S. Senate,,,Under Votes,17,2,15,0,0
Pike,E101,U.S. Senate,,,Over Votes,0,0,0,0,0
Pike,E101,Ballots Cast,,,,248,,,,
Pike,E101,U.S. House,5,Republican,Kevin SMITH,2,0,2,0,0
Pike,E101,U.S. House,5,Republican,Benjamin HURLEY,86,20,63,3,0
Pike,E101,U.S. House,5,Republican,Hal ROGERS,52,8,40,3,1
Pike,E101,U.S. House,5,Republican,Jerry Lee SHELTON,1,0,1,0,0
Pike,E101,U.S. House,5,Republican,Brandon R. MONHOLLEN,4,0,4,0,0
Pike,E101,U.S. House,5,,Under Votes,7,3,4,0,0
Pike,E101,U.S. House,5,,Over Votes,0,0,0,0,0
Pike,E101,County Judge/Executive,,,Suzy Gibson SHEARER,80,15,59,6,0
Pike,E101,County Judge/Executive,,,Brian A. MORRIS,63,11,51,0,1
Pike,E101,County Judge/Executive,,,Under Votes,9,5,4,0,0
Pike,E101,County Judge/Executive,,,Over Votes,0,0,0,0,0
Pike,E101,County Clerk,,,Subrenia Thacker MOON,52,9,41,2,0
Pike,E101,County Clerk,,,Darrell PUGH,90,19,66,4,1
Pike,E101,County Clerk,,,Under Votes,10,3,7,0,0
Pike,E101,County Clerk,,,Over Votes,0,0,0,0,0
Pike,E101,Sheriff,,,Rodney SCOTT,91,15,71,4,1
Pike,E101,Sheriff,,,Ellis McCOY,53,12,40,1,0
Pike,E101,Sheriff,,,Under Votes,7,4,2,1,0
Pike,E101,Sheriff,,,Over Votes,1,0,1,0,0
Pike,E101,Jailer,,,"Ronald ""Bubby"" SCOTT II.",52,11,39,2,0
Pike,E101,Jailer,,,Jeremy Todd MILLER,6,1,5,0,0
Pike,E101,Jailer,,,Perry Wayne HATFIELD,9,1,7,1,0
Pike,E101,Jailer,,,William A. WHITE,3,1,0,2,0
Pike,E101,Jailer,,,Ricky BOSTIC,55,9,46,0,0
Pike,E101,Jailer,,,John Jason FIELDS,12,4,8,0,0
Pike,E101,Jailer,,,Under Votes,15,4,9,1,1
Pike,E101,Jailer,,,Over Votes,0,0,0,0,0
Pike,E101,Coroner,,,Brenda JOHNSON,34,7,24,3,0
Pike,E101,Coroner,,,Kevin HALL,97,18,75,3,1
Pike,E101,Coroner,,,Under Votes,21,6,15,0,0
Pike,E101,Coroner,,,Over Votes,0,0,0,0,0
Pike,E101,Magistrate,,,Sammy WILSON,16,2,13,1,0
Pike,E101,Magistrate,,,Joshua MAYHORN,53,12,38,2,1
Pike,E101,Magistrate,,,Laveta Pearl SLONE,4,0,4,0,0
Pike,E101,Magistrate,,,Thomas W. DAVIS,54,11,41,2,0
Pike,E101,Magistrate,,,Benjamin Eric HURLEY,18,5,12,1,0
Pike,E101,Magistrate,,,Under Votes,5,1,4,0,0
Pike,E101,Magistrate,,,Over Votes,2,0,2,0,0
Pike,E101,Constable,,,"Gary ""C. J."" TOMLIN",49,12,34,3,0
Pike,E101,Constable,,,Troy FRAZIER,80,14,63,3,0
Pike,E101,Constable,,,Under Votes,23,5,17,0,1
Pike,E101,Constable,,,Over Votes,0,0,0,0,0
Pike,E101,U.S. Senate,,Democratic,Vincent Anthony THOMPSON,5,1,4,0,0
Pike,E101,U.S. Senate,,Democratic,Amy McGRATH,38,7,30,1,0
Pike,E101,U.S. Senate,,Democratic,Dale Lewis ROMANS,2,0,2,0,0
Pike,E101,U.S. Senate,,Democratic,Charles BOOKER,17,1,14,2,0
Pike,E101,U.S. Senate,,Democratic,Pamela STEVENSON,9,2,7,0,0
Pike,E101,U.S. Senate,,Democratic,Joshua BLANTON SR.,5,0,5,0,0
Pike,E101,U.S. Senate,,Democratic,Logan FORSYTHE,0,0,0,0,0
Pike,E101,U.S. Senate,,,Under Votes,20,5,15,0,0
Pike,E101,U.S. Senate,,,Over Votes,0,0,0,0,0
Pike,E101,Magistrate,,,Harold JUSTICE,31,2,28,1,0
Pike,E101,Magistrate,,,Hilman DOTSON,61,13,46,2,0
Pike,E101,Magistrate,,,Under Votes,4,1,3,0,0
Pike,E101,Magistrate,,,Over Votes,0,0,0,0,0
Pike,E101,Constable,,,"C. ""Mikey"" DANIELS",37,4,32,1,0
Pike,E101,Constable,,,Harold PRATER,53,10,41,2,0
Pike,E101,Constable,,,Under Votes,6,2,4,0,0
Pike,E101,Constable,,,Over Votes,0,0,0,0,0
Pike,E102,U.S. Senate,,Republican,Daniel CAMERON,28,0,28,0,0
Pike,E102,U.S. Senate,,Republican,Jonathan M. HOLLIDAY,0,0,0,0,0
Pike,E102,U.S. Senate,,Republican,Andy BARR,51,4,47,0,0
Pike,E102,U.S. Senate,,Republican,Nate MORRIS,8,2,6,0,0
Pike,E102,U.S. Senate,,Republican,"Valerie ""Dr Val"" FREDRICK",1,0,1,0,0
Pike,E102,U.S. Senate,,Republican,A. Nick SHELLEY,0,0,0,0,0
Pike,E102,U.S. Senate,,Republican,James D. DUNCAN,2,0,2,0,0
Pike,E102,U.S. Senate,,Republican,Michael James FARIS,1,0,0,0,1
Pike,E102,U.S. Senate,,Republican,Anissa CATLETT,1,0,1,0,0
Pike,E102,U.S. Senate,,Republican,Other Donald WENZEL,0,0,0,0,0
Pike,E102,U.S. Senate,,Republican,Jimmy I. LEON,0,0,0,0,0
Pike,E102,U.S. Senate,,Republican,George WASHINGTON,1,0,1,0,0
Pike,E102,U.S. Senate,,,Under Votes,9,0,9,0,0
Pike,E102,U.S. Senate,,,Over Votes,0,0,0,0,0
Pike,E102,Ballots Cast,,,,144,,,,
Pike,E102,U.S. House,5,Republican,Kevin SMITH,9,0,9,0,0
Pike,E102,U.S. House,5,Republican,Benjamin HURLEY,22,0,21,0,1
Pike,E102,U.S. House,5,Republican,Hal ROGERS,69,6,63,0,0
Pike,E102,U.S. House,5,Republican,Jerry Lee SHELTON,0,0,0,0,0
Pike,E102,U.S. House,5,Republican,Brandon R. MONHOLLEN,0,0,0,0,0
Pike,E102,U.S. House,5,,Under Votes,2,0,2,0,0
Pike,E102,U.S. House,5,,Over Votes,0,0,0,0,0
Pike,E102,County Judge/Executive,,,Suzy Gibson SHEARER,33,0,33,0,0
Pike,E102,County Judge/Executive,,,Brian A. MORRIS,67,6,60,0,1
Pike,E102,County Judge/Executive,,,Under Votes,2,0,2,0,0
Pike,E102,County Judge/Executive,,,Over Votes,0,0,0,0,0
Pike,E102,County Clerk,,,Subrenia Thacker MOON,41,0,41,0,0
Pike,E102,County Clerk,,,Darrell PUGH,54,6,47,0,1
Pike,E102,County Clerk,,,Under Votes,7,0,7,0,0
Pike,E102,County Clerk,,,Over Votes,0,0,0,0,0
Pike,E102,Sheriff,,,Rodney SCOTT,50,5,45,0,0
Pike,E102,Sheriff,,,Ellis McCOY,51,1,49,0,1
Pike,E102,Sheriff,,,Under Votes,1,0,1,0,0
Pike,E102,Sheriff,,,Over Votes,0,0,0,0,0
Pike,E102,Jailer,,,"Ronald ""Bubby"" SCOTT II.",10,0,10,0,0
Pike,E102,Jailer,,,Jeremy Todd MILLER,14,1,13,0,0
Pike,E102,Jailer,,,Perry Wayne HATFIELD,41,0,40,0,1
Pike,E102,Jailer,,,William A. WHITE,2,1,1,0,0
Pike,E102,Jailer,,,Ricky BOSTIC,27,4,23,0,0
Pike,E102,Jailer,,,John Jason FIELDS,2,0,2,0,0
Pike,E102,Jailer,,,Under Votes,6,0,6,0,0
Pike,E102,Jailer,,,Over Votes,0,0,0,0,0
Pike,E102,Coroner,,,Brenda JOHNSON,18,0,18,0,0
Pike,E102,Coroner,,,Kevin HALL,74,6,67,0,1
Pike,E102,Coroner,,,Under Votes,10,0,10,0,0
Pike,E102,Coroner,,,Over Votes,0,0,0,0,0
Pike,E102,Magistrate,,,Sammy WILSON,7,0,7,0,0
Pike,E102,Magistrate,,,Joshua MAYHORN,42,4,37,0,1
Pike,E102,Magistrate,,,Laveta Pearl SLONE,4,0,4,0,0
Pike,E102,Magistrate,,,Thomas W. DAVIS,27,2,25,0,0
Pike,E102,Magistrate,,,Benjamin Eric HURLEY,13,0,13,0,0
Pike,E102,Magistrate,,,Under Votes,9,0,9,0,0
Pike,E102,Magistrate,,,Over Votes,0,0,0,0,0
Pike,E102,Constable,,,"Gary ""C. J."" TOMLIN",47,3,43,0,1
Pike,E102,Constable,,,Troy FRAZIER,33,1,32,0,0
Pike,E102,Constable,,,Under Votes,22,2,20,0,0
Pike,E102,Constable,,,Over Votes,0,0,0,0,0
Pike,E102,U.S. Senate,,Democratic,Vincent Anthony THOMPSON,10,0,10,0,0
Pike,E102,U.S. Senate,,Democratic,Amy McGRATH,14,0,14,0,0
Pike,E102,U.S. Senate,,Democratic,Dale Lewis ROMANS,2,0,2,0,0
Pike,E102,U.S. Senate,,Democratic,Charles BOOKER,6,0,6,0,0
Pike,E102,U.S. Senate,,Democratic,Pamela STEVENSON,2,0,2,0,0
Pike,E102,U.S. Senate,,Democratic,Joshua BLANTON SR.,0,0,0,0,0
Pike,E102,U.S. Senate,,Democratic,Logan FORSYTHE,1,0,1,0,0
Pike,E102,U.S. Senate,,,Under Votes,7,0,7,0,0
Pike,E102,U.S. Senate,,,Over Votes,0,0,0,0,0
Pike,E102,Magistrate,,,Harold JUSTICE,10,0,10,0,0
Pike,E102,Magistrate,,,Hilman DOTSON,27,0,27,0,0
Pike,E102,Magistrate,,,Under Votes,5,0,5,0,0
Pike,E102,Magistrate,,,Over Votes,0,0,0,0,0
Pike,E102,Constable,,,"C. ""Mikey"" DANIELS",6,0,6,0,0
Pike,E102,Constable,,,Harold PRATER,31,0,31,0,0
Pike,E102,Constable,,,Under Votes,5,0,5,0,0
Pike,E102,Constable,,,Over Votes,0,0,0,0,0
Pike,E103,U.S. Senate,,Republican,Daniel CAMERON,66,7,58,0,1
Pike,E103,U.S. Senate,,Republican,Jonathan M. HOLLIDAY,4,1,3,0,0
Pike,E103,U.S. Senate,,Republican,Andy BARR,109,3,103,3,0
Pike,E103,U.S. Senate,,Republican,Nate MORRIS,18,2,14,2,0
Pike,E103,U.S. Senate,,Republican,"Valerie ""Dr Val"" FREDRICK",2,0,2,0,0
Pike,E103,U.S. Senate,,Republican,A. Nick SHELLEY,1,0,1,0,0
Pike,E103,U.S. Senate,,Republican,James D. DUNCAN,1,0,1,0,0
Pike,E103,U.S. Senate,,Republican,Michael James FARIS,2,1,1,0,0
Pike,E103,U.S. Senate,,Republican,Anissa CATLETT,0,0,0,0,0
Pike,E103,U.S. Senate,,Republican,Other Donald WENZEL,0,0,0,0,0
Pike,E103,U.S. Senate,,Republican,Jimmy I. LEON,1,0,1,0,0
Pike,E103,U.S. Senate,,Republican,George WASHINGTON,5,1,4,0,0
Pike,E103,U.S. Senate,,,Under Votes,17,1,16,0,0
Pike,E103,U.S. Senate,,,Over Votes,0,0,0,0,0
Pike,E103,Ballots Cast,,,,350,,,,
Pike,E103,U.S. House,5,Republican,Kevin SMITH,15,0,15,0,0
Pike,E103,U.S. House,5,Republican,Benjamin HURLEY,76,7,67,1,1
Pike,E103,U.S. House,5,Republican,Hal ROGERS,111,7,100,4,0
Pike,E103,U.S. House,5,Republican,Jerry Lee SHELTON,4,0,4,0,0
Pike,E103,U.S. House,5,Republican,Brandon R. MONHOLLEN,3,0,3,0,0
Pike,E103,U.S. House,5,,Under Votes,16,2,14,0,0
Pike,E103,U.S. House,5,,Over Votes,1,0,1,0,0
Pike,E103,County Judge/Executive,,,Suzy Gibson SHEARER,129,7,118,3,1
Pike,E103,County Judge/Executive,,,Brian A. MORRIS,95,9,84,2,0
Pike,E103,County Judge/Executive,,,Under Votes,1,0,1,0,0
Pike,E103,County Judge/Executive,,,Over Votes,1,0,1,0,0
Pike,E103,County Clerk,,,Subrenia Thacker MOON,78,5,72,0,1
Pike,E103,County Clerk,,,Darrell PUGH,139,10,124,5,0
Pike,E103,County Clerk,,,Under Votes,9,1,8,0,0
Pike,E103,County Clerk,,,Over Votes,0,0,0,0,0
Pike,E103,Sheriff,,,Rodney SCOTT,152,9,138,4,1
Pike,E103,Sheriff,,,Ellis McCOY,67,7,59,1,0
Pike,E103,Sheriff,,,Under Votes,7,0,7,0,0
Pike,E103,Sheriff,,,Over Votes,0,0,0,0,0
Pike,E103,Jailer,,,"Ronald ""Bubby"" SCOTT II.",61,5,53,3,0
Pike,E103,Jailer,,,Jeremy Todd MILLER,9,2,7,0,0
Pike,E103,Jailer,,,Perry Wayne HATFIELD,4,1,3,0,0
Pike,E103,Jailer,,,William A. WHITE,10,2,8,0,0
Pike,E103,Jailer,,,Ricky BOSTIC,129,6,121,1,1
Pike,E103,Jailer,,,John Jason FIELDS,6,0,5,1,0
Pike,E103,Jailer,,,Under Votes,5,0,5,0,0
Pike,E103,Jailer,,,Over Votes,2,0,2,0,0
Pike,E103,Coroner,,,Brenda JOHNSON,48,2,44,1,1
Pike,E103,Coroner,,,Kevin HALL,164,10,150,4,0
Pike,E103,Coroner,,,Under Votes,14,4,10,0,0
Pike,E103,Coroner,,,Over Votes,0,0,0,0,0
Pike,E103,Magistrate,,,Sammy WILSON,55,6,49,0,0
Pike,E103,Magistrate,,,Joshua MAYHORN,43,2,38,3,0
Pike,E103,Magistrate,,,Laveta Pearl SLONE,46,0,44,1,1
Pike,E103,Magistrate,,,Thomas W. DAVIS,55,5,49,1,0
Pike,E103,Magistrate,,,Benjamin Eric HURLEY,15,2,13,0,0
Pike,E103,Magistrate,,,Under Votes,11,1,10,0,0
Pike,E103,Magistrate,,,Over Votes,1,0,1,0,0
Pike,E103,Constable,,,"Gary ""C. J."" TOMLIN",122,6,111,4,1
Pike,E103,Constable,,,Troy FRAZIER,73,7,65,1,0
Pike,E103,Constable,,,Under Votes,31,3,28,0,0
Pike,E103,Constable,,,Over Votes,0,0,0,0,0
Pike,E103,U.S. Senate,,Democratic,Vincent Anthony THOMPSON,4,0,4,0,0
Pike,E103,U.S. Senate,,Democratic,Amy McGRATH,37,6,31,0,0
Pike,E103,U.S. Senate,,Democratic,Dale Lewis ROMANS,4,0,4,0,0
Pike,E103,U.S. Senate,,Democratic,Charles BOOKER,30,3,26,1,0
Pike,E103,U.S. Senate,,Democratic,Pamela STEVENSON,4,0,4,0,0
Pike,E103,U.S. Senate,,Democratic,Joshua BLANTON SR.,9,0,9,0,0
Pike,E103,U.S. Senate,,Democratic,Logan FORSYTHE,9,1,8,0,0
Pike,E103,U.S. Senate,,,Under Votes,26,2,24,0,0
Pike,E103,U.S. Senate,,,Over Votes,1,0,1,0,0
Pike,E103,Magistrate,,,Harold JUSTICE,68,4,63,1,0
Pike,E103,Magistrate,,,Hilman DOTSON,47,8,39,0,0
Pike,E103,Magistrate,,,Under Votes,9,0,9,0,0
Pike,E103,Magistrate,,,Over Votes,0,0,0,0,0
Pike,E103,Constable,,,"C. ""Mikey"" DANIELS",51,1,49,1,0
Pike,E103,Constable,,,Harold PRATER,49,6,43,0,0
Pike,E103,Constable,,,Under Votes,23,5,18,0,0
Pike,E103,Constable,,,Over Votes,1,0,1,0,0
Pike,E104,U.S. Senate,,Republican,Daniel CAMERON,21,6,14,1,0
Pike,E104,U.S. Senate,,Republican,Jonathan M. HOLLIDAY,2,1,1,0,0
Pike,E104,U.S. Senate,,Republican,Andy BARR,55,18,35,2,0
Pike,E104,U.S. Senate,,Republican,Nate MORRIS,6,0,5,1,0
Pike,E104,U.S. Senate,,Republican,"Valerie ""Dr Val"" FREDRICK",0,0,0,0,0
Pike,E104,U.S. Senate,,Republican,A. Nick SHELLEY,0,0,0,0,0
Pike,E104,U.S. Senate,,Republican,James D. DUNCAN,1,0,1,0,0
Pike,E104,U.S. Senate,,Republican,Michael James FARIS,2,1,1,0,0
Pike,E104,U.S. Senate,,Republican,Anissa CATLETT,1,0,1,0,0
Pike,E104,U.S. Senate,,Republican,Other Donald WENZEL,0,0,0,0,0
Pike,E104,U.S. Senate,,Republican,Jimmy I. LEON,0,0,0,0,0
Pike,E104,U.S. Senate,,Republican,George WASHINGTON,1,0,1,0,0
Pike,E104,U.S. Senate,,,Under Votes,9,4,5,0,0
Pike,E104,U.S. Senate,,,Over Votes,1,0,1,0,0
Pike,E104,Ballots Cast,,,,153,,,,
Pike,E104,U.S. House,5,Republican,Kevin SMITH,1,0,1,0,0
Pike,E104,U.S. House,5,Republican,Benjamin HURLEY,59,12,45,2,0
Pike,E104,U.S. House,5,Republican,Hal ROGERS,29,14,13,2,0
Pike,E104,U.S. House,5,Republican,Jerry Lee SHELTON,1,0,1,0,0
Pike,E104,U.S. House,5,Republican,Brandon R. MONHOLLEN,1,0,1,0,0
Pike,E104,U.S. House,5,,Under Votes,8,4,4,0,0
Pike,E104,U.S. House,5,,Over Votes,0,0,0,0,0
Pike,E104,County Judge/Executive,,,Suzy Gibson SHEARER,35,13,22,0,0
Pike,E104,County Judge/Executive,,,Brian A. MORRIS,56,13,39,4,0
Pike,E104,County Judge/Executive,,,Under Votes,8,4,4,0,0
Pike,E104,County Judge/Executive,,,Over Votes,0,0,0,0,0
Pike,E104,County Clerk,,,Subrenia Thacker MOON,23,6,15,2,0
Pike,E104,County Clerk,,,Darrell PUGH,65,19,44,2,0
Pike,E104,County Clerk,,,Under Votes,11,5,6,0,0
Pike,E104,County Clerk,,,Over Votes,0,0,0,0,0
Pike,E104,Sheriff,,,Rodney SCOTT,63,16,45,2,0
Pike,E104,Sheriff,,,Ellis McCOY,29,10,17,2,0
Pike,E104,Sheriff,,,Under Votes,7,4,3,0,0
Pike,E104,Sheriff,,,Over Votes,0,0,0,0,0
Pike,E104,Jailer,,,"Ronald ""Bubby"" SCOTT II.",30,6,22,2,0
Pike,E104,Jailer,,,Jeremy Todd MILLER,8,2,6,0,0
Pike,E104,Jailer,,,Perry Wayne HATFIELD,4,0,4,0,0
Pike,E104,Jailer,,,William A. WHITE,3,2,1,0,0
Pike,E104,Jailer,,,Ricky BOSTIC,43,18,25,0,0
Pike,E104,Jailer,,,John Jason FIELDS,5,0,3,2,0
Pike,E104,Jailer,,,Under Votes,5,2,3,0,0
Pike,E104,Jailer,,,Over Votes,1,0,1,0,0
Pike,E104,Coroner,,,Brenda JOHNSON,23,6,16,1,0
Pike,E104,Coroner,,,Kevin HALL,65,17,45,3,0
Pike,E104,Coroner,,,Under Votes,11,7,4,0,0
Pike,E104,Coroner,,,Over Votes,0,0,0,0,0
Pike,E104,Magistrate,,,Sammy WILSON,4,0,4,0,0
Pike,E104,Magistrate,,,Joshua MAYHORN,32,5,26,1,0
Pike,E104,Magistrate,,,Laveta Pearl SLONE,1,0,1,0,0
Pike,E104,Magistrate,,,Thomas W. DAVIS,40,15,22,3,0
Pike,E104,Magistrate,,,Benjamin Eric HURLEY,18,8,10,0,0
Pike,E104,Magistrate,,,Under Votes,3,1,2,0,0
Pike,E104,Magistrate,,,Over Votes,1,1,0,0,0
Pike,E104,Constable,,,"Gary ""C. J."" TOMLIN",34,6,26,2,0
Pike,E104,Constable,,,Troy FRAZIER,56,20,34,2,0
Pike,E104,Constable,,,Under Votes,9,4,5,0,0
Pike,E104,Constable,,,Over Votes,0,0,0,0,0
Pike,E104,U.S. Senate,,Democratic,Vincent Anthony THOMPSON,5,0,4,1,0
Pike,E104,U.S. Senate,,Democratic,Amy McGRATH,15,7,6,2,0
Pike,E104,U.S. Senate,,Democratic,Dale Lewis ROMANS,0,0,0,0,0
Pike,E104,U.S. Senate,,Democratic,Charles BOOKER,9,3,6,0,0
Pike,E104,U.S. Senate,,Democratic,Pamela STEVENSON,5,2,3,0,0
Pike,E104,U.S. Senate,,Democratic,Joshua BLANTON SR.,2,1,1,0,0
Pike,E104,U.S. Senate,,Democratic,Logan FORSYTHE,5,1,4,0,0
Pike,E104,U.S. Senate,,,Under Votes,13,4,9,0,0
Pike,E104,U.S. Senate,,,Over Votes,0,0,0,0,0
Pike,E104,Magistrate,,,Harold JUSTICE,14,6,8,0,0
Pike,E104,Magistrate,,,Hilman DOTSON,31,9,21,1,0
Pike,E104,Magistrate,,,Under Votes,8,2,4,2,0
Pike,E104,Magistrate,,,Over Votes,1,1,0,0,0
Pike,E104,Constable,,,"C. ""Mikey"" DANIELS",21,8,11,2,0
Pike,E104,Constable,,,Harold PRATER,31,10,20,1,0
Pike,E104,Constable,,,Under Votes,2,0,2,0,0
Pike,E104,Constable,,,Over Votes,0,0,0,0,0
Pike,E105,U.S. Senate,,Republican,Daniel CAMERON,10,0,9,1,0
Pike,E105,U.S. Senate,,Republican,Jonathan M. HOLLIDAY,0,0,0,0,0
Pike,E105,U.S. Senate,,Republican,Andy BARR,39,7,32,0,0
Pike,E105,U.S. Senate,,Republican,Nate MORRIS,8,3,5,0,0
Pike,E105,U.S. Senate,,Republican,"Valerie ""Dr Val"" FREDRICK",1,0,1,0,0
Pike,E105,U.S. Senate,,Republican,A. Nick SHELLEY,0,0,0,0,0
Pike,E105,U.S. Senate,,Republican,James D. DUNCAN,0,0,0,0,0
Pike,E105,U.S. Senate,,Republican,Michael James FARIS,8,2,6,0,0
Pike,E105,U.S. Senate,,Republican,Anissa CATLETT,0,0,0,0,0
Pike,E105,U.S. Senate,,Republican,Other Donald WENZEL,0,0,0,0,0
Pike,E105,U.S. Senate,,Republican,Jimmy I. LEON,0,0,0,0,0
Pike,E105,U.S. Senate,,Republican,George WASHINGTON,1,1,0,0,0
Pike,E105,U.S. Senate,,,Under Votes,20,2,18,0,0
Pike,E105,U.S. Senate,,,Over Votes,0,0,0,0,0
Pike,E105,Ballots Cast,,,,176,,,,
Pike,E105,U.S. House,5,Republican,Kevin SMITH,1,0,1,0,0
Pike,E105,U.S. House,5,Republican,Benjamin HURLEY,61,11,50,0,0
Pike,E105,U.S. House,5,Republican,Hal ROGERS,17,3,13,1,0
Pike,E105,U.S. House,5,Republican,Jerry Lee SHELTON,0,0,0,0,0
Pike,E105,U.S. House,5,Republican,Brandon R. MONHOLLEN,1,0,1,0,0
Pike,E105,U.S. House,5,,Under Votes,7,1,6,0,0
Pike,E105,U.S. House,5,,Over Votes,0,0,0,0,0
Pike,E105,County Judge/Executive,,,Suzy Gibson SHEARER,41,5,35,1,0
Pike,E105,County Judge/Executive,,,Brian A. MORRIS,41,10,31,0,0
Pike,E105,County Judge/Executive,,,Under Votes,5,0,5,0,0
Pike,E105,County Judge/Executive,,,Over Votes,0,0,0,0,0
Pike,E105,County Clerk,,,Subrenia Thacker MOON,31,5,25,1,0
Pike,E105,County Clerk,,,Darrell PUGH,41,8,33,0,0
Pike,E105,County Clerk,,,Under Votes,15,2,13,0,0
Pike,E105,County Clerk,,,Over Votes,0,0,0,0,0
Pike,E105,Sheriff,,,Rodney SCOTT,43,8,35,0,0
Pike,E105,Sheriff,,,Ellis McCOY,41,7,33,1,0
Pike,E105,Sheriff,,,Under Votes,3,0,3,0,0
Pike,E105,Sheriff,,,Over Votes,0,0,0,0,0
Pike,E105,Jailer,,,"Ronald ""Bubby"" SCOTT II.",34,7,27,0,0
Pike,E105,Jailer,,,Jeremy Todd MILLER,4,1,2,1,0
Pike,E105,Jailer,,,Perry Wayne HATFIELD,2,0,2,0,0
Pike,E105,Jailer,,,William A. WHITE,5,0,5,0,0
Pike,E105,Jailer,,,Ricky BOSTIC,25,5,20,0,0
Pike,E105,Jailer,,,John Jason FIELDS,5,0,5,0,0
Pike,E105,Jailer,,,Under Votes,12,2,10,0,0
Pike,E105,Jailer,,,Over Votes,0,0,0,0,0
Pike,E105,Coroner,,,Brenda JOHNSON,18,4,14,0,0
Pike,E105,Coroner,,,Kevin HALL,52,9,42,1,0
Pike,E105,Coroner,,,Under Votes,17,2,15,0,0
Pike,E105,Coroner,,,Over Votes,0,0,0,0,0
Pike,E105,Magistrate,,,Sammy WILSON,5,0,5,0,0
Pike,E105,Magistrate,,,Joshua MAYHORN,41,8,33,0,0
Pike,E105,Magistrate,,,Laveta Pearl SLONE,0,0,0,0,0
Pike,E105,Magistrate,,,Thomas W. DAVIS,30,4,25,1,0
Pike,E105,Magistrate,,,Benjamin Eric HURLEY,10,3,7,0,0
Pike,E105,Magistrate,,,Under Votes,1,0,1,0,0
Pike,E105,Magistrate,,,Over Votes,0,0,0,0,0
Pike,E105,Constable,,,"Gary ""C. J."" TOMLIN",34,3,30,1,0
Pike,E105,Constable,,,Troy FRAZIER,35,9,26,0,0
Pike,E105,Constable,,,Under Votes,18,3,15,0,0
Pike,E105,Constable,,,Over Votes,0,0,0,0,0
Pike,E105,U.S. Senate,,Democratic,Vincent Anthony THOMPSON,2,0,2,0,0
Pike,E105,U.S. Senate,,Democratic,Amy McGRATH,24,3,21,0,0
Pike,E105,U.S. Senate,,Democratic,Dale Lewis ROMANS,3,0,3,0,0
Pike,E105,U.S. Senate,,Democratic,Charles BOOKER,20,3,15,2,0
Pike,E105,U.S. Senate,,Democratic,Pamela STEVENSON,10,2,8,0,0
Pike,E105,U.S. Senate,,Democratic,Joshua BLANTON SR.,1,1,0,0,0
Pike,E105,U.S. Senate,,Democratic,Logan FORSYTHE,3,1,2,0,0
Pike,E105,U.S. Senate,,,Under Votes,26,2,23,1,0
Pike,E105,U.S. Senate,,,Over Votes,0,0,0,0,0
Pike,E105,Magistrate,,,Harold JUSTICE,23,5,18,0,0
Pike,E105,Magistrate,,,Hilman DOTSON,56,5,48,3,0
Pike,E105,Magistrate,,,Under Votes,10,2,8,0,0
Pike,E105,Magistrate,,,Over Votes,0,0,0,0,0
Pike,E105,Constable,,,"C. ""Mikey"" DANIELS",32,6,25,1,0
Pike,E105,Constable,,,Harold PRATER,52,5,45,2,0
Pike,E105,Constable,,,Under Votes,5,1,4,0,0
Pike,E105,Constable,,,Over Votes,0,0,0,0,0
Pike,E106,U.S. Senate,,Republican,Daniel CAMERON,30,5,25,0,0
Pike,E106,U.S. Senate,,Republican,Jonathan M. HOLLIDAY,1,0,1,0,0
Pike,E106,U.S. Senate,,Republican,Andy BARR,34,10,23,1,0
Pike,E106,U.S. Senate,,Republican,Nate MORRIS,9,1,7,1,0
Pike,E106,U.S. Senate,,Republican,"Valerie ""Dr Val"" FREDRICK",0,0,0,0,0
Pike,E106,U.S. Senate,,Republican,A. Nick SHELLEY,0,0,0,0,0
Pike,E106,U.S. Senate,,Republican,James D. DUNCAN,0,0,0,0,0
Pike,E106,U.S. Senate,,Republican,Michael James FARIS,1,1,0,0,0
Pike,E106,U.S. Senate,,Republican,Anissa CATLETT,0,0,0,0,0
Pike,E106,U.S. Senate,,Republican,Other Donald WENZEL,0,0,0,0,0
Pike,E106,U.S. Senate,,Republican,Jimmy I. LEON,0,0,0,0,0
Pike,E106,U.S. Senate,,Republican,George WASHINGTON,1,0,1,0,0
Pike,E106,U.S. Senate,,,Under Votes,5,1,4,0,0
Pike,E106,U.S. Senate,,,Over Votes,1,0,1,0,0
Pike,E106,Ballots Cast,,,,149,,,,
Pike,E106,U.S. House,5,Republican,Kevin SMITH,5,1,4,0,0
Pike,E106,U.S. House,5,Republican,Benjamin HURLEY,49,10,38,1,0
Pike,E106,U.S. House,5,Republican,Hal ROGERS,22,6,16,0,0
Pike,E106,U.S. House,5,Republican,Jerry Lee SHELTON,3,0,3,0,0
Pike,E106,U.S. House,5,Republican,Brandon R. MONHOLLEN,0,0,0,0,0
Pike,E106,U.S. House,5,,Under Votes,3,1,1,1,0
Pike,E106,U.S. House,5,,Over Votes,0,0,0,0,0
Pike,E106,County Judge/Executive,,,Suzy Gibson SHEARER,38,7,31,0,0
Pike,E106,County Judge/Executive,,,Brian A. MORRIS,40,10,29,1,0
Pike,E106,County Judge/Executive,,,Under Votes,4,1,2,1,0
Pike,E106,County Judge/Executive,,,Over Votes,0,0,0,0,0
Pike,E106,County Clerk,,,Subrenia Thacker MOON,30,4,26,0,0
Pike,E106,County Clerk,,,Darrell PUGH,43,11,31,1,0
Pike,E106,County Clerk,,,Under Votes,9,3,5,1,0
Pike,E106,County Clerk,,,Over Votes,0,0,0,0,0
Pike,E106,Sheriff,,,Rodney SCOTT,58,16,41,1,0
Pike,E106,Sheriff,,,Ellis McCOY,23,2,21,0,0
Pike,E106,Sheriff,,,Under Votes,1,0,0,1,0
Pike,E106,Sheriff,,,Over Votes,0,0,0,0,0
Pike,E106,Jailer,,,"Ronald ""Bubby"" SCOTT II.",25,7,18,0,0
Pike,E106,Jailer,,,Jeremy Todd MILLER,5,0,5,0,0
Pike,E106,Jailer,,,Perry Wayne HATFIELD,4,0,4,0,0
Pike,E106,Jailer,,,William A. WHITE,1,1,0,0,0
Pike,E106,Jailer,,,Ricky BOSTIC,37,7,29,1,0
Pike,E106,Jailer,,,John Jason FIELDS,5,2,3,0,0
Pike,E106,Jailer,,,Under Votes,5,1,3,1,0
Pike,E106,Jailer,,,Over Votes,0,0,0,0,0
Pike,E106,Coroner,,,Brenda JOHNSON,27,5,21,1,0
Pike,E106,Coroner,,,Kevin HALL,50,12,38,0,0
Pike,E106,Coroner,,,Under Votes,5,1,3,1,0
Pike,E106,Coroner,,,Over Votes,0,0,0,0,0
Pike,E106,Magistrate,,,Sammy WILSON,3,0,3,0,0
Pike,E106,Magistrate,,,Joshua MAYHORN,28,6,21,1,0
Pike,E106,Magistrate,,,Laveta Pearl SLONE,1,0,1,0,0
Pike,E106,Magistrate,,,Thomas W. DAVIS,39,10,29,0,0
Pike,E106,Magistrate,,,Benjamin Eric HURLEY,7,1,6,0,0
Pike,E106,Magistrate,,,Under Votes,2,1,0,1,0
Pike,E106,Magistrate,,,Over Votes,2,0,2,0,0
Pike,E106,Constable,,,"Gary ""C. J."" TOMLIN",38,7,30,1,0
Pike,E106,Constable,,,Troy FRAZIER,40,10,30,0,0
Pike,E106,Constable,,,Under Votes,4,1,2,1,0
Pike,E106,Constable,,,Over Votes,0,0,0,0,0
Pike,E106,U.S. Senate,,Democratic,Vincent Anthony THOMPSON,1,0,1,0,0
Pike,E106,U.S. Senate,,Democratic,Amy McGRATH,22,2,17,3,0
Pike,E106,U.S. Senate,,Democratic,Dale Lewis ROMANS,2,0,1,1,0
Pike,E106,U.S. Senate,,Democratic,Charles BOOKER,17,2,13,2,0
Pike,E106,U.S. Senate,,Democratic,Pamela STEVENSON,5,3,1,1,0
Pike,E106,U.S. Senate,,Democratic,Joshua BLANTON SR.,5,0,4,1,0
Pike,E106,U.S. Senate,,Democratic,Logan FORSYTHE,2,1,0,1,0
Pike,E106,U.S. Senate,,,Under Votes,13,2,11,0,0
Pike,E106,U.S. Senate,,,Over Votes,0,0,0,0,0
Pike,E106,Magistrate,,,Harold JUSTICE,17,2,10,5,0
Pike,E106,Magistrate,,,Hilman DOTSON,46,7,35,4,0
Pike,E106,Magistrate,,,Under Votes,4,1,3,0,0
Pike,E106,Magistrate,,,Over Votes,0,0,0,0,0
Pike,E106,Constable,,,"C. ""Mikey"" DANIELS",27,6,20,1,0
Pike,E106,Constable,,,Harold PRATER,36,4,24,8,0
Pike,E106,Constable,,,Under Votes,4,0,4,0,0
Pike,E106,Constable,,,Over Votes,0,0,0,0,0
Pike,E107,U.S. Senate,,Republican,Daniel CAMERON,8,1,7,0,0
Pike,E107,U.S. Senate,,Republican,Jonathan M. HOLLIDAY,0,0,0,0,0
Pike,E107,U.S. Senate,,Republican,Andy BARR,24,0,24,0,0
Pike,E107,U.S. Senate,,Republican,Nate MORRIS,0,0,0,0,0
Pike,E107,U.S. Senate,,Republican,"Valerie ""Dr Val"" FREDRICK",0,0,0,0,0
Pike,E107,U.S. Senate,,Republican,A. Nick SHELLEY,0,0,0,0,0
Pike,E107,U.S. Senate,,Republican,James D. DUNCAN,0,0,0,0,0
Pike,E107,U.S. Senate,,Republican,Michael James FARIS,1,0,1,0,0
Pike,E107,U.S. Senate,,Republican,Anissa CATLETT,0,0,0,0,0
Pike,E107,U.S. Senate,,Republican,Other Donald WENZEL,0,0,0,0,0
Pike,E107,U.S. Senate,,Republican,Jimmy I. LEON,0,0,0,0,0
Pike,E107,U.S. Senate,,Republican,George WASHINGTON,1,0,1,0,0
Pike,E107,U.S. Senate,,,Under Votes,1,0,1,0,0
Pike,E107,U.S. Senate,,,Over Votes,0,0,0,0,0
Pike,E107,Ballots Cast,,,,49,,,,
Pike,E107,U.S. House,5,Republican,Kevin SMITH,1,0,1,0,0
Pike,E107,U.S. House,5,Republican,Benjamin HURLEY,5,0,5,0,0
Pike,E107,U.S. House,5,Republican,Hal ROGERS,27,0,27,0,0
Pike,E107,U.S. House,5,Republican,Jerry Lee SHELTON,0,0,0,0,0
Pike,E107,U.S. House,5,Republican,Brandon R. MONHOLLEN,1,0,1,0,0
Pike,E107,U.S. House,5,,Under Votes,1,1,0,0,0
Pike,E107,U.S. House,5,,Over Votes,0,0,0,0,0
Pike,E107,County Judge/Executive,,,Suzy Gibson SHEARER,19,0,19,0,0
Pike,E107,County Judge/Executive,,,Brian A. MORRIS,15,1,14,0,0
Pike,E107,County Judge/Executive,,,Under Votes,1,0,1,0,0
Pike,E107,County Judge/Executive,,,Over Votes,0,0,0,0,0
Pike,E107,County Clerk,,,Subrenia Thacker MOON,6,0,6,0,0
Pike,E107,County Clerk,,,Darrell PUGH,28,1,27,0,0
Pike,E107,County Clerk,,,Under Votes,1,0,1,0,0
Pike,E107,County Clerk,,,Over Votes,0,0,0,0,0
Pike,E107,Sheriff,,,Rodney SCOTT,20,1,19,0,0
Pike,E107,Sheriff,,,Ellis McCOY,15,0,15,0,0
Pike,E107,Sheriff,,,Under Votes,0,0,0,0,0
Pike,E107,Sheriff,,,Over Votes,0,0,0,0,0
Pike,E107,Jailer,,,"Ronald ""Bubby"" SCOTT II.",8,0,8,0,0
Pike,E107,Jailer,,,Jeremy Todd MILLER,6,0,6,0,0
Pike,E107,Jailer,,,Perry Wayne HATFIELD,2,0,2,0,0
Pike,E107,Jailer,,,William A. WHITE,4,1,3,0,0
Pike,E107,Jailer,,,Ricky BOSTIC,13,0,13,0,0
Pike,E107,Jailer,,,John Jason FIELDS,1,0,1,0,0
Pike,E107,Jailer,,,Under Votes,1,0,1,0,0
Pike,E107,Jailer,,,Over Votes,0,0,0,0,0
Pike,E107,Coroner,,,Brenda JOHNSON,2,0,2,0,0
Pike,E107,Coroner,,,Kevin HALL,33,1,32,0,0
Pike,E107,Coroner,,,Under Votes,0,0,0,0,0
Pike,E107,Coroner,,,Over Votes,0,0,0,0,0
Pike,E107,Magistrate,,,Sammy WILSON,16,0,16,0,0
Pike,E107,Magistrate,,,Joshua MAYHORN,16,0,16,0,0
Pike,E107,Magistrate,,,Laveta Pearl SLONE,0,0,0,0,0
Pike,E107,Magistrate,,,Thomas W. DAVIS,2,1,1,0,0
Pike,E107,Magistrate,,,Benjamin Eric HURLEY,0,0,0,0,0
Pike,E107,Magistrate,,,Under Votes,1,0,1,0,0
Pike,E107,Magistrate,,,Over Votes,0,0,0,0,0
Pike,E107,Constable,,,"Gary ""C. J."" TOMLIN",21,0,21,0,0
Pike,E107,Constable,,,Troy FRAZIER,11,1,10,0,0
Pike,E107,Constable,,,Under Votes,3,0,3,0,0
Pike,E107,Constable,,,Over Votes,0,0,0,0,0
Pike,E107,U.S. Senate,,Democratic,Vincent Anthony THOMPSON,0,0,0,0,0
Pike,E107,U.S. Senate,,Democratic,Amy McGRATH,7,1,6,0,0
Pike,E107,U.S. Senate,,Democratic,Dale Lewis ROMANS,0,0,0,0,0
Pike,E107,U.S. Senate,,Democratic,Charles BOOKER,3,1,2,0,0
Pike,E107,U.S. Senate,,Democratic,Pamela STEVENSON,0,0,0,0,0
Pike,E107,U.S. Senate,,Democratic,Joshua BLANTON SR.,0,0,0,0,0
Pike,E107,U.S. Senate,,Democratic,Logan FORSYTHE,3,0,3,0,0
Pike,E107,U.S. Senate,,,Under Votes,1,0,1,0,0
Pike,E107,U.S. Senate,,,Over Votes,0,0,0,0,0
Pike,E107,Magistrate,,,Harold JUSTICE,8,2,6,0,0
Pike,E107,Magistrate,,,Hilman DOTSON,6,0,6,0,0
Pike,E107,Magistrate,,,Under Votes,0,0,0,0,0
Pike,E107,Magistrate,,,Over Votes,0,0,0,0,0
Pike,E107,Constable,,,"C. ""Mikey"" DANIELS",5,1,4,0,0
Pike,E107,Constable,,,Harold PRATER,8,1,7,0,0
Pike,E107,Constable,,,Under Votes,1,0,1,0,0
Pike,E107,Constable,,,Over Votes,0,0,0,0,0
Pike,E108,U.S. Senate,,Republican,Daniel CAMERON,44,13,31,0,0
Pike,E108,U.S. Senate,,Republican,Jonathan M. HOLLIDAY,0,0,0,0,0
Pike,E108,U.S. Senate,,Republican,Andy BARR,67,14,53,0,0
Pike,E108,U.S. Senate,,Republican,Nate MORRIS,12,2,10,0,0
Pike,E108,U.S. Senate,,Republican,"Valerie ""Dr Val"" FREDRICK",3,0,3,0,0
Pike,E108,U.S. Senate,,Republican,A. Nick SHELLEY,0,0,0,0,0
Pike,E108,U.S. Senate,,Republican,James D. DUNCAN,0,0,0,0,0
Pike,E108,U.S. Senate,,Republican,Michael James FARIS,1,0,1,0,0
Pike,E108,U.S. Senate,,Republican,Anissa CATLETT,1,0,1,0,0
Pike,E108,U.S. Senate,,Republican,Other Donald WENZEL,0,0,0,0,0
Pike,E108,U.S. Senate,,Republican,Jimmy I. LEON,0,0,0,0,0
Pike,E108,U.S. Senate,,Republican,George WASHINGTON,2,1,1,0,0
Pike,E108,U.S. Senate,,,Under Votes,4,2,1,1,0
Pike,E108,U.S. Senate,,,Over Votes,0,0,0,0,0
Pike,E108,Ballots Cast,,,,227,,,,
Pike,E108,U.S. House,5,Republican,Kevin SMITH,14,1,13,0,0
Pike,E108,U.S. House,5,Republican,Benjamin HURLEY,21,3,18,0,0
Pike,E108,U.S. House,5,Republican,Hal ROGERS,93,27,66,0,0
Pike,E108,U.S. House,5,Republican,Jerry Lee SHELTON,0,0,0,0,0
Pike,E108,U.S. House,5,Republican,Brandon R. MONHOLLEN,1,0,1,0,0
Pike,E108,U.S. House,5,,Under Votes,5,1,3,1,0
Pike,E108,U.S. House,5,,Over Votes,0,0,0,0,0
Pike,E108,County Judge/Executive,,,Suzy Gibson SHEARER,83,17,66,0,0
Pike,E108,County Judge/Executive,,,Brian A. MORRIS,51,15,35,1,0
Pike,E108,County Judge/Executive,,,Under Votes,0,0,0,0,0
Pike,E108,County Judge/Executive,,,Over Votes,0,0,0,0,0
Pike,E108,County Clerk,,,Subrenia Thacker MOON,36,5,31,0,0
Pike,E108,County Clerk,,,Darrell PUGH,95,26,69,0,0
Pike,E108,County Clerk,,,Under Votes,3,1,1,1,0
Pike,E108,County Clerk,,,Over Votes,0,0,0,0,0
Pike,E108,Sheriff,,,Rodney SCOTT,86,25,60,1,0
Pike,E108,Sheriff,,,Ellis McCOY,46,6,40,0,0
Pike,E108,Sheriff,,,Under Votes,2,1,1,0,0
Pike,E108,Sheriff,,,Over Votes,0,0,0,0,0
Pike,E108,Jailer,,,"Ronald ""Bubby"" SCOTT II.",6,1,5,0,0
Pike,E108,Jailer,,,Jeremy Todd MILLER,15,1,14,0,0
Pike,E108,Jailer,,,Perry Wayne HATFIELD,0,0,0,0,0
Pike,E108,Jailer,,,William A. WHITE,7,0,7,0,0
Pike,E108,Jailer,,,Ricky BOSTIC,98,29,68,1,0
Pike,E108,Jailer,,,John Jason FIELDS,5,0,5,0,0
Pike,E108,Jailer,,,Under Votes,3,1,2,0,0
Pike,E108,Jailer,,,Over Votes,0,0,0,0,0
Pike,E108,Coroner,,,Brenda JOHNSON,31,9,22,0,0
Pike,E108,Coroner,,,Kevin HALL,94,19,74,1,0
Pike,E108,Coroner,,,Under Votes,9,4,5,0,0
Pike,E108,Coroner,,,Over Votes,0,0,0,0,0
Pike,E108,Magistrate,,,Sammy WILSON,27,10,17,0,0
Pike,E108,Magistrate,,,Joshua MAYHORN,14,3,11,0,0
Pike,E108,Magistrate,,,Laveta Pearl SLONE,61,13,47,1,0
Pike,E108,Magistrate,,,Thomas W. DAVIS,4,2,2,0,0
Pike,E108,Magistrate,,,Benjamin Eric HURLEY,20,2,18,0,0
Pike,E108,Magistrate,,,Under Votes,8,2,6,0,0
Pike,E108,Magistrate,,,Over Votes,0,0,0,0,0
Pike,E108,Constable,,,"Gary ""C. J."" TOMLIN",64,15,49,0,0
Pike,E108,Constable,,,Troy FRAZIER,41,8,33,0,0
Pike,E108,Constable,,,Under Votes,29,9,19,1,0
Pike,E108,Constable,,,Over Votes,0,0,0,0,0
Pike,E108,U.S. Senate,,Democratic,Vincent Anthony THOMPSON,5,0,5,0,0
Pike,E108,U.S. Senate,,Democratic,Amy McGRATH,35,9,26,0,0
Pike,E108,U.S. Senate,,Democratic,Dale Lewis ROMANS,2,0,2,0,0
Pike,E108,U.S. Senate,,Democratic,Charles BOOKER,34,4,28,2,0
Pike,E108,U.S. Senate,,Democratic,Pamela STEVENSON,1,0,1,0,0
Pike,E108,U.S. Senate,,Democratic,Joshua BLANTON SR.,2,1,1,0,0
Pike,E108,U.S. Senate,,Democratic,Logan FORSYTHE,3,1,2,0,0
Pike,E108,U.S. Senate,,,Under Votes,11,2,8,0,1
Pike,E108,U.S. Senate,,,Over Votes,0,0,0,0,0
Pike,E108,Magistrate,,,Harold JUSTICE,73,14,56,2,1
Pike,E108,Magistrate,,,Hilman DOTSON,18,3,15,0,0
Pike,E108,Magistrate,,,Under Votes,2,0,2,0,0
Pike,E108,Magistrate,,,Over Votes,0,0,0,0,0
Pike,E108,Constable,,,"C. ""Mikey"" DANIELS",38,5,32,1,0
Pike,E108,Constable,,,Harold PRATER,44,11,32,1,0
Pike,E108,Constable,,,Under Votes,11,1,9,0,1
Pike,E108,Constable,,,Over Votes,0,0,0,0,0
Pike,E109,U.S. Senate,,Republican,Daniel CAMERON,26,3,23,0,0
Pike,E109,U.S. Senate,,Republican,Jonathan M. HOLLIDAY,1,0,1,0,0
Pike,E109,U.S. Senate,,Republican,Andy BARR,45,1,39,4,1
Pike,E109,U.S. Senate,,Republican,Nate MORRIS,6,1,4,1,0
Pike,E109,U.S. Senate,,Republican,"Valerie ""Dr Val"" FREDRICK",2,1,1,0,0
Pike,E109,U.S. Senate,,Republican,A. Nick SHELLEY,0,0,0,0,0
Pike,E109,U.S. Senate,,Republican,James D. DUNCAN,2,0,2,0,0
Pike,E109,U.S. Senate,,Republican,Michael James FARIS,2,1,1,0,0
Pike,E109,U.S. Senate,,Republican,Anissa CATLETT,0,0,0,0,0
Pike,E109,U.S. Senate,,Republican,Other Donald WENZEL,0,0,0,0,0
Pike,E109,U.S. Senate,,Republican,Jimmy I. LEON,0,0,0,0,0
Pike,E109,U.S. Senate,,Republican,George WASHINGTON,2,1,1,0,0
Pike,E109,U.S. Senate,,,Under Votes,2,0,2,0,0
Pike,E109,U.S. Senate,,,Over Votes,1,0,1,0,0
Pike,E109,Ballots Cast,,,,148,,,,
Pike,E109,U.S. House,5,Republican,Kevin SMITH,9,1,8,0,0
Pike,E109,U.S. House,5,Republican,Benjamin HURLEY,26,3,22,1,0
Pike,E109,U.S. House,5,Republican,Hal ROGERS,49,3,41,4,1
Pike,E109,U.S. House,5,Republican,Jerry Lee SHELTON,0,0,0,0,0
Pike,E109,U.S. House,5,Republican,Brandon R. MONHOLLEN,2,1,1,0,0
Pike,E109,U.S. House,5,,Under Votes,3,0,3,0,0
Pike,E109,U.S. House,5,,Over Votes,0,0,0,0,0
Pike,E109,County Judge/Executive,,,Suzy Gibson SHEARER,43,2,37,3,1
Pike,E109,County Judge/Executive,,,Brian A. MORRIS,41,6,33,2,0
Pike,E109,County Judge/Executive,,,Under Votes,5,0,5,0,0
Pike,E109,County Judge/Executive,,,Over Votes,0,0,0,0,0
Pike,E109,County Clerk,,,Subrenia Thacker MOON,20,1,17,2,0
Pike,E109,County Clerk,,,Darrell PUGH,66,7,55,3,1
Pike,E109,County Clerk,,,Under Votes,3,0,3,0,0
Pike,E109,County Clerk,,,Over Votes,0,0,0,0,0
Pike,E109,Sheriff,,,Rodney SCOTT,62,6,51,4,1
Pike,E109,Sheriff,,,Ellis McCOY,24,2,21,1,0
Pike,E109,Sheriff,,,Under Votes,3,0,3,0,0
Pike,E109,Sheriff,,,Over Votes,0,0,0,0,0
Pike,E109,Jailer,,,"Ronald ""Bubby"" SCOTT II.",20,3,15,2,0
Pike,E109,Jailer,,,Jeremy Todd MILLER,8,2,6,0,0
Pike,E109,Jailer,,,Perry Wayne HATFIELD,2,0,2,0,0
Pike,E109,Jailer,,,William A. WHITE,15,1,12,1,1
Pike,E109,Jailer,,,Ricky BOSTIC,37,1,34,2,0
Pike,E109,Jailer,,,John Jason FIELDS,6,1,5,0,0
Pike,E109,Jailer,,,Under Votes,1,0,1,0,0
Pike,E109,Jailer,,,Over Votes,0,0,0,0,0
Pike,E109,Coroner,,,Brenda JOHNSON,14,4,8,2,0
Pike,E109,Coroner,,,Kevin HALL,71,4,63,3,1
Pike,E109,Coroner,,,Under Votes,4,0,4,0,0
Pike,E109,Coroner,,,Over Votes,0,0,0,0,0
Pike,E109,Magistrate,,,Sammy WILSON,53,4,45,3,1
Pike,E109,Magistrate,,,Joshua MAYHORN,11,3,8,0,0
Pike,E109,Magistrate,,,Laveta Pearl SLONE,10,0,10,0,0
Pike,E109,Magistrate,,,Thomas W. DAVIS,11,0,9,2,0
Pike,E109,Magistrate,,,Benjamin Eric HURLEY,3,1,2,0,0
Pike,E109,Magistrate,,,Under Votes,1,0,1,0,0
Pike,E109,Magistrate,,,Over Votes,0,0,0,0,0
Pike,E109,Constable,,,"Gary ""C. J."" TOMLIN",53,5,45,2,1
Pike,E109,Constable,,,Troy FRAZIER,30,3,24,3,0
Pike,E109,Constable,,,Under Votes,6,0,6,0,0
Pike,E109,Constable,,,Over Votes,0,0,0,0,0
Pike,E109,U.S. Senate,,Democratic,Vincent Anthony THOMPSON,4,0,4,0,0
Pike,E109,U.S. Senate,,Democratic,Amy McGRATH,27,2,25,0,0
Pike,E109,U.S. Senate,,Democratic,Dale Lewis ROMANS,2,0,2,0,0
Pike,E109,U.S. Senate,,Democratic,Charles BOOKER,12,1,11,0,0
Pike,E109,U.S. Senate,,Democratic,Pamela STEVENSON,3,0,3,0,0
Pike,E109,U.S. Senate,,Democratic,Joshua BLANTON SR.,2,0,2,0,0
Pike,E109,U.S. Senate,,Democratic,Logan FORSYTHE,3,0,3,0,0
Pike,E109,U.S. Senate,,,Under Votes,6,0,6,0,0
Pike,E109,U.S. Senate,,,Over Votes,0,0,0,0,0
Pike,E109,Magistrate,,,Harold JUSTICE,42,3,39,0,0
Pike,E109,Magistrate,,,Hilman DOTSON,16,0,16,0,0
Pike,E109,Magistrate,,,Under Votes,1,0,1,0,0
Pike,E109,Magistrate,,,Over Votes,0,0,0,0,0
Pike,E109,Constable,,,"C. ""Mikey"" DANIELS",22,0,22,0,0
Pike,E109,Constable,,,Harold PRATER,30,3,27,0,0
Pike,E109,Constable,,,Under Votes,7,0,7,0,0
Pike,E109,Constable,,,Over Votes,0,0,0,0,0
Pike,E110,U.S. Senate,,Republican,Daniel CAMERON,11,0,9,2,0
Pike,E110,U.S. Senate,,Republican,Jonathan M. HOLLIDAY,2,0,1,1,0
Pike,E110,U.S. Senate,,Republican,Andy BARR,23,0,23,0,0
Pike,E110,U.S. Senate,,Republican,Nate MORRIS,3,0,3,0,0
Pike,E110,U.S. Senate,,Republican,"Valerie ""Dr Val"" FREDRICK",0,0,0,0,0
Pike,E110,U.S. Senate,,Republican,A. Nick SHELLEY,0,0,0,0,0
Pike,E110,U.S. Senate,,Republican,James D. DUNCAN,0,0,0,0,0
Pike,E110,U.S. Senate,,Republican,Michael James FARIS,1,0,1,0,0
Pike,E110,U.S. Senate,,Republican,Anissa CATLETT,0,0,0,0,0
Pike,E110,U.S. Senate,,Republican,Other Donald WENZEL,0,0,0,0,0
Pike,E110,U.S. Senate,,Republican,Jimmy I. LEON,0,0,0,0,0
Pike,E110,U.S. Senate,,Republican,George WASHINGTON,0,0,0,0,0
Pike,E110,U.S. Senate,,,Under Votes,0,0,0,0,0
Pike,E110,U.S. Senate,,,Over Votes,0,0,0,0,0
Pike,E110,Ballots Cast,,,,74,,,,
Pike,E110,U.S. House,5,Republican,Kevin SMITH,2,0,2,0,0
Pike,E110,U.S. House,5,Republican,Benjamin HURLEY,6,0,4,2,0
Pike,E110,U.S. House,5,Republican,Hal ROGERS,29,0,28,1,0
Pike,E110,U.S. House,5,Republican,Jerry Lee SHELTON,3,0,3,0,0
Pike,E110,U.S. House,5,Republican,Brandon R. MONHOLLEN,0,0,0,0,0
Pike,E110,U.S. House,5,,Under Votes,0,0,0,0,0
Pike,E110,U.S. House,5,,Over Votes,0,0,0,0,0
Pike,E110,County Judge/Executive,,,Suzy Gibson SHEARER,21,0,20,1,0
Pike,E110,County Judge/Executive,,,Brian A. MORRIS,18,0,16,2,0
Pike,E110,County Judge/Executive,,,Under Votes,1,0,1,0,0
Pike,E110,County Judge/Executive,,,Over Votes,0,0,0,0,0
Pike,E110,County Clerk,,,Subrenia Thacker MOON,8,0,8,0,0
Pike,E110,County Clerk,,,Darrell PUGH,30,0,28,2,0
Pike,E110,County Clerk,,,Under Votes,2,0,1,1,0
Pike,E110,County Clerk,,,Over Votes,0,0,0,0,0
Pike,E110,Sheriff,,,Rodney SCOTT,23,0,22,1,0
Pike,E110,Sheriff,,,Ellis McCOY,17,0,15,2,0
Pike,E110,Sheriff,,,Under Votes,0,0,0,0,0
Pike,E110,Sheriff,,,Over Votes,0,0,0,0,0
Pike,E110,Jailer,,,"Ronald ""Bubby"" SCOTT II.",10,0,10,0,0
Pike,E110,Jailer,,,Jeremy Todd MILLER,7,0,7,0,0
Pike,E110,Jailer,,,Perry Wayne HATFIELD,1,0,1,0,0
Pike,E110,Jailer,,,William A. WHITE,8,0,5,3,0
Pike,E110,Jailer,,,Ricky BOSTIC,8,0,8,0,0
Pike,E110,Jailer,,,John Jason FIELDS,5,0,5,0,0
Pike,E110,Jailer,,,Under Votes,1,0,1,0,0
Pike,E110,Jailer,,,Over Votes,0,0,0,0,0
Pike,E110,Coroner,,,Brenda JOHNSON,9,0,8,1,0
Pike,E110,Coroner,,,Kevin HALL,29,0,27,2,0
Pike,E110,Coroner,,,Under Votes,2,0,2,0,0
Pike,E110,Coroner,,,Over Votes,0,0,0,0,0
Pike,E110,Magistrate,,,Sammy WILSON,22,0,19,3,0
Pike,E110,Magistrate,,,Joshua MAYHORN,11,0,11,0,0
Pike,E110,Magistrate,,,Laveta Pearl SLONE,3,0,3,0,0
Pike,E110,Magistrate,,,Thomas W. DAVIS,1,0,1,0,0
Pike,E110,Magistrate,,,Benjamin Eric HURLEY,0,0,0,0,0
Pike,E110,Magistrate,,,Under Votes,3,0,3,0,0
Pike,E110,Magistrate,,,Over Votes,0,0,0,0,0
Pike,E110,Constable,,,"Gary ""C. J."" TOMLIN",20,0,18,2,0
Pike,E110,Constable,,,Troy FRAZIER,15,0,15,0,0
Pike,E110,Constable,,,Under Votes,5,0,4,1,0
Pike,E110,Constable,,,Over Votes,0,0,0,0,0
Pike,E110,U.S. Senate,,Democratic,Vincent Anthony THOMPSON,5,0,5,0,0
Pike,E110,U.S. Senate,,Democratic,Amy McGRATH,15,0,15,0,0
Pike,E110,U.S. Senate,,Democratic,Dale Lewis ROMANS,1,0,1,0,0
Pike,E110,U.S. Senate,,Democratic,Charles BOOKER,8,0,7,1,0
Pike,E110,U.S. Senate,,Democratic,Pamela STEVENSON,1,0,1,0,0
Pike,E110,U.S. Senate,,Democratic,Joshua BLANTON SR.,0,0,0,0,0
Pike,E110,U.S. Senate,,Democratic,Logan FORSYTHE,0,0,0,0,0
Pike,E110,U.S. Senate,,,Under Votes,4,0,4,0,0
Pike,E110,U.S. Senate,,,Over Votes,0,0,0,0,0
Pike,E110,Magistrate,,,Harold JUSTICE,25,0,25,0,0
Pike,E110,Magistrate,,,Hilman DOTSON,7,0,6,1,0
Pike,E110,Magistrate,,,Under Votes,2,0,2,0,0
Pike,E110,Magistrate,,,Over Votes,0,0,0,0,0
Pike,E110,Constable,,,"C. ""Mikey"" DANIELS",11,0,11,0,0
Pike,E110,Constable,,,Harold PRATER,21,0,20,1,0
Pike,E110,Constable,,,Under Votes,2,0,2,0,0
Pike,E110,Constable,,,Over Votes,0,0,0,0,0
Pike,F101,U.S. Senate,,Republican,Daniel CAMERON,21,8,12,1,0
Pike,F101,U.S. Senate,,Republican,Jonathan M. HOLLIDAY,0,0,0,0,0
Pike,F101,U.S. Senate,,Republican,Andy BARR,39,17,22,0,0
Pike,F101,U.S. Senate,,Republican,Nate MORRIS,7,4,3,0,0
Pike,F101,U.S. Senate,,Republican,"Valerie ""Dr Val"" FREDRICK",1,1,0,0,0
Pike,F101,U.S. Senate,,Republican,A. Nick SHELLEY,0,0,0,0,0
Pike,F101,U.S. Senate,,Republican,James D. DUNCAN,1,0,1,0,0
Pike,F101,U.S. Senate,,Republican,Michael James FARIS,0,0,0,0,0
Pike,F101,U.S. Senate,,Republican,Anissa CATLETT,1,1,0,0,0
Pike,F101,U.S. Senate,,Republican,Other Donald WENZEL,0,0,0,0,0
Pike,F101,U.S. Senate,,Republican,Jimmy I. LEON,0,0,0,0,0
Pike,F101,U.S. Senate,,Republican,George WASHINGTON,1,1,0,0,0
Pike,F101,U.S. Senate,,,Under Votes,2,1,1,0,0
Pike,F101,U.S. Senate,,,Over Votes,0,0,0,0,0
Pike,F101,Ballots Cast,,,,106,,,,
Pike,F101,U.S. House,5,Republican,Kevin SMITH,7,5,2,0,0
Pike,F101,U.S. House,5,Republican,Benjamin HURLEY,10,6,4,0,0
Pike,F101,U.S. House,5,Republican,Hal ROGERS,47,20,26,1,0
Pike,F101,U.S. House,5,Republican,Jerry Lee SHELTON,2,0,2,0,0
Pike,F101,U.S. House,5,Republican,Brandon R. MONHOLLEN,0,0,0,0,0
Pike,F101,U.S. House,5,,Under Votes,7,2,5,0,0
Pike,F101,U.S. House,5,,Over Votes,0,0,0,0,0
Pike,F101,County Judge/Executive,,,Suzy Gibson SHEARER,28,13,14,1,0
Pike,F101,County Judge/Executive,,,Brian A. MORRIS,44,19,25,0,0
Pike,F101,County Judge/Executive,,,Under Votes,1,1,0,0,0
Pike,F101,County Judge/Executive,,,Over Votes,0,0,0,0,0
Pike,F101,County Clerk,,,Subrenia Thacker MOON,33,16,16,1,0
Pike,F101,County Clerk,,,Darrell PUGH,39,16,23,0,0
Pike,F101,County Clerk,,,Under Votes,1,1,0,0,0
Pike,F101,County Clerk,,,Over Votes,0,0,0,0,0
Pike,F101,Sheriff,,,Rodney SCOTT,25,10,15,0,0
Pike,F101,Sheriff,,,Ellis McCOY,46,21,24,1,0
Pike,F101,Sheriff,,,Under Votes,2,2,0,0,0
Pike,F101,Sheriff,,,Over Votes,0,0,0,0,0
Pike,F101,Jailer,,,"Ronald ""Bubby"" SCOTT II.",6,3,3,0,0
Pike,F101,Jailer,,,Jeremy Todd MILLER,14,9,5,0,0
Pike,F101,Jailer,,,Perry Wayne HATFIELD,12,5,7,0,0
Pike,F101,Jailer,,,William A. WHITE,5,0,4,1,0
Pike,F101,Jailer,,,Ricky BOSTIC,23,11,12,0,0
Pike,F101,Jailer,,,John Jason FIELDS,9,3,6,0,0
Pike,F101,Jailer,,,Under Votes,4,2,2,0,0
Pike,F101,Jailer,,,Over Votes,0,0,0,0,0
Pike,F101,Coroner,,,Brenda JOHNSON,16,6,9,1,0
Pike,F101,Coroner,,,Kevin HALL,52,24,28,0,0
Pike,F101,Coroner,,,Under Votes,5,3,2,0,0
Pike,F101,Coroner,,,Over Votes,0,0,0,0,0
Pike,F101,U.S. Senate,,Democratic,Vincent Anthony THOMPSON,1,0,1,0,0
Pike,F101,U.S. Senate,,Democratic,Amy McGRATH,15,5,10,0,0
Pike,F101,U.S. Senate,,Democratic,Dale Lewis ROMANS,0,0,0,0,0
Pike,F101,U.S. Senate,,Democratic,Charles BOOKER,12,1,10,1,0
Pike,F101,U.S. Senate,,Democratic,Pamela STEVENSON,2,0,2,0,0
Pike,F101,U.S. Senate,,Democratic,Joshua BLANTON SR.,0,0,0,0,0
Pike,F101,U.S. Senate,,Democratic,Logan FORSYTHE,0,0,0,0,0
Pike,F101,U.S. Senate,,,Under Votes,3,0,3,0,0
Pike,F101,U.S. Senate,,,Over Votes,0,0,0,0,0
Pike,F102,U.S. Senate,,Republican,Daniel CAMERON,18,1,17,0,0
Pike,F102,U.S. Senate,,Republican,Jonathan M. HOLLIDAY,0,0,0,0,0
Pike,F102,U.S. Senate,,Republican,Andy BARR,33,6,27,0,0
Pike,F102,U.S. Senate,,Republican,Nate MORRIS,7,2,5,0,0
Pike,F102,U.S. Senate,,Republican,"Valerie ""Dr Val"" FREDRICK",2,0,2,0,0
Pike,F102,U.S. Senate,,Republican,A. Nick SHELLEY,0,0,0,0,0
Pike,F102,U.S. Senate,,Republican,James D. DUNCAN,0,0,0,0,0
Pike,F102,U.S. Senate,,Republican,Michael James FARIS,1,0,1,0,0
Pike,F102,U.S. Senate,,Republican,Anissa CATLETT,0,0,0,0,0
Pike,F102,U.S. Senate,,Republican,Other Donald WENZEL,0,0,0,0,0
Pike,F102,U.S. Senate,,Republican,Jimmy I. LEON,0,0,0,0,0
Pike,F102,U.S. Senate,,Republican,George WASHINGTON,0,0,0,0,0
Pike,F102,U.S. Senate,,,Under Votes,3,1,2,0,0
Pike,F102,U.S. Senate,,,Over Votes,0,0,0,0,0
Pike,F102,Ballots Cast,,,,91,,,,
Pike,F102,U.S. House,5,Republican,Kevin SMITH,4,0,4,0,0
Pike,F102,U.S. House,5,Republican,Benjamin HURLEY,6,1,5,0,0
Pike,F102,U.S. House,5,Republican,Hal ROGERS,51,8,43,0,0
Pike,F102,U.S. House,5,Republican,Jerry Lee SHELTON,0,0,0,0,0
Pike,F102,U.S. House,5,Republican,Brandon R. MONHOLLEN,0,0,0,0,0
Pike,F102,U.S. House,5,,Under Votes,3,1,2,0,0
Pike,F102,U.S. House,5,,Over Votes,0,0,0,0,0
Pike,F102,County Judge/Executive,,,Suzy Gibson SHEARER,33,3,30,0,0
Pike,F102,County Judge/Executive,,,Brian A. MORRIS,30,6,24,0,0
Pike,F102,County Judge/Executive,,,Under Votes,1,1,0,0,0
Pike,F102,County Judge/Executive,,,Over Votes,0,0,0,0,0
Pike,F102,County Clerk,,,Subrenia Thacker MOON,26,3,23,0,0
Pike,F102,County Clerk,,,Darrell PUGH,36,6,30,0,0
Pike,F102,County Clerk,,,Under Votes,2,1,1,0,0
Pike,F102,County Clerk,,,Over Votes,0,0,0,0,0
Pike,F102,Sheriff,,,Rodney SCOTT,34,10,24,0,0
Pike,F102,Sheriff,,,Ellis McCOY,30,0,30,0,0
Pike,F102,Sheriff,,,Under Votes,0,0,0,0,0
Pike,F102,Sheriff,,,Over Votes,0,0,0,0,0
Pike,F102,Jailer,,,"Ronald ""Bubby"" SCOTT II.",26,5,21,0,0
Pike,F102,Jailer,,,Jeremy Todd MILLER,5,1,4,0,0
Pike,F102,Jailer,,,Perry Wayne HATFIELD,2,0,2,0,0
Pike,F102,Jailer,,,William A. WHITE,7,1,6,0,0
Pike,F102,Jailer,,,Ricky BOSTIC,16,3,13,0,0
Pike,F102,Jailer,,,John Jason FIELDS,6,0,6,0,0
Pike,F102,Jailer,,,Under Votes,2,0,2,0,0
Pike,F102,Jailer,,,Over Votes,0,0,0,0,0
Pike,F102,Coroner,,,Brenda JOHNSON,18,1,17,0,0
Pike,F102,Coroner,,,Kevin HALL,45,9,36,0,0
Pike,F102,Coroner,,,Under Votes,1,0,1,0,0
Pike,F102,Coroner,,,Over Votes,0,0,0,0,0
Pike,F102,U.S. Senate,,Democratic,Vincent Anthony THOMPSON,1,0,1,0,0
Pike,F102,U.S. Senate,,Democratic,Amy McGRATH,23,1,22,0,0
Pike,F102,U.S. Senate,,Democratic,Dale Lewis ROMANS,2,0,2,0,0
Pike,F102,U.S. Senate,,Democratic,Charles BOOKER,1,0,0,1,0
Pike,F102,U.S. Senate,,Democratic,Pamela STEVENSON,0,0,0,0,0
Pike,F102,U.S. Senate,,Democratic,Joshua BLANTON SR.,0,0,0,0,0
Pike,F102,U.S. Senate,,Democratic,Logan FORSYTHE,0,0,0,0,0
Pike,F102,U.S. Senate,,,Under Votes,0,0,0,0,0
Pike,F102,U.S. Senate,,,Over Votes,0,0,0,0,0
Pike,F103,U.S. Senate,,Republican,Daniel CAMERON,20,2,18,0,0
Pike,F103,U.S. Senate,,Republican,Jonathan M. HOLLIDAY,1,0,1,0,0
Pike,F103,U.S. Senate,,Republican,Andy BARR,40,7,32,1,0
Pike,F103,U.S. Senate,,Republican,Nate MORRIS,6,1,5,0,0
Pike,F103,U.S. Senate,,Republican,"Valerie ""Dr Val"" FREDRICK",0,0,0,0,0
Pike,F103,U.S. Senate,,Republican,A. Nick SHELLEY,2,2,0,0,0
Pike,F103,U.S. Senate,,Republican,James D. DUNCAN,1,0,1,0,0
Pike,F103,U.S. Senate,,Republican,Michael James FARIS,0,0,0,0,0
Pike,F103,U.S. Senate,,Republican,Anissa CATLETT,0,0,0,0,0
Pike,F103,U.S. Senate,,Republican,Other Donald WENZEL,0,0,0,0,0
Pike,F103,U.S. Senate,,Republican,Jimmy I. LEON,0,0,0,0,0
Pike,F103,U.S. Senate,,Republican,George WASHINGTON,1,0,1,0,0
Pike,F103,U.S. Senate,,,Under Votes,3,0,3,0,0
Pike,F103,U.S. Senate,,,Over Votes,0,0,0,0,0
Pike,F103,Ballots Cast,,,,116,,,,
Pike,F103,U.S. House,5,Republican,Kevin SMITH,4,0,4,0,0
Pike,F103,U.S. House,5,Republican,Benjamin HURLEY,20,5,14,1,0
Pike,F103,U.S. House,5,Republican,Hal ROGERS,45,7,38,0,0
Pike,F103,U.S. House,5,Republican,Jerry Lee SHELTON,1,0,1,0,0
Pike,F103,U.S. House,5,Republican,Brandon R. MONHOLLEN,1,0,1,0,0
Pike,F103,U.S. House,5,,Under Votes,3,0,3,0,0
Pike,F103,U.S. House,5,,Over Votes,0,0,0,0,0
Pike,F103,County Judge/Executive,,,Suzy Gibson SHEARER,34,6,28,0,0
Pike,F103,County Judge/Executive,,,Brian A. MORRIS,39,6,32,1,0
Pike,F103,County Judge/Executive,,,Under Votes,1,0,1,0,0
Pike,F103,County Judge/Executive,,,Over Votes,0,0,0,0,0
Pike,F103,County Clerk,,,Subrenia Thacker MOON,37,8,29,0,0
Pike,F103,County Clerk,,,Darrell PUGH,36,4,31,1,0
Pike,F103,County Clerk,,,Under Votes,1,0,1,0,0
Pike,F103,County Clerk,,,Over Votes,0,0,0,0,0
Pike,F103,Sheriff,,,Rodney SCOTT,31,4,26,1,0
Pike,F103,Sheriff,,,Ellis McCOY,42,7,35,0,0
Pike,F103,Sheriff,,,Under Votes,1,1,0,0,0
Pike,F103,Sheriff,,,Over Votes,0,0,0,0,0
Pike,F103,Jailer,,,"Ronald ""Bubby"" SCOTT II.",16,3,13,0,0
Pike,F103,Jailer,,,Jeremy Todd MILLER,12,0,12,0,0
Pike,F103,Jailer,,,Perry Wayne HATFIELD,7,0,7,0,0
Pike,F103,Jailer,,,William A. WHITE,3,0,3,0,0
Pike,F103,Jailer,,,Ricky BOSTIC,21,8,13,0,0
Pike,F103,Jailer,,,John Jason FIELDS,10,1,8,1,0
Pike,F103,Jailer,,,Under Votes,5,0,5,0,0
Pike,F103,Jailer,,,Over Votes,0,0,0,0,0
Pike,F103,Coroner,,,Brenda JOHNSON,8,5,3,0,0
Pike,F103,Coroner,,,Kevin HALL,64,7,56,1,0
Pike,F103,Coroner,,,Under Votes,2,0,2,0,0
Pike,F103,Coroner,,,Over Votes,0,0,0,0,0
Pike,F103,U.S. Senate,,Democratic,Vincent Anthony THOMPSON,2,0,2,0,0
Pike,F103,U.S. Senate,,Democratic,Amy McGRATH,21,6,15,0,0
Pike,F103,U.S. Senate,,Democratic,Dale Lewis ROMANS,3,0,3,0,0
Pike,F103,U.S. Senate,,Democratic,Charles BOOKER,5,1,4,0,0
Pike,F103,U.S. Senate,,Democratic,Pamela STEVENSON,3,0,3,0,0
Pike,F103,U.S. Senate,,Democratic,Joshua BLANTON SR.,1,0,1,0,0
Pike,F103,U.S. Senate,,Democratic,Logan FORSYTHE,2,0,2,0,0
Pike,F103,U.S. Senate,,,Under Votes,5,0,5,0,0
Pike,F103,U.S. Senate,,,Over Votes,0,0,0,0,0
Pike,F104,U.S. Senate,,Republican,Daniel CAMERON,53,3,44,6,0
Pike,F104,U.S. Senate,,Republican,Jonathan M. HOLLIDAY,1,0,1,0,0
Pike,F104,U.S. Senate,,Republican,Andy BARR,75,8,65,2,0
Pike,F104,U.S. Senate,,Republican,Nate MORRIS,10,3,7,0,0
Pike,F104,U.S. Senate,,Republican,"Valerie ""Dr Val"" FREDRICK",3,1,2,0,0
Pike,F104,U.S. Senate,,Republican,A. Nick SHELLEY,0,0,0,0,0
Pike,F104,U.S. Senate,,Republican,James D. DUNCAN,0,0,0,0,0
Pike,F104,U.S. Senate,,Republican,Michael James FARIS,2,0,2,0,0
Pike,F104,U.S. Senate,,Republican,Anissa CATLETT,0,0,0,0,0
Pike,F104,U.S. Senate,,Republican,Other Donald WENZEL,0,0,0,0,0
Pike,F104,U.S. Senate,,Republican,Jimmy I. LEON,0,0,0,0,0
Pike,F104,U.S. Senate,,Republican,George WASHINGTON,4,0,4,0,0
Pike,F104,U.S. Senate,,,Under Votes,5,1,4,0,0
Pike,F104,U.S. Senate,,,Over Votes,0,0,0,0,0
Pike,F104,Ballots Cast,,,,267,,,,
Pike,F104,U.S. House,5,Republican,Kevin SMITH,19,2,17,0,0
Pike,F104,U.S. House,5,Republican,Benjamin HURLEY,16,0,15,1,0
Pike,F104,U.S. House,5,Republican,Hal ROGERS,108,13,88,7,0
Pike,F104,U.S. House,5,Republican,Jerry Lee SHELTON,3,0,3,0,0
Pike,F104,U.S. House,5,Republican,Brandon R. MONHOLLEN,1,0,1,0,0
Pike,F104,U.S. House,5,,Under Votes,6,1,5,0,0
Pike,F104,U.S. House,5,,Over Votes,0,0,0,0,0
Pike,F104,County Judge/Executive,,,Suzy Gibson SHEARER,72,3,66,3,0
Pike,F104,County Judge/Executive,,,Brian A. MORRIS,80,13,62,5,0
Pike,F104,County Judge/Executive,,,Under Votes,1,0,1,0,0
Pike,F104,County Judge/Executive,,,Over Votes,0,0,0,0,0
Pike,F104,County Clerk,,,Subrenia Thacker MOON,75,5,66,4,0
Pike,F104,County Clerk,,,Darrell PUGH,75,11,61,3,0
Pike,F104,County Clerk,,,Under Votes,3,0,2,1,0
Pike,F104,County Clerk,,,Over Votes,0,0,0,0,0
Pike,F104,Sheriff,,,Rodney SCOTT,98,11,82,5,0
Pike,F104,Sheriff,,,Ellis McCOY,54,5,46,3,0
Pike,F104,Sheriff,,,Under Votes,1,0,1,0,0
Pike,F104,Sheriff,,,Over Votes,0,0,0,0,0
Pike,F104,Jailer,,,"Ronald ""Bubby"" SCOTT II.",49,7,41,1,0
Pike,F104,Jailer,,,Jeremy Todd MILLER,11,3,8,0,0
Pike,F104,Jailer,,,Perry Wayne HATFIELD,5,0,4,1,0
Pike,F104,Jailer,,,William A. WHITE,12,2,10,0,0
Pike,F104,Jailer,,,Ricky BOSTIC,50,3,41,6,0
Pike,F104,Jailer,,,John Jason FIELDS,16,1,15,0,0
Pike,F104,Jailer,,,Under Votes,10,0,10,0,0
Pike,F104,Jailer,,,Over Votes,0,0,0,0,0
Pike,F104,Coroner,,,Brenda JOHNSON,33,4,28,1,0
Pike,F104,Coroner,,,Kevin HALL,109,12,90,7,0
Pike,F104,Coroner,,,Under Votes,11,0,11,0,0
Pike,F104,Coroner,,,Over Votes,0,0,0,0,0
Pike,F104,U.S. Senate,,Democratic,Vincent Anthony THOMPSON,8,0,6,2,0
Pike,F104,U.S. Senate,,Democratic,Amy McGRATH,51,4,45,2,0
Pike,F104,U.S. Senate,,Democratic,Dale Lewis ROMANS,1,0,1,0,0
Pike,F104,U.S. Senate,,Democratic,Charles BOOKER,37,1,33,0,3
Pike,F104,U.S. Senate,,Democratic,Pamela STEVENSON,6,1,5,0,0
Pike,F104,U.S. Senate,,Democratic,Joshua BLANTON SR.,2,0,2,0,0
Pike,F104,U.S. Senate,,Democratic,Logan FORSYTHE,8,0,8,0,0
Pike,F104,U.S. Senate,,,Under Votes,1,0,1,0,0
Pike,F104,U.S. Senate,,,Over Votes,0,0,0,0,0
Pike,F105,U.S. Senate,,Republican,Daniel CAMERON,26,7,19,0,0
Pike,F105,U.S. Senate,,Republican,Jonathan M. HOLLIDAY,1,0,1,0,0
Pike,F105,U.S. Senate,,Republican,Andy BARR,59,12,43,0,4
Pike,F105,U.S. Senate,,Republican,Nate MORRIS,8,2,6,0,0
Pike,F105,U.S. Senate,,Republican,"Valerie ""Dr Val"" FREDRICK",2,1,0,1,0
Pike,F105,U.S. Senate,,Republican,A. Nick SHELLEY,0,0,0,0,0
Pike,F105,U.S. Senate,,Republican,James D. DUNCAN,0,0,0,0,0
Pike,F105,U.S. Senate,,Republican,Michael James FARIS,1,0,1,0,0
Pike,F105,U.S. Senate,,Republican,Anissa CATLETT,0,0,0,0,0
Pike,F105,U.S. Senate,,Republican,Other Donald WENZEL,0,0,0,0,0
Pike,F105,U.S. Senate,,Republican,Jimmy I. LEON,0,0,0,0,0
Pike,F105,U.S. Senate,,Republican,George WASHINGTON,0,0,0,0,0
Pike,F105,U.S. Senate,,,Under Votes,3,0,3,0,0
Pike,F105,U.S. Senate,,,Over Votes,0,0,0,0,0
Pike,F105,Ballots Cast,,,,151,,,,
Pike,F105,U.S. House,5,Republican,Kevin SMITH,20,4,14,0,2
Pike,F105,U.S. House,5,Republican,Benjamin HURLEY,11,4,6,1,0
Pike,F105,U.S. House,5,Republican,Hal ROGERS,62,13,47,0,2
Pike,F105,U.S. House,5,Republican,Jerry Lee SHELTON,0,0,0,0,0
Pike,F105,U.S. House,5,Republican,Brandon R. MONHOLLEN,0,0,0,0,0
Pike,F105,U.S. House,5,,Under Votes,7,1,6,0,0
Pike,F105,U.S. House,5,,Over Votes,0,0,0,0,0
Pike,F105,County Judge/Executive,,,Suzy Gibson SHEARER,39,10,27,0,2
Pike,F105,County Judge/Executive,,,Brian A. MORRIS,60,12,45,1,2
Pike,F105,County Judge/Executive,,,Under Votes,1,0,1,0,0
Pike,F105,County Judge/Executive,,,Over Votes,0,0,0,0,0
Pike,F105,County Clerk,,,Subrenia Thacker MOON,29,4,23,0,2
Pike,F105,County Clerk,,,Darrell PUGH,69,18,48,1,2
Pike,F105,County Clerk,,,Under Votes,2,0,2,0,0
Pike,F105,County Clerk,,,Over Votes,0,0,0,0,0
Pike,F105,Sheriff,,,Rodney SCOTT,53,16,36,1,0
Pike,F105,Sheriff,,,Ellis McCOY,47,6,37,0,4
Pike,F105,Sheriff,,,Under Votes,0,0,0,0,0
Pike,F105,Sheriff,,,Over Votes,0,0,0,0,0
Pike,F105,Jailer,,,"Ronald ""Bubby"" SCOTT II.",17,4,13,0,0
Pike,F105,Jailer,,,Jeremy Todd MILLER,14,2,12,0,0
Pike,F105,Jailer,,,Perry Wayne HATFIELD,7,2,5,0,0
Pike,F105,Jailer,,,William A. WHITE,4,0,4,0,0
Pike,F105,Jailer,,,Ricky BOSTIC,42,9,30,1,2
Pike,F105,Jailer,,,John Jason FIELDS,15,5,8,0,2
Pike,F105,Jailer,,,Under Votes,1,0,1,0,0
Pike,F105,Jailer,,,Over Votes,0,0,0,0,0
Pike,F105,Coroner,,,Brenda JOHNSON,9,2,7,0,0
Pike,F105,Coroner,,,Kevin HALL,87,20,62,1,4
Pike,F105,Coroner,,,Under Votes,4,0,4,0,0
Pike,F105,Coroner,,,Over Votes,0,0,0,0,0
Pike,F105,U.S. Senate,,Democratic,Vincent Anthony THOMPSON,6,1,5,0,0
Pike,F105,U.S. Senate,,Democratic,Amy McGRATH,27,9,18,0,0
Pike,F105,U.S. Senate,,Democratic,Dale Lewis ROMANS,1,0,1,0,0
Pike,F105,U.S. Senate,,Democratic,Charles BOOKER,10,1,9,0,0
Pike,F105,U.S. Senate,,Democratic,Pamela STEVENSON,1,0,1,0,0
Pike,F105,U.S. Senate,,Democratic,Joshua BLANTON SR.,3,2,1,0,0
Pike,F105,U.S. Senate,,Democratic,Logan FORSYTHE,2,2,0,0,0
Pike,F105,U.S. Senate,,,Under Votes,1,0,1,0,0
Pike,F105,U.S. Senate,,,Over Votes,0,0,0,0,0
Pike,F106,U.S. Senate,,Republican,Daniel CAMERON,12,2,10,0,0
Pike,F106,U.S. Senate,,Republican,Jonathan M. HOLLIDAY,0,0,0,0,0
Pike,F106,U.S. Senate,,Republican,Andy BARR,36,9,27,0,0
Pike,F106,U.S. Senate,,Republican,Nate MORRIS,5,0,5,0,0
Pike,F106,U.S. Senate,,Republican,"Valerie ""Dr Val"" FREDRICK",0,0,0,0,0
Pike,F106,U.S. Senate,,Republican,A. Nick SHELLEY,1,0,1,0,0
Pike,F106,U.S. Senate,,Republican,James D. DUNCAN,0,0,0,0,0
Pike,F106,U.S. Senate,,Republican,Michael James FARIS,2,0,2,0,0
Pike,F106,U.S. Senate,,Republican,Anissa CATLETT,0,0,0,0,0
Pike,F106,U.S. Senate,,Republican,Other Donald WENZEL,0,0,0,0,0
Pike,F106,U.S. Senate,,Republican,Jimmy I. LEON,0,0,0,0,0
Pike,F106,U.S. Senate,,Republican,George WASHINGTON,0,0,0,0,0
Pike,F106,U.S. Senate,,,Under Votes,2,0,2,0,0
Pike,F106,U.S. Senate,,,Over Votes,0,0,0,0,0
Pike,F106,Ballots Cast,,,,106,,,,
Pike,F106,U.S. House,5,Republican,Kevin SMITH,4,0,4,0,0
Pike,F106,U.S. House,5,Republican,Benjamin HURLEY,13,1,12,0,0
Pike,F106,U.S. House,5,Republican,Hal ROGERS,37,10,27,0,0
Pike,F106,U.S. House,5,Republican,Jerry Lee SHELTON,0,0,0,0,0
Pike,F106,U.S. House,5,Republican,Brandon R. MONHOLLEN,1,0,1,0,0
Pike,F106,U.S. House,5,,Under Votes,3,0,3,0,0
Pike,F106,U.S. House,5,,Over Votes,0,0,0,0,0
Pike,F106,County Judge/Executive,,,Suzy Gibson SHEARER,23,4,19,0,0
Pike,F106,County Judge/Executive,,,Brian A. MORRIS,33,7,26,0,0
Pike,F106,County Judge/Executive,,,Under Votes,2,0,2,0,0
Pike,F106,County Judge/Executive,,,Over Votes,0,0,0,0,0
Pike,F106,County Clerk,,,Subrenia Thacker MOON,21,3,18,0,0
Pike,F106,County Clerk,,,Darrell PUGH,36,8,28,0,0
Pike,F106,County Clerk,,,Under Votes,0,0,0,0,0
Pike,F106,County Clerk,,,Over Votes,1,0,1,0,0
Pike,F106,Sheriff,,,Rodney SCOTT,28,5,23,0,0
Pike,F106,Sheriff,,,Ellis McCOY,30,6,24,0,0
Pike,F106,Sheriff,,,Under Votes,0,0,0,0,0
Pike,F106,Sheriff,,,Over Votes,0,0,0,0,0
Pike,F106,Jailer,,,"Ronald ""Bubby"" SCOTT II.",16,3,13,0,0
Pike,F106,Jailer,,,Jeremy Todd MILLER,7,0,7,0,0
Pike,F106,Jailer,,,Perry Wayne HATFIELD,4,0,4,0,0
Pike,F106,Jailer,,,William A. WHITE,2,1,1,0,0
Pike,F106,Jailer,,,Ricky BOSTIC,15,4,11,0,0
Pike,F106,Jailer,,,John Jason FIELDS,9,3,6,0,0
Pike,F106,Jailer,,,Under Votes,5,0,5,0,0
Pike,F106,Jailer,,,Over Votes,0,0,0,0,0
Pike,F106,Coroner,,,Brenda JOHNSON,11,2,9,0,0
Pike,F106,Coroner,,,Kevin HALL,42,8,34,0,0
Pike,F106,Coroner,,,Under Votes,5,1,4,0,0
Pike,F106,Coroner,,,Over Votes,0,0,0,0,0
Pike,F106,U.S. Senate,,Democratic,Vincent Anthony THOMPSON,8,4,4,0,0
Pike,F106,U.S. Senate,,Democratic,Amy McGRATH,21,3,16,2,0
Pike,F106,U.S. Senate,,Democratic,Dale Lewis ROMANS,2,0,2,0,0
Pike,F106,U.S. Senate,,Democratic,Charles BOOKER,9,0,9,0,0
Pike,F106,U.S. Senate,,Democratic,Pamela STEVENSON,2,0,2,0,0
Pike,F106,U.S. Senate,,Democratic,Joshua BLANTON SR.,1,0,1,0,0
Pike,F106,U.S. Senate,,Democratic,Logan FORSYTHE,0,0,0,0,0
Pike,F106,U.S. Senate,,,Under Votes,5,0,5,0,0
Pike,F106,U.S. Senate,,,Over Votes,0,0,0,0,0
Pike,F107,U.S. Senate,,Republican,Daniel CAMERON,25,7,18,0,0
Pike,F107,U.S. Senate,,Republican,Jonathan M. HOLLIDAY,1,0,1,0,0
Pike,F107,U.S. Senate,,Republican,Andy BARR,59,12,45,2,0
Pike,F107,U.S. Senate,,Republican,Nate MORRIS,1,0,1,0,0
Pike,F107,U.S. Senate,,Republican,"Valerie ""Dr Val"" FREDRICK",0,0,0,0,0
Pike,F107,U.S. Senate,,Republican,A. Nick SHELLEY,0,0,0,0,0
Pike,F107,U.S. Senate,,Republican,James D. DUNCAN,1,0,1,0,0
Pike,F107,U.S. Senate,,Republican,Michael James FARIS,0,0,0,0,0
Pike,F107,U.S. Senate,,Republican,Anissa CATLETT,1,0,1,0,0
Pike,F107,U.S. Senate,,Republican,Other Donald WENZEL,0,0,0,0,0
Pike,F107,U.S. Senate,,Republican,Jimmy I. LEON,0,0,0,0,0
Pike,F107,U.S. Senate,,Republican,George WASHINGTON,0,0,0,0,0
Pike,F107,U.S. Senate,,,Under Votes,2,0,2,0,0
Pike,F107,U.S. Senate,,,Over Votes,0,0,0,0,0
Pike,F107,Ballots Cast,,,,134,,,,
Pike,F107,U.S. House,5,Republican,Kevin SMITH,9,2,7,0,0
Pike,F107,U.S. House,5,Republican,Benjamin HURLEY,9,3,6,0,0
Pike,F107,U.S. House,5,Republican,Hal ROGERS,69,14,53,2,0
Pike,F107,U.S. House,5,Republican,Jerry Lee SHELTON,0,0,0,0,0
Pike,F107,U.S. House,5,Republican,Brandon R. MONHOLLEN,2,0,2,0,0
Pike,F107,U.S. House,5,,Under Votes,1,0,1,0,0
Pike,F107,U.S. House,5,,Over Votes,0,0,0,0,0
Pike,F107,County Judge/Executive,,,Suzy Gibson SHEARER,44,6,36,2,0
Pike,F107,County Judge/Executive,,,Brian A. MORRIS,44,13,31,0,0
Pike,F107,County Judge/Executive,,,Under Votes,2,0,2,0,0
Pike,F107,County Judge/Executive,,,Over Votes,0,0,0,0,0
Pike,F107,County Clerk,,,Subrenia Thacker MOON,33,7,24,2,0
Pike,F107,County Clerk,,,Darrell PUGH,56,12,44,0,0
Pike,F107,County Clerk,,,Under Votes,1,0,1,0,0
Pike,F107,County Clerk,,,Over Votes,0,0,0,0,0
Pike,F107,Sheriff,,,Rodney SCOTT,46,10,36,0,0
Pike,F107,Sheriff,,,Ellis McCOY,44,9,33,2,0
Pike,F107,Sheriff,,,Under Votes,0,0,0,0,0
Pike,F107,Sheriff,,,Over Votes,0,0,0,0,0
Pike,F107,Jailer,,,"Ronald ""Bubby"" SCOTT II.",6,2,4,0,0
Pike,F107,Jailer,,,Jeremy Todd MILLER,26,3,23,0,0
Pike,F107,Jailer,,,Perry Wayne HATFIELD,2,0,2,0,0
Pike,F107,Jailer,,,William A. WHITE,11,6,5,0,0
Pike,F107,Jailer,,,Ricky BOSTIC,30,6,22,2,0
Pike,F107,Jailer,,,John Jason FIELDS,11,2,9,0,0
Pike,F107,Jailer,,,Under Votes,4,0,4,0,0
Pike,F107,Jailer,,,Over Votes,0,0,0,0,0
Pike,F107,Coroner,,,Brenda JOHNSON,20,2,16,2,0
Pike,F107,Coroner,,,Kevin HALL,67,16,51,0,0
Pike,F107,Coroner,,,Under Votes,3,1,2,0,0
Pike,F107,Coroner,,,Over Votes,0,0,0,0,0
Pike,F107,U.S. Senate,,Democratic,Vincent Anthony THOMPSON,4,1,3,0,0
Pike,F107,U.S. Senate,,Democratic,Amy McGRATH,19,1,18,0,0
Pike,F107,U.S. Senate,,Democratic,Dale Lewis ROMANS,5,1,4,0,0
Pike,F107,U.S. Senate,,Democratic,Charles BOOKER,7,1,6,0,0
Pike,F107,U.S. Senate,,Democratic,Pamela STEVENSON,1,0,1,0,0
Pike,F107,U.S. Senate,,Democratic,Joshua BLANTON SR.,1,0,1,0,0
Pike,F107,U.S. Senate,,Democratic,Logan FORSYTHE,3,0,3,0,0
Pike,F107,U.S. Senate,,,Under Votes,4,0,4,0,0
Pike,F107,U.S. Senate,,,Over Votes,0,0,0,0,0
Pike,F108,U.S. Senate,,Republican,Daniel CAMERON,40,8,32,0,0
Pike,F108,U.S. Senate,,Republican,Jonathan M. HOLLIDAY,1,0,1,0,0
Pike,F108,U.S. Senate,,Republican,Andy BARR,127,42,85,0,0
Pike,F108,U.S. Senate,,Republican,Nate MORRIS,14,3,11,0,0
Pike,F108,U.S. Senate,,Republican,"Valerie ""Dr Val"" FREDRICK",3,0,2,1,0
Pike,F108,U.S. Senate,,Republican,A. Nick SHELLEY,0,0,0,0,0
Pike,F108,U.S. Senate,,Republican,James D. DUNCAN,0,0,0,0,0
Pike,F108,U.S. Senate,,Republican,Michael James FARIS,0,0,0,0,0
Pike,F108,U.S. Senate,,Republican,Anissa CATLETT,1,1,0,0,0
Pike,F108,U.S. Senate,,Republican,Other Donald WENZEL,0,0,0,0,0
Pike,F108,U.S. Senate,,Republican,Jimmy I. LEON,0,0,0,0,0
Pike,F108,U.S. Senate,,Republican,George WASHINGTON,6,0,6,0,0
Pike,F108,U.S. Senate,,,Under Votes,3,0,3,0,0
Pike,F108,U.S. Senate,,,Over Votes,0,0,0,0,0
Pike,F108,Ballots Cast,,,,306,,,,
Pike,F108,U.S. House,5,Republican,Kevin SMITH,15,3,12,0,0
Pike,F108,U.S. House,5,Republican,Benjamin HURLEY,21,1,20,0,0
Pike,F108,U.S. House,5,Republican,Hal ROGERS,146,47,99,0,0
Pike,F108,U.S. House,5,Republican,Jerry Lee SHELTON,4,2,2,0,0
Pike,F108,U.S. House,5,Republican,Brandon R. MONHOLLEN,2,0,1,1,0
Pike,F108,U.S. House,5,,Under Votes,7,1,6,0,0
Pike,F108,U.S. House,5,,Over Votes,0,0,0,0,0
Pike,F108,County Judge/Executive,,,Suzy Gibson SHEARER,68,14,53,1,0
Pike,F108,County Judge/Executive,,,Brian A. MORRIS,123,40,83,0,0
Pike,F108,County Judge/Executive,,,Under Votes,4,0,4,0,0
Pike,F108,County Judge/Executive,,,Over Votes,0,0,0,0,0
Pike,F108,County Clerk,,,Subrenia Thacker MOON,64,13,51,0,0
Pike,F108,County Clerk,,,Darrell PUGH,129,41,87,1,0
Pike,F108,County Clerk,,,Under Votes,2,0,2,0,0
Pike,F108,County Clerk,,,Over Votes,0,0,0,0,0
Pike,F108,Sheriff,,,Rodney SCOTT,123,38,85,0,0
Pike,F108,Sheriff,,,Ellis McCOY,70,16,53,1,0
Pike,F108,Sheriff,,,Under Votes,2,0,2,0,0
Pike,F108,Sheriff,,,Over Votes,0,0,0,0,0
Pike,F108,Jailer,,,"Ronald ""Bubby"" SCOTT II.",46,14,32,0,0
Pike,F108,Jailer,,,Jeremy Todd MILLER,16,5,11,0,0
Pike,F108,Jailer,,,Perry Wayne HATFIELD,13,5,8,0,0
Pike,F108,Jailer,,,William A. WHITE,12,4,8,0,0
Pike,F108,Jailer,,,Ricky BOSTIC,82,22,59,1,0
Pike,F108,Jailer,,,John Jason FIELDS,18,2,16,0,0
Pike,F108,Jailer,,,Under Votes,7,2,5,0,0
Pike,F108,Jailer,,,Over Votes,1,0,1,0,0
Pike,F108,Coroner,,,Brenda JOHNSON,45,8,37,0,0
Pike,F108,Coroner,,,Kevin HALL,145,45,99,1,0
Pike,F108,Coroner,,,Under Votes,5,1,4,0,0
Pike,F108,Coroner,,,Over Votes,0,0,0,0,0
Pike,F108,U.S. Senate,,Democratic,Vincent Anthony THOMPSON,10,4,6,0,0
Pike,F108,U.S. Senate,,Democratic,Amy McGRATH,43,8,33,2,0
Pike,F108,U.S. Senate,,Democratic,Dale Lewis ROMANS,7,1,4,2,0
Pike,F108,U.S. Senate,,Democratic,Charles BOOKER,25,5,17,3,0
Pike,F108,U.S. Senate,,Democratic,Pamela STEVENSON,5,0,4,1,0
Pike,F108,U.S. Senate,,Democratic,Joshua BLANTON SR.,7,1,6,0,0
Pike,F108,U.S. Senate,,Democratic,Logan FORSYTHE,6,1,4,1,0
Pike,F108,U.S. Senate,,,Under Votes,8,0,8,0,0
Pike,F108,U.S. Senate,,,Over Votes,0,0,0,0,0
Pike,F109,U.S. Senate,,Republican,Daniel CAMERON,7,2,5,0,0
Pike,F109,U.S. Senate,,Republican,Jonathan M. HOLLIDAY,0,0,0,0,0
Pike,F109,U.S. Senate,,Republican,Andy BARR,22,0,22,0,0
Pike,F109,U.S. Senate,,Republican,Nate MORRIS,5,0,5,0,0
Pike,F109,U.S. Senate,,Republican,"Valerie ""Dr Val"" FREDRICK",1,0,1,0,0
Pike,F109,U.S. Senate,,Republican,A. Nick SHELLEY,0,0,0,0,0
Pike,F109,U.S. Senate,,Republican,James D. DUNCAN,0,0,0,0,0
Pike,F109,U.S. Senate,,Republican,Michael James FARIS,0,0,0,0,0
Pike,F109,U.S. Senate,,Republican,Anissa CATLETT,0,0,0,0,0
Pike,F109,U.S. Senate,,Republican,Other Donald WENZEL,0,0,0,0,0
Pike,F109,U.S. Senate,,Republican,Jimmy I. LEON,1,1,0,0,0
Pike,F109,U.S. Senate,,Republican,George WASHINGTON,1,0,1,0,0
Pike,F109,U.S. Senate,,,Under Votes,0,0,0,0,0
Pike,F109,U.S. Senate,,,Over Votes,0,0,0,0,0
Pike,F109,Ballots Cast,,,,83,,,,
Pike,F109,U.S. House,5,Republican,Kevin SMITH,0,0,0,0,0
Pike,F109,U.S. House,5,Republican,Benjamin HURLEY,8,1,7,0,0
Pike,F109,U.S. House,5,Republican,Hal ROGERS,27,2,25,0,0
Pike,F109,U.S. House,5,Republican,Jerry Lee SHELTON,0,0,0,0,0
Pike,F109,U.S. House,5,Republican,Brandon R. MONHOLLEN,2,0,2,0,0
Pike,F109,U.S. House,5,,Under Votes,0,0,0,0,0
Pike,F109,U.S. House,5,,Over Votes,0,0,0,0,0
Pike,F109,County Judge/Executive,,,Suzy Gibson SHEARER,11,0,11,0,0
Pike,F109,County Judge/Executive,,,Brian A. MORRIS,24,3,21,0,0
Pike,F109,County Judge/Executive,,,Under Votes,2,0,2,0,0
Pike,F109,County Judge/Executive,,,Over Votes,0,0,0,0,0
Pike,F109,County Clerk,,,Subrenia Thacker MOON,11,0,11,0,0
Pike,F109,County Clerk,,,Darrell PUGH,24,3,21,0,0
Pike,F109,County Clerk,,,Under Votes,2,0,2,0,0
Pike,F109,County Clerk,,,Over Votes,0,0,0,0,0
Pike,F109,Sheriff,,,Rodney SCOTT,18,3,15,0,0
Pike,F109,Sheriff,,,Ellis McCOY,17,0,17,0,0
Pike,F109,Sheriff,,,Under Votes,2,0,2,0,0
Pike,F109,Sheriff,,,Over Votes,0,0,0,0,0
Pike,F109,Jailer,,,"Ronald ""Bubby"" SCOTT II.",14,1,13,0,0
Pike,F109,Jailer,,,Jeremy Todd MILLER,0,0,0,0,0
Pike,F109,Jailer,,,Perry Wayne HATFIELD,8,2,6,0,0
Pike,F109,Jailer,,,William A. WHITE,2,0,2,0,0
Pike,F109,Jailer,,,Ricky BOSTIC,7,0,7,0,0
Pike,F109,Jailer,,,John Jason FIELDS,3,0,3,0,0
Pike,F109,Jailer,,,Under Votes,3,0,3,0,0
Pike,F109,Jailer,,,Over Votes,0,0,0,0,0
Pike,F109,Coroner,,,Brenda JOHNSON,7,0,7,0,0
Pike,F109,Coroner,,,Kevin HALL,29,3,26,0,0
Pike,F109,Coroner,,,Under Votes,1,0,1,0,0
Pike,F109,Coroner,,,Over Votes,0,0,0,0,0
Pike,F109,U.S. Senate,,Democratic,Vincent Anthony THOMPSON,6,0,6,0,0
Pike,F109,U.S. Senate,,Democratic,Amy McGRATH,18,2,16,0,0
Pike,F109,U.S. Senate,,Democratic,Dale Lewis ROMANS,1,0,1,0,0
Pike,F109,U.S. Senate,,Democratic,Charles BOOKER,11,0,11,0,0
Pike,F109,U.S. Senate,,Democratic,Pamela STEVENSON,1,0,1,0,0
Pike,F109,U.S. Senate,,Democratic,Joshua BLANTON SR.,5,1,4,0,0
Pike,F109,U.S. Senate,,Democratic,Logan FORSYTHE,4,0,4,0,0
Pike,F109,U.S. Senate,,,Under Votes,0,0,0,0,0
Pike,F109,U.S. Senate,,,Over Votes,0,0,0,0,0
