county,precinct,office,district,party,candidate,votes,early_voting,election_day,absentee_mail,absentee
Perry,A101,U.S. Senate,,Republican,Daniel CAMERON,17,0,15,2,0
Perry,A101,U.S. Senate,,Republican,Jonathan M. HOLLIDAY,1,0,1,0,0
Perry,A101,U.S. Senate,,Republican,Andy BARR,50,3,45,2,0
Perry,A101,U.S. Senate,,Republican,"Valerie ""Dr Val"" FREDRICK",1,0,1,0,0
Perry,A101,U.S. Senate,,Republican,A. Nick SHELLEY,0,0,0,0,0
Perry,A101,U.S. Senate,,Republican,James D. DUNCAN,0,0,0,0,0
Perry,A101,U.S. Senate,,Republican,Michael James FARIS,0,0,0,0,0
Perry,A101,U.S. Senate,,Republican,Anissa CATLETT,0,0,0,0,0
Perry,A101,U.S. Senate,,Republican,Other Donald WENZEL,0,0,0,0,0
Perry,A101,U.S. Senate,,Republican,Jimmy I. LEON,0,0,0,0,0
Perry,A101,U.S. Senate,,Republican,George WASHINGTON,2,1,1,0,0
Perry,A101,U.S. Senate,,,Under Votes,16,2,14,0,0
Perry,A101,U.S. Senate,,,Over Votes,0,0,0,0,0
Perry,A101,Ballots Cast,,,,165,,,,
Perry,A101,U.S. House,5,Republican,Kevin SMITH,17,0,15,2,0
Perry,A101,U.S. House,5,Republican,Benjamin HURLEY,4,0,4,0,0
Perry,A101,U.S. House,5,Republican,Hal ROGERS,62,6,54,2,0
Perry,A101,U.S. House,5,Republican,Jerry Lee SHELTON,0,0,0,0,0
Perry,A101,U.S. House,5,Republican,Brandon R. MONHOLLEN,3,0,3,0,0
Perry,A101,U.S. House,5,,Under Votes,6,0,6,0,0
Perry,A101,U.S. House,5,,Over Votes,0,0,0,0,0
Perry,A101,State Senate,30,Republican,Brandon D. SMITH,61,3,56,2,0
Perry,A101,State Senate,30,Republican,Billy WESLEY,28,3,23,2,0
Perry,A101,State Senate,30,,Under Votes,3,0,3,0,0
Perry,A101,State Senate,30,,Over Votes,0,0,0,0,0
Perry,A101,County Judge/Executive,,,Denny Ray NOBLE,60,4,52,4,0
Perry,A101,County Judge/Executive,,,Lemuel BRASHEAR,4,0,4,0,0
Perry,A101,County Judge/Executive,,,Kenneth HALL,21,2,19,0,0
Perry,A101,County Judge/Executive,,,Under Votes,7,0,7,0,0
Perry,A101,County Judge/Executive,,,Over Votes,0,0,0,0,0
Perry,A101,Sheriff,,,Terry BREWER,23,2,19,2,0
Perry,A101,Sheriff,,,Shannon WOODS,43,3,38,2,0
Perry,A101,Sheriff,,,Vanessa L. COMBS,5,1,4,0,0
Perry,A101,Sheriff,,,Under Votes,21,0,21,0,0
Perry,A101,Sheriff,,,Over Votes,0,0,0,0,0
Perry,A101,Magistrate,,,"Donald ""Don"" MILLER",15,1,12,2,0
Perry,A101,Magistrate,,,"R. ""J.R."" ROWLAND",3,1,2,0,0
Perry,A101,Magistrate,,,Richard STIDHAM JR.,70,3,65,2,0
Perry,A101,Magistrate,,,Billy Ray CAMPBELL,3,1,2,0,0
Perry,A101,Magistrate,,,Under Votes,1,0,1,0,0
Perry,A101,Magistrate,,,Over Votes,0,0,0,0,0
Perry,A101,Constable,,,David BAKER,32,1,29,2,0
Perry,A101,Constable,,,Harold DIXON,33,3,28,2,0
Perry,A101,Constable,,,Under Votes,27,2,25,0,0
Perry,A101,Constable,,,Over Votes,0,0,0,0,0
Perry,A101,U.S. Senate,,Democratic,Vincent Anthony THOMPSON,8,0,8,0,0
Perry,A101,U.S. Senate,,Democratic,Amy McGRATH,22,5,17,0,0
Perry,A101,U.S. Senate,,Democratic,Dale Lewis ROMANS,2,0,2,0,0
Perry,A101,U.S. Senate,,Democratic,Charles BOOKER,12,0,12,0,0
Perry,A101,U.S. Senate,,Democratic,Pamela STEVENSON,2,0,2,0,0
Perry,A101,U.S. Senate,,Democratic,Joshua BLANTON SR.,4,0,2,2,0
Perry,A101,U.S. Senate,,Democratic,Logan FORSYTHE,5,1,4,0,0
Perry,A101,U.S. Senate,,,Under Votes,18,1,17,0,0
Perry,A101,U.S. Senate,,,Over Votes,0,0,0,0,0
Perry,A101,County Judge/Executive,,,Ellis HALL,5,0,5,0,0
Perry,A101,County Judge/Executive,,,Scott ALEXANDER,48,7,41,0,0
Perry,A101,County Judge/Executive,,,Harlan CAMPBELL,15,0,13,2,0
Perry,A101,County Judge/Executive,,,Under Votes,5,0,5,0,0
Perry,A101,County Judge/Executive,,,Over Votes,0,0,0,0,0
Perry,A101,Sheriff,,,"James ""Big'Un"" JEWELL",3,0,3,0,0
Perry,A101,Sheriff,,,Jessie DAY,53,6,45,2,0
Perry,A101,Sheriff,,,Shawn WHITE,14,1,13,0,0
Perry,A101,Sheriff,,,Under Votes,2,0,2,0,0
Perry,A101,Sheriff,,,Over Votes,1,0,1,0,0
Perry,A102,U.S. Senate,,Republican,Daniel CAMERON,18,0,18,0,0
Perry,A102,U.S. Senate,,Republican,Jonathan M. HOLLIDAY,1,0,1,0,0
Perry,A102,U.S. Senate,,Republican,Andy BARR,56,9,43,2,2
Perry,A102,U.S. Senate,,Republican,"Valerie ""Dr Val"" FREDRICK",1,0,0,1,0
Perry,A102,U.S. Senate,,Republican,A. Nick SHELLEY,0,0,0,0,0
Perry,A102,U.S. Senate,,Republican,James D. DUNCAN,0,0,0,0,0
Perry,A102,U.S. Senate,,Republican,Michael James FARIS,0,0,0,0,0
Perry,A102,U.S. Senate,,Republican,Anissa CATLETT,0,0,0,0,0
Perry,A102,U.S. Senate,,Republican,Other Donald WENZEL,0,0,0,0,0
Perry,A102,U.S. Senate,,Republican,Jimmy I. LEON,0,0,0,0,0
Perry,A102,U.S. Senate,,Republican,George WASHINGTON,1,0,1,0,0
Perry,A102,U.S. Senate,,,Under Votes,3,1,2,0,0
Perry,A102,U.S. Senate,,,Over Votes,0,0,0,0,0
Perry,A102,Ballots Cast,,,,154,,,,
Perry,A102,U.S. House,5,Republican,Kevin SMITH,0,0,0,0,0
Perry,A102,U.S. House,5,Republican,Benjamin HURLEY,1,0,1,0,0
Perry,A102,U.S. House,5,Republican,Hal ROGERS,78,10,63,3,2
Perry,A102,U.S. House,5,Republican,Jerry Lee SHELTON,0,0,0,0,0
Perry,A102,U.S. House,5,Republican,Brandon R. MONHOLLEN,2,0,2,0,0
Perry,A102,U.S. House,5,,Under Votes,3,0,3,0,0
Perry,A102,U.S. House,5,,Over Votes,0,0,0,0,0
Perry,A102,State Senate,30,Republican,Brandon D. SMITH,45,5,37,3,0
Perry,A102,State Senate,30,Republican,Billy WESLEY,38,5,31,0,2
Perry,A102,State Senate,30,,Under Votes,1,0,1,0,0
Perry,A102,State Senate,30,,Over Votes,0,0,0,0,0
Perry,A102,County Judge/Executive,,,Denny Ray NOBLE,74,9,60,3,2
Perry,A102,County Judge/Executive,,,Lemuel BRASHEAR,3,0,3,0,0
Perry,A102,County Judge/Executive,,,Kenneth HALL,2,0,2,0,0
Perry,A102,County Judge/Executive,,,Under Votes,5,1,4,0,0
Perry,A102,County Judge/Executive,,,Over Votes,0,0,0,0,0
Perry,A102,Sheriff,,,Terry BREWER,17,4,10,3,0
Perry,A102,Sheriff,,,Shannon WOODS,62,4,58,0,0
Perry,A102,Sheriff,,,Vanessa L. COMBS,5,2,1,0,2
Perry,A102,Sheriff,,,Under Votes,0,0,0,0,0
Perry,A102,Sheriff,,,Over Votes,0,0,0,0,0
Perry,A102,Magistrate,,,"Donald ""Don"" MILLER",24,0,22,2,0
Perry,A102,Magistrate,,,"R. ""J.R."" ROWLAND",19,0,19,0,0
Perry,A102,Magistrate,,,Richard STIDHAM JR.,29,6,20,1,2
Perry,A102,Magistrate,,,Billy Ray CAMPBELL,12,4,8,0,0
Perry,A102,Magistrate,,,Under Votes,0,0,0,0,0
Perry,A102,Magistrate,,,Over Votes,0,0,0,0,0
Perry,A102,Constable,,,David BAKER,23,1,20,2,0
Perry,A102,Constable,,,Harold DIXON,53,9,41,1,2
Perry,A102,Constable,,,Under Votes,8,0,8,0,0
Perry,A102,Constable,,,Over Votes,0,0,0,0,0
Perry,A102,U.S. Senate,,Democratic,Vincent Anthony THOMPSON,7,2,5,0,0
Perry,A102,U.S. Senate,,Democratic,Amy McGRATH,21,10,10,1,0
Perry,A102,U.S. Senate,,Democratic,Dale Lewis ROMANS,0,0,0,0,0
Perry,A102,U.S. Senate,,Democratic,Charles BOOKER,22,4,15,1,2
Perry,A102,U.S. Senate,,Democratic,Pamela STEVENSON,4,3,1,0,0
Perry,A102,U.S. Senate,,Democratic,Joshua BLANTON SR.,3,1,2,0,0
Perry,A102,U.S. Senate,,Democratic,Logan FORSYTHE,1,0,1,0,0
Perry,A102,U.S. Senate,,,Under Votes,12,4,8,0,0
Perry,A102,U.S. Senate,,,Over Votes,0,0,0,0,0
Perry,A102,County Judge/Executive,,,Ellis HALL,6,1,4,1,0
Perry,A102,County Judge/Executive,,,Scott ALEXANDER,44,14,27,1,2
Perry,A102,County Judge/Executive,,,Harlan CAMPBELL,13,6,7,0,0
Perry,A102,County Judge/Executive,,,Under Votes,7,3,4,0,0
Perry,A102,County Judge/Executive,,,Over Votes,0,0,0,0,0
Perry,A102,Sheriff,,,"James ""Big'Un"" JEWELL",2,2,0,0,0
Perry,A102,Sheriff,,,Jessie DAY,44,16,26,2,0
Perry,A102,Sheriff,,,Shawn WHITE,24,6,16,0,2
Perry,A102,Sheriff,,,Under Votes,0,0,0,0,0
Perry,A102,Sheriff,,,Over Votes,0,0,0,0,0
Perry,A103,U.S. Senate,,Republican,Daniel CAMERON,31,1,30,0,0
Perry,A103,U.S. Senate,,Republican,Jonathan M. HOLLIDAY,1,0,1,0,0
Perry,A103,U.S. Senate,,Republican,Andy BARR,81,8,68,5,0
Perry,A103,U.S. Senate,,Republican,"Valerie ""Dr Val"" FREDRICK",1,0,1,0,0
Perry,A103,U.S. Senate,,Republican,A. Nick SHELLEY,0,0,0,0,0
Perry,A103,U.S. Senate,,Republican,James D. DUNCAN,0,0,0,0,0
Perry,A103,U.S. Senate,,Republican,Michael James FARIS,0,0,0,0,0
Perry,A103,U.S. Senate,,Republican,Anissa CATLETT,0,0,0,0,0
Perry,A103,U.S. Senate,,Republican,Other Donald WENZEL,0,0,0,0,0
Perry,A103,U.S. Senate,,Republican,Jimmy I. LEON,0,0,0,0,0
Perry,A103,U.S. Senate,,Republican,George WASHINGTON,4,0,4,0,0
Perry,A103,U.S. Senate,,,Under Votes,9,0,9,0,0
Perry,A103,U.S. Senate,,,Over Votes,0,0,0,0,0
Perry,A103,Ballots Cast,,,,176,,,,
Perry,A103,U.S. House,5,Republican,Kevin SMITH,5,1,4,0,0
Perry,A103,U.S. House,5,Republican,Benjamin HURLEY,8,0,8,0,0
Perry,A103,U.S. House,5,Republican,Hal ROGERS,112,8,99,5,0
Perry,A103,U.S. House,5,Republican,Jerry Lee SHELTON,0,0,0,0,0
Perry,A103,U.S. House,5,Republican,Brandon R. MONHOLLEN,2,0,2,0,0
Perry,A103,U.S. House,5,,Under Votes,4,0,4,0,0
Perry,A103,U.S. House,5,,Over Votes,0,0,0,0,0
Perry,A103,State Senate,30,Republican,Brandon D. SMITH,95,8,82,5,0
Perry,A103,State Senate,30,Republican,Billy WESLEY,32,1,31,0,0
Perry,A103,State Senate,30,,Under Votes,4,0,4,0,0
Perry,A103,State Senate,30,,Over Votes,0,0,0,0,0
Perry,A103,County Judge/Executive,,,Denny Ray NOBLE,89,5,79,5,0
Perry,A103,County Judge/Executive,,,Lemuel BRASHEAR,13,2,11,0,0
Perry,A103,County Judge/Executive,,,Kenneth HALL,22,2,20,0,0
Perry,A103,County Judge/Executive,,,Under Votes,7,0,7,0,0
Perry,A103,County Judge/Executive,,,Over Votes,0,0,0,0,0
Perry,A103,Sheriff,,,Terry BREWER,58,4,53,1,0
Perry,A103,Sheriff,,,Shannon WOODS,53,5,44,4,0
Perry,A103,Sheriff,,,Vanessa L. COMBS,5,0,5,0,0
Perry,A103,Sheriff,,,Under Votes,15,0,15,0,0
Perry,A103,Sheriff,,,Over Votes,0,0,0,0,0
Perry,A103,Magistrate,,,"Donald ""Don"" MILLER",13,2,11,0,0
Perry,A103,Magistrate,,,"R. ""J.R."" ROWLAND",11,0,11,0,0
Perry,A103,Magistrate,,,Richard STIDHAM JR.,87,5,77,5,0
Perry,A103,Magistrate,,,Billy Ray CAMPBELL,17,2,15,0,0
Perry,A103,Magistrate,,,Under Votes,3,0,3,0,0
Perry,A103,Magistrate,,,Over Votes,0,0,0,0,0
Perry,A103,Constable,,,David BAKER,51,5,44,2,0
Perry,A103,Constable,,,Harold DIXON,56,4,49,3,0
Perry,A103,Constable,,,Under Votes,24,0,24,0,0
Perry,A103,Constable,,,Over Votes,0,0,0,0,0
Perry,A103,U.S. Senate,,Democratic,Vincent Anthony THOMPSON,4,0,4,0,0
Perry,A103,U.S. Senate,,Democratic,Amy McGRATH,16,0,16,0,0
Perry,A103,U.S. Senate,,Democratic,Dale Lewis ROMANS,4,2,2,0,0
Perry,A103,U.S. Senate,,Democratic,Charles BOOKER,6,0,5,0,1
Perry,A103,U.S. Senate,,Democratic,Pamela STEVENSON,1,0,1,0,0
Perry,A103,U.S. Senate,,Democratic,Joshua BLANTON SR.,5,1,4,0,0
Perry,A103,U.S. Senate,,Democratic,Logan FORSYTHE,0,0,0,0,0
Perry,A103,U.S. Senate,,,Under Votes,9,0,9,0,0
Perry,A103,U.S. Senate,,,Over Votes,0,0,0,0,0
Perry,A103,County Judge/Executive,,,Ellis HALL,10,1,9,0,0
Perry,A103,County Judge/Executive,,,Scott ALEXANDER,22,0,21,0,1
Perry,A103,County Judge/Executive,,,Harlan CAMPBELL,9,2,7,0,0
Perry,A103,County Judge/Executive,,,Under Votes,4,0,4,0,0
Perry,A103,County Judge/Executive,,,Over Votes,0,0,0,0,0
Perry,A103,Sheriff,,,"James ""Big'Un"" JEWELL",3,0,3,0,0
Perry,A103,Sheriff,,,Jessie DAY,37,3,33,0,1
Perry,A103,Sheriff,,,Shawn WHITE,4,0,4,0,0
Perry,A103,Sheriff,,,Under Votes,1,0,1,0,0
Perry,A103,Sheriff,,,Over Votes,0,0,0,0,0
Perry,A104,U.S. Senate,,Republican,Daniel CAMERON,5,1,4,0,0
Perry,A104,U.S. Senate,,Republican,Jonathan M. HOLLIDAY,0,0,0,0,0
Perry,A104,U.S. Senate,,Republican,Andy BARR,14,3,11,0,0
Perry,A104,U.S. Senate,,Republican,"Valerie ""Dr Val"" FREDRICK",1,0,1,0,0
Perry,A104,U.S. Senate,,Republican,A. Nick SHELLEY,0,0,0,0,0
Perry,A104,U.S. Senate,,Republican,James D. DUNCAN,0,0,0,0,0
Perry,A104,U.S. Senate,,Republican,Michael James FARIS,0,0,0,0,0
Perry,A104,U.S. Senate,,Republican,Anissa CATLETT,0,0,0,0,0
Perry,A104,U.S. Senate,,Republican,Other Donald WENZEL,0,0,0,0,0
Perry,A104,U.S. Senate,,Republican,Jimmy I. LEON,0,0,0,0,0
Perry,A104,U.S. Senate,,Republican,George WASHINGTON,1,0,1,0,0
Perry,A104,U.S. Senate,,,Under Votes,2,1,1,0,0
Perry,A104,U.S. Senate,,,Over Votes,0,0,0,0,0
Perry,A104,Ballots Cast,,,,48,,,,
Perry,A104,U.S. House,5,Republican,Kevin SMITH,4,0,4,0,0
Perry,A104,U.S. House,5,Republican,Benjamin HURLEY,2,1,1,0,0
Perry,A104,U.S. House,5,Republican,Hal ROGERS,14,3,11,0,0
Perry,A104,U.S. House,5,Republican,Jerry Lee SHELTON,0,0,0,0,0
Perry,A104,U.S. House,5,Republican,Brandon R. MONHOLLEN,1,0,1,0,0
Perry,A104,U.S. House,5,,Under Votes,2,1,1,0,0
Perry,A104,U.S. House,5,,Over Votes,0,0,0,0,0
Perry,A104,State Senate,30,Republican,Brandon D. SMITH,18,4,14,0,0
Perry,A104,State Senate,30,Republican,Billy WESLEY,4,1,3,0,0
Perry,A104,State Senate,30,,Under Votes,1,0,1,0,0
Perry,A104,State Senate,30,,Over Votes,0,0,0,0,0
Perry,A104,County Judge/Executive,,,Denny Ray NOBLE,14,5,9,0,0
Perry,A104,County Judge/Executive,,,Lemuel BRASHEAR,0,0,0,0,0
Perry,A104,County Judge/Executive,,,Kenneth HALL,7,0,7,0,0
Perry,A104,County Judge/Executive,,,Under Votes,2,0,2,0,0
Perry,A104,County Judge/Executive,,,Over Votes,0,0,0,0,0
Perry,A104,Sheriff,,,Terry BREWER,3,1,2,0,0
Perry,A104,Sheriff,,,Shannon WOODS,17,3,14,0,0
Perry,A104,Sheriff,,,Vanessa L. COMBS,1,0,1,0,0
Perry,A104,Sheriff,,,Under Votes,2,1,1,0,0
Perry,A104,Sheriff,,,Over Votes,0,0,0,0,0
Perry,A104,Magistrate,,,"Donald ""Don"" MILLER",4,2,2,0,0
Perry,A104,Magistrate,,,"R. ""J.R."" ROWLAND",2,1,1,0,0
Perry,A104,Magistrate,,,Richard STIDHAM JR.,8,1,7,0,0
Perry,A104,Magistrate,,,Billy Ray CAMPBELL,9,1,8,0,0
Perry,A104,Magistrate,,,Under Votes,0,0,0,0,0
Perry,A104,Magistrate,,,Over Votes,0,0,0,0,0
Perry,A104,Constable,,,David BAKER,11,3,8,0,0
Perry,A104,Constable,,,Harold DIXON,10,2,8,0,0
Perry,A104,Constable,,,Under Votes,2,0,2,0,0
Perry,A104,Constable,,,Over Votes,0,0,0,0,0
Perry,A104,U.S. Senate,,Democratic,Vincent Anthony THOMPSON,1,0,1,0,0
Perry,A104,U.S. Senate,,Democratic,Amy McGRATH,9,0,9,0,0
Perry,A104,U.S. Senate,,Democratic,Dale Lewis ROMANS,0,0,0,0,0
Perry,A104,U.S. Senate,,Democratic,Charles BOOKER,8,1,7,0,0
Perry,A104,U.S. Senate,,Democratic,Pamela STEVENSON,0,0,0,0,0
Perry,A104,U.S. Senate,,Democratic,Joshua BLANTON SR.,4,0,4,0,0
Perry,A104,U.S. Senate,,Democratic,Logan FORSYTHE,1,0,1,0,0
Perry,A104,U.S. Senate,,,Under Votes,2,0,2,0,0
Perry,A104,U.S. Senate,,,Over Votes,0,0,0,0,0
Perry,A104,County Judge/Executive,,,Ellis HALL,3,0,3,0,0
Perry,A104,County Judge/Executive,,,Scott ALEXANDER,6,1,5,0,0
Perry,A104,County Judge/Executive,,,Harlan CAMPBELL,13,0,13,0,0
Perry,A104,County Judge/Executive,,,Under Votes,3,0,3,0,0
Perry,A104,County Judge/Executive,,,Over Votes,0,0,0,0,0
Perry,A104,Sheriff,,,"James ""Big'Un"" JEWELL",1,1,0,0,0
Perry,A104,Sheriff,,,Jessie DAY,15,0,15,0,0
Perry,A104,Sheriff,,,Shawn WHITE,9,0,9,0,0
Perry,A104,Sheriff,,,Under Votes,0,0,0,0,0
Perry,A104,Sheriff,,,Over Votes,0,0,0,0,0
Perry,A105,U.S. Senate,,Republican,Daniel CAMERON,7,0,7,0,0
Perry,A105,U.S. Senate,,Republican,Jonathan M. HOLLIDAY,0,0,0,0,0
Perry,A105,U.S. Senate,,Republican,Andy BARR,45,3,39,3,0
Perry,A105,U.S. Senate,,Republican,"Valerie ""Dr Val"" FREDRICK",2,0,2,0,0
Perry,A105,U.S. Senate,,Republican,A. Nick SHELLEY,0,0,0,0,0
Perry,A105,U.S. Senate,,Republican,James D. DUNCAN,0,0,0,0,0
Perry,A105,U.S. Senate,,Republican,Michael James FARIS,0,0,0,0,0
Perry,A105,U.S. Senate,,Republican,Anissa CATLETT,0,0,0,0,0
Perry,A105,U.S. Senate,,Republican,Other Donald WENZEL,0,0,0,0,0
Perry,A105,U.S. Senate,,Republican,Jimmy I. LEON,0,0,0,0,0
Perry,A105,U.S. Senate,,Republican,George WASHINGTON,1,0,1,0,0
Perry,A105,U.S. Senate,,,Under Votes,3,0,3,0,0
Perry,A105,U.S. Senate,,,Over Votes,0,0,0,0,0
Perry,A105,Ballots Cast,,,,125,,,,
Perry,A105,U.S. House,5,Republican,Kevin SMITH,7,0,7,0,0
Perry,A105,U.S. House,5,Republican,Benjamin HURLEY,6,0,6,0,0
Perry,A105,U.S. House,5,Republican,Hal ROGERS,44,3,38,3,0
Perry,A105,U.S. House,5,Republican,Jerry Lee SHELTON,1,0,1,0,0
Perry,A105,U.S. House,5,Republican,Brandon R. MONHOLLEN,1,0,1,0,0
Perry,A105,U.S. House,5,,Under Votes,3,0,3,0,0
Perry,A105,U.S. House,5,,Over Votes,0,0,0,0,0
Perry,A105,State Senate,30,Republican,Brandon D. SMITH,51,3,45,3,0
Perry,A105,State Senate,30,Republican,Billy WESLEY,8,0,8,0,0
Perry,A105,State Senate,30,,Under Votes,3,0,3,0,0
Perry,A105,State Senate,30,,Over Votes,0,0,0,0,0
Perry,A105,County Judge/Executive,,,Denny Ray NOBLE,32,0,31,1,0
Perry,A105,County Judge/Executive,,,Lemuel BRASHEAR,3,0,3,0,0
Perry,A105,County Judge/Executive,,,Kenneth HALL,20,3,15,2,0
Perry,A105,County Judge/Executive,,,Under Votes,7,0,7,0,0
Perry,A105,County Judge/Executive,,,Over Votes,0,0,0,0,0
Perry,A105,Sheriff,,,Terry BREWER,23,2,18,3,0
Perry,A105,Sheriff,,,Shannon WOODS,31,1,30,0,0
Perry,A105,Sheriff,,,Vanessa L. COMBS,4,0,4,0,0
Perry,A105,Sheriff,,,Under Votes,4,0,4,0,0
Perry,A105,Sheriff,,,Over Votes,0,0,0,0,0
Perry,A105,Magistrate,,,"Donald ""Don"" MILLER",22,1,20,1,0
Perry,A105,Magistrate,,,"R. ""J.R."" ROWLAND",10,0,10,0,0
Perry,A105,Magistrate,,,Richard STIDHAM JR.,16,2,12,2,0
Perry,A105,Magistrate,,,Billy Ray CAMPBELL,11,0,11,0,0
Perry,A105,Magistrate,,,Under Votes,3,0,3,0,0
Perry,A105,Magistrate,,,Over Votes,0,0,0,0,0
Perry,A105,Constable,,,David BAKER,32,2,28,2,0
Perry,A105,Constable,,,Harold DIXON,18,1,17,0,0
Perry,A105,Constable,,,Under Votes,12,0,11,1,0
Perry,A105,Constable,,,Over Votes,0,0,0,0,0
Perry,A105,U.S. Senate,,Democratic,Vincent Anthony THOMPSON,5,1,4,0,0
Perry,A105,U.S. Senate,,Democratic,Amy McGRATH,13,1,12,0,0
Perry,A105,U.S. Senate,,Democratic,Dale Lewis ROMANS,1,0,1,0,0
Perry,A105,U.S. Senate,,Democratic,Charles BOOKER,16,3,13,0,0
Perry,A105,U.S. Senate,,Democratic,Pamela STEVENSON,5,0,5,0,0
Perry,A105,U.S. Senate,,Democratic,Joshua BLANTON SR.,3,0,3,0,0
Perry,A105,U.S. Senate,,Democratic,Logan FORSYTHE,2,0,2,0,0
Perry,A105,U.S. Senate,,,Under Votes,18,2,16,0,0
Perry,A105,U.S. Senate,,,Over Votes,0,0,0,0,0
Perry,A105,County Judge/Executive,,,Ellis HALL,6,0,6,0,0
Perry,A105,County Judge/Executive,,,Scott ALEXANDER,31,5,26,0,0
Perry,A105,County Judge/Executive,,,Harlan CAMPBELL,25,2,23,0,0
Perry,A105,County Judge/Executive,,,Under Votes,1,0,1,0,0
Perry,A105,County Judge/Executive,,,Over Votes,0,0,0,0,0
Perry,A105,Sheriff,,,"James ""Big'Un"" JEWELL",0,0,0,0,0
Perry,A105,Sheriff,,,Jessie DAY,41,6,35,0,0
Perry,A105,Sheriff,,,Shawn WHITE,22,1,21,0,0
Perry,A105,Sheriff,,,Under Votes,0,0,0,0,0
Perry,A105,Sheriff,,,Over Votes,0,0,0,0,0
Perry,A107,U.S. Senate,,Republican,Daniel CAMERON,7,0,7,0,0
Perry,A107,U.S. Senate,,Republican,Jonathan M. HOLLIDAY,3,1,2,0,0
Perry,A107,U.S. Senate,,Republican,Andy BARR,23,0,23,0,0
Perry,A107,U.S. Senate,,Republican,"Valerie ""Dr Val"" FREDRICK",0,0,0,0,0
Perry,A107,U.S. Senate,,Republican,A. Nick SHELLEY,0,0,0,0,0
Perry,A107,U.S. Senate,,Republican,James D. DUNCAN,1,1,0,0,0
Perry,A107,U.S. Senate,,Republican,Michael James FARIS,0,0,0,0,0
Perry,A107,U.S. Senate,,Republican,Anissa CATLETT,0,0,0,0,0
Perry,A107,U.S. Senate,,Republican,Other Donald WENZEL,0,0,0,0,0
Perry,A107,U.S. Senate,,Republican,Jimmy I. LEON,0,0,0,0,0
Perry,A107,U.S. Senate,,Republican,George WASHINGTON,1,0,1,0,0
Perry,A107,U.S. Senate,,,Under Votes,0,0,0,0,0
Perry,A107,U.S. Senate,,,Over Votes,0,0,0,0,0
Perry,A107,Ballots Cast,,,,97,,,,
Perry,A107,U.S. House,5,Republican,Kevin SMITH,5,1,4,0,0
Perry,A107,U.S. House,5,Republican,Benjamin HURLEY,0,0,0,0,0
Perry,A107,U.S. House,5,Republican,Hal ROGERS,32,0,32,0,0
Perry,A107,U.S. House,5,Republican,Jerry Lee SHELTON,1,0,1,0,0
Perry,A107,U.S. House,5,Republican,Brandon R. MONHOLLEN,2,1,1,0,0
Perry,A107,U.S. House,5,,Under Votes,0,0,0,0,0
Perry,A107,U.S. House,5,,Over Votes,0,0,0,0,0
Perry,A107,State Senate,30,Republican,Brandon D. SMITH,29,1,28,0,0
Perry,A107,State Senate,30,Republican,Billy WESLEY,10,1,9,0,0
Perry,A107,State Senate,30,,Under Votes,1,0,1,0,0
Perry,A107,State Senate,30,,Over Votes,0,0,0,0,0
Perry,A107,County Judge/Executive,,,Denny Ray NOBLE,21,0,21,0,0
Perry,A107,County Judge/Executive,,,Lemuel BRASHEAR,0,0,0,0,0
Perry,A107,County Judge/Executive,,,Kenneth HALL,18,2,16,0,0
Perry,A107,County Judge/Executive,,,Under Votes,1,0,1,0,0
Perry,A107,County Judge/Executive,,,Over Votes,0,0,0,0,0
Perry,A107,Sheriff,,,Terry BREWER,7,0,7,0,0
Perry,A107,Sheriff,,,Shannon WOODS,22,2,20,0,0
Perry,A107,Sheriff,,,Vanessa L. COMBS,4,0,4,0,0
Perry,A107,Sheriff,,,Under Votes,7,0,7,0,0
Perry,A107,Sheriff,,,Over Votes,0,0,0,0,0
Perry,A107,Magistrate,,,"Donald ""Don"" MILLER",30,1,29,0,0
Perry,A107,Magistrate,,,"R. ""J.R."" ROWLAND",3,1,2,0,0
Perry,A107,Magistrate,,,Richard STIDHAM JR.,1,0,1,0,0
Perry,A107,Magistrate,,,Billy Ray CAMPBELL,5,0,5,0,0
Perry,A107,Magistrate,,,Under Votes,1,0,1,0,0
Perry,A107,Magistrate,,,Over Votes,0,0,0,0,0
Perry,A107,Constable,,,David BAKER,11,2,9,0,0
Perry,A107,Constable,,,Harold DIXON,23,0,23,0,0
Perry,A107,Constable,,,Under Votes,6,0,6,0,0
Perry,A107,Constable,,,Over Votes,0,0,0,0,0
Perry,A107,U.S. Senate,,Democratic,Vincent Anthony THOMPSON,3,0,3,0,0
Perry,A107,U.S. Senate,,Democratic,Amy McGRATH,17,3,13,1,0
Perry,A107,U.S. Senate,,Democratic,Dale Lewis ROMANS,3,0,3,0,0
Perry,A107,U.S. Senate,,Democratic,Charles BOOKER,10,1,9,0,0
Perry,A107,U.S. Senate,,Democratic,Pamela STEVENSON,4,0,4,0,0
Perry,A107,U.S. Senate,,Democratic,Joshua BLANTON SR.,1,0,1,0,0
Perry,A107,U.S. Senate,,Democratic,Logan FORSYTHE,1,0,1,0,0
Perry,A107,U.S. Senate,,,Under Votes,18,1,16,0,1
Perry,A107,U.S. Senate,,,Over Votes,0,0,0,0,0
Perry,A107,County Judge/Executive,,,Ellis HALL,3,0,3,0,0
Perry,A107,County Judge/Executive,,,Scott ALEXANDER,41,1,39,0,1
Perry,A107,County Judge/Executive,,,Harlan CAMPBELL,8,2,5,1,0
Perry,A107,County Judge/Executive,,,Under Votes,5,2,3,0,0
Perry,A107,County Judge/Executive,,,Over Votes,0,0,0,0,0
Perry,A107,Sheriff,,,"James ""Big'Un"" JEWELL",1,0,1,0,0
Perry,A107,Sheriff,,,Jessie DAY,23,1,21,0,1
Perry,A107,Sheriff,,,Shawn WHITE,33,4,28,1,0
Perry,A107,Sheriff,,,Under Votes,0,0,0,0,0
Perry,A107,Sheriff,,,Over Votes,0,0,0,0,0
Perry,A108,U.S. Senate,,Republican,Daniel CAMERON,3,0,3,0,0
Perry,A108,U.S. Senate,,Republican,Jonathan M. HOLLIDAY,1,0,1,0,0
Perry,A108,U.S. Senate,,Republican,Andy BARR,16,2,13,1,0
Perry,A108,U.S. Senate,,Republican,"Valerie ""Dr Val"" FREDRICK",1,0,1,0,0
Perry,A108,U.S. Senate,,Republican,A. Nick SHELLEY,0,0,0,0,0
Perry,A108,U.S. Senate,,Republican,James D. DUNCAN,0,0,0,0,0
Perry,A108,U.S. Senate,,Republican,Michael James FARIS,0,0,0,0,0
Perry,A108,U.S. Senate,,Republican,Anissa CATLETT,0,0,0,0,0
Perry,A108,U.S. Senate,,Republican,Other Donald WENZEL,0,0,0,0,0
Perry,A108,U.S. Senate,,Republican,Jimmy I. LEON,0,0,0,0,0
Perry,A108,U.S. Senate,,Republican,George WASHINGTON,0,0,0,0,0
Perry,A108,U.S. Senate,,,Under Votes,0,0,0,0,0
Perry,A108,U.S. Senate,,,Over Votes,0,0,0,0,0
Perry,A108,Ballots Cast,,,,61,,,,
Perry,A108,U.S. House,5,Republican,Kevin SMITH,4,1,3,0,0
Perry,A108,U.S. House,5,Republican,Benjamin HURLEY,0,0,0,0,0
Perry,A108,U.S. House,5,Republican,Hal ROGERS,14,1,12,1,0
Perry,A108,U.S. House,5,Republican,Jerry Lee SHELTON,0,0,0,0,0
Perry,A108,U.S. House,5,Republican,Brandon R. MONHOLLEN,3,0,3,0,0
Perry,A108,U.S. House,5,,Under Votes,1,0,1,0,0
Perry,A108,U.S. House,5,,Over Votes,0,0,0,0,0
Perry,A108,State Senate,30,Republican,Brandon D. SMITH,17,1,16,0,0
Perry,A108,State Senate,30,Republican,Billy WESLEY,4,1,2,1,0
Perry,A108,State Senate,30,,Under Votes,1,0,1,0,0
Perry,A108,State Senate,30,,Over Votes,0,0,0,0,0
Perry,A108,County Judge/Executive,,,Denny Ray NOBLE,8,2,6,0,0
Perry,A108,County Judge/Executive,,,Lemuel BRASHEAR,1,0,1,0,0
Perry,A108,County Judge/Executive,,,Kenneth HALL,10,0,9,1,0
Perry,A108,County Judge/Executive,,,Under Votes,3,0,3,0,0
Perry,A108,County Judge/Executive,,,Over Votes,0,0,0,0,0
Perry,A108,Sheriff,,,Terry BREWER,4,0,4,0,0
Perry,A108,Sheriff,,,Shannon WOODS,18,2,15,1,0
Perry,A108,Sheriff,,,Vanessa L. COMBS,0,0,0,0,0
Perry,A108,Sheriff,,,Under Votes,0,0,0,0,0
Perry,A108,Sheriff,,,Over Votes,0,0,0,0,0
Perry,A108,Magistrate,,,"Donald ""Don"" MILLER",15,2,13,0,0
Perry,A108,Magistrate,,,"R. ""J.R."" ROWLAND",2,0,1,1,0
Perry,A108,Magistrate,,,Richard STIDHAM JR.,0,0,0,0,0
Perry,A108,Magistrate,,,Billy Ray CAMPBELL,3,0,3,0,0
Perry,A108,Magistrate,,,Under Votes,2,0,2,0,0
Perry,A108,Magistrate,,,Over Votes,0,0,0,0,0
Perry,A108,Constable,,,David BAKER,11,0,11,0,0
Perry,A108,Constable,,,Harold DIXON,8,2,6,0,0
Perry,A108,Constable,,,Under Votes,3,0,2,1,0
Perry,A108,Constable,,,Over Votes,0,0,0,0,0
Perry,A108,U.S. Senate,,Democratic,Vincent Anthony THOMPSON,4,0,4,0,0
Perry,A108,U.S. Senate,,Democratic,Amy McGRATH,9,2,7,0,0
Perry,A108,U.S. Senate,,Democratic,Dale Lewis ROMANS,3,0,3,0,0
Perry,A108,U.S. Senate,,Democratic,Charles BOOKER,7,1,6,0,0
Perry,A108,U.S. Senate,,Democratic,Pamela STEVENSON,2,0,2,0,0
Perry,A108,U.S. Senate,,Democratic,Joshua BLANTON SR.,1,0,1,0,0
Perry,A108,U.S. Senate,,Democratic,Logan FORSYTHE,2,0,2,0,0
Perry,A108,U.S. Senate,,,Under Votes,11,0,11,0,0
Perry,A108,U.S. Senate,,,Over Votes,0,0,0,0,0
Perry,A108,County Judge/Executive,,,Ellis HALL,5,0,5,0,0
Perry,A108,County Judge/Executive,,,Scott ALEXANDER,20,1,19,0,0
Perry,A108,County Judge/Executive,,,Harlan CAMPBELL,9,2,7,0,0
Perry,A108,County Judge/Executive,,,Under Votes,5,0,5,0,0
Perry,A108,County Judge/Executive,,,Over Votes,0,0,0,0,0
Perry,A108,Sheriff,,,"James ""Big'Un"" JEWELL",6,2,4,0,0
Perry,A108,Sheriff,,,Jessie DAY,8,0,8,0,0
Perry,A108,Sheriff,,,Shawn WHITE,23,1,22,0,0
Perry,A108,Sheriff,,,Under Votes,2,0,2,0,0
Perry,A108,Sheriff,,,Over Votes,0,0,0,0,0
Perry,A109,U.S. Senate,,Republican,Daniel CAMERON,21,4,17,0,0
Perry,A109,U.S. Senate,,Republican,Jonathan M. HOLLIDAY,0,0,0,0,0
Perry,A109,U.S. Senate,,Republican,Andy BARR,59,10,48,1,0
Perry,A109,U.S. Senate,,Republican,"Valerie ""Dr Val"" FREDRICK",1,0,1,0,0
Perry,A109,U.S. Senate,,Republican,A. Nick SHELLEY,0,0,0,0,0
Perry,A109,U.S. Senate,,Republican,James D. DUNCAN,2,0,2,0,0
Perry,A109,U.S. Senate,,Republican,Michael James FARIS,0,0,0,0,0
Perry,A109,U.S. Senate,,Republican,Anissa CATLETT,1,0,1,0,0
Perry,A109,U.S. Senate,,Republican,Other Donald WENZEL,0,0,0,0,0
Perry,A109,U.S. Senate,,Republican,Jimmy I. LEON,0,0,0,0,0
Perry,A109,U.S. Senate,,Republican,George WASHINGTON,0,0,0,0,0
Perry,A109,U.S. Senate,,,Under Votes,5,0,5,0,0
Perry,A109,U.S. Senate,,,Over Votes,0,0,0,0,0
Perry,A109,Ballots Cast,,,,221,,,,
Perry,A109,U.S. House,5,Republican,Kevin SMITH,8,0,7,1,0
Perry,A109,U.S. House,5,Republican,Benjamin HURLEY,9,2,6,1,0
Perry,A109,U.S. House,5,Republican,Hal ROGERS,65,12,52,1,0
Perry,A109,U.S. House,5,Republican,Jerry Lee SHELTON,1,0,1,0,0
Perry,A109,U.S. House,5,Republican,Brandon R. MONHOLLEN,1,0,1,0,0
Perry,A109,U.S. House,5,,Under Votes,10,1,9,0,0
Perry,A109,U.S. House,5,,Over Votes,0,0,0,0,0
Perry,A109,State Senate,30,Republican,Brandon D. SMITH,60,14,45,1,0
Perry,A109,State Senate,30,Republican,Billy WESLEY,32,1,29,2,0
Perry,A109,State Senate,30,,Under Votes,2,0,2,0,0
Perry,A109,State Senate,30,,Over Votes,0,0,0,0,0
Perry,A109,County Judge/Executive,,,Denny Ray NOBLE,52,5,46,1,0
Perry,A109,County Judge/Executive,,,Lemuel BRASHEAR,12,3,7,2,0
Perry,A109,County Judge/Executive,,,Kenneth HALL,25,7,18,0,0
Perry,A109,County Judge/Executive,,,Under Votes,5,0,5,0,0
Perry,A109,County Judge/Executive,,,Over Votes,0,0,0,0,0
Perry,A109,Sheriff,,,Terry BREWER,33,5,27,1,0
Perry,A109,Sheriff,,,Shannon WOODS,48,10,37,1,0
Perry,A109,Sheriff,,,Vanessa L. COMBS,8,0,7,1,0
Perry,A109,Sheriff,,,Under Votes,5,0,5,0,0
Perry,A109,Sheriff,,,Over Votes,0,0,0,0,0
Perry,A109,Magistrate,,,"Donald ""Don"" MILLER",28,3,23,2,0
Perry,A109,Magistrate,,,"R. ""J.R."" ROWLAND",42,7,35,0,0
Perry,A109,Magistrate,,,Richard STIDHAM JR.,12,2,10,0,0
Perry,A109,Magistrate,,,Billy Ray CAMPBELL,10,3,6,1,0
Perry,A109,Magistrate,,,Under Votes,2,0,2,0,0
Perry,A109,Magistrate,,,Over Votes,0,0,0,0,0
Perry,A109,Constable,,,David BAKER,8,1,7,0,0
Perry,A109,Constable,,,Harold DIXON,81,12,66,3,0
Perry,A109,Constable,,,Under Votes,5,2,3,0,0
Perry,A109,Constable,,,Over Votes,0,0,0,0,0
Perry,A109,U.S. Senate,,Democratic,Vincent Anthony THOMPSON,5,0,5,0,0
Perry,A109,U.S. Senate,,Democratic,Amy McGRATH,35,1,31,2,1
Perry,A109,U.S. Senate,,Democratic,Dale Lewis ROMANS,5,1,4,0,0
Perry,A109,U.S. Senate,,Democratic,Charles BOOKER,35,4,30,0,1
Perry,A109,U.S. Senate,,Democratic,Pamela STEVENSON,7,0,7,0,0
Perry,A109,U.S. Senate,,Democratic,Joshua BLANTON SR.,8,1,7,0,0
Perry,A109,U.S. Senate,,Democratic,Logan FORSYTHE,10,1,7,2,0
Perry,A109,U.S. Senate,,,Under Votes,22,3,19,0,0
Perry,A109,U.S. Senate,,,Over Votes,0,0,0,0,0
Perry,A109,County Judge/Executive,,,Ellis HALL,13,2,9,0,2
Perry,A109,County Judge/Executive,,,Scott ALEXANDER,77,7,68,2,0
Perry,A109,County Judge/Executive,,,Harlan CAMPBELL,32,2,29,1,0
Perry,A109,County Judge/Executive,,,Under Votes,5,0,4,1,0
Perry,A109,County Judge/Executive,,,Over Votes,0,0,0,0,0
Perry,A109,Sheriff,,,"James ""Big'Un"" JEWELL",19,0,19,0,0
Perry,A109,Sheriff,,,Jessie DAY,37,7,29,0,1
Perry,A109,Sheriff,,,Shawn WHITE,69,4,60,4,1
Perry,A109,Sheriff,,,Under Votes,2,0,2,0,0
Perry,A109,Sheriff,,,Over Votes,0,0,0,0,0
Perry,A110,U.S. Senate,,Republican,Daniel CAMERON,18,2,16,0,0
Perry,A110,U.S. Senate,,Republican,Jonathan M. HOLLIDAY,1,0,1,0,0
Perry,A110,U.S. Senate,,Republican,Andy BARR,51,3,48,0,0
Perry,A110,U.S. Senate,,Republican,"Valerie ""Dr Val"" FREDRICK",0,0,0,0,0
Perry,A110,U.S. Senate,,Republican,A. Nick SHELLEY,0,0,0,0,0
Perry,A110,U.S. Senate,,Republican,James D. DUNCAN,0,0,0,0,0
Perry,A110,U.S. Senate,,Republican,Michael James FARIS,1,0,1,0,0
Perry,A110,U.S. Senate,,Republican,Anissa CATLETT,1,0,1,0,0
Perry,A110,U.S. Senate,,Republican,Other Donald WENZEL,0,0,0,0,0
Perry,A110,U.S. Senate,,Republican,Jimmy I. LEON,0,0,0,0,0
Perry,A110,U.S. Senate,,Republican,George WASHINGTON,2,0,2,0,0
Perry,A110,U.S. Senate,,,Under Votes,4,0,4,0,0
Perry,A110,U.S. Senate,,,Over Votes,0,0,0,0,0
Perry,A110,Ballots Cast,,,,142,,,,
Perry,A110,U.S. House,5,Republican,Kevin SMITH,17,0,17,0,0
Perry,A110,U.S. House,5,Republican,Benjamin HURLEY,4,1,3,0,0
Perry,A110,U.S. House,5,Republican,Hal ROGERS,54,4,50,0,0
Perry,A110,U.S. House,5,Republican,Jerry Lee SHELTON,2,0,2,0,0
Perry,A110,U.S. House,5,Republican,Brandon R. MONHOLLEN,0,0,0,0,0
Perry,A110,U.S. House,5,,Under Votes,5,0,5,0,0
Perry,A110,U.S. House,5,,Over Votes,0,0,0,0,0
Perry,A110,State Senate,30,Republican,Brandon D. SMITH,56,4,52,0,0
Perry,A110,State Senate,30,Republican,Billy WESLEY,22,1,21,0,0
Perry,A110,State Senate,30,,Under Votes,4,0,4,0,0
Perry,A110,State Senate,30,,Over Votes,0,0,0,0,0
Perry,A110,County Judge/Executive,,,Denny Ray NOBLE,44,3,41,0,0
Perry,A110,County Judge/Executive,,,Lemuel BRASHEAR,9,1,8,0,0
Perry,A110,County Judge/Executive,,,Kenneth HALL,21,1,20,0,0
Perry,A110,County Judge/Executive,,,Under Votes,8,0,8,0,0
Perry,A110,County Judge/Executive,,,Over Votes,0,0,0,0,0
Perry,A110,Sheriff,,,Terry BREWER,14,1,13,0,0
Perry,A110,Sheriff,,,Shannon WOODS,57,4,53,0,0
Perry,A110,Sheriff,,,Vanessa L. COMBS,6,0,6,0,0
Perry,A110,Sheriff,,,Under Votes,5,0,5,0,0
Perry,A110,Sheriff,,,Over Votes,0,0,0,0,0
Perry,A110,Magistrate,,,"Donald ""Don"" MILLER",35,2,33,0,0
Perry,A110,Magistrate,,,"R. ""J.R."" ROWLAND",42,2,40,0,0
Perry,A110,Magistrate,,,Richard STIDHAM JR.,1,0,1,0,0
Perry,A110,Magistrate,,,Billy Ray CAMPBELL,3,1,2,0,0
Perry,A110,Magistrate,,,Under Votes,1,0,1,0,0
Perry,A110,Magistrate,,,Over Votes,0,0,0,0,0
Perry,A110,Constable,,,David BAKER,26,3,23,0,0
Perry,A110,Constable,,,Harold DIXON,48,2,46,0,0
Perry,A110,Constable,,,Under Votes,8,0,8,0,0
Perry,A110,Constable,,,Over Votes,0,0,0,0,0
Perry,A110,U.S. Senate,,Democratic,Vincent Anthony THOMPSON,2,0,2,0,0
Perry,A110,U.S. Senate,,Democratic,Amy McGRATH,29,4,24,1,0
Perry,A110,U.S. Senate,,Democratic,Dale Lewis ROMANS,1,0,1,0,0
Perry,A110,U.S. Senate,,Democratic,Charles BOOKER,15,2,13,0,0
Perry,A110,U.S. Senate,,Democratic,Pamela STEVENSON,4,1,3,0,0
Perry,A110,U.S. Senate,,Democratic,Joshua BLANTON SR.,3,0,3,0,0
Perry,A110,U.S. Senate,,Democratic,Logan FORSYTHE,0,0,0,0,0
Perry,A110,U.S. Senate,,,Under Votes,6,0,6,0,0
Perry,A110,U.S. Senate,,,Over Votes,0,0,0,0,0
Perry,A110,County Judge/Executive,,,Ellis HALL,14,1,13,0,0
Perry,A110,County Judge/Executive,,,Scott ALEXANDER,36,5,30,1,0
Perry,A110,County Judge/Executive,,,Harlan CAMPBELL,9,1,8,0,0
Perry,A110,County Judge/Executive,,,Under Votes,1,0,1,0,0
Perry,A110,County Judge/Executive,,,Over Votes,0,0,0,0,0
Perry,A110,Sheriff,,,"James ""Big'Un"" JEWELL",8,1,6,1,0
Perry,A110,Sheriff,,,Jessie DAY,15,1,14,0,0
Perry,A110,Sheriff,,,Shawn WHITE,37,5,32,0,0
Perry,A110,Sheriff,,,Under Votes,0,0,0,0,0
Perry,A110,Sheriff,,,Over Votes,0,0,0,0,0
Perry,A111,U.S. Senate,,Republican,Daniel CAMERON,6,0,6,0,0
Perry,A111,U.S. Senate,,Republican,Jonathan M. HOLLIDAY,1,0,1,0,0
Perry,A111,U.S. Senate,,Republican,Andy BARR,8,0,8,0,0
Perry,A111,U.S. Senate,,Republican,"Valerie ""Dr Val"" FREDRICK",0,0,0,0,0
Perry,A111,U.S. Senate,,Republican,A. Nick SHELLEY,0,0,0,0,0
Perry,A111,U.S. Senate,,Republican,James D. DUNCAN,0,0,0,0,0
Perry,A111,U.S. Senate,,Republican,Michael James FARIS,0,0,0,0,0
Perry,A111,U.S. Senate,,Republican,Anissa CATLETT,0,0,0,0,0
Perry,A111,U.S. Senate,,Republican,Other Donald WENZEL,0,0,0,0,0
Perry,A111,U.S. Senate,,Republican,Jimmy I. LEON,0,0,0,0,0
Perry,A111,U.S. Senate,,Republican,George WASHINGTON,0,0,0,0,0
Perry,A111,U.S. Senate,,,Under Votes,4,0,4,0,0
Perry,A111,U.S. Senate,,,Over Votes,0,0,0,0,0
Perry,A111,Ballots Cast,,,,56,,,,
Perry,A111,U.S. House,5,Republican,Kevin SMITH,3,0,3,0,0
Perry,A111,U.S. House,5,Republican,Benjamin HURLEY,0,0,0,0,0
Perry,A111,U.S. House,5,Republican,Hal ROGERS,14,0,14,0,0
Perry,A111,U.S. House,5,Republican,Jerry Lee SHELTON,0,0,0,0,0
Perry,A111,U.S. House,5,Republican,Brandon R. MONHOLLEN,1,0,1,0,0
Perry,A111,U.S. House,5,,Under Votes,2,0,2,0,0
Perry,A111,U.S. House,5,,Over Votes,0,0,0,0,0
Perry,A111,State Senate,30,Republican,Brandon D. SMITH,14,0,14,0,0
Perry,A111,State Senate,30,Republican,Billy WESLEY,4,0,4,0,0
Perry,A111,State Senate,30,,Under Votes,2,0,2,0,0
Perry,A111,State Senate,30,,Over Votes,0,0,0,0,0
Perry,A111,County Judge/Executive,,,Denny Ray NOBLE,9,0,9,0,0
Perry,A111,County Judge/Executive,,,Lemuel BRASHEAR,2,0,2,0,0
Perry,A111,County Judge/Executive,,,Kenneth HALL,7,0,7,0,0
Perry,A111,County Judge/Executive,,,Under Votes,2,0,2,0,0
Perry,A111,County Judge/Executive,,,Over Votes,0,0,0,0,0
Perry,A111,Sheriff,,,Terry BREWER,4,0,4,0,0
Perry,A111,Sheriff,,,Shannon WOODS,13,0,13,0,0
Perry,A111,Sheriff,,,Vanessa L. COMBS,0,0,0,0,0
Perry,A111,Sheriff,,,Under Votes,3,0,3,0,0
Perry,A111,Sheriff,,,Over Votes,0,0,0,0,0
Perry,A111,Magistrate,,,"Donald ""Don"" MILLER",6,0,6,0,0
Perry,A111,Magistrate,,,"R. ""J.R."" ROWLAND",11,0,11,0,0
Perry,A111,Magistrate,,,Richard STIDHAM JR.,2,0,2,0,0
Perry,A111,Magistrate,,,Billy Ray CAMPBELL,1,0,1,0,0
Perry,A111,Magistrate,,,Under Votes,0,0,0,0,0
Perry,A111,Magistrate,,,Over Votes,0,0,0,0,0
Perry,A111,Constable,,,David BAKER,5,0,5,0,0
Perry,A111,Constable,,,Harold DIXON,11,0,11,0,0
Perry,A111,Constable,,,Under Votes,4,0,4,0,0
Perry,A111,Constable,,,Over Votes,0,0,0,0,0
Perry,A111,U.S. Senate,,Democratic,Vincent Anthony THOMPSON,2,0,2,0,0
Perry,A111,U.S. Senate,,Democratic,Amy McGRATH,17,1,13,3,0
Perry,A111,U.S. Senate,,Democratic,Dale Lewis ROMANS,0,0,0,0,0
Perry,A111,U.S. Senate,,Democratic,Charles BOOKER,9,2,7,0,0
Perry,A111,U.S. Senate,,Democratic,Pamela STEVENSON,3,0,3,0,0
Perry,A111,U.S. Senate,,Democratic,Joshua BLANTON SR.,0,0,0,0,0
Perry,A111,U.S. Senate,,Democratic,Logan FORSYTHE,2,0,2,0,0
Perry,A111,U.S. Senate,,,Under Votes,3,0,3,0,0
Perry,A111,U.S. Senate,,,Over Votes,0,0,0,0,0
Perry,A111,County Judge/Executive,,,Ellis HALL,2,0,2,0,0
Perry,A111,County Judge/Executive,,,Scott ALEXANDER,26,2,22,2,0
Perry,A111,County Judge/Executive,,,Harlan CAMPBELL,7,1,5,1,0
Perry,A111,County Judge/Executive,,,Under Votes,1,0,1,0,0
Perry,A111,County Judge/Executive,,,Over Votes,0,0,0,0,0
Perry,A111,Sheriff,,,"James ""Big'Un"" JEWELL",5,0,5,0,0
Perry,A111,Sheriff,,,Jessie DAY,16,2,13,1,0
Perry,A111,Sheriff,,,Shawn WHITE,14,1,11,2,0
Perry,A111,Sheriff,,,Under Votes,1,0,1,0,0
Perry,A111,Sheriff,,,Over Votes,0,0,0,0,0
Perry,A112,U.S. Senate,,Republican,Daniel CAMERON,21,5,16,0,0
Perry,A112,U.S. Senate,,Republican,Jonathan M. HOLLIDAY,3,0,3,0,0
Perry,A112,U.S. Senate,,Republican,Andy BARR,57,4,50,2,1
Perry,A112,U.S. Senate,,Republican,"Valerie ""Dr Val"" FREDRICK",2,0,2,0,0
Perry,A112,U.S. Senate,,Republican,A. Nick SHELLEY,0,0,0,0,0
Perry,A112,U.S. Senate,,Republican,James D. DUNCAN,0,0,0,0,0
Perry,A112,U.S. Senate,,Republican,Michael James FARIS,2,0,2,0,0
Perry,A112,U.S. Senate,,Republican,Anissa CATLETT,0,0,0,0,0
Perry,A112,U.S. Senate,,Republican,Other Donald WENZEL,0,0,0,0,0
Perry,A112,U.S. Senate,,Republican,Jimmy I. LEON,0,0,0,0,0
Perry,A112,U.S. Senate,,Republican,George WASHINGTON,0,0,0,0,0
Perry,A112,U.S. Senate,,,Under Votes,10,0,10,0,0
Perry,A112,U.S. Senate,,,Over Votes,0,0,0,0,0
Perry,A112,Ballots Cast,,,,216,,,,
Perry,A112,U.S. House,5,Republican,Kevin SMITH,15,0,15,0,0
Perry,A112,U.S. House,5,Republican,Benjamin HURLEY,2,0,2,0,0
Perry,A112,U.S. House,5,Republican,Hal ROGERS,73,9,62,1,1
Perry,A112,U.S. House,5,Republican,Jerry Lee SHELTON,2,0,1,1,0
Perry,A112,U.S. House,5,Republican,Brandon R. MONHOLLEN,1,0,1,0,0
Perry,A112,U.S. House,5,,Under Votes,10,1,9,0,0
Perry,A112,U.S. House,5,,Over Votes,0,0,0,0,0
Perry,A112,State Senate,30,Republican,Brandon D. SMITH,75,9,63,2,1
Perry,A112,State Senate,30,Republican,Billy WESLEY,20,1,19,0,0
Perry,A112,State Senate,30,,Under Votes,8,0,8,0,0
Perry,A112,State Senate,30,,Over Votes,0,0,0,0,0
Perry,A112,County Judge/Executive,,,Denny Ray NOBLE,54,7,46,0,1
Perry,A112,County Judge/Executive,,,Lemuel BRASHEAR,12,1,10,1,0
Perry,A112,County Judge/Executive,,,Kenneth HALL,23,0,22,1,0
Perry,A112,County Judge/Executive,,,Under Votes,14,2,12,0,0
Perry,A112,County Judge/Executive,,,Over Votes,0,0,0,0,0
Perry,A112,Sheriff,,,Terry BREWER,31,1,29,1,0
Perry,A112,Sheriff,,,Shannon WOODS,62,9,51,1,1
Perry,A112,Sheriff,,,Vanessa L. COMBS,1,0,1,0,0
Perry,A112,Sheriff,,,Under Votes,9,0,9,0,0
Perry,A112,Sheriff,,,Over Votes,0,0,0,0,0
Perry,A112,Magistrate,,,"Donald ""Don"" MILLER",75,5,68,2,0
Perry,A112,Magistrate,,,"R. ""J.R."" ROWLAND",8,1,7,0,0
Perry,A112,Magistrate,,,Richard STIDHAM JR.,9,2,6,0,1
Perry,A112,Magistrate,,,Billy Ray CAMPBELL,6,0,6,0,0
Perry,A112,Magistrate,,,Under Votes,5,2,3,0,0
Perry,A112,Magistrate,,,Over Votes,0,0,0,0,0
Perry,A112,Constable,,,David BAKER,28,1,25,2,0
Perry,A112,Constable,,,Harold DIXON,62,5,56,0,1
Perry,A112,Constable,,,Under Votes,13,4,9,0,0
Perry,A112,Constable,,,Over Votes,0,0,0,0,0
Perry,A112,U.S. Senate,,Democratic,Vincent Anthony THOMPSON,7,2,5,0,0
Perry,A112,U.S. Senate,,Democratic,Amy McGRATH,39,3,36,0,0
Perry,A112,U.S. Senate,,Democratic,Dale Lewis ROMANS,4,0,4,0,0
Perry,A112,U.S. Senate,,Democratic,Charles BOOKER,34,2,31,1,0
Perry,A112,U.S. Senate,,Democratic,Pamela STEVENSON,5,2,2,1,0
Perry,A112,U.S. Senate,,Democratic,Joshua BLANTON SR.,4,0,4,0,0
Perry,A112,U.S. Senate,,Democratic,Logan FORSYTHE,7,0,7,0,0
Perry,A112,U.S. Senate,,,Under Votes,13,0,13,0,0
Perry,A112,U.S. Senate,,,Over Votes,0,0,0,0,0
Perry,A112,County Judge/Executive,,,Ellis HALL,17,0,15,2,0
Perry,A112,County Judge/Executive,,,Scott ALEXANDER,67,7,60,0,0
Perry,A112,County Judge/Executive,,,Harlan CAMPBELL,24,1,23,0,0
Perry,A112,County Judge/Executive,,,Under Votes,5,1,4,0,0
Perry,A112,County Judge/Executive,,,Over Votes,0,0,0,0,0
Perry,A112,Sheriff,,,"James ""Big'Un"" JEWELL",10,0,10,0,0
Perry,A112,Sheriff,,,Jessie DAY,49,4,44,1,0
Perry,A112,Sheriff,,,Shawn WHITE,54,5,48,1,0
Perry,A112,Sheriff,,,Under Votes,0,0,0,0,0
Perry,A112,Sheriff,,,Over Votes,0,0,0,0,0
Perry,A113,U.S. Senate,,Republican,Daniel CAMERON,7,0,7,0,0
Perry,A113,U.S. Senate,,Republican,Jonathan M. HOLLIDAY,0,0,0,0,0
Perry,A113,U.S. Senate,,Republican,Andy BARR,39,4,35,0,0
Perry,A113,U.S. Senate,,Republican,"Valerie ""Dr Val"" FREDRICK",1,0,1,0,0
Perry,A113,U.S. Senate,,Republican,A. Nick SHELLEY,0,0,0,0,0
Perry,A113,U.S. Senate,,Republican,James D. DUNCAN,0,0,0,0,0
Perry,A113,U.S. Senate,,Republican,Michael James FARIS,0,0,0,0,0
Perry,A113,U.S. Senate,,Republican,Anissa CATLETT,0,0,0,0,0
Perry,A113,U.S. Senate,,Republican,Other Donald WENZEL,0,0,0,0,0
Perry,A113,U.S. Senate,,Republican,Jimmy I. LEON,0,0,0,0,0
Perry,A113,U.S. Senate,,Republican,George WASHINGTON,2,0,2,0,0
Perry,A113,U.S. Senate,,,Under Votes,2,0,2,0,0
Perry,A113,U.S. Senate,,,Over Votes,0,0,0,0,0
Perry,A113,Ballots Cast,,,,154,,,,
Perry,A113,U.S. House,5,Republican,Kevin SMITH,3,0,3,0,0
Perry,A113,U.S. House,5,Republican,Benjamin HURLEY,3,0,3,0,0
Perry,A113,U.S. House,5,Republican,Hal ROGERS,41,4,37,0,0
Perry,A113,U.S. House,5,Republican,Jerry Lee SHELTON,0,0,0,0,0
Perry,A113,U.S. House,5,Republican,Brandon R. MONHOLLEN,2,0,2,0,0
Perry,A113,U.S. House,5,,Under Votes,3,0,3,0,0
Perry,A113,U.S. House,5,,Over Votes,0,0,0,0,0
Perry,A113,State Senate,30,Republican,Brandon D. SMITH,36,3,33,0,0
Perry,A113,State Senate,30,Republican,Billy WESLEY,12,1,11,0,0
Perry,A113,State Senate,30,,Under Votes,3,0,3,0,0
Perry,A113,State Senate,30,,Over Votes,1,0,1,0,0
Perry,A113,County Judge/Executive,,,Denny Ray NOBLE,29,2,27,0,0
Perry,A113,County Judge/Executive,,,Lemuel BRASHEAR,7,0,7,0,0
Perry,A113,County Judge/Executive,,,Kenneth HALL,12,2,10,0,0
Perry,A113,County Judge/Executive,,,Under Votes,4,0,4,0,0
Perry,A113,County Judge/Executive,,,Over Votes,0,0,0,0,0
Perry,A113,Sheriff,,,Terry BREWER,12,3,9,0,0
Perry,A113,Sheriff,,,Shannon WOODS,29,1,28,0,0
Perry,A113,Sheriff,,,Vanessa L. COMBS,6,0,6,0,0
Perry,A113,Sheriff,,,Under Votes,5,0,5,0,0
Perry,A113,Sheriff,,,Over Votes,0,0,0,0,0
Perry,A113,Magistrate,,,"Donald ""Don"" MILLER",16,2,14,0,0
Perry,A113,Magistrate,,,"R. ""J.R."" ROWLAND",9,1,8,0,0
Perry,A113,Magistrate,,,Richard STIDHAM JR.,7,0,7,0,0
Perry,A113,Magistrate,,,Billy Ray CAMPBELL,14,1,13,0,0
Perry,A113,Magistrate,,,Under Votes,6,0,6,0,0
Perry,A113,Magistrate,,,Over Votes,0,0,0,0,0
Perry,A113,Constable,,,David BAKER,16,2,14,0,0
Perry,A113,Constable,,,Harold DIXON,30,2,28,0,0
Perry,A113,Constable,,,Under Votes,6,0,6,0,0
Perry,A113,Constable,,,Over Votes,0,0,0,0,0
Perry,A113,U.S. Senate,,Democratic,Vincent Anthony THOMPSON,8,0,8,0,0
Perry,A113,U.S. Senate,,Democratic,Amy McGRATH,34,5,29,0,0
Perry,A113,U.S. Senate,,Democratic,Dale Lewis ROMANS,3,1,2,0,0
Perry,A113,U.S. Senate,,Democratic,Charles BOOKER,30,0,29,1,0
Perry,A113,U.S. Senate,,Democratic,Pamela STEVENSON,6,0,5,1,0
Perry,A113,U.S. Senate,,Democratic,Joshua BLANTON SR.,1,0,1,0,0
Perry,A113,U.S. Senate,,Democratic,Logan FORSYTHE,1,0,1,0,0
Perry,A113,U.S. Senate,,,Under Votes,19,3,16,0,0
Perry,A113,U.S. Senate,,,Over Votes,0,0,0,0,0
Perry,A113,County Judge/Executive,,,Ellis HALL,19,1,17,1,0
Perry,A113,County Judge/Executive,,,Scott ALEXANDER,58,7,50,1,0
Perry,A113,County Judge/Executive,,,Harlan CAMPBELL,19,1,18,0,0
Perry,A113,County Judge/Executive,,,Under Votes,6,0,6,0,0
Perry,A113,County Judge/Executive,,,Over Votes,0,0,0,0,0
Perry,A113,Sheriff,,,"James ""Big'Un"" JEWELL",12,0,12,0,0
Perry,A113,Sheriff,,,Jessie DAY,33,2,31,0,0
Perry,A113,Sheriff,,,Shawn WHITE,55,7,46,2,0
Perry,A113,Sheriff,,,Under Votes,2,0,2,0,0
Perry,A113,Sheriff,,,Over Votes,0,0,0,0,0
Perry,A114,U.S. Senate,,Republican,Daniel CAMERON,28,0,28,0,0
Perry,A114,U.S. Senate,,Republican,Jonathan M. HOLLIDAY,1,0,0,1,0
Perry,A114,U.S. Senate,,Republican,Andy BARR,47,12,35,0,0
Perry,A114,U.S. Senate,,Republican,"Valerie ""Dr Val"" FREDRICK",1,0,1,0,0
Perry,A114,U.S. Senate,,Republican,A. Nick SHELLEY,0,0,0,0,0
Perry,A114,U.S. Senate,,Republican,James D. DUNCAN,0,0,0,0,0
Perry,A114,U.S. Senate,,Republican,Michael James FARIS,0,0,0,0,0
Perry,A114,U.S. Senate,,Republican,Anissa CATLETT,0,0,0,0,0
Perry,A114,U.S. Senate,,Republican,Other Donald WENZEL,0,0,0,0,0
Perry,A114,U.S. Senate,,Republican,Jimmy I. LEON,0,0,0,0,0
Perry,A114,U.S. Senate,,Republican,George WASHINGTON,4,1,3,0,0
Perry,A114,U.S. Senate,,,Under Votes,4,1,3,0,0
Perry,A114,U.S. Senate,,,Over Votes,0,0,0,0,0
Perry,A114,Ballots Cast,,,,272,,,,
Perry,A114,U.S. House,5,Republican,Kevin SMITH,5,3,2,0,0
Perry,A114,U.S. House,5,Republican,Benjamin HURLEY,8,0,8,0,0
Perry,A114,U.S. House,5,Republican,Hal ROGERS,77,14,61,2,0
Perry,A114,U.S. House,5,Republican,Jerry Lee SHELTON,3,0,3,0,0
Perry,A114,U.S. House,5,Republican,Brandon R. MONHOLLEN,0,0,0,0,0
Perry,A114,U.S. House,5,,Under Votes,2,0,2,0,0
Perry,A114,U.S. House,5,,Over Votes,0,0,0,0,0
Perry,A114,State Senate,30,Republican,Brandon D. SMITH,56,14,40,2,0
Perry,A114,State Senate,30,Republican,Billy WESLEY,36,3,33,0,0
Perry,A114,State Senate,30,,Under Votes,3,0,3,0,0
Perry,A114,State Senate,30,,Over Votes,0,0,0,0,0
Perry,A114,County Judge/Executive,,,Denny Ray NOBLE,52,10,42,0,0
Perry,A114,County Judge/Executive,,,Lemuel BRASHEAR,16,0,16,0,0
Perry,A114,County Judge/Executive,,,Kenneth HALL,17,4,11,2,0
Perry,A114,County Judge/Executive,,,Under Votes,10,3,7,0,0
Perry,A114,County Judge/Executive,,,Over Votes,0,0,0,0,0
Perry,A114,Sheriff,,,Terry BREWER,17,7,10,0,0
Perry,A114,Sheriff,,,Shannon WOODS,69,9,58,2,0
Perry,A114,Sheriff,,,Vanessa L. COMBS,2,1,1,0,0
Perry,A114,Sheriff,,,Under Votes,7,0,7,0,0
Perry,A114,Sheriff,,,Over Votes,0,0,0,0,0
Perry,A114,Magistrate,,,"Donald ""Don"" MILLER",20,1,19,0,0
Perry,A114,Magistrate,,,"R. ""J.R."" ROWLAND",30,7,23,0,0
Perry,A114,Magistrate,,,Richard STIDHAM JR.,35,9,25,1,0
Perry,A114,Magistrate,,,Billy Ray CAMPBELL,7,0,6,1,0
Perry,A114,Magistrate,,,Under Votes,3,0,3,0,0
Perry,A114,Magistrate,,,Over Votes,0,0,0,0,0
Perry,A114,Constable,,,David BAKER,27,3,23,1,0
Perry,A114,Constable,,,Harold DIXON,59,14,44,1,0
Perry,A114,Constable,,,Under Votes,9,0,9,0,0
Perry,A114,Constable,,,Over Votes,0,0,0,0,0
Perry,A114,U.S. Senate,,Democratic,Vincent Anthony THOMPSON,3,0,2,1,0
Perry,A114,U.S. Senate,,Democratic,Amy McGRATH,51,10,41,0,0
Perry,A114,U.S. Senate,,Democratic,Dale Lewis ROMANS,4,0,4,0,0
Perry,A114,U.S. Senate,,Democratic,Charles BOOKER,66,5,56,5,0
Perry,A114,U.S. Senate,,Democratic,Pamela STEVENSON,8,1,7,0,0
Perry,A114,U.S. Senate,,Democratic,Joshua BLANTON SR.,7,1,6,0,0
Perry,A114,U.S. Senate,,Democratic,Logan FORSYTHE,6,0,6,0,0
Perry,A114,U.S. Senate,,,Under Votes,32,11,21,0,0
Perry,A114,U.S. Senate,,,Over Votes,0,0,0,0,0
Perry,A114,County Judge/Executive,,,Ellis HALL,21,2,18,1,0
Perry,A114,County Judge/Executive,,,Scott ALEXANDER,123,23,95,5,0
Perry,A114,County Judge/Executive,,,Harlan CAMPBELL,25,1,24,0,0
Perry,A114,County Judge/Executive,,,Under Votes,8,2,6,0,0
Perry,A114,County Judge/Executive,,,Over Votes,0,0,0,0,0
Perry,A114,Sheriff,,,"James ""Big'Un"" JEWELL",8,0,8,0,0
Perry,A114,Sheriff,,,Jessie DAY,101,18,83,0,0
Perry,A114,Sheriff,,,Shawn WHITE,63,9,49,5,0
Perry,A114,Sheriff,,,Under Votes,5,1,3,1,0
Perry,A114,Sheriff,,,Over Votes,0,0,0,0,0
Perry,B101,U.S. Senate,,Republican,Daniel CAMERON,17,1,13,3,0
Perry,B101,U.S. Senate,,Republican,Jonathan M. HOLLIDAY,0,0,0,0,0
Perry,B101,U.S. Senate,,Republican,Andy BARR,35,4,31,0,0
Perry,B101,U.S. Senate,,Republican,"Valerie ""Dr Val"" FREDRICK",1,0,1,0,0
Perry,B101,U.S. Senate,,Republican,A. Nick SHELLEY,0,0,0,0,0
Perry,B101,U.S. Senate,,Republican,James D. DUNCAN,0,0,0,0,0
Perry,B101,U.S. Senate,,Republican,Michael James FARIS,0,0,0,0,0
Perry,B101,U.S. Senate,,Republican,Anissa CATLETT,0,0,0,0,0
Perry,B101,U.S. Senate,,Republican,Other Donald WENZEL,0,0,0,0,0
Perry,B101,U.S. Senate,,Republican,Jimmy I. LEON,0,0,0,0,0
Perry,B101,U.S. Senate,,Republican,George WASHINGTON,3,0,3,0,0
Perry,B101,U.S. Senate,,,Under Votes,1,0,1,0,0
Perry,B101,U.S. Senate,,,Over Votes,0,0,0,0,0
Perry,B101,Ballots Cast,,,,181,,,,
Perry,B101,U.S. House,5,Republican,Kevin SMITH,6,1,5,0,0
Perry,B101,U.S. House,5,Republican,Benjamin HURLEY,6,0,6,0,0
Perry,B101,U.S. House,5,Republican,Hal ROGERS,43,3,36,4,0
Perry,B101,U.S. House,5,Republican,Jerry Lee SHELTON,1,0,1,0,0
Perry,B101,U.S. House,5,Republican,Brandon R. MONHOLLEN,1,0,1,0,0
Perry,B101,U.S. House,5,,Under Votes,2,1,1,0,0
Perry,B101,U.S. House,5,,Over Votes,0,0,0,0,0
Perry,B101,State Senate,30,Republican,Brandon D. SMITH,41,4,33,4,0
Perry,B101,State Senate,30,Republican,Billy WESLEY,16,1,15,0,0
Perry,B101,State Senate,30,,Under Votes,2,0,2,0,0
Perry,B101,State Senate,30,,Over Votes,0,0,0,0,0
Perry,B101,County Judge/Executive,,,Denny Ray NOBLE,41,4,34,3,0
Perry,B101,County Judge/Executive,,,Lemuel BRASHEAR,3,0,2,1,0
Perry,B101,County Judge/Executive,,,Kenneth HALL,11,1,10,0,0
Perry,B101,County Judge/Executive,,,Under Votes,4,0,4,0,0
Perry,B101,County Judge/Executive,,,Over Votes,0,0,0,0,0
Perry,B101,Sheriff,,,Terry BREWER,19,2,16,1,0
Perry,B101,Sheriff,,,Shannon WOODS,29,3,23,3,0
Perry,B101,Sheriff,,,Vanessa L. COMBS,8,0,8,0,0
Perry,B101,Sheriff,,,Under Votes,3,0,3,0,0
Perry,B101,Sheriff,,,Over Votes,0,0,0,0,0
Perry,B101,Magistrate,,,Bill BEGLEY,24,3,20,1,0
Perry,B101,Magistrate,,,Freeman C. ROBERTSON JR.,32,2,27,3,0
Perry,B101,Magistrate,,,Under Votes,3,0,3,0,0
Perry,B101,Magistrate,,,Over Votes,0,0,0,0,0
Perry,B101,U.S. Senate,,Democratic,Vincent Anthony THOMPSON,7,0,7,0,0
Perry,B101,U.S. Senate,,Democratic,Amy McGRATH,41,7,34,0,0
Perry,B101,U.S. Senate,,Democratic,Dale Lewis ROMANS,2,1,1,0,0
Perry,B101,U.S. Senate,,Democratic,Charles BOOKER,36,6,30,0,0
Perry,B101,U.S. Senate,,Democratic,Pamela STEVENSON,3,1,2,0,0
Perry,B101,U.S. Senate,,Democratic,Joshua BLANTON SR.,3,0,3,0,0
Perry,B101,U.S. Senate,,Democratic,Logan FORSYTHE,8,1,7,0,0
Perry,B101,U.S. Senate,,,Under Votes,21,3,18,0,0
Perry,B101,U.S. Senate,,,Over Votes,1,0,1,0,0
Perry,B101,County Judge/Executive,,,Ellis HALL,13,3,10,0,0
Perry,B101,County Judge/Executive,,,Scott ALEXANDER,75,10,65,0,0
Perry,B101,County Judge/Executive,,,Harlan CAMPBELL,27,4,23,0,0
Perry,B101,County Judge/Executive,,,Under Votes,7,2,5,0,0
Perry,B101,County Judge/Executive,,,Over Votes,0,0,0,0,0
Perry,B101,Sheriff,,,"James ""Big'Un"" JEWELL",17,3,14,0,0
Perry,B101,Sheriff,,,Jessie DAY,38,9,29,0,0
Perry,B101,Sheriff,,,Shawn WHITE,65,6,59,0,0
Perry,B101,Sheriff,,,Under Votes,2,1,1,0,0
Perry,B101,Sheriff,,,Over Votes,0,0,0,0,0
Perry,B101,Magistrate,,,"Hilburn ""Hib"" HERALD",49,5,44,0,0
Perry,B101,Magistrate,,,Charles Lee COLWELL,6,1,5,0,0
Perry,B101,Magistrate,,,"Glenn ""Buzzsaw"" NEACE",52,11,41,0,0
Perry,B101,Magistrate,,,Rose SHIELDS,5,1,4,0,0
Perry,B101,Magistrate,,,Anthony ASHER,1,0,1,0,0
Perry,B101,Magistrate,,,David B. MILLER,7,1,6,0,0
Perry,B101,Magistrate,,,Under Votes,2,0,2,0,0
Perry,B101,Magistrate,,,Over Votes,0,0,0,0,0
Perry,B101,Constable,,,Shelby W. MIZE,33,4,29,0,0
Perry,B101,Constable,,,Frank SMITH,25,4,21,0,0
Perry,B101,Constable,,,Ronnie DILLION,39,8,31,0,0
Perry,B101,Constable,,,Under Votes,25,3,22,0,0
Perry,B101,Constable,,,Over Votes,0,0,0,0,0
Perry,B102,U.S. Senate,,Republican,Daniel CAMERON,8,2,6,0,0
Perry,B102,U.S. Senate,,Republican,Jonathan M. HOLLIDAY,0,0,0,0,0
Perry,B102,U.S. Senate,,Republican,Andy BARR,22,1,21,0,0
Perry,B102,U.S. Senate,,Republican,"Valerie ""Dr Val"" FREDRICK",0,0,0,0,0
Perry,B102,U.S. Senate,,Republican,A. Nick SHELLEY,1,0,1,0,0
Perry,B102,U.S. Senate,,Republican,James D. DUNCAN,0,0,0,0,0
Perry,B102,U.S. Senate,,Republican,Michael James FARIS,0,0,0,0,0
Perry,B102,U.S. Senate,,Republican,Anissa CATLETT,2,0,2,0,0
Perry,B102,U.S. Senate,,Republican,Other Donald WENZEL,0,0,0,0,0
Perry,B102,U.S. Senate,,Republican,Jimmy I. LEON,0,0,0,0,0
Perry,B102,U.S. Senate,,Republican,George WASHINGTON,0,0,0,0,0
Perry,B102,U.S. Senate,,,Under Votes,5,1,4,0,0
Perry,B102,U.S. Senate,,,Over Votes,0,0,0,0,0
Perry,B102,Ballots Cast,,,,100,,,,
Perry,B102,U.S. House,5,Republican,Kevin SMITH,6,0,6,0,0
Perry,B102,U.S. House,5,Republican,Benjamin HURLEY,2,0,2,0,0
Perry,B102,U.S. House,5,Republican,Hal ROGERS,27,5,22,0,0
Perry,B102,U.S. House,5,Republican,Jerry Lee SHELTON,1,0,1,0,0
Perry,B102,U.S. House,5,Republican,Brandon R. MONHOLLEN,0,0,0,0,0
Perry,B102,U.S. House,5,,Under Votes,5,0,5,0,0
Perry,B102,U.S. House,5,,Over Votes,0,0,0,0,0
Perry,B102,State Senate,30,Republican,Brandon D. SMITH,29,5,24,0,0
Perry,B102,State Senate,30,Republican,Billy WESLEY,9,0,9,0,0
Perry,B102,State Senate,30,,Under Votes,3,0,3,0,0
Perry,B102,State Senate,30,,Over Votes,0,0,0,0,0
Perry,B102,County Judge/Executive,,,Denny Ray NOBLE,21,3,18,0,0
Perry,B102,County Judge/Executive,,,Lemuel BRASHEAR,5,0,5,0,0
Perry,B102,County Judge/Executive,,,Kenneth HALL,9,2,7,0,0
Perry,B102,County Judge/Executive,,,Under Votes,6,0,6,0,0
Perry,B102,County Judge/Executive,,,Over Votes,0,0,0,0,0
Perry,B102,Sheriff,,,Terry BREWER,21,4,17,0,0
Perry,B102,Sheriff,,,Shannon WOODS,13,1,12,0,0
Perry,B102,Sheriff,,,Vanessa L. COMBS,6,0,6,0,0
Perry,B102,Sheriff,,,Under Votes,1,0,1,0,0
Perry,B102,Sheriff,,,Over Votes,0,0,0,0,0
Perry,B102,Magistrate,,,Bill BEGLEY,11,0,11,0,0
Perry,B102,Magistrate,,,Freeman C. ROBERTSON JR.,27,5,22,0,0
Perry,B102,Magistrate,,,Under Votes,3,0,3,0,0
Perry,B102,Magistrate,,,Over Votes,0,0,0,0,0
Perry,B102,U.S. Senate,,Democratic,Vincent Anthony THOMPSON,6,1,5,0,0
Perry,B102,U.S. Senate,,Democratic,Amy McGRATH,22,3,19,0,0
Perry,B102,U.S. Senate,,Democratic,Dale Lewis ROMANS,2,0,2,0,0
Perry,B102,U.S. Senate,,Democratic,Charles BOOKER,10,3,6,1,0
Perry,B102,U.S. Senate,,Democratic,Pamela STEVENSON,5,1,4,0,0
Perry,B102,U.S. Senate,,Democratic,Joshua BLANTON SR.,4,2,2,0,0
Perry,B102,U.S. Senate,,Democratic,Logan FORSYTHE,0,0,0,0,0
Perry,B102,U.S. Senate,,,Under Votes,10,3,7,0,0
Perry,B102,U.S. Senate,,,Over Votes,0,0,0,0,0
Perry,B102,County Judge/Executive,,,Ellis HALL,11,2,9,0,0
Perry,B102,County Judge/Executive,,,Scott ALEXANDER,28,6,22,0,0
Perry,B102,County Judge/Executive,,,Harlan CAMPBELL,12,3,9,0,0
Perry,B102,County Judge/Executive,,,Under Votes,8,2,5,1,0
Perry,B102,County Judge/Executive,,,Over Votes,0,0,0,0,0
Perry,B102,Sheriff,,,"James ""Big'Un"" JEWELL",10,4,6,0,0
Perry,B102,Sheriff,,,Jessie DAY,23,4,19,0,0
Perry,B102,Sheriff,,,Shawn WHITE,23,5,18,0,0
Perry,B102,Sheriff,,,Under Votes,3,0,2,1,0
Perry,B102,Sheriff,,,Over Votes,0,0,0,0,0
Perry,B102,Magistrate,,,"Hilburn ""Hib"" HERALD",23,3,19,1,0
Perry,B102,Magistrate,,,Charles Lee COLWELL,4,2,2,0,0
Perry,B102,Magistrate,,,"Glenn ""Buzzsaw"" NEACE",23,3,20,0,0
Perry,B102,Magistrate,,,Rose SHIELDS,2,1,1,0,0
Perry,B102,Magistrate,,,Anthony ASHER,0,0,0,0,0
Perry,B102,Magistrate,,,David B. MILLER,4,2,2,0,0
Perry,B102,Magistrate,,,Under Votes,3,2,1,0,0
Perry,B102,Magistrate,,,Over Votes,0,0,0,0,0
Perry,B102,Constable,,,Shelby W. MIZE,16,4,11,1,0
Perry,B102,Constable,,,Frank SMITH,11,3,8,0,0
Perry,B102,Constable,,,Ronnie DILLION,24,3,21,0,0
Perry,B102,Constable,,,Under Votes,8,3,5,0,0
Perry,B102,Constable,,,Over Votes,0,0,0,0,0
Perry,B103,U.S. Senate,,Republican,Daniel CAMERON,19,1,17,1,0
Perry,B103,U.S. Senate,,Republican,Jonathan M. HOLLIDAY,1,0,1,0,0
Perry,B103,U.S. Senate,,Republican,Andy BARR,42,5,36,1,0
Perry,B103,U.S. Senate,,Republican,"Valerie ""Dr Val"" FREDRICK",0,0,0,0,0
Perry,B103,U.S. Senate,,Republican,A. Nick SHELLEY,0,0,0,0,0
Perry,B103,U.S. Senate,,Republican,James D. DUNCAN,1,0,1,0,0
Perry,B103,U.S. Senate,,Republican,Michael James FARIS,0,0,0,0,0
Perry,B103,U.S. Senate,,Republican,Anissa CATLETT,0,0,0,0,0
Perry,B103,U.S. Senate,,Republican,Other Donald WENZEL,0,0,0,0,0
Perry,B103,U.S. Senate,,Republican,Jimmy I. LEON,0,0,0,0,0
Perry,B103,U.S. Senate,,Republican,George WASHINGTON,1,0,1,0,0
Perry,B103,U.S. Senate,,,Under Votes,2,0,2,0,0
Perry,B103,U.S. Senate,,,Over Votes,0,0,0,0,0
Perry,B103,Ballots Cast,,,,179,,,,
Perry,B103,U.S. House,5,Republican,Kevin SMITH,3,0,3,0,0
Perry,B103,U.S. House,5,Republican,Benjamin HURLEY,5,0,4,1,0
Perry,B103,U.S. House,5,Republican,Hal ROGERS,58,6,51,1,0
Perry,B103,U.S. House,5,Republican,Jerry Lee SHELTON,1,0,1,0,0
Perry,B103,U.S. House,5,Republican,Brandon R. MONHOLLEN,0,0,0,0,0
Perry,B103,U.S. House,5,,Under Votes,3,0,3,0,0
Perry,B103,U.S. House,5,,Over Votes,0,0,0,0,0
Perry,B103,State Senate,30,Republican,Brandon D. SMITH,54,3,49,2,0
Perry,B103,State Senate,30,Republican,Billy WESLEY,12,3,9,0,0
Perry,B103,State Senate,30,,Under Votes,4,0,4,0,0
Perry,B103,State Senate,30,,Over Votes,0,0,0,0,0
Perry,B103,County Judge/Executive,,,Denny Ray NOBLE,35,3,31,1,0
Perry,B103,County Judge/Executive,,,Lemuel BRASHEAR,9,0,9,0,0
Perry,B103,County Judge/Executive,,,Kenneth HALL,21,3,18,0,0
Perry,B103,County Judge/Executive,,,Under Votes,5,0,4,1,0
Perry,B103,County Judge/Executive,,,Over Votes,0,0,0,0,0
Perry,B103,Sheriff,,,Terry BREWER,21,1,20,0,0
Perry,B103,Sheriff,,,Shannon WOODS,42,5,35,2,0
Perry,B103,Sheriff,,,Vanessa L. COMBS,2,0,2,0,0
Perry,B103,Sheriff,,,Under Votes,5,0,5,0,0
Perry,B103,Sheriff,,,Over Votes,0,0,0,0,0
Perry,B103,Magistrate,,,Bill BEGLEY,21,0,21,0,0
Perry,B103,Magistrate,,,Freeman C. ROBERTSON JR.,46,6,38,2,0
Perry,B103,Magistrate,,,Under Votes,3,0,3,0,0
Perry,B103,Magistrate,,,Over Votes,0,0,0,0,0
Perry,B103,U.S. Senate,,Democratic,Vincent Anthony THOMPSON,4,2,2,0,0
Perry,B103,U.S. Senate,,Democratic,Amy McGRATH,48,8,34,6,0
Perry,B103,U.S. Senate,,Democratic,Dale Lewis ROMANS,2,0,2,0,0
Perry,B103,U.S. Senate,,Democratic,Charles BOOKER,27,2,25,0,0
Perry,B103,U.S. Senate,,Democratic,Pamela STEVENSON,9,3,6,0,0
Perry,B103,U.S. Senate,,Democratic,Joshua BLANTON SR.,3,1,2,0,0
Perry,B103,U.S. Senate,,Democratic,Logan FORSYTHE,3,0,3,0,0
Perry,B103,U.S. Senate,,,Under Votes,13,0,12,1,0
Perry,B103,U.S. Senate,,,Over Votes,0,0,0,0,0
Perry,B103,County Judge/Executive,,,Ellis HALL,17,0,15,2,0
Perry,B103,County Judge/Executive,,,Scott ALEXANDER,76,16,56,4,0
Perry,B103,County Judge/Executive,,,Harlan CAMPBELL,13,0,12,1,0
Perry,B103,County Judge/Executive,,,Under Votes,3,0,3,0,0
Perry,B103,County Judge/Executive,,,Over Votes,0,0,0,0,0
Perry,B103,Sheriff,,,"James ""Big'Un"" JEWELL",16,3,10,3,0
Perry,B103,Sheriff,,,Jessie DAY,32,3,28,1,0
Perry,B103,Sheriff,,,Shawn WHITE,59,10,46,3,0
Perry,B103,Sheriff,,,Under Votes,2,0,2,0,0
Perry,B103,Sheriff,,,Over Votes,0,0,0,0,0
Perry,B103,Magistrate,,,"Hilburn ""Hib"" HERALD",10,2,7,1,0
Perry,B103,Magistrate,,,Charles Lee COLWELL,30,8,22,0,0
Perry,B103,Magistrate,,,"Glenn ""Buzzsaw"" NEACE",52,4,45,3,0
Perry,B103,Magistrate,,,Rose SHIELDS,4,1,3,0,0
Perry,B103,Magistrate,,,Anthony ASHER,1,0,1,0,0
Perry,B103,Magistrate,,,David B. MILLER,10,1,6,3,0
Perry,B103,Magistrate,,,Under Votes,2,0,2,0,0
Perry,B103,Magistrate,,,Over Votes,0,0,0,0,0
Perry,B103,Constable,,,Shelby W. MIZE,24,4,18,2,0
Perry,B103,Constable,,,Frank SMITH,38,7,27,4,0
Perry,B103,Constable,,,Ronnie DILLION,34,2,31,1,0
Perry,B103,Constable,,,Under Votes,13,3,10,0,0
Perry,B103,Constable,,,Over Votes,0,0,0,0,0
Perry,B104,U.S. Senate,,Republican,Daniel CAMERON,8,4,4,0,0
Perry,B104,U.S. Senate,,Republican,Jonathan M. HOLLIDAY,0,0,0,0,0
Perry,B104,U.S. Senate,,Republican,Andy BARR,21,2,17,2,0
Perry,B104,U.S. Senate,,Republican,"Valerie ""Dr Val"" FREDRICK",0,0,0,0,0
Perry,B104,U.S. Senate,,Republican,A. Nick SHELLEY,0,0,0,0,0
Perry,B104,U.S. Senate,,Republican,James D. DUNCAN,0,0,0,0,0
Perry,B104,U.S. Senate,,Republican,Michael James FARIS,1,0,1,0,0
Perry,B104,U.S. Senate,,Republican,Anissa CATLETT,0,0,0,0,0
Perry,B104,U.S. Senate,,Republican,Other Donald WENZEL,0,0,0,0,0
Perry,B104,U.S. Senate,,Republican,Jimmy I. LEON,0,0,0,0,0
Perry,B104,U.S. Senate,,Republican,George WASHINGTON,0,0,0,0,0
Perry,B104,U.S. Senate,,,Under Votes,0,0,0,0,0
Perry,B104,U.S. Senate,,,Over Votes,0,0,0,0,0
Perry,B104,Ballots Cast,,,,123,,,,
Perry,B104,U.S. House,5,Republican,Kevin SMITH,3,1,2,0,0
Perry,B104,U.S. House,5,Republican,Benjamin HURLEY,0,0,0,0,0
Perry,B104,U.S. House,5,Republican,Hal ROGERS,27,6,19,2,0
Perry,B104,U.S. House,5,Republican,Jerry Lee SHELTON,0,0,0,0,0
Perry,B104,U.S. House,5,Republican,Brandon R. MONHOLLEN,0,0,0,0,0
Perry,B104,U.S. House,5,,Under Votes,1,0,1,0,0
Perry,B104,U.S. House,5,,Over Votes,0,0,0,0,0
Perry,B104,State Senate,30,Republican,Brandon D. SMITH,28,7,19,2,0
Perry,B104,State Senate,30,Republican,Billy WESLEY,3,0,3,0,0
Perry,B104,State Senate,30,,Under Votes,0,0,0,0,0
Perry,B104,State Senate,30,,Over Votes,0,0,0,0,0
Perry,B104,County Judge/Executive,,,Denny Ray NOBLE,18,3,15,0,0
Perry,B104,County Judge/Executive,,,Lemuel BRASHEAR,3,1,2,0,0
Perry,B104,County Judge/Executive,,,Kenneth HALL,8,3,3,2,0
Perry,B104,County Judge/Executive,,,Under Votes,2,0,2,0,0
Perry,B104,County Judge/Executive,,,Over Votes,0,0,0,0,0
Perry,B104,Sheriff,,,Terry BREWER,15,4,9,2,0
Perry,B104,Sheriff,,,Shannon WOODS,16,3,13,0,0
Perry,B104,Sheriff,,,Vanessa L. COMBS,0,0,0,0,0
Perry,B104,Sheriff,,,Under Votes,0,0,0,0,0
Perry,B104,Sheriff,,,Over Votes,0,0,0,0,0
Perry,B104,Magistrate,,,Bill BEGLEY,16,5,9,2,0
Perry,B104,Magistrate,,,Freeman C. ROBERTSON JR.,13,2,11,0,0
Perry,B104,Magistrate,,,Under Votes,2,0,2,0,0
Perry,B104,Magistrate,,,Over Votes,0,0,0,0,0
Perry,B104,U.S. Senate,,Democratic,Vincent Anthony THOMPSON,2,0,2,0,0
Perry,B104,U.S. Senate,,Democratic,Amy McGRATH,29,7,19,3,0
Perry,B104,U.S. Senate,,Democratic,Dale Lewis ROMANS,1,0,1,0,0
Perry,B104,U.S. Senate,,Democratic,Charles BOOKER,29,1,24,4,0
Perry,B104,U.S. Senate,,Democratic,Pamela STEVENSON,3,1,2,0,0
Perry,B104,U.S. Senate,,Democratic,Joshua BLANTON SR.,3,1,2,0,0
Perry,B104,U.S. Senate,,Democratic,Logan FORSYTHE,6,2,4,0,0
Perry,B104,U.S. Senate,,,Under Votes,19,5,13,1,0
Perry,B104,U.S. Senate,,,Over Votes,0,0,0,0,0
Perry,B104,County Judge/Executive,,,Ellis HALL,8,2,6,0,0
Perry,B104,County Judge/Executive,,,Scott ALEXANDER,67,11,48,8,0
Perry,B104,County Judge/Executive,,,Harlan CAMPBELL,8,0,8,0,0
Perry,B104,County Judge/Executive,,,Under Votes,9,4,5,0,0
Perry,B104,County Judge/Executive,,,Over Votes,0,0,0,0,0
Perry,B104,Sheriff,,,"James ""Big'Un"" JEWELL",10,3,7,0,0
Perry,B104,Sheriff,,,Jessie DAY,21,2,17,2,0
Perry,B104,Sheriff,,,Shawn WHITE,54,8,40,6,0
Perry,B104,Sheriff,,,Under Votes,7,4,3,0,0
Perry,B104,Sheriff,,,Over Votes,0,0,0,0,0
Perry,B104,Magistrate,,,"Hilburn ""Hib"" HERALD",4,0,4,0,0
Perry,B104,Magistrate,,,Charles Lee COLWELL,10,2,7,1,0
Perry,B104,Magistrate,,,"Glenn ""Buzzsaw"" NEACE",41,6,34,1,0
Perry,B104,Magistrate,,,Rose SHIELDS,2,0,2,0,0
Perry,B104,Magistrate,,,Anthony ASHER,1,0,1,0,0
Perry,B104,Magistrate,,,David B. MILLER,33,8,19,6,0
Perry,B104,Magistrate,,,Under Votes,1,1,0,0,0
Perry,B104,Magistrate,,,Over Votes,0,0,0,0,0
Perry,B104,Constable,,,Shelby W. MIZE,22,3,15,4,0
Perry,B104,Constable,,,Frank SMITH,25,1,20,4,0
Perry,B104,Constable,,,Ronnie DILLION,25,6,19,0,0
Perry,B104,Constable,,,Under Votes,20,7,13,0,0
Perry,B104,Constable,,,Over Votes,0,0,0,0,0
Perry,B105,U.S. Senate,,Republican,Daniel CAMERON,15,2,13,0,0
Perry,B105,U.S. Senate,,Republican,Jonathan M. HOLLIDAY,0,0,0,0,0
Perry,B105,U.S. Senate,,Republican,Andy BARR,46,6,39,1,0
Perry,B105,U.S. Senate,,Republican,"Valerie ""Dr Val"" FREDRICK",0,0,0,0,0
Perry,B105,U.S. Senate,,Republican,A. Nick SHELLEY,0,0,0,0,0
Perry,B105,U.S. Senate,,Republican,James D. DUNCAN,0,0,0,0,0
Perry,B105,U.S. Senate,,Republican,Michael James FARIS,2,0,2,0,0
Perry,B105,U.S. Senate,,Republican,Anissa CATLETT,0,0,0,0,0
Perry,B105,U.S. Senate,,Republican,Other Donald WENZEL,0,0,0,0,0
Perry,B105,U.S. Senate,,Republican,Jimmy I. LEON,0,0,0,0,0
Perry,B105,U.S. Senate,,Republican,George WASHINGTON,1,0,1,0,0
Perry,B105,U.S. Senate,,,Under Votes,5,3,2,0,0
Perry,B105,U.S. Senate,,,Over Votes,0,0,0,0,0
Perry,B105,Ballots Cast,,,,211,,,,
Perry,B105,U.S. House,5,Republican,Kevin SMITH,5,2,3,0,0
Perry,B105,U.S. House,5,Republican,Benjamin HURLEY,5,1,4,0,0
Perry,B105,U.S. House,5,Republican,Hal ROGERS,56,9,46,1,0
Perry,B105,U.S. House,5,Republican,Jerry Lee SHELTON,1,0,1,0,0
Perry,B105,U.S. House,5,Republican,Brandon R. MONHOLLEN,1,0,1,0,0
Perry,B105,U.S. House,5,,Under Votes,3,0,3,0,0
Perry,B105,U.S. House,5,,Over Votes,0,0,0,0,0
Perry,B105,State Senate,30,Republican,Brandon D. SMITH,42,6,35,1,0
Perry,B105,State Senate,30,Republican,Billy WESLEY,23,5,18,0,0
Perry,B105,State Senate,30,,Under Votes,6,1,5,0,0
Perry,B105,State Senate,30,,Over Votes,0,0,0,0,0
Perry,B105,County Judge/Executive,,,Denny Ray NOBLE,33,7,26,0,0
Perry,B105,County Judge/Executive,,,Lemuel BRASHEAR,9,0,9,0,0
Perry,B105,County Judge/Executive,,,Kenneth HALL,21,3,17,1,0
Perry,B105,County Judge/Executive,,,Under Votes,8,2,6,0,0
Perry,B105,County Judge/Executive,,,Over Votes,0,0,0,0,0
Perry,B105,Sheriff,,,Terry BREWER,21,7,14,0,0
Perry,B105,Sheriff,,,Shannon WOODS,39,4,34,1,0
Perry,B105,Sheriff,,,Vanessa L. COMBS,7,1,6,0,0
Perry,B105,Sheriff,,,Under Votes,4,0,4,0,0
Perry,B105,Sheriff,,,Over Votes,0,0,0,0,0
Perry,B105,Magistrate,,,Bill BEGLEY,33,9,24,0,0
Perry,B105,Magistrate,,,Freeman C. ROBERTSON JR.,32,2,29,1,0
Perry,B105,Magistrate,,,Under Votes,6,1,5,0,0
Perry,B105,Magistrate,,,Over Votes,0,0,0,0,0
Perry,B105,U.S. Senate,,Democratic,Vincent Anthony THOMPSON,6,1,5,0,0
Perry,B105,U.S. Senate,,Democratic,Amy McGRATH,56,9,40,7,0
Perry,B105,U.S. Senate,,Democratic,Dale Lewis ROMANS,4,1,3,0,0
Perry,B105,U.S. Senate,,Democratic,Charles BOOKER,41,7,33,1,0
Perry,B105,U.S. Senate,,Democratic,Pamela STEVENSON,7,2,5,0,0
Perry,B105,U.S. Senate,,Democratic,Joshua BLANTON SR.,3,1,2,0,0
Perry,B105,U.S. Senate,,Democratic,Logan FORSYTHE,8,2,6,0,0
Perry,B105,U.S. Senate,,,Under Votes,15,3,12,0,0
Perry,B105,U.S. Senate,,,Over Votes,0,0,0,0,0
Perry,B105,County Judge/Executive,,,Ellis HALL,14,4,10,0,0
Perry,B105,County Judge/Executive,,,Scott ALEXANDER,85,15,64,6,0
Perry,B105,County Judge/Executive,,,Harlan CAMPBELL,30,4,24,2,0
Perry,B105,County Judge/Executive,,,Under Votes,11,3,8,0,0
Perry,B105,County Judge/Executive,,,Over Votes,0,0,0,0,0
Perry,B105,Sheriff,,,"James ""Big'Un"" JEWELL",16,2,8,6,0
Perry,B105,Sheriff,,,Jessie DAY,34,9,24,1,0
Perry,B105,Sheriff,,,Shawn WHITE,85,14,71,0,0
Perry,B105,Sheriff,,,Under Votes,5,1,3,1,0
Perry,B105,Sheriff,,,Over Votes,0,0,0,0,0
Perry,B105,Magistrate,,,"Hilburn ""Hib"" HERALD",14,4,9,1,0
Perry,B105,Magistrate,,,Charles Lee COLWELL,10,2,8,0,0
Perry,B105,Magistrate,,,"Glenn ""Buzzsaw"" NEACE",74,12,57,5,0
Perry,B105,Magistrate,,,Rose SHIELDS,30,2,27,1,0
Perry,B105,Magistrate,,,Anthony ASHER,3,1,2,0,0
Perry,B105,Magistrate,,,David B. MILLER,6,4,1,1,0
Perry,B105,Magistrate,,,Under Votes,3,1,2,0,0
Perry,B105,Magistrate,,,Over Votes,0,0,0,0,0
Perry,B105,Constable,,,Shelby W. MIZE,34,9,23,2,0
Perry,B105,Constable,,,Frank SMITH,30,2,25,3,0
Perry,B105,Constable,,,Ronnie DILLION,52,12,39,1,0
Perry,B105,Constable,,,Under Votes,24,3,19,2,0
Perry,B105,Constable,,,Over Votes,0,0,0,0,0
Perry,B106,U.S. Senate,,Republican,Daniel CAMERON,20,3,16,1,0
Perry,B106,U.S. Senate,,Republican,Jonathan M. HOLLIDAY,2,0,2,0,0
Perry,B106,U.S. Senate,,Republican,Andy BARR,53,4,49,0,0
Perry,B106,U.S. Senate,,Republican,"Valerie ""Dr Val"" FREDRICK",0,0,0,0,0
Perry,B106,U.S. Senate,,Republican,A. Nick SHELLEY,0,0,0,0,0
Perry,B106,U.S. Senate,,Republican,James D. DUNCAN,0,0,0,0,0
Perry,B106,U.S. Senate,,Republican,Michael James FARIS,0,0,0,0,0
Perry,B106,U.S. Senate,,Republican,Anissa CATLETT,0,0,0,0,0
Perry,B106,U.S. Senate,,Republican,Other Donald WENZEL,0,0,0,0,0
Perry,B106,U.S. Senate,,Republican,Jimmy I. LEON,0,0,0,0,0
Perry,B106,U.S. Senate,,Republican,George WASHINGTON,3,1,2,0,0
Perry,B106,U.S. Senate,,,Under Votes,6,1,5,0,0
Perry,B106,U.S. Senate,,,Over Votes,0,0,0,0,0
Perry,B106,Ballots Cast,,,,172,,,,
Perry,B106,U.S. House,5,Republican,Kevin SMITH,13,1,11,1,0
Perry,B106,U.S. House,5,Republican,Benjamin HURLEY,6,2,4,0,0
Perry,B106,U.S. House,5,Republican,Hal ROGERS,63,5,58,0,0
Perry,B106,U.S. House,5,Republican,Jerry Lee SHELTON,1,0,1,0,0
Perry,B106,U.S. House,5,Republican,Brandon R. MONHOLLEN,1,0,1,0,0
Perry,B106,U.S. House,5,,Under Votes,4,1,3,0,0
Perry,B106,U.S. House,5,,Over Votes,0,0,0,0,0
Perry,B106,State Senate,30,Republican,Brandon D. SMITH,57,5,51,1,0
Perry,B106,State Senate,30,Republican,Billy WESLEY,25,3,22,0,0
Perry,B106,State Senate,30,,Under Votes,6,1,5,0,0
Perry,B106,State Senate,30,,Over Votes,0,0,0,0,0
Perry,B106,County Judge/Executive,,,Denny Ray NOBLE,46,6,40,0,0
Perry,B106,County Judge/Executive,,,Lemuel BRASHEAR,8,2,6,0,0
Perry,B106,County Judge/Executive,,,Kenneth HALL,30,1,28,1,0
Perry,B106,County Judge/Executive,,,Under Votes,4,0,4,0,0
Perry,B106,County Judge/Executive,,,Over Votes,0,0,0,0,0
Perry,B106,Sheriff,,,Terry BREWER,39,8,31,0,0
Perry,B106,Sheriff,,,Shannon WOODS,44,1,43,0,0
Perry,B106,Sheriff,,,Vanessa L. COMBS,5,0,4,1,0
Perry,B106,Sheriff,,,Under Votes,0,0,0,0,0
Perry,B106,Sheriff,,,Over Votes,0,0,0,0,0
Perry,B106,Magistrate,,,Bill BEGLEY,35,0,34,1,0
Perry,B106,Magistrate,,,Freeman C. ROBERTSON JR.,47,9,38,0,0
Perry,B106,Magistrate,,,Under Votes,6,0,6,0,0
Perry,B106,Magistrate,,,Over Votes,0,0,0,0,0
Perry,B106,U.S. Senate,,Democratic,Vincent Anthony THOMPSON,3,0,3,0,0
Perry,B106,U.S. Senate,,Democratic,Amy McGRATH,20,0,20,0,0
Perry,B106,U.S. Senate,,Democratic,Dale Lewis ROMANS,2,0,2,0,0
Perry,B106,U.S. Senate,,Democratic,Charles BOOKER,26,3,23,0,0
Perry,B106,U.S. Senate,,Democratic,Pamela STEVENSON,6,0,6,0,0
Perry,B106,U.S. Senate,,Democratic,Joshua BLANTON SR.,5,0,5,0,0
Perry,B106,U.S. Senate,,Democratic,Logan FORSYTHE,3,2,1,0,0
Perry,B106,U.S. Senate,,,Under Votes,19,2,17,0,0
Perry,B106,U.S. Senate,,,Over Votes,0,0,0,0,0
Perry,B106,County Judge/Executive,,,Ellis HALL,13,0,13,0,0
Perry,B106,County Judge/Executive,,,Scott ALEXANDER,51,4,47,0,0
Perry,B106,County Judge/Executive,,,Harlan CAMPBELL,12,1,11,0,0
Perry,B106,County Judge/Executive,,,Under Votes,8,2,6,0,0
Perry,B106,County Judge/Executive,,,Over Votes,0,0,0,0,0
Perry,B106,Sheriff,,,"James ""Big'Un"" JEWELL",13,0,13,0,0
Perry,B106,Sheriff,,,Jessie DAY,36,3,33,0,0
Perry,B106,Sheriff,,,Shawn WHITE,33,4,29,0,0
Perry,B106,Sheriff,,,Under Votes,2,0,2,0,0
Perry,B106,Sheriff,,,Over Votes,0,0,0,0,0
Perry,B106,Magistrate,,,"Hilburn ""Hib"" HERALD",20,2,18,0,0
Perry,B106,Magistrate,,,Charles Lee COLWELL,8,0,8,0,0
Perry,B106,Magistrate,,,"Glenn ""Buzzsaw"" NEACE",45,4,41,0,0
Perry,B106,Magistrate,,,Rose SHIELDS,4,0,4,0,0
Perry,B106,Magistrate,,,Anthony ASHER,0,0,0,0,0
Perry,B106,Magistrate,,,David B. MILLER,7,1,6,0,0
Perry,B106,Magistrate,,,Under Votes,0,0,0,0,0
Perry,B106,Magistrate,,,Over Votes,0,0,0,0,0
Perry,B106,Constable,,,Shelby W. MIZE,16,2,14,0,0
Perry,B106,Constable,,,Frank SMITH,25,4,21,0,0
Perry,B106,Constable,,,Ronnie DILLION,33,0,33,0,0
Perry,B106,Constable,,,Under Votes,10,1,9,0,0
Perry,B106,Constable,,,Over Votes,0,0,0,0,0
Perry,B107,U.S. Senate,,Republican,Daniel CAMERON,6,1,5,0,0
Perry,B107,U.S. Senate,,Republican,Jonathan M. HOLLIDAY,0,0,0,0,0
Perry,B107,U.S. Senate,,Republican,Andy BARR,19,2,14,2,1
Perry,B107,U.S. Senate,,Republican,"Valerie ""Dr Val"" FREDRICK",0,0,0,0,0
Perry,B107,U.S. Senate,,Republican,A. Nick SHELLEY,0,0,0,0,0
Perry,B107,U.S. Senate,,Republican,James D. DUNCAN,0,0,0,0,0
Perry,B107,U.S. Senate,,Republican,Michael James FARIS,3,0,3,0,0
Perry,B107,U.S. Senate,,Republican,Anissa CATLETT,0,0,0,0,0
Perry,B107,U.S. Senate,,Republican,Other Donald WENZEL,0,0,0,0,0
Perry,B107,U.S. Senate,,Republican,Jimmy I. LEON,0,0,0,0,0
Perry,B107,U.S. Senate,,Republican,George WASHINGTON,1,0,1,0,0
Perry,B107,U.S. Senate,,,Under Votes,0,0,0,0,0
Perry,B107,U.S. Senate,,,Over Votes,0,0,0,0,0
Perry,B107,Ballots Cast,,,,77,,,,
Perry,B107,U.S. House,5,Republican,Kevin SMITH,0,0,0,0,0
Perry,B107,U.S. House,5,Republican,Benjamin HURLEY,2,1,1,0,0
Perry,B107,U.S. House,5,Republican,Hal ROGERS,23,2,18,2,1
Perry,B107,U.S. House,5,Republican,Jerry Lee SHELTON,1,0,1,0,0
Perry,B107,U.S. House,5,Republican,Brandon R. MONHOLLEN,2,0,2,0,0
Perry,B107,U.S. House,5,,Under Votes,1,0,1,0,0
Perry,B107,U.S. House,5,,Over Votes,0,0,0,0,0
Perry,B107,State Senate,30,Republican,Brandon D. SMITH,25,3,19,2,1
Perry,B107,State Senate,30,Republican,Billy WESLEY,4,0,4,0,0
Perry,B107,State Senate,30,,Under Votes,0,0,0,0,0
Perry,B107,State Senate,30,,Over Votes,0,0,0,0,0
Perry,B107,County Judge/Executive,,,Denny Ray NOBLE,11,2,8,0,1
Perry,B107,County Judge/Executive,,,Lemuel BRASHEAR,0,0,0,0,0
Perry,B107,County Judge/Executive,,,Kenneth HALL,13,0,11,2,0
Perry,B107,County Judge/Executive,,,Under Votes,5,1,4,0,0
Perry,B107,County Judge/Executive,,,Over Votes,0,0,0,0,0
Perry,B107,Sheriff,,,Terry BREWER,14,1,10,2,1
Perry,B107,Sheriff,,,Shannon WOODS,11,1,10,0,0
Perry,B107,Sheriff,,,Vanessa L. COMBS,1,0,1,0,0
Perry,B107,Sheriff,,,Under Votes,3,1,2,0,0
Perry,B107,Sheriff,,,Over Votes,0,0,0,0,0
Perry,B107,Magistrate,,,Bill BEGLEY,16,2,11,2,1
Perry,B107,Magistrate,,,Freeman C. ROBERTSON JR.,12,1,11,0,0
Perry,B107,Magistrate,,,Under Votes,1,0,1,0,0
Perry,B107,Magistrate,,,Over Votes,0,0,0,0,0
Perry,B107,U.S. Senate,,Democratic,Vincent Anthony THOMPSON,0,0,0,0,0
Perry,B107,U.S. Senate,,Democratic,Amy McGRATH,17,1,16,0,0
Perry,B107,U.S. Senate,,Democratic,Dale Lewis ROMANS,3,0,1,2,0
Perry,B107,U.S. Senate,,Democratic,Charles BOOKER,13,4,9,0,0
Perry,B107,U.S. Senate,,Democratic,Pamela STEVENSON,6,0,6,0,0
Perry,B107,U.S. Senate,,Democratic,Joshua BLANTON SR.,1,0,1,0,0
Perry,B107,U.S. Senate,,Democratic,Logan FORSYTHE,4,0,4,0,0
Perry,B107,U.S. Senate,,,Under Votes,3,1,2,0,0
Perry,B107,U.S. Senate,,,Over Votes,0,0,0,0,0
Perry,B107,County Judge/Executive,,,Ellis HALL,5,0,5,0,0
Perry,B107,County Judge/Executive,,,Scott ALEXANDER,32,5,27,0,0
Perry,B107,County Judge/Executive,,,Harlan CAMPBELL,10,1,7,2,0
Perry,B107,County Judge/Executive,,,Under Votes,0,0,0,0,0
Perry,B107,County Judge/Executive,,,Over Votes,0,0,0,0,0
Perry,B107,Sheriff,,,"James ""Big'Un"" JEWELL",4,1,3,0,0
Perry,B107,Sheriff,,,Jessie DAY,15,1,14,0,0
Perry,B107,Sheriff,,,Shawn WHITE,27,4,21,2,0
Perry,B107,Sheriff,,,Under Votes,1,0,1,0,0
Perry,B107,Sheriff,,,Over Votes,0,0,0,0,0
Perry,B107,Magistrate,,,"Hilburn ""Hib"" HERALD",12,0,12,0,0
Perry,B107,Magistrate,,,Charles Lee COLWELL,9,2,7,0,0
Perry,B107,Magistrate,,,"Glenn ""Buzzsaw"" NEACE",15,3,10,2,0
Perry,B107,Magistrate,,,Rose SHIELDS,3,0,3,0,0
Perry,B107,Magistrate,,,Anthony ASHER,2,0,2,0,0
Perry,B107,Magistrate,,,David B. MILLER,5,1,4,0,0
Perry,B107,Magistrate,,,Under Votes,1,0,1,0,0
Perry,B107,Magistrate,,,Over Votes,0,0,0,0,0
Perry,B107,Constable,,,Shelby W. MIZE,12,1,11,0,0
Perry,B107,Constable,,,Frank SMITH,16,0,16,0,0
Perry,B107,Constable,,,Ronnie DILLION,12,4,6,2,0
Perry,B107,Constable,,,Under Votes,7,1,6,0,0
Perry,B107,Constable,,,Over Votes,0,0,0,0,0
Perry,B107,Mayor City OF Hazard,,,James Logan FIELDS,8,0,8,0,0
Perry,B107,Mayor City OF Hazard,,,Christian A. McGILTON,8,1,5,2,0
Perry,B107,Mayor City OF Hazard,,,"Donald ""Happy"" MOBELINI",54,8,43,2,1
Perry,B107,Mayor City OF Hazard,,,Howard SUMNER,6,0,6,0,0
Perry,B107,Mayor City OF Hazard,,,Under Votes,1,0,1,0,0
Perry,B107,Mayor City OF Hazard,,,Over Votes,0,0,0,0,0
Perry,B108,U.S. Senate,,Republican,Daniel CAMERON,3,0,3,0,0
Perry,B108,U.S. Senate,,Republican,Jonathan M. HOLLIDAY,1,0,1,0,0
Perry,B108,U.S. Senate,,Republican,Andy BARR,19,4,13,2,0
Perry,B108,U.S. Senate,,Republican,"Valerie ""Dr Val"" FREDRICK",0,0,0,0,0
Perry,B108,U.S. Senate,,Republican,A. Nick SHELLEY,0,0,0,0,0
Perry,B108,U.S. Senate,,Republican,James D. DUNCAN,0,0,0,0,0
Perry,B108,U.S. Senate,,Republican,Michael James FARIS,2,1,1,0,0
Perry,B108,U.S. Senate,,Republican,Anissa CATLETT,0,0,0,0,0
Perry,B108,U.S. Senate,,Republican,Other Donald WENZEL,0,0,0,0,0
Perry,B108,U.S. Senate,,Republican,Jimmy I. LEON,0,0,0,0,0
Perry,B108,U.S. Senate,,Republican,George WASHINGTON,0,0,0,0,0
Perry,B108,U.S. Senate,,,Under Votes,1,0,1,0,0
Perry,B108,U.S. Senate,,,Over Votes,0,0,0,0,0
Perry,B108,Ballots Cast,,,,81,,,,
Perry,B108,U.S. House,5,Republican,Kevin SMITH,2,0,2,0,0
Perry,B108,U.S. House,5,Republican,Benjamin HURLEY,4,1,3,0,0
Perry,B108,U.S. House,5,Republican,Hal ROGERS,22,4,16,2,0
Perry,B108,U.S. House,5,Republican,Jerry Lee SHELTON,0,0,0,0,0
Perry,B108,U.S. House,5,Republican,Brandon R. MONHOLLEN,0,0,0,0,0
Perry,B108,U.S. House,5,,Under Votes,1,0,1,0,0
Perry,B108,U.S. House,5,,Over Votes,0,0,0,0,0
Perry,B108,State Senate,30,Republican,Brandon D. SMITH,18,2,14,2,0
Perry,B108,State Senate,30,Republican,Billy WESLEY,10,3,7,0,0
Perry,B108,State Senate,30,,Under Votes,1,0,1,0,0
Perry,B108,State Senate,30,,Over Votes,0,0,0,0,0
Perry,B108,County Judge/Executive,,,Denny Ray NOBLE,13,1,11,1,0
Perry,B108,County Judge/Executive,,,Lemuel BRASHEAR,3,0,2,1,0
Perry,B108,County Judge/Executive,,,Kenneth HALL,9,4,5,0,0
Perry,B108,County Judge/Executive,,,Under Votes,4,0,4,0,0
Perry,B108,County Judge/Executive,,,Over Votes,0,0,0,0,0
Perry,B108,Sheriff,,,Terry BREWER,13,1,10,2,0
Perry,B108,Sheriff,,,Shannon WOODS,13,4,9,0,0
Perry,B108,Sheriff,,,Vanessa L. COMBS,0,0,0,0,0
Perry,B108,Sheriff,,,Under Votes,3,0,3,0,0
Perry,B108,Sheriff,,,Over Votes,0,0,0,0,0
Perry,B108,Magistrate,,,Bill BEGLEY,14,2,11,1,0
Perry,B108,Magistrate,,,Freeman C. ROBERTSON JR.,12,3,8,1,0
Perry,B108,Magistrate,,,Under Votes,3,0,3,0,0
Perry,B108,Magistrate,,,Over Votes,0,0,0,0,0
Perry,B108,U.S. Senate,,Democratic,Vincent Anthony THOMPSON,2,0,2,0,0
Perry,B108,U.S. Senate,,Democratic,Amy McGRATH,24,5,18,1,0
Perry,B108,U.S. Senate,,Democratic,Dale Lewis ROMANS,2,0,2,0,0
Perry,B108,U.S. Senate,,Democratic,Charles BOOKER,18,4,12,2,0
Perry,B108,U.S. Senate,,Democratic,Pamela STEVENSON,1,0,1,0,0
Perry,B108,U.S. Senate,,Democratic,Joshua BLANTON SR.,0,0,0,0,0
Perry,B108,U.S. Senate,,Democratic,Logan FORSYTHE,1,0,1,0,0
Perry,B108,U.S. Senate,,,Under Votes,4,1,3,0,0
Perry,B108,U.S. Senate,,,Over Votes,0,0,0,0,0
Perry,B108,County Judge/Executive,,,Ellis HALL,7,1,5,1,0
Perry,B108,County Judge/Executive,,,Scott ALEXANDER,41,7,33,1,0
Perry,B108,County Judge/Executive,,,Harlan CAMPBELL,4,2,1,1,0
Perry,B108,County Judge/Executive,,,Under Votes,0,0,0,0,0
Perry,B108,County Judge/Executive,,,Over Votes,0,0,0,0,0
Perry,B108,Sheriff,,,"James ""Big'Un"" JEWELL",3,0,3,0,0
Perry,B108,Sheriff,,,Jessie DAY,18,3,15,0,0
Perry,B108,Sheriff,,,Shawn WHITE,30,7,20,3,0
Perry,B108,Sheriff,,,Under Votes,1,0,1,0,0
Perry,B108,Sheriff,,,Over Votes,0,0,0,0,0
Perry,B108,Magistrate,,,"Hilburn ""Hib"" HERALD",4,0,4,0,0
Perry,B108,Magistrate,,,Charles Lee COLWELL,7,2,5,0,0
Perry,B108,Magistrate,,,"Glenn ""Buzzsaw"" NEACE",20,3,15,2,0
Perry,B108,Magistrate,,,Rose SHIELDS,8,2,6,0,0
Perry,B108,Magistrate,,,Anthony ASHER,8,0,7,1,0
Perry,B108,Magistrate,,,David B. MILLER,3,3,0,0,0
Perry,B108,Magistrate,,,Under Votes,2,0,2,0,0
Perry,B108,Magistrate,,,Over Votes,0,0,0,0,0
Perry,B108,Constable,,,Shelby W. MIZE,6,1,5,0,0
Perry,B108,Constable,,,Frank SMITH,13,2,10,1,0
Perry,B108,Constable,,,Ronnie DILLION,24,3,19,2,0
Perry,B108,Constable,,,Under Votes,9,4,5,0,0
Perry,B108,Constable,,,Over Votes,0,0,0,0,0
Perry,B108,Mayor City OF Hazard,,,James Logan FIELDS,8,3,5,0,0
Perry,B108,Mayor City OF Hazard,,,Christian A. McGILTON,9,1,6,2,0
Perry,B108,Mayor City OF Hazard,,,"Donald ""Happy"" MOBELINI",52,10,39,3,0
Perry,B108,Mayor City OF Hazard,,,Howard SUMNER,11,1,10,0,0
Perry,B108,Mayor City OF Hazard,,,Under Votes,1,0,1,0,0
Perry,B108,Mayor City OF Hazard,,,Over Votes,0,0,0,0,0
Perry,B109,U.S. Senate,,Republican,Daniel CAMERON,6,2,4,0,0
Perry,B109,U.S. Senate,,Republican,Jonathan M. HOLLIDAY,0,0,0,0,0
Perry,B109,U.S. Senate,,Republican,Andy BARR,29,10,18,0,1
Perry,B109,U.S. Senate,,Republican,"Valerie ""Dr Val"" FREDRICK",1,0,1,0,0
Perry,B109,U.S. Senate,,Republican,A. Nick SHELLEY,0,0,0,0,0
Perry,B109,U.S. Senate,,Republican,James D. DUNCAN,1,1,0,0,0
Perry,B109,U.S. Senate,,Republican,Michael James FARIS,0,0,0,0,0
Perry,B109,U.S. Senate,,Republican,Anissa CATLETT,0,0,0,0,0
Perry,B109,U.S. Senate,,Republican,Other Donald WENZEL,0,0,0,0,0
Perry,B109,U.S. Senate,,Republican,Jimmy I. LEON,0,0,0,0,0
Perry,B109,U.S. Senate,,Republican,George WASHINGTON,1,0,1,0,0
Perry,B109,U.S. Senate,,,Under Votes,3,1,2,0,0
Perry,B109,U.S. Senate,,,Over Votes,0,0,0,0,0
Perry,B109,Ballots Cast,,,,89,,,,
Perry,B109,U.S. House,5,Republican,Kevin SMITH,5,1,4,0,0
Perry,B109,U.S. House,5,Republican,Benjamin HURLEY,1,1,0,0,0
Perry,B109,U.S. House,5,Republican,Hal ROGERS,31,10,20,0,1
Perry,B109,U.S. House,5,Republican,Jerry Lee SHELTON,0,0,0,0,0
Perry,B109,U.S. House,5,Republican,Brandon R. MONHOLLEN,2,1,1,0,0
Perry,B109,U.S. House,5,,Under Votes,2,1,1,0,0
Perry,B109,U.S. House,5,,Over Votes,0,0,0,0,0
Perry,B109,State Senate,30,Republican,Brandon D. SMITH,31,12,18,0,1
Perry,B109,State Senate,30,Republican,Billy WESLEY,9,2,7,0,0
Perry,B109,State Senate,30,,Under Votes,1,0,1,0,0
Perry,B109,State Senate,30,,Over Votes,0,0,0,0,0
Perry,B109,County Judge/Executive,,,Denny Ray NOBLE,16,3,12,0,1
Perry,B109,County Judge/Executive,,,Lemuel BRASHEAR,3,0,3,0,0
Perry,B109,County Judge/Executive,,,Kenneth HALL,14,7,7,0,0
Perry,B109,County Judge/Executive,,,Under Votes,8,4,4,0,0
Perry,B109,County Judge/Executive,,,Over Votes,0,0,0,0,0
Perry,B109,Sheriff,,,Terry BREWER,8,1,7,0,0
Perry,B109,Sheriff,,,Shannon WOODS,23,9,13,0,1
Perry,B109,Sheriff,,,Vanessa L. COMBS,3,0,3,0,0
Perry,B109,Sheriff,,,Under Votes,7,4,3,0,0
Perry,B109,Sheriff,,,Over Votes,0,0,0,0,0
Perry,B109,Magistrate,,,Bill BEGLEY,11,2,9,0,0
Perry,B109,Magistrate,,,Freeman C. ROBERTSON JR.,26,10,15,0,1
Perry,B109,Magistrate,,,Under Votes,4,2,2,0,0
Perry,B109,Magistrate,,,Over Votes,0,0,0,0,0
Perry,B109,U.S. Senate,,Democratic,Vincent Anthony THOMPSON,3,0,3,0,0
Perry,B109,U.S. Senate,,Democratic,Amy McGRATH,15,1,12,2,0
Perry,B109,U.S. Senate,,Democratic,Dale Lewis ROMANS,0,0,0,0,0
Perry,B109,U.S. Senate,,Democratic,Charles BOOKER,20,4,14,2,0
Perry,B109,U.S. Senate,,Democratic,Pamela STEVENSON,1,1,0,0,0
Perry,B109,U.S. Senate,,Democratic,Joshua BLANTON SR.,0,0,0,0,0
Perry,B109,U.S. Senate,,Democratic,Logan FORSYTHE,1,1,0,0,0
Perry,B109,U.S. Senate,,,Under Votes,7,3,4,0,0
Perry,B109,U.S. Senate,,,Over Votes,0,0,0,0,0
Perry,B109,County Judge/Executive,,,Ellis HALL,5,1,4,0,0
Perry,B109,County Judge/Executive,,,Scott ALEXANDER,38,7,27,4,0
Perry,B109,County Judge/Executive,,,Harlan CAMPBELL,2,2,0,0,0
Perry,B109,County Judge/Executive,,,Under Votes,2,0,2,0,0
Perry,B109,County Judge/Executive,,,Over Votes,0,0,0,0,0
Perry,B109,Sheriff,,,"James ""Big'Un"" JEWELL",5,2,3,0,0
Perry,B109,Sheriff,,,Jessie DAY,13,1,10,2,0
Perry,B109,Sheriff,,,Shawn WHITE,27,7,18,2,0
Perry,B109,Sheriff,,,Under Votes,2,0,2,0,0
Perry,B109,Sheriff,,,Over Votes,0,0,0,0,0
Perry,B109,Magistrate,,,"Hilburn ""Hib"" HERALD",8,0,8,0,0
Perry,B109,Magistrate,,,Charles Lee COLWELL,11,3,7,1,0
Perry,B109,Magistrate,,,"Glenn ""Buzzsaw"" NEACE",14,6,8,0,0
Perry,B109,Magistrate,,,Rose SHIELDS,8,1,4,3,0
Perry,B109,Magistrate,,,Anthony ASHER,2,0,2,0,0
Perry,B109,Magistrate,,,David B. MILLER,2,0,2,0,0
Perry,B109,Magistrate,,,Under Votes,2,0,2,0,0
Perry,B109,Magistrate,,,Over Votes,0,0,0,0,0
Perry,B109,Constable,,,Shelby W. MIZE,9,2,5,2,0
Perry,B109,Constable,,,Frank SMITH,18,3,13,2,0
Perry,B109,Constable,,,Ronnie DILLION,11,2,9,0,0
Perry,B109,Constable,,,Under Votes,8,2,6,0,0
Perry,B109,Constable,,,Over Votes,1,1,0,0,0
Perry,B109,Mayor City OF Hazard,,,James Logan FIELDS,11,1,10,0,0
Perry,B109,Mayor City OF Hazard,,,Christian A. McGILTON,5,2,3,0,0
Perry,B109,Mayor City OF Hazard,,,"Donald ""Happy"" MOBELINI",62,19,38,4,1
Perry,B109,Mayor City OF Hazard,,,Howard SUMNER,7,1,6,0,0
Perry,B109,Mayor City OF Hazard,,,Under Votes,4,1,3,0,0
Perry,B109,Mayor City OF Hazard,,,Over Votes,0,0,0,0,0
Perry,B110,U.S. Senate,,Republican,Daniel CAMERON,17,2,15,0,0
Perry,B110,U.S. Senate,,Republican,Jonathan M. HOLLIDAY,2,0,2,0,0
Perry,B110,U.S. Senate,,Republican,Andy BARR,51,10,40,1,0
Perry,B110,U.S. Senate,,Republican,"Valerie ""Dr Val"" FREDRICK",0,0,0,0,0
Perry,B110,U.S. Senate,,Republican,A. Nick SHELLEY,0,0,0,0,0
Perry,B110,U.S. Senate,,Republican,James D. DUNCAN,0,0,0,0,0
Perry,B110,U.S. Senate,,Republican,Michael James FARIS,1,0,1,0,0
Perry,B110,U.S. Senate,,Republican,Anissa CATLETT,2,1,1,0,0
Perry,B110,U.S. Senate,,Republican,Other Donald WENZEL,1,1,0,0,0
Perry,B110,U.S. Senate,,Republican,Jimmy I. LEON,0,0,0,0,0
Perry,B110,U.S. Senate,,Republican,George WASHINGTON,2,0,1,0,1
Perry,B110,U.S. Senate,,,Under Votes,5,0,4,1,0
Perry,B110,U.S. Senate,,,Over Votes,0,0,0,0,0
Perry,B110,Ballots Cast,,,,201,,,,
Perry,B110,U.S. House,5,Republican,Kevin SMITH,7,1,6,0,0
Perry,B110,U.S. House,5,Republican,Benjamin HURLEY,4,0,4,0,0
Perry,B110,U.S. House,5,Republican,Hal ROGERS,59,12,45,2,0
Perry,B110,U.S. House,5,Republican,Jerry Lee SHELTON,2,0,2,0,0
Perry,B110,U.S. House,5,Republican,Brandon R. MONHOLLEN,4,1,2,0,1
Perry,B110,U.S. House,5,,Under Votes,6,0,6,0,0
Perry,B110,U.S. House,5,,Over Votes,0,0,0,0,0
Perry,B110,State Senate,30,Republican,Brandon D. SMITH,63,9,53,1,0
Perry,B110,State Senate,30,Republican,Billy WESLEY,19,5,12,1,1
Perry,B110,State Senate,30,,Under Votes,0,0,0,0,0
Perry,B110,State Senate,30,,Over Votes,0,0,0,0,0
Perry,B110,County Judge/Executive,,,Denny Ray NOBLE,42,9,31,2,0
Perry,B110,County Judge/Executive,,,Lemuel BRASHEAR,10,2,8,0,0
Perry,B110,County Judge/Executive,,,Kenneth HALL,21,3,17,0,1
Perry,B110,County Judge/Executive,,,Under Votes,9,0,9,0,0
Perry,B110,County Judge/Executive,,,Over Votes,0,0,0,0,0
Perry,B110,Sheriff,,,Terry BREWER,20,2,17,1,0
Perry,B110,Sheriff,,,Shannon WOODS,47,9,37,0,1
Perry,B110,Sheriff,,,Vanessa L. COMBS,6,3,3,0,0
Perry,B110,Sheriff,,,Under Votes,9,0,8,1,0
Perry,B110,Sheriff,,,Over Votes,0,0,0,0,0
Perry,B110,Magistrate,,,Bill BEGLEY,16,5,11,0,0
Perry,B110,Magistrate,,,Freeman C. ROBERTSON JR.,63,9,53,0,1
Perry,B110,Magistrate,,,Under Votes,3,0,1,2,0
Perry,B110,Magistrate,,,Over Votes,0,0,0,0,0
Perry,B110,U.S. Senate,,Democratic,Vincent Anthony THOMPSON,1,0,1,0,0
Perry,B110,U.S. Senate,,Democratic,Amy McGRATH,34,10,22,1,1
Perry,B110,U.S. Senate,,Democratic,Dale Lewis ROMANS,0,0,0,0,0
Perry,B110,U.S. Senate,,Democratic,Charles BOOKER,50,7,40,3,0
Perry,B110,U.S. Senate,,Democratic,Pamela STEVENSON,5,1,4,0,0
Perry,B110,U.S. Senate,,Democratic,Joshua BLANTON SR.,2,2,0,0,0
Perry,B110,U.S. Senate,,Democratic,Logan FORSYTHE,4,1,2,0,1
Perry,B110,U.S. Senate,,,Under Votes,19,3,15,1,0
Perry,B110,U.S. Senate,,,Over Votes,0,0,0,0,0
Perry,B110,County Judge/Executive,,,Ellis HALL,5,3,2,0,0
Perry,B110,County Judge/Executive,,,Scott ALEXANDER,96,16,73,5,2
Perry,B110,County Judge/Executive,,,Harlan CAMPBELL,6,2,4,0,0
Perry,B110,County Judge/Executive,,,Under Votes,8,3,5,0,0
Perry,B110,County Judge/Executive,,,Over Votes,0,0,0,0,0
Perry,B110,Sheriff,,,"James ""Big'Un"" JEWELL",8,1,6,1,0
Perry,B110,Sheriff,,,Jessie DAY,37,5,26,4,2
Perry,B110,Sheriff,,,Shawn WHITE,63,16,47,0,0
Perry,B110,Sheriff,,,Under Votes,7,2,5,0,0
Perry,B110,Sheriff,,,Over Votes,0,0,0,0,0
Perry,B110,Magistrate,,,"Hilburn ""Hib"" HERALD",23,4,18,1,0
Perry,B110,Magistrate,,,Charles Lee COLWELL,25,3,16,4,2
Perry,B110,Magistrate,,,"Glenn ""Buzzsaw"" NEACE",35,14,21,0,0
Perry,B110,Magistrate,,,Rose SHIELDS,12,1,11,0,0
Perry,B110,Magistrate,,,Anthony ASHER,9,0,9,0,0
Perry,B110,Magistrate,,,David B. MILLER,5,0,5,0,0
Perry,B110,Magistrate,,,Under Votes,6,2,4,0,0
Perry,B110,Magistrate,,,Over Votes,0,0,0,0,0
Perry,B110,Constable,,,Shelby W. MIZE,21,6,13,0,2
Perry,B110,Constable,,,Frank SMITH,32,3,25,4,0
Perry,B110,Constable,,,Ronnie DILLION,32,10,21,1,0
Perry,B110,Constable,,,Under Votes,30,5,25,0,0
Perry,B110,Constable,,,Over Votes,0,0,0,0,0
Perry,B110,Mayor City OF Hazard,,,James Logan FIELDS,9,3,6,0,0
Perry,B110,Mayor City OF Hazard,,,Christian A. McGILTON,19,3,15,1,0
Perry,B110,Mayor City OF Hazard,,,"Donald ""Happy"" MOBELINI",157,30,118,6,3
Perry,B110,Mayor City OF Hazard,,,Howard SUMNER,12,1,11,0,0
Perry,B110,Mayor City OF Hazard,,,Under Votes,4,2,2,0,0
Perry,B110,Mayor City OF Hazard,,,Over Votes,0,0,0,0,0
Perry,B111,U.S. Senate,,Republican,Daniel CAMERON,8,0,8,0,0
Perry,B111,U.S. Senate,,Republican,Jonathan M. HOLLIDAY,0,0,0,0,0
Perry,B111,U.S. Senate,,Republican,Andy BARR,35,10,24,1,0
Perry,B111,U.S. Senate,,Republican,"Valerie ""Dr Val"" FREDRICK",0,0,0,0,0
Perry,B111,U.S. Senate,,Republican,A. Nick SHELLEY,0,0,0,0,0
Perry,B111,U.S. Senate,,Republican,James D. DUNCAN,1,0,1,0,0
Perry,B111,U.S. Senate,,Republican,Michael James FARIS,0,0,0,0,0
Perry,B111,U.S. Senate,,Republican,Anissa CATLETT,0,0,0,0,0
Perry,B111,U.S. Senate,,Republican,Other Donald WENZEL,0,0,0,0,0
Perry,B111,U.S. Senate,,Republican,Jimmy I. LEON,0,0,0,0,0
Perry,B111,U.S. Senate,,Republican,George WASHINGTON,2,0,1,1,0
Perry,B111,U.S. Senate,,,Under Votes,3,1,2,0,0
Perry,B111,U.S. Senate,,,Over Votes,0,0,0,0,0
Perry,B111,Ballots Cast,,,,117,,,,
Perry,B111,U.S. House,5,Republican,Kevin SMITH,6,1,5,0,0
Perry,B111,U.S. House,5,Republican,Benjamin HURLEY,2,0,2,0,0
Perry,B111,U.S. House,5,Republican,Hal ROGERS,38,8,28,2,0
Perry,B111,U.S. House,5,Republican,Jerry Lee SHELTON,2,1,1,0,0
Perry,B111,U.S. House,5,Republican,Brandon R. MONHOLLEN,0,0,0,0,0
Perry,B111,U.S. House,5,,Under Votes,2,1,1,0,0
Perry,B111,U.S. House,5,,Over Votes,0,0,0,0,0
Perry,B111,State Senate,30,Republican,Brandon D. SMITH,34,8,24,2,0
Perry,B111,State Senate,30,Republican,Billy WESLEY,14,3,11,0,0
Perry,B111,State Senate,30,,Under Votes,2,0,2,0,0
Perry,B111,State Senate,30,,Over Votes,0,0,0,0,0
Perry,B111,County Judge/Executive,,,Denny Ray NOBLE,25,4,21,0,0
Perry,B111,County Judge/Executive,,,Lemuel BRASHEAR,4,1,1,2,0
Perry,B111,County Judge/Executive,,,Kenneth HALL,14,4,10,0,0
Perry,B111,County Judge/Executive,,,Under Votes,7,2,5,0,0
Perry,B111,County Judge/Executive,,,Over Votes,0,0,0,0,0
Perry,B111,Sheriff,,,Terry BREWER,13,2,11,0,0
Perry,B111,Sheriff,,,Shannon WOODS,26,7,18,1,0
Perry,B111,Sheriff,,,Vanessa L. COMBS,5,1,3,1,0
Perry,B111,Sheriff,,,Under Votes,6,1,5,0,0
Perry,B111,Sheriff,,,Over Votes,0,0,0,0,0
Perry,B111,Magistrate,,,Bill BEGLEY,19,3,15,1,0
Perry,B111,Magistrate,,,Freeman C. ROBERTSON JR.,26,8,17,1,0
Perry,B111,Magistrate,,,Under Votes,5,0,5,0,0
Perry,B111,Magistrate,,,Over Votes,0,0,0,0,0
Perry,B111,U.S. Senate,,Democratic,Vincent Anthony THOMPSON,0,0,0,0,0
Perry,B111,U.S. Senate,,Democratic,Amy McGRATH,17,3,12,2,0
Perry,B111,U.S. Senate,,Democratic,Dale Lewis ROMANS,3,1,0,2,0
Perry,B111,U.S. Senate,,Democratic,Charles BOOKER,25,6,16,3,0
Perry,B111,U.S. Senate,,Democratic,Pamela STEVENSON,3,1,2,0,0
Perry,B111,U.S. Senate,,Democratic,Joshua BLANTON SR.,0,0,0,0,0
Perry,B111,U.S. Senate,,Democratic,Logan FORSYTHE,5,0,5,0,0
Perry,B111,U.S. Senate,,,Under Votes,9,0,9,0,0
Perry,B111,U.S. Senate,,,Over Votes,0,0,0,0,0
Perry,B111,County Judge/Executive,,,Ellis HALL,2,0,2,0,0
Perry,B111,County Judge/Executive,,,Scott ALEXANDER,42,9,29,4,0
Perry,B111,County Judge/Executive,,,Harlan CAMPBELL,14,2,9,3,0
Perry,B111,County Judge/Executive,,,Under Votes,4,0,4,0,0
Perry,B111,County Judge/Executive,,,Over Votes,0,0,0,0,0
Perry,B111,Sheriff,,,"James ""Big'Un"" JEWELL",2,1,1,0,0
Perry,B111,Sheriff,,,Jessie DAY,15,1,9,5,0
Perry,B111,Sheriff,,,Shawn WHITE,43,9,32,2,0
Perry,B111,Sheriff,,,Under Votes,2,0,2,0,0
Perry,B111,Sheriff,,,Over Votes,0,0,0,0,0
Perry,B111,Magistrate,,,"Hilburn ""Hib"" HERALD",16,4,10,2,0
Perry,B111,Magistrate,,,Charles Lee COLWELL,16,4,10,2,0
Perry,B111,Magistrate,,,"Glenn ""Buzzsaw"" NEACE",20,0,18,2,0
Perry,B111,Magistrate,,,Rose SHIELDS,6,2,4,0,0
Perry,B111,Magistrate,,,Anthony ASHER,2,0,1,1,0
Perry,B111,Magistrate,,,David B. MILLER,0,0,0,0,0
Perry,B111,Magistrate,,,Under Votes,2,1,1,0,0
Perry,B111,Magistrate,,,Over Votes,0,0,0,0,0
Perry,B111,Constable,,,Shelby W. MIZE,8,1,6,1,0
Perry,B111,Constable,,,Frank SMITH,14,3,11,0,0
Perry,B111,Constable,,,Ronnie DILLION,24,5,14,5,0
Perry,B111,Constable,,,Under Votes,16,2,13,1,0
Perry,B111,Constable,,,Over Votes,0,0,0,0,0
Perry,B111,Mayor City OF Hazard,,,James Logan FIELDS,12,0,12,0,0
Perry,B111,Mayor City OF Hazard,,,Christian A. McGILTON,9,2,5,2,0
Perry,B111,Mayor City OF Hazard,,,"Donald ""Happy"" MOBELINI",90,20,63,7,0
Perry,B111,Mayor City OF Hazard,,,Howard SUMNER,5,0,5,0,0
Perry,B111,Mayor City OF Hazard,,,Under Votes,1,0,1,0,0
Perry,B111,Mayor City OF Hazard,,,Over Votes,0,0,0,0,0
Perry,B112,U.S. Senate,,Republican,Daniel CAMERON,11,1,10,0,0
Perry,B112,U.S. Senate,,Republican,Jonathan M. HOLLIDAY,1,0,1,0,0
Perry,B112,U.S. Senate,,Republican,Andy BARR,28,4,23,1,0
Perry,B112,U.S. Senate,,Republican,"Valerie ""Dr Val"" FREDRICK",0,0,0,0,0
Perry,B112,U.S. Senate,,Republican,A. Nick SHELLEY,1,0,1,0,0
Perry,B112,U.S. Senate,,Republican,James D. DUNCAN,0,0,0,0,0
Perry,B112,U.S. Senate,,Republican,Michael James FARIS,0,0,0,0,0
Perry,B112,U.S. Senate,,Republican,Anissa CATLETT,0,0,0,0,0
Perry,B112,U.S. Senate,,Republican,Other Donald WENZEL,0,0,0,0,0
Perry,B112,U.S. Senate,,Republican,Jimmy I. LEON,0,0,0,0,0
Perry,B112,U.S. Senate,,Republican,George WASHINGTON,1,0,1,0,0
Perry,B112,U.S. Senate,,,Under Votes,4,0,4,0,0
Perry,B112,U.S. Senate,,,Over Votes,0,0,0,0,0
Perry,B112,Ballots Cast,,,,101,,,,
Perry,B112,U.S. House,5,Republican,Kevin SMITH,8,0,8,0,0
Perry,B112,U.S. House,5,Republican,Benjamin HURLEY,1,0,1,0,0
Perry,B112,U.S. House,5,Republican,Hal ROGERS,35,5,29,1,0
Perry,B112,U.S. House,5,Republican,Jerry Lee SHELTON,0,0,0,0,0
Perry,B112,U.S. House,5,Republican,Brandon R. MONHOLLEN,0,0,0,0,0
Perry,B112,U.S. House,5,,Under Votes,5,0,5,0,0
Perry,B112,U.S. House,5,,Over Votes,0,0,0,0,0
Perry,B112,State Senate,30,Republican,Brandon D. SMITH,35,4,30,1,0
Perry,B112,State Senate,30,Republican,Billy WESLEY,12,1,11,0,0
Perry,B112,State Senate,30,,Under Votes,2,0,2,0,0
Perry,B112,State Senate,30,,Over Votes,0,0,0,0,0
Perry,B112,County Judge/Executive,,,Denny Ray NOBLE,25,4,20,1,0
Perry,B112,County Judge/Executive,,,Lemuel BRASHEAR,2,0,2,0,0
Perry,B112,County Judge/Executive,,,Kenneth HALL,13,1,12,0,0
Perry,B112,County Judge/Executive,,,Under Votes,9,0,9,0,0
Perry,B112,County Judge/Executive,,,Over Votes,0,0,0,0,0
Perry,B112,Sheriff,,,Terry BREWER,12,1,11,0,0
Perry,B112,Sheriff,,,Shannon WOODS,27,4,22,1,0
Perry,B112,Sheriff,,,Vanessa L. COMBS,4,0,4,0,0
Perry,B112,Sheriff,,,Under Votes,6,0,6,0,0
Perry,B112,Sheriff,,,Over Votes,0,0,0,0,0
Perry,B112,Magistrate,,,Bill BEGLEY,18,2,15,1,0
Perry,B112,Magistrate,,,Freeman C. ROBERTSON JR.,28,3,25,0,0
Perry,B112,Magistrate,,,Under Votes,3,0,3,0,0
Perry,B112,Magistrate,,,Over Votes,0,0,0,0,0
Perry,B112,U.S. Senate,,Democratic,Vincent Anthony THOMPSON,1,0,1,0,0
Perry,B112,U.S. Senate,,Democratic,Amy McGRATH,18,2,14,2,0
Perry,B112,U.S. Senate,,Democratic,Dale Lewis ROMANS,0,0,0,0,0
Perry,B112,U.S. Senate,,Democratic,Charles BOOKER,17,2,15,0,0
Perry,B112,U.S. Senate,,Democratic,Pamela STEVENSON,2,0,2,0,0
Perry,B112,U.S. Senate,,Democratic,Joshua BLANTON SR.,1,0,1,0,0
Perry,B112,U.S. Senate,,Democratic,Logan FORSYTHE,1,0,1,0,0
Perry,B112,U.S. Senate,,,Under Votes,11,1,10,0,0
Perry,B112,U.S. Senate,,,Over Votes,0,0,0,0,0
Perry,B112,County Judge/Executive,,,Ellis HALL,2,0,2,0,0
Perry,B112,County Judge/Executive,,,Scott ALEXANDER,40,4,34,2,0
Perry,B112,County Judge/Executive,,,Harlan CAMPBELL,6,1,5,0,0
Perry,B112,County Judge/Executive,,,Under Votes,3,0,3,0,0
Perry,B112,County Judge/Executive,,,Over Votes,0,0,0,0,0
Perry,B112,Sheriff,,,"James ""Big'Un"" JEWELL",4,0,3,1,0
Perry,B112,Sheriff,,,Jessie DAY,12,1,11,0,0
Perry,B112,Sheriff,,,Shawn WHITE,33,4,28,1,0
Perry,B112,Sheriff,,,Under Votes,2,0,2,0,0
Perry,B112,Sheriff,,,Over Votes,0,0,0,0,0
Perry,B112,Magistrate,,,"Hilburn ""Hib"" HERALD",8,0,8,0,0
Perry,B112,Magistrate,,,Charles Lee COLWELL,13,1,10,2,0
Perry,B112,Magistrate,,,"Glenn ""Buzzsaw"" NEACE",13,2,11,0,0
Perry,B112,Magistrate,,,Rose SHIELDS,4,0,4,0,0
Perry,B112,Magistrate,,,Anthony ASHER,5,0,5,0,0
Perry,B112,Magistrate,,,David B. MILLER,5,2,3,0,0
Perry,B112,Magistrate,,,Under Votes,3,0,3,0,0
Perry,B112,Magistrate,,,Over Votes,0,0,0,0,0
Perry,B112,Constable,,,Shelby W. MIZE,18,1,15,2,0
Perry,B112,Constable,,,Frank SMITH,17,1,16,0,0
Perry,B112,Constable,,,Ronnie DILLION,8,3,5,0,0
Perry,B112,Constable,,,Under Votes,8,0,8,0,0
Perry,B112,Constable,,,Over Votes,0,0,0,0,0
Perry,B112,Mayor City OF Hazard,,,James Logan FIELDS,12,0,10,2,0
Perry,B112,Mayor City OF Hazard,,,Christian A. McGILTON,10,2,8,0,0
Perry,B112,Mayor City OF Hazard,,,"Donald ""Happy"" MOBELINI",60,6,54,0,0
Perry,B112,Mayor City OF Hazard,,,Howard SUMNER,15,2,12,1,0
Perry,B112,Mayor City OF Hazard,,,Under Votes,4,0,4,0,0
Perry,B112,Mayor City OF Hazard,,,Over Votes,0,0,0,0,0
Perry,B113,U.S. Senate,,Republican,Daniel CAMERON,28,4,24,0,0
Perry,B113,U.S. Senate,,Republican,Jonathan M. HOLLIDAY,2,0,2,0,0
Perry,B113,U.S. Senate,,Republican,Andy BARR,53,8,43,2,0
Perry,B113,U.S. Senate,,Republican,"Valerie ""Dr Val"" FREDRICK",0,0,0,0,0
Perry,B113,U.S. Senate,,Republican,A. Nick SHELLEY,0,0,0,0,0
Perry,B113,U.S. Senate,,Republican,James D. DUNCAN,0,0,0,0,0
Perry,B113,U.S. Senate,,Republican,Michael James FARIS,0,0,0,0,0
Perry,B113,U.S. Senate,,Republican,Anissa CATLETT,1,0,1,0,0
Perry,B113,U.S. Senate,,Republican,Other Donald WENZEL,0,0,0,0,0
Perry,B113,U.S. Senate,,Republican,Jimmy I. LEON,0,0,0,0,0
Perry,B113,U.S. Senate,,Republican,George WASHINGTON,1,0,1,0,0
Perry,B113,U.S. Senate,,,Under Votes,4,0,4,0,0
Perry,B113,U.S. Senate,,,Over Votes,0,0,0,0,0
Perry,B113,Ballots Cast,,,,174,,,,
Perry,B113,U.S. House,5,Republican,Kevin SMITH,4,0,4,0,0
Perry,B113,U.S. House,5,Republican,Benjamin HURLEY,4,0,4,0,0
Perry,B113,U.S. House,5,Republican,Hal ROGERS,74,12,60,2,0
Perry,B113,U.S. House,5,Republican,Jerry Lee SHELTON,1,0,1,0,0
Perry,B113,U.S. House,5,Republican,Brandon R. MONHOLLEN,2,0,2,0,0
Perry,B113,U.S. House,5,,Under Votes,5,0,5,0,0
Perry,B113,U.S. House,5,,Over Votes,0,0,0,0,0
Perry,B113,State Senate,30,Republican,Brandon D. SMITH,58,10,47,1,0
Perry,B113,State Senate,30,Republican,Billy WESLEY,31,2,28,1,0
Perry,B113,State Senate,30,,Under Votes,1,0,1,0,0
Perry,B113,State Senate,30,,Over Votes,0,0,0,0,0
Perry,B113,County Judge/Executive,,,Denny Ray NOBLE,38,3,34,1,0
Perry,B113,County Judge/Executive,,,Lemuel BRASHEAR,10,1,9,0,0
Perry,B113,County Judge/Executive,,,Kenneth HALL,29,6,23,0,0
Perry,B113,County Judge/Executive,,,Under Votes,13,2,10,1,0
Perry,B113,County Judge/Executive,,,Over Votes,0,0,0,0,0
Perry,B113,Sheriff,,,Terry BREWER,29,3,25,1,0
Perry,B113,Sheriff,,,Shannon WOODS,48,7,40,1,0
Perry,B113,Sheriff,,,Vanessa L. COMBS,5,0,5,0,0
Perry,B113,Sheriff,,,Under Votes,8,2,6,0,0
Perry,B113,Sheriff,,,Over Votes,0,0,0,0,0
Perry,B113,Magistrate,,,Bill BEGLEY,35,5,28,2,0
Perry,B113,Magistrate,,,Freeman C. ROBERTSON JR.,48,7,41,0,0
Perry,B113,Magistrate,,,Under Votes,7,0,7,0,0
Perry,B113,Magistrate,,,Over Votes,0,0,0,0,0
Perry,B113,U.S. Senate,,Democratic,Vincent Anthony THOMPSON,1,0,1,0,0
Perry,B113,U.S. Senate,,Democratic,Amy McGRATH,26,6,20,0,0
Perry,B113,U.S. Senate,,Democratic,Dale Lewis ROMANS,3,0,3,0,0
Perry,B113,U.S. Senate,,Democratic,Charles BOOKER,29,6,20,0,3
Perry,B113,U.S. Senate,,Democratic,Pamela STEVENSON,3,0,3,0,0
Perry,B113,U.S. Senate,,Democratic,Joshua BLANTON SR.,2,1,1,0,0
Perry,B113,U.S. Senate,,Democratic,Logan FORSYTHE,7,3,4,0,0
Perry,B113,U.S. Senate,,,Under Votes,12,2,9,0,1
Perry,B113,U.S. Senate,,,Over Votes,0,0,0,0,0
Perry,B113,County Judge/Executive,,,Ellis HALL,7,0,7,0,0
Perry,B113,County Judge/Executive,,,Scott ALEXANDER,67,17,47,0,3
Perry,B113,County Judge/Executive,,,Harlan CAMPBELL,7,1,6,0,0
Perry,B113,County Judge/Executive,,,Under Votes,2,0,1,0,1
Perry,B113,County Judge/Executive,,,Over Votes,0,0,0,0,0
Perry,B113,Sheriff,,,"James ""Big'Un"" JEWELL",2,1,1,0,0
Perry,B113,Sheriff,,,Jessie DAY,36,2,32,0,2
Perry,B113,Sheriff,,,Shawn WHITE,42,15,26,0,1
Perry,B113,Sheriff,,,Under Votes,3,0,2,0,1
Perry,B113,Sheriff,,,Over Votes,0,0,0,0,0
Perry,B113,Magistrate,,,"Hilburn ""Hib"" HERALD",20,6,14,0,0
Perry,B113,Magistrate,,,Charles Lee COLWELL,23,5,18,0,0
Perry,B113,Magistrate,,,"Glenn ""Buzzsaw"" NEACE",19,1,16,0,2
Perry,B113,Magistrate,,,Rose SHIELDS,6,4,2,0,0
Perry,B113,Magistrate,,,Anthony ASHER,4,0,4,0,0
Perry,B113,Magistrate,,,David B. MILLER,6,2,3,0,1
Perry,B113,Magistrate,,,Under Votes,5,0,4,0,1
Perry,B113,Magistrate,,,Over Votes,0,0,0,0,0
Perry,B113,Constable,,,Shelby W. MIZE,17,3,14,0,0
Perry,B113,Constable,,,Frank SMITH,24,5,18,0,1
Perry,B113,Constable,,,Ronnie DILLION,23,8,13,0,2
Perry,B113,Constable,,,Under Votes,19,2,16,0,1
Perry,B113,Constable,,,Over Votes,0,0,0,0,0
Perry,B113,Mayor City OF Hazard,,,James Logan FIELDS,20,2,18,0,0
Perry,B113,Mayor City OF Hazard,,,Christian A. McGILTON,8,0,8,0,0
Perry,B113,Mayor City OF Hazard,,,"Donald ""Happy"" MOBELINI",119,25,89,2,3
Perry,B113,Mayor City OF Hazard,,,Howard SUMNER,14,1,13,0,0
Perry,B113,Mayor City OF Hazard,,,Under Votes,5,1,4,0,0
Perry,B113,Mayor City OF Hazard,,,Over Votes,0,0,0,0,0
Perry,C102,U.S. Senate,,Republican,Daniel CAMERON,18,1,17,0,0
Perry,C102,U.S. Senate,,Republican,Jonathan M. HOLLIDAY,2,0,2,0,0
Perry,C102,U.S. Senate,,Republican,Andy BARR,63,9,52,0,2
Perry,C102,U.S. Senate,,Republican,"Valerie ""Dr Val"" FREDRICK",1,0,1,0,0
Perry,C102,U.S. Senate,,Republican,A. Nick SHELLEY,0,0,0,0,0
Perry,C102,U.S. Senate,,Republican,James D. DUNCAN,0,0,0,0,0
Perry,C102,U.S. Senate,,Republican,Michael James FARIS,2,0,2,0,0
Perry,C102,U.S. Senate,,Republican,Anissa CATLETT,0,0,0,0,0
Perry,C102,U.S. Senate,,Republican,Other Donald WENZEL,0,0,0,0,0
Perry,C102,U.S. Senate,,Republican,Jimmy I. LEON,1,0,1,0,0
Perry,C102,U.S. Senate,,Republican,George WASHINGTON,1,0,1,0,0
Perry,C102,U.S. Senate,,,Under Votes,2,0,2,0,0
Perry,C102,U.S. Senate,,,Over Votes,0,0,0,0,0
Perry,C102,Ballots Cast,,,,161,,,,
Perry,C102,U.S. House,5,Republican,Kevin SMITH,4,0,4,0,0
Perry,C102,U.S. House,5,Republican,Benjamin HURLEY,9,1,8,0,0
Perry,C102,U.S. House,5,Republican,Hal ROGERS,73,8,63,0,2
Perry,C102,U.S. House,5,Republican,Jerry Lee SHELTON,1,0,1,0,0
Perry,C102,U.S. House,5,Republican,Brandon R. MONHOLLEN,2,0,2,0,0
Perry,C102,U.S. House,5,,Under Votes,4,1,3,0,0
Perry,C102,U.S. House,5,,Over Votes,0,0,0,0,0
Perry,C102,State Senate,30,Republican,Brandon D. SMITH,59,8,49,0,2
Perry,C102,State Senate,30,Republican,Billy WESLEY,33,2,31,0,0
Perry,C102,State Senate,30,,Under Votes,1,0,1,0,0
Perry,C102,State Senate,30,,Over Votes,0,0,0,0,0
Perry,C102,County Judge/Executive,,,Denny Ray NOBLE,57,7,48,0,2
Perry,C102,County Judge/Executive,,,Lemuel BRASHEAR,11,0,11,0,0
Perry,C102,County Judge/Executive,,,Kenneth HALL,23,2,21,0,0
Perry,C102,County Judge/Executive,,,Under Votes,2,1,1,0,0
Perry,C102,County Judge/Executive,,,Over Votes,0,0,0,0,0
Perry,C102,Sheriff,,,Terry BREWER,42,3,38,0,1
Perry,C102,Sheriff,,,Shannon WOODS,43,5,37,0,1
Perry,C102,Sheriff,,,Vanessa L. COMBS,4,1,3,0,0
Perry,C102,Sheriff,,,Under Votes,4,1,3,0,0
Perry,C102,Sheriff,,,Over Votes,0,0,0,0,0
Perry,C102,Magistrate,,,"Gary ""Lizard"" ROARK",17,2,15,0,0
Perry,C102,Magistrate,,,Millie BLAIR,32,3,27,0,2
Perry,C102,Magistrate,,,"Michael ""Chubb"" LEWIS",17,2,15,0,0
Perry,C102,Magistrate,,,Mark RALEIGH,20,1,19,0,0
Perry,C102,Magistrate,,,Under Votes,7,2,5,0,0
Perry,C102,Magistrate,,,Over Votes,0,0,0,0,0
Perry,C102,Constable,,,Jamie TURNER,60,5,54,0,1
Perry,C102,Constable,,,Howard YOUNG JR.,23,3,19,0,1
Perry,C102,Constable,,,Under Votes,10,2,8,0,0
Perry,C102,Constable,,,Over Votes,0,0,0,0,0
Perry,C102,U.S. Senate,,Democratic,Vincent Anthony THOMPSON,1,0,1,0,0
Perry,C102,U.S. Senate,,Democratic,Amy McGRATH,19,3,16,0,0
Perry,C102,U.S. Senate,,Democratic,Dale Lewis ROMANS,1,0,1,0,0
Perry,C102,U.S. Senate,,Democratic,Charles BOOKER,29,6,20,3,0
Perry,C102,U.S. Senate,,Democratic,Pamela STEVENSON,6,1,5,0,0
Perry,C102,U.S. Senate,,Democratic,Joshua BLANTON SR.,2,0,2,0,0
Perry,C102,U.S. Senate,,Democratic,Logan FORSYTHE,4,2,2,0,0
Perry,C102,U.S. Senate,,,Under Votes,6,1,5,0,0
Perry,C102,U.S. Senate,,,Over Votes,0,0,0,0,0
Perry,C102,County Judge/Executive,,,Ellis HALL,5,0,5,0,0
Perry,C102,County Judge/Executive,,,Scott ALEXANDER,46,11,32,3,0
Perry,C102,County Judge/Executive,,,Harlan CAMPBELL,16,2,14,0,0
Perry,C102,County Judge/Executive,,,Under Votes,1,0,1,0,0
Perry,C102,County Judge/Executive,,,Over Votes,0,0,0,0,0
Perry,C102,Sheriff,,,"James ""Big'Un"" JEWELL",6,0,6,0,0
Perry,C102,Sheriff,,,Jessie DAY,30,4,24,2,0
Perry,C102,Sheriff,,,Shawn WHITE,32,9,22,1,0
Perry,C102,Sheriff,,,Under Votes,0,0,0,0,0
Perry,C102,Sheriff,,,Over Votes,0,0,0,0,0
Perry,C102,Magistrate,,,Clayton CHURCH,28,6,20,2,0
Perry,C102,Magistrate,,,Kenny COLE,26,5,20,1,0
Perry,C102,Magistrate,,,Rocky MOORE,13,2,11,0,0
Perry,C102,Magistrate,,,Under Votes,1,0,1,0,0
Perry,C102,Magistrate,,,Over Votes,0,0,0,0,0
Perry,C102,Constable,,,"Eugene ""Buck"" FIELDS",46,6,38,2,0
Perry,C102,Constable,,,Dorris DEATON,18,6,11,1,0
Perry,C102,Constable,,,Under Votes,4,1,3,0,0
Perry,C102,Constable,,,Over Votes,0,0,0,0,0
Perry,C103,U.S. Senate,,Republican,Daniel CAMERON,13,5,8,0,0
Perry,C103,U.S. Senate,,Republican,Jonathan M. HOLLIDAY,1,0,1,0,0
Perry,C103,U.S. Senate,,Republican,Andy BARR,41,10,31,0,0
Perry,C103,U.S. Senate,,Republican,"Valerie ""Dr Val"" FREDRICK",1,0,1,0,0
Perry,C103,U.S. Senate,,Republican,A. Nick SHELLEY,0,0,0,0,0
Perry,C103,U.S. Senate,,Republican,James D. DUNCAN,0,0,0,0,0
Perry,C103,U.S. Senate,,Republican,Michael James FARIS,1,0,1,0,0
Perry,C103,U.S. Senate,,Republican,Anissa CATLETT,2,0,2,0,0
Perry,C103,U.S. Senate,,Republican,Other Donald WENZEL,0,0,0,0,0
Perry,C103,U.S. Senate,,Republican,Jimmy I. LEON,0,0,0,0,0
Perry,C103,U.S. Senate,,Republican,George WASHINGTON,3,2,1,0,0
Perry,C103,U.S. Senate,,,Under Votes,1,0,1,0,0
Perry,C103,U.S. Senate,,,Over Votes,0,0,0,0,0
Perry,C103,Ballots Cast,,,,154,,,,
Perry,C103,U.S. House,5,Republican,Kevin SMITH,8,1,7,0,0
Perry,C103,U.S. House,5,Republican,Benjamin HURLEY,3,1,2,0,0
Perry,C103,U.S. House,5,Republican,Hal ROGERS,48,16,32,0,0
Perry,C103,U.S. House,5,Republican,Jerry Lee SHELTON,2,0,2,0,0
Perry,C103,U.S. House,5,Republican,Brandon R. MONHOLLEN,1,0,1,0,0
Perry,C103,U.S. House,5,,Under Votes,3,0,3,0,0
Perry,C103,U.S. House,5,,Over Votes,0,0,0,0,0
Perry,C103,State Senate,30,Republican,Brandon D. SMITH,41,7,34,0,0
Perry,C103,State Senate,30,Republican,Billy WESLEY,21,10,11,0,0
Perry,C103,State Senate,30,,Under Votes,2,1,1,0,0
Perry,C103,State Senate,30,,Over Votes,1,0,1,0,0
Perry,C103,County Judge/Executive,,,Denny Ray NOBLE,34,11,23,0,0
Perry,C103,County Judge/Executive,,,Lemuel BRASHEAR,7,5,2,0,0
Perry,C103,County Judge/Executive,,,Kenneth HALL,19,2,17,0,0
Perry,C103,County Judge/Executive,,,Under Votes,5,0,5,0,0
Perry,C103,County Judge/Executive,,,Over Votes,0,0,0,0,0
Perry,C103,Sheriff,,,Terry BREWER,21,11,10,0,0
Perry,C103,Sheriff,,,Shannon WOODS,35,7,28,0,0
Perry,C103,Sheriff,,,Vanessa L. COMBS,4,0,4,0,0
Perry,C103,Sheriff,,,Under Votes,5,0,5,0,0
Perry,C103,Sheriff,,,Over Votes,0,0,0,0,0
Perry,C103,Magistrate,,,"Gary ""Lizard"" ROARK",16,5,11,0,0
Perry,C103,Magistrate,,,Millie BLAIR,27,9,18,0,0
Perry,C103,Magistrate,,,"Michael ""Chubb"" LEWIS",5,0,5,0,0
Perry,C103,Magistrate,,,Mark RALEIGH,10,2,8,0,0
Perry,C103,Magistrate,,,Under Votes,7,2,5,0,0
Perry,C103,Magistrate,,,Over Votes,0,0,0,0,0
Perry,C103,Constable,,,Jamie TURNER,42,13,29,0,0
Perry,C103,Constable,,,Howard YOUNG JR.,13,3,10,0,0
Perry,C103,Constable,,,Under Votes,10,2,8,0,0
Perry,C103,Constable,,,Over Votes,0,0,0,0,0
Perry,C103,U.S. Senate,,Democratic,Vincent Anthony THOMPSON,2,0,2,0,0
Perry,C103,U.S. Senate,,Democratic,Amy McGRATH,29,2,27,0,0
Perry,C103,U.S. Senate,,Democratic,Dale Lewis ROMANS,1,1,0,0,0
Perry,C103,U.S. Senate,,Democratic,Charles BOOKER,28,3,24,0,1
Perry,C103,U.S. Senate,,Democratic,Pamela STEVENSON,4,1,2,1,0
Perry,C103,U.S. Senate,,Democratic,Joshua BLANTON SR.,3,0,3,0,0
Perry,C103,U.S. Senate,,Democratic,Logan FORSYTHE,6,0,6,0,0
Perry,C103,U.S. Senate,,,Under Votes,13,3,10,0,0
Perry,C103,U.S. Senate,,,Over Votes,0,0,0,0,0
Perry,C103,County Judge/Executive,,,Ellis HALL,9,0,9,0,0
Perry,C103,County Judge/Executive,,,Scott ALEXANDER,68,8,58,1,1
Perry,C103,County Judge/Executive,,,Harlan CAMPBELL,8,2,6,0,0
Perry,C103,County Judge/Executive,,,Under Votes,1,0,1,0,0
Perry,C103,County Judge/Executive,,,Over Votes,0,0,0,0,0
Perry,C103,Sheriff,,,"James ""Big'Un"" JEWELL",8,2,6,0,0
Perry,C103,Sheriff,,,Jessie DAY,19,2,17,0,0
Perry,C103,Sheriff,,,Shawn WHITE,54,6,47,1,0
Perry,C103,Sheriff,,,Under Votes,5,0,4,0,1
Perry,C103,Sheriff,,,Over Votes,0,0,0,0,0
Perry,C103,Magistrate,,,Clayton CHURCH,24,6,18,0,0
Perry,C103,Magistrate,,,Kenny COLE,45,3,41,1,0
Perry,C103,Magistrate,,,Rocky MOORE,10,0,10,0,0
Perry,C103,Magistrate,,,Under Votes,7,1,5,0,1
Perry,C103,Magistrate,,,Over Votes,0,0,0,0,0
Perry,C103,Constable,,,"Eugene ""Buck"" FIELDS",47,8,39,0,0
Perry,C103,Constable,,,Dorris DEATON,32,2,29,1,0
Perry,C103,Constable,,,Under Votes,7,0,6,0,1
Perry,C103,Constable,,,Over Votes,0,0,0,0,0
Perry,C103,Mayor City OF Hazard,,,James Logan FIELDS,17,2,15,0,0
Perry,C103,Mayor City OF Hazard,,,Christian A. McGILTON,17,6,11,0,0
Perry,C103,Mayor City OF Hazard,,,"Donald ""Happy"" MOBELINI",106,19,85,1,1
Perry,C103,Mayor City OF Hazard,,,Howard SUMNER,12,1,11,0,0
Perry,C103,Mayor City OF Hazard,,,Under Votes,2,0,2,0,0
Perry,C103,Mayor City OF Hazard,,,Over Votes,0,0,0,0,0
Perry,C104,U.S. Senate,,Republican,Daniel CAMERON,3,2,1,0,0
Perry,C104,U.S. Senate,,Republican,Jonathan M. HOLLIDAY,1,0,1,0,0
Perry,C104,U.S. Senate,,Republican,Andy BARR,32,8,24,0,0
Perry,C104,U.S. Senate,,Republican,"Valerie ""Dr Val"" FREDRICK",0,0,0,0,0
Perry,C104,U.S. Senate,,Republican,A. Nick SHELLEY,0,0,0,0,0
Perry,C104,U.S. Senate,,Republican,James D. DUNCAN,0,0,0,0,0
Perry,C104,U.S. Senate,,Republican,Michael James FARIS,1,0,1,0,0
Perry,C104,U.S. Senate,,Republican,Anissa CATLETT,0,0,0,0,0
Perry,C104,U.S. Senate,,Republican,Other Donald WENZEL,0,0,0,0,0
Perry,C104,U.S. Senate,,Republican,Jimmy I. LEON,0,0,0,0,0
Perry,C104,U.S. Senate,,Republican,George WASHINGTON,1,0,1,0,0
Perry,C104,U.S. Senate,,,Under Votes,1,1,0,0,0
Perry,C104,U.S. Senate,,,Over Votes,0,0,0,0,0
Perry,C104,Ballots Cast,,,,128,,,,
Perry,C104,U.S. House,5,Republican,Kevin SMITH,3,1,2,0,0
Perry,C104,U.S. House,5,Republican,Benjamin HURLEY,3,1,2,0,0
Perry,C104,U.S. House,5,Republican,Hal ROGERS,32,8,24,0,0
Perry,C104,U.S. House,5,Republican,Jerry Lee SHELTON,0,0,0,0,0
Perry,C104,U.S. House,5,Republican,Brandon R. MONHOLLEN,1,1,0,0,0
Perry,C104,U.S. House,5,,Under Votes,2,0,2,0,0
Perry,C104,U.S. House,5,,Over Votes,0,0,0,0,0
Perry,C104,State Senate,30,Republican,Brandon D. SMITH,31,9,22,0,0
Perry,C104,State Senate,30,Republican,Billy WESLEY,10,2,8,0,0
Perry,C104,State Senate,30,,Under Votes,0,0,0,0,0
Perry,C104,State Senate,30,,Over Votes,0,0,0,0,0
Perry,C104,County Judge/Executive,,,Denny Ray NOBLE,17,5,12,0,0
Perry,C104,County Judge/Executive,,,Lemuel BRASHEAR,6,1,5,0,0
Perry,C104,County Judge/Executive,,,Kenneth HALL,16,3,13,0,0
Perry,C104,County Judge/Executive,,,Under Votes,2,2,0,0,0
Perry,C104,County Judge/Executive,,,Over Votes,0,0,0,0,0
Perry,C104,Sheriff,,,Terry BREWER,19,5,14,0,0
Perry,C104,Sheriff,,,Shannon WOODS,18,4,14,0,0
Perry,C104,Sheriff,,,Vanessa L. COMBS,1,1,0,0,0
Perry,C104,Sheriff,,,Under Votes,3,1,2,0,0
Perry,C104,Sheriff,,,Over Votes,0,0,0,0,0
Perry,C104,Magistrate,,,"Gary ""Lizard"" ROARK",15,4,11,0,0
Perry,C104,Magistrate,,,Millie BLAIR,13,2,11,0,0
Perry,C104,Magistrate,,,"Michael ""Chubb"" LEWIS",1,0,1,0,0
Perry,C104,Magistrate,,,Mark RALEIGH,9,4,5,0,0
Perry,C104,Magistrate,,,Under Votes,3,1,2,0,0
Perry,C104,Magistrate,,,Over Votes,0,0,0,0,0
Perry,C104,Constable,,,Jamie TURNER,22,9,13,0,0
Perry,C104,Constable,,,Howard YOUNG JR.,12,0,12,0,0
Perry,C104,Constable,,,Under Votes,7,2,5,0,0
Perry,C104,Constable,,,Over Votes,0,0,0,0,0
Perry,C104,U.S. Senate,,Democratic,Vincent Anthony THOMPSON,4,1,3,0,0
Perry,C104,U.S. Senate,,Democratic,Amy McGRATH,30,9,20,1,0
Perry,C104,U.S. Senate,,Democratic,Dale Lewis ROMANS,2,1,1,0,0
Perry,C104,U.S. Senate,,Democratic,Charles BOOKER,34,8,23,3,0
Perry,C104,U.S. Senate,,Democratic,Pamela STEVENSON,2,1,1,0,0
Perry,C104,U.S. Senate,,Democratic,Joshua BLANTON SR.,3,1,1,0,1
Perry,C104,U.S. Senate,,Democratic,Logan FORSYTHE,3,0,3,0,0
Perry,C104,U.S. Senate,,,Under Votes,9,2,7,0,0
Perry,C104,U.S. Senate,,,Over Votes,0,0,0,0,0
Perry,C104,County Judge/Executive,,,Ellis HALL,8,2,6,0,0
Perry,C104,County Judge/Executive,,,Scott ALEXANDER,69,19,45,4,1
Perry,C104,County Judge/Executive,,,Harlan CAMPBELL,8,2,6,0,0
Perry,C104,County Judge/Executive,,,Under Votes,2,0,2,0,0
Perry,C104,County Judge/Executive,,,Over Votes,0,0,0,0,0
Perry,C104,Sheriff,,,"James ""Big'Un"" JEWELL",13,2,10,0,1
Perry,C104,Sheriff,,,Jessie DAY,27,6,18,3,0
Perry,C104,Sheriff,,,Shawn WHITE,44,13,30,1,0
Perry,C104,Sheriff,,,Under Votes,3,2,1,0,0
Perry,C104,Sheriff,,,Over Votes,0,0,0,0,0
Perry,C104,Magistrate,,,Clayton CHURCH,50,15,35,0,0
Perry,C104,Magistrate,,,Kenny COLE,24,7,12,4,1
Perry,C104,Magistrate,,,Rocky MOORE,12,0,12,0,0
Perry,C104,Magistrate,,,Under Votes,1,1,0,0,0
Perry,C104,Magistrate,,,Over Votes,0,0,0,0,0
Perry,C104,Constable,,,"Eugene ""Buck"" FIELDS",52,15,33,4,0
Perry,C104,Constable,,,Dorris DEATON,31,7,23,0,1
Perry,C104,Constable,,,Under Votes,4,1,3,0,0
Perry,C104,Constable,,,Over Votes,0,0,0,0,0
Perry,C105,U.S. Senate,,Republican,Daniel CAMERON,7,1,5,0,1
Perry,C105,U.S. Senate,,Republican,Jonathan M. HOLLIDAY,0,0,0,0,0
Perry,C105,U.S. Senate,,Republican,Andy BARR,39,3,33,3,0
Perry,C105,U.S. Senate,,Republican,"Valerie ""Dr Val"" FREDRICK",0,0,0,0,0
Perry,C105,U.S. Senate,,Republican,A. Nick SHELLEY,0,0,0,0,0
Perry,C105,U.S. Senate,,Republican,James D. DUNCAN,0,0,0,0,0
Perry,C105,U.S. Senate,,Republican,Michael James FARIS,1,0,1,0,0
Perry,C105,U.S. Senate,,Republican,Anissa CATLETT,0,0,0,0,0
Perry,C105,U.S. Senate,,Republican,Other Donald WENZEL,0,0,0,0,0
Perry,C105,U.S. Senate,,Republican,Jimmy I. LEON,2,0,2,0,0
Perry,C105,U.S. Senate,,Republican,George WASHINGTON,0,0,0,0,0
Perry,C105,U.S. Senate,,,Under Votes,4,1,3,0,0
Perry,C105,U.S. Senate,,,Over Votes,0,0,0,0,0
Perry,C105,Ballots Cast,,,,136,,,,
Perry,C105,U.S. House,5,Republican,Kevin SMITH,3,0,3,0,0
Perry,C105,U.S. House,5,Republican,Benjamin HURLEY,3,0,3,0,0
Perry,C105,U.S. House,5,Republican,Hal ROGERS,44,5,35,3,1
Perry,C105,U.S. House,5,Republican,Jerry Lee SHELTON,0,0,0,0,0
Perry,C105,U.S. House,5,Republican,Brandon R. MONHOLLEN,0,0,0,0,0
Perry,C105,U.S. House,5,,Under Votes,3,0,3,0,0
Perry,C105,U.S. House,5,,Over Votes,0,0,0,0,0
Perry,C105,State Senate,30,Republican,Brandon D. SMITH,45,5,36,3,1
Perry,C105,State Senate,30,Republican,Billy WESLEY,6,0,6,0,0
Perry,C105,State Senate,30,,Under Votes,2,0,2,0,0
Perry,C105,State Senate,30,,Over Votes,0,0,0,0,0
Perry,C105,County Judge/Executive,,,Denny Ray NOBLE,22,3,16,2,1
Perry,C105,County Judge/Executive,,,Lemuel BRASHEAR,6,0,5,1,0
Perry,C105,County Judge/Executive,,,Kenneth HALL,11,0,11,0,0
Perry,C105,County Judge/Executive,,,Under Votes,13,2,11,0,0
Perry,C105,County Judge/Executive,,,Over Votes,1,0,1,0,0
Perry,C105,Sheriff,,,Terry BREWER,28,3,22,3,0
Perry,C105,Sheriff,,,Shannon WOODS,20,2,17,0,1
Perry,C105,Sheriff,,,Vanessa L. COMBS,2,0,2,0,0
Perry,C105,Sheriff,,,Under Votes,3,0,3,0,0
Perry,C105,Sheriff,,,Over Votes,0,0,0,0,0
Perry,C105,Magistrate,,,"Gary ""Lizard"" ROARK",16,1,13,2,0
Perry,C105,Magistrate,,,Millie BLAIR,4,0,4,0,0
Perry,C105,Magistrate,,,"Michael ""Chubb"" LEWIS",8,0,7,0,1
Perry,C105,Magistrate,,,Mark RALEIGH,18,4,13,1,0
Perry,C105,Magistrate,,,Under Votes,7,0,7,0,0
Perry,C105,Magistrate,,,Over Votes,0,0,0,0,0
Perry,C105,Constable,,,Jamie TURNER,30,2,26,1,1
Perry,C105,Constable,,,Howard YOUNG JR.,9,1,6,2,0
Perry,C105,Constable,,,Under Votes,14,2,12,0,0
Perry,C105,Constable,,,Over Votes,0,0,0,0,0
Perry,C105,U.S. Senate,,Democratic,Vincent Anthony THOMPSON,4,0,2,2,0
Perry,C105,U.S. Senate,,Democratic,Amy McGRATH,27,9,18,0,0
Perry,C105,U.S. Senate,,Democratic,Dale Lewis ROMANS,3,0,3,0,0
Perry,C105,U.S. Senate,,Democratic,Charles BOOKER,19,2,17,0,0
Perry,C105,U.S. Senate,,Democratic,Pamela STEVENSON,2,0,2,0,0
Perry,C105,U.S. Senate,,Democratic,Joshua BLANTON SR.,4,0,4,0,0
Perry,C105,U.S. Senate,,Democratic,Logan FORSYTHE,5,1,4,0,0
Perry,C105,U.S. Senate,,,Under Votes,19,2,16,1,0
Perry,C105,U.S. Senate,,,Over Votes,0,0,0,0,0
Perry,C105,County Judge/Executive,,,Ellis HALL,9,0,9,0,0
Perry,C105,County Judge/Executive,,,Scott ALEXANDER,56,12,41,3,0
Perry,C105,County Judge/Executive,,,Harlan CAMPBELL,14,2,12,0,0
Perry,C105,County Judge/Executive,,,Under Votes,4,0,4,0,0
Perry,C105,County Judge/Executive,,,Over Votes,0,0,0,0,0
Perry,C105,Sheriff,,,"James ""Big'Un"" JEWELL",8,1,7,0,0
Perry,C105,Sheriff,,,Jessie DAY,22,2,20,0,0
Perry,C105,Sheriff,,,Shawn WHITE,50,11,36,3,0
Perry,C105,Sheriff,,,Under Votes,3,0,3,0,0
Perry,C105,Sheriff,,,Over Votes,0,0,0,0,0
Perry,C105,Magistrate,,,Clayton CHURCH,32,7,24,1,0
Perry,C105,Magistrate,,,Kenny COLE,28,4,24,0,0
Perry,C105,Magistrate,,,Rocky MOORE,21,3,16,2,0
Perry,C105,Magistrate,,,Under Votes,2,0,2,0,0
Perry,C105,Magistrate,,,Over Votes,0,0,0,0,0
Perry,C105,Constable,,,"Eugene ""Buck"" FIELDS",62,13,47,2,0
Perry,C105,Constable,,,Dorris DEATON,12,1,11,0,0
Perry,C105,Constable,,,Under Votes,9,0,8,1,0
Perry,C105,Constable,,,Over Votes,0,0,0,0,0
Perry,C106,U.S. Senate,,Republican,Daniel CAMERON,17,1,16,0,0
Perry,C106,U.S. Senate,,Republican,Jonathan M. HOLLIDAY,3,0,3,0,0
Perry,C106,U.S. Senate,,Republican,Andy BARR,32,1,31,0,0
Perry,C106,U.S. Senate,,Republican,"Valerie ""Dr Val"" FREDRICK",1,0,1,0,0
Perry,C106,U.S. Senate,,Republican,A. Nick SHELLEY,0,0,0,0,0
Perry,C106,U.S. Senate,,Republican,James D. DUNCAN,1,1,0,0,0
Perry,C106,U.S. Senate,,Republican,Michael James FARIS,1,0,1,0,0
Perry,C106,U.S. Senate,,Republican,Anissa CATLETT,0,0,0,0,0
Perry,C106,U.S. Senate,,Republican,Other Donald WENZEL,0,0,0,0,0
Perry,C106,U.S. Senate,,Republican,Jimmy I. LEON,0,0,0,0,0
Perry,C106,U.S. Senate,,Republican,George WASHINGTON,1,0,1,0,0
Perry,C106,U.S. Senate,,,Under Votes,2,0,2,0,0
Perry,C106,U.S. Senate,,,Over Votes,0,0,0,0,0
Perry,C106,Ballots Cast,,,,137,,,,
Perry,C106,U.S. House,5,Republican,Kevin SMITH,8,0,8,0,0
Perry,C106,U.S. House,5,Republican,Benjamin HURLEY,3,0,3,0,0
Perry,C106,U.S. House,5,Republican,Hal ROGERS,46,3,43,0,0
Perry,C106,U.S. House,5,Republican,Jerry Lee SHELTON,0,0,0,0,0
Perry,C106,U.S. House,5,Republican,Brandon R. MONHOLLEN,1,0,1,0,0
Perry,C106,U.S. House,5,,Under Votes,3,0,3,0,0
Perry,C106,U.S. House,5,,Over Votes,0,0,0,0,0
Perry,C106,State Senate,30,Republican,Brandon D. SMITH,43,2,41,0,0
Perry,C106,State Senate,30,Republican,Billy WESLEY,17,1,16,0,0
Perry,C106,State Senate,30,,Under Votes,1,0,1,0,0
Perry,C106,State Senate,30,,Over Votes,0,0,0,0,0
Perry,C106,County Judge/Executive,,,Denny Ray NOBLE,30,1,29,0,0
Perry,C106,County Judge/Executive,,,Lemuel BRASHEAR,8,1,7,0,0
Perry,C106,County Judge/Executive,,,Kenneth HALL,19,1,18,0,0
Perry,C106,County Judge/Executive,,,Under Votes,4,0,4,0,0
Perry,C106,County Judge/Executive,,,Over Votes,0,0,0,0,0
Perry,C106,Sheriff,,,Terry BREWER,23,0,23,0,0
Perry,C106,Sheriff,,,Shannon WOODS,30,3,27,0,0
Perry,C106,Sheriff,,,Vanessa L. COMBS,6,0,6,0,0
Perry,C106,Sheriff,,,Under Votes,2,0,2,0,0
Perry,C106,Sheriff,,,Over Votes,0,0,0,0,0
Perry,C106,Magistrate,,,"Gary ""Lizard"" ROARK",19,2,17,0,0
Perry,C106,Magistrate,,,Millie BLAIR,6,0,6,0,0
Perry,C106,Magistrate,,,"Michael ""Chubb"" LEWIS",4,1,3,0,0
Perry,C106,Magistrate,,,Mark RALEIGH,28,0,28,0,0
Perry,C106,Magistrate,,,Under Votes,4,0,4,0,0
Perry,C106,Magistrate,,,Over Votes,0,0,0,0,0
Perry,C106,Constable,,,Jamie TURNER,40,2,38,0,0
Perry,C106,Constable,,,Howard YOUNG JR.,13,1,12,0,0
Perry,C106,Constable,,,Under Votes,8,0,8,0,0
Perry,C106,Constable,,,Over Votes,0,0,0,0,0
Perry,C106,U.S. Senate,,Democratic,Vincent Anthony THOMPSON,8,0,5,3,0
Perry,C106,U.S. Senate,,Democratic,Amy McGRATH,21,0,19,2,0
Perry,C106,U.S. Senate,,Democratic,Dale Lewis ROMANS,1,0,1,0,0
Perry,C106,U.S. Senate,,Democratic,Charles BOOKER,14,1,13,0,0
Perry,C106,U.S. Senate,,Democratic,Pamela STEVENSON,4,0,4,0,0
Perry,C106,U.S. Senate,,Democratic,Joshua BLANTON SR.,0,0,0,0,0
Perry,C106,U.S. Senate,,Democratic,Logan FORSYTHE,5,0,5,0,0
Perry,C106,U.S. Senate,,,Under Votes,23,2,21,0,0
Perry,C106,U.S. Senate,,,Over Votes,0,0,0,0,0
Perry,C106,County Judge/Executive,,,Ellis HALL,9,0,9,0,0
Perry,C106,County Judge/Executive,,,Scott ALEXANDER,52,3,44,5,0
Perry,C106,County Judge/Executive,,,Harlan CAMPBELL,11,0,11,0,0
Perry,C106,County Judge/Executive,,,Under Votes,4,0,4,0,0
Perry,C106,County Judge/Executive,,,Over Votes,0,0,0,0,0
Perry,C106,Sheriff,,,"James ""Big'Un"" JEWELL",6,0,3,3,0
Perry,C106,Sheriff,,,Jessie DAY,27,3,24,0,0
Perry,C106,Sheriff,,,Shawn WHITE,37,0,35,2,0
Perry,C106,Sheriff,,,Under Votes,6,0,6,0,0
Perry,C106,Sheriff,,,Over Votes,0,0,0,0,0
Perry,C106,Magistrate,,,Clayton CHURCH,33,2,29,2,0
Perry,C106,Magistrate,,,Kenny COLE,12,0,9,3,0
Perry,C106,Magistrate,,,Rocky MOORE,30,1,29,0,0
Perry,C106,Magistrate,,,Under Votes,1,0,1,0,0
Perry,C106,Magistrate,,,Over Votes,0,0,0,0,0
Perry,C106,Constable,,,"Eugene ""Buck"" FIELDS",50,3,45,2,0
Perry,C106,Constable,,,Dorris DEATON,13,0,10,3,0
Perry,C106,Constable,,,Under Votes,13,0,13,0,0
Perry,C106,Constable,,,Over Votes,0,0,0,0,0
Perry,C107,U.S. Senate,,Republican,Daniel CAMERON,22,4,18,0,0
Perry,C107,U.S. Senate,,Republican,Jonathan M. HOLLIDAY,1,0,1,0,0
Perry,C107,U.S. Senate,,Republican,Andy BARR,59,9,48,2,0
Perry,C107,U.S. Senate,,Republican,"Valerie ""Dr Val"" FREDRICK",0,0,0,0,0
Perry,C107,U.S. Senate,,Republican,A. Nick SHELLEY,0,0,0,0,0
Perry,C107,U.S. Senate,,Republican,James D. DUNCAN,0,0,0,0,0
Perry,C107,U.S. Senate,,Republican,Michael James FARIS,1,0,1,0,0
Perry,C107,U.S. Senate,,Republican,Anissa CATLETT,1,0,1,0,0
Perry,C107,U.S. Senate,,Republican,Other Donald WENZEL,0,0,0,0,0
Perry,C107,U.S. Senate,,Republican,Jimmy I. LEON,0,0,0,0,0
Perry,C107,U.S. Senate,,Republican,George WASHINGTON,4,0,4,0,0
Perry,C107,U.S. Senate,,,Under Votes,1,0,1,0,0
Perry,C107,U.S. Senate,,,Over Votes,0,0,0,0,0
Perry,C107,Ballots Cast,,,,199,,,,
Perry,C107,U.S. House,5,Republican,Kevin SMITH,10,0,10,0,0
Perry,C107,U.S. House,5,Republican,Benjamin HURLEY,2,0,2,0,0
Perry,C107,U.S. House,5,Republican,Hal ROGERS,79,13,64,2,0
Perry,C107,U.S. House,5,Republican,Jerry Lee SHELTON,0,0,0,0,0
Perry,C107,U.S. House,5,Republican,Brandon R. MONHOLLEN,1,0,1,0,0
Perry,C107,U.S. House,5,,Under Votes,1,0,1,0,0
Perry,C107,U.S. House,5,,Over Votes,0,0,0,0,0
Perry,C107,State Senate,30,Republican,Brandon D. SMITH,66,13,52,1,0
Perry,C107,State Senate,30,Republican,Billy WESLEY,26,0,25,1,0
Perry,C107,State Senate,30,,Under Votes,1,0,1,0,0
Perry,C107,State Senate,30,,Over Votes,0,0,0,0,0
Perry,C107,County Judge/Executive,,,Denny Ray NOBLE,52,12,39,1,0
Perry,C107,County Judge/Executive,,,Lemuel BRASHEAR,12,0,11,1,0
Perry,C107,County Judge/Executive,,,Kenneth HALL,22,1,21,0,0
Perry,C107,County Judge/Executive,,,Under Votes,7,0,7,0,0
Perry,C107,County Judge/Executive,,,Over Votes,0,0,0,0,0
Perry,C107,Sheriff,,,Terry BREWER,40,7,31,2,0
Perry,C107,Sheriff,,,Shannon WOODS,41,3,38,0,0
Perry,C107,Sheriff,,,Vanessa L. COMBS,7,1,6,0,0
Perry,C107,Sheriff,,,Under Votes,5,2,3,0,0
Perry,C107,Sheriff,,,Over Votes,0,0,0,0,0
Perry,C107,Magistrate,,,"Gary ""Lizard"" ROARK",51,10,40,1,0
Perry,C107,Magistrate,,,Millie BLAIR,16,0,16,0,0
Perry,C107,Magistrate,,,"Michael ""Chubb"" LEWIS",9,2,7,0,0
Perry,C107,Magistrate,,,Mark RALEIGH,9,1,7,1,0
Perry,C107,Magistrate,,,Under Votes,8,0,8,0,0
Perry,C107,Magistrate,,,Over Votes,0,0,0,0,0
Perry,C107,Constable,,,Jamie TURNER,36,8,26,2,0
Perry,C107,Constable,,,Howard YOUNG JR.,47,4,43,0,0
Perry,C107,Constable,,,Under Votes,10,1,9,0,0
Perry,C107,Constable,,,Over Votes,0,0,0,0,0
Perry,C107,U.S. Senate,,Democratic,Vincent Anthony THOMPSON,8,3,5,0,0
Perry,C107,U.S. Senate,,Democratic,Amy McGRATH,37,5,26,6,0
Perry,C107,U.S. Senate,,Democratic,Dale Lewis ROMANS,2,0,2,0,0
Perry,C107,U.S. Senate,,Democratic,Charles BOOKER,26,2,23,1,0
Perry,C107,U.S. Senate,,Democratic,Pamela STEVENSON,5,1,4,0,0
Perry,C107,U.S. Senate,,Democratic,Joshua BLANTON SR.,7,0,7,0,0
Perry,C107,U.S. Senate,,Democratic,Logan FORSYTHE,10,0,10,0,0
Perry,C107,U.S. Senate,,,Under Votes,11,2,9,0,0
Perry,C107,U.S. Senate,,,Over Votes,0,0,0,0,0
Perry,C107,County Judge/Executive,,,Ellis HALL,12,2,10,0,0
Perry,C107,County Judge/Executive,,,Scott ALEXANDER,79,10,62,7,0
Perry,C107,County Judge/Executive,,,Harlan CAMPBELL,11,1,10,0,0
Perry,C107,County Judge/Executive,,,Under Votes,3,0,3,0,0
Perry,C107,County Judge/Executive,,,Over Votes,1,0,1,0,0
Perry,C107,Sheriff,,,"James ""Big'Un"" JEWELL",9,1,6,2,0
Perry,C107,Sheriff,,,Jessie DAY,67,9,54,4,0
Perry,C107,Sheriff,,,Shawn WHITE,28,2,25,1,0
Perry,C107,Sheriff,,,Under Votes,2,1,1,0,0
Perry,C107,Sheriff,,,Over Votes,0,0,0,0,0
Perry,C107,Magistrate,,,Clayton CHURCH,61,11,47,3,0
Perry,C107,Magistrate,,,Kenny COLE,26,2,20,4,0
Perry,C107,Magistrate,,,Rocky MOORE,17,0,17,0,0
Perry,C107,Magistrate,,,Under Votes,2,0,2,0,0
Perry,C107,Magistrate,,,Over Votes,0,0,0,0,0
Perry,C107,Constable,,,"Eugene ""Buck"" FIELDS",70,8,55,7,0
Perry,C107,Constable,,,Dorris DEATON,30,4,26,0,0
Perry,C107,Constable,,,Under Votes,6,1,5,0,0
Perry,C107,Constable,,,Over Votes,0,0,0,0,0
Perry,C108,U.S. Senate,,Republican,Daniel CAMERON,4,2,2,0,0
Perry,C108,U.S. Senate,,Republican,Jonathan M. HOLLIDAY,2,2,0,0,0
Perry,C108,U.S. Senate,,Republican,Andy BARR,17,7,7,3,0
Perry,C108,U.S. Senate,,Republican,"Valerie ""Dr Val"" FREDRICK",0,0,0,0,0
Perry,C108,U.S. Senate,,Republican,A. Nick SHELLEY,0,0,0,0,0
Perry,C108,U.S. Senate,,Republican,James D. DUNCAN,1,0,1,0,0
Perry,C108,U.S. Senate,,Republican,Michael James FARIS,0,0,0,0,0
Perry,C108,U.S. Senate,,Republican,Anissa CATLETT,0,0,0,0,0
Perry,C108,U.S. Senate,,Republican,Other Donald WENZEL,0,0,0,0,0
Perry,C108,U.S. Senate,,Republican,Jimmy I. LEON,0,0,0,0,0
Perry,C108,U.S. Senate,,Republican,George WASHINGTON,1,0,1,0,0
Perry,C108,U.S. Senate,,,Under Votes,0,0,0,0,0
Perry,C108,U.S. Senate,,,Over Votes,0,0,0,0,0
Perry,C108,Ballots Cast,,,,127,,,,
Perry,C108,U.S. House,5,Republican,Kevin SMITH,2,0,2,0,0
Perry,C108,U.S. House,5,Republican,Benjamin HURLEY,0,0,0,0,0
Perry,C108,U.S. House,5,Republican,Hal ROGERS,23,10,10,3,0
Perry,C108,U.S. House,5,Republican,Jerry Lee SHELTON,0,0,0,0,0
Perry,C108,U.S. House,5,Republican,Brandon R. MONHOLLEN,1,1,0,0,0
Perry,C108,U.S. House,5,,Under Votes,0,0,0,0,0
Perry,C108,U.S. House,5,,Over Votes,0,0,0,0,0
Perry,C108,State Senate,30,Republican,Brandon D. SMITH,16,6,9,1,0
Perry,C108,State Senate,30,Republican,Billy WESLEY,10,5,3,2,0
Perry,C108,State Senate,30,,Under Votes,0,0,0,0,0
Perry,C108,State Senate,30,,Over Votes,0,0,0,0,0
Perry,C108,County Judge/Executive,,,Denny Ray NOBLE,17,7,7,3,0
Perry,C108,County Judge/Executive,,,Lemuel BRASHEAR,5,4,1,0,0
Perry,C108,County Judge/Executive,,,Kenneth HALL,3,0,3,0,0
Perry,C108,County Judge/Executive,,,Under Votes,1,0,1,0,0
Perry,C108,County Judge/Executive,,,Over Votes,0,0,0,0,0
Perry,C108,Sheriff,,,Terry BREWER,13,7,3,3,0
Perry,C108,Sheriff,,,Shannon WOODS,9,4,5,0,0
Perry,C108,Sheriff,,,Vanessa L. COMBS,3,0,3,0,0
Perry,C108,Sheriff,,,Under Votes,1,0,1,0,0
Perry,C108,Sheriff,,,Over Votes,0,0,0,0,0
Perry,C108,Magistrate,,,"Gary ""Lizard"" ROARK",13,6,7,0,0
Perry,C108,Magistrate,,,Millie BLAIR,2,2,0,0,0
Perry,C108,Magistrate,,,"Michael ""Chubb"" LEWIS",6,1,2,3,0
Perry,C108,Magistrate,,,Mark RALEIGH,5,2,3,0,0
Perry,C108,Magistrate,,,Under Votes,0,0,0,0,0
Perry,C108,Magistrate,,,Over Votes,0,0,0,0,0
Perry,C108,Constable,,,Jamie TURNER,14,8,6,0,0
Perry,C108,Constable,,,Howard YOUNG JR.,11,3,5,3,0
Perry,C108,Constable,,,Under Votes,1,0,1,0,0
Perry,C108,Constable,,,Over Votes,0,0,0,0,0
Perry,C108,U.S. Senate,,Democratic,Vincent Anthony THOMPSON,7,1,6,0,0
Perry,C108,U.S. Senate,,Democratic,Amy McGRATH,29,3,26,0,0
Perry,C108,U.S. Senate,,Democratic,Dale Lewis ROMANS,4,0,4,0,0
Perry,C108,U.S. Senate,,Democratic,Charles BOOKER,24,5,19,0,0
Perry,C108,U.S. Senate,,Democratic,Pamela STEVENSON,7,0,7,0,0
Perry,C108,U.S. Senate,,Democratic,Joshua BLANTON SR.,4,0,4,0,0
Perry,C108,U.S. Senate,,Democratic,Logan FORSYTHE,5,0,5,0,0
Perry,C108,U.S. Senate,,,Under Votes,21,1,20,0,0
Perry,C108,U.S. Senate,,,Over Votes,0,0,0,0,0
Perry,C108,County Judge/Executive,,,Ellis HALL,12,0,12,0,0
Perry,C108,County Judge/Executive,,,Scott ALEXANDER,76,9,67,0,0
Perry,C108,County Judge/Executive,,,Harlan CAMPBELL,8,1,7,0,0
Perry,C108,County Judge/Executive,,,Under Votes,5,0,5,0,0
Perry,C108,County Judge/Executive,,,Over Votes,0,0,0,0,0
Perry,C108,Sheriff,,,"James ""Big'Un"" JEWELL",6,2,4,0,0
Perry,C108,Sheriff,,,Jessie DAY,39,2,37,0,0
Perry,C108,Sheriff,,,Shawn WHITE,49,5,44,0,0
Perry,C108,Sheriff,,,Under Votes,7,1,6,0,0
Perry,C108,Sheriff,,,Over Votes,0,0,0,0,0
Perry,C108,Magistrate,,,Clayton CHURCH,48,7,41,0,0
Perry,C108,Magistrate,,,Kenny COLE,31,1,30,0,0
Perry,C108,Magistrate,,,Rocky MOORE,22,2,20,0,0
Perry,C108,Magistrate,,,Under Votes,0,0,0,0,0
Perry,C108,Magistrate,,,Over Votes,0,0,0,0,0
Perry,C108,Constable,,,"Eugene ""Buck"" FIELDS",87,8,79,0,0
Perry,C108,Constable,,,Dorris DEATON,11,2,9,0,0
Perry,C108,Constable,,,Under Votes,3,0,3,0,0
Perry,C108,Constable,,,Over Votes,0,0,0,0,0
Perry,C109,U.S. Senate,,Republican,Daniel CAMERON,10,0,10,0,0
Perry,C109,U.S. Senate,,Republican,Jonathan M. HOLLIDAY,3,1,2,0,0
Perry,C109,U.S. Senate,,Republican,Andy BARR,48,2,46,0,0
Perry,C109,U.S. Senate,,Republican,"Valerie ""Dr Val"" FREDRICK",0,0,0,0,0
Perry,C109,U.S. Senate,,Republican,A. Nick SHELLEY,1,0,1,0,0
Perry,C109,U.S. Senate,,Republican,James D. DUNCAN,1,0,1,0,0
Perry,C109,U.S. Senate,,Republican,Michael James FARIS,1,0,1,0,0
Perry,C109,U.S. Senate,,Republican,Anissa CATLETT,0,0,0,0,0
Perry,C109,U.S. Senate,,Republican,Other Donald WENZEL,1,0,1,0,0
Perry,C109,U.S. Senate,,Republican,Jimmy I. LEON,1,0,1,0,0
Perry,C109,U.S. Senate,,Republican,George WASHINGTON,0,0,0,0,0
Perry,C109,U.S. Senate,,,Under Votes,4,1,3,0,0
Perry,C109,U.S. Senate,,,Over Votes,0,0,0,0,0
Perry,C109,Ballots Cast,,,,108,,,,
Perry,C109,U.S. House,5,Republican,Kevin SMITH,5,0,5,0,0
Perry,C109,U.S. House,5,Republican,Benjamin HURLEY,3,0,3,0,0
Perry,C109,U.S. House,5,Republican,Hal ROGERS,57,3,54,0,0
Perry,C109,U.S. House,5,Republican,Jerry Lee SHELTON,2,0,2,0,0
Perry,C109,U.S. House,5,Republican,Brandon R. MONHOLLEN,0,0,0,0,0
Perry,C109,U.S. House,5,,Under Votes,4,1,3,0,0
Perry,C109,U.S. House,5,,Over Votes,1,0,1,0,0
Perry,C109,State Senate,30,Republican,Brandon D. SMITH,49,3,46,0,0
Perry,C109,State Senate,30,Republican,Billy WESLEY,17,0,17,0,0
Perry,C109,State Senate,30,,Under Votes,6,1,5,0,0
Perry,C109,State Senate,30,,Over Votes,0,0,0,0,0
Perry,C109,County Judge/Executive,,,Denny Ray NOBLE,32,4,28,0,0
Perry,C109,County Judge/Executive,,,Lemuel BRASHEAR,9,0,9,0,0
Perry,C109,County Judge/Executive,,,Kenneth HALL,22,0,22,0,0
Perry,C109,County Judge/Executive,,,Under Votes,9,0,9,0,0
Perry,C109,County Judge/Executive,,,Over Votes,0,0,0,0,0
Perry,C109,Sheriff,,,Terry BREWER,28,2,26,0,0
Perry,C109,Sheriff,,,Shannon WOODS,34,2,32,0,0
Perry,C109,Sheriff,,,Vanessa L. COMBS,4,0,4,0,0
Perry,C109,Sheriff,,,Under Votes,6,0,6,0,0
Perry,C109,Sheriff,,,Over Votes,0,0,0,0,0
Perry,C109,Magistrate,,,"Gary ""Lizard"" ROARK",36,2,34,0,0
Perry,C109,Magistrate,,,Millie BLAIR,8,0,8,0,0
Perry,C109,Magistrate,,,"Michael ""Chubb"" LEWIS",17,2,15,0,0
Perry,C109,Magistrate,,,Mark RALEIGH,5,0,5,0,0
Perry,C109,Magistrate,,,Under Votes,6,0,6,0,0
Perry,C109,Magistrate,,,Over Votes,0,0,0,0,0
Perry,C109,Constable,,,Jamie TURNER,39,2,37,0,0
Perry,C109,Constable,,,Howard YOUNG JR.,24,1,23,0,0
Perry,C109,Constable,,,Under Votes,9,1,8,0,0
Perry,C109,Constable,,,Over Votes,0,0,0,0,0
Perry,C109,U.S. Senate,,Democratic,Vincent Anthony THOMPSON,0,0,0,0,0
Perry,C109,U.S. Senate,,Democratic,Amy McGRATH,15,2,13,0,0
Perry,C109,U.S. Senate,,Democratic,Dale Lewis ROMANS,0,0,0,0,0
Perry,C109,U.S. Senate,,Democratic,Charles BOOKER,3,0,3,0,0
Perry,C109,U.S. Senate,,Democratic,Pamela STEVENSON,1,0,1,0,0
Perry,C109,U.S. Senate,,Democratic,Joshua BLANTON SR.,3,1,2,0,0
Perry,C109,U.S. Senate,,Democratic,Logan FORSYTHE,2,1,1,0,0
Perry,C109,U.S. Senate,,,Under Votes,12,2,9,1,0
Perry,C109,U.S. Senate,,,Over Votes,0,0,0,0,0
Perry,C109,County Judge/Executive,,,Ellis HALL,1,0,1,0,0
Perry,C109,County Judge/Executive,,,Scott ALEXANDER,24,3,20,1,0
Perry,C109,County Judge/Executive,,,Harlan CAMPBELL,5,2,3,0,0
Perry,C109,County Judge/Executive,,,Under Votes,6,1,5,0,0
Perry,C109,County Judge/Executive,,,Over Votes,0,0,0,0,0
Perry,C109,Sheriff,,,"James ""Big'Un"" JEWELL",2,1,1,0,0
Perry,C109,Sheriff,,,Jessie DAY,13,1,11,1,0
Perry,C109,Sheriff,,,Shawn WHITE,15,3,12,0,0
Perry,C109,Sheriff,,,Under Votes,6,1,5,0,0
Perry,C109,Sheriff,,,Over Votes,0,0,0,0,0
Perry,C109,Magistrate,,,Clayton CHURCH,22,4,17,1,0
Perry,C109,Magistrate,,,Kenny COLE,9,1,8,0,0
Perry,C109,Magistrate,,,Rocky MOORE,4,1,3,0,0
Perry,C109,Magistrate,,,Under Votes,1,0,1,0,0
Perry,C109,Magistrate,,,Over Votes,0,0,0,0,0
Perry,C109,Constable,,,"Eugene ""Buck"" FIELDS",33,5,27,1,0
Perry,C109,Constable,,,Dorris DEATON,3,1,2,0,0
Perry,C109,Constable,,,Under Votes,0,0,0,0,0
Perry,C109,Constable,,,Over Votes,0,0,0,0,0
Perry,C110,U.S. Senate,,Republican,Daniel CAMERON,6,0,6,0,0
Perry,C110,U.S. Senate,,Republican,Jonathan M. HOLLIDAY,0,0,0,0,0
Perry,C110,U.S. Senate,,Republican,Andy BARR,49,6,43,0,0
Perry,C110,U.S. Senate,,Republican,"Valerie ""Dr Val"" FREDRICK",0,0,0,0,0
Perry,C110,U.S. Senate,,Republican,A. Nick SHELLEY,0,0,0,0,0
Perry,C110,U.S. Senate,,Republican,James D. DUNCAN,0,0,0,0,0
Perry,C110,U.S. Senate,,Republican,Michael James FARIS,0,0,0,0,0
Perry,C110,U.S. Senate,,Republican,Anissa CATLETT,0,0,0,0,0
Perry,C110,U.S. Senate,,Republican,Other Donald WENZEL,0,0,0,0,0
Perry,C110,U.S. Senate,,Republican,Jimmy I. LEON,0,0,0,0,0
Perry,C110,U.S. Senate,,Republican,George WASHINGTON,1,0,1,0,0
Perry,C110,U.S. Senate,,,Under Votes,2,0,2,0,0
Perry,C110,U.S. Senate,,,Over Votes,0,0,0,0,0
Perry,C110,Ballots Cast,,,,121,,,,
Perry,C110,U.S. House,5,Republican,Kevin SMITH,6,1,5,0,0
Perry,C110,U.S. House,5,Republican,Benjamin HURLEY,1,0,1,0,0
Perry,C110,U.S. House,5,Republican,Hal ROGERS,50,5,45,0,0
Perry,C110,U.S. House,5,Republican,Jerry Lee SHELTON,0,0,0,0,0
Perry,C110,U.S. House,5,Republican,Brandon R. MONHOLLEN,2,0,2,0,0
Perry,C110,U.S. House,5,,Under Votes,0,0,0,0,0
Perry,C110,U.S. House,5,,Over Votes,0,0,0,0,0
Perry,C110,State Senate,30,Republican,Brandon D. SMITH,51,5,46,0,0
Perry,C110,State Senate,30,Republican,Billy WESLEY,7,1,6,0,0
Perry,C110,State Senate,30,,Under Votes,1,0,1,0,0
Perry,C110,State Senate,30,,Over Votes,0,0,0,0,0
Perry,C110,County Judge/Executive,,,Denny Ray NOBLE,23,4,19,0,0
Perry,C110,County Judge/Executive,,,Lemuel BRASHEAR,7,0,7,0,0
Perry,C110,County Judge/Executive,,,Kenneth HALL,27,2,25,0,0
Perry,C110,County Judge/Executive,,,Under Votes,2,0,2,0,0
Perry,C110,County Judge/Executive,,,Over Votes,0,0,0,0,0
Perry,C110,Sheriff,,,Terry BREWER,19,2,17,0,0
Perry,C110,Sheriff,,,Shannon WOODS,31,4,27,0,0
Perry,C110,Sheriff,,,Vanessa L. COMBS,3,0,3,0,0
Perry,C110,Sheriff,,,Under Votes,6,0,6,0,0
Perry,C110,Sheriff,,,Over Votes,0,0,0,0,0
Perry,C110,Magistrate,,,"Gary ""Lizard"" ROARK",24,4,20,0,0
Perry,C110,Magistrate,,,Millie BLAIR,9,0,9,0,0
Perry,C110,Magistrate,,,"Michael ""Chubb"" LEWIS",11,1,10,0,0
Perry,C110,Magistrate,,,Mark RALEIGH,10,1,9,0,0
Perry,C110,Magistrate,,,Under Votes,5,0,5,0,0
Perry,C110,Magistrate,,,Over Votes,0,0,0,0,0
Perry,C110,Constable,,,Jamie TURNER,23,1,22,0,0
Perry,C110,Constable,,,Howard YOUNG JR.,26,4,22,0,0
Perry,C110,Constable,,,Under Votes,10,1,9,0,0
Perry,C110,Constable,,,Over Votes,0,0,0,0,0
Perry,C110,U.S. Senate,,Democratic,Vincent Anthony THOMPSON,2,0,2,0,0
Perry,C110,U.S. Senate,,Democratic,Amy McGRATH,20,3,17,0,0
Perry,C110,U.S. Senate,,Democratic,Dale Lewis ROMANS,2,0,2,0,0
Perry,C110,U.S. Senate,,Democratic,Charles BOOKER,15,1,14,0,0
Perry,C110,U.S. Senate,,Democratic,Pamela STEVENSON,1,0,1,0,0
Perry,C110,U.S. Senate,,Democratic,Joshua BLANTON SR.,6,1,5,0,0
Perry,C110,U.S. Senate,,Democratic,Logan FORSYTHE,4,0,4,0,0
Perry,C110,U.S. Senate,,,Under Votes,12,0,12,0,0
Perry,C110,U.S. Senate,,,Over Votes,0,0,0,0,0
Perry,C110,County Judge/Executive,,,Ellis HALL,11,0,11,0,0
Perry,C110,County Judge/Executive,,,Scott ALEXANDER,36,3,33,0,0
Perry,C110,County Judge/Executive,,,Harlan CAMPBELL,10,2,8,0,0
Perry,C110,County Judge/Executive,,,Under Votes,5,0,5,0,0
Perry,C110,County Judge/Executive,,,Over Votes,0,0,0,0,0
Perry,C110,Sheriff,,,"James ""Big'Un"" JEWELL",2,1,1,0,0
Perry,C110,Sheriff,,,Jessie DAY,21,2,19,0,0
Perry,C110,Sheriff,,,Shawn WHITE,36,2,34,0,0
Perry,C110,Sheriff,,,Under Votes,3,0,3,0,0
Perry,C110,Sheriff,,,Over Votes,0,0,0,0,0
Perry,C110,Magistrate,,,Clayton CHURCH,24,2,22,0,0
Perry,C110,Magistrate,,,Kenny COLE,28,2,26,0,0
Perry,C110,Magistrate,,,Rocky MOORE,10,1,9,0,0
Perry,C110,Magistrate,,,Under Votes,0,0,0,0,0
Perry,C110,Magistrate,,,Over Votes,0,0,0,0,0
Perry,C110,Constable,,,"Eugene ""Buck"" FIELDS",55,3,52,0,0
Perry,C110,Constable,,,Dorris DEATON,6,2,4,0,0
Perry,C110,Constable,,,Under Votes,1,0,1,0,0
Perry,C110,Constable,,,Over Votes,0,0,0,0,0
Perry,C111,U.S. Senate,,Republican,Daniel CAMERON,3,1,2,0,0
Perry,C111,U.S. Senate,,Republican,Jonathan M. HOLLIDAY,1,0,1,0,0
Perry,C111,U.S. Senate,,Republican,Andy BARR,34,2,32,0,0
Perry,C111,U.S. Senate,,Republican,"Valerie ""Dr Val"" FREDRICK",3,0,3,0,0
Perry,C111,U.S. Senate,,Republican,A. Nick SHELLEY,0,0,0,0,0
Perry,C111,U.S. Senate,,Republican,James D. DUNCAN,0,0,0,0,0
Perry,C111,U.S. Senate,,Republican,Michael James FARIS,0,0,0,0,0
Perry,C111,U.S. Senate,,Republican,Anissa CATLETT,0,0,0,0,0
Perry,C111,U.S. Senate,,Republican,Other Donald WENZEL,0,0,0,0,0
Perry,C111,U.S. Senate,,Republican,Jimmy I. LEON,0,0,0,0,0
Perry,C111,U.S. Senate,,Republican,George WASHINGTON,1,0,1,0,0
Perry,C111,U.S. Senate,,,Under Votes,1,0,1,0,0
Perry,C111,U.S. Senate,,,Over Votes,0,0,0,0,0
Perry,C111,Ballots Cast,,,,112,,,,
Perry,C111,U.S. House,5,Republican,Kevin SMITH,4,2,2,0,0
Perry,C111,U.S. House,5,Republican,Benjamin HURLEY,2,0,2,0,0
Perry,C111,U.S. House,5,Republican,Hal ROGERS,38,1,37,0,0
Perry,C111,U.S. House,5,Republican,Jerry Lee SHELTON,0,0,0,0,0
Perry,C111,U.S. House,5,Republican,Brandon R. MONHOLLEN,2,0,2,0,0
Perry,C111,U.S. House,5,,Under Votes,1,0,1,0,0
Perry,C111,U.S. House,5,,Over Votes,0,0,0,0,0
Perry,C111,State Senate,30,Republican,Brandon D. SMITH,29,2,27,0,0
Perry,C111,State Senate,30,Republican,Billy WESLEY,17,1,16,0,0
Perry,C111,State Senate,30,,Under Votes,1,0,1,0,0
Perry,C111,State Senate,30,,Over Votes,0,0,0,0,0
Perry,C111,County Judge/Executive,,,Denny Ray NOBLE,22,2,20,0,0
Perry,C111,County Judge/Executive,,,Lemuel BRASHEAR,4,1,3,0,0
Perry,C111,County Judge/Executive,,,Kenneth HALL,18,0,18,0,0
Perry,C111,County Judge/Executive,,,Under Votes,3,0,3,0,0
Perry,C111,County Judge/Executive,,,Over Votes,0,0,0,0,0
Perry,C111,Sheriff,,,Terry BREWER,24,2,22,0,0
Perry,C111,Sheriff,,,Shannon WOODS,10,0,10,0,0
Perry,C111,Sheriff,,,Vanessa L. COMBS,7,0,7,0,0
Perry,C111,Sheriff,,,Under Votes,5,1,4,0,0
Perry,C111,Sheriff,,,Over Votes,1,0,1,0,0
Perry,C111,Magistrate,,,"Gary ""Lizard"" ROARK",20,3,17,0,0
Perry,C111,Magistrate,,,Millie BLAIR,9,0,9,0,0
Perry,C111,Magistrate,,,"Michael ""Chubb"" LEWIS",5,0,5,0,0
Perry,C111,Magistrate,,,Mark RALEIGH,12,0,12,0,0
Perry,C111,Magistrate,,,Under Votes,1,0,1,0,0
Perry,C111,Magistrate,,,Over Votes,0,0,0,0,0
Perry,C111,Constable,,,Jamie TURNER,30,2,28,0,0
Perry,C111,Constable,,,Howard YOUNG JR.,10,1,9,0,0
Perry,C111,Constable,,,Under Votes,7,0,7,0,0
Perry,C111,Constable,,,Over Votes,0,0,0,0,0
Perry,C111,U.S. Senate,,Democratic,Vincent Anthony THOMPSON,3,1,2,0,0
Perry,C111,U.S. Senate,,Democratic,Amy McGRATH,20,5,14,0,1
Perry,C111,U.S. Senate,,Democratic,Dale Lewis ROMANS,3,1,2,0,0
Perry,C111,U.S. Senate,,Democratic,Charles BOOKER,22,1,20,1,0
Perry,C111,U.S. Senate,,Democratic,Pamela STEVENSON,3,1,2,0,0
Perry,C111,U.S. Senate,,Democratic,Joshua BLANTON SR.,2,0,2,0,0
Perry,C111,U.S. Senate,,Democratic,Logan FORSYTHE,5,0,5,0,0
Perry,C111,U.S. Senate,,,Under Votes,7,0,7,0,0
Perry,C111,U.S. Senate,,,Over Votes,0,0,0,0,0
Perry,C111,County Judge/Executive,,,Ellis HALL,6,0,6,0,0
Perry,C111,County Judge/Executive,,,Scott ALEXANDER,53,9,42,1,1
Perry,C111,County Judge/Executive,,,Harlan CAMPBELL,4,0,4,0,0
Perry,C111,County Judge/Executive,,,Under Votes,2,0,2,0,0
Perry,C111,County Judge/Executive,,,Over Votes,0,0,0,0,0
Perry,C111,Sheriff,,,"James ""Big'Un"" JEWELL",5,0,5,0,0
Perry,C111,Sheriff,,,Jessie DAY,21,7,13,1,0
Perry,C111,Sheriff,,,Shawn WHITE,37,2,34,0,1
Perry,C111,Sheriff,,,Under Votes,2,0,2,0,0
Perry,C111,Sheriff,,,Over Votes,0,0,0,0,0
Perry,C111,Magistrate,,,Clayton CHURCH,34,3,29,1,1
Perry,C111,Magistrate,,,Kenny COLE,20,6,14,0,0
Perry,C111,Magistrate,,,Rocky MOORE,9,0,9,0,0
Perry,C111,Magistrate,,,Under Votes,2,0,2,0,0
Perry,C111,Magistrate,,,Over Votes,0,0,0,0,0
Perry,C111,Constable,,,"Eugene ""Buck"" FIELDS",49,8,39,1,1
Perry,C111,Constable,,,Dorris DEATON,9,1,8,0,0
Perry,C111,Constable,,,Under Votes,7,0,7,0,0
Perry,C111,Constable,,,Over Votes,0,0,0,0,0
Perry,C114,U.S. Senate,,Republican,Daniel CAMERON,22,4,18,0,0
Perry,C114,U.S. Senate,,Republican,Jonathan M. HOLLIDAY,0,0,0,0,0
Perry,C114,U.S. Senate,,Republican,Andy BARR,63,11,52,0,0
Perry,C114,U.S. Senate,,Republican,"Valerie ""Dr Val"" FREDRICK",0,0,0,0,0
Perry,C114,U.S. Senate,,Republican,A. Nick SHELLEY,1,0,1,0,0
Perry,C114,U.S. Senate,,Republican,James D. DUNCAN,0,0,0,0,0
Perry,C114,U.S. Senate,,Republican,Michael James FARIS,2,0,2,0,0
Perry,C114,U.S. Senate,,Republican,Anissa CATLETT,0,0,0,0,0
Perry,C114,U.S. Senate,,Republican,Other Donald WENZEL,0,0,0,0,0
Perry,C114,U.S. Senate,,Republican,Jimmy I. LEON,1,0,1,0,0
Perry,C114,U.S. Senate,,Republican,George WASHINGTON,0,0,0,0,0
Perry,C114,U.S. Senate,,,Under Votes,1,1,0,0,0
Perry,C114,U.S. Senate,,,Over Votes,0,0,0,0,0
Perry,C114,Ballots Cast,,,,202,,,,
Perry,C114,U.S. House,5,Republican,Kevin SMITH,7,1,6,0,0
Perry,C114,U.S. House,5,Republican,Benjamin HURLEY,1,0,1,0,0
Perry,C114,U.S. House,5,Republican,Hal ROGERS,77,14,63,0,0
Perry,C114,U.S. House,5,Republican,Jerry Lee SHELTON,0,0,0,0,0
Perry,C114,U.S. House,5,Republican,Brandon R. MONHOLLEN,5,1,4,0,0
Perry,C114,U.S. House,5,,Under Votes,4,1,3,0,0
Perry,C114,U.S. House,5,,Over Votes,0,0,0,0,0
Perry,C114,State Senate,30,Republican,Brandon D. SMITH,77,15,62,0,0
Perry,C114,State Senate,30,Republican,Billy WESLEY,14,1,13,0,0
Perry,C114,State Senate,30,,Under Votes,3,1,2,0,0
Perry,C114,State Senate,30,,Over Votes,0,0,0,0,0
Perry,C114,County Judge/Executive,,,Denny Ray NOBLE,46,11,35,0,0
Perry,C114,County Judge/Executive,,,Lemuel BRASHEAR,14,2,12,0,0
Perry,C114,County Judge/Executive,,,Kenneth HALL,24,3,21,0,0
Perry,C114,County Judge/Executive,,,Under Votes,10,1,9,0,0
Perry,C114,County Judge/Executive,,,Over Votes,0,0,0,0,0
Perry,C114,Sheriff,,,Terry BREWER,42,10,32,0,0
Perry,C114,Sheriff,,,Shannon WOODS,39,6,33,0,0
Perry,C114,Sheriff,,,Vanessa L. COMBS,5,0,5,0,0
Perry,C114,Sheriff,,,Under Votes,8,1,7,0,0
Perry,C114,Sheriff,,,Over Votes,0,0,0,0,0
Perry,C114,Magistrate,,,"Gary ""Lizard"" ROARK",57,12,45,0,0
Perry,C114,Magistrate,,,Millie BLAIR,20,3,17,0,0
Perry,C114,Magistrate,,,"Michael ""Chubb"" LEWIS",9,1,8,0,0
Perry,C114,Magistrate,,,Mark RALEIGH,6,0,6,0,0
Perry,C114,Magistrate,,,Under Votes,2,1,1,0,0
Perry,C114,Magistrate,,,Over Votes,0,0,0,0,0
Perry,C114,Constable,,,Jamie TURNER,40,8,32,0,0
Perry,C114,Constable,,,Howard YOUNG JR.,44,7,37,0,0
Perry,C114,Constable,,,Under Votes,10,2,8,0,0
Perry,C114,Constable,,,Over Votes,0,0,0,0,0
Perry,C114,U.S. Senate,,Democratic,Vincent Anthony THOMPSON,4,1,3,0,0
Perry,C114,U.S. Senate,,Democratic,Amy McGRATH,35,8,26,1,0
Perry,C114,U.S. Senate,,Democratic,Dale Lewis ROMANS,2,0,2,0,0
Perry,C114,U.S. Senate,,Democratic,Charles BOOKER,31,6,25,0,0
Perry,C114,U.S. Senate,,Democratic,Pamela STEVENSON,8,0,7,1,0
Perry,C114,U.S. Senate,,Democratic,Joshua BLANTON SR.,6,1,5,0,0
Perry,C114,U.S. Senate,,Democratic,Logan FORSYTHE,5,1,4,0,0
Perry,C114,U.S. Senate,,,Under Votes,17,2,14,1,0
Perry,C114,U.S. Senate,,,Over Votes,0,0,0,0,0
Perry,C114,County Judge/Executive,,,Ellis HALL,14,0,13,1,0
Perry,C114,County Judge/Executive,,,Scott ALEXANDER,69,15,52,2,0
Perry,C114,County Judge/Executive,,,Harlan CAMPBELL,19,4,15,0,0
Perry,C114,County Judge/Executive,,,Under Votes,6,0,6,0,0
Perry,C114,County Judge/Executive,,,Over Votes,0,0,0,0,0
Perry,C114,Sheriff,,,"James ""Big'Un"" JEWELL",10,2,8,0,0
Perry,C114,Sheriff,,,Jessie DAY,60,11,47,2,0
Perry,C114,Sheriff,,,Shawn WHITE,34,6,27,1,0
Perry,C114,Sheriff,,,Under Votes,4,0,4,0,0
Perry,C114,Sheriff,,,Over Votes,0,0,0,0,0
Perry,C114,Magistrate,,,Clayton CHURCH,63,11,49,3,0
Perry,C114,Magistrate,,,Kenny COLE,21,7,14,0,0
Perry,C114,Magistrate,,,Rocky MOORE,23,1,22,0,0
Perry,C114,Magistrate,,,Under Votes,1,0,1,0,0
Perry,C114,Magistrate,,,Over Votes,0,0,0,0,0
Perry,C114,Constable,,,"Eugene ""Buck"" FIELDS",79,17,59,3,0
Perry,C114,Constable,,,Dorris DEATON,24,1,23,0,0
Perry,C114,Constable,,,Under Votes,5,1,4,0,0
Perry,C114,Constable,,,Over Votes,0,0,0,0,0
