county,precinct,office,district,party,candidate,votes,early_voting,election_day,absentee_mail,absentee
Campbell,A801,U.S. Senate,,Republican,A. Nick SHELLEY,6,0,6,0,0
Campbell,A801,U.S. Senate,,Republican,Daniel CAMERON,83,9,73,0,1
Campbell,A801,U.S. Senate,,Republican,Andy BARR,158,15,138,5,0
Campbell,A801,U.S. Senate,,Republican,Anissa CATLETT,7,0,7,0,0
Campbell,A801,U.S. Senate,,Republican,"Valerie ""Dr Val"" FREDRICK",6,1,5,0,0
Campbell,A801,U.S. Senate,,Republican,Jonathan M. HOLLIDAY,0,0,0,0,0
Campbell,A801,U.S. Senate,,Republican,Other Donald WENZEL,0,0,0,0,0
Campbell,A801,U.S. Senate,,Republican,Michael James FARIS,13,3,9,0,1
Campbell,A801,U.S. Senate,,Republican,James D. DUNCAN,7,0,7,0,0
Campbell,A801,U.S. Senate,,Republican,Jimmy I. LEON,0,0,0,0,0
Campbell,A801,U.S. Senate,,Republican,George WASHINGTON,3,0,3,0,0
Campbell,A801,U.S. Senate,,,Under Votes,12,0,12,0,0
Campbell,A801,U.S. Senate,,,Over Votes,0,0,0,0,0
Campbell,A801,U.S. House,4,Republican,Thomas MASSIE,138,11,126,0,1
Campbell,A801,U.S. House,4,Republican,Ed GALLREIN,165,17,142,5,1
Campbell,A801,U.S. House,4,,Under Votes,1,0,1,0,0
Campbell,A801,U.S. House,4,,Over Votes,0,0,0,0,0
Campbell,A801,Ballots Cast,,,,384,,,,
Campbell,A801,County Judge/Executive,,,"Andrew ""Andy"" SCHABELL",192,15,171,5,1
Campbell,A801,County Judge/Executive,,,Steve PENDERY,98,13,84,0,1
Campbell,A801,County Judge/Executive,,,Under Votes,14,0,14,0,0
Campbell,A801,County Judge/Executive,,,Over Votes,0,0,0,0,0
Campbell,A801,Jailer,,,Ryan GROSSER,199,15,177,5,2
Campbell,A801,Jailer,,,Brian JENNINGS,64,11,53,0,0
Campbell,A801,Jailer,,,Under Votes,41,2,39,0,0
Campbell,A801,Jailer,,,Over Votes,0,0,0,0,0
Campbell,A801,County Commissioner 1st District,,,Brian PAINTER,141,15,122,3,1
Campbell,A801,County Commissioner 1st District,,,Dave FISCHER,128,13,112,2,1
Campbell,A801,County Commissioner 1st District,,,Under Votes,35,0,35,0,0
Campbell,A801,County Commissioner 1st District,,,Over Votes,0,0,0,0,0
Campbell,A801,Coroner,,,Mark SCHWEITZER,180,17,158,4,1
Campbell,A801,Coroner,,,Derek MYERS,91,10,79,1,1
Campbell,A801,Coroner,,,Under Votes,33,1,32,0,0
Campbell,A801,Coroner,,,Over Votes,0,0,0,0,0
Campbell,A801,Constable,,,Sean DONELAN,112,14,96,1,1
Campbell,A801,Constable,,,Ken WARDEN,131,12,116,3,0
Campbell,A801,Constable,,,Under Votes,61,2,57,1,1
Campbell,A801,Constable,,,Over Votes,0,0,0,0,0
Campbell,A801,U.S. Senate,,Democratic,Dale Lewis ROMANS,3,0,3,0,0
Campbell,A801,U.S. Senate,,Democratic,Charles BOOKER,25,2,22,1,0
Campbell,A801,U.S. Senate,,Democratic,Logan FORSYTHE,1,0,1,0,0
Campbell,A801,U.S. Senate,,Democratic,Joshua BLANTON SR.,0,0,0,0,0
Campbell,A801,U.S. Senate,,Democratic,Vincent Anthony THOMPSON,0,0,0,0,0
Campbell,A801,U.S. Senate,,Democratic,Pamela STEVENSON,4,0,4,0,0
Campbell,A801,U.S. Senate,,Democratic,Amy McGRATH,45,8,36,1,0
Campbell,A801,U.S. Senate,,,Under Votes,2,1,1,0,0
Campbell,A801,U.S. Senate,,,Over Votes,0,0,0,0,0
Campbell,A801,U.S. House,4,Democratic,Melissa Claire STRANGE,56,8,47,1,0
Campbell,A801,U.S. House,4,Democratic,Jesse Russell BREWER,21,2,18,1,0
Campbell,A801,U.S. House,4,,Under Votes,3,1,2,0,0
Campbell,A801,U.S. House,4,,Over Votes,0,0,0,0,0
Campbell,A802,U.S. Senate,,Republican,A. Nick SHELLEY,4,0,4,0,0
Campbell,A802,U.S. Senate,,Republican,Daniel CAMERON,52,7,42,2,1
Campbell,A802,U.S. Senate,,Republican,Andy BARR,114,12,99,3,0
Campbell,A802,U.S. Senate,,Republican,Anissa CATLETT,2,0,1,0,1
Campbell,A802,U.S. Senate,,Republican,"Valerie ""Dr Val"" FREDRICK",1,0,1,0,0
Campbell,A802,U.S. Senate,,Republican,Jonathan M. HOLLIDAY,4,0,4,0,0
Campbell,A802,U.S. Senate,,Republican,Other Donald WENZEL,2,0,2,0,0
Campbell,A802,U.S. Senate,,Republican,Michael James FARIS,5,0,5,0,0
Campbell,A802,U.S. Senate,,Republican,James D. DUNCAN,2,0,2,0,0
Campbell,A802,U.S. Senate,,Republican,Jimmy I. LEON,0,0,0,0,0
Campbell,A802,U.S. Senate,,Republican,George WASHINGTON,6,1,5,0,0
Campbell,A802,U.S. Senate,,,Under Votes,7,0,7,0,0
Campbell,A802,U.S. Senate,,,Over Votes,0,0,0,0,0
Campbell,A802,U.S. House,4,Republican,Thomas MASSIE,79,4,72,1,2
Campbell,A802,U.S. House,4,Republican,Ed GALLREIN,126,17,103,4,2
Campbell,A802,U.S. House,4,,Under Votes,3,0,3,0,0
Campbell,A802,U.S. House,4,,Over Votes,0,0,0,0,0
Campbell,A802,Ballots Cast,,,,283,,,,
Campbell,A802,County Judge/Executive,,,"Andrew ""Andy"" SCHABELL",136,15,116,2,3
Campbell,A802,County Judge/Executive,,,Steve PENDERY,60,5,51,3,1
Campbell,A802,County Judge/Executive,,,Under Votes,12,1,11,0,0
Campbell,A802,County Judge/Executive,,,Over Votes,0,0,0,0,0
Campbell,A802,Jailer,,,Ryan GROSSER,149,16,129,4,0
Campbell,A802,Jailer,,,Brian JENNINGS,41,3,33,1,4
Campbell,A802,Jailer,,,Under Votes,18,2,16,0,0
Campbell,A802,Jailer,,,Over Votes,0,0,0,0,0
Campbell,A802,County Commissioner 1st District,,,Brian PAINTER,122,11,105,3,3
Campbell,A802,County Commissioner 1st District,,,Dave FISCHER,70,7,60,2,1
Campbell,A802,County Commissioner 1st District,,,Under Votes,16,3,13,0,0
Campbell,A802,County Commissioner 1st District,,,Over Votes,0,0,0,0,0
Campbell,A802,Coroner,,,Mark SCHWEITZER,131,11,114,4,2
Campbell,A802,Coroner,,,Derek MYERS,60,9,48,1,2
Campbell,A802,Coroner,,,Under Votes,17,1,16,0,0
Campbell,A802,Coroner,,,Over Votes,0,0,0,0,0
Campbell,A802,Constable,,,Sean DONELAN,89,10,77,0,2
Campbell,A802,Constable,,,Ken WARDEN,85,5,74,5,1
Campbell,A802,Constable,,,Under Votes,34,6,27,0,1
Campbell,A802,Constable,,,Over Votes,0,0,0,0,0
Campbell,A802,U.S. Senate,,Democratic,Dale Lewis ROMANS,1,1,0,0,0
Campbell,A802,U.S. Senate,,Democratic,Charles BOOKER,22,2,20,0,0
Campbell,A802,U.S. Senate,,Democratic,Logan FORSYTHE,3,0,3,0,0
Campbell,A802,U.S. Senate,,Democratic,Joshua BLANTON SR.,2,0,2,0,0
Campbell,A802,U.S. Senate,,Democratic,Vincent Anthony THOMPSON,1,0,1,0,0
Campbell,A802,U.S. Senate,,Democratic,Pamela STEVENSON,3,0,3,0,0
Campbell,A802,U.S. Senate,,Democratic,Amy McGRATH,43,7,36,0,0
Campbell,A802,U.S. Senate,,,Under Votes,0,0,0,0,0
Campbell,A802,U.S. Senate,,,Over Votes,0,0,0,0,0
Campbell,A802,U.S. House,4,Democratic,Melissa Claire STRANGE,56,8,48,0,0
Campbell,A802,U.S. House,4,Democratic,Jesse Russell BREWER,17,1,16,0,0
Campbell,A802,U.S. House,4,,Under Votes,2,1,1,0,0
Campbell,A802,U.S. House,4,,Over Votes,0,0,0,0,0
Campbell,B803,U.S. Senate,,Republican,A. Nick SHELLEY,10,1,9,0,0
Campbell,B803,U.S. Senate,,Republican,Daniel CAMERON,137,18,112,5,2
Campbell,B803,U.S. Senate,,Republican,Andy BARR,314,59,246,8,1
Campbell,B803,U.S. Senate,,Republican,Anissa CATLETT,11,3,8,0,0
Campbell,B803,U.S. Senate,,Republican,"Valerie ""Dr Val"" FREDRICK",12,0,12,0,0
Campbell,B803,U.S. Senate,,Republican,Jonathan M. HOLLIDAY,7,1,6,0,0
Campbell,B803,U.S. Senate,,Republican,Other Donald WENZEL,0,0,0,0,0
Campbell,B803,U.S. Senate,,Republican,Michael James FARIS,14,2,12,0,0
Campbell,B803,U.S. Senate,,Republican,James D. DUNCAN,5,1,4,0,0
Campbell,B803,U.S. Senate,,Republican,Jimmy I. LEON,0,0,0,0,0
Campbell,B803,U.S. Senate,,Republican,George WASHINGTON,8,2,6,0,0
Campbell,B803,U.S. Senate,,,Under Votes,23,4,19,0,0
Campbell,B803,U.S. Senate,,,Over Votes,2,0,0,2,0
Campbell,B803,U.S. House,4,Republican,Thomas MASSIE,242,37,201,4,0
Campbell,B803,U.S. House,4,Republican,Ed GALLREIN,308,56,234,15,3
Campbell,B803,U.S. House,4,,Under Votes,10,3,6,1,0
Campbell,B803,U.S. House,4,,Over Votes,0,0,0,0,0
Campbell,B803,Ballots Cast,,,,798,,,,
Campbell,B803,County Judge/Executive,,,"Andrew ""Andy"" SCHABELL",311,56,244,9,2
Campbell,B803,County Judge/Executive,,,Steve PENDERY,217,38,167,11,1
Campbell,B803,County Judge/Executive,,,Under Votes,32,2,30,0,0
Campbell,B803,County Judge/Executive,,,Over Votes,0,0,0,0,0
Campbell,B803,Jailer,,,Ryan GROSSER,364,66,285,11,2
Campbell,B803,Jailer,,,Brian JENNINGS,104,19,79,5,1
Campbell,B803,Jailer,,,Under Votes,91,11,76,4,0
Campbell,B803,Jailer,,,Over Votes,1,0,1,0,0
Campbell,B803,County Commissioner 1st District,,,Brian PAINTER,286,58,216,11,1
Campbell,B803,County Commissioner 1st District,,,Dave FISCHER,204,34,163,5,2
Campbell,B803,County Commissioner 1st District,,,Under Votes,70,4,62,4,0
Campbell,B803,County Commissioner 1st District,,,Over Votes,0,0,0,0,0
Campbell,B803,Coroner,,,Mark SCHWEITZER,332,57,260,13,2
Campbell,B803,Coroner,,,Derek MYERS,162,33,123,5,1
Campbell,B803,Coroner,,,Under Votes,66,6,58,2,0
Campbell,B803,Coroner,,,Over Votes,0,0,0,0,0
Campbell,B803,U.S. Senate,,Democratic,Dale Lewis ROMANS,1,0,1,0,0
Campbell,B803,U.S. Senate,,Democratic,Charles BOOKER,95,11,84,0,0
Campbell,B803,U.S. Senate,,Democratic,Logan FORSYTHE,4,1,3,0,0
Campbell,B803,U.S. Senate,,Democratic,Joshua BLANTON SR.,0,0,0,0,0
Campbell,B803,U.S. Senate,,Democratic,Vincent Anthony THOMPSON,5,1,4,0,0
Campbell,B803,U.S. Senate,,Democratic,Pamela STEVENSON,9,1,8,0,0
Campbell,B803,U.S. Senate,,Democratic,Amy McGRATH,119,35,78,5,1
Campbell,B803,U.S. Senate,,,Under Votes,5,0,5,0,0
Campbell,B803,U.S. Senate,,,Over Votes,0,0,0,0,0
Campbell,B803,U.S. House,4,Democratic,Melissa Claire STRANGE,177,38,135,3,1
Campbell,B803,U.S. House,4,Democratic,Jesse Russell BREWER,50,10,38,2,0
Campbell,B803,U.S. House,4,,Under Votes,11,1,10,0,0
Campbell,B803,U.S. House,4,,Over Votes,0,0,0,0,0
Campbell,A804,U.S. Senate,,Republican,A. Nick SHELLEY,7,0,7,0,0
Campbell,A804,U.S. Senate,,Republican,Daniel CAMERON,147,10,137,0,0
Campbell,A804,U.S. Senate,,Republican,Andy BARR,309,29,276,3,1
Campbell,A804,U.S. Senate,,Republican,Anissa CATLETT,11,1,10,0,0
Campbell,A804,U.S. Senate,,Republican,"Valerie ""Dr Val"" FREDRICK",12,1,11,0,0
Campbell,A804,U.S. Senate,,Republican,Jonathan M. HOLLIDAY,2,0,2,0,0
Campbell,A804,U.S. Senate,,Republican,Other Donald WENZEL,1,0,1,0,0
Campbell,A804,U.S. Senate,,Republican,Michael James FARIS,24,4,20,0,0
Campbell,A804,U.S. Senate,,Republican,James D. DUNCAN,6,0,6,0,0
Campbell,A804,U.S. Senate,,Republican,Jimmy I. LEON,1,0,1,0,0
Campbell,A804,U.S. Senate,,Republican,George WASHINGTON,9,3,5,1,0
Campbell,A804,U.S. Senate,,,Under Votes,20,1,19,0,0
Campbell,A804,U.S. Senate,,,Over Votes,0,0,0,0,0
Campbell,A804,U.S. House,4,Republican,Thomas MASSIE,253,24,226,3,0
Campbell,A804,U.S. House,4,Republican,Ed GALLREIN,313,24,283,4,2
Campbell,A804,U.S. House,4,,Under Votes,6,1,5,0,0
Campbell,A804,U.S. House,4,,Over Votes,0,0,0,0,0
Campbell,A804,Ballots Cast,,,,731,,,,
Campbell,A804,County Judge/Executive,,,"Andrew ""Andy"" SCHABELL",366,30,329,5,2
Campbell,A804,County Judge/Executive,,,Steve PENDERY,177,15,160,2,0
Campbell,A804,County Judge/Executive,,,Under Votes,29,4,25,0,0
Campbell,A804,County Judge/Executive,,,Over Votes,0,0,0,0,0
Campbell,A804,Jailer,,,Ryan GROSSER,371,27,339,4,1
Campbell,A804,Jailer,,,Brian JENNINGS,145,15,126,3,1
Campbell,A804,Jailer,,,Under Votes,56,7,49,0,0
Campbell,A804,Jailer,,,Over Votes,0,0,0,0,0
Campbell,A804,County Commissioner 1st District,,,Brian PAINTER,357,38,313,4,2
Campbell,A804,County Commissioner 1st District,,,Dave FISCHER,171,5,163,3,0
Campbell,A804,County Commissioner 1st District,,,Under Votes,44,6,38,0,0
Campbell,A804,County Commissioner 1st District,,,Over Votes,0,0,0,0,0
Campbell,A804,Coroner,,,Mark SCHWEITZER,374,35,332,5,2
Campbell,A804,Coroner,,,Derek MYERS,157,9,146,2,0
Campbell,A804,Coroner,,,Under Votes,41,5,36,0,0
Campbell,A804,Coroner,,,Over Votes,0,0,0,0,0
Campbell,A804,Constable,,,Sean DONELAN,222,16,200,5,1
Campbell,A804,Constable,,,Ken WARDEN,246,25,219,1,1
Campbell,A804,Constable,,,Under Votes,104,8,95,1,0
Campbell,A804,Constable,,,Over Votes,0,0,0,0,0
Campbell,A804,U.S. Senate,,Democratic,Dale Lewis ROMANS,2,0,2,0,0
Campbell,A804,U.S. Senate,,Democratic,Charles BOOKER,54,1,52,0,1
Campbell,A804,U.S. Senate,,Democratic,Logan FORSYTHE,4,0,4,0,0
Campbell,A804,U.S. Senate,,Democratic,Joshua BLANTON SR.,3,2,1,0,0
Campbell,A804,U.S. Senate,,Democratic,Vincent Anthony THOMPSON,2,0,2,0,0
Campbell,A804,U.S. Senate,,Democratic,Pamela STEVENSON,8,0,8,0,0
Campbell,A804,U.S. Senate,,Democratic,Amy McGRATH,80,8,70,1,1
Campbell,A804,U.S. Senate,,,Under Votes,6,0,6,0,0
Campbell,A804,U.S. Senate,,,Over Votes,0,0,0,0,0
Campbell,A804,U.S. House,4,Democratic,Melissa Claire STRANGE,109,10,98,1,0
Campbell,A804,U.S. House,4,Democratic,Jesse Russell BREWER,38,1,36,0,1
Campbell,A804,U.S. House,4,,Under Votes,12,0,11,0,1
Campbell,A804,U.S. House,4,,Over Votes,0,0,0,0,0
Campbell,B806,U.S. Senate,,Republican,A. Nick SHELLEY,7,1,6,0,0
Campbell,B806,U.S. Senate,,Republican,Daniel CAMERON,136,13,123,0,0
Campbell,B806,U.S. Senate,,Republican,Andy BARR,246,46,196,1,3
Campbell,B806,U.S. Senate,,Republican,Anissa CATLETT,8,1,7,0,0
Campbell,B806,U.S. Senate,,Republican,"Valerie ""Dr Val"" FREDRICK",3,0,3,0,0
Campbell,B806,U.S. Senate,,Republican,Jonathan M. HOLLIDAY,3,0,3,0,0
Campbell,B806,U.S. Senate,,Republican,Other Donald WENZEL,0,0,0,0,0
Campbell,B806,U.S. Senate,,Republican,Michael James FARIS,10,1,9,0,0
Campbell,B806,U.S. Senate,,Republican,James D. DUNCAN,2,0,2,0,0
Campbell,B806,U.S. Senate,,Republican,Jimmy I. LEON,0,0,0,0,0
Campbell,B806,U.S. Senate,,Republican,George WASHINGTON,1,0,1,0,0
Campbell,B806,U.S. Senate,,,Under Votes,17,0,17,0,0
Campbell,B806,U.S. Senate,,,Over Votes,0,0,0,0,0
Campbell,B806,U.S. House,4,Republican,Thomas MASSIE,233,26,204,0,3
Campbell,B806,U.S. House,4,Republican,Ed GALLREIN,213,37,175,1,0
Campbell,B806,U.S. House,4,,Under Votes,4,0,4,0,0
Campbell,B806,U.S. House,4,,Over Votes,0,0,0,0,0
Campbell,B806,Ballots Cast,,,,580,,,,
Campbell,B806,County Judge/Executive,,,"Andrew ""Andy"" SCHABELL",297,45,249,1,2
Campbell,B806,County Judge/Executive,,,Steve PENDERY,135,16,118,0,1
Campbell,B806,County Judge/Executive,,,Under Votes,17,2,15,0,0
Campbell,B806,County Judge/Executive,,,Over Votes,1,0,1,0,0
Campbell,B806,Jailer,,,Ryan GROSSER,325,45,276,1,3
Campbell,B806,Jailer,,,Brian JENNINGS,79,9,70,0,0
Campbell,B806,Jailer,,,Under Votes,46,9,37,0,0
Campbell,B806,Jailer,,,Over Votes,0,0,0,0,0
Campbell,B806,County Commissioner 1st District,,,Brian PAINTER,237,30,206,1,0
Campbell,B806,County Commissioner 1st District,,,Dave FISCHER,177,28,146,0,3
Campbell,B806,County Commissioner 1st District,,,Under Votes,36,5,31,0,0
Campbell,B806,County Commissioner 1st District,,,Over Votes,0,0,0,0,0
Campbell,B806,Coroner,,,Mark SCHWEITZER,306,38,264,1,3
Campbell,B806,Coroner,,,Derek MYERS,110,19,91,0,0
Campbell,B806,Coroner,,,Under Votes,34,6,28,0,0
Campbell,B806,Coroner,,,Over Votes,0,0,0,0,0
Campbell,B806,U.S. Senate,,Democratic,Dale Lewis ROMANS,1,0,1,0,0
Campbell,B806,U.S. Senate,,Democratic,Charles BOOKER,48,5,40,2,1
Campbell,B806,U.S. Senate,,Democratic,Logan FORSYTHE,1,0,1,0,0
Campbell,B806,U.S. Senate,,Democratic,Joshua BLANTON SR.,1,0,1,0,0
Campbell,B806,U.S. Senate,,Democratic,Vincent Anthony THOMPSON,2,0,2,0,0
Campbell,B806,U.S. Senate,,Democratic,Pamela STEVENSON,4,0,2,2,0
Campbell,B806,U.S. Senate,,Democratic,Amy McGRATH,67,14,53,0,0
Campbell,B806,U.S. Senate,,,Under Votes,5,0,5,0,0
Campbell,B806,U.S. Senate,,,Over Votes,1,0,1,0,0
Campbell,B806,U.S. House,4,Democratic,Melissa Claire STRANGE,93,16,74,2,1
Campbell,B806,U.S. House,4,Democratic,Jesse Russell BREWER,28,3,23,2,0
Campbell,B806,U.S. House,4,,Under Votes,9,0,9,0,0
Campbell,B806,U.S. House,4,,Over Votes,0,0,0,0,0
Campbell,B807,U.S. Senate,,Republican,A. Nick SHELLEY,3,0,3,0,0
Campbell,B807,U.S. Senate,,Republican,Daniel CAMERON,84,4,80,0,0
Campbell,B807,U.S. Senate,,Republican,Andy BARR,130,18,110,2,0
Campbell,B807,U.S. Senate,,Republican,Anissa CATLETT,3,0,3,0,0
Campbell,B807,U.S. Senate,,Republican,"Valerie ""Dr Val"" FREDRICK",1,0,0,1,0
Campbell,B807,U.S. Senate,,Republican,Jonathan M. HOLLIDAY,3,0,3,0,0
Campbell,B807,U.S. Senate,,Republican,Other Donald WENZEL,0,0,0,0,0
Campbell,B807,U.S. Senate,,Republican,Michael James FARIS,7,1,6,0,0
Campbell,B807,U.S. Senate,,Republican,James D. DUNCAN,0,0,0,0,0
Campbell,B807,U.S. Senate,,Republican,Jimmy I. LEON,0,0,0,0,0
Campbell,B807,U.S. Senate,,Republican,George WASHINGTON,6,0,6,0,0
Campbell,B807,U.S. Senate,,,Under Votes,7,0,7,0,0
Campbell,B807,U.S. Senate,,,Over Votes,0,0,0,0,0
Campbell,B807,U.S. House,4,Republican,Thomas MASSIE,94,8,85,1,0
Campbell,B807,U.S. House,4,Republican,Ed GALLREIN,151,14,135,2,0
Campbell,B807,U.S. House,4,,Under Votes,2,1,1,0,0
Campbell,B807,U.S. House,4,,Over Votes,0,0,0,0,0
Campbell,B807,Ballots Cast,,,,319,,,,
Campbell,B807,State Representative,78,Republican,Brandon N. MONTANO,42,5,37,0,0
Campbell,B807,State Representative,78,Republican,Mark HART,163,17,144,2,0
Campbell,B807,State Representative,78,,Under Votes,42,1,40,1,0
Campbell,B807,State Representative,78,,Over Votes,0,0,0,0,0
Campbell,B807,County Judge/Executive,,,"Andrew ""Andy"" SCHABELL",156,15,140,1,0
Campbell,B807,County Judge/Executive,,,Steve PENDERY,83,8,74,1,0
Campbell,B807,County Judge/Executive,,,Under Votes,8,0,7,1,0
Campbell,B807,County Judge/Executive,,,Over Votes,0,0,0,0,0
Campbell,B807,Jailer,,,Ryan GROSSER,167,15,150,2,0
Campbell,B807,Jailer,,,Brian JENNINGS,57,7,50,0,0
Campbell,B807,Jailer,,,Under Votes,23,1,21,1,0
Campbell,B807,Jailer,,,Over Votes,0,0,0,0,0
Campbell,B807,County Commissioner 1st District,,,Brian PAINTER,127,12,113,2,0
Campbell,B807,County Commissioner 1st District,,,Dave FISCHER,95,11,84,0,0
Campbell,B807,County Commissioner 1st District,,,Under Votes,25,0,24,1,0
Campbell,B807,County Commissioner 1st District,,,Over Votes,0,0,0,0,0
Campbell,B807,Coroner,,,Mark SCHWEITZER,177,14,162,1,0
Campbell,B807,Coroner,,,Derek MYERS,58,8,49,1,0
Campbell,B807,Coroner,,,Under Votes,12,1,10,1,0
Campbell,B807,Coroner,,,Over Votes,0,0,0,0,0
Campbell,B807,U.S. Senate,,Democratic,Dale Lewis ROMANS,2,0,2,0,0
Campbell,B807,U.S. Senate,,Democratic,Charles BOOKER,15,5,10,0,0
Campbell,B807,U.S. Senate,,Democratic,Logan FORSYTHE,2,0,2,0,0
Campbell,B807,U.S. Senate,,Democratic,Joshua BLANTON SR.,2,0,2,0,0
Campbell,B807,U.S. Senate,,Democratic,Vincent Anthony THOMPSON,3,2,1,0,0
Campbell,B807,U.S. Senate,,Democratic,Pamela STEVENSON,4,1,3,0,0
Campbell,B807,U.S. Senate,,Democratic,Amy McGRATH,42,6,35,1,0
Campbell,B807,U.S. Senate,,,Under Votes,2,0,2,0,0
Campbell,B807,U.S. Senate,,,Over Votes,0,0,0,0,0
Campbell,B807,U.S. House,4,Democratic,Melissa Claire STRANGE,49,10,38,1,0
Campbell,B807,U.S. House,4,Democratic,Jesse Russell BREWER,18,4,14,0,0
Campbell,B807,U.S. House,4,,Under Votes,5,0,5,0,0
Campbell,B807,U.S. House,4,,Over Votes,0,0,0,0,0
Campbell,C201,U.S. Senate,,Republican,A. Nick SHELLEY,1,0,1,0,0
Campbell,C201,U.S. Senate,,Republican,Daniel CAMERON,50,1,48,1,0
Campbell,C201,U.S. Senate,,Republican,Andy BARR,76,3,70,3,0
Campbell,C201,U.S. Senate,,Republican,Anissa CATLETT,3,1,1,1,0
Campbell,C201,U.S. Senate,,Republican,"Valerie ""Dr Val"" FREDRICK",3,0,3,0,0
Campbell,C201,U.S. Senate,,Republican,Jonathan M. HOLLIDAY,0,0,0,0,0
Campbell,C201,U.S. Senate,,Republican,Other Donald WENZEL,0,0,0,0,0
Campbell,C201,U.S. Senate,,Republican,Michael James FARIS,12,3,9,0,0
Campbell,C201,U.S. Senate,,Republican,James D. DUNCAN,2,0,2,0,0
Campbell,C201,U.S. Senate,,Republican,Jimmy I. LEON,0,0,0,0,0
Campbell,C201,U.S. Senate,,Republican,George WASHINGTON,4,0,4,0,0
Campbell,C201,U.S. Senate,,,Under Votes,3,0,3,0,0
Campbell,C201,U.S. Senate,,,Over Votes,0,0,0,0,0
Campbell,C201,U.S. House,4,Republican,Thomas MASSIE,66,5,59,2,0
Campbell,C201,U.S. House,4,Republican,Ed GALLREIN,91,3,85,3,0
Campbell,C201,U.S. House,4,,Under Votes,2,0,2,0,0
Campbell,C201,U.S. House,4,,Over Votes,0,0,0,0,0
Campbell,C201,Ballots Cast,,,,320,,,,
Campbell,C201,County Judge/Executive,,,"Andrew ""Andy"" SCHABELL",59,2,55,2,0
Campbell,C201,County Judge/Executive,,,Steve PENDERY,73,5,66,2,0
Campbell,C201,County Judge/Executive,,,Under Votes,27,1,25,1,0
Campbell,C201,County Judge/Executive,,,Over Votes,0,0,0,0,0
Campbell,C201,Jailer,,,Ryan GROSSER,71,4,64,3,0
Campbell,C201,Jailer,,,Brian JENNINGS,43,1,42,0,0
Campbell,C201,Jailer,,,Under Votes,45,3,40,2,0
Campbell,C201,Jailer,,,Over Votes,0,0,0,0,0
Campbell,C201,County Commissioner 1st District,,,Brian PAINTER,52,1,50,1,0
Campbell,C201,County Commissioner 1st District,,,Dave FISCHER,73,5,65,3,0
Campbell,C201,County Commissioner 1st District,,,Under Votes,34,2,31,1,0
Campbell,C201,County Commissioner 1st District,,,Over Votes,0,0,0,0,0
Campbell,C201,Coroner,,,Mark SCHWEITZER,80,5,73,2,0
Campbell,C201,Coroner,,,Derek MYERS,42,1,40,1,0
Campbell,C201,Coroner,,,Under Votes,37,2,33,2,0
Campbell,C201,Coroner,,,Over Votes,0,0,0,0,0
Campbell,C201,U.S. Senate,,Democratic,Dale Lewis ROMANS,4,0,2,2,0
Campbell,C201,U.S. Senate,,Democratic,Charles BOOKER,88,4,83,1,0
Campbell,C201,U.S. Senate,,Democratic,Logan FORSYTHE,1,0,1,0,0
Campbell,C201,U.S. Senate,,Democratic,Joshua BLANTON SR.,1,0,1,0,0
Campbell,C201,U.S. Senate,,Democratic,Vincent Anthony THOMPSON,2,0,2,0,0
Campbell,C201,U.S. Senate,,Democratic,Pamela STEVENSON,10,2,7,1,0
Campbell,C201,U.S. Senate,,Democratic,Amy McGRATH,52,5,46,1,0
Campbell,C201,U.S. Senate,,,Under Votes,2,0,2,0,0
Campbell,C201,U.S. Senate,,,Over Votes,1,0,0,1,0
Campbell,C201,U.S. House,4,Democratic,Melissa Claire STRANGE,127,11,110,6,0
Campbell,C201,U.S. House,4,Democratic,Jesse Russell BREWER,31,0,31,0,0
Campbell,C201,U.S. House,4,,Under Votes,3,0,3,0,0
Campbell,C201,U.S. House,4,,Over Votes,0,0,0,0,0
Campbell,C202,U.S. Senate,,Republican,A. Nick SHELLEY,0,0,0,0,0
Campbell,C202,U.S. Senate,,Republican,Daniel CAMERON,36,1,35,0,0
Campbell,C202,U.S. Senate,,Republican,Andy BARR,49,2,47,0,0
Campbell,C202,U.S. Senate,,Republican,Anissa CATLETT,1,1,0,0,0
Campbell,C202,U.S. Senate,,Republican,"Valerie ""Dr Val"" FREDRICK",0,0,0,0,0
Campbell,C202,U.S. Senate,,Republican,Jonathan M. HOLLIDAY,0,0,0,0,0
Campbell,C202,U.S. Senate,,Republican,Other Donald WENZEL,0,0,0,0,0
Campbell,C202,U.S. Senate,,Republican,Michael James FARIS,4,0,4,0,0
Campbell,C202,U.S. Senate,,Republican,James D. DUNCAN,2,0,2,0,0
Campbell,C202,U.S. Senate,,Republican,Jimmy I. LEON,0,0,0,0,0
Campbell,C202,U.S. Senate,,Republican,George WASHINGTON,3,0,3,0,0
Campbell,C202,U.S. Senate,,,Under Votes,7,0,7,0,0
Campbell,C202,U.S. Senate,,,Over Votes,0,0,0,0,0
Campbell,C202,U.S. House,4,Republican,Thomas MASSIE,52,4,48,0,0
Campbell,C202,U.S. House,4,Republican,Ed GALLREIN,57,0,56,1,0
Campbell,C202,U.S. House,4,,Under Votes,0,0,0,0,0
Campbell,C202,U.S. House,4,,Over Votes,0,0,0,0,0
Campbell,C202,Ballots Cast,,,,194,,,,
Campbell,C202,County Judge/Executive,,,"Andrew ""Andy"" SCHABELL",35,2,32,1,0
Campbell,C202,County Judge/Executive,,,Steve PENDERY,63,2,61,0,0
Campbell,C202,County Judge/Executive,,,Under Votes,11,0,11,0,0
Campbell,C202,County Judge/Executive,,,Over Votes,0,0,0,0,0
Campbell,C202,Jailer,,,Ryan GROSSER,63,4,58,1,0
Campbell,C202,Jailer,,,Brian JENNINGS,26,0,26,0,0
Campbell,C202,Jailer,,,Under Votes,20,0,20,0,0
Campbell,C202,Jailer,,,Over Votes,0,0,0,0,0
Campbell,C202,County Commissioner 1st District,,,Brian PAINTER,35,1,34,0,0
Campbell,C202,County Commissioner 1st District,,,Dave FISCHER,54,3,50,1,0
Campbell,C202,County Commissioner 1st District,,,Under Votes,20,0,20,0,0
Campbell,C202,County Commissioner 1st District,,,Over Votes,0,0,0,0,0
Campbell,C202,Coroner,,,Mark SCHWEITZER,56,2,53,1,0
Campbell,C202,Coroner,,,Derek MYERS,42,2,40,0,0
Campbell,C202,Coroner,,,Under Votes,11,0,11,0,0
Campbell,C202,Coroner,,,Over Votes,0,0,0,0,0
Campbell,C202,U.S. Senate,,Democratic,Dale Lewis ROMANS,1,0,1,0,0
Campbell,C202,U.S. Senate,,Democratic,Charles BOOKER,43,1,40,1,1
Campbell,C202,U.S. Senate,,Democratic,Logan FORSYTHE,4,2,1,1,0
Campbell,C202,U.S. Senate,,Democratic,Joshua BLANTON SR.,1,0,1,0,0
Campbell,C202,U.S. Senate,,Democratic,Vincent Anthony THOMPSON,0,0,0,0,0
Campbell,C202,U.S. Senate,,Democratic,Pamela STEVENSON,2,0,2,0,0
Campbell,C202,U.S. Senate,,Democratic,Amy McGRATH,33,3,27,3,0
Campbell,C202,U.S. Senate,,,Under Votes,1,0,1,0,0
Campbell,C202,U.S. Senate,,,Over Votes,0,0,0,0,0
Campbell,C202,U.S. House,4,Democratic,Melissa Claire STRANGE,63,3,56,3,1
Campbell,C202,U.S. House,4,Democratic,Jesse Russell BREWER,19,3,14,2,0
Campbell,C202,U.S. House,4,,Under Votes,3,0,3,0,0
Campbell,C202,U.S. House,4,,Over Votes,0,0,0,0,0
Campbell,C203,U.S. Senate,,Republican,A. Nick SHELLEY,2,0,2,0,0
Campbell,C203,U.S. Senate,,Republican,Daniel CAMERON,56,3,53,0,0
Campbell,C203,U.S. Senate,,Republican,Andy BARR,117,7,106,2,2
Campbell,C203,U.S. Senate,,Republican,Anissa CATLETT,2,0,2,0,0
Campbell,C203,U.S. Senate,,Republican,"Valerie ""Dr Val"" FREDRICK",3,1,2,0,0
Campbell,C203,U.S. Senate,,Republican,Jonathan M. HOLLIDAY,0,0,0,0,0
Campbell,C203,U.S. Senate,,Republican,Other Donald WENZEL,0,0,0,0,0
Campbell,C203,U.S. Senate,,Republican,Michael James FARIS,9,2,7,0,0
Campbell,C203,U.S. Senate,,Republican,James D. DUNCAN,4,0,4,0,0
Campbell,C203,U.S. Senate,,Republican,Jimmy I. LEON,1,1,0,0,0
Campbell,C203,U.S. Senate,,Republican,George WASHINGTON,5,1,4,0,0
Campbell,C203,U.S. Senate,,,Under Votes,14,1,13,0,0
Campbell,C203,U.S. Senate,,,Over Votes,0,0,0,0,0
Campbell,C203,U.S. House,4,Republican,Thomas MASSIE,108,11,95,0,2
Campbell,C203,U.S. House,4,Republican,Ed GALLREIN,108,6,100,2,0
Campbell,C203,U.S. House,4,,Under Votes,1,0,1,0,0
Campbell,C203,U.S. House,4,,Over Votes,0,0,0,0,0
Campbell,C203,Ballots Cast,,,,466,,,,
Campbell,C203,County Judge/Executive,,,"Andrew ""Andy"" SCHABELL",80,6,73,1,0
Campbell,C203,County Judge/Executive,,,Steve PENDERY,110,8,99,1,2
Campbell,C203,County Judge/Executive,,,Under Votes,27,3,24,0,0
Campbell,C203,County Judge/Executive,,,Over Votes,0,0,0,0,0
Campbell,C203,Jailer,,,Ryan GROSSER,121,10,108,1,2
Campbell,C203,Jailer,,,Brian JENNINGS,54,2,52,0,0
Campbell,C203,Jailer,,,Under Votes,42,5,36,1,0
Campbell,C203,Jailer,,,Over Votes,0,0,0,0,0
Campbell,C203,County Commissioner 1st District,,,Brian PAINTER,84,8,75,1,0
Campbell,C203,County Commissioner 1st District,,,Dave FISCHER,97,6,88,1,2
Campbell,C203,County Commissioner 1st District,,,Under Votes,36,3,33,0,0
Campbell,C203,County Commissioner 1st District,,,Over Votes,0,0,0,0,0
Campbell,C203,Coroner,,,Mark SCHWEITZER,121,6,112,2,1
Campbell,C203,Coroner,,,Derek MYERS,63,7,55,0,1
Campbell,C203,Coroner,,,Under Votes,33,4,29,0,0
Campbell,C203,Coroner,,,Over Votes,0,0,0,0,0
Campbell,C203,U.S. Senate,,Democratic,Dale Lewis ROMANS,6,0,5,1,0
Campbell,C203,U.S. Senate,,Democratic,Charles BOOKER,133,12,116,4,1
Campbell,C203,U.S. Senate,,Democratic,Logan FORSYTHE,7,1,5,0,1
Campbell,C203,U.S. Senate,,Democratic,Joshua BLANTON SR.,2,0,2,0,0
Campbell,C203,U.S. Senate,,Democratic,Vincent Anthony THOMPSON,1,0,1,0,0
Campbell,C203,U.S. Senate,,Democratic,Pamela STEVENSON,8,2,5,1,0
Campbell,C203,U.S. Senate,,Democratic,Amy McGRATH,90,3,82,1,4
Campbell,C203,U.S. Senate,,,Under Votes,2,0,2,0,0
Campbell,C203,U.S. Senate,,,Over Votes,0,0,0,0,0
Campbell,C203,U.S. House,4,Democratic,Melissa Claire STRANGE,195,13,170,6,6
Campbell,C203,U.S. House,4,Democratic,Jesse Russell BREWER,43,4,38,1,0
Campbell,C203,U.S. House,4,,Under Votes,11,1,10,0,0
Campbell,C203,U.S. House,4,,Over Votes,0,0,0,0,0
Campbell,A906,U.S. Senate,,Republican,A. Nick SHELLEY,5,0,5,0,0
Campbell,A906,U.S. Senate,,Republican,Daniel CAMERON,75,8,66,1,0
Campbell,A906,U.S. Senate,,Republican,Andy BARR,142,12,127,2,1
Campbell,A906,U.S. Senate,,Republican,Anissa CATLETT,3,0,3,0,0
Campbell,A906,U.S. Senate,,Republican,"Valerie ""Dr Val"" FREDRICK",2,1,1,0,0
Campbell,A906,U.S. Senate,,Republican,Jonathan M. HOLLIDAY,1,0,1,0,0
Campbell,A906,U.S. Senate,,Republican,Other Donald WENZEL,0,0,0,0,0
Campbell,A906,U.S. Senate,,Republican,Michael James FARIS,10,0,10,0,0
Campbell,A906,U.S. Senate,,Republican,James D. DUNCAN,4,1,3,0,0
Campbell,A906,U.S. Senate,,Republican,Jimmy I. LEON,0,0,0,0,0
Campbell,A906,U.S. Senate,,Republican,George WASHINGTON,11,0,11,0,0
Campbell,A906,U.S. Senate,,,Under Votes,11,3,8,0,0
Campbell,A906,U.S. Senate,,,Over Votes,1,0,0,1,0
Campbell,A906,U.S. House,4,Republican,Thomas MASSIE,129,12,115,1,1
Campbell,A906,U.S. House,4,Republican,Ed GALLREIN,142,15,124,3,0
Campbell,A906,U.S. House,4,,Under Votes,2,0,2,0,0
Campbell,A906,U.S. House,4,,Over Votes,0,0,0,0,0
Campbell,A906,Ballots Cast,,,,376,,,,
Campbell,A906,County Judge/Executive,,,"Andrew ""Andy"" SCHABELL",160,16,139,4,1
Campbell,A906,County Judge/Executive,,,Steve PENDERY,102,10,92,0,0
Campbell,A906,County Judge/Executive,,,Under Votes,11,1,10,0,0
Campbell,A906,County Judge/Executive,,,Over Votes,0,0,0,0,0
Campbell,A906,Jailer,,,Ryan GROSSER,162,16,143,2,1
Campbell,A906,Jailer,,,Brian JENNINGS,71,8,61,2,0
Campbell,A906,Jailer,,,Under Votes,40,3,37,0,0
Campbell,A906,Jailer,,,Over Votes,0,0,0,0,0
Campbell,A906,County Commissioner 1st District,,,Brian PAINTER,153,15,137,1,0
Campbell,A906,County Commissioner 1st District,,,Dave FISCHER,100,12,84,3,1
Campbell,A906,County Commissioner 1st District,,,Under Votes,20,0,20,0,0
Campbell,A906,County Commissioner 1st District,,,Over Votes,0,0,0,0,0
Campbell,A906,Coroner,,,Mark SCHWEITZER,176,20,154,1,1
Campbell,A906,Coroner,,,Derek MYERS,73,7,63,3,0
Campbell,A906,Coroner,,,Under Votes,24,0,24,0,0
Campbell,A906,Coroner,,,Over Votes,0,0,0,0,0
Campbell,A906,Constable,,,Sean DONELAN,119,15,102,1,1
Campbell,A906,Constable,,,Ken WARDEN,104,8,93,3,0
Campbell,A906,Constable,,,Under Votes,49,4,45,0,0
Campbell,A906,Constable,,,Over Votes,1,0,1,0,0
Campbell,A906,U.S. Senate,,Democratic,Dale Lewis ROMANS,1,0,1,0,0
Campbell,A906,U.S. Senate,,Democratic,Charles BOOKER,21,0,19,0,2
Campbell,A906,U.S. Senate,,Democratic,Logan FORSYTHE,0,0,0,0,0
Campbell,A906,U.S. Senate,,Democratic,Joshua BLANTON SR.,2,0,2,0,0
Campbell,A906,U.S. Senate,,Democratic,Vincent Anthony THOMPSON,1,0,1,0,0
Campbell,A906,U.S. Senate,,Democratic,Pamela STEVENSON,8,0,8,0,0
Campbell,A906,U.S. Senate,,Democratic,Amy McGRATH,64,1,62,0,1
Campbell,A906,U.S. Senate,,,Under Votes,6,0,6,0,0
Campbell,A906,U.S. Senate,,,Over Votes,0,0,0,0,0
Campbell,A906,U.S. House,4,Democratic,Melissa Claire STRANGE,60,0,57,0,3
Campbell,A906,U.S. House,4,Democratic,Jesse Russell BREWER,32,1,31,0,0
Campbell,A906,U.S. House,4,,Under Votes,11,0,11,0,0
Campbell,A906,U.S. House,4,,Over Votes,0,0,0,0,0
Campbell,B905,U.S. Senate,,Republican,A. Nick SHELLEY,3,1,2,0,0
Campbell,B905,U.S. Senate,,Republican,Daniel CAMERON,145,19,126,0,0
Campbell,B905,U.S. Senate,,Republican,Andy BARR,255,37,215,3,0
Campbell,B905,U.S. Senate,,Republican,Anissa CATLETT,2,0,1,1,0
Campbell,B905,U.S. Senate,,Republican,"Valerie ""Dr Val"" FREDRICK",7,1,6,0,0
Campbell,B905,U.S. Senate,,Republican,Jonathan M. HOLLIDAY,1,0,1,0,0
Campbell,B905,U.S. Senate,,Republican,Other Donald WENZEL,1,0,1,0,0
Campbell,B905,U.S. Senate,,Republican,Michael James FARIS,11,0,11,0,0
Campbell,B905,U.S. Senate,,Republican,James D. DUNCAN,3,2,1,0,0
Campbell,B905,U.S. Senate,,Republican,Jimmy I. LEON,0,0,0,0,0
Campbell,B905,U.S. Senate,,Republican,George WASHINGTON,8,0,8,0,0
Campbell,B905,U.S. Senate,,,Under Votes,20,1,19,0,0
Campbell,B905,U.S. Senate,,,Over Votes,0,0,0,0,0
Campbell,B905,U.S. House,4,Republican,Thomas MASSIE,192,19,171,2,0
Campbell,B905,U.S. House,4,Republican,Ed GALLREIN,271,41,228,2,0
Campbell,B905,U.S. House,4,,Under Votes,5,1,4,0,0
Campbell,B905,U.S. House,4,,Over Votes,0,0,0,0,0
Campbell,B905,Ballots Cast,,,,576,,,,
Campbell,B905,State Representative,78,Republican,Brandon N. MONTANO,80,13,66,1,0
Campbell,B905,State Representative,78,Republican,Mark HART,303,35,265,3,0
Campbell,B905,State Representative,78,,Under Votes,85,13,72,0,0
Campbell,B905,State Representative,78,,Over Votes,0,0,0,0,0
Campbell,B905,County Judge/Executive,,,"Andrew ""Andy"" SCHABELL",293,35,256,2,0
Campbell,B905,County Judge/Executive,,,Steve PENDERY,152,24,126,2,0
Campbell,B905,County Judge/Executive,,,Under Votes,23,2,21,0,0
Campbell,B905,County Judge/Executive,,,Over Votes,0,0,0,0,0
Campbell,B905,Jailer,,,Ryan GROSSER,300,42,255,3,0
Campbell,B905,Jailer,,,Brian JENNINGS,99,13,85,1,0
Campbell,B905,Jailer,,,Under Votes,69,6,63,0,0
Campbell,B905,Jailer,,,Over Votes,0,0,0,0,0
Campbell,B905,County Commissioner 1st District,,,Brian PAINTER,264,38,223,3,0
Campbell,B905,County Commissioner 1st District,,,Dave FISCHER,158,20,137,1,0
Campbell,B905,County Commissioner 1st District,,,Under Votes,44,3,41,0,0
Campbell,B905,County Commissioner 1st District,,,Over Votes,2,0,2,0,0
Campbell,B905,Coroner,,,Mark SCHWEITZER,300,41,255,4,0
Campbell,B905,Coroner,,,Derek MYERS,127,15,112,0,0
Campbell,B905,Coroner,,,Under Votes,40,4,36,0,0
Campbell,B905,Coroner,,,Over Votes,1,1,0,0,0
Campbell,B905,U.S. Senate,,Democratic,Dale Lewis ROMANS,1,1,0,0,0
Campbell,B905,U.S. Senate,,Democratic,Charles BOOKER,39,6,33,0,0
Campbell,B905,U.S. Senate,,Democratic,Logan FORSYTHE,3,1,2,0,0
Campbell,B905,U.S. Senate,,Democratic,Joshua BLANTON SR.,2,0,2,0,0
Campbell,B905,U.S. Senate,,Democratic,Vincent Anthony THOMPSON,3,0,3,0,0
Campbell,B905,U.S. Senate,,Democratic,Pamela STEVENSON,4,2,2,0,0
Campbell,B905,U.S. Senate,,Democratic,Amy McGRATH,53,6,44,3,0
Campbell,B905,U.S. Senate,,,Under Votes,2,0,2,0,0
Campbell,B905,U.S. Senate,,,Over Votes,1,0,1,0,0
Campbell,B905,U.S. House,4,Democratic,Melissa Claire STRANGE,79,15,63,1,0
Campbell,B905,U.S. House,4,Democratic,Jesse Russell BREWER,25,1,22,2,0
Campbell,B905,U.S. House,4,,Under Votes,3,0,3,0,0
Campbell,B905,U.S. House,4,,Over Votes,1,0,1,0,0
Campbell,A701,U.S. Senate,,Republican,A. Nick SHELLEY,1,0,1,0,0
Campbell,A701,U.S. Senate,,Republican,Daniel CAMERON,56,11,44,0,1
Campbell,A701,U.S. Senate,,Republican,Andy BARR,117,18,98,1,0
Campbell,A701,U.S. Senate,,Republican,Anissa CATLETT,0,0,0,0,0
Campbell,A701,U.S. Senate,,Republican,"Valerie ""Dr Val"" FREDRICK",3,0,3,0,0
Campbell,A701,U.S. Senate,,Republican,Jonathan M. HOLLIDAY,1,1,0,0,0
Campbell,A701,U.S. Senate,,Republican,Other Donald WENZEL,0,0,0,0,0
Campbell,A701,U.S. Senate,,Republican,Michael James FARIS,4,0,4,0,0
Campbell,A701,U.S. Senate,,Republican,James D. DUNCAN,2,0,2,0,0
Campbell,A701,U.S. Senate,,Republican,Jimmy I. LEON,0,0,0,0,0
Campbell,A701,U.S. Senate,,Republican,George WASHINGTON,3,0,3,0,0
Campbell,A701,U.S. Senate,,,Under Votes,16,1,15,0,0
Campbell,A701,U.S. Senate,,,Over Votes,0,0,0,0,0
Campbell,A701,U.S. House,4,Republican,Thomas MASSIE,111,19,91,0,1
Campbell,A701,U.S. House,4,Republican,Ed GALLREIN,92,12,79,1,0
Campbell,A701,U.S. House,4,,Under Votes,3,0,3,0,0
Campbell,A701,U.S. House,4,,Over Votes,0,0,0,0,0
Campbell,A701,Ballots Cast,,,,304,,,,
Campbell,A701,County Judge/Executive,,,"Andrew ""Andy"" SCHABELL",103,19,84,0,0
Campbell,A701,County Judge/Executive,,,Steve PENDERY,90,12,76,1,1
Campbell,A701,County Judge/Executive,,,Under Votes,13,0,13,0,0
Campbell,A701,County Judge/Executive,,,Over Votes,0,0,0,0,0
Campbell,A701,Jailer,,,Ryan GROSSER,137,22,113,1,1
Campbell,A701,Jailer,,,Brian JENNINGS,33,7,26,0,0
Campbell,A701,Jailer,,,Under Votes,36,2,34,0,0
Campbell,A701,Jailer,,,Over Votes,0,0,0,0,0
Campbell,A701,County Commissioner 1st District,,,Brian PAINTER,86,14,71,1,0
Campbell,A701,County Commissioner 1st District,,,Dave FISCHER,95,15,79,0,1
Campbell,A701,County Commissioner 1st District,,,Under Votes,24,2,22,0,0
Campbell,A701,County Commissioner 1st District,,,Over Votes,1,0,1,0,0
Campbell,A701,Coroner,,,Mark SCHWEITZER,128,18,109,1,0
Campbell,A701,Coroner,,,Derek MYERS,56,11,45,0,0
Campbell,A701,Coroner,,,Under Votes,22,2,19,0,1
Campbell,A701,Coroner,,,Over Votes,0,0,0,0,0
Campbell,A701,Constable,,,Sean DONELAN,90,16,74,0,0
Campbell,A701,Constable,,,Ken WARDEN,74,11,62,1,0
Campbell,A701,Constable,,,Under Votes,41,4,36,0,1
Campbell,A701,Constable,,,Over Votes,1,0,1,0,0
Campbell,A701,U.S. Senate,,Democratic,Dale Lewis ROMANS,3,1,2,0,0
Campbell,A701,U.S. Senate,,Democratic,Charles BOOKER,29,3,23,3,0
Campbell,A701,U.S. Senate,,Democratic,Logan FORSYTHE,3,0,3,0,0
Campbell,A701,U.S. Senate,,Democratic,Joshua BLANTON SR.,0,0,0,0,0
Campbell,A701,U.S. Senate,,Democratic,Vincent Anthony THOMPSON,1,1,0,0,0
Campbell,A701,U.S. Senate,,Democratic,Pamela STEVENSON,3,2,1,0,0
Campbell,A701,U.S. Senate,,Democratic,Amy McGRATH,58,10,44,3,1
Campbell,A701,U.S. Senate,,,Under Votes,1,0,1,0,0
Campbell,A701,U.S. Senate,,,Over Votes,0,0,0,0,0
Campbell,A701,U.S. House,4,Democratic,Melissa Claire STRANGE,66,14,46,5,1
Campbell,A701,U.S. House,4,Democratic,Jesse Russell BREWER,27,3,23,1,0
Campbell,A701,U.S. House,4,,Under Votes,5,0,5,0,0
Campbell,A701,U.S. House,4,,Over Votes,0,0,0,0,0
Campbell,A702,U.S. Senate,,Republican,A. Nick SHELLEY,3,1,2,0,0
Campbell,A702,U.S. Senate,,Republican,Daniel CAMERON,76,8,68,0,0
Campbell,A702,U.S. Senate,,Republican,Andy BARR,136,21,112,3,0
Campbell,A702,U.S. Senate,,Republican,Anissa CATLETT,5,0,5,0,0
Campbell,A702,U.S. Senate,,Republican,"Valerie ""Dr Val"" FREDRICK",4,1,3,0,0
Campbell,A702,U.S. Senate,,Republican,Jonathan M. HOLLIDAY,1,0,1,0,0
Campbell,A702,U.S. Senate,,Republican,Other Donald WENZEL,0,0,0,0,0
Campbell,A702,U.S. Senate,,Republican,Michael James FARIS,16,1,15,0,0
Campbell,A702,U.S. Senate,,Republican,James D. DUNCAN,2,0,2,0,0
Campbell,A702,U.S. Senate,,Republican,Jimmy I. LEON,0,0,0,0,0
Campbell,A702,U.S. Senate,,Republican,George WASHINGTON,10,1,9,0,0
Campbell,A702,U.S. Senate,,,Under Votes,13,3,10,0,0
Campbell,A702,U.S. Senate,,,Over Votes,2,0,2,0,0
Campbell,A702,U.S. House,4,Republican,Thomas MASSIE,151,20,130,1,0
Campbell,A702,U.S. House,4,Republican,Ed GALLREIN,116,16,98,2,0
Campbell,A702,U.S. House,4,,Under Votes,4,1,3,0,0
Campbell,A702,U.S. House,4,,Over Votes,0,0,0,0,0
Campbell,A702,Ballots Cast,,,,369,,,,
Campbell,A702,County Judge/Executive,,,"Andrew ""Andy"" SCHABELL",170,25,144,1,0
Campbell,A702,County Judge/Executive,,,Steve PENDERY,85,8,75,2,0
Campbell,A702,County Judge/Executive,,,Under Votes,16,4,12,0,0
Campbell,A702,County Judge/Executive,,,Over Votes,0,0,0,0,0
Campbell,A702,Jailer,,,Ryan GROSSER,188,24,162,2,0
Campbell,A702,Jailer,,,Brian JENNINGS,49,8,41,0,0
Campbell,A702,Jailer,,,Under Votes,34,5,28,1,0
Campbell,A702,Jailer,,,Over Votes,0,0,0,0,0
Campbell,A702,County Commissioner 1st District,,,Brian PAINTER,113,12,100,1,0
Campbell,A702,County Commissioner 1st District,,,Dave FISCHER,138,22,114,2,0
Campbell,A702,County Commissioner 1st District,,,Under Votes,20,3,17,0,0
Campbell,A702,County Commissioner 1st District,,,Over Votes,0,0,0,0,0
Campbell,A702,Coroner,,,Mark SCHWEITZER,160,17,141,2,0
Campbell,A702,Coroner,,,Derek MYERS,90,15,74,1,0
Campbell,A702,Coroner,,,Under Votes,21,5,16,0,0
Campbell,A702,Coroner,,,Over Votes,0,0,0,0,0
Campbell,A702,Constable,,,Sean DONELAN,131,12,117,2,0
Campbell,A702,Constable,,,Ken WARDEN,99,16,82,1,0
Campbell,A702,Constable,,,Under Votes,41,9,32,0,0
Campbell,A702,Constable,,,Over Votes,0,0,0,0,0
Campbell,A702,U.S. Senate,,Democratic,Dale Lewis ROMANS,0,0,0,0,0
Campbell,A702,U.S. Senate,,Democratic,Charles BOOKER,33,3,30,0,0
Campbell,A702,U.S. Senate,,Democratic,Logan FORSYTHE,6,2,4,0,0
Campbell,A702,U.S. Senate,,Democratic,Joshua BLANTON SR.,2,0,1,1,0
Campbell,A702,U.S. Senate,,Democratic,Vincent Anthony THOMPSON,1,0,1,0,0
Campbell,A702,U.S. Senate,,Democratic,Pamela STEVENSON,5,0,5,0,0
Campbell,A702,U.S. Senate,,Democratic,Amy McGRATH,48,6,41,0,1
Campbell,A702,U.S. Senate,,,Under Votes,3,0,3,0,0
Campbell,A702,U.S. Senate,,,Over Votes,0,0,0,0,0
Campbell,A702,U.S. House,4,Democratic,Melissa Claire STRANGE,66,9,56,0,1
Campbell,A702,U.S. House,4,Democratic,Jesse Russell BREWER,25,1,23,1,0
Campbell,A702,U.S. House,4,,Under Votes,7,1,6,0,0
Campbell,A702,U.S. House,4,,Over Votes,0,0,0,0,0
Campbell,B703,U.S. Senate,,Republican,A. Nick SHELLEY,7,0,5,2,0
Campbell,B703,U.S. Senate,,Republican,Daniel CAMERON,90,17,69,4,0
Campbell,B703,U.S. Senate,,Republican,Andy BARR,133,36,87,9,1
Campbell,B703,U.S. Senate,,Republican,Anissa CATLETT,10,3,6,1,0
Campbell,B703,U.S. Senate,,Republican,"Valerie ""Dr Val"" FREDRICK",8,3,5,0,0
Campbell,B703,U.S. Senate,,Republican,Jonathan M. HOLLIDAY,0,0,0,0,0
Campbell,B703,U.S. Senate,,Republican,Other Donald WENZEL,0,0,0,0,0
Campbell,B703,U.S. Senate,,Republican,Michael James FARIS,12,1,11,0,0
Campbell,B703,U.S. Senate,,Republican,James D. DUNCAN,2,0,1,1,0
Campbell,B703,U.S. Senate,,Republican,Jimmy I. LEON,0,0,0,0,0
Campbell,B703,U.S. Senate,,Republican,George WASHINGTON,5,0,2,3,0
Campbell,B703,U.S. Senate,,,Under Votes,21,3,18,0,0
Campbell,B703,U.S. Senate,,,Over Votes,0,0,0,0,0
Campbell,B703,U.S. House,4,Republican,Thomas MASSIE,147,33,106,8,0
Campbell,B703,U.S. House,4,Republican,Ed GALLREIN,145,30,101,13,1
Campbell,B703,U.S. House,4,,Under Votes,4,1,3,0,0
Campbell,B703,U.S. House,4,,Over Votes,0,0,0,0,0
Campbell,B703,Ballots Cast,,,,411,,,,
Campbell,B703,County Judge/Executive,,,"Andrew ""Andy"" SCHABELL",148,33,103,12,0
Campbell,B703,County Judge/Executive,,,Steve PENDERY,128,29,91,7,1
Campbell,B703,County Judge/Executive,,,Under Votes,20,2,16,2,0
Campbell,B703,County Judge/Executive,,,Over Votes,0,0,0,0,0
Campbell,B703,Jailer,,,Ryan GROSSER,184,31,142,10,1
Campbell,B703,Jailer,,,Brian JENNINGS,76,23,45,8,0
Campbell,B703,Jailer,,,Under Votes,36,10,23,3,0
Campbell,B703,Jailer,,,Over Votes,0,0,0,0,0
Campbell,B703,County Commissioner 1st District,,,Brian PAINTER,135,36,89,9,1
Campbell,B703,County Commissioner 1st District,,,Dave FISCHER,126,20,96,10,0
Campbell,B703,County Commissioner 1st District,,,Under Votes,35,8,25,2,0
Campbell,B703,County Commissioner 1st District,,,Over Votes,0,0,0,0,0
Campbell,B703,Coroner,,,Mark SCHWEITZER,169,40,117,11,1
Campbell,B703,Coroner,,,Derek MYERS,98,17,73,8,0
Campbell,B703,Coroner,,,Under Votes,29,7,20,2,0
Campbell,B703,Coroner,,,Over Votes,0,0,0,0,0
Campbell,B703,U.S. Senate,,Democratic,Dale Lewis ROMANS,4,0,2,2,0
Campbell,B703,U.S. Senate,,Democratic,Charles BOOKER,47,6,41,0,0
Campbell,B703,U.S. Senate,,Democratic,Logan FORSYTHE,1,0,1,0,0
Campbell,B703,U.S. Senate,,Democratic,Joshua BLANTON SR.,1,1,0,0,0
Campbell,B703,U.S. Senate,,Democratic,Vincent Anthony THOMPSON,0,0,0,0,0
Campbell,B703,U.S. Senate,,Democratic,Pamela STEVENSON,4,0,3,1,0
Campbell,B703,U.S. Senate,,Democratic,Amy McGRATH,55,24,29,2,0
Campbell,B703,U.S. Senate,,,Under Votes,2,0,2,0,0
Campbell,B703,U.S. Senate,,,Over Votes,1,0,0,1,0
Campbell,B703,U.S. House,4,Democratic,Melissa Claire STRANGE,89,21,64,4,0
Campbell,B703,U.S. House,4,Democratic,Jesse Russell BREWER,22,9,11,2,0
Campbell,B703,U.S. House,4,,Under Votes,4,1,3,0,0
Campbell,B703,U.S. House,4,,Over Votes,0,0,0,0,0
Campbell,B704,U.S. Senate,,Republican,A. Nick SHELLEY,4,0,4,0,0
Campbell,B704,U.S. Senate,,Republican,Daniel CAMERON,81,9,70,2,0
Campbell,B704,U.S. Senate,,Republican,Andy BARR,176,34,134,7,1
Campbell,B704,U.S. Senate,,Republican,Anissa CATLETT,2,0,2,0,0
Campbell,B704,U.S. Senate,,Republican,"Valerie ""Dr Val"" FREDRICK",6,2,4,0,0
Campbell,B704,U.S. Senate,,Republican,Jonathan M. HOLLIDAY,1,0,1,0,0
Campbell,B704,U.S. Senate,,Republican,Other Donald WENZEL,1,0,0,1,0
Campbell,B704,U.S. Senate,,Republican,Michael James FARIS,16,2,14,0,0
Campbell,B704,U.S. Senate,,Republican,James D. DUNCAN,3,1,2,0,0
Campbell,B704,U.S. Senate,,Republican,Jimmy I. LEON,0,0,0,0,0
Campbell,B704,U.S. Senate,,Republican,George WASHINGTON,7,0,7,0,0
Campbell,B704,U.S. Senate,,,Under Votes,15,1,13,0,1
Campbell,B704,U.S. Senate,,,Over Votes,0,0,0,0,0
Campbell,B704,U.S. House,4,Republican,Thomas MASSIE,138,16,117,5,0
Campbell,B704,U.S. House,4,Republican,Ed GALLREIN,175,33,134,6,2
Campbell,B704,U.S. House,4,,Under Votes,5,0,5,0,0
Campbell,B704,U.S. House,4,,Over Votes,0,0,0,0,0
Campbell,B704,Ballots Cast,,,,437,,,,
Campbell,B704,County Judge/Executive,,,"Andrew ""Andy"" SCHABELL",166,22,137,7,0
Campbell,B704,County Judge/Executive,,,Steve PENDERY,135,27,103,3,2
Campbell,B704,County Judge/Executive,,,Under Votes,17,0,16,1,0
Campbell,B704,County Judge/Executive,,,Over Votes,0,0,0,0,0
Campbell,B704,Jailer,,,Ryan GROSSER,200,31,159,9,1
Campbell,B704,Jailer,,,Brian JENNINGS,64,9,55,0,0
Campbell,B704,Jailer,,,Under Votes,54,9,42,2,1
Campbell,B704,Jailer,,,Over Votes,0,0,0,0,0
Campbell,B704,County Commissioner 1st District,,,Brian PAINTER,149,26,119,3,1
Campbell,B704,County Commissioner 1st District,,,Dave FISCHER,136,22,107,7,0
Campbell,B704,County Commissioner 1st District,,,Under Votes,33,1,30,1,1
Campbell,B704,County Commissioner 1st District,,,Over Votes,0,0,0,0,0
Campbell,B704,Coroner,,,Mark SCHWEITZER,175,29,141,4,1
Campbell,B704,Coroner,,,Derek MYERS,121,18,97,6,0
Campbell,B704,Coroner,,,Under Votes,22,2,18,1,1
Campbell,B704,Coroner,,,Over Votes,0,0,0,0,0
Campbell,B704,U.S. Senate,,Democratic,Dale Lewis ROMANS,1,0,1,0,0
Campbell,B704,U.S. Senate,,Democratic,Charles BOOKER,48,3,43,2,0
Campbell,B704,U.S. Senate,,Democratic,Logan FORSYTHE,2,0,2,0,0
Campbell,B704,U.S. Senate,,Democratic,Joshua BLANTON SR.,3,1,2,0,0
Campbell,B704,U.S. Senate,,Democratic,Vincent Anthony THOMPSON,1,0,1,0,0
Campbell,B704,U.S. Senate,,Democratic,Pamela STEVENSON,3,1,2,0,0
Campbell,B704,U.S. Senate,,Democratic,Amy McGRATH,59,17,41,0,1
Campbell,B704,U.S. Senate,,,Under Votes,2,0,2,0,0
Campbell,B704,U.S. Senate,,,Over Votes,0,0,0,0,0
Campbell,B704,U.S. House,4,Democratic,Melissa Claire STRANGE,79,16,63,0,0
Campbell,B704,U.S. House,4,Democratic,Jesse Russell BREWER,37,6,28,2,1
Campbell,B704,U.S. House,4,,Under Votes,3,0,3,0,0
Campbell,B704,U.S. House,4,,Over Votes,0,0,0,0,0
Campbell,A705,U.S. Senate,,Republican,A. Nick SHELLEY,0,0,0,0,0
Campbell,A705,U.S. Senate,,Republican,Daniel CAMERON,53,13,38,1,1
Campbell,A705,U.S. Senate,,Republican,Andy BARR,106,15,89,1,1
Campbell,A705,U.S. Senate,,Republican,Anissa CATLETT,5,2,3,0,0
Campbell,A705,U.S. Senate,,Republican,"Valerie ""Dr Val"" FREDRICK",3,0,3,0,0
Campbell,A705,U.S. Senate,,Republican,Jonathan M. HOLLIDAY,0,0,0,0,0
Campbell,A705,U.S. Senate,,Republican,Other Donald WENZEL,0,0,0,0,0
Campbell,A705,U.S. Senate,,Republican,Michael James FARIS,8,2,6,0,0
Campbell,A705,U.S. Senate,,Republican,James D. DUNCAN,5,0,4,0,1
Campbell,A705,U.S. Senate,,Republican,Jimmy I. LEON,0,0,0,0,0
Campbell,A705,U.S. Senate,,Republican,George WASHINGTON,3,0,3,0,0
Campbell,A705,U.S. Senate,,,Under Votes,6,2,4,0,0
Campbell,A705,U.S. Senate,,,Over Votes,0,0,0,0,0
Campbell,A705,U.S. House,4,Republican,Thomas MASSIE,92,20,67,2,3
Campbell,A705,U.S. House,4,Republican,Ed GALLREIN,98,13,85,0,0
Campbell,A705,U.S. House,4,,Under Votes,2,1,1,0,0
Campbell,A705,U.S. House,4,,Over Votes,0,0,0,0,0
Campbell,A705,Ballots Cast,,,,242,,,,
Campbell,A705,County Judge/Executive,,,"Andrew ""Andy"" SCHABELL",110,18,87,2,3
Campbell,A705,County Judge/Executive,,,Steve PENDERY,74,15,59,0,0
Campbell,A705,County Judge/Executive,,,Under Votes,8,1,7,0,0
Campbell,A705,County Judge/Executive,,,Over Votes,0,0,0,0,0
Campbell,A705,Jailer,,,Ryan GROSSER,116,20,93,1,2
Campbell,A705,Jailer,,,Brian JENNINGS,48,7,41,0,0
Campbell,A705,Jailer,,,Under Votes,28,7,19,1,1
Campbell,A705,Jailer,,,Over Votes,0,0,0,0,0
Campbell,A705,County Commissioner 1st District,,,Brian PAINTER,94,16,76,0,2
Campbell,A705,County Commissioner 1st District,,,Dave FISCHER,76,13,60,2,1
Campbell,A705,County Commissioner 1st District,,,Under Votes,22,5,17,0,0
Campbell,A705,County Commissioner 1st District,,,Over Votes,0,0,0,0,0
Campbell,A705,Coroner,,,Mark SCHWEITZER,103,22,79,0,2
Campbell,A705,Coroner,,,Derek MYERS,71,7,61,2,1
Campbell,A705,Coroner,,,Under Votes,18,5,13,0,0
Campbell,A705,Coroner,,,Over Votes,0,0,0,0,0
Campbell,A705,Constable,,,Sean DONELAN,92,14,76,2,0
Campbell,A705,Constable,,,Ken WARDEN,69,12,54,0,3
Campbell,A705,Constable,,,Under Votes,31,8,23,0,0
Campbell,A705,Constable,,,Over Votes,0,0,0,0,0
Campbell,A705,U.S. Senate,,Democratic,Dale Lewis ROMANS,0,0,0,0,0
Campbell,A705,U.S. Senate,,Democratic,Charles BOOKER,18,4,14,0,0
Campbell,A705,U.S. Senate,,Democratic,Logan FORSYTHE,1,1,0,0,0
Campbell,A705,U.S. Senate,,Democratic,Joshua BLANTON SR.,0,0,0,0,0
Campbell,A705,U.S. Senate,,Democratic,Vincent Anthony THOMPSON,2,1,1,0,0
Campbell,A705,U.S. Senate,,Democratic,Pamela STEVENSON,3,2,1,0,0
Campbell,A705,U.S. Senate,,Democratic,Amy McGRATH,23,3,20,0,0
Campbell,A705,U.S. Senate,,,Under Votes,3,2,1,0,0
Campbell,A705,U.S. Senate,,,Over Votes,0,0,0,0,0
Campbell,A705,U.S. House,4,Democratic,Melissa Claire STRANGE,32,7,25,0,0
Campbell,A705,U.S. House,4,Democratic,Jesse Russell BREWER,13,4,9,0,0
Campbell,A705,U.S. House,4,,Under Votes,5,2,3,0,0
Campbell,A705,U.S. House,4,,Over Votes,0,0,0,0,0
Campbell,B706,U.S. Senate,,Republican,A. Nick SHELLEY,7,4,3,0,0
Campbell,B706,U.S. Senate,,Republican,Daniel CAMERON,137,23,111,3,0
Campbell,B706,U.S. Senate,,Republican,Andy BARR,305,75,218,11,1
Campbell,B706,U.S. Senate,,Republican,Anissa CATLETT,4,0,4,0,0
Campbell,B706,U.S. Senate,,Republican,"Valerie ""Dr Val"" FREDRICK",7,1,6,0,0
Campbell,B706,U.S. Senate,,Republican,Jonathan M. HOLLIDAY,0,0,0,0,0
Campbell,B706,U.S. Senate,,Republican,Other Donald WENZEL,1,0,1,0,0
Campbell,B706,U.S. Senate,,Republican,Michael James FARIS,9,0,9,0,0
Campbell,B706,U.S. Senate,,Republican,James D. DUNCAN,4,0,4,0,0
Campbell,B706,U.S. Senate,,Republican,Jimmy I. LEON,0,0,0,0,0
Campbell,B706,U.S. Senate,,Republican,George WASHINGTON,8,1,7,0,0
Campbell,B706,U.S. Senate,,,Under Votes,29,2,26,0,1
Campbell,B706,U.S. Senate,,,Over Votes,0,0,0,0,0
Campbell,B706,U.S. House,4,Republican,Thomas MASSIE,211,38,168,4,1
Campbell,B706,U.S. House,4,Republican,Ed GALLREIN,300,68,219,11,2
Campbell,B706,U.S. House,4,,Under Votes,10,3,7,0,0
Campbell,B706,U.S. House,4,,Over Votes,0,0,0,0,0
Campbell,B706,Ballots Cast,,,,747,,,,
Campbell,B706,County Judge/Executive,,,"Andrew ""Andy"" SCHABELL",267,58,198,9,2
Campbell,B706,County Judge/Executive,,,Steve PENDERY,224,45,173,5,1
Campbell,B706,County Judge/Executive,,,Under Votes,30,6,23,1,0
Campbell,B706,County Judge/Executive,,,Over Votes,0,0,0,0,0
Campbell,B706,Jailer,,,Ryan GROSSER,333,71,249,11,2
Campbell,B706,Jailer,,,Brian JENNINGS,109,24,83,2,0
Campbell,B706,Jailer,,,Under Votes,79,14,62,2,1
Campbell,B706,Jailer,,,Over Votes,0,0,0,0,0
Campbell,B706,County Commissioner 1st District,,,Brian PAINTER,239,53,176,8,2
Campbell,B706,County Commissioner 1st District,,,Dave FISCHER,226,49,171,5,1
Campbell,B706,County Commissioner 1st District,,,Under Votes,56,7,47,2,0
Campbell,B706,County Commissioner 1st District,,,Over Votes,0,0,0,0,0
Campbell,B706,Coroner,,,Mark SCHWEITZER,293,66,220,6,1
Campbell,B706,Coroner,,,Derek MYERS,182,37,135,8,2
Campbell,B706,Coroner,,,Under Votes,45,6,38,1,0
Campbell,B706,Coroner,,,Over Votes,1,0,1,0,0
Campbell,B706,U.S. Senate,,Democratic,Dale Lewis ROMANS,0,0,0,0,0
Campbell,B706,U.S. Senate,,Democratic,Charles BOOKER,71,3,63,4,1
Campbell,B706,U.S. Senate,,Democratic,Logan FORSYTHE,9,1,7,1,0
Campbell,B706,U.S. Senate,,Democratic,Joshua BLANTON SR.,5,2,3,0,0
Campbell,B706,U.S. Senate,,Democratic,Vincent Anthony THOMPSON,3,0,3,0,0
Campbell,B706,U.S. Senate,,Democratic,Pamela STEVENSON,4,0,4,0,0
Campbell,B706,U.S. Senate,,Democratic,Amy McGRATH,133,50,78,2,3
Campbell,B706,U.S. Senate,,,Under Votes,1,0,1,0,0
Campbell,B706,U.S. Senate,,,Over Votes,0,0,0,0,0
Campbell,B706,U.S. House,4,Democratic,Melissa Claire STRANGE,157,38,111,4,4
Campbell,B706,U.S. House,4,Democratic,Jesse Russell BREWER,58,13,42,3,0
Campbell,B706,U.S. House,4,,Under Votes,11,5,6,0,0
Campbell,B706,U.S. House,4,,Over Votes,0,0,0,0,0
Campbell,C101,U.S. Senate,,Republican,A. Nick SHELLEY,4,0,4,0,0
Campbell,C101,U.S. Senate,,Republican,Daniel CAMERON,40,6,34,0,0
Campbell,C101,U.S. Senate,,Republican,Andy BARR,129,3,123,3,0
Campbell,C101,U.S. Senate,,Republican,Anissa CATLETT,2,1,1,0,0
Campbell,C101,U.S. Senate,,Republican,"Valerie ""Dr Val"" FREDRICK",8,0,8,0,0
Campbell,C101,U.S. Senate,,Republican,Jonathan M. HOLLIDAY,2,1,1,0,0
Campbell,C101,U.S. Senate,,Republican,Other Donald WENZEL,0,0,0,0,0
Campbell,C101,U.S. Senate,,Republican,Michael James FARIS,3,0,3,0,0
Campbell,C101,U.S. Senate,,Republican,James D. DUNCAN,1,0,1,0,0
Campbell,C101,U.S. Senate,,Republican,Jimmy I. LEON,0,0,0,0,0
Campbell,C101,U.S. Senate,,Republican,George WASHINGTON,5,1,4,0,0
Campbell,C101,U.S. Senate,,,Under Votes,9,2,7,0,0
Campbell,C101,U.S. Senate,,,Over Votes,1,0,1,0,0
Campbell,C101,U.S. House,4,Republican,Thomas MASSIE,88,12,75,1,0
Campbell,C101,U.S. House,4,Republican,Ed GALLREIN,122,3,115,4,0
Campbell,C101,U.S. House,4,,Under Votes,2,0,2,0,0
Campbell,C101,U.S. House,4,,Over Votes,0,0,0,0,0
Campbell,C101,Ballots Cast,,,,402,,,,
Campbell,C101,County Judge/Executive,,,"Andrew ""Andy"" SCHABELL",75,7,67,1,0
Campbell,C101,County Judge/Executive,,,Steve PENDERY,112,6,102,4,0
Campbell,C101,County Judge/Executive,,,Under Votes,25,2,23,0,0
Campbell,C101,County Judge/Executive,,,Over Votes,0,0,0,0,0
Campbell,C101,Jailer,,,Ryan GROSSER,113,9,101,3,0
Campbell,C101,Jailer,,,Brian JENNINGS,58,2,55,1,0
Campbell,C101,Jailer,,,Under Votes,41,4,36,1,0
Campbell,C101,Jailer,,,Over Votes,0,0,0,0,0
Campbell,C101,County Commissioner 1st District,,,Brian PAINTER,84,8,74,2,0
Campbell,C101,County Commissioner 1st District,,,Dave FISCHER,96,5,89,2,0
Campbell,C101,County Commissioner 1st District,,,Under Votes,32,2,29,1,0
Campbell,C101,County Commissioner 1st District,,,Over Votes,0,0,0,0,0
Campbell,C101,Coroner,,,Mark SCHWEITZER,94,4,89,1,0
Campbell,C101,Coroner,,,Derek MYERS,88,8,77,3,0
Campbell,C101,Coroner,,,Under Votes,30,3,26,1,0
Campbell,C101,Coroner,,,Over Votes,0,0,0,0,0
Campbell,C101,U.S. Senate,,Democratic,Dale Lewis ROMANS,4,0,4,0,0
Campbell,C101,U.S. Senate,,Democratic,Charles BOOKER,84,6,75,3,0
Campbell,C101,U.S. Senate,,Democratic,Logan FORSYTHE,9,1,8,0,0
Campbell,C101,U.S. Senate,,Democratic,Joshua BLANTON SR.,0,0,0,0,0
Campbell,C101,U.S. Senate,,Democratic,Vincent Anthony THOMPSON,2,0,2,0,0
Campbell,C101,U.S. Senate,,Democratic,Pamela STEVENSON,6,1,5,0,0
Campbell,C101,U.S. Senate,,Democratic,Amy McGRATH,80,10,69,1,0
Campbell,C101,U.S. Senate,,,Under Votes,5,0,5,0,0
Campbell,C101,U.S. Senate,,,Over Votes,0,0,0,0,0
Campbell,C101,U.S. House,4,Democratic,Melissa Claire STRANGE,144,18,122,4,0
Campbell,C101,U.S. House,4,Democratic,Jesse Russell BREWER,38,0,38,0,0
Campbell,C101,U.S. House,4,,Under Votes,7,0,7,0,0
Campbell,C101,U.S. House,4,,Over Votes,1,0,1,0,0
Campbell,C102,U.S. Senate,,Republican,A. Nick SHELLEY,5,0,5,0,0
Campbell,C102,U.S. Senate,,Republican,Daniel CAMERON,52,2,48,0,2
Campbell,C102,U.S. Senate,,Republican,Andy BARR,85,2,82,0,1
Campbell,C102,U.S. Senate,,Republican,Anissa CATLETT,4,0,4,0,0
Campbell,C102,U.S. Senate,,Republican,"Valerie ""Dr Val"" FREDRICK",6,0,5,0,1
Campbell,C102,U.S. Senate,,Republican,Jonathan M. HOLLIDAY,1,0,1,0,0
Campbell,C102,U.S. Senate,,Republican,Other Donald WENZEL,0,0,0,0,0
Campbell,C102,U.S. Senate,,Republican,Michael James FARIS,4,0,4,0,0
Campbell,C102,U.S. Senate,,Republican,James D. DUNCAN,0,0,0,0,0
Campbell,C102,U.S. Senate,,Republican,Jimmy I. LEON,1,0,1,0,0
Campbell,C102,U.S. Senate,,Republican,George WASHINGTON,7,1,6,0,0
Campbell,C102,U.S. Senate,,,Under Votes,11,0,10,1,0
Campbell,C102,U.S. Senate,,,Over Votes,0,0,0,0,0
Campbell,C102,U.S. House,4,Republican,Thomas MASSIE,94,3,87,0,4
Campbell,C102,U.S. House,4,Republican,Ed GALLREIN,86,2,83,1,0
Campbell,C102,U.S. House,4,,Under Votes,2,0,2,0,0
Campbell,C102,U.S. House,4,,Over Votes,0,0,0,0,0
Campbell,C102,Ballots Cast,,,,314,,,,
Campbell,C102,County Judge/Executive,,,"Andrew ""Andy"" SCHABELL",62,3,56,0,3
Campbell,C102,County Judge/Executive,,,Steve PENDERY,102,2,98,1,1
Campbell,C102,County Judge/Executive,,,Under Votes,18,0,18,0,0
Campbell,C102,County Judge/Executive,,,Over Votes,0,0,0,0,0
Campbell,C102,Jailer,,,Ryan GROSSER,85,4,78,0,3
Campbell,C102,Jailer,,,Brian JENNINGS,62,1,60,1,0
Campbell,C102,Jailer,,,Under Votes,35,0,34,0,1
Campbell,C102,Jailer,,,Over Votes,0,0,0,0,0
Campbell,C102,County Commissioner 1st District,,,Brian PAINTER,79,0,76,0,3
Campbell,C102,County Commissioner 1st District,,,Dave FISCHER,76,5,69,1,1
Campbell,C102,County Commissioner 1st District,,,Under Votes,27,0,27,0,0
Campbell,C102,County Commissioner 1st District,,,Over Votes,0,0,0,0,0
Campbell,C102,Coroner,,,Mark SCHWEITZER,105,4,99,0,2
Campbell,C102,Coroner,,,Derek MYERS,55,1,52,0,2
Campbell,C102,Coroner,,,Under Votes,22,0,21,1,0
Campbell,C102,Coroner,,,Over Votes,0,0,0,0,0
Campbell,C102,U.S. Senate,,Democratic,Dale Lewis ROMANS,1,0,1,0,0
Campbell,C102,U.S. Senate,,Democratic,Charles BOOKER,53,0,52,1,0
Campbell,C102,U.S. Senate,,Democratic,Logan FORSYTHE,1,0,1,0,0
Campbell,C102,U.S. Senate,,Democratic,Joshua BLANTON SR.,4,0,4,0,0
Campbell,C102,U.S. Senate,,Democratic,Vincent Anthony THOMPSON,0,0,0,0,0
Campbell,C102,U.S. Senate,,Democratic,Pamela STEVENSON,4,0,4,0,0
Campbell,C102,U.S. Senate,,Democratic,Amy McGRATH,67,6,60,0,1
Campbell,C102,U.S. Senate,,,Under Votes,2,0,2,0,0
Campbell,C102,U.S. Senate,,,Over Votes,0,0,0,0,0
Campbell,C102,U.S. House,4,Democratic,Melissa Claire STRANGE,101,5,94,1,1
Campbell,C102,U.S. House,4,Democratic,Jesse Russell BREWER,27,1,26,0,0
Campbell,C102,U.S. House,4,,Under Votes,4,0,4,0,0
Campbell,C102,U.S. House,4,,Over Votes,0,0,0,0,0
Campbell,C401,U.S. Senate,,Republican,A. Nick SHELLEY,2,0,2,0,0
Campbell,C401,U.S. Senate,,Republican,Daniel CAMERON,105,14,90,0,1
Campbell,C401,U.S. Senate,,Republican,Andy BARR,159,18,139,1,1
Campbell,C401,U.S. Senate,,Republican,Anissa CATLETT,2,0,2,0,0
Campbell,C401,U.S. Senate,,Republican,"Valerie ""Dr Val"" FREDRICK",1,0,1,0,0
Campbell,C401,U.S. Senate,,Republican,Jonathan M. HOLLIDAY,0,0,0,0,0
Campbell,C401,U.S. Senate,,Republican,Other Donald WENZEL,0,0,0,0,0
Campbell,C401,U.S. Senate,,Republican,Michael James FARIS,3,0,3,0,0
Campbell,C401,U.S. Senate,,Republican,James D. DUNCAN,4,2,2,0,0
Campbell,C401,U.S. Senate,,Republican,Jimmy I. LEON,0,0,0,0,0
Campbell,C401,U.S. Senate,,Republican,George WASHINGTON,7,0,7,0,0
Campbell,C401,U.S. Senate,,,Under Votes,15,1,14,0,0
Campbell,C401,U.S. Senate,,,Over Votes,0,0,0,0,0
Campbell,C401,U.S. House,4,Republican,Thomas MASSIE,161,19,142,0,0
Campbell,C401,U.S. House,4,Republican,Ed GALLREIN,140,16,121,1,2
Campbell,C401,U.S. House,4,,Under Votes,3,0,3,0,0
Campbell,C401,U.S. House,4,,Over Votes,0,0,0,0,0
Campbell,C401,Ballots Cast,,,,443,,,,
Campbell,C401,County Judge/Executive,,,"Andrew ""Andy"" SCHABELL",52,13,39,0,0
Campbell,C401,County Judge/Executive,,,Steve PENDERY,229,19,207,1,2
Campbell,C401,County Judge/Executive,,,Under Votes,23,3,20,0,0
Campbell,C401,County Judge/Executive,,,Over Votes,0,0,0,0,0
Campbell,C401,Jailer,,,Ryan GROSSER,201,28,170,1,2
Campbell,C401,Jailer,,,Brian JENNINGS,31,2,29,0,0
Campbell,C401,Jailer,,,Under Votes,72,5,67,0,0
Campbell,C401,Jailer,,,Over Votes,0,0,0,0,0
Campbell,C401,County Commissioner 1st District,,,Brian PAINTER,110,13,95,0,2
Campbell,C401,County Commissioner 1st District,,,Dave FISCHER,152,16,136,0,0
Campbell,C401,County Commissioner 1st District,,,Under Votes,42,6,35,1,0
Campbell,C401,County Commissioner 1st District,,,Over Votes,0,0,0,0,0
Campbell,C401,Coroner,,,Mark SCHWEITZER,248,28,218,0,2
Campbell,C401,Coroner,,,Derek MYERS,31,5,26,0,0
Campbell,C401,Coroner,,,Under Votes,25,2,22,1,0
Campbell,C401,Coroner,,,Over Votes,0,0,0,0,0
Campbell,C401,U.S. Senate,,Democratic,Dale Lewis ROMANS,3,0,3,0,0
Campbell,C401,U.S. Senate,,Democratic,Charles BOOKER,41,2,39,0,0
Campbell,C401,U.S. Senate,,Democratic,Logan FORSYTHE,4,1,3,0,0
Campbell,C401,U.S. Senate,,Democratic,Joshua BLANTON SR.,1,0,1,0,0
Campbell,C401,U.S. Senate,,Democratic,Vincent Anthony THOMPSON,1,0,1,0,0
Campbell,C401,U.S. Senate,,Democratic,Pamela STEVENSON,5,0,5,0,0
Campbell,C401,U.S. Senate,,Democratic,Amy McGRATH,49,5,42,2,0
Campbell,C401,U.S. Senate,,,Under Votes,10,1,9,0,0
Campbell,C401,U.S. Senate,,,Over Votes,0,0,0,0,0
Campbell,C401,U.S. House,4,Democratic,Melissa Claire STRANGE,76,5,70,1,0
Campbell,C401,U.S. House,4,Democratic,Jesse Russell BREWER,20,1,18,1,0
Campbell,C401,U.S. House,4,,Under Votes,18,3,15,0,0
Campbell,C401,U.S. House,4,,Over Votes,0,0,0,0,0
Campbell,C401,City Council City OF Fort Thomas,,,Eric STRANGE,264,26,234,2,2
Campbell,C401,City Council City OF Fort Thomas,,,Mary Anne BROWN,104,9,94,1,0
Campbell,C401,City Council City OF Fort Thomas,,,Lauren McINTOSH,138,17,119,1,1
Campbell,C401,City Council City OF Fort Thomas,,,Hunter SCHLOSSER,59,7,52,0,0
Campbell,C401,City Council City OF Fort Thomas,,,Ken BOWMAN,120,15,103,1,1
Campbell,C401,City Council City OF Fort Thomas,,,Frances A. HOFFMAN,98,15,83,0,0
Campbell,C401,City Council City OF Fort Thomas,,,Adam BLAU,213,27,183,2,1
Campbell,C401,City Council City OF Fort Thomas,,,Ben PENDERY,192,17,172,1,2
Campbell,C401,City Council City OF Fort Thomas,,,Allison ALESSANDRO,106,12,94,0,0
Campbell,C401,City Council City OF Fort Thomas,,,Brandon LONG,71,4,66,0,1
Campbell,C401,City Council City OF Fort Thomas,,,Steve AREY,178,18,160,0,0
Campbell,C401,City Council City OF Fort Thomas,,,Ashley SULLIVAN,50,6,44,0,0
Campbell,C401,City Council City OF Fort Thomas,,,Brandon ROLLER,125,9,115,1,0
Campbell,C401,City Council City OF Fort Thomas,,,Huey PERGREM,55,5,50,0,0
Campbell,C401,City Council City OF Fort Thomas,,,Bradley FENNELL,213,23,188,0,2
Campbell,C401,City Council City OF Fort Thomas,,,Under Votes,666,66,589,9,2
Campbell,C401,City Council City OF Fort Thomas,,,Over Votes,1,0,1,0,0
Campbell,A402,U.S. Senate,,Republican,A. Nick SHELLEY,3,1,2,0,0
Campbell,A402,U.S. Senate,,Republican,Daniel CAMERON,188,12,167,1,8
Campbell,A402,U.S. Senate,,Republican,Andy BARR,299,29,259,5,6
Campbell,A402,U.S. Senate,,Republican,Anissa CATLETT,8,0,8,0,0
Campbell,A402,U.S. Senate,,Republican,"Valerie ""Dr Val"" FREDRICK",9,0,9,0,0
Campbell,A402,U.S. Senate,,Republican,Jonathan M. HOLLIDAY,2,0,2,0,0
Campbell,A402,U.S. Senate,,Republican,Other Donald WENZEL,0,0,0,0,0
Campbell,A402,U.S. Senate,,Republican,Michael James FARIS,11,4,7,0,0
Campbell,A402,U.S. Senate,,Republican,James D. DUNCAN,7,0,5,2,0
Campbell,A402,U.S. Senate,,Republican,Jimmy I. LEON,0,0,0,0,0
Campbell,A402,U.S. Senate,,Republican,George WASHINGTON,7,0,7,0,0
Campbell,A402,U.S. Senate,,,Under Votes,32,2,29,0,1
Campbell,A402,U.S. Senate,,,Over Votes,0,0,0,0,0
Campbell,A402,U.S. House,4,Republican,Thomas MASSIE,299,31,252,5,11
Campbell,A402,U.S. House,4,Republican,Ed GALLREIN,267,18,242,3,4
Campbell,A402,U.S. House,4,,Under Votes,12,1,11,0,0
Campbell,A402,U.S. House,4,,Over Votes,0,0,0,0,0
Campbell,A402,Ballots Cast,,,,985,,,,
Campbell,A402,County Judge/Executive,,,"Andrew ""Andy"" SCHABELL",141,13,124,0,4
Campbell,A402,County Judge/Executive,,,Steve PENDERY,391,34,338,8,11
Campbell,A402,County Judge/Executive,,,Under Votes,46,3,43,0,0
Campbell,A402,County Judge/Executive,,,Over Votes,0,0,0,0,0
Campbell,A402,Jailer,,,Ryan GROSSER,374,34,325,5,10
Campbell,A402,Jailer,,,Brian JENNINGS,77,6,67,2,2
Campbell,A402,Jailer,,,Under Votes,127,10,113,1,3
Campbell,A402,Jailer,,,Over Votes,0,0,0,0,0
Campbell,A402,County Commissioner 1st District,,,Brian PAINTER,230,25,192,5,8
Campbell,A402,County Commissioner 1st District,,,Dave FISCHER,277,20,250,2,5
Campbell,A402,County Commissioner 1st District,,,Under Votes,71,5,63,1,2
Campbell,A402,County Commissioner 1st District,,,Over Votes,0,0,0,0,0
Campbell,A402,Coroner,,,Mark SCHWEITZER,455,41,397,5,12
Campbell,A402,Coroner,,,Derek MYERS,84,5,75,3,1
Campbell,A402,Coroner,,,Under Votes,39,4,33,0,2
Campbell,A402,Coroner,,,Over Votes,0,0,0,0,0
Campbell,A402,Constable,,,Sean DONELAN,340,30,301,4,5
Campbell,A402,Constable,,,Ken WARDEN,148,12,130,4,2
Campbell,A402,Constable,,,Under Votes,90,8,74,0,8
Campbell,A402,Constable,,,Over Votes,0,0,0,0,0
Campbell,A402,U.S. Senate,,Democratic,Dale Lewis ROMANS,6,1,3,1,1
Campbell,A402,U.S. Senate,,Democratic,Charles BOOKER,150,6,140,3,1
Campbell,A402,U.S. Senate,,Democratic,Logan FORSYTHE,5,2,3,0,0
Campbell,A402,U.S. Senate,,Democratic,Joshua BLANTON SR.,4,0,4,0,0
Campbell,A402,U.S. Senate,,Democratic,Vincent Anthony THOMPSON,8,0,8,0,0
Campbell,A402,U.S. Senate,,Democratic,Pamela STEVENSON,11,2,9,0,0
Campbell,A402,U.S. Senate,,Democratic,Amy McGRATH,144,13,123,8,0
Campbell,A402,U.S. Senate,,,Under Votes,14,0,13,0,1
Campbell,A402,U.S. Senate,,,Over Votes,0,0,0,0,0
Campbell,A402,U.S. House,4,Democratic,Melissa Claire STRANGE,224,20,196,8,0
Campbell,A402,U.S. House,4,Democratic,Jesse Russell BREWER,82,4,74,4,0
Campbell,A402,U.S. House,4,,Under Votes,36,0,33,0,3
Campbell,A402,U.S. House,4,,Over Votes,0,0,0,0,0
Campbell,A402,City Council City OF Fort Thomas,,,Eric STRANGE,362,36,311,6,9
Campbell,A402,City Council City OF Fort Thomas,,,Mary Anne BROWN,320,17,296,4,3
Campbell,A402,City Council City OF Fort Thomas,,,Lauren McINTOSH,297,23,265,4,5
Campbell,A402,City Council City OF Fort Thomas,,,Hunter SCHLOSSER,216,16,188,6,6
Campbell,A402,City Council City OF Fort Thomas,,,Ken BOWMAN,302,22,265,10,5
Campbell,A402,City Council City OF Fort Thomas,,,Frances A. HOFFMAN,198,20,172,2,4
Campbell,A402,City Council City OF Fort Thomas,,,Adam BLAU,425,40,371,10,4
Campbell,A402,City Council City OF Fort Thomas,,,Ben PENDERY,334,29,296,3,6
Campbell,A402,City Council City OF Fort Thomas,,,Allison ALESSANDRO,330,27,286,9,8
Campbell,A402,City Council City OF Fort Thomas,,,Brandon LONG,226,12,206,7,1
Campbell,A402,City Council City OF Fort Thomas,,,Steve AREY,406,33,360,3,10
Campbell,A402,City Council City OF Fort Thomas,,,Ashley SULLIVAN,158,5,147,4,2
Campbell,A402,City Council City OF Fort Thomas,,,Brandon ROLLER,323,25,292,0,6
Campbell,A402,City Council City OF Fort Thomas,,,Huey PERGREM,197,9,181,4,3
Campbell,A402,City Council City OF Fort Thomas,,,Bradley FENNELL,346,24,309,5,8
Campbell,A402,City Council City OF Fort Thomas,,,Under Votes,1434,112,1251,31,40
Campbell,A402,City Council City OF Fort Thomas,,,Over Votes,0,0,0,0,0
Campbell,A405,U.S. Senate,,Republican,A. Nick SHELLEY,3,0,3,0,0
Campbell,A405,U.S. Senate,,Republican,Daniel CAMERON,155,12,139,0,4
Campbell,A405,U.S. Senate,,Republican,Andy BARR,240,23,211,4,2
Campbell,A405,U.S. Senate,,Republican,Anissa CATLETT,6,0,4,2,0
Campbell,A405,U.S. Senate,,Republican,"Valerie ""Dr Val"" FREDRICK",6,0,6,0,0
Campbell,A405,U.S. Senate,,Republican,Jonathan M. HOLLIDAY,3,0,3,0,0
Campbell,A405,U.S. Senate,,Republican,Other Donald WENZEL,2,0,2,0,0
Campbell,A405,U.S. Senate,,Republican,Michael James FARIS,20,1,19,0,0
Campbell,A405,U.S. Senate,,Republican,James D. DUNCAN,1,0,1,0,0
Campbell,A405,U.S. Senate,,Republican,Jimmy I. LEON,0,0,0,0,0
Campbell,A405,U.S. Senate,,Republican,George WASHINGTON,9,1,8,0,0
Campbell,A405,U.S. Senate,,,Under Votes,36,0,35,1,0
Campbell,A405,U.S. Senate,,,Over Votes,0,0,0,0,0
Campbell,A405,U.S. House,4,Republican,Thomas MASSIE,256,19,231,3,3
Campbell,A405,U.S. House,4,Republican,Ed GALLREIN,223,18,199,3,3
Campbell,A405,U.S. House,4,,Under Votes,14,2,11,1,0
Campbell,A405,U.S. House,4,,Over Votes,0,0,0,0,0
Campbell,A405,Ballots Cast,,,,896,,,,
Campbell,A405,County Judge/Executive,,,"Andrew ""Andy"" SCHABELL",129,7,121,1,0
Campbell,A405,County Judge/Executive,,,Steve PENDERY,321,30,280,6,5
Campbell,A405,County Judge/Executive,,,Under Votes,43,2,40,0,1
Campbell,A405,County Judge/Executive,,,Over Votes,0,0,0,0,0
Campbell,A405,Jailer,,,Ryan GROSSER,319,26,287,4,2
Campbell,A405,Jailer,,,Brian JENNINGS,64,4,57,2,1
Campbell,A405,Jailer,,,Under Votes,110,9,97,1,3
Campbell,A405,Jailer,,,Over Votes,0,0,0,0,0
Campbell,A405,County Commissioner 1st District,,,Brian PAINTER,180,21,153,5,1
Campbell,A405,County Commissioner 1st District,,,Dave FISCHER,234,14,215,1,4
Campbell,A405,County Commissioner 1st District,,,Under Votes,79,4,73,1,1
Campbell,A405,County Commissioner 1st District,,,Over Votes,0,0,0,0,0
Campbell,A405,Coroner,,,Mark SCHWEITZER,368,31,327,6,4
Campbell,A405,Coroner,,,Derek MYERS,67,6,60,0,1
Campbell,A405,Coroner,,,Under Votes,58,2,54,1,1
Campbell,A405,Coroner,,,Over Votes,0,0,0,0,0
Campbell,A405,Constable,,,Sean DONELAN,266,17,242,4,3
Campbell,A405,Constable,,,Ken WARDEN,137,18,116,2,1
Campbell,A405,Constable,,,Under Votes,90,4,83,1,2
Campbell,A405,Constable,,,Over Votes,0,0,0,0,0
Campbell,A405,U.S. Senate,,Democratic,Dale Lewis ROMANS,3,1,2,0,0
Campbell,A405,U.S. Senate,,Democratic,Charles BOOKER,145,16,129,0,0
Campbell,A405,U.S. Senate,,Democratic,Logan FORSYTHE,3,0,3,0,0
Campbell,A405,U.S. Senate,,Democratic,Joshua BLANTON SR.,0,0,0,0,0
Campbell,A405,U.S. Senate,,Democratic,Vincent Anthony THOMPSON,1,0,1,0,0
Campbell,A405,U.S. Senate,,Democratic,Pamela STEVENSON,14,1,12,1,0
Campbell,A405,U.S. Senate,,Democratic,Amy McGRATH,156,15,131,6,4
Campbell,A405,U.S. Senate,,,Under Votes,12,0,12,0,0
Campbell,A405,U.S. Senate,,,Over Votes,0,0,0,0,0
Campbell,A405,U.S. House,4,Democratic,Melissa Claire STRANGE,236,27,202,4,3
Campbell,A405,U.S. House,4,Democratic,Jesse Russell BREWER,57,5,48,3,1
Campbell,A405,U.S. House,4,,Under Votes,41,1,40,0,0
Campbell,A405,U.S. House,4,,Over Votes,0,0,0,0,0
Campbell,A405,City Council City OF Fort Thomas,,,Eric STRANGE,308,24,272,9,3
Campbell,A405,City Council City OF Fort Thomas,,,Mary Anne BROWN,289,25,252,9,3
Campbell,A405,City Council City OF Fort Thomas,,,Lauren McINTOSH,279,21,246,8,4
Campbell,A405,City Council City OF Fort Thomas,,,Hunter SCHLOSSER,158,10,142,3,3
Campbell,A405,City Council City OF Fort Thomas,,,Ken BOWMAN,291,32,247,6,6
Campbell,A405,City Council City OF Fort Thomas,,,Frances A. HOFFMAN,200,13,183,3,1
Campbell,A405,City Council City OF Fort Thomas,,,Adam BLAU,382,30,339,10,3
Campbell,A405,City Council City OF Fort Thomas,,,Ben PENDERY,294,36,246,8,4
Campbell,A405,City Council City OF Fort Thomas,,,Allison ALESSANDRO,291,19,266,1,5
Campbell,A405,City Council City OF Fort Thomas,,,Brandon LONG,199,15,180,2,2
Campbell,A405,City Council City OF Fort Thomas,,,Steve AREY,332,24,301,4,3
Campbell,A405,City Council City OF Fort Thomas,,,Ashley SULLIVAN,121,6,111,4,0
Campbell,A405,City Council City OF Fort Thomas,,,Brandon ROLLER,230,23,200,3,4
Campbell,A405,City Council City OF Fort Thomas,,,Huey PERGREM,159,13,141,3,2
Campbell,A405,City Council City OF Fort Thomas,,,Bradley FENNELL,307,29,270,6,2
Campbell,A405,City Council City OF Fort Thomas,,,Under Votes,1530,112,1386,17,15
Campbell,A405,City Council City OF Fort Thomas,,,Over Votes,1,0,1,0,0
Campbell,A415,U.S. Senate,,Republican,A. Nick SHELLEY,0,0,0,0,0
Campbell,A415,U.S. Senate,,Republican,Daniel CAMERON,17,4,13,0,0
Campbell,A415,U.S. Senate,,Republican,Andy BARR,28,2,26,0,0
Campbell,A415,U.S. Senate,,Republican,Anissa CATLETT,1,0,1,0,0
Campbell,A415,U.S. Senate,,Republican,"Valerie ""Dr Val"" FREDRICK",2,0,2,0,0
Campbell,A415,U.S. Senate,,Republican,Jonathan M. HOLLIDAY,0,0,0,0,0
Campbell,A415,U.S. Senate,,Republican,Other Donald WENZEL,0,0,0,0,0
Campbell,A415,U.S. Senate,,Republican,Michael James FARIS,2,0,2,0,0
Campbell,A415,U.S. Senate,,Republican,James D. DUNCAN,2,0,2,0,0
Campbell,A415,U.S. Senate,,Republican,Jimmy I. LEON,0,0,0,0,0
Campbell,A415,U.S. Senate,,Republican,George WASHINGTON,1,0,1,0,0
Campbell,A415,U.S. Senate,,,Under Votes,0,0,0,0,0
Campbell,A415,U.S. Senate,,,Over Votes,0,0,0,0,0
Campbell,A415,U.S. House,4,Republican,Thomas MASSIE,31,4,27,0,0
Campbell,A415,U.S. House,4,Republican,Ed GALLREIN,27,2,25,0,0
Campbell,A415,U.S. House,4,,Under Votes,0,0,0,0,0
Campbell,A415,U.S. House,4,,Over Votes,0,0,0,0,0
Campbell,A415,Ballots Cast,,,,105,,,,
Campbell,A415,County Judge/Executive,,,"Andrew ""Andy"" SCHABELL",16,0,16,0,0
Campbell,A415,County Judge/Executive,,,Steve PENDERY,39,6,33,0,0
Campbell,A415,County Judge/Executive,,,Under Votes,3,0,3,0,0
Campbell,A415,County Judge/Executive,,,Over Votes,0,0,0,0,0
Campbell,A415,Jailer,,,Ryan GROSSER,28,4,24,0,0
Campbell,A415,Jailer,,,Brian JENNINGS,18,0,18,0,0
Campbell,A415,Jailer,,,Under Votes,12,2,10,0,0
Campbell,A415,Jailer,,,Over Votes,0,0,0,0,0
Campbell,A415,County Commissioner 1st District,,,Brian PAINTER,24,4,20,0,0
Campbell,A415,County Commissioner 1st District,,,Dave FISCHER,28,2,26,0,0
Campbell,A415,County Commissioner 1st District,,,Under Votes,6,0,6,0,0
Campbell,A415,County Commissioner 1st District,,,Over Votes,0,0,0,0,0
Campbell,A415,Coroner,,,Mark SCHWEITZER,41,6,35,0,0
Campbell,A415,Coroner,,,Derek MYERS,14,0,14,0,0
Campbell,A415,Coroner,,,Under Votes,3,0,3,0,0
Campbell,A415,Coroner,,,Over Votes,0,0,0,0,0
Campbell,A415,Constable,,,Sean DONELAN,32,3,29,0,0
Campbell,A415,Constable,,,Ken WARDEN,17,2,15,0,0
Campbell,A415,Constable,,,Under Votes,9,1,8,0,0
Campbell,A415,Constable,,,Over Votes,0,0,0,0,0
Campbell,A415,U.S. Senate,,Democratic,Dale Lewis ROMANS,0,0,0,0,0
Campbell,A415,U.S. Senate,,Democratic,Charles BOOKER,23,2,21,0,0
Campbell,A415,U.S. Senate,,Democratic,Logan FORSYTHE,1,0,1,0,0
Campbell,A415,U.S. Senate,,Democratic,Joshua BLANTON SR.,0,0,0,0,0
Campbell,A415,U.S. Senate,,Democratic,Vincent Anthony THOMPSON,0,0,0,0,0
Campbell,A415,U.S. Senate,,Democratic,Pamela STEVENSON,1,1,0,0,0
Campbell,A415,U.S. Senate,,Democratic,Amy McGRATH,17,1,15,1,0
Campbell,A415,U.S. Senate,,,Under Votes,0,0,0,0,0
Campbell,A415,U.S. Senate,,,Over Votes,0,0,0,0,0
Campbell,A415,U.S. House,4,Democratic,Melissa Claire STRANGE,36,4,31,1,0
Campbell,A415,U.S. House,4,Democratic,Jesse Russell BREWER,1,0,1,0,0
Campbell,A415,U.S. House,4,,Under Votes,5,0,5,0,0
Campbell,A415,U.S. House,4,,Over Votes,0,0,0,0,0
Campbell,A415,City Council City OF Fort Thomas,,,Eric STRANGE,38,2,35,1,0
Campbell,A415,City Council City OF Fort Thomas,,,Mary Anne BROWN,33,4,28,1,0
Campbell,A415,City Council City OF Fort Thomas,,,Lauren McINTOSH,46,6,39,1,0
Campbell,A415,City Council City OF Fort Thomas,,,Hunter SCHLOSSER,18,3,15,0,0
Campbell,A415,City Council City OF Fort Thomas,,,Ken BOWMAN,31,3,27,1,0
Campbell,A415,City Council City OF Fort Thomas,,,Frances A. HOFFMAN,18,1,17,0,0
Campbell,A415,City Council City OF Fort Thomas,,,Adam BLAU,43,5,38,0,0
Campbell,A415,City Council City OF Fort Thomas,,,Ben PENDERY,34,6,28,0,0
Campbell,A415,City Council City OF Fort Thomas,,,Allison ALESSANDRO,37,2,34,1,0
Campbell,A415,City Council City OF Fort Thomas,,,Brandon LONG,21,3,18,0,0
Campbell,A415,City Council City OF Fort Thomas,,,Steve AREY,33,4,29,0,0
Campbell,A415,City Council City OF Fort Thomas,,,Ashley SULLIVAN,27,1,25,1,0
Campbell,A415,City Council City OF Fort Thomas,,,Brandon ROLLER,19,3,16,0,0
Campbell,A415,City Council City OF Fort Thomas,,,Huey PERGREM,19,3,16,0,0
Campbell,A415,City Council City OF Fort Thomas,,,Bradley FENNELL,37,5,32,0,0
Campbell,A415,City Council City OF Fort Thomas,,,Under Votes,176,9,167,0,0
Campbell,A415,City Council City OF Fort Thomas,,,Over Votes,0,0,0,0,0
Campbell,C416,U.S. Senate,,Republican,A. Nick SHELLEY,2,0,2,0,0
Campbell,C416,U.S. Senate,,Republican,Daniel CAMERON,41,7,31,1,2
Campbell,C416,U.S. Senate,,Republican,Andy BARR,77,18,56,2,1
Campbell,C416,U.S. Senate,,Republican,Anissa CATLETT,4,0,4,0,0
Campbell,C416,U.S. Senate,,Republican,"Valerie ""Dr Val"" FREDRICK",6,1,5,0,0
Campbell,C416,U.S. Senate,,Republican,Jonathan M. HOLLIDAY,0,0,0,0,0
Campbell,C416,U.S. Senate,,Republican,Other Donald WENZEL,0,0,0,0,0
Campbell,C416,U.S. Senate,,Republican,Michael James FARIS,9,1,7,1,0
Campbell,C416,U.S. Senate,,Republican,James D. DUNCAN,0,0,0,0,0
Campbell,C416,U.S. Senate,,Republican,Jimmy I. LEON,0,0,0,0,0
Campbell,C416,U.S. Senate,,Republican,George WASHINGTON,0,0,0,0,0
Campbell,C416,U.S. Senate,,,Under Votes,13,4,9,0,0
Campbell,C416,U.S. Senate,,,Over Votes,0,0,0,0,0
Campbell,C416,U.S. House,4,Republican,Thomas MASSIE,71,11,56,1,3
Campbell,C416,U.S. House,4,Republican,Ed GALLREIN,84,22,59,3,0
Campbell,C416,U.S. House,4,,Under Votes,1,0,1,0,0
Campbell,C416,U.S. House,4,,Over Votes,0,0,0,0,0
Campbell,C416,Ballots Cast,,,,255,,,,
Campbell,C416,County Judge/Executive,,,"Andrew ""Andy"" SCHABELL",44,11,30,1,2
Campbell,C416,County Judge/Executive,,,Steve PENDERY,86,14,69,2,1
Campbell,C416,County Judge/Executive,,,Under Votes,26,8,17,1,0
Campbell,C416,County Judge/Executive,,,Over Votes,0,0,0,0,0
Campbell,C416,Jailer,,,Ryan GROSSER,72,15,52,3,2
Campbell,C416,Jailer,,,Brian JENNINGS,27,5,21,0,1
Campbell,C416,Jailer,,,Under Votes,57,13,43,1,0
Campbell,C416,Jailer,,,Over Votes,0,0,0,0,0
Campbell,C416,County Commissioner 1st District,,,Brian PAINTER,49,9,36,1,3
Campbell,C416,County Commissioner 1st District,,,Dave FISCHER,64,13,50,1,0
Campbell,C416,County Commissioner 1st District,,,Under Votes,43,11,30,2,0
Campbell,C416,County Commissioner 1st District,,,Over Votes,0,0,0,0,0
Campbell,C416,Coroner,,,Mark SCHWEITZER,82,15,62,2,3
Campbell,C416,Coroner,,,Derek MYERS,33,10,23,0,0
Campbell,C416,Coroner,,,Under Votes,41,8,31,2,0
Campbell,C416,Coroner,,,Over Votes,0,0,0,0,0
Campbell,C416,U.S. Senate,,Democratic,Dale Lewis ROMANS,0,0,0,0,0
Campbell,C416,U.S. Senate,,Democratic,Charles BOOKER,37,3,29,5,0
Campbell,C416,U.S. Senate,,Democratic,Logan FORSYTHE,1,0,1,0,0
Campbell,C416,U.S. Senate,,Democratic,Joshua BLANTON SR.,2,0,1,1,0
Campbell,C416,U.S. Senate,,Democratic,Vincent Anthony THOMPSON,1,0,1,0,0
Campbell,C416,U.S. Senate,,Democratic,Pamela STEVENSON,2,0,2,0,0
Campbell,C416,U.S. Senate,,Democratic,Amy McGRATH,41,3,37,0,1
Campbell,C416,U.S. Senate,,,Under Votes,3,0,2,0,1
Campbell,C416,U.S. Senate,,,Over Votes,0,0,0,0,0
Campbell,C416,U.S. House,4,Democratic,Melissa Claire STRANGE,64,3,57,3,1
Campbell,C416,U.S. House,4,Democratic,Jesse Russell BREWER,17,3,12,2,0
Campbell,C416,U.S. House,4,,Under Votes,6,0,4,1,1
Campbell,C416,U.S. House,4,,Over Votes,0,0,0,0,0
Campbell,C416,City Council City OF Fort Thomas,,,Eric STRANGE,70,12,54,3,1
Campbell,C416,City Council City OF Fort Thomas,,,Mary Anne BROWN,61,6,49,4,2
Campbell,C416,City Council City OF Fort Thomas,,,Lauren McINTOSH,74,7,61,5,1
Campbell,C416,City Council City OF Fort Thomas,,,Hunter SCHLOSSER,49,10,37,2,0
Campbell,C416,City Council City OF Fort Thomas,,,Ken BOWMAN,54,9,42,1,2
Campbell,C416,City Council City OF Fort Thomas,,,Frances A. HOFFMAN,57,3,49,4,1
Campbell,C416,City Council City OF Fort Thomas,,,Adam BLAU,86,13,66,5,2
Campbell,C416,City Council City OF Fort Thomas,,,Ben PENDERY,80,14,61,5,0
Campbell,C416,City Council City OF Fort Thomas,,,Allison ALESSANDRO,80,13,63,3,1
Campbell,C416,City Council City OF Fort Thomas,,,Brandon LONG,30,6,23,1,0
Campbell,C416,City Council City OF Fort Thomas,,,Steve AREY,47,5,40,2,0
Campbell,C416,City Council City OF Fort Thomas,,,Ashley SULLIVAN,50,6,39,4,1
Campbell,C416,City Council City OF Fort Thomas,,,Brandon ROLLER,42,5,37,0,0
Campbell,C416,City Council City OF Fort Thomas,,,Huey PERGREM,18,1,16,0,1
Campbell,C416,City Council City OF Fort Thomas,,,Bradley FENNELL,62,9,51,1,1
Campbell,C416,City Council City OF Fort Thomas,,,Under Votes,634,127,476,14,17
Campbell,C416,City Council City OF Fort Thomas,,,Over Votes,0,0,0,0,0
Campbell,A409,U.S. Senate,,Republican,A. Nick SHELLEY,4,0,4,0,0
Campbell,A409,U.S. Senate,,Republican,Daniel CAMERON,67,4,63,0,0
Campbell,A409,U.S. Senate,,Republican,Andy BARR,85,3,81,1,0
Campbell,A409,U.S. Senate,,Republican,Anissa CATLETT,4,1,3,0,0
Campbell,A409,U.S. Senate,,Republican,"Valerie ""Dr Val"" FREDRICK",4,0,4,0,0
Campbell,A409,U.S. Senate,,Republican,Jonathan M. HOLLIDAY,0,0,0,0,0
Campbell,A409,U.S. Senate,,Republican,Other Donald WENZEL,0,0,0,0,0
Campbell,A409,U.S. Senate,,Republican,Michael James FARIS,12,1,11,0,0
Campbell,A409,U.S. Senate,,Republican,James D. DUNCAN,2,0,2,0,0
Campbell,A409,U.S. Senate,,Republican,Jimmy I. LEON,0,0,0,0,0
Campbell,A409,U.S. Senate,,Republican,George WASHINGTON,5,1,4,0,0
Campbell,A409,U.S. Senate,,,Under Votes,14,1,13,0,0
Campbell,A409,U.S. Senate,,,Over Votes,2,0,2,0,0
Campbell,A409,U.S. House,4,Republican,Thomas MASSIE,121,7,114,0,0
Campbell,A409,U.S. House,4,Republican,Ed GALLREIN,78,2,75,1,0
Campbell,A409,U.S. House,4,,Under Votes,4,2,2,0,0
Campbell,A409,U.S. House,4,,Over Votes,0,0,0,0,0
Campbell,A409,Ballots Cast,,,,359,,,,
Campbell,A409,County Judge/Executive,,,"Andrew ""Andy"" SCHABELL",50,1,49,0,0
Campbell,A409,County Judge/Executive,,,Steve PENDERY,131,9,121,1,0
Campbell,A409,County Judge/Executive,,,Under Votes,22,1,21,0,0
Campbell,A409,County Judge/Executive,,,Over Votes,0,0,0,0,0
Campbell,A409,Jailer,,,Ryan GROSSER,111,7,103,1,0
Campbell,A409,Jailer,,,Brian JENNINGS,35,2,33,0,0
Campbell,A409,Jailer,,,Under Votes,57,2,55,0,0
Campbell,A409,Jailer,,,Over Votes,0,0,0,0,0
Campbell,A409,County Commissioner 1st District,,,Brian PAINTER,79,7,71,1,0
Campbell,A409,County Commissioner 1st District,,,Dave FISCHER,96,4,92,0,0
Campbell,A409,County Commissioner 1st District,,,Under Votes,28,0,28,0,0
Campbell,A409,County Commissioner 1st District,,,Over Votes,0,0,0,0,0
Campbell,A409,Coroner,,,Mark SCHWEITZER,152,9,142,1,0
Campbell,A409,Coroner,,,Derek MYERS,22,0,22,0,0
Campbell,A409,Coroner,,,Under Votes,29,2,27,0,0
Campbell,A409,Coroner,,,Over Votes,0,0,0,0,0
Campbell,A409,Constable,,,Sean DONELAN,111,6,105,0,0
Campbell,A409,Constable,,,Ken WARDEN,58,5,52,1,0
Campbell,A409,Constable,,,Under Votes,34,0,34,0,0
Campbell,A409,Constable,,,Over Votes,0,0,0,0,0
Campbell,A409,U.S. Senate,,Democratic,Dale Lewis ROMANS,2,0,2,0,0
Campbell,A409,U.S. Senate,,Democratic,Charles BOOKER,51,5,45,1,0
Campbell,A409,U.S. Senate,,Democratic,Logan FORSYTHE,2,0,2,0,0
Campbell,A409,U.S. Senate,,Democratic,Joshua BLANTON SR.,5,0,3,2,0
Campbell,A409,U.S. Senate,,Democratic,Vincent Anthony THOMPSON,0,0,0,0,0
Campbell,A409,U.S. Senate,,Democratic,Pamela STEVENSON,5,0,5,0,0
Campbell,A409,U.S. Senate,,Democratic,Amy McGRATH,61,5,48,2,6
Campbell,A409,U.S. Senate,,,Under Votes,4,0,4,0,0
Campbell,A409,U.S. Senate,,,Over Votes,0,0,0,0,0
Campbell,A409,U.S. House,4,Democratic,Melissa Claire STRANGE,88,8,74,3,3
Campbell,A409,U.S. House,4,Democratic,Jesse Russell BREWER,28,2,23,0,3
Campbell,A409,U.S. House,4,,Under Votes,14,0,12,2,0
Campbell,A409,U.S. House,4,,Over Votes,0,0,0,0,0
Campbell,A409,City Council City OF Fort Thomas,,,Eric STRANGE,146,6,138,2,0
Campbell,A409,City Council City OF Fort Thomas,,,Mary Anne BROWN,101,7,90,0,4
Campbell,A409,City Council City OF Fort Thomas,,,Lauren McINTOSH,94,7,85,1,1
Campbell,A409,City Council City OF Fort Thomas,,,Hunter SCHLOSSER,62,4,54,4,0
Campbell,A409,City Council City OF Fort Thomas,,,Ken BOWMAN,124,10,108,3,3
Campbell,A409,City Council City OF Fort Thomas,,,Frances A. HOFFMAN,116,3,108,1,4
Campbell,A409,City Council City OF Fort Thomas,,,Adam BLAU,171,7,158,6,0
Campbell,A409,City Council City OF Fort Thomas,,,Ben PENDERY,147,11,131,3,2
Campbell,A409,City Council City OF Fort Thomas,,,Allison ALESSANDRO,100,3,91,2,4
Campbell,A409,City Council City OF Fort Thomas,,,Brandon LONG,79,8,66,1,4
Campbell,A409,City Council City OF Fort Thomas,,,Steve AREY,159,3,153,2,1
Campbell,A409,City Council City OF Fort Thomas,,,Ashley SULLIVAN,63,5,58,0,0
Campbell,A409,City Council City OF Fort Thomas,,,Brandon ROLLER,82,3,76,3,0
Campbell,A409,City Council City OF Fort Thomas,,,Huey PERGREM,67,5,56,1,5
Campbell,A409,City Council City OF Fort Thomas,,,Bradley FENNELL,116,7,106,3,0
Campbell,A409,City Council City OF Fort Thomas,,,Under Votes,527,37,466,10,14
Campbell,A409,City Council City OF Fort Thomas,,,Over Votes,0,0,0,0,0
Campbell,A410,U.S. Senate,,Republican,A. Nick SHELLEY,10,0,10,0,0
Campbell,A410,U.S. Senate,,Republican,Daniel CAMERON,120,2,115,2,1
Campbell,A410,U.S. Senate,,Republican,Andy BARR,215,17,189,6,3
Campbell,A410,U.S. Senate,,Republican,Anissa CATLETT,4,0,4,0,0
Campbell,A410,U.S. Senate,,Republican,"Valerie ""Dr Val"" FREDRICK",6,1,4,1,0
Campbell,A410,U.S. Senate,,Republican,Jonathan M. HOLLIDAY,5,0,5,0,0
Campbell,A410,U.S. Senate,,Republican,Other Donald WENZEL,0,0,0,0,0
Campbell,A410,U.S. Senate,,Republican,Michael James FARIS,18,1,16,1,0
Campbell,A410,U.S. Senate,,Republican,James D. DUNCAN,2,0,2,0,0
Campbell,A410,U.S. Senate,,Republican,Jimmy I. LEON,0,0,0,0,0
Campbell,A410,U.S. Senate,,Republican,George WASHINGTON,9,0,9,0,0
Campbell,A410,U.S. Senate,,,Under Votes,34,0,33,1,0
Campbell,A410,U.S. Senate,,,Over Votes,1,0,1,0,0
Campbell,A410,U.S. House,4,Republican,Thomas MASSIE,232,9,218,3,2
Campbell,A410,U.S. House,4,Republican,Ed GALLREIN,187,12,166,7,2
Campbell,A410,U.S. House,4,,Under Votes,12,0,12,0,0
Campbell,A410,U.S. House,4,,Over Votes,1,0,0,1,0
Campbell,A410,Ballots Cast,,,,778,,,,
Campbell,A410,County Judge/Executive,,,"Andrew ""Andy"" SCHABELL",125,5,116,2,2
Campbell,A410,County Judge/Executive,,,Steve PENDERY,275,15,251,7,2
Campbell,A410,County Judge/Executive,,,Under Votes,32,1,29,2,0
Campbell,A410,County Judge/Executive,,,Over Votes,0,0,0,0,0
Campbell,A410,Jailer,,,Ryan GROSSER,274,17,250,3,4
Campbell,A410,Jailer,,,Brian JENNINGS,79,4,68,7,0
Campbell,A410,Jailer,,,Under Votes,79,0,78,1,0
Campbell,A410,Jailer,,,Over Votes,0,0,0,0,0
Campbell,A410,County Commissioner 1st District,,,Brian PAINTER,178,7,167,1,3
Campbell,A410,County Commissioner 1st District,,,Dave FISCHER,214,14,191,9,0
Campbell,A410,County Commissioner 1st District,,,Under Votes,40,0,38,1,1
Campbell,A410,County Commissioner 1st District,,,Over Votes,0,0,0,0,0
Campbell,A410,Coroner,,,Mark SCHWEITZER,323,18,294,8,3
Campbell,A410,Coroner,,,Derek MYERS,74,3,69,2,0
Campbell,A410,Coroner,,,Under Votes,35,0,33,1,1
Campbell,A410,Coroner,,,Over Votes,0,0,0,0,0
Campbell,A410,Constable,,,Sean DONELAN,268,7,252,6,3
Campbell,A410,Constable,,,Ken WARDEN,128,12,112,4,0
Campbell,A410,Constable,,,Under Votes,36,2,32,1,1
Campbell,A410,Constable,,,Over Votes,0,0,0,0,0
Campbell,A410,U.S. Senate,,Democratic,Dale Lewis ROMANS,0,0,0,0,0
Campbell,A410,U.S. Senate,,Democratic,Charles BOOKER,151,9,137,4,1
Campbell,A410,U.S. Senate,,Democratic,Logan FORSYTHE,6,0,5,1,0
Campbell,A410,U.S. Senate,,Democratic,Joshua BLANTON SR.,1,0,0,1,0
Campbell,A410,U.S. Senate,,Democratic,Vincent Anthony THOMPSON,3,0,3,0,0
Campbell,A410,U.S. Senate,,Democratic,Pamela STEVENSON,8,0,8,0,0
Campbell,A410,U.S. Senate,,Democratic,Amy McGRATH,110,3,98,5,4
Campbell,A410,U.S. Senate,,,Under Votes,14,0,14,0,0
Campbell,A410,U.S. Senate,,,Over Votes,0,0,0,0,0
Campbell,A410,U.S. House,4,Democratic,Melissa Claire STRANGE,209,11,187,7,4
Campbell,A410,U.S. House,4,Democratic,Jesse Russell BREWER,49,0,45,4,0
Campbell,A410,U.S. House,4,,Under Votes,35,1,33,0,1
Campbell,A410,U.S. House,4,,Over Votes,0,0,0,0,0
Campbell,A410,City Council City OF Fort Thomas,,,Eric STRANGE,291,17,263,7,4
Campbell,A410,City Council City OF Fort Thomas,,,Mary Anne BROWN,241,7,225,7,2
Campbell,A410,City Council City OF Fort Thomas,,,Lauren McINTOSH,207,9,189,6,3
Campbell,A410,City Council City OF Fort Thomas,,,Hunter SCHLOSSER,167,5,158,3,1
Campbell,A410,City Council City OF Fort Thomas,,,Ken BOWMAN,267,14,237,12,4
Campbell,A410,City Council City OF Fort Thomas,,,Frances A. HOFFMAN,236,12,214,5,5
Campbell,A410,City Council City OF Fort Thomas,,,Adam BLAU,337,18,307,8,4
Campbell,A410,City Council City OF Fort Thomas,,,Ben PENDERY,293,19,265,8,1
Campbell,A410,City Council City OF Fort Thomas,,,Allison ALESSANDRO,243,8,222,9,4
Campbell,A410,City Council City OF Fort Thomas,,,Brandon LONG,177,7,163,5,2
Campbell,A410,City Council City OF Fort Thomas,,,Steve AREY,275,11,254,6,4
Campbell,A410,City Council City OF Fort Thomas,,,Ashley SULLIVAN,116,3,106,5,2
Campbell,A410,City Council City OF Fort Thomas,,,Brandon ROLLER,222,13,203,3,3
Campbell,A410,City Council City OF Fort Thomas,,,Huey PERGREM,167,8,155,3,1
Campbell,A410,City Council City OF Fort Thomas,,,Bradley FENNELL,250,14,224,10,2
Campbell,A410,City Council City OF Fort Thomas,,,Under Votes,1167,63,1057,35,12
Campbell,A410,City Council City OF Fort Thomas,,,Over Votes,2,0,1,1,0
Campbell,A412,U.S. Senate,,Republican,A. Nick SHELLEY,1,0,1,0,0
Campbell,A412,U.S. Senate,,Republican,Daniel CAMERON,86,6,78,1,1
Campbell,A412,U.S. Senate,,Republican,Andy BARR,119,9,109,1,0
Campbell,A412,U.S. Senate,,Republican,Anissa CATLETT,3,2,1,0,0
Campbell,A412,U.S. Senate,,Republican,"Valerie ""Dr Val"" FREDRICK",4,0,4,0,0
Campbell,A412,U.S. Senate,,Republican,Jonathan M. HOLLIDAY,2,0,2,0,0
Campbell,A412,U.S. Senate,,Republican,Other Donald WENZEL,0,0,0,0,0
Campbell,A412,U.S. Senate,,Republican,Michael James FARIS,14,0,14,0,0
Campbell,A412,U.S. Senate,,Republican,James D. DUNCAN,0,0,0,0,0
Campbell,A412,U.S. Senate,,Republican,Jimmy I. LEON,0,0,0,0,0
Campbell,A412,U.S. Senate,,Republican,George WASHINGTON,4,0,4,0,0
Campbell,A412,U.S. Senate,,,Under Votes,35,2,33,0,0
Campbell,A412,U.S. Senate,,,Over Votes,0,0,0,0,0
Campbell,A412,U.S. House,4,Republican,Thomas MASSIE,136,10,126,0,0
Campbell,A412,U.S. House,4,Republican,Ed GALLREIN,130,9,118,2,1
Campbell,A412,U.S. House,4,,Under Votes,13,1,12,0,0
Campbell,A412,U.S. House,4,,Over Votes,0,0,0,0,0
Campbell,A412,Ballots Cast,,,,455,,,,
Campbell,A412,County Judge/Executive,,,"Andrew ""Andy"" SCHABELL",79,5,74,0,0
Campbell,A412,County Judge/Executive,,,Steve PENDERY,166,13,150,2,1
Campbell,A412,County Judge/Executive,,,Under Votes,34,2,32,0,0
Campbell,A412,County Judge/Executive,,,Over Votes,0,0,0,0,0
Campbell,A412,Jailer,,,Ryan GROSSER,159,11,145,2,1
Campbell,A412,Jailer,,,Brian JENNINGS,51,5,46,0,0
Campbell,A412,Jailer,,,Under Votes,69,4,65,0,0
Campbell,A412,Jailer,,,Over Votes,0,0,0,0,0
Campbell,A412,County Commissioner 1st District,,,Brian PAINTER,72,6,64,2,0
Campbell,A412,County Commissioner 1st District,,,Dave FISCHER,162,10,151,0,1
Campbell,A412,County Commissioner 1st District,,,Under Votes,44,4,40,0,0
Campbell,A412,County Commissioner 1st District,,,Over Votes,1,0,1,0,0
Campbell,A412,Coroner,,,Mark SCHWEITZER,192,16,173,2,1
Campbell,A412,Coroner,,,Derek MYERS,47,3,44,0,0
Campbell,A412,Coroner,,,Under Votes,39,1,38,0,0
Campbell,A412,Coroner,,,Over Votes,1,0,1,0,0
Campbell,A412,Constable,,,Sean DONELAN,158,14,141,2,1
Campbell,A412,Constable,,,Ken WARDEN,67,3,64,0,0
Campbell,A412,Constable,,,Under Votes,53,3,50,0,0
Campbell,A412,Constable,,,Over Votes,1,0,1,0,0
Campbell,A412,U.S. Senate,,Democratic,Dale Lewis ROMANS,3,0,3,0,0
Campbell,A412,U.S. Senate,,Democratic,Charles BOOKER,63,2,61,0,0
Campbell,A412,U.S. Senate,,Democratic,Logan FORSYTHE,1,0,1,0,0
Campbell,A412,U.S. Senate,,Democratic,Joshua BLANTON SR.,2,0,2,0,0
Campbell,A412,U.S. Senate,,Democratic,Vincent Anthony THOMPSON,2,0,2,0,0
Campbell,A412,U.S. Senate,,Democratic,Pamela STEVENSON,4,0,4,0,0
Campbell,A412,U.S. Senate,,Democratic,Amy McGRATH,70,4,65,1,0
Campbell,A412,U.S. Senate,,,Under Votes,12,1,11,0,0
Campbell,A412,U.S. Senate,,,Over Votes,0,0,0,0,0
Campbell,A412,U.S. House,4,Democratic,Melissa Claire STRANGE,110,4,105,1,0
Campbell,A412,U.S. House,4,Democratic,Jesse Russell BREWER,27,1,26,0,0
Campbell,A412,U.S. House,4,,Under Votes,20,2,18,0,0
Campbell,A412,U.S. House,4,,Over Votes,0,0,0,0,0
Campbell,A412,City Council City OF Fort Thomas,,,Eric STRANGE,164,9,155,0,0
Campbell,A412,City Council City OF Fort Thomas,,,Mary Anne BROWN,105,6,98,0,1
Campbell,A412,City Council City OF Fort Thomas,,,Lauren McINTOSH,134,6,125,2,1
Campbell,A412,City Council City OF Fort Thomas,,,Hunter SCHLOSSER,97,6,88,3,0
Campbell,A412,City Council City OF Fort Thomas,,,Ken BOWMAN,112,9,100,2,1
Campbell,A412,City Council City OF Fort Thomas,,,Frances A. HOFFMAN,138,6,131,0,1
Campbell,A412,City Council City OF Fort Thomas,,,Adam BLAU,206,10,196,0,0
Campbell,A412,City Council City OF Fort Thomas,,,Ben PENDERY,140,10,127,2,1
Campbell,A412,City Council City OF Fort Thomas,,,Allison ALESSANDRO,133,12,120,1,0
Campbell,A412,City Council City OF Fort Thomas,,,Brandon LONG,65,5,60,0,0
Campbell,A412,City Council City OF Fort Thomas,,,Steve AREY,182,12,170,0,0
Campbell,A412,City Council City OF Fort Thomas,,,Ashley SULLIVAN,67,6,60,0,1
Campbell,A412,City Council City OF Fort Thomas,,,Brandon ROLLER,117,6,109,2,0
Campbell,A412,City Council City OF Fort Thomas,,,Huey PERGREM,67,5,61,0,1
Campbell,A412,City Council City OF Fort Thomas,,,Bradley FENNELL,135,9,123,2,1
Campbell,A412,City Council City OF Fort Thomas,,,Under Votes,862,45,809,4,4
Campbell,A412,City Council City OF Fort Thomas,,,Over Votes,1,0,1,0,0
Campbell,A418,U.S. Senate,,Republican,A. Nick SHELLEY,5,0,5,0,0
Campbell,A418,U.S. Senate,,Republican,Daniel CAMERON,94,6,86,1,1
Campbell,A418,U.S. Senate,,Republican,Andy BARR,127,13,112,0,2
Campbell,A418,U.S. Senate,,Republican,Anissa CATLETT,4,0,4,0,0
Campbell,A418,U.S. Senate,,Republican,"Valerie ""Dr Val"" FREDRICK",5,1,4,0,0
Campbell,A418,U.S. Senate,,Republican,Jonathan M. HOLLIDAY,0,0,0,0,0
Campbell,A418,U.S. Senate,,Republican,Other Donald WENZEL,0,0,0,0,0
Campbell,A418,U.S. Senate,,Republican,Michael James FARIS,13,0,13,0,0
Campbell,A418,U.S. Senate,,Republican,James D. DUNCAN,1,1,0,0,0
Campbell,A418,U.S. Senate,,Republican,Jimmy I. LEON,3,0,3,0,0
Campbell,A418,U.S. Senate,,Republican,George WASHINGTON,10,0,10,0,0
Campbell,A418,U.S. Senate,,,Under Votes,25,3,22,0,0
Campbell,A418,U.S. Senate,,,Over Votes,0,0,0,0,0
Campbell,A418,U.S. House,4,Republican,Thomas MASSIE,163,14,147,1,1
Campbell,A418,U.S. House,4,Republican,Ed GALLREIN,125,10,113,0,2
Campbell,A418,U.S. House,4,,Under Votes,3,0,3,0,0
Campbell,A418,U.S. House,4,,Over Votes,0,0,0,0,0
Campbell,A418,Ballots Cast,,,,519,,,,
Campbell,A418,County Judge/Executive,,,"Andrew ""Andy"" SCHABELL",100,11,88,1,0
Campbell,A418,County Judge/Executive,,,Steve PENDERY,162,11,149,0,2
Campbell,A418,County Judge/Executive,,,Under Votes,29,2,26,0,1
Campbell,A418,County Judge/Executive,,,Over Votes,0,0,0,0,0
Campbell,A418,Jailer,,,Ryan GROSSER,179,15,161,1,2
Campbell,A418,Jailer,,,Brian JENNINGS,46,3,43,0,0
Campbell,A418,Jailer,,,Under Votes,66,6,59,0,1
Campbell,A418,Jailer,,,Over Votes,0,0,0,0,0
Campbell,A418,County Commissioner 1st District,,,Brian PAINTER,108,9,97,1,1
Campbell,A418,County Commissioner 1st District,,,Dave FISCHER,139,13,125,0,1
Campbell,A418,County Commissioner 1st District,,,Under Votes,44,2,41,0,1
Campbell,A418,County Commissioner 1st District,,,Over Votes,0,0,0,0,0
Campbell,A418,Coroner,,,Mark SCHWEITZER,191,19,171,0,1
Campbell,A418,Coroner,,,Derek MYERS,65,3,60,1,1
Campbell,A418,Coroner,,,Under Votes,35,2,32,0,1
Campbell,A418,Coroner,,,Over Votes,0,0,0,0,0
Campbell,A418,Constable,,,Sean DONELAN,164,14,148,1,1
Campbell,A418,Constable,,,Ken WARDEN,66,6,59,0,1
Campbell,A418,Constable,,,Under Votes,61,4,56,0,1
Campbell,A418,Constable,,,Over Votes,0,0,0,0,0
Campbell,A418,U.S. Senate,,Democratic,Dale Lewis ROMANS,1,0,1,0,0
Campbell,A418,U.S. Senate,,Democratic,Charles BOOKER,94,3,87,2,2
Campbell,A418,U.S. Senate,,Democratic,Logan FORSYTHE,5,1,4,0,0
Campbell,A418,U.S. Senate,,Democratic,Joshua BLANTON SR.,0,0,0,0,0
Campbell,A418,U.S. Senate,,Democratic,Vincent Anthony THOMPSON,2,0,2,0,0
Campbell,A418,U.S. Senate,,Democratic,Pamela STEVENSON,12,0,12,0,0
Campbell,A418,U.S. Senate,,Democratic,Amy McGRATH,82,2,79,0,1
Campbell,A418,U.S. Senate,,,Under Votes,8,1,7,0,0
Campbell,A418,U.S. Senate,,,Over Votes,0,0,0,0,0
Campbell,A418,U.S. House,4,Democratic,Melissa Claire STRANGE,145,5,138,0,2
Campbell,A418,U.S. House,4,Democratic,Jesse Russell BREWER,34,1,32,0,1
Campbell,A418,U.S. House,4,,Under Votes,25,1,22,2,0
Campbell,A418,U.S. House,4,,Over Votes,0,0,0,0,0
Campbell,A418,City Council City OF Fort Thomas,,,Eric STRANGE,157,7,150,0,0
Campbell,A418,City Council City OF Fort Thomas,,,Mary Anne BROWN,145,11,131,1,2
Campbell,A418,City Council City OF Fort Thomas,,,Lauren McINTOSH,147,3,143,0,1
Campbell,A418,City Council City OF Fort Thomas,,,Hunter SCHLOSSER,107,3,103,0,1
Campbell,A418,City Council City OF Fort Thomas,,,Ken BOWMAN,164,10,149,3,2
Campbell,A418,City Council City OF Fort Thomas,,,Frances A. HOFFMAN,128,7,117,1,3
Campbell,A418,City Council City OF Fort Thomas,,,Adam BLAU,219,12,203,2,2
Campbell,A418,City Council City OF Fort Thomas,,,Ben PENDERY,160,10,148,1,1
Campbell,A418,City Council City OF Fort Thomas,,,Allison ALESSANDRO,179,6,169,2,2
Campbell,A418,City Council City OF Fort Thomas,,,Brandon LONG,127,6,116,3,2
Campbell,A418,City Council City OF Fort Thomas,,,Steve AREY,163,5,158,0,0
Campbell,A418,City Council City OF Fort Thomas,,,Ashley SULLIVAN,99,11,88,0,0
Campbell,A418,City Council City OF Fort Thomas,,,Brandon ROLLER,129,4,123,0,2
Campbell,A418,City Council City OF Fort Thomas,,,Huey PERGREM,80,6,72,1,1
Campbell,A418,City Council City OF Fort Thomas,,,Bradley FENNELL,151,8,141,0,2
Campbell,A418,City Council City OF Fort Thomas,,,Under Votes,959,77,851,10,21
Campbell,A418,City Council City OF Fort Thomas,,,Over Votes,0,0,0,0,0
Campbell,A419,U.S. Senate,,Republican,A. Nick SHELLEY,2,0,2,0,0
Campbell,A419,U.S. Senate,,Republican,Daniel CAMERON,27,4,21,2,0
Campbell,A419,U.S. Senate,,Republican,Andy BARR,68,7,55,5,1
Campbell,A419,U.S. Senate,,Republican,Anissa CATLETT,0,0,0,0,0
Campbell,A419,U.S. Senate,,Republican,"Valerie ""Dr Val"" FREDRICK",0,0,0,0,0
Campbell,A419,U.S. Senate,,Republican,Jonathan M. HOLLIDAY,1,0,1,0,0
Campbell,A419,U.S. Senate,,Republican,Other Donald WENZEL,2,1,1,0,0
Campbell,A419,U.S. Senate,,Republican,Michael James FARIS,1,0,1,0,0
Campbell,A419,U.S. Senate,,Republican,James D. DUNCAN,0,0,0,0,0
Campbell,A419,U.S. Senate,,Republican,Jimmy I. LEON,1,0,1,0,0
Campbell,A419,U.S. Senate,,Republican,George WASHINGTON,1,0,1,0,0
Campbell,A419,U.S. Senate,,,Under Votes,12,2,9,1,0
Campbell,A419,U.S. Senate,,,Over Votes,0,0,0,0,0
Campbell,A419,U.S. House,4,Republican,Thomas MASSIE,57,10,43,4,0
Campbell,A419,U.S. House,4,Republican,Ed GALLREIN,59,4,50,4,1
Campbell,A419,U.S. House,4,,Under Votes,0,0,0,0,0
Campbell,A419,U.S. House,4,,Over Votes,0,0,0,0,0
Campbell,A419,Ballots Cast,,,,204,,,,
Campbell,A419,County Judge/Executive,,,"Andrew ""Andy"" SCHABELL",35,6,26,3,0
Campbell,A419,County Judge/Executive,,,Steve PENDERY,74,8,60,5,1
Campbell,A419,County Judge/Executive,,,Under Votes,7,0,7,0,0
Campbell,A419,County Judge/Executive,,,Over Votes,0,0,0,0,0
Campbell,A419,Jailer,,,Ryan GROSSER,74,10,60,3,1
Campbell,A419,Jailer,,,Brian JENNINGS,9,0,5,4,0
Campbell,A419,Jailer,,,Under Votes,33,4,28,1,0
Campbell,A419,Jailer,,,Over Votes,0,0,0,0,0
Campbell,A419,County Commissioner 1st District,,,Brian PAINTER,40,6,31,3,0
Campbell,A419,County Commissioner 1st District,,,Dave FISCHER,54,8,41,5,0
Campbell,A419,County Commissioner 1st District,,,Under Votes,22,0,21,0,1
Campbell,A419,County Commissioner 1st District,,,Over Votes,0,0,0,0,0
Campbell,A419,Coroner,,,Mark SCHWEITZER,73,11,57,5,0
Campbell,A419,Coroner,,,Derek MYERS,26,2,21,3,0
Campbell,A419,Coroner,,,Under Votes,17,1,15,0,1
Campbell,A419,Coroner,,,Over Votes,0,0,0,0,0
Campbell,A419,Constable,,,Sean DONELAN,50,7,41,2,0
Campbell,A419,Constable,,,Ken WARDEN,37,5,27,5,0
Campbell,A419,Constable,,,Under Votes,29,2,25,1,1
Campbell,A419,Constable,,,Over Votes,0,0,0,0,0
Campbell,A419,U.S. Senate,,Democratic,Dale Lewis ROMANS,1,0,1,0,0
Campbell,A419,U.S. Senate,,Democratic,Charles BOOKER,28,5,21,2,0
Campbell,A419,U.S. Senate,,Democratic,Logan FORSYTHE,4,0,3,1,0
Campbell,A419,U.S. Senate,,Democratic,Joshua BLANTON SR.,2,0,0,2,0
Campbell,A419,U.S. Senate,,Democratic,Vincent Anthony THOMPSON,3,0,2,1,0
Campbell,A419,U.S. Senate,,Democratic,Pamela STEVENSON,5,0,4,1,0
Campbell,A419,U.S. Senate,,Democratic,Amy McGRATH,28,6,17,5,0
Campbell,A419,U.S. Senate,,,Under Votes,2,1,1,0,0
Campbell,A419,U.S. Senate,,,Over Votes,0,0,0,0,0
Campbell,A419,U.S. House,4,Democratic,Melissa Claire STRANGE,52,9,34,9,0
Campbell,A419,U.S. House,4,Democratic,Jesse Russell BREWER,18,2,13,3,0
Campbell,A419,U.S. House,4,,Under Votes,3,1,2,0,0
Campbell,A419,U.S. House,4,,Over Votes,0,0,0,0,0
Campbell,A419,City Council City OF Fort Thomas,,,Eric STRANGE,73,4,62,6,1
Campbell,A419,City Council City OF Fort Thomas,,,Mary Anne BROWN,74,14,50,10,0
Campbell,A419,City Council City OF Fort Thomas,,,Lauren McINTOSH,72,9,56,7,0
Campbell,A419,City Council City OF Fort Thomas,,,Hunter SCHLOSSER,44,5,35,3,1
Campbell,A419,City Council City OF Fort Thomas,,,Ken BOWMAN,55,9,42,4,0
Campbell,A419,City Council City OF Fort Thomas,,,Frances A. HOFFMAN,43,5,33,5,0
Campbell,A419,City Council City OF Fort Thomas,,,Adam BLAU,63,5,55,3,0
Campbell,A419,City Council City OF Fort Thomas,,,Ben PENDERY,68,9,52,6,1
Campbell,A419,City Council City OF Fort Thomas,,,Allison ALESSANDRO,62,11,43,8,0
Campbell,A419,City Council City OF Fort Thomas,,,Brandon LONG,32,5,22,5,0
Campbell,A419,City Council City OF Fort Thomas,,,Steve AREY,64,5,57,2,0
Campbell,A419,City Council City OF Fort Thomas,,,Ashley SULLIVAN,42,7,26,9,0
Campbell,A419,City Council City OF Fort Thomas,,,Brandon ROLLER,52,4,41,6,1
Campbell,A419,City Council City OF Fort Thomas,,,Huey PERGREM,28,6,19,3,0
Campbell,A419,City Council City OF Fort Thomas,,,Bradley FENNELL,72,10,53,8,1
Campbell,A419,City Council City OF Fort Thomas,,,Under Votes,368,48,278,41,1
Campbell,A419,City Council City OF Fort Thomas,,,Over Votes,2,0,2,0,0
Campbell,B904,U.S. Senate,,Republican,A. Nick SHELLEY,7,0,7,0,0
Campbell,B904,U.S. Senate,,Republican,Daniel CAMERON,146,18,128,0,0
Campbell,B904,U.S. Senate,,Republican,Andy BARR,319,38,279,1,1
Campbell,B904,U.S. Senate,,Republican,Anissa CATLETT,6,0,6,0,0
Campbell,B904,U.S. Senate,,Republican,"Valerie ""Dr Val"" FREDRICK",10,1,9,0,0
Campbell,B904,U.S. Senate,,Republican,Jonathan M. HOLLIDAY,4,0,4,0,0
Campbell,B904,U.S. Senate,,Republican,Other Donald WENZEL,1,0,1,0,0
Campbell,B904,U.S. Senate,,Republican,Michael James FARIS,22,2,18,2,0
Campbell,B904,U.S. Senate,,Republican,James D. DUNCAN,2,1,1,0,0
Campbell,B904,U.S. Senate,,Republican,Jimmy I. LEON,1,0,1,0,0
Campbell,B904,U.S. Senate,,Republican,George WASHINGTON,8,1,7,0,0
Campbell,B904,U.S. Senate,,,Under Votes,23,2,21,0,0
Campbell,B904,U.S. Senate,,,Over Votes,0,0,0,0,0
Campbell,B904,U.S. House,4,Republican,Thomas MASSIE,245,28,215,2,0
Campbell,B904,U.S. House,4,Republican,Ed GALLREIN,311,35,272,3,1
Campbell,B904,U.S. House,4,,Under Votes,6,0,6,0,0
Campbell,B904,U.S. House,4,,Over Votes,0,0,0,0,0
Campbell,B904,Ballots Cast,,,,685,,,,
Campbell,B904,State Representative,78,Republican,Brandon N. MONTANO,101,14,82,5,0
Campbell,B904,State Representative,78,Republican,Mark HART,400,47,352,0,1
Campbell,B904,State Representative,78,,Under Votes,61,2,59,0,0
Campbell,B904,State Representative,78,,Over Votes,0,0,0,0,0
Campbell,B904,County Judge/Executive,,,"Andrew ""Andy"" SCHABELL",353,39,311,2,1
Campbell,B904,County Judge/Executive,,,Steve PENDERY,187,24,160,3,0
Campbell,B904,County Judge/Executive,,,Under Votes,22,0,22,0,0
Campbell,B904,County Judge/Executive,,,Over Votes,0,0,0,0,0
Campbell,B904,Jailer,,,Ryan GROSSER,350,39,310,1,0
Campbell,B904,Jailer,,,Brian JENNINGS,153,18,132,2,1
Campbell,B904,Jailer,,,Under Votes,59,6,51,2,0
Campbell,B904,Jailer,,,Over Votes,0,0,0,0,0
Campbell,B904,County Commissioner 1st District,,,Brian PAINTER,322,42,280,0,0
Campbell,B904,County Commissioner 1st District,,,Dave FISCHER,195,20,171,3,1
Campbell,B904,County Commissioner 1st District,,,Under Votes,44,1,41,2,0
Campbell,B904,County Commissioner 1st District,,,Over Votes,1,0,1,0,0
Campbell,B904,Coroner,,,Mark SCHWEITZER,388,44,344,0,0
Campbell,B904,Coroner,,,Derek MYERS,148,18,124,5,1
Campbell,B904,Coroner,,,Under Votes,26,1,25,0,0
Campbell,B904,Coroner,,,Over Votes,0,0,0,0,0
Campbell,B904,U.S. Senate,,Democratic,Dale Lewis ROMANS,2,0,2,0,0
Campbell,B904,U.S. Senate,,Democratic,Charles BOOKER,40,3,37,0,0
Campbell,B904,U.S. Senate,,Democratic,Logan FORSYTHE,4,0,4,0,0
Campbell,B904,U.S. Senate,,Democratic,Joshua BLANTON SR.,3,0,3,0,0
Campbell,B904,U.S. Senate,,Democratic,Vincent Anthony THOMPSON,3,0,3,0,0
Campbell,B904,U.S. Senate,,Democratic,Pamela STEVENSON,6,1,5,0,0
Campbell,B904,U.S. Senate,,Democratic,Amy McGRATH,60,6,53,0,1
Campbell,B904,U.S. Senate,,,Under Votes,5,0,5,0,0
Campbell,B904,U.S. Senate,,,Over Votes,0,0,0,0,0
Campbell,B904,U.S. House,4,Democratic,Melissa Claire STRANGE,80,9,70,0,1
Campbell,B904,U.S. House,4,Democratic,Jesse Russell BREWER,36,0,36,0,0
Campbell,B904,U.S. House,4,,Under Votes,7,1,6,0,0
Campbell,B904,U.S. House,4,,Over Votes,0,0,0,0,0
Campbell,A601,U.S. Senate,,Republican,A. Nick SHELLEY,1,0,1,0,0
Campbell,A601,U.S. Senate,,Republican,Daniel CAMERON,33,5,28,0,0
Campbell,A601,U.S. Senate,,Republican,Andy BARR,35,9,26,0,0
Campbell,A601,U.S. Senate,,Republican,Anissa CATLETT,0,0,0,0,0
Campbell,A601,U.S. Senate,,Republican,"Valerie ""Dr Val"" FREDRICK",1,0,1,0,0
Campbell,A601,U.S. Senate,,Republican,Jonathan M. HOLLIDAY,0,0,0,0,0
Campbell,A601,U.S. Senate,,Republican,Other Donald WENZEL,1,0,1,0,0
Campbell,A601,U.S. Senate,,Republican,Michael James FARIS,3,0,3,0,0
Campbell,A601,U.S. Senate,,Republican,James D. DUNCAN,1,0,1,0,0
Campbell,A601,U.S. Senate,,Republican,Jimmy I. LEON,0,0,0,0,0
Campbell,A601,U.S. Senate,,Republican,George WASHINGTON,1,0,1,0,0
Campbell,A601,U.S. Senate,,,Under Votes,5,0,5,0,0
Campbell,A601,U.S. Senate,,,Over Votes,0,0,0,0,0
Campbell,A601,U.S. House,4,Republican,Thomas MASSIE,53,11,42,0,0
Campbell,A601,U.S. House,4,Republican,Ed GALLREIN,33,3,30,0,0
Campbell,A601,U.S. House,4,,Under Votes,2,0,2,0,0
Campbell,A601,U.S. House,4,,Over Votes,0,0,0,0,0
Campbell,A601,Ballots Cast,,,,141,,,,
Campbell,A601,County Judge/Executive,,,"Andrew ""Andy"" SCHABELL",32,2,30,0,0
Campbell,A601,County Judge/Executive,,,Steve PENDERY,53,11,42,0,0
Campbell,A601,County Judge/Executive,,,Under Votes,3,1,2,0,0
Campbell,A601,County Judge/Executive,,,Over Votes,0,0,0,0,0
Campbell,A601,Jailer,,,Ryan GROSSER,54,9,45,0,0
Campbell,A601,Jailer,,,Brian JENNINGS,16,2,14,0,0
Campbell,A601,Jailer,,,Under Votes,18,3,15,0,0
Campbell,A601,Jailer,,,Over Votes,0,0,0,0,0
Campbell,A601,County Commissioner 1st District,,,Brian PAINTER,44,10,34,0,0
Campbell,A601,County Commissioner 1st District,,,Dave FISCHER,29,2,27,0,0
Campbell,A601,County Commissioner 1st District,,,Under Votes,15,2,13,0,0
Campbell,A601,County Commissioner 1st District,,,Over Votes,0,0,0,0,0
Campbell,A601,Coroner,,,Mark SCHWEITZER,55,7,48,0,0
Campbell,A601,Coroner,,,Derek MYERS,22,4,18,0,0
Campbell,A601,Coroner,,,Under Votes,11,3,8,0,0
Campbell,A601,Coroner,,,Over Votes,0,0,0,0,0
Campbell,A601,Constable,,,Sean DONELAN,36,5,31,0,0
Campbell,A601,Constable,,,Ken WARDEN,33,5,28,0,0
Campbell,A601,Constable,,,Under Votes,19,4,15,0,0
Campbell,A601,Constable,,,Over Votes,0,0,0,0,0
Campbell,A601,U.S. Senate,,Democratic,Dale Lewis ROMANS,1,0,1,0,0
Campbell,A601,U.S. Senate,,Democratic,Charles BOOKER,21,0,19,2,0
Campbell,A601,U.S. Senate,,Democratic,Logan FORSYTHE,0,0,0,0,0
Campbell,A601,U.S. Senate,,Democratic,Joshua BLANTON SR.,0,0,0,0,0
Campbell,A601,U.S. Senate,,Democratic,Vincent Anthony THOMPSON,1,0,1,0,0
Campbell,A601,U.S. Senate,,Democratic,Pamela STEVENSON,6,0,6,0,0
Campbell,A601,U.S. Senate,,Democratic,Amy McGRATH,23,3,19,1,0
Campbell,A601,U.S. Senate,,,Under Votes,1,0,1,0,0
Campbell,A601,U.S. Senate,,,Over Votes,0,0,0,0,0
Campbell,A601,U.S. House,4,Democratic,Melissa Claire STRANGE,35,3,31,1,0
Campbell,A601,U.S. House,4,Democratic,Jesse Russell BREWER,13,0,11,2,0
Campbell,A601,U.S. House,4,,Under Votes,5,0,5,0,0
Campbell,A601,U.S. House,4,,Over Votes,0,0,0,0,0
Campbell,B602,U.S. Senate,,Republican,A. Nick SHELLEY,1,0,1,0,0
Campbell,B602,U.S. Senate,,Republican,Daniel CAMERON,38,2,35,0,1
Campbell,B602,U.S. Senate,,Republican,Andy BARR,73,11,61,0,1
Campbell,B602,U.S. Senate,,Republican,Anissa CATLETT,2,0,2,0,0
Campbell,B602,U.S. Senate,,Republican,"Valerie ""Dr Val"" FREDRICK",3,1,1,0,1
Campbell,B602,U.S. Senate,,Republican,Jonathan M. HOLLIDAY,2,0,2,0,0
Campbell,B602,U.S. Senate,,Republican,Other Donald WENZEL,0,0,0,0,0
Campbell,B602,U.S. Senate,,Republican,Michael James FARIS,5,0,5,0,0
Campbell,B602,U.S. Senate,,Republican,James D. DUNCAN,0,0,0,0,0
Campbell,B602,U.S. Senate,,Republican,Jimmy I. LEON,0,0,0,0,0
Campbell,B602,U.S. Senate,,Republican,George WASHINGTON,3,0,3,0,0
Campbell,B602,U.S. Senate,,,Under Votes,1,0,1,0,0
Campbell,B602,U.S. Senate,,,Over Votes,0,0,0,0,0
Campbell,B602,U.S. House,4,Republican,Thomas MASSIE,68,10,56,0,2
Campbell,B602,U.S. House,4,Republican,Ed GALLREIN,63,4,57,0,2
Campbell,B602,U.S. House,4,,Under Votes,2,0,2,0,0
Campbell,B602,U.S. House,4,,Over Votes,0,0,0,0,0
Campbell,B602,Ballots Cast,,,,204,,,,
Campbell,B602,County Judge/Executive,,,"Andrew ""Andy"" SCHABELL",71,5,64,0,2
Campbell,B602,County Judge/Executive,,,Steve PENDERY,55,9,44,0,2
Campbell,B602,County Judge/Executive,,,Under Votes,7,0,7,0,0
Campbell,B602,County Judge/Executive,,,Over Votes,0,0,0,0,0
Campbell,B602,Jailer,,,Ryan GROSSER,83,11,70,0,2
Campbell,B602,Jailer,,,Brian JENNINGS,39,3,34,0,2
Campbell,B602,Jailer,,,Under Votes,11,0,11,0,0
Campbell,B602,Jailer,,,Over Votes,0,0,0,0,0
Campbell,B602,County Commissioner 1st District,,,Brian PAINTER,64,12,50,0,2
Campbell,B602,County Commissioner 1st District,,,Dave FISCHER,52,2,48,0,2
Campbell,B602,County Commissioner 1st District,,,Under Votes,17,0,17,0,0
Campbell,B602,County Commissioner 1st District,,,Over Votes,0,0,0,0,0
Campbell,B602,Coroner,,,Mark SCHWEITZER,78,11,66,0,1
Campbell,B602,Coroner,,,Derek MYERS,40,3,34,0,3
Campbell,B602,Coroner,,,Under Votes,15,0,15,0,0
Campbell,B602,Coroner,,,Over Votes,0,0,0,0,0
Campbell,B602,U.S. Senate,,Democratic,Dale Lewis ROMANS,0,0,0,0,0
Campbell,B602,U.S. Senate,,Democratic,Charles BOOKER,35,2,33,0,0
Campbell,B602,U.S. Senate,,Democratic,Logan FORSYTHE,2,0,1,1,0
Campbell,B602,U.S. Senate,,Democratic,Joshua BLANTON SR.,0,0,0,0,0
Campbell,B602,U.S. Senate,,Democratic,Vincent Anthony THOMPSON,1,1,0,0,0
Campbell,B602,U.S. Senate,,Democratic,Pamela STEVENSON,1,0,1,0,0
Campbell,B602,U.S. Senate,,Democratic,Amy McGRATH,32,2,29,1,0
Campbell,B602,U.S. Senate,,,Under Votes,0,0,0,0,0
Campbell,B602,U.S. Senate,,,Over Votes,0,0,0,0,0
Campbell,B602,U.S. House,4,Democratic,Melissa Claire STRANGE,55,3,51,1,0
Campbell,B602,U.S. House,4,Democratic,Jesse Russell BREWER,15,2,12,1,0
Campbell,B602,U.S. House,4,,Under Votes,1,0,1,0,0
Campbell,B602,U.S. House,4,,Over Votes,0,0,0,0,0
Campbell,B603,U.S. Senate,,Republican,A. Nick SHELLEY,1,0,1,0,0
Campbell,B603,U.S. Senate,,Republican,Daniel CAMERON,29,0,28,1,0
Campbell,B603,U.S. Senate,,Republican,Andy BARR,38,4,31,3,0
Campbell,B603,U.S. Senate,,Republican,Anissa CATLETT,0,0,0,0,0
Campbell,B603,U.S. Senate,,Republican,"Valerie ""Dr Val"" FREDRICK",0,0,0,0,0
Campbell,B603,U.S. Senate,,Republican,Jonathan M. HOLLIDAY,1,0,1,0,0
Campbell,B603,U.S. Senate,,Republican,Other Donald WENZEL,0,0,0,0,0
Campbell,B603,U.S. Senate,,Republican,Michael James FARIS,3,0,3,0,0
Campbell,B603,U.S. Senate,,Republican,James D. DUNCAN,0,0,0,0,0
Campbell,B603,U.S. Senate,,Republican,Jimmy I. LEON,2,0,2,0,0
Campbell,B603,U.S. Senate,,Republican,George WASHINGTON,4,0,4,0,0
Campbell,B603,U.S. Senate,,,Under Votes,1,0,1,0,0
Campbell,B603,U.S. Senate,,,Over Votes,0,0,0,0,0
Campbell,B603,U.S. House,4,Republican,Thomas MASSIE,42,0,41,1,0
Campbell,B603,U.S. House,4,Republican,Ed GALLREIN,38,4,31,3,0
Campbell,B603,U.S. House,4,,Under Votes,0,0,0,0,0
Campbell,B603,U.S. House,4,,Over Votes,0,0,0,0,0
Campbell,B603,Ballots Cast,,,,105,,,,
Campbell,B603,County Judge/Executive,,,"Andrew ""Andy"" SCHABELL",45,3,38,4,0
Campbell,B603,County Judge/Executive,,,Steve PENDERY,33,1,32,0,0
Campbell,B603,County Judge/Executive,,,Under Votes,2,0,2,0,0
Campbell,B603,County Judge/Executive,,,Over Votes,0,0,0,0,0
Campbell,B603,Jailer,,,Ryan GROSSER,50,0,47,3,0
Campbell,B603,Jailer,,,Brian JENNINGS,12,3,8,1,0
Campbell,B603,Jailer,,,Under Votes,18,1,17,0,0
Campbell,B603,Jailer,,,Over Votes,0,0,0,0,0
Campbell,B603,County Commissioner 1st District,,,Brian PAINTER,32,1,31,0,0
Campbell,B603,County Commissioner 1st District,,,Dave FISCHER,33,3,26,4,0
Campbell,B603,County Commissioner 1st District,,,Under Votes,15,0,15,0,0
Campbell,B603,County Commissioner 1st District,,,Over Votes,0,0,0,0,0
Campbell,B603,Coroner,,,Mark SCHWEITZER,41,1,40,0,0
Campbell,B603,Coroner,,,Derek MYERS,28,2,22,4,0
Campbell,B603,Coroner,,,Under Votes,11,1,10,0,0
Campbell,B603,Coroner,,,Over Votes,0,0,0,0,0
Campbell,B603,U.S. Senate,,Democratic,Dale Lewis ROMANS,1,0,1,0,0
Campbell,B603,U.S. Senate,,Democratic,Charles BOOKER,6,1,5,0,0
Campbell,B603,U.S. Senate,,Democratic,Logan FORSYTHE,2,0,2,0,0
Campbell,B603,U.S. Senate,,Democratic,Joshua BLANTON SR.,0,0,0,0,0
Campbell,B603,U.S. Senate,,Democratic,Vincent Anthony THOMPSON,0,0,0,0,0
Campbell,B603,U.S. Senate,,Democratic,Pamela STEVENSON,0,0,0,0,0
Campbell,B603,U.S. Senate,,Democratic,Amy McGRATH,14,0,14,0,0
Campbell,B603,U.S. Senate,,,Under Votes,2,0,2,0,0
Campbell,B603,U.S. Senate,,,Over Votes,0,0,0,0,0
Campbell,B603,U.S. House,4,Democratic,Melissa Claire STRANGE,17,0,17,0,0
Campbell,B603,U.S. House,4,Democratic,Jesse Russell BREWER,7,1,6,0,0
Campbell,B603,U.S. House,4,,Under Votes,1,0,1,0,0
Campbell,B603,U.S. House,4,,Over Votes,0,0,0,0,0
Campbell,B604,U.S. Senate,,Republican,A. Nick SHELLEY,3,0,3,0,0
Campbell,B604,U.S. Senate,,Republican,Daniel CAMERON,76,15,58,2,1
Campbell,B604,U.S. Senate,,Republican,Andy BARR,122,19,97,5,1
Campbell,B604,U.S. Senate,,Republican,Anissa CATLETT,1,0,1,0,0
Campbell,B604,U.S. Senate,,Republican,"Valerie ""Dr Val"" FREDRICK",3,0,3,0,0
Campbell,B604,U.S. Senate,,Republican,Jonathan M. HOLLIDAY,0,0,0,0,0
Campbell,B604,U.S. Senate,,Republican,Other Donald WENZEL,0,0,0,0,0
Campbell,B604,U.S. Senate,,Republican,Michael James FARIS,14,3,11,0,0
Campbell,B604,U.S. Senate,,Republican,James D. DUNCAN,1,0,1,0,0
Campbell,B604,U.S. Senate,,Republican,Jimmy I. LEON,0,0,0,0,0
Campbell,B604,U.S. Senate,,Republican,George WASHINGTON,6,0,6,0,0
Campbell,B604,U.S. Senate,,,Under Votes,7,0,7,0,0
Campbell,B604,U.S. Senate,,,Over Votes,0,0,0,0,0
Campbell,B604,U.S. House,4,Republican,Thomas MASSIE,110,20,87,2,1
Campbell,B604,U.S. House,4,Republican,Ed GALLREIN,128,17,105,5,1
Campbell,B604,U.S. House,4,,Under Votes,5,0,5,0,0
Campbell,B604,U.S. House,4,,Over Votes,0,0,0,0,0
Campbell,B604,Ballots Cast,,,,438,,,,
Campbell,B604,County Judge/Executive,,,"Andrew ""Andy"" SCHABELL",95,13,79,2,1
Campbell,B604,County Judge/Executive,,,Steve PENDERY,131,23,102,5,1
Campbell,B604,County Judge/Executive,,,Under Votes,17,1,16,0,0
Campbell,B604,County Judge/Executive,,,Over Votes,0,0,0,0,0
Campbell,B604,Jailer,,,Ryan GROSSER,133,19,109,3,2
Campbell,B604,Jailer,,,Brian JENNINGS,71,11,56,4,0
Campbell,B604,Jailer,,,Under Votes,39,7,32,0,0
Campbell,B604,Jailer,,,Over Votes,0,0,0,0,0
Campbell,B604,County Commissioner 1st District,,,Brian PAINTER,117,14,98,4,1
Campbell,B604,County Commissioner 1st District,,,Dave FISCHER,102,21,78,3,0
Campbell,B604,County Commissioner 1st District,,,Under Votes,24,2,21,0,1
Campbell,B604,County Commissioner 1st District,,,Over Votes,0,0,0,0,0
Campbell,B604,Coroner,,,Mark SCHWEITZER,139,23,111,4,1
Campbell,B604,Coroner,,,Derek MYERS,81,11,67,3,0
Campbell,B604,Coroner,,,Under Votes,23,3,19,0,1
Campbell,B604,Coroner,,,Over Votes,0,0,0,0,0
Campbell,B604,U.S. Senate,,Democratic,Dale Lewis ROMANS,2,0,2,0,0
Campbell,B604,U.S. Senate,,Democratic,Charles BOOKER,76,7,69,0,0
Campbell,B604,U.S. Senate,,Democratic,Logan FORSYTHE,8,0,7,1,0
Campbell,B604,U.S. Senate,,Democratic,Joshua BLANTON SR.,3,0,3,0,0
Campbell,B604,U.S. Senate,,Democratic,Vincent Anthony THOMPSON,3,0,3,0,0
Campbell,B604,U.S. Senate,,Democratic,Pamela STEVENSON,9,0,9,0,0
Campbell,B604,U.S. Senate,,Democratic,Amy McGRATH,94,13,79,2,0
Campbell,B604,U.S. Senate,,,Under Votes,0,0,0,0,0
Campbell,B604,U.S. Senate,,,Over Votes,0,0,0,0,0
Campbell,B604,U.S. House,4,Democratic,Melissa Claire STRANGE,157,16,138,3,0
Campbell,B604,U.S. House,4,Democratic,Jesse Russell BREWER,34,4,30,0,0
Campbell,B604,U.S. House,4,,Under Votes,4,0,4,0,0
Campbell,B604,U.S. House,4,,Over Votes,0,0,0,0,0
Campbell,A907,U.S. Senate,,Republican,A. Nick SHELLEY,6,0,6,0,0
Campbell,A907,U.S. Senate,,Republican,Daniel CAMERON,104,10,93,1,0
Campbell,A907,U.S. Senate,,Republican,Andy BARR,181,16,161,2,2
Campbell,A907,U.S. Senate,,Republican,Anissa CATLETT,2,0,2,0,0
Campbell,A907,U.S. Senate,,Republican,"Valerie ""Dr Val"" FREDRICK",5,0,5,0,0
Campbell,A907,U.S. Senate,,Republican,Jonathan M. HOLLIDAY,3,0,3,0,0
Campbell,A907,U.S. Senate,,Republican,Other Donald WENZEL,1,0,1,0,0
Campbell,A907,U.S. Senate,,Republican,Michael James FARIS,29,6,22,0,1
Campbell,A907,U.S. Senate,,Republican,James D. DUNCAN,1,0,1,0,0
Campbell,A907,U.S. Senate,,Republican,Jimmy I. LEON,1,0,1,0,0
Campbell,A907,U.S. Senate,,Republican,George WASHINGTON,11,0,11,0,0
Campbell,A907,U.S. Senate,,,Under Votes,10,0,10,0,0
Campbell,A907,U.S. Senate,,,Over Votes,0,0,0,0,0
Campbell,A907,U.S. House,4,Republican,Thomas MASSIE,160,17,141,1,1
Campbell,A907,U.S. House,4,Republican,Ed GALLREIN,201,15,181,2,3
Campbell,A907,U.S. House,4,,Under Votes,5,0,5,0,0
Campbell,A907,U.S. House,4,,Over Votes,0,0,0,0,0
Campbell,A907,Ballots Cast,,,,518,,,,
Campbell,A907,County Judge/Executive,,,"Andrew ""Andy"" SCHABELL",220,15,200,3,2
Campbell,A907,County Judge/Executive,,,Steve PENDERY,129,15,113,0,1
Campbell,A907,County Judge/Executive,,,Under Votes,17,2,14,0,1
Campbell,A907,County Judge/Executive,,,Over Votes,0,0,0,0,0
Campbell,A907,Jailer,,,Ryan GROSSER,221,20,195,3,3
Campbell,A907,Jailer,,,Brian JENNINGS,91,7,83,0,1
Campbell,A907,Jailer,,,Under Votes,54,5,49,0,0
Campbell,A907,Jailer,,,Over Votes,0,0,0,0,0
Campbell,A907,County Commissioner 1st District,,,Brian PAINTER,189,17,169,2,1
Campbell,A907,County Commissioner 1st District,,,Dave FISCHER,146,11,132,1,2
Campbell,A907,County Commissioner 1st District,,,Under Votes,30,4,25,0,1
Campbell,A907,County Commissioner 1st District,,,Over Votes,1,0,1,0,0
Campbell,A907,Coroner,,,Mark SCHWEITZER,238,20,215,2,1
Campbell,A907,Coroner,,,Derek MYERS,95,8,83,1,3
Campbell,A907,Coroner,,,Under Votes,32,4,28,0,0
Campbell,A907,Coroner,,,Over Votes,1,0,1,0,0
Campbell,A907,Constable,,,Sean DONELAN,161,8,150,2,1
Campbell,A907,Constable,,,Ken WARDEN,143,13,126,1,3
Campbell,A907,Constable,,,Under Votes,62,11,51,0,0
Campbell,A907,Constable,,,Over Votes,0,0,0,0,0
Campbell,A907,U.S. Senate,,Democratic,Dale Lewis ROMANS,5,0,5,0,0
Campbell,A907,U.S. Senate,,Democratic,Charles BOOKER,34,2,30,2,0
Campbell,A907,U.S. Senate,,Democratic,Logan FORSYTHE,10,0,9,1,0
Campbell,A907,U.S. Senate,,Democratic,Joshua BLANTON SR.,0,0,0,0,0
Campbell,A907,U.S. Senate,,Democratic,Vincent Anthony THOMPSON,2,0,2,0,0
Campbell,A907,U.S. Senate,,Democratic,Pamela STEVENSON,3,1,1,1,0
Campbell,A907,U.S. Senate,,Democratic,Amy McGRATH,96,9,85,2,0
Campbell,A907,U.S. Senate,,,Under Votes,2,0,2,0,0
Campbell,A907,U.S. Senate,,,Over Votes,0,0,0,0,0
Campbell,A907,U.S. House,4,Democratic,Melissa Claire STRANGE,113,10,99,4,0
Campbell,A907,U.S. House,4,Democratic,Jesse Russell BREWER,34,2,30,2,0
Campbell,A907,U.S. House,4,,Under Votes,5,0,5,0,0
Campbell,A907,U.S. House,4,,Over Votes,0,0,0,0,0
Campbell,B901,U.S. Senate,,Republican,A. Nick SHELLEY,2,1,1,0,0
Campbell,B901,U.S. Senate,,Republican,Daniel CAMERON,165,13,148,4,0
Campbell,B901,U.S. Senate,,Republican,Andy BARR,211,20,190,0,1
Campbell,B901,U.S. Senate,,Republican,Anissa CATLETT,9,0,9,0,0
Campbell,B901,U.S. Senate,,Republican,"Valerie ""Dr Val"" FREDRICK",1,0,1,0,0
Campbell,B901,U.S. Senate,,Republican,Jonathan M. HOLLIDAY,1,0,1,0,0
Campbell,B901,U.S. Senate,,Republican,Other Donald WENZEL,2,0,2,0,0
Campbell,B901,U.S. Senate,,Republican,Michael James FARIS,19,0,19,0,0
Campbell,B901,U.S. Senate,,Republican,James D. DUNCAN,3,0,3,0,0
Campbell,B901,U.S. Senate,,Republican,Jimmy I. LEON,0,0,0,0,0
Campbell,B901,U.S. Senate,,Republican,George WASHINGTON,11,1,10,0,0
Campbell,B901,U.S. Senate,,,Under Votes,15,1,14,0,0
Campbell,B901,U.S. Senate,,,Over Votes,0,0,0,0,0
Campbell,B901,U.S. House,4,Republican,Thomas MASSIE,206,12,190,3,1
Campbell,B901,U.S. House,4,Republican,Ed GALLREIN,237,26,210,1,0
Campbell,B901,U.S. House,4,,Under Votes,4,0,4,0,0
Campbell,B901,U.S. House,4,,Over Votes,0,0,0,0,0
Campbell,B901,Ballots Cast,,,,556,,,,
Campbell,B901,County Judge/Executive,,,"Andrew ""Andy"" SCHABELL",309,29,275,4,1
Campbell,B901,County Judge/Executive,,,Steve PENDERY,118,8,110,0,0
Campbell,B901,County Judge/Executive,,,Under Votes,20,1,19,0,0
Campbell,B901,County Judge/Executive,,,Over Votes,0,0,0,0,0
Campbell,B901,Jailer,,,Ryan GROSSER,308,31,274,3,0
Campbell,B901,Jailer,,,Brian JENNINGS,94,5,87,1,1
Campbell,B901,Jailer,,,Under Votes,45,2,43,0,0
Campbell,B901,Jailer,,,Over Votes,0,0,0,0,0
Campbell,B901,County Commissioner 1st District,,,Brian PAINTER,242,20,219,2,1
Campbell,B901,County Commissioner 1st District,,,Dave FISCHER,171,15,154,2,0
Campbell,B901,County Commissioner 1st District,,,Under Votes,34,3,31,0,0
Campbell,B901,County Commissioner 1st District,,,Over Votes,0,0,0,0,0
Campbell,B901,Coroner,,,Mark SCHWEITZER,274,20,250,3,1
Campbell,B901,Coroner,,,Derek MYERS,147,16,130,1,0
Campbell,B901,Coroner,,,Under Votes,26,2,24,0,0
Campbell,B901,Coroner,,,Over Votes,0,0,0,0,0
Campbell,B901,U.S. Senate,,Democratic,Dale Lewis ROMANS,2,0,2,0,0
Campbell,B901,U.S. Senate,,Democratic,Charles BOOKER,33,1,30,2,0
Campbell,B901,U.S. Senate,,Democratic,Logan FORSYTHE,8,0,8,0,0
Campbell,B901,U.S. Senate,,Democratic,Joshua BLANTON SR.,1,0,1,0,0
Campbell,B901,U.S. Senate,,Democratic,Vincent Anthony THOMPSON,2,0,2,0,0
Campbell,B901,U.S. Senate,,Democratic,Pamela STEVENSON,9,2,6,0,1
Campbell,B901,U.S. Senate,,Democratic,Amy McGRATH,53,6,46,1,0
Campbell,B901,U.S. Senate,,,Under Votes,1,0,1,0,0
Campbell,B901,U.S. Senate,,,Over Votes,0,0,0,0,0
Campbell,B901,U.S. House,4,Democratic,Melissa Claire STRANGE,80,6,70,3,1
Campbell,B901,U.S. House,4,Democratic,Jesse Russell BREWER,27,2,25,0,0
Campbell,B901,U.S. House,4,,Under Votes,2,1,1,0,0
Campbell,B901,U.S. House,4,,Over Votes,0,0,0,0,0
Campbell,C301,U.S. Senate,,Republican,A. Nick SHELLEY,3,0,3,0,0
Campbell,C301,U.S. Senate,,Republican,Daniel CAMERON,21,5,15,0,1
Campbell,C301,U.S. Senate,,Republican,Andy BARR,55,5,50,0,0
Campbell,C301,U.S. Senate,,Republican,Anissa CATLETT,3,0,3,0,0
Campbell,C301,U.S. Senate,,Republican,"Valerie ""Dr Val"" FREDRICK",1,0,1,0,0
Campbell,C301,U.S. Senate,,Republican,Jonathan M. HOLLIDAY,0,0,0,0,0
Campbell,C301,U.S. Senate,,Republican,Other Donald WENZEL,0,0,0,0,0
Campbell,C301,U.S. Senate,,Republican,Michael James FARIS,11,2,6,1,2
Campbell,C301,U.S. Senate,,Republican,James D. DUNCAN,3,1,2,0,0
Campbell,C301,U.S. Senate,,Republican,Jimmy I. LEON,0,0,0,0,0
Campbell,C301,U.S. Senate,,Republican,George WASHINGTON,8,0,8,0,0
Campbell,C301,U.S. Senate,,,Under Votes,7,0,6,1,0
Campbell,C301,U.S. Senate,,,Over Votes,0,0,0,0,0
Campbell,C301,U.S. House,4,Republican,Thomas MASSIE,67,10,53,1,3
Campbell,C301,U.S. House,4,Republican,Ed GALLREIN,48,3,44,1,0
Campbell,C301,U.S. House,4,,Under Votes,0,0,0,0,0
Campbell,C301,U.S. House,4,,Over Votes,0,0,0,0,0
Campbell,C301,Ballots Cast,,,,270,,,,
Campbell,C301,County Judge/Executive,,,"Andrew ""Andy"" SCHABELL",47,4,39,1,3
Campbell,C301,County Judge/Executive,,,Steve PENDERY,53,7,46,0,0
Campbell,C301,County Judge/Executive,,,Under Votes,15,2,12,1,0
Campbell,C301,County Judge/Executive,,,Over Votes,0,0,0,0,0
Campbell,C301,Jailer,,,Ryan GROSSER,55,7,45,1,2
Campbell,C301,Jailer,,,Brian JENNINGS,34,2,31,0,1
Campbell,C301,Jailer,,,Under Votes,26,4,21,1,0
Campbell,C301,Jailer,,,Over Votes,0,0,0,0,0
Campbell,C301,County Commissioner 1st District,,,Brian PAINTER,43,5,37,0,1
Campbell,C301,County Commissioner 1st District,,,Dave FISCHER,49,3,43,1,2
Campbell,C301,County Commissioner 1st District,,,Under Votes,23,5,17,1,0
Campbell,C301,County Commissioner 1st District,,,Over Votes,0,0,0,0,0
Campbell,C301,Coroner,,,Mark SCHWEITZER,54,9,43,0,2
Campbell,C301,Coroner,,,Derek MYERS,43,1,40,1,1
Campbell,C301,Coroner,,,Under Votes,18,3,14,1,0
Campbell,C301,Coroner,,,Over Votes,0,0,0,0,0
Campbell,C301,U.S. Senate,,Democratic,Dale Lewis ROMANS,4,1,3,0,0
Campbell,C301,U.S. Senate,,Democratic,Charles BOOKER,78,5,72,0,1
Campbell,C301,U.S. Senate,,Democratic,Logan FORSYTHE,0,0,0,0,0
Campbell,C301,U.S. Senate,,Democratic,Joshua BLANTON SR.,1,0,1,0,0
Campbell,C301,U.S. Senate,,Democratic,Vincent Anthony THOMPSON,0,0,0,0,0
Campbell,C301,U.S. Senate,,Democratic,Pamela STEVENSON,7,0,6,1,0
Campbell,C301,U.S. Senate,,Democratic,Amy McGRATH,64,8,52,1,3
Campbell,C301,U.S. Senate,,,Under Votes,1,0,1,0,0
Campbell,C301,U.S. Senate,,,Over Votes,0,0,0,0,0
Campbell,C301,U.S. House,4,Democratic,Melissa Claire STRANGE,126,13,107,2,4
Campbell,C301,U.S. House,4,Democratic,Jesse Russell BREWER,22,1,21,0,0
Campbell,C301,U.S. House,4,,Under Votes,7,0,7,0,0
Campbell,C301,U.S. House,4,,Over Votes,0,0,0,0,0
Campbell,C302,U.S. Senate,,Republican,A. Nick SHELLEY,1,0,1,0,0
Campbell,C302,U.S. Senate,,Republican,Daniel CAMERON,46,6,39,0,1
Campbell,C302,U.S. Senate,,Republican,Andy BARR,85,8,74,2,1
Campbell,C302,U.S. Senate,,Republican,Anissa CATLETT,3,1,2,0,0
Campbell,C302,U.S. Senate,,Republican,"Valerie ""Dr Val"" FREDRICK",5,0,4,1,0
Campbell,C302,U.S. Senate,,Republican,Jonathan M. HOLLIDAY,0,0,0,0,0
Campbell,C302,U.S. Senate,,Republican,Other Donald WENZEL,0,0,0,0,0
Campbell,C302,U.S. Senate,,Republican,Michael James FARIS,3,0,2,0,1
Campbell,C302,U.S. Senate,,Republican,James D. DUNCAN,1,0,1,0,0
Campbell,C302,U.S. Senate,,Republican,Jimmy I. LEON,2,0,2,0,0
Campbell,C302,U.S. Senate,,Republican,George WASHINGTON,7,2,5,0,0
Campbell,C302,U.S. Senate,,,Under Votes,13,0,13,0,0
Campbell,C302,U.S. Senate,,,Over Votes,0,0,0,0,0
Campbell,C302,U.S. House,4,Republican,Thomas MASSIE,73,9,62,1,1
Campbell,C302,U.S. House,4,Republican,Ed GALLREIN,96,9,83,2,2
Campbell,C302,U.S. House,4,,Under Votes,2,0,2,0,0
Campbell,C302,U.S. House,4,,Over Votes,0,0,0,0,0
Campbell,C302,Ballots Cast,,,,400,,,,
Campbell,C302,County Judge/Executive,,,"Andrew ""Andy"" SCHABELL",45,5,37,3,0
Campbell,C302,County Judge/Executive,,,Steve PENDERY,95,11,81,0,3
Campbell,C302,County Judge/Executive,,,Under Votes,31,2,29,0,0
Campbell,C302,County Judge/Executive,,,Over Votes,0,0,0,0,0
Campbell,C302,Jailer,,,Ryan GROSSER,71,6,61,2,2
Campbell,C302,Jailer,,,Brian JENNINGS,45,6,38,0,1
Campbell,C302,Jailer,,,Under Votes,55,6,48,1,0
Campbell,C302,Jailer,,,Over Votes,0,0,0,0,0
Campbell,C302,County Commissioner 1st District,,,Brian PAINTER,66,8,54,1,3
Campbell,C302,County Commissioner 1st District,,,Dave FISCHER,62,6,54,2,0
Campbell,C302,County Commissioner 1st District,,,Under Votes,43,4,39,0,0
Campbell,C302,County Commissioner 1st District,,,Over Votes,0,0,0,0,0
Campbell,C302,Coroner,,,Mark SCHWEITZER,85,13,70,0,2
Campbell,C302,Coroner,,,Derek MYERS,50,1,45,3,1
Campbell,C302,Coroner,,,Under Votes,36,4,32,0,0
Campbell,C302,Coroner,,,Over Votes,0,0,0,0,0
Campbell,C302,U.S. Senate,,Democratic,Dale Lewis ROMANS,3,0,3,0,0
Campbell,C302,U.S. Senate,,Democratic,Charles BOOKER,92,6,85,1,0
Campbell,C302,U.S. Senate,,Democratic,Logan FORSYTHE,6,2,4,0,0
Campbell,C302,U.S. Senate,,Democratic,Joshua BLANTON SR.,1,0,1,0,0
Campbell,C302,U.S. Senate,,Democratic,Vincent Anthony THOMPSON,0,0,0,0,0
Campbell,C302,U.S. Senate,,Democratic,Pamela STEVENSON,5,0,5,0,0
Campbell,C302,U.S. Senate,,Democratic,Amy McGRATH,120,14,97,6,3
Campbell,C302,U.S. Senate,,,Under Votes,2,0,2,0,0
Campbell,C302,U.S. Senate,,,Over Votes,0,0,0,0,0
Campbell,C302,U.S. House,4,Democratic,Melissa Claire STRANGE,190,17,167,4,2
Campbell,C302,U.S. House,4,Democratic,Jesse Russell BREWER,26,4,19,3,0
Campbell,C302,U.S. House,4,,Under Votes,13,1,11,0,1
Campbell,C302,U.S. House,4,,Over Votes,0,0,0,0,0
Campbell,C303,U.S. Senate,,Republican,A. Nick SHELLEY,2,0,2,0,0
Campbell,C303,U.S. Senate,,Republican,Daniel CAMERON,29,4,24,0,1
Campbell,C303,U.S. Senate,,Republican,Andy BARR,69,4,55,8,2
Campbell,C303,U.S. Senate,,Republican,Anissa CATLETT,0,0,0,0,0
Campbell,C303,U.S. Senate,,Republican,"Valerie ""Dr Val"" FREDRICK",0,0,0,0,0
Campbell,C303,U.S. Senate,,Republican,Jonathan M. HOLLIDAY,0,0,0,0,0
Campbell,C303,U.S. Senate,,Republican,Other Donald WENZEL,3,1,2,0,0
Campbell,C303,U.S. Senate,,Republican,Michael James FARIS,5,0,5,0,0
Campbell,C303,U.S. Senate,,Republican,James D. DUNCAN,2,0,2,0,0
Campbell,C303,U.S. Senate,,Republican,Jimmy I. LEON,0,0,0,0,0
Campbell,C303,U.S. Senate,,Republican,George WASHINGTON,3,0,3,0,0
Campbell,C303,U.S. Senate,,,Under Votes,7,2,5,0,0
Campbell,C303,U.S. Senate,,,Over Votes,1,0,1,0,0
Campbell,C303,U.S. House,4,Republican,Thomas MASSIE,55,8,44,3,0
Campbell,C303,U.S. House,4,Republican,Ed GALLREIN,67,3,56,5,3
Campbell,C303,U.S. House,4,,Under Votes,1,0,1,0,0
Campbell,C303,U.S. House,4,,Over Votes,0,0,0,0,0
Campbell,C303,Ballots Cast,,,,281,,,,
Campbell,C303,County Judge/Executive,,,"Andrew ""Andy"" SCHABELL",35,3,29,3,0
Campbell,C303,County Judge/Executive,,,Steve PENDERY,70,7,58,4,1
Campbell,C303,County Judge/Executive,,,Under Votes,18,1,14,1,2
Campbell,C303,County Judge/Executive,,,Over Votes,0,0,0,0,0
Campbell,C303,Jailer,,,Ryan GROSSER,62,3,54,5,0
Campbell,C303,Jailer,,,Brian JENNINGS,34,6,25,2,1
Campbell,C303,Jailer,,,Under Votes,27,2,22,1,2
Campbell,C303,Jailer,,,Over Votes,0,0,0,0,0
Campbell,C303,County Commissioner 1st District,,,Brian PAINTER,48,2,41,4,1
Campbell,C303,County Commissioner 1st District,,,Dave FISCHER,52,7,42,3,0
Campbell,C303,County Commissioner 1st District,,,Under Votes,23,2,18,1,2
Campbell,C303,County Commissioner 1st District,,,Over Votes,0,0,0,0,0
Campbell,C303,Coroner,,,Mark SCHWEITZER,61,2,55,3,1
Campbell,C303,Coroner,,,Derek MYERS,43,7,32,4,0
Campbell,C303,Coroner,,,Under Votes,19,2,14,1,2
Campbell,C303,Coroner,,,Over Votes,0,0,0,0,0
Campbell,C303,U.S. Senate,,Democratic,Dale Lewis ROMANS,3,1,2,0,0
Campbell,C303,U.S. Senate,,Democratic,Charles BOOKER,85,8,76,1,0
Campbell,C303,U.S. Senate,,Democratic,Logan FORSYTHE,1,0,1,0,0
Campbell,C303,U.S. Senate,,Democratic,Joshua BLANTON SR.,5,0,5,0,0
Campbell,C303,U.S. Senate,,Democratic,Vincent Anthony THOMPSON,2,0,2,0,0
Campbell,C303,U.S. Senate,,Democratic,Pamela STEVENSON,9,0,9,0,0
Campbell,C303,U.S. Senate,,Democratic,Amy McGRATH,53,13,36,4,0
Campbell,C303,U.S. Senate,,,Under Votes,0,0,0,0,0
Campbell,C303,U.S. Senate,,,Over Votes,0,0,0,0,0
Campbell,C303,U.S. House,4,Democratic,Melissa Claire STRANGE,117,14,99,4,0
Campbell,C303,U.S. House,4,Democratic,Jesse Russell BREWER,35,8,27,0,0
Campbell,C303,U.S. House,4,,Under Votes,6,0,5,1,0
Campbell,C303,U.S. House,4,,Over Votes,0,0,0,0,0
Campbell,C307,U.S. Senate,,Republican,A. Nick SHELLEY,2,1,1,0,0
Campbell,C307,U.S. Senate,,Republican,Daniel CAMERON,59,9,49,1,0
Campbell,C307,U.S. Senate,,Republican,Andy BARR,167,33,127,5,2
Campbell,C307,U.S. Senate,,Republican,Anissa CATLETT,3,0,3,0,0
Campbell,C307,U.S. Senate,,Republican,"Valerie ""Dr Val"" FREDRICK",4,0,4,0,0
Campbell,C307,U.S. Senate,,Republican,Jonathan M. HOLLIDAY,2,0,2,0,0
Campbell,C307,U.S. Senate,,Republican,Other Donald WENZEL,0,0,0,0,0
Campbell,C307,U.S. Senate,,Republican,Michael James FARIS,11,0,11,0,0
Campbell,C307,U.S. Senate,,Republican,James D. DUNCAN,2,1,1,0,0
Campbell,C307,U.S. Senate,,Republican,Jimmy I. LEON,1,0,1,0,0
Campbell,C307,U.S. Senate,,Republican,George WASHINGTON,4,0,4,0,0
Campbell,C307,U.S. Senate,,,Under Votes,12,1,11,0,0
Campbell,C307,U.S. Senate,,,Over Votes,0,0,0,0,0
Campbell,C307,U.S. House,4,Republican,Thomas MASSIE,107,12,94,1,0
Campbell,C307,U.S. House,4,Republican,Ed GALLREIN,166,33,126,5,2
Campbell,C307,U.S. House,4,,Under Votes,2,0,2,0,0
Campbell,C307,U.S. House,4,,Over Votes,0,0,0,0,0
Campbell,C307,Ballots Cast,,,,562,,,,
Campbell,C307,County Judge/Executive,,,"Andrew ""Andy"" SCHABELL",104,18,82,3,1
Campbell,C307,County Judge/Executive,,,Steve PENDERY,145,24,117,3,1
Campbell,C307,County Judge/Executive,,,Under Votes,26,3,23,0,0
Campbell,C307,County Judge/Executive,,,Over Votes,0,0,0,0,0
Campbell,C307,Jailer,,,Ryan GROSSER,135,22,109,3,1
Campbell,C307,Jailer,,,Brian JENNINGS,84,12,69,2,1
Campbell,C307,Jailer,,,Under Votes,56,11,44,1,0
Campbell,C307,Jailer,,,Over Votes,0,0,0,0,0
Campbell,C307,County Commissioner 1st District,,,Brian PAINTER,104,18,83,2,1
Campbell,C307,County Commissioner 1st District,,,Dave FISCHER,133,20,109,4,0
Campbell,C307,County Commissioner 1st District,,,Under Votes,38,7,30,0,1
Campbell,C307,County Commissioner 1st District,,,Over Votes,0,0,0,0,0
Campbell,C307,Coroner,,,Mark SCHWEITZER,150,28,115,5,2
Campbell,C307,Coroner,,,Derek MYERS,93,10,82,1,0
Campbell,C307,Coroner,,,Under Votes,32,7,25,0,0
Campbell,C307,Coroner,,,Over Votes,0,0,0,0,0
Campbell,C307,U.S. Senate,,Democratic,Dale Lewis ROMANS,1,0,1,0,0
Campbell,C307,U.S. Senate,,Democratic,Charles BOOKER,137,10,126,1,0
Campbell,C307,U.S. Senate,,Democratic,Logan FORSYTHE,9,4,5,0,0
Campbell,C307,U.S. Senate,,Democratic,Joshua BLANTON SR.,2,0,1,1,0
Campbell,C307,U.S. Senate,,Democratic,Vincent Anthony THOMPSON,2,0,1,1,0
Campbell,C307,U.S. Senate,,Democratic,Pamela STEVENSON,9,1,8,0,0
Campbell,C307,U.S. Senate,,Democratic,Amy McGRATH,123,19,94,8,2
Campbell,C307,U.S. Senate,,,Under Votes,3,0,3,0,0
Campbell,C307,U.S. Senate,,,Over Votes,1,0,1,0,0
Campbell,C307,U.S. House,4,Democratic,Melissa Claire STRANGE,227,26,193,6,2
Campbell,C307,U.S. House,4,Democratic,Jesse Russell BREWER,51,8,40,3,0
Campbell,C307,U.S. House,4,,Under Votes,9,0,7,2,0
Campbell,C307,U.S. House,4,,Over Votes,0,0,0,0,0
Campbell,C308,U.S. Senate,,Republican,A. Nick SHELLEY,1,0,1,0,0
Campbell,C308,U.S. Senate,,Republican,Daniel CAMERON,20,1,16,1,2
Campbell,C308,U.S. Senate,,Republican,Andy BARR,58,3,50,1,4
Campbell,C308,U.S. Senate,,Republican,Anissa CATLETT,0,0,0,0,0
Campbell,C308,U.S. Senate,,Republican,"Valerie ""Dr Val"" FREDRICK",2,0,2,0,0
Campbell,C308,U.S. Senate,,Republican,Jonathan M. HOLLIDAY,0,0,0,0,0
Campbell,C308,U.S. Senate,,Republican,Other Donald WENZEL,1,0,1,0,0
Campbell,C308,U.S. Senate,,Republican,Michael James FARIS,2,1,1,0,0
Campbell,C308,U.S. Senate,,Republican,James D. DUNCAN,0,0,0,0,0
Campbell,C308,U.S. Senate,,Republican,Jimmy I. LEON,0,0,0,0,0
Campbell,C308,U.S. Senate,,Republican,George WASHINGTON,3,0,3,0,0
Campbell,C308,U.S. Senate,,,Under Votes,8,0,8,0,0
Campbell,C308,U.S. Senate,,,Over Votes,0,0,0,0,0
Campbell,C308,U.S. House,4,Republican,Thomas MASSIE,38,2,32,1,3
Campbell,C308,U.S. House,4,Republican,Ed GALLREIN,59,3,53,1,2
Campbell,C308,U.S. House,4,,Under Votes,2,0,1,0,1
Campbell,C308,U.S. House,4,,Over Votes,0,0,0,0,0
Campbell,C308,Ballots Cast,,,,197,,,,
Campbell,C308,County Judge/Executive,,,"Andrew ""Andy"" SCHABELL",23,1,21,0,1
Campbell,C308,County Judge/Executive,,,Steve PENDERY,57,4,48,1,4
Campbell,C308,County Judge/Executive,,,Under Votes,19,0,17,1,1
Campbell,C308,County Judge/Executive,,,Over Votes,0,0,0,0,0
Campbell,C308,Jailer,,,Ryan GROSSER,34,2,30,0,2
Campbell,C308,Jailer,,,Brian JENNINGS,34,2,28,1,3
Campbell,C308,Jailer,,,Under Votes,31,1,28,1,1
Campbell,C308,Jailer,,,Over Votes,0,0,0,0,0
Campbell,C308,County Commissioner 1st District,,,Brian PAINTER,41,1,37,0,3
Campbell,C308,County Commissioner 1st District,,,Dave FISCHER,34,4,27,1,2
Campbell,C308,County Commissioner 1st District,,,Under Votes,24,0,22,1,1
Campbell,C308,County Commissioner 1st District,,,Over Votes,0,0,0,0,0
Campbell,C308,Coroner,,,Mark SCHWEITZER,44,3,36,1,4
Campbell,C308,Coroner,,,Derek MYERS,36,1,34,0,1
Campbell,C308,Coroner,,,Under Votes,19,1,16,1,1
Campbell,C308,Coroner,,,Over Votes,0,0,0,0,0
Campbell,C308,U.S. Senate,,Democratic,Dale Lewis ROMANS,1,0,1,0,0
Campbell,C308,U.S. Senate,,Democratic,Charles BOOKER,47,6,40,1,0
Campbell,C308,U.S. Senate,,Democratic,Logan FORSYTHE,4,0,3,0,1
Campbell,C308,U.S. Senate,,Democratic,Joshua BLANTON SR.,1,0,1,0,0
Campbell,C308,U.S. Senate,,Democratic,Vincent Anthony THOMPSON,2,0,2,0,0
Campbell,C308,U.S. Senate,,Democratic,Pamela STEVENSON,5,1,4,0,0
Campbell,C308,U.S. Senate,,Democratic,Amy McGRATH,38,0,37,1,0
Campbell,C308,U.S. Senate,,,Under Votes,0,0,0,0,0
Campbell,C308,U.S. Senate,,,Over Votes,0,0,0,0,0
Campbell,C308,U.S. House,4,Democratic,Melissa Claire STRANGE,70,6,62,2,0
Campbell,C308,U.S. House,4,Democratic,Jesse Russell BREWER,25,1,23,0,1
Campbell,C308,U.S. House,4,,Under Votes,3,0,3,0,0
Campbell,C308,U.S. House,4,,Over Votes,0,0,0,0,0
Campbell,C501,U.S. Senate,,Republican,A. Nick SHELLEY,4,0,4,0,0
Campbell,C501,U.S. Senate,,Republican,Daniel CAMERON,55,2,51,0,2
Campbell,C501,U.S. Senate,,Republican,Andy BARR,118,15,102,0,1
Campbell,C501,U.S. Senate,,Republican,Anissa CATLETT,1,0,1,0,0
Campbell,C501,U.S. Senate,,Republican,"Valerie ""Dr Val"" FREDRICK",7,0,7,0,0
Campbell,C501,U.S. Senate,,Republican,Jonathan M. HOLLIDAY,0,0,0,0,0
Campbell,C501,U.S. Senate,,Republican,Other Donald WENZEL,1,0,1,0,0
Campbell,C501,U.S. Senate,,Republican,Michael James FARIS,3,0,3,0,0
Campbell,C501,U.S. Senate,,Republican,James D. DUNCAN,3,0,3,0,0
Campbell,C501,U.S. Senate,,Republican,Jimmy I. LEON,0,0,0,0,0
Campbell,C501,U.S. Senate,,Republican,George WASHINGTON,6,0,6,0,0
Campbell,C501,U.S. Senate,,,Under Votes,8,0,8,0,0
Campbell,C501,U.S. Senate,,,Over Votes,0,0,0,0,0
Campbell,C501,U.S. House,4,Republican,Thomas MASSIE,106,3,100,1,2
Campbell,C501,U.S. House,4,Republican,Ed GALLREIN,104,16,87,0,1
Campbell,C501,U.S. House,4,,Under Votes,3,0,3,0,0
Campbell,C501,U.S. House,4,,Over Votes,0,0,0,0,0
Campbell,C501,Ballots Cast,,,,344,,,,
Campbell,C501,County Judge/Executive,,,"Andrew ""Andy"" SCHABELL",82,11,70,0,1
Campbell,C501,County Judge/Executive,,,Steve PENDERY,112,6,103,1,2
Campbell,C501,County Judge/Executive,,,Under Votes,19,2,17,0,0
Campbell,C501,County Judge/Executive,,,Over Votes,0,0,0,0,0
Campbell,C501,Jailer,,,Ryan GROSSER,135,11,120,1,3
Campbell,C501,Jailer,,,Brian JENNINGS,47,7,40,0,0
Campbell,C501,Jailer,,,Under Votes,31,1,30,0,0
Campbell,C501,Jailer,,,Over Votes,0,0,0,0,0
Campbell,C501,County Commissioner 1st District,,,Brian PAINTER,89,12,76,1,0
Campbell,C501,County Commissioner 1st District,,,Dave FISCHER,102,5,94,0,3
Campbell,C501,County Commissioner 1st District,,,Under Votes,22,2,20,0,0
Campbell,C501,County Commissioner 1st District,,,Over Votes,0,0,0,0,0
Campbell,C501,Coroner,,,Mark SCHWEITZER,141,15,123,0,3
Campbell,C501,Coroner,,,Derek MYERS,54,4,49,1,0
Campbell,C501,Coroner,,,Under Votes,18,0,18,0,0
Campbell,C501,Coroner,,,Over Votes,0,0,0,0,0
Campbell,C501,U.S. Senate,,Democratic,Dale Lewis ROMANS,1,1,0,0,0
Campbell,C501,U.S. Senate,,Democratic,Charles BOOKER,63,5,52,4,2
Campbell,C501,U.S. Senate,,Democratic,Logan FORSYTHE,6,0,6,0,0
Campbell,C501,U.S. Senate,,Democratic,Joshua BLANTON SR.,1,0,1,0,0
Campbell,C501,U.S. Senate,,Democratic,Vincent Anthony THOMPSON,0,0,0,0,0
Campbell,C501,U.S. Senate,,Democratic,Pamela STEVENSON,8,0,8,0,0
Campbell,C501,U.S. Senate,,Democratic,Amy McGRATH,52,4,47,1,0
Campbell,C501,U.S. Senate,,,Under Votes,0,0,0,0,0
Campbell,C501,U.S. Senate,,,Over Votes,0,0,0,0,0
Campbell,C501,U.S. House,4,Democratic,Melissa Claire STRANGE,101,7,87,5,2
Campbell,C501,U.S. House,4,Democratic,Jesse Russell BREWER,29,3,26,0,0
Campbell,C501,U.S. House,4,,Under Votes,1,0,1,0,0
Campbell,C501,U.S. House,4,,Over Votes,0,0,0,0,0
Campbell,C501,City Council City OF Fort Thomas,,,Eric STRANGE,2,0,1,1,0
Campbell,C501,City Council City OF Fort Thomas,,,Mary Anne BROWN,2,0,2,0,0
Campbell,C501,City Council City OF Fort Thomas,,,Lauren McINTOSH,4,0,4,0,0
Campbell,C501,City Council City OF Fort Thomas,,,Hunter SCHLOSSER,3,0,3,0,0
Campbell,C501,City Council City OF Fort Thomas,,,Ken BOWMAN,6,0,5,1,0
Campbell,C501,City Council City OF Fort Thomas,,,Frances A. HOFFMAN,4,0,3,1,0
Campbell,C501,City Council City OF Fort Thomas,,,Adam BLAU,4,0,4,0,0
Campbell,C501,City Council City OF Fort Thomas,,,Ben PENDERY,7,0,6,1,0
Campbell,C501,City Council City OF Fort Thomas,,,Allison ALESSANDRO,2,0,2,0,0
Campbell,C501,City Council City OF Fort Thomas,,,Brandon LONG,1,0,1,0,0
Campbell,C501,City Council City OF Fort Thomas,,,Steve AREY,4,0,3,1,0
Campbell,C501,City Council City OF Fort Thomas,,,Ashley SULLIVAN,1,0,1,0,0
Campbell,C501,City Council City OF Fort Thomas,,,Brandon ROLLER,2,0,2,0,0
Campbell,C501,City Council City OF Fort Thomas,,,Huey PERGREM,1,0,1,0,0
Campbell,C501,City Council City OF Fort Thomas,,,Bradley FENNELL,4,0,3,1,0
Campbell,C501,City Council City OF Fort Thomas,,,Under Votes,61,0,61,0,0
Campbell,C501,City Council City OF Fort Thomas,,,Over Votes,0,0,0,0,0
Campbell,C503,U.S. Senate,,Republican,A. Nick SHELLEY,0,0,0,0,0
Campbell,C503,U.S. Senate,,Republican,Daniel CAMERON,33,6,27,0,0
Campbell,C503,U.S. Senate,,Republican,Andy BARR,58,14,43,1,0
Campbell,C503,U.S. Senate,,Republican,Anissa CATLETT,2,0,2,0,0
Campbell,C503,U.S. Senate,,Republican,"Valerie ""Dr Val"" FREDRICK",2,0,2,0,0
Campbell,C503,U.S. Senate,,Republican,Jonathan M. HOLLIDAY,1,0,1,0,0
Campbell,C503,U.S. Senate,,Republican,Other Donald WENZEL,1,0,1,0,0
Campbell,C503,U.S. Senate,,Republican,Michael James FARIS,2,1,1,0,0
Campbell,C503,U.S. Senate,,Republican,James D. DUNCAN,0,0,0,0,0
Campbell,C503,U.S. Senate,,Republican,Jimmy I. LEON,0,0,0,0,0
Campbell,C503,U.S. Senate,,Republican,George WASHINGTON,1,0,1,0,0
Campbell,C503,U.S. Senate,,,Under Votes,5,0,5,0,0
Campbell,C503,U.S. Senate,,,Over Votes,0,0,0,0,0
Campbell,C503,U.S. House,4,Republican,Thomas MASSIE,56,10,46,0,0
Campbell,C503,U.S. House,4,Republican,Ed GALLREIN,52,11,40,1,0
Campbell,C503,U.S. House,4,,Under Votes,0,0,0,0,0
Campbell,C503,U.S. House,4,,Over Votes,0,0,0,0,0
Campbell,C503,Ballots Cast,,,,139,,,,
Campbell,C503,County Judge/Executive,,,"Andrew ""Andy"" SCHABELL",25,5,20,0,0
Campbell,C503,County Judge/Executive,,,Steve PENDERY,72,15,56,1,0
Campbell,C503,County Judge/Executive,,,Under Votes,11,1,10,0,0
Campbell,C503,County Judge/Executive,,,Over Votes,0,0,0,0,0
Campbell,C503,Jailer,,,Ryan GROSSER,60,12,47,1,0
Campbell,C503,Jailer,,,Brian JENNINGS,26,4,22,0,0
Campbell,C503,Jailer,,,Under Votes,22,5,17,0,0
Campbell,C503,Jailer,,,Over Votes,0,0,0,0,0
Campbell,C503,County Commissioner 1st District,,,Brian PAINTER,53,16,37,0,0
Campbell,C503,County Commissioner 1st District,,,Dave FISCHER,40,4,35,1,0
Campbell,C503,County Commissioner 1st District,,,Under Votes,15,1,14,0,0
Campbell,C503,County Commissioner 1st District,,,Over Votes,0,0,0,0,0
Campbell,C503,Coroner,,,Mark SCHWEITZER,70,19,50,1,0
Campbell,C503,Coroner,,,Derek MYERS,26,0,26,0,0
Campbell,C503,Coroner,,,Under Votes,12,2,10,0,0
Campbell,C503,Coroner,,,Over Votes,0,0,0,0,0
Campbell,C503,U.S. Senate,,Democratic,Dale Lewis ROMANS,0,0,0,0,0
Campbell,C503,U.S. Senate,,Democratic,Charles BOOKER,8,0,8,0,0
Campbell,C503,U.S. Senate,,Democratic,Logan FORSYTHE,1,0,1,0,0
Campbell,C503,U.S. Senate,,Democratic,Joshua BLANTON SR.,1,0,1,0,0
Campbell,C503,U.S. Senate,,Democratic,Vincent Anthony THOMPSON,1,0,1,0,0
Campbell,C503,U.S. Senate,,Democratic,Pamela STEVENSON,2,0,2,0,0
Campbell,C503,U.S. Senate,,Democratic,Amy McGRATH,18,3,15,0,0
Campbell,C503,U.S. Senate,,,Under Votes,0,0,0,0,0
Campbell,C503,U.S. Senate,,,Over Votes,0,0,0,0,0
Campbell,C503,U.S. House,4,Democratic,Melissa Claire STRANGE,23,3,20,0,0
Campbell,C503,U.S. House,4,Democratic,Jesse Russell BREWER,7,0,7,0,0
Campbell,C503,U.S. House,4,,Under Votes,1,0,1,0,0
Campbell,C503,U.S. House,4,,Over Votes,0,0,0,0,0
Campbell,C504,U.S. Senate,,Republican,A. Nick SHELLEY,0,0,0,0,0
Campbell,C504,U.S. Senate,,Republican,Daniel CAMERON,13,0,13,0,0
Campbell,C504,U.S. Senate,,Republican,Andy BARR,32,4,27,1,0
Campbell,C504,U.S. Senate,,Republican,Anissa CATLETT,0,0,0,0,0
Campbell,C504,U.S. Senate,,Republican,"Valerie ""Dr Val"" FREDRICK",1,0,1,0,0
Campbell,C504,U.S. Senate,,Republican,Jonathan M. HOLLIDAY,1,0,1,0,0
Campbell,C504,U.S. Senate,,Republican,Other Donald WENZEL,1,0,1,0,0
Campbell,C504,U.S. Senate,,Republican,Michael James FARIS,3,0,2,0,1
Campbell,C504,U.S. Senate,,Republican,James D. DUNCAN,0,0,0,0,0
Campbell,C504,U.S. Senate,,Republican,Jimmy I. LEON,0,0,0,0,0
Campbell,C504,U.S. Senate,,Republican,George WASHINGTON,3,0,3,0,0
Campbell,C504,U.S. Senate,,,Under Votes,0,0,0,0,0
Campbell,C504,U.S. Senate,,,Over Votes,0,0,0,0,0
Campbell,C504,U.S. House,4,Republican,Thomas MASSIE,25,0,24,0,1
Campbell,C504,U.S. House,4,Republican,Ed GALLREIN,31,4,26,1,0
Campbell,C504,U.S. House,4,,Under Votes,0,0,0,0,0
Campbell,C504,U.S. House,4,,Over Votes,0,0,0,0,0
Campbell,C504,Ballots Cast,,,,96,,,,
Campbell,C504,County Judge/Executive,,,"Andrew ""Andy"" SCHABELL",24,1,21,1,1
Campbell,C504,County Judge/Executive,,,Steve PENDERY,26,3,23,0,0
Campbell,C504,County Judge/Executive,,,Under Votes,6,0,6,0,0
Campbell,C504,County Judge/Executive,,,Over Votes,0,0,0,0,0
Campbell,C504,Jailer,,,Ryan GROSSER,28,2,25,0,1
Campbell,C504,Jailer,,,Brian JENNINGS,22,2,19,1,0
Campbell,C504,Jailer,,,Under Votes,6,0,6,0,0
Campbell,C504,Jailer,,,Over Votes,0,0,0,0,0
Campbell,C504,County Commissioner 1st District,,,Brian PAINTER,25,3,22,0,0
Campbell,C504,County Commissioner 1st District,,,Dave FISCHER,25,1,23,1,0
Campbell,C504,County Commissioner 1st District,,,Under Votes,6,0,5,0,1
Campbell,C504,County Commissioner 1st District,,,Over Votes,0,0,0,0,0
Campbell,C504,Coroner,,,Mark SCHWEITZER,28,3,23,1,1
Campbell,C504,Coroner,,,Derek MYERS,24,1,23,0,0
Campbell,C504,Coroner,,,Under Votes,4,0,4,0,0
Campbell,C504,Coroner,,,Over Votes,0,0,0,0,0
Campbell,C504,U.S. Senate,,Democratic,Dale Lewis ROMANS,0,0,0,0,0
Campbell,C504,U.S. Senate,,Democratic,Charles BOOKER,18,2,16,0,0
Campbell,C504,U.S. Senate,,Democratic,Logan FORSYTHE,0,0,0,0,0
Campbell,C504,U.S. Senate,,Democratic,Joshua BLANTON SR.,0,0,0,0,0
Campbell,C504,U.S. Senate,,Democratic,Vincent Anthony THOMPSON,0,0,0,0,0
Campbell,C504,U.S. Senate,,Democratic,Pamela STEVENSON,1,0,1,0,0
Campbell,C504,U.S. Senate,,Democratic,Amy McGRATH,21,3,15,3,0
Campbell,C504,U.S. Senate,,,Under Votes,0,0,0,0,0
Campbell,C504,U.S. Senate,,,Over Votes,0,0,0,0,0
Campbell,C504,U.S. House,4,Democratic,Melissa Claire STRANGE,32,5,24,3,0
Campbell,C504,U.S. House,4,Democratic,Jesse Russell BREWER,7,0,7,0,0
Campbell,C504,U.S. House,4,,Under Votes,1,0,1,0,0
Campbell,C504,U.S. House,4,,Over Votes,0,0,0,0,0
Campbell,B903,U.S. Senate,,Republican,A. Nick SHELLEY,4,0,4,0,0
Campbell,B903,U.S. Senate,,Republican,Daniel CAMERON,168,21,146,1,0
Campbell,B903,U.S. Senate,,Republican,Andy BARR,314,39,274,1,0
Campbell,B903,U.S. Senate,,Republican,Anissa CATLETT,0,0,0,0,0
Campbell,B903,U.S. Senate,,Republican,"Valerie ""Dr Val"" FREDRICK",7,0,7,0,0
Campbell,B903,U.S. Senate,,Republican,Jonathan M. HOLLIDAY,4,0,4,0,0
Campbell,B903,U.S. Senate,,Republican,Other Donald WENZEL,0,0,0,0,0
Campbell,B903,U.S. Senate,,Republican,Michael James FARIS,24,1,23,0,0
Campbell,B903,U.S. Senate,,Republican,James D. DUNCAN,1,0,1,0,0
Campbell,B903,U.S. Senate,,Republican,Jimmy I. LEON,0,0,0,0,0
Campbell,B903,U.S. Senate,,Republican,George WASHINGTON,5,1,4,0,0
Campbell,B903,U.S. Senate,,,Under Votes,26,2,23,0,1
Campbell,B903,U.S. Senate,,,Over Votes,2,0,2,0,0
Campbell,B903,U.S. House,4,Republican,Thomas MASSIE,251,29,221,1,0
Campbell,B903,U.S. House,4,Republican,Ed GALLREIN,309,39,269,1,0
Campbell,B903,U.S. House,4,,Under Votes,7,0,6,0,1
Campbell,B903,U.S. House,4,,Over Votes,0,0,0,0,0
Campbell,B903,Ballots Cast,,,,700,,,,
Campbell,B903,County Judge/Executive,,,"Andrew ""Andy"" SCHABELL",366,48,317,1,0
Campbell,B903,County Judge/Executive,,,Steve PENDERY,175,17,156,1,1
Campbell,B903,County Judge/Executive,,,Under Votes,26,3,23,0,0
Campbell,B903,County Judge/Executive,,,Over Votes,0,0,0,0,0
Campbell,B903,Jailer,,,Ryan GROSSER,384,51,332,1,0
Campbell,B903,Jailer,,,Brian JENNINGS,118,12,105,1,0
Campbell,B903,Jailer,,,Under Votes,65,5,59,0,1
Campbell,B903,Jailer,,,Over Votes,0,0,0,0,0
Campbell,B903,County Commissioner 1st District,,,Brian PAINTER,324,36,287,1,0
Campbell,B903,County Commissioner 1st District,,,Dave FISCHER,205,28,176,1,0
Campbell,B903,County Commissioner 1st District,,,Under Votes,38,4,33,0,1
Campbell,B903,County Commissioner 1st District,,,Over Votes,0,0,0,0,0
Campbell,B903,Coroner,,,Mark SCHWEITZER,397,50,345,1,1
Campbell,B903,Coroner,,,Derek MYERS,130,15,114,1,0
Campbell,B903,Coroner,,,Under Votes,40,3,37,0,0
Campbell,B903,Coroner,,,Over Votes,0,0,0,0,0
Campbell,B903,U.S. Senate,,Democratic,Dale Lewis ROMANS,0,0,0,0,0
Campbell,B903,U.S. Senate,,Democratic,Charles BOOKER,44,7,36,0,1
Campbell,B903,U.S. Senate,,Democratic,Logan FORSYTHE,2,0,2,0,0
Campbell,B903,U.S. Senate,,Democratic,Joshua BLANTON SR.,5,0,5,0,0
Campbell,B903,U.S. Senate,,Democratic,Vincent Anthony THOMPSON,3,1,2,0,0
Campbell,B903,U.S. Senate,,Democratic,Pamela STEVENSON,5,0,5,0,0
Campbell,B903,U.S. Senate,,Democratic,Amy McGRATH,66,9,55,2,0
Campbell,B903,U.S. Senate,,,Under Votes,8,1,7,0,0
Campbell,B903,U.S. Senate,,,Over Votes,0,0,0,0,0
Campbell,B903,U.S. House,4,Democratic,Melissa Claire STRANGE,88,13,72,2,1
Campbell,B903,U.S. House,4,Democratic,Jesse Russell BREWER,36,4,32,0,0
Campbell,B903,U.S. House,4,,Under Votes,9,1,8,0,0
Campbell,B903,U.S. House,4,,Over Votes,0,0,0,0,0
Campbell,B909,U.S. Senate,,Republican,A. Nick SHELLEY,2,0,2,0,0
Campbell,B909,U.S. Senate,,Republican,Daniel CAMERON,120,9,105,4,2
Campbell,B909,U.S. Senate,,Republican,Andy BARR,230,33,189,5,3
Campbell,B909,U.S. Senate,,Republican,Anissa CATLETT,4,1,3,0,0
Campbell,B909,U.S. Senate,,Republican,"Valerie ""Dr Val"" FREDRICK",8,2,5,1,0
Campbell,B909,U.S. Senate,,Republican,Jonathan M. HOLLIDAY,2,0,2,0,0
Campbell,B909,U.S. Senate,,Republican,Other Donald WENZEL,2,0,2,0,0
Campbell,B909,U.S. Senate,,Republican,Michael James FARIS,14,3,11,0,0
Campbell,B909,U.S. Senate,,Republican,James D. DUNCAN,6,3,3,0,0
Campbell,B909,U.S. Senate,,Republican,Jimmy I. LEON,2,0,2,0,0
Campbell,B909,U.S. Senate,,Republican,George WASHINGTON,1,0,1,0,0
Campbell,B909,U.S. Senate,,,Under Votes,21,1,19,0,1
Campbell,B909,U.S. Senate,,,Over Votes,0,0,0,0,0
Campbell,B909,U.S. House,4,Republican,Thomas MASSIE,176,22,147,5,2
Campbell,B909,U.S. House,4,Republican,Ed GALLREIN,242,30,204,4,4
Campbell,B909,U.S. House,4,,Under Votes,9,1,7,1,0
Campbell,B909,U.S. House,4,,Over Votes,0,0,0,0,0
Campbell,B909,Ballots Cast,,,,655,,,,
Campbell,B909,County Judge/Executive,,,"Andrew ""Andy"" SCHABELL",175,20,152,2,1
Campbell,B909,County Judge/Executive,,,Steve PENDERY,220,29,179,8,4
Campbell,B909,County Judge/Executive,,,Under Votes,32,4,27,0,1
Campbell,B909,County Judge/Executive,,,Over Votes,0,0,0,0,0
Campbell,B909,Jailer,,,Ryan GROSSER,262,30,225,6,1
Campbell,B909,Jailer,,,Brian JENNINGS,99,17,78,2,2
Campbell,B909,Jailer,,,Under Votes,66,6,55,2,3
Campbell,B909,Jailer,,,Over Votes,0,0,0,0,0
Campbell,B909,County Commissioner 1st District,,,Brian PAINTER,216,26,184,2,4
Campbell,B909,County Commissioner 1st District,,,Dave FISCHER,156,22,127,6,1
Campbell,B909,County Commissioner 1st District,,,Under Votes,54,5,47,1,1
Campbell,B909,County Commissioner 1st District,,,Over Votes,1,0,0,1,0
Campbell,B909,Coroner,,,Mark SCHWEITZER,250,36,207,5,2
Campbell,B909,Coroner,,,Derek MYERS,127,11,110,3,3
Campbell,B909,Coroner,,,Under Votes,50,6,41,2,1
Campbell,B909,Coroner,,,Over Votes,0,0,0,0,0
Campbell,B909,U.S. Senate,,Democratic,Dale Lewis ROMANS,4,0,4,0,0
Campbell,B909,U.S. Senate,,Democratic,Charles BOOKER,83,9,70,3,1
Campbell,B909,U.S. Senate,,Democratic,Logan FORSYTHE,0,0,0,0,0
Campbell,B909,U.S. Senate,,Democratic,Joshua BLANTON SR.,3,0,3,0,0
Campbell,B909,U.S. Senate,,Democratic,Vincent Anthony THOMPSON,4,1,3,0,0
Campbell,B909,U.S. Senate,,Democratic,Pamela STEVENSON,11,2,9,0,0
Campbell,B909,U.S. Senate,,Democratic,Amy McGRATH,122,20,96,4,2
Campbell,B909,U.S. Senate,,,Under Votes,1,0,1,0,0
Campbell,B909,U.S. Senate,,,Over Votes,0,0,0,0,0
Campbell,B909,U.S. House,4,Democratic,Melissa Claire STRANGE,175,22,144,7,2
Campbell,B909,U.S. House,4,Democratic,Jesse Russell BREWER,45,9,35,0,1
Campbell,B909,U.S. House,4,,Under Votes,8,1,7,0,0
Campbell,B909,U.S. House,4,,Over Votes,0,0,0,0,0
Campbell,B909,City Council City OF Fort Thomas,,,Eric STRANGE,1,0,1,0,0
Campbell,B909,City Council City OF Fort Thomas,,,Mary Anne BROWN,1,0,1,0,0
Campbell,B909,City Council City OF Fort Thomas,,,Lauren McINTOSH,1,0,1,0,0
Campbell,B909,City Council City OF Fort Thomas,,,Hunter SCHLOSSER,1,0,1,0,0
Campbell,B909,City Council City OF Fort Thomas,,,Ken BOWMAN,0,0,0,0,0
Campbell,B909,City Council City OF Fort Thomas,,,Frances A. HOFFMAN,0,0,0,0,0
Campbell,B909,City Council City OF Fort Thomas,,,Adam BLAU,1,0,1,0,0
Campbell,B909,City Council City OF Fort Thomas,,,Ben PENDERY,1,0,1,0,0
Campbell,B909,City Council City OF Fort Thomas,,,Allison ALESSANDRO,1,0,1,0,0
Campbell,B909,City Council City OF Fort Thomas,,,Brandon LONG,0,0,0,0,0
Campbell,B909,City Council City OF Fort Thomas,,,Steve AREY,0,0,0,0,0
Campbell,B909,City Council City OF Fort Thomas,,,Ashley SULLIVAN,0,0,0,0,0
Campbell,B909,City Council City OF Fort Thomas,,,Brandon ROLLER,0,0,0,0,0
Campbell,B909,City Council City OF Fort Thomas,,,Huey PERGREM,1,0,1,0,0
Campbell,B909,City Council City OF Fort Thomas,,,Bradley FENNELL,1,0,1,0,0
Campbell,B909,City Council City OF Fort Thomas,,,Under Votes,3,0,3,0,0
Campbell,B909,City Council City OF Fort Thomas,,,Over Votes,0,0,0,0,0
