county,precinct,office,district,party,candidate,votes,early_voting,election_day,absentee_mail,absentee
Kenton,A101,U.S. Senate,,Republican,A. Nick SHELLEY,2,,,,
Kenton,A101,U.S. Senate,,Republican,Daniel CAMERON,40,,,,
Kenton,A101,U.S. Senate,,Republican,Andy BARR,97,,,,
Kenton,A101,U.S. Senate,,Republican,Anissa CATLETT,1,,,,
Kenton,A101,U.S. Senate,,Republican,"Valerie ""Dr Val"" FREDRICK",1,,,,
Kenton,A101,U.S. Senate,,Republican,Jonathan M. HOLLIDAY,0,,,,
Kenton,A101,U.S. Senate,,Republican,Other Donald WENZEL,3,,,,
Kenton,A101,U.S. Senate,,Republican,Michael James FARIS,6,,,,
Kenton,A101,U.S. Senate,,Republican,Nate MORRIS (Withdrawn),9,,,,
Kenton,A101,U.S. Senate,,Republican,James D. DUNCAN,1,,,,
Kenton,A101,U.S. Senate,,Republican,Jimmy I. LEON,0,,,,
Kenton,A101,U.S. Senate,,Republican,George WASHINGTON,2,,,,
Kenton,A101,U.S. House,4,Republican,Thomas MASSIE,92,,,,
Kenton,A101,U.S. House,4,Republican,Ed GALLREIN,89,,,,
Kenton,A101,Property Valuation Administrator,,Republican,Darlene M. PLUMMER,76,,,,
Kenton,A101,Property Valuation Administrator,,Republican,Chris REINERSMAN,64,,,,
Kenton,A101,Sheriff,,Republican,Jude HEHMAN,71,,,,
Kenton,A101,Sheriff,,Republican,Larry SHELTON,76,,,,
Kenton,A101,County Commissioner,2,Republican,Sherry GOODRIDGE,63,,,,
Kenton,A101,County Commissioner,2,Republican,Jeff NICELEY,70,,,,
Kenton,A101,County Commissioner,3,Republican,Rebecca RECKERS,54,,,,
Kenton,A101,County Commissioner,3,Republican,"Richard ""Scott"" KIMMICH",40,,,,
Kenton,A101,County Commissioner,3,Republican,Matthew James HAYDEN,50,,,,
Kenton,A101,U.S. Senate,,Democratic,Dale Lewis ROMANS,4,,,,
Kenton,A101,U.S. Senate,,Democratic,Charles BOOKER,146,,,,
Kenton,A101,U.S. Senate,,Democratic,Logan FORSYTHE,6,,,,
Kenton,A101,U.S. Senate,,Democratic,Joshua BLANTON SR.,3,,,,
Kenton,A101,U.S. Senate,,Democratic,Vincent Anthony THOMPSON,2,,,,
Kenton,A101,U.S. Senate,,Democratic,Pamela STEVENSON,18,,,,
Kenton,A101,U.S. Senate,,Democratic,Amy McGRATH,116,,,,
Kenton,A101,U.S. House,4,Democratic,Melissa Claire STRANGE,220,,,,
Kenton,A101,U.S. House,4,Democratic,Jesse Russell BREWER,57,,,,
Kenton,A101,County Commissioner,3,Democratic,Jordan T. BALDRIDGE,176,,,,
Kenton,A101,County Commissioner,3,Democratic,John BUSSE,90,,,,
Kenton,A102,U.S. Senate,,Republican,A. Nick SHELLEY,0,,,,
Kenton,A102,U.S. Senate,,Republican,Daniel CAMERON,33,,,,
Kenton,A102,U.S. Senate,,Republican,Andy BARR,55,,,,
Kenton,A102,U.S. Senate,,Republican,Anissa CATLETT,7,,,,
Kenton,A102,U.S. Senate,,Republican,"Valerie ""Dr Val"" FREDRICK",3,,,,
Kenton,A102,U.S. Senate,,Republican,Jonathan M. HOLLIDAY,1,,,,
Kenton,A102,U.S. Senate,,Republican,Other Donald WENZEL,1,,,,
Kenton,A102,U.S. Senate,,Republican,Michael James FARIS,3,,,,
Kenton,A102,U.S. Senate,,Republican,Nate MORRIS (Withdrawn),1,,,,
Kenton,A102,U.S. Senate,,Republican,James D. DUNCAN,0,,,,
Kenton,A102,U.S. Senate,,Republican,Jimmy I. LEON,0,,,,
Kenton,A102,U.S. Senate,,Republican,George WASHINGTON,6,,,,
Kenton,A102,U.S. House,4,Republican,Thomas MASSIE,76,,,,
Kenton,A102,U.S. House,4,Republican,Ed GALLREIN,44,,,,
Kenton,A102,Property Valuation Administrator,,Republican,Darlene M. PLUMMER,58,,,,
Kenton,A102,Property Valuation Administrator,,Republican,Chris REINERSMAN,37,,,,
Kenton,A102,Sheriff,,Republican,Jude HEHMAN,44,,,,
Kenton,A102,Sheriff,,Republican,Larry SHELTON,52,,,,
Kenton,A102,County Commissioner,2,Republican,Sherry GOODRIDGE,35,,,,
Kenton,A102,County Commissioner,2,Republican,Jeff NICELEY,54,,,,
Kenton,A102,County Commissioner,3,Republican,Rebecca RECKERS,39,,,,
Kenton,A102,County Commissioner,3,Republican,"Richard ""Scott"" KIMMICH",21,,,,
Kenton,A102,County Commissioner,3,Republican,Matthew James HAYDEN,31,,,,
Kenton,A102,U.S. Senate,,Democratic,Dale Lewis ROMANS,4,,,,
Kenton,A102,U.S. Senate,,Democratic,Charles BOOKER,226,,,,
Kenton,A102,U.S. Senate,,Democratic,Logan FORSYTHE,6,,,,
Kenton,A102,U.S. Senate,,Democratic,Joshua BLANTON SR.,1,,,,
Kenton,A102,U.S. Senate,,Democratic,Vincent Anthony THOMPSON,1,,,,
Kenton,A102,U.S. Senate,,Democratic,Pamela STEVENSON,16,,,,
Kenton,A102,U.S. Senate,,Democratic,Amy McGRATH,125,,,,
Kenton,A102,U.S. House,4,Democratic,Melissa Claire STRANGE,294,,,,
Kenton,A102,U.S. House,4,Democratic,Jesse Russell BREWER,54,,,,
Kenton,A102,County Commissioner,3,Democratic,Jordan T. BALDRIDGE,211,,,,
Kenton,A102,County Commissioner,3,Democratic,John BUSSE,109,,,,
Kenton,A103,U.S. Senate,,Republican,A. Nick SHELLEY,3,,,,
Kenton,A103,U.S. Senate,,Republican,Daniel CAMERON,15,,,,
Kenton,A103,U.S. Senate,,Republican,Andy BARR,50,,,,
Kenton,A103,U.S. Senate,,Republican,Anissa CATLETT,3,,,,
Kenton,A103,U.S. Senate,,Republican,"Valerie ""Dr Val"" FREDRICK",0,,,,
Kenton,A103,U.S. Senate,,Republican,Jonathan M. HOLLIDAY,0,,,,
Kenton,A103,U.S. Senate,,Republican,Other Donald WENZEL,0,,,,
Kenton,A103,U.S. Senate,,Republican,Michael James FARIS,1,,,,
Kenton,A103,U.S. Senate,,Republican,Nate MORRIS (Withdrawn),3,,,,
Kenton,A103,U.S. Senate,,Republican,James D. DUNCAN,1,,,,
Kenton,A103,U.S. Senate,,Republican,Jimmy I. LEON,0,,,,
Kenton,A103,U.S. Senate,,Republican,George WASHINGTON,2,,,,
Kenton,A103,U.S. House,4,Republican,Thomas MASSIE,31,,,,
Kenton,A103,U.S. House,4,Republican,Ed GALLREIN,48,,,,
Kenton,A103,Property Valuation Administrator,,Republican,Darlene M. PLUMMER,48,,,,
Kenton,A103,Property Valuation Administrator,,Republican,Chris REINERSMAN,26,,,,
Kenton,A103,Sheriff,,Republican,Jude HEHMAN,39,,,,
Kenton,A103,Sheriff,,Republican,Larry SHELTON,29,,,,
Kenton,A103,County Commissioner,2,Republican,Sherry GOODRIDGE,31,,,,
Kenton,A103,County Commissioner,2,Republican,Jeff NICELEY,34,,,,
Kenton,A103,County Commissioner,3,Republican,Rebecca RECKERS,19,,,,
Kenton,A103,County Commissioner,3,Republican,"Richard ""Scott"" KIMMICH",31,,,,
Kenton,A103,County Commissioner,3,Republican,Matthew James HAYDEN,18,,,,
Kenton,A103,U.S. Senate,,Democratic,Dale Lewis ROMANS,1,,,,
Kenton,A103,U.S. Senate,,Democratic,Charles BOOKER,32,,,,
Kenton,A103,U.S. Senate,,Democratic,Logan FORSYTHE,3,,,,
Kenton,A103,U.S. Senate,,Democratic,Joshua BLANTON SR.,1,,,,
Kenton,A103,U.S. Senate,,Democratic,Vincent Anthony THOMPSON,2,,,,
Kenton,A103,U.S. Senate,,Democratic,Pamela STEVENSON,6,,,,
Kenton,A103,U.S. Senate,,Democratic,Amy McGRATH,32,,,,
Kenton,A103,U.S. House,4,Democratic,Melissa Claire STRANGE,45,,,,
Kenton,A103,U.S. House,4,Democratic,Jesse Russell BREWER,22,,,,
Kenton,A103,County Commissioner,3,Democratic,Jordan T. BALDRIDGE,41,,,,
Kenton,A103,County Commissioner,3,Democratic,John BUSSE,22,,,,
Kenton,A104,U.S. Senate,,Republican,A. Nick SHELLEY,1,,,,
Kenton,A104,U.S. Senate,,Republican,Daniel CAMERON,15,,,,
Kenton,A104,U.S. Senate,,Republican,Andy BARR,22,,,,
Kenton,A104,U.S. Senate,,Republican,Anissa CATLETT,1,,,,
Kenton,A104,U.S. Senate,,Republican,"Valerie ""Dr Val"" FREDRICK",0,,,,
Kenton,A104,U.S. Senate,,Republican,Jonathan M. HOLLIDAY,1,,,,
Kenton,A104,U.S. Senate,,Republican,Other Donald WENZEL,0,,,,
Kenton,A104,U.S. Senate,,Republican,Michael James FARIS,0,,,,
Kenton,A104,U.S. Senate,,Republican,Nate MORRIS (Withdrawn),1,,,,
Kenton,A104,U.S. Senate,,Republican,James D. DUNCAN,0,,,,
Kenton,A104,U.S. Senate,,Republican,Jimmy I. LEON,0,,,,
Kenton,A104,U.S. Senate,,Republican,George WASHINGTON,1,,,,
Kenton,A104,U.S. House,4,Republican,Thomas MASSIE,19,,,,
Kenton,A104,U.S. House,4,Republican,Ed GALLREIN,24,,,,
Kenton,A104,Property Valuation Administrator,,Republican,Darlene M. PLUMMER,19,,,,
Kenton,A104,Property Valuation Administrator,,Republican,Chris REINERSMAN,20,,,,
Kenton,A104,Sheriff,,Republican,Jude HEHMAN,28,,,,
Kenton,A104,Sheriff,,Republican,Larry SHELTON,12,,,,
Kenton,A104,County Commissioner,2,Republican,Sherry GOODRIDGE,18,,,,
Kenton,A104,County Commissioner,2,Republican,Jeff NICELEY,20,,,,
Kenton,A104,County Commissioner,3,Republican,Rebecca RECKERS,10,,,,
Kenton,A104,County Commissioner,3,Republican,"Richard ""Scott"" KIMMICH",8,,,,
Kenton,A104,County Commissioner,3,Republican,Matthew James HAYDEN,19,,,,
Kenton,A104,U.S. Senate,,Democratic,Dale Lewis ROMANS,0,,,,
Kenton,A104,U.S. Senate,,Democratic,Charles BOOKER,92,,,,
Kenton,A104,U.S. Senate,,Democratic,Logan FORSYTHE,4,,,,
Kenton,A104,U.S. Senate,,Democratic,Joshua BLANTON SR.,1,,,,
Kenton,A104,U.S. Senate,,Democratic,Vincent Anthony THOMPSON,3,,,,
Kenton,A104,U.S. Senate,,Democratic,Pamela STEVENSON,4,,,,
Kenton,A104,U.S. Senate,,Democratic,Amy McGRATH,47,,,,
Kenton,A104,U.S. House,4,Democratic,Melissa Claire STRANGE,111,,,,
Kenton,A104,U.S. House,4,Democratic,Jesse Russell BREWER,29,,,,
Kenton,A104,County Commissioner,3,Democratic,Jordan T. BALDRIDGE,80,,,,
Kenton,A104,County Commissioner,3,Democratic,John BUSSE,46,,,,
Kenton,A105,U.S. Senate,,Republican,A. Nick SHELLEY,1,,,,
Kenton,A105,U.S. Senate,,Republican,Daniel CAMERON,16,,,,
Kenton,A105,U.S. Senate,,Republican,Andy BARR,33,,,,
Kenton,A105,U.S. Senate,,Republican,Anissa CATLETT,0,,,,
Kenton,A105,U.S. Senate,,Republican,"Valerie ""Dr Val"" FREDRICK",1,,,,
Kenton,A105,U.S. Senate,,Republican,Jonathan M. HOLLIDAY,1,,,,
Kenton,A105,U.S. Senate,,Republican,Other Donald WENZEL,0,,,,
Kenton,A105,U.S. Senate,,Republican,Michael James FARIS,1,,,,
Kenton,A105,U.S. Senate,,Republican,Nate MORRIS (Withdrawn),1,,,,
Kenton,A105,U.S. Senate,,Republican,James D. DUNCAN,1,,,,
Kenton,A105,U.S. Senate,,Republican,Jimmy I. LEON,0,,,,
Kenton,A105,U.S. Senate,,Republican,George WASHINGTON,6,,,,
Kenton,A105,U.S. House,4,Republican,Thomas MASSIE,34,,,,
Kenton,A105,U.S. House,4,Republican,Ed GALLREIN,33,,,,
Kenton,A105,State Representative,64,Republican,Scott BERGER,21,,,,
Kenton,A105,State Representative,64,Republican,Kimberly Poore MOSER,35,,,,
Kenton,A105,Property Valuation Administrator,,Republican,Darlene M. PLUMMER,30,,,,
Kenton,A105,Property Valuation Administrator,,Republican,Chris REINERSMAN,26,,,,
Kenton,A105,Sheriff,,Republican,Jude HEHMAN,27,,,,
Kenton,A105,Sheriff,,Republican,Larry SHELTON,28,,,,
Kenton,A105,County Commissioner,2,Republican,Sherry GOODRIDGE,31,,,,
Kenton,A105,County Commissioner,2,Republican,Jeff NICELEY,29,,,,
Kenton,A105,County Commissioner,3,Republican,Rebecca RECKERS,23,,,,
Kenton,A105,County Commissioner,3,Republican,"Richard ""Scott"" KIMMICH",16,,,,
Kenton,A105,County Commissioner,3,Republican,Matthew James HAYDEN,16,,,,
Kenton,A105,U.S. Senate,,Democratic,Dale Lewis ROMANS,1,,,,
Kenton,A105,U.S. Senate,,Democratic,Charles BOOKER,97,,,,
Kenton,A105,U.S. Senate,,Democratic,Logan FORSYTHE,5,,,,
Kenton,A105,U.S. Senate,,Democratic,Joshua BLANTON SR.,3,,,,
Kenton,A105,U.S. Senate,,Democratic,Vincent Anthony THOMPSON,1,,,,
Kenton,A105,U.S. Senate,,Democratic,Pamela STEVENSON,7,,,,
Kenton,A105,U.S. Senate,,Democratic,Amy McGRATH,56,,,,
Kenton,A105,U.S. House,4,Democratic,Melissa Claire STRANGE,137,,,,
Kenton,A105,U.S. House,4,Democratic,Jesse Russell BREWER,21,,,,
Kenton,A105,State Representative,64,Democratic,Nicholas C. McHARGUE,63,,,,
Kenton,A105,State Representative,64,Democratic,William Nick WHALEN,85,,,,
Kenton,A105,County Commissioner,3,Democratic,Jordan T. BALDRIDGE,107,,,,
Kenton,A105,County Commissioner,3,Democratic,John BUSSE,40,,,,
Kenton,A106,U.S. Senate,,Republican,A. Nick SHELLEY,2,,,,
Kenton,A106,U.S. Senate,,Republican,Daniel CAMERON,29,,,,
Kenton,A106,U.S. Senate,,Republican,Andy BARR,57,,,,
Kenton,A106,U.S. Senate,,Republican,Anissa CATLETT,3,,,,
Kenton,A106,U.S. Senate,,Republican,"Valerie ""Dr Val"" FREDRICK",5,,,,
Kenton,A106,U.S. Senate,,Republican,Jonathan M. HOLLIDAY,0,,,,
Kenton,A106,U.S. Senate,,Republican,Other Donald WENZEL,0,,,,
Kenton,A106,U.S. Senate,,Republican,Michael James FARIS,2,,,,
Kenton,A106,U.S. Senate,,Republican,Nate MORRIS (Withdrawn),4,,,,
Kenton,A106,U.S. Senate,,Republican,James D. DUNCAN,0,,,,
Kenton,A106,U.S. Senate,,Republican,Jimmy I. LEON,0,,,,
Kenton,A106,U.S. Senate,,Republican,George WASHINGTON,1,,,,
Kenton,A106,U.S. House,4,Republican,Thomas MASSIE,48,,,,
Kenton,A106,U.S. House,4,Republican,Ed GALLREIN,61,,,,
Kenton,A106,Property Valuation Administrator,,Republican,Darlene M. PLUMMER,54,,,,
Kenton,A106,Property Valuation Administrator,,Republican,Chris REINERSMAN,31,,,,
Kenton,A106,Sheriff,,Republican,Jude HEHMAN,44,,,,
Kenton,A106,Sheriff,,Republican,Larry SHELTON,48,,,,
Kenton,A106,County Commissioner,2,Republican,Sherry GOODRIDGE,44,,,,
Kenton,A106,County Commissioner,2,Republican,Jeff NICELEY,41,,,,
Kenton,A106,County Commissioner,3,Republican,Rebecca RECKERS,27,,,,
Kenton,A106,County Commissioner,3,Republican,"Richard ""Scott"" KIMMICH",34,,,,
Kenton,A106,County Commissioner,3,Republican,Matthew James HAYDEN,28,,,,
Kenton,A106,U.S. Senate,,Democratic,Dale Lewis ROMANS,0,,,,
Kenton,A106,U.S. Senate,,Democratic,Charles BOOKER,57,,,,
Kenton,A106,U.S. Senate,,Democratic,Logan FORSYTHE,1,,,,
Kenton,A106,U.S. Senate,,Democratic,Joshua BLANTON SR.,2,,,,
Kenton,A106,U.S. Senate,,Democratic,Vincent Anthony THOMPSON,0,,,,
Kenton,A106,U.S. Senate,,Democratic,Pamela STEVENSON,9,,,,
Kenton,A106,U.S. Senate,,Democratic,Amy McGRATH,32,,,,
Kenton,A106,U.S. House,4,Democratic,Melissa Claire STRANGE,74,,,,
Kenton,A106,U.S. House,4,Democratic,Jesse Russell BREWER,21,,,,
Kenton,A106,County Commissioner,3,Democratic,Jordan T. BALDRIDGE,57,,,,
Kenton,A106,County Commissioner,3,Democratic,John BUSSE,35,,,,
Kenton,A107,U.S. Senate,,Republican,A. Nick SHELLEY,5,,,,
Kenton,A107,U.S. Senate,,Republican,Daniel CAMERON,15,,,,
Kenton,A107,U.S. Senate,,Republican,Andy BARR,35,,,,
Kenton,A107,U.S. Senate,,Republican,Anissa CATLETT,1,,,,
Kenton,A107,U.S. Senate,,Republican,"Valerie ""Dr Val"" FREDRICK",0,,,,
Kenton,A107,U.S. Senate,,Republican,Jonathan M. HOLLIDAY,0,,,,
Kenton,A107,U.S. Senate,,Republican,Other Donald WENZEL,0,,,,
Kenton,A107,U.S. Senate,,Republican,Michael James FARIS,1,,,,
Kenton,A107,U.S. Senate,,Republican,Nate MORRIS (Withdrawn),1,,,,
Kenton,A107,U.S. Senate,,Republican,James D. DUNCAN,0,,,,
Kenton,A107,U.S. Senate,,Republican,Jimmy I. LEON,1,,,,
Kenton,A107,U.S. Senate,,Republican,George WASHINGTON,1,,,,
Kenton,A107,U.S. House,4,Republican,Thomas MASSIE,34,,,,
Kenton,A107,U.S. House,4,Republican,Ed GALLREIN,30,,,,
Kenton,A107,State Representative,64,Republican,Scott BERGER,27,,,,
Kenton,A107,State Representative,64,Republican,Kimberly Poore MOSER,28,,,,
Kenton,A107,Property Valuation Administrator,,Republican,Darlene M. PLUMMER,37,,,,
Kenton,A107,Property Valuation Administrator,,Republican,Chris REINERSMAN,20,,,,
Kenton,A107,Sheriff,,Republican,Jude HEHMAN,27,,,,
Kenton,A107,Sheriff,,Republican,Larry SHELTON,28,,,,
Kenton,A107,County Commissioner,2,Republican,Sherry GOODRIDGE,22,,,,
Kenton,A107,County Commissioner,2,Republican,Jeff NICELEY,33,,,,
Kenton,A107,County Commissioner,3,Republican,Rebecca RECKERS,17,,,,
Kenton,A107,County Commissioner,3,Republican,"Richard ""Scott"" KIMMICH",21,,,,
Kenton,A107,County Commissioner,3,Republican,Matthew James HAYDEN,18,,,,
Kenton,A107,U.S. Senate,,Democratic,Dale Lewis ROMANS,2,,,,
Kenton,A107,U.S. Senate,,Democratic,Charles BOOKER,89,,,,
Kenton,A107,U.S. Senate,,Democratic,Logan FORSYTHE,0,,,,
Kenton,A107,U.S. Senate,,Democratic,Joshua BLANTON SR.,2,,,,
Kenton,A107,U.S. Senate,,Democratic,Vincent Anthony THOMPSON,0,,,,
Kenton,A107,U.S. Senate,,Democratic,Pamela STEVENSON,7,,,,
Kenton,A107,U.S. Senate,,Democratic,Amy McGRATH,56,,,,
Kenton,A107,U.S. House,4,Democratic,Melissa Claire STRANGE,104,,,,
Kenton,A107,U.S. House,4,Democratic,Jesse Russell BREWER,37,,,,
Kenton,A107,State Representative,64,Democratic,Nicholas C. McHARGUE,46,,,,
Kenton,A107,State Representative,64,Democratic,William Nick WHALEN,93,,,,
Kenton,A107,County Commissioner,3,Democratic,Jordan T. BALDRIDGE,86,,,,
Kenton,A107,County Commissioner,3,Democratic,John BUSSE,47,,,,
Kenton,A108,U.S. Senate,,Republican,A. Nick SHELLEY,3,,,,
Kenton,A108,U.S. Senate,,Republican,Daniel CAMERON,2,,,,
Kenton,A108,U.S. Senate,,Republican,Andy BARR,28,,,,
Kenton,A108,U.S. Senate,,Republican,Anissa CATLETT,2,,,,
Kenton,A108,U.S. Senate,,Republican,"Valerie ""Dr Val"" FREDRICK",1,,,,
Kenton,A108,U.S. Senate,,Republican,Jonathan M. HOLLIDAY,0,,,,
Kenton,A108,U.S. Senate,,Republican,Other Donald WENZEL,0,,,,
Kenton,A108,U.S. Senate,,Republican,Michael James FARIS,2,,,,
Kenton,A108,U.S. Senate,,Republican,Nate MORRIS (Withdrawn),1,,,,
Kenton,A108,U.S. Senate,,Republican,James D. DUNCAN,1,,,,
Kenton,A108,U.S. Senate,,Republican,Jimmy I. LEON,0,,,,
Kenton,A108,U.S. Senate,,Republican,George WASHINGTON,0,,,,
Kenton,A108,U.S. House,4,Republican,Thomas MASSIE,20,,,,
Kenton,A108,U.S. House,4,Republican,Ed GALLREIN,21,,,,
Kenton,A108,State Representative,64,Republican,Scott BERGER,22,,,,
Kenton,A108,State Representative,64,Republican,Kimberly Poore MOSER,17,,,,
Kenton,A108,Property Valuation Administrator,,Republican,Darlene M. PLUMMER,17,,,,
Kenton,A108,Property Valuation Administrator,,Republican,Chris REINERSMAN,22,,,,
Kenton,A108,Sheriff,,Republican,Jude HEHMAN,24,,,,
Kenton,A108,Sheriff,,Republican,Larry SHELTON,16,,,,
Kenton,A108,County Commissioner,2,Republican,Sherry GOODRIDGE,13,,,,
Kenton,A108,County Commissioner,2,Republican,Jeff NICELEY,25,,,,
Kenton,A108,County Commissioner,3,Republican,Rebecca RECKERS,9,,,,
Kenton,A108,County Commissioner,3,Republican,"Richard ""Scott"" KIMMICH",19,,,,
Kenton,A108,County Commissioner,3,Republican,Matthew James HAYDEN,11,,,,
Kenton,A108,U.S. Senate,,Democratic,Dale Lewis ROMANS,2,,,,
Kenton,A108,U.S. Senate,,Democratic,Charles BOOKER,38,,,,
Kenton,A108,U.S. Senate,,Democratic,Logan FORSYTHE,1,,,,
Kenton,A108,U.S. Senate,,Democratic,Joshua BLANTON SR.,1,,,,
Kenton,A108,U.S. Senate,,Democratic,Vincent Anthony THOMPSON,4,,,,
Kenton,A108,U.S. Senate,,Democratic,Pamela STEVENSON,4,,,,
Kenton,A108,U.S. Senate,,Democratic,Amy McGRATH,28,,,,
Kenton,A108,U.S. House,4,Democratic,Melissa Claire STRANGE,49,,,,
Kenton,A108,U.S. House,4,Democratic,Jesse Russell BREWER,21,,,,
Kenton,A108,State Representative,64,Democratic,Nicholas C. McHARGUE,34,,,,
Kenton,A108,State Representative,64,Democratic,William Nick WHALEN,38,,,,
Kenton,A108,County Commissioner,3,Democratic,Jordan T. BALDRIDGE,37,,,,
Kenton,A108,County Commissioner,3,Democratic,John BUSSE,33,,,,
Kenton,A109,U.S. Senate,,Republican,A. Nick SHELLEY,4,,,,
Kenton,A109,U.S. Senate,,Republican,Daniel CAMERON,37,,,,
Kenton,A109,U.S. Senate,,Republican,Andy BARR,65,,,,
Kenton,A109,U.S. Senate,,Republican,Anissa CATLETT,3,,,,
Kenton,A109,U.S. Senate,,Republican,"Valerie ""Dr Val"" FREDRICK",2,,,,
Kenton,A109,U.S. Senate,,Republican,Jonathan M. HOLLIDAY,1,,,,
Kenton,A109,U.S. Senate,,Republican,Other Donald WENZEL,0,,,,
Kenton,A109,U.S. Senate,,Republican,Michael James FARIS,3,,,,
Kenton,A109,U.S. Senate,,Republican,Nate MORRIS (Withdrawn),5,,,,
Kenton,A109,U.S. Senate,,Republican,James D. DUNCAN,2,,,,
Kenton,A109,U.S. Senate,,Republican,Jimmy I. LEON,1,,,,
Kenton,A109,U.S. Senate,,Republican,George WASHINGTON,5,,,,
Kenton,A109,U.S. House,4,Republican,Thomas MASSIE,70,,,,
Kenton,A109,U.S. House,4,Republican,Ed GALLREIN,68,,,,
Kenton,A109,Property Valuation Administrator,,Republican,Darlene M. PLUMMER,68,,,,
Kenton,A109,Property Valuation Administrator,,Republican,Chris REINERSMAN,49,,,,
Kenton,A109,Sheriff,,Republican,Jude HEHMAN,49,,,,
Kenton,A109,Sheriff,,Republican,Larry SHELTON,67,,,,
Kenton,A109,County Commissioner,2,Republican,Sherry GOODRIDGE,48,,,,
Kenton,A109,County Commissioner,2,Republican,Jeff NICELEY,65,,,,
Kenton,A109,County Commissioner,3,Republican,Rebecca RECKERS,44,,,,
Kenton,A109,County Commissioner,3,Republican,"Richard ""Scott"" KIMMICH",31,,,,
Kenton,A109,County Commissioner,3,Republican,Matthew James HAYDEN,35,,,,
Kenton,A109,U.S. Senate,,Democratic,Dale Lewis ROMANS,0,,,,
Kenton,A109,U.S. Senate,,Democratic,Charles BOOKER,98,,,,
Kenton,A109,U.S. Senate,,Democratic,Logan FORSYTHE,5,,,,
Kenton,A109,U.S. Senate,,Democratic,Joshua BLANTON SR.,3,,,,
Kenton,A109,U.S. Senate,,Democratic,Vincent Anthony THOMPSON,4,,,,
Kenton,A109,U.S. Senate,,Democratic,Pamela STEVENSON,10,,,,
Kenton,A109,U.S. Senate,,Democratic,Amy McGRATH,66,,,,
Kenton,A109,U.S. House,4,Democratic,Melissa Claire STRANGE,119,,,,
Kenton,A109,U.S. House,4,Democratic,Jesse Russell BREWER,50,,,,
Kenton,A109,County Commissioner,3,Democratic,Jordan T. BALDRIDGE,104,,,,
Kenton,A109,County Commissioner,3,Democratic,John BUSSE,64,,,,
Kenton,A110,U.S. Senate,,Republican,A. Nick SHELLEY,1,,,,
Kenton,A110,U.S. Senate,,Republican,Daniel CAMERON,8,,,,
Kenton,A110,U.S. Senate,,Republican,Andy BARR,33,,,,
Kenton,A110,U.S. Senate,,Republican,Anissa CATLETT,0,,,,
Kenton,A110,U.S. Senate,,Republican,"Valerie ""Dr Val"" FREDRICK",1,,,,
Kenton,A110,U.S. Senate,,Republican,Jonathan M. HOLLIDAY,0,,,,
Kenton,A110,U.S. Senate,,Republican,Other Donald WENZEL,0,,,,
Kenton,A110,U.S. Senate,,Republican,Michael James FARIS,1,,,,
Kenton,A110,U.S. Senate,,Republican,Nate MORRIS (Withdrawn),2,,,,
Kenton,A110,U.S. Senate,,Republican,James D. DUNCAN,0,,,,
Kenton,A110,U.S. Senate,,Republican,Jimmy I. LEON,0,,,,
Kenton,A110,U.S. Senate,,Republican,George WASHINGTON,0,,,,
Kenton,A110,U.S. House,4,Republican,Thomas MASSIE,24,,,,
Kenton,A110,U.S. House,4,Republican,Ed GALLREIN,25,,,,
Kenton,A110,Property Valuation Administrator,,Republican,Darlene M. PLUMMER,24,,,,
Kenton,A110,Property Valuation Administrator,,Republican,Chris REINERSMAN,12,,,,
Kenton,A110,Sheriff,,Republican,Jude HEHMAN,23,,,,
Kenton,A110,Sheriff,,Republican,Larry SHELTON,16,,,,
Kenton,A110,County Commissioner,2,Republican,Sherry GOODRIDGE,14,,,,
Kenton,A110,County Commissioner,2,Republican,Jeff NICELEY,18,,,,
Kenton,A110,County Commissioner,3,Republican,Rebecca RECKERS,14,,,,
Kenton,A110,County Commissioner,3,Republican,"Richard ""Scott"" KIMMICH",14,,,,
Kenton,A110,County Commissioner,3,Republican,Matthew James HAYDEN,7,,,,
Kenton,A110,U.S. Senate,,Democratic,Dale Lewis ROMANS,1,,,,
Kenton,A110,U.S. Senate,,Democratic,Charles BOOKER,16,,,,
Kenton,A110,U.S. Senate,,Democratic,Logan FORSYTHE,1,,,,
Kenton,A110,U.S. Senate,,Democratic,Joshua BLANTON SR.,0,,,,
Kenton,A110,U.S. Senate,,Democratic,Vincent Anthony THOMPSON,0,,,,
Kenton,A110,U.S. Senate,,Democratic,Pamela STEVENSON,3,,,,
Kenton,A110,U.S. Senate,,Democratic,Amy McGRATH,33,,,,
Kenton,A110,U.S. House,4,Democratic,Melissa Claire STRANGE,32,,,,
Kenton,A110,U.S. House,4,Democratic,Jesse Russell BREWER,16,,,,
Kenton,A110,County Commissioner,3,Democratic,Jordan T. BALDRIDGE,24,,,,
Kenton,A110,County Commissioner,3,Democratic,John BUSSE,23,,,,
Kenton,A111,U.S. Senate,,Republican,A. Nick SHELLEY,1,,,,
Kenton,A111,U.S. Senate,,Republican,Daniel CAMERON,9,,,,
Kenton,A111,U.S. Senate,,Republican,Andy BARR,18,,,,
Kenton,A111,U.S. Senate,,Republican,Anissa CATLETT,0,,,,
Kenton,A111,U.S. Senate,,Republican,"Valerie ""Dr Val"" FREDRICK",0,,,,
Kenton,A111,U.S. Senate,,Republican,Jonathan M. HOLLIDAY,1,,,,
Kenton,A111,U.S. Senate,,Republican,Other Donald WENZEL,0,,,,
Kenton,A111,U.S. Senate,,Republican,Michael James FARIS,1,,,,
Kenton,A111,U.S. Senate,,Republican,Nate MORRIS (Withdrawn),2,,,,
Kenton,A111,U.S. Senate,,Republican,James D. DUNCAN,0,,,,
Kenton,A111,U.S. Senate,,Republican,Jimmy I. LEON,0,,,,
Kenton,A111,U.S. Senate,,Republican,George WASHINGTON,0,,,,
Kenton,A111,U.S. House,4,Republican,Thomas MASSIE,11,,,,
Kenton,A111,U.S. House,4,Republican,Ed GALLREIN,23,,,,
Kenton,A111,State Representative,63,Republican,Seth Winslow YOUNG,8,,,,
Kenton,A111,State Representative,63,Republican,Cole CUZICK,13,,,,
Kenton,A111,State Representative,63,Republican,Kim BANTA,10,,,,
Kenton,A111,Property Valuation Administrator,,Republican,Darlene M. PLUMMER,18,,,,
Kenton,A111,Property Valuation Administrator,,Republican,Chris REINERSMAN,11,,,,
Kenton,A111,Sheriff,,Republican,Jude HEHMAN,10,,,,
Kenton,A111,Sheriff,,Republican,Larry SHELTON,20,,,,
Kenton,A111,County Commissioner,2,Republican,Sherry GOODRIDGE,9,,,,
Kenton,A111,County Commissioner,2,Republican,Jeff NICELEY,16,,,,
Kenton,A111,County Commissioner,3,Republican,Rebecca RECKERS,3,,,,
Kenton,A111,County Commissioner,3,Republican,"Richard ""Scott"" KIMMICH",10,,,,
Kenton,A111,County Commissioner,3,Republican,Matthew James HAYDEN,13,,,,
Kenton,A111,U.S. Senate,,Democratic,Dale Lewis ROMANS,2,,,,
Kenton,A111,U.S. Senate,,Democratic,Charles BOOKER,29,,,,
Kenton,A111,U.S. Senate,,Democratic,Logan FORSYTHE,0,,,,
Kenton,A111,U.S. Senate,,Democratic,Joshua BLANTON SR.,0,,,,
Kenton,A111,U.S. Senate,,Democratic,Vincent Anthony THOMPSON,0,,,,
Kenton,A111,U.S. Senate,,Democratic,Pamela STEVENSON,4,,,,
Kenton,A111,U.S. Senate,,Democratic,Amy McGRATH,21,,,,
Kenton,A111,U.S. House,4,Democratic,Melissa Claire STRANGE,32,,,,
Kenton,A111,U.S. House,4,Democratic,Jesse Russell BREWER,22,,,,
Kenton,A111,County Commissioner,3,Democratic,Jordan T. BALDRIDGE,29,,,,
Kenton,A111,County Commissioner,3,Democratic,John BUSSE,18,,,,
Kenton,A112,U.S. Senate,,Republican,A. Nick SHELLEY,5,,,,
Kenton,A112,U.S. Senate,,Republican,Daniel CAMERON,57,,,,
Kenton,A112,U.S. Senate,,Republican,Andy BARR,103,,,,
Kenton,A112,U.S. Senate,,Republican,Anissa CATLETT,3,,,,
Kenton,A112,U.S. Senate,,Republican,"Valerie ""Dr Val"" FREDRICK",3,,,,
Kenton,A112,U.S. Senate,,Republican,Jonathan M. HOLLIDAY,1,,,,
Kenton,A112,U.S. Senate,,Republican,Other Donald WENZEL,3,,,,
Kenton,A112,U.S. Senate,,Republican,Michael James FARIS,3,,,,
Kenton,A112,U.S. Senate,,Republican,Nate MORRIS (Withdrawn),10,,,,
Kenton,A112,U.S. Senate,,Republican,James D. DUNCAN,2,,,,
Kenton,A112,U.S. Senate,,Republican,Jimmy I. LEON,0,,,,
Kenton,A112,U.S. Senate,,Republican,George WASHINGTON,6,,,,
Kenton,A112,U.S. House,4,Republican,Thomas MASSIE,94,,,,
Kenton,A112,U.S. House,4,Republican,Ed GALLREIN,109,,,,
Kenton,A112,State Representative,64,Republican,Scott BERGER,86,,,,
Kenton,A112,State Representative,64,Republican,Kimberly Poore MOSER,104,,,,
Kenton,A112,Property Valuation Administrator,,Republican,Darlene M. PLUMMER,89,,,,
Kenton,A112,Property Valuation Administrator,,Republican,Chris REINERSMAN,95,,,,
Kenton,A112,Sheriff,,Republican,Jude HEHMAN,79,,,,
Kenton,A112,Sheriff,,Republican,Larry SHELTON,99,,,,
Kenton,A112,County Commissioner,2,Republican,Sherry GOODRIDGE,57,,,,
Kenton,A112,County Commissioner,2,Republican,Jeff NICELEY,115,,,,
Kenton,A112,County Commissioner,3,Republican,Rebecca RECKERS,54,,,,
Kenton,A112,County Commissioner,3,Republican,"Richard ""Scott"" KIMMICH",47,,,,
Kenton,A112,County Commissioner,3,Republican,Matthew James HAYDEN,63,,,,
Kenton,A112,U.S. Senate,,Democratic,Dale Lewis ROMANS,3,,,,
Kenton,A112,U.S. Senate,,Democratic,Charles BOOKER,99,,,,
Kenton,A112,U.S. Senate,,Democratic,Logan FORSYTHE,2,,,,
Kenton,A112,U.S. Senate,,Democratic,Joshua BLANTON SR.,2,,,,
Kenton,A112,U.S. Senate,,Democratic,Vincent Anthony THOMPSON,5,,,,
Kenton,A112,U.S. Senate,,Democratic,Pamela STEVENSON,7,,,,
Kenton,A112,U.S. Senate,,Democratic,Amy McGRATH,89,,,,
Kenton,A112,U.S. House,4,Democratic,Melissa Claire STRANGE,138,,,,
Kenton,A112,U.S. House,4,Democratic,Jesse Russell BREWER,50,,,,
Kenton,A112,State Representative,64,Democratic,Nicholas C. McHARGUE,70,,,,
Kenton,A112,State Representative,64,Democratic,William Nick WHALEN,117,,,,
Kenton,A112,County Commissioner,3,Democratic,Jordan T. BALDRIDGE,103,,,,
Kenton,A112,County Commissioner,3,Democratic,John BUSSE,74,,,,
Kenton,A113,U.S. Senate,,Republican,A. Nick SHELLEY,4,,,,
Kenton,A113,U.S. Senate,,Republican,Daniel CAMERON,43,,,,
Kenton,A113,U.S. Senate,,Republican,Andy BARR,100,,,,
Kenton,A113,U.S. Senate,,Republican,Anissa CATLETT,4,,,,
Kenton,A113,U.S. Senate,,Republican,"Valerie ""Dr Val"" FREDRICK",1,,,,
Kenton,A113,U.S. Senate,,Republican,Jonathan M. HOLLIDAY,2,,,,
Kenton,A113,U.S. Senate,,Republican,Other Donald WENZEL,2,,,,
Kenton,A113,U.S. Senate,,Republican,Michael James FARIS,0,,,,
Kenton,A113,U.S. Senate,,Republican,Nate MORRIS (Withdrawn),6,,,,
Kenton,A113,U.S. Senate,,Republican,James D. DUNCAN,3,,,,
Kenton,A113,U.S. Senate,,Republican,Jimmy I. LEON,1,,,,
Kenton,A113,U.S. Senate,,Republican,George WASHINGTON,5,,,,
Kenton,A113,U.S. House,4,Republican,Thomas MASSIE,82,,,,
Kenton,A113,U.S. House,4,Republican,Ed GALLREIN,89,,,,
Kenton,A113,Property Valuation Administrator,,Republican,Darlene M. PLUMMER,78,,,,
Kenton,A113,Property Valuation Administrator,,Republican,Chris REINERSMAN,79,,,,
Kenton,A113,Sheriff,,Republican,Jude HEHMAN,64,,,,
Kenton,A113,Sheriff,,Republican,Larry SHELTON,98,,,,
Kenton,A113,County Commissioner,2,Republican,Sherry GOODRIDGE,68,,,,
Kenton,A113,County Commissioner,2,Republican,Jeff NICELEY,82,,,,
Kenton,A113,County Commissioner,3,Republican,Rebecca RECKERS,56,,,,
Kenton,A113,County Commissioner,3,Republican,"Richard ""Scott"" KIMMICH",42,,,,
Kenton,A113,County Commissioner,3,Republican,Matthew James HAYDEN,52,,,,
Kenton,A113,U.S. Senate,,Democratic,Dale Lewis ROMANS,2,,,,
Kenton,A113,U.S. Senate,,Democratic,Charles BOOKER,76,,,,
Kenton,A113,U.S. Senate,,Democratic,Logan FORSYTHE,2,,,,
Kenton,A113,U.S. Senate,,Democratic,Joshua BLANTON SR.,3,,,,
Kenton,A113,U.S. Senate,,Democratic,Vincent Anthony THOMPSON,0,,,,
Kenton,A113,U.S. Senate,,Democratic,Pamela STEVENSON,8,,,,
Kenton,A113,U.S. Senate,,Democratic,Amy McGRATH,65,,,,
Kenton,A113,U.S. House,4,Democratic,Melissa Claire STRANGE,107,,,,
Kenton,A113,U.S. House,4,Democratic,Jesse Russell BREWER,37,,,,
Kenton,A113,County Commissioner,3,Democratic,Jordan T. BALDRIDGE,86,,,,
Kenton,A113,County Commissioner,3,Democratic,John BUSSE,56,,,,
Kenton,A114,U.S. Senate,,Republican,A. Nick SHELLEY,5,,,,
Kenton,A114,U.S. Senate,,Republican,Daniel CAMERON,31,,,,
Kenton,A114,U.S. Senate,,Republican,Andy BARR,72,,,,
Kenton,A114,U.S. Senate,,Republican,Anissa CATLETT,1,,,,
Kenton,A114,U.S. Senate,,Republican,"Valerie ""Dr Val"" FREDRICK",1,,,,
Kenton,A114,U.S. Senate,,Republican,Jonathan M. HOLLIDAY,0,,,,
Kenton,A114,U.S. Senate,,Republican,Other Donald WENZEL,1,,,,
Kenton,A114,U.S. Senate,,Republican,Michael James FARIS,8,,,,
Kenton,A114,U.S. Senate,,Republican,Nate MORRIS (Withdrawn),6,,,,
Kenton,A114,U.S. Senate,,Republican,James D. DUNCAN,2,,,,
Kenton,A114,U.S. Senate,,Republican,Jimmy I. LEON,0,,,,
Kenton,A114,U.S. Senate,,Republican,George WASHINGTON,5,,,,
Kenton,A114,U.S. House,4,Republican,Thomas MASSIE,57,,,,
Kenton,A114,U.S. House,4,Republican,Ed GALLREIN,80,,,,
Kenton,A114,State Representative,64,Republican,Scott BERGER,58,,,,
Kenton,A114,State Representative,64,Republican,Kimberly Poore MOSER,64,,,,
Kenton,A114,Property Valuation Administrator,,Republican,Darlene M. PLUMMER,58,,,,
Kenton,A114,Property Valuation Administrator,,Republican,Chris REINERSMAN,61,,,,
Kenton,A114,Sheriff,,Republican,Jude HEHMAN,42,,,,
Kenton,A114,Sheriff,,Republican,Larry SHELTON,79,,,,
Kenton,A114,County Commissioner,2,Republican,Sherry GOODRIDGE,60,,,,
Kenton,A114,County Commissioner,2,Republican,Jeff NICELEY,59,,,,
Kenton,A114,County Commissioner,3,Republican,Rebecca RECKERS,45,,,,
Kenton,A114,County Commissioner,3,Republican,"Richard ""Scott"" KIMMICH",40,,,,
Kenton,A114,County Commissioner,3,Republican,Matthew James HAYDEN,30,,,,
Kenton,A114,U.S. Senate,,Democratic,Dale Lewis ROMANS,0,,,,
Kenton,A114,U.S. Senate,,Democratic,Charles BOOKER,54,,,,
Kenton,A114,U.S. Senate,,Democratic,Logan FORSYTHE,1,,,,
Kenton,A114,U.S. Senate,,Democratic,Joshua BLANTON SR.,1,,,,
Kenton,A114,U.S. Senate,,Democratic,Vincent Anthony THOMPSON,2,,,,
Kenton,A114,U.S. Senate,,Democratic,Pamela STEVENSON,5,,,,
Kenton,A114,U.S. Senate,,Democratic,Amy McGRATH,48,,,,
Kenton,A114,U.S. House,4,Democratic,Melissa Claire STRANGE,80,,,,
Kenton,A114,U.S. House,4,Democratic,Jesse Russell BREWER,18,,,,
Kenton,A114,State Representative,64,Democratic,Nicholas C. McHARGUE,33,,,,
Kenton,A114,State Representative,64,Democratic,William Nick WHALEN,62,,,,
Kenton,A114,County Commissioner,3,Democratic,Jordan T. BALDRIDGE,61,,,,
Kenton,A114,County Commissioner,3,Democratic,John BUSSE,33,,,,
Kenton,A116,U.S. Senate,,Republican,A. Nick SHELLEY,21,,,,
Kenton,A116,U.S. Senate,,Republican,Daniel CAMERON,372,,,,
Kenton,A116,U.S. Senate,,Republican,Andy BARR,594,,,,
Kenton,A116,U.S. Senate,,Republican,Anissa CATLETT,19,,,,
Kenton,A116,U.S. Senate,,Republican,"Valerie ""Dr Val"" FREDRICK",19,,,,
Kenton,A116,U.S. Senate,,Republican,Jonathan M. HOLLIDAY,3,,,,
Kenton,A116,U.S. Senate,,Republican,Other Donald WENZEL,3,,,,
Kenton,A116,U.S. Senate,,Republican,Michael James FARIS,32,,,,
Kenton,A116,U.S. Senate,,Republican,Nate MORRIS (Withdrawn),29,,,,
Kenton,A116,U.S. Senate,,Republican,James D. DUNCAN,10,,,,
Kenton,A116,U.S. Senate,,Republican,Jimmy I. LEON,4,,,,
Kenton,A116,U.S. Senate,,Republican,George WASHINGTON,17,,,,
Kenton,A116,U.S. House,4,Republican,Thomas MASSIE,613,,,,
Kenton,A116,U.S. House,4,Republican,Ed GALLREIN,567,,,,
Kenton,A116,State Representative,63,Republican,Seth Winslow YOUNG,80,,,,
Kenton,A116,State Representative,63,Republican,Cole CUZICK,528,,,,
Kenton,A116,State Representative,63,Republican,Kim BANTA,474,,,,
Kenton,A116,Property Valuation Administrator,,Republican,Darlene M. PLUMMER,580,,,,
Kenton,A116,Property Valuation Administrator,,Republican,Chris REINERSMAN,453,,,,
Kenton,A116,Sheriff,,Republican,Jude HEHMAN,547,,,,
Kenton,A116,Sheriff,,Republican,Larry SHELTON,590,,,,
Kenton,A116,County Commissioner,2,Republican,Sherry GOODRIDGE,304,,,,
Kenton,A116,County Commissioner,2,Republican,Jeff NICELEY,641,,,,
Kenton,A116,County Commissioner,3,Republican,Rebecca RECKERS,320,,,,
Kenton,A116,County Commissioner,3,Republican,"Richard ""Scott"" KIMMICH",372,,,,
Kenton,A116,County Commissioner,3,Republican,Matthew James HAYDEN,245,,,,
Kenton,A116,U.S. Senate,,Democratic,Dale Lewis ROMANS,8,,,,
Kenton,A116,U.S. Senate,,Democratic,Charles BOOKER,199,,,,
Kenton,A116,U.S. Senate,,Democratic,Logan FORSYTHE,14,,,,
Kenton,A116,U.S. Senate,,Democratic,Joshua BLANTON SR.,4,,,,
Kenton,A116,U.S. Senate,,Democratic,Vincent Anthony THOMPSON,8,,,,
Kenton,A116,U.S. Senate,,Democratic,Pamela STEVENSON,22,,,,
Kenton,A116,U.S. Senate,,Democratic,Amy McGRATH,278,,,,
Kenton,A116,U.S. House,4,Democratic,Melissa Claire STRANGE,407,,,,
Kenton,A116,U.S. House,4,Democratic,Jesse Russell BREWER,91,,,,
Kenton,A116,County Commissioner,3,Democratic,Jordan T. BALDRIDGE,286,,,,
Kenton,A116,County Commissioner,3,Democratic,John BUSSE,163,,,,
Kenton,A119,U.S. Senate,,Republican,A. Nick SHELLEY,12,,,,
Kenton,A119,U.S. Senate,,Republican,Daniel CAMERON,281,,,,
Kenton,A119,U.S. Senate,,Republican,Andy BARR,569,,,,
Kenton,A119,U.S. Senate,,Republican,Anissa CATLETT,16,,,,
Kenton,A119,U.S. Senate,,Republican,"Valerie ""Dr Val"" FREDRICK",11,,,,
Kenton,A119,U.S. Senate,,Republican,Jonathan M. HOLLIDAY,5,,,,
Kenton,A119,U.S. Senate,,Republican,Other Donald WENZEL,3,,,,
Kenton,A119,U.S. Senate,,Republican,Michael James FARIS,42,,,,
Kenton,A119,U.S. Senate,,Republican,Nate MORRIS (Withdrawn),21,,,,
Kenton,A119,U.S. Senate,,Republican,James D. DUNCAN,11,,,,
Kenton,A119,U.S. Senate,,Republican,Jimmy I. LEON,1,,,,
Kenton,A119,U.S. Senate,,Republican,George WASHINGTON,16,,,,
Kenton,A119,U.S. House,4,Republican,Thomas MASSIE,515,,,,
Kenton,A119,U.S. House,4,Republican,Ed GALLREIN,524,,,,
Kenton,A119,Property Valuation Administrator,,Republican,Darlene M. PLUMMER,540,,,,
Kenton,A119,Property Valuation Administrator,,Republican,Chris REINERSMAN,358,,,,
Kenton,A119,Sheriff,,Republican,Jude HEHMAN,415,,,,
Kenton,A119,Sheriff,,Republican,Larry SHELTON,535,,,,
Kenton,A119,County Commissioner,2,Republican,Sherry GOODRIDGE,293,,,,
Kenton,A119,County Commissioner,2,Republican,Jeff NICELEY,540,,,,
Kenton,A119,County Commissioner,3,Republican,Rebecca RECKERS,353,,,,
Kenton,A119,County Commissioner,3,Republican,"Richard ""Scott"" KIMMICH",315,,,,
Kenton,A119,County Commissioner,3,Republican,Matthew James HAYDEN,207,,,,
Kenton,A119,U.S. Senate,,Democratic,Dale Lewis ROMANS,9,,,,
Kenton,A119,U.S. Senate,,Democratic,Charles BOOKER,152,,,,
Kenton,A119,U.S. Senate,,Democratic,Logan FORSYTHE,5,,,,
Kenton,A119,U.S. Senate,,Democratic,Joshua BLANTON SR.,5,,,,
Kenton,A119,U.S. Senate,,Democratic,Vincent Anthony THOMPSON,3,,,,
Kenton,A119,U.S. Senate,,Democratic,Pamela STEVENSON,22,,,,
Kenton,A119,U.S. Senate,,Democratic,Amy McGRATH,223,,,,
Kenton,A119,U.S. House,4,Democratic,Melissa Claire STRANGE,309,,,,
Kenton,A119,U.S. House,4,Democratic,Jesse Russell BREWER,76,,,,
Kenton,A119,County Commissioner,3,Democratic,Jordan T. BALDRIDGE,220,,,,
Kenton,A119,County Commissioner,3,Democratic,John BUSSE,131,,,,
Kenton,A121,U.S. Senate,,Republican,A. Nick SHELLEY,0,,,,
Kenton,A121,U.S. Senate,,Republican,Daniel CAMERON,4,,,,
Kenton,A121,U.S. Senate,,Republican,Andy BARR,3,,,,
Kenton,A121,U.S. Senate,,Republican,Anissa CATLETT,0,,,,
Kenton,A121,U.S. Senate,,Republican,"Valerie ""Dr Val"" FREDRICK",0,,,,
Kenton,A121,U.S. Senate,,Republican,Jonathan M. HOLLIDAY,0,,,,
Kenton,A121,U.S. Senate,,Republican,Other Donald WENZEL,0,,,,
Kenton,A121,U.S. Senate,,Republican,Michael James FARIS,0,,,,
Kenton,A121,U.S. Senate,,Republican,Nate MORRIS (Withdrawn),1,,,,
Kenton,A121,U.S. Senate,,Republican,James D. DUNCAN,0,,,,
Kenton,A121,U.S. Senate,,Republican,Jimmy I. LEON,0,,,,
Kenton,A121,U.S. Senate,,Republican,George WASHINGTON,2,,,,
Kenton,A121,U.S. House,4,Republican,Thomas MASSIE,6,,,,
Kenton,A121,U.S. House,4,Republican,Ed GALLREIN,4,,,,
Kenton,A121,Property Valuation Administrator,,Republican,Darlene M. PLUMMER,4,,,,
Kenton,A121,Property Valuation Administrator,,Republican,Chris REINERSMAN,3,,,,
Kenton,A121,Sheriff,,Republican,Jude HEHMAN,5,,,,
Kenton,A121,Sheriff,,Republican,Larry SHELTON,3,,,,
Kenton,A121,County Commissioner,2,Republican,Sherry GOODRIDGE,6,,,,
Kenton,A121,County Commissioner,2,Republican,Jeff NICELEY,0,,,,
Kenton,A121,County Commissioner,3,Republican,Rebecca RECKERS,3,,,,
Kenton,A121,County Commissioner,3,Republican,"Richard ""Scott"" KIMMICH",1,,,,
Kenton,A121,County Commissioner,3,Republican,Matthew James HAYDEN,4,,,,
Kenton,A121,U.S. Senate,,Democratic,Dale Lewis ROMANS,0,,,,
Kenton,A121,U.S. Senate,,Democratic,Charles BOOKER,2,,,,
Kenton,A121,U.S. Senate,,Democratic,Logan FORSYTHE,0,,,,
Kenton,A121,U.S. Senate,,Democratic,Joshua BLANTON SR.,1,,,,
Kenton,A121,U.S. Senate,,Democratic,Vincent Anthony THOMPSON,0,,,,
Kenton,A121,U.S. Senate,,Democratic,Pamela STEVENSON,1,,,,
Kenton,A121,U.S. Senate,,Democratic,Amy McGRATH,4,,,,
Kenton,A121,U.S. House,4,Democratic,Melissa Claire STRANGE,4,,,,
Kenton,A121,U.S. House,4,Democratic,Jesse Russell BREWER,3,,,,
Kenton,A121,County Commissioner,3,Democratic,Jordan T. BALDRIDGE,4,,,,
Kenton,A121,County Commissioner,3,Democratic,John BUSSE,4,,,,
Kenton,A122,U.S. Senate,,Republican,A. Nick SHELLEY,5,,,,
Kenton,A122,U.S. Senate,,Republican,Daniel CAMERON,71,,,,
Kenton,A122,U.S. Senate,,Republican,Andy BARR,198,,,,
Kenton,A122,U.S. Senate,,Republican,Anissa CATLETT,7,,,,
Kenton,A122,U.S. Senate,,Republican,"Valerie ""Dr Val"" FREDRICK",2,,,,
Kenton,A122,U.S. Senate,,Republican,Jonathan M. HOLLIDAY,4,,,,
Kenton,A122,U.S. Senate,,Republican,Other Donald WENZEL,2,,,,
Kenton,A122,U.S. Senate,,Republican,Michael James FARIS,9,,,,
Kenton,A122,U.S. Senate,,Republican,Nate MORRIS (Withdrawn),6,,,,
Kenton,A122,U.S. Senate,,Republican,James D. DUNCAN,5,,,,
Kenton,A122,U.S. Senate,,Republican,Jimmy I. LEON,0,,,,
Kenton,A122,U.S. Senate,,Republican,George WASHINGTON,16,,,,
Kenton,A122,U.S. House,4,Republican,Thomas MASSIE,156,,,,
Kenton,A122,U.S. House,4,Republican,Ed GALLREIN,189,,,,
Kenton,A122,State Representative,63,Republican,Seth Winslow YOUNG,46,,,,
Kenton,A122,State Representative,63,Republican,Cole CUZICK,105,,,,
Kenton,A122,State Representative,63,Republican,Kim BANTA,153,,,,
Kenton,A122,Property Valuation Administrator,,Republican,Darlene M. PLUMMER,188,,,,
Kenton,A122,Property Valuation Administrator,,Republican,Chris REINERSMAN,114,,,,
Kenton,A122,Sheriff,,Republican,Jude HEHMAN,132,,,,
Kenton,A122,Sheriff,,Republican,Larry SHELTON,174,,,,
Kenton,A122,County Commissioner,2,Republican,Sherry GOODRIDGE,98,,,,
Kenton,A122,County Commissioner,2,Republican,Jeff NICELEY,182,,,,
Kenton,A122,County Commissioner,3,Republican,Rebecca RECKERS,100,,,,
Kenton,A122,County Commissioner,3,Republican,"Richard ""Scott"" KIMMICH",81,,,,
Kenton,A122,County Commissioner,3,Republican,Matthew James HAYDEN,94,,,,
Kenton,A122,U.S. Senate,,Democratic,Dale Lewis ROMANS,4,,,,
Kenton,A122,U.S. Senate,,Democratic,Charles BOOKER,116,,,,
Kenton,A122,U.S. Senate,,Democratic,Logan FORSYTHE,8,,,,
Kenton,A122,U.S. Senate,,Democratic,Joshua BLANTON SR.,2,,,,
Kenton,A122,U.S. Senate,,Democratic,Vincent Anthony THOMPSON,4,,,,
Kenton,A122,U.S. Senate,,Democratic,Pamela STEVENSON,8,,,,
Kenton,A122,U.S. Senate,,Democratic,Amy McGRATH,123,,,,
Kenton,A122,U.S. House,4,Democratic,Melissa Claire STRANGE,184,,,,
Kenton,A122,U.S. House,4,Democratic,Jesse Russell BREWER,61,,,,
Kenton,A122,County Commissioner,3,Democratic,Jordan T. BALDRIDGE,133,,,,
Kenton,A122,County Commissioner,3,Democratic,John BUSSE,88,,,,
Kenton,A123,U.S. Senate,,Republican,A. Nick SHELLEY,8,,,,
Kenton,A123,U.S. Senate,,Republican,Daniel CAMERON,126,,,,
Kenton,A123,U.S. Senate,,Republican,Andy BARR,202,,,,
Kenton,A123,U.S. Senate,,Republican,Anissa CATLETT,10,,,,
Kenton,A123,U.S. Senate,,Republican,"Valerie ""Dr Val"" FREDRICK",5,,,,
Kenton,A123,U.S. Senate,,Republican,Jonathan M. HOLLIDAY,0,,,,
Kenton,A123,U.S. Senate,,Republican,Other Donald WENZEL,0,,,,
Kenton,A123,U.S. Senate,,Republican,Michael James FARIS,12,,,,
Kenton,A123,U.S. Senate,,Republican,Nate MORRIS (Withdrawn),5,,,,
Kenton,A123,U.S. Senate,,Republican,James D. DUNCAN,5,,,,
Kenton,A123,U.S. Senate,,Republican,Jimmy I. LEON,0,,,,
Kenton,A123,U.S. Senate,,Republican,George WASHINGTON,14,,,,
Kenton,A123,U.S. House,4,Republican,Thomas MASSIE,224,,,,
Kenton,A123,U.S. House,4,Republican,Ed GALLREIN,185,,,,
Kenton,A123,Property Valuation Administrator,,Republican,Darlene M. PLUMMER,238,,,,
Kenton,A123,Property Valuation Administrator,,Republican,Chris REINERSMAN,125,,,,
Kenton,A123,Sheriff,,Republican,Jude HEHMAN,195,,,,
Kenton,A123,Sheriff,,Republican,Larry SHELTON,162,,,,
Kenton,A123,County Commissioner,2,Republican,Sherry GOODRIDGE,116,,,,
Kenton,A123,County Commissioner,2,Republican,Jeff NICELEY,212,,,,
Kenton,A123,County Commissioner,3,Republican,Rebecca RECKERS,123,,,,
Kenton,A123,County Commissioner,3,Republican,"Richard ""Scott"" KIMMICH",143,,,,
Kenton,A123,County Commissioner,3,Republican,Matthew James HAYDEN,73,,,,
Kenton,A123,U.S. Senate,,Democratic,Dale Lewis ROMANS,3,,,,
Kenton,A123,U.S. Senate,,Democratic,Charles BOOKER,90,,,,
Kenton,A123,U.S. Senate,,Democratic,Logan FORSYTHE,3,,,,
Kenton,A123,U.S. Senate,,Democratic,Joshua BLANTON SR.,5,,,,
Kenton,A123,U.S. Senate,,Democratic,Vincent Anthony THOMPSON,1,,,,
Kenton,A123,U.S. Senate,,Democratic,Pamela STEVENSON,10,,,,
Kenton,A123,U.S. Senate,,Democratic,Amy McGRATH,134,,,,
Kenton,A123,U.S. House,4,Democratic,Melissa Claire STRANGE,185,,,,
Kenton,A123,U.S. House,4,Democratic,Jesse Russell BREWER,40,,,,
Kenton,A123,County Commissioner,3,Democratic,Jordan T. BALDRIDGE,139,,,,
Kenton,A123,County Commissioner,3,Democratic,John BUSSE,66,,,,
Kenton,A124,U.S. Senate,,Republican,A. Nick SHELLEY,0,,,,
Kenton,A124,U.S. Senate,,Republican,Daniel CAMERON,0,,,,
Kenton,A124,U.S. Senate,,Republican,Andy BARR,0,,,,
Kenton,A124,U.S. Senate,,Republican,Anissa CATLETT,0,,,,
Kenton,A124,U.S. Senate,,Republican,"Valerie ""Dr Val"" FREDRICK",0,,,,
Kenton,A124,U.S. Senate,,Republican,Jonathan M. HOLLIDAY,0,,,,
Kenton,A124,U.S. Senate,,Republican,Other Donald WENZEL,0,,,,
Kenton,A124,U.S. Senate,,Republican,Michael James FARIS,0,,,,
Kenton,A124,U.S. Senate,,Republican,Nate MORRIS (Withdrawn),0,,,,
Kenton,A124,U.S. Senate,,Republican,James D. DUNCAN,0,,,,
Kenton,A124,U.S. Senate,,Republican,Jimmy I. LEON,0,,,,
Kenton,A124,U.S. Senate,,Republican,George WASHINGTON,0,,,,
Kenton,A124,U.S. House,4,Republican,Thomas MASSIE,0,,,,
Kenton,A124,U.S. House,4,Republican,Ed GALLREIN,0,,,,
Kenton,A124,Property Valuation Administrator,,Republican,Darlene M. PLUMMER,0,,,,
Kenton,A124,Property Valuation Administrator,,Republican,Chris REINERSMAN,0,,,,
Kenton,A124,Sheriff,,Republican,Jude HEHMAN,0,,,,
Kenton,A124,Sheriff,,Republican,Larry SHELTON,0,,,,
Kenton,A124,County Commissioner,2,Republican,Sherry GOODRIDGE,0,,,,
Kenton,A124,County Commissioner,2,Republican,Jeff NICELEY,0,,,,
Kenton,A124,County Commissioner,3,Republican,Rebecca RECKERS,0,,,,
Kenton,A124,County Commissioner,3,Republican,"Richard ""Scott"" KIMMICH",0,,,,
Kenton,A124,County Commissioner,3,Republican,Matthew James HAYDEN,0,,,,
Kenton,A124,U.S. Senate,,Democratic,Dale Lewis ROMANS,0,,,,
Kenton,A124,U.S. Senate,,Democratic,Charles BOOKER,0,,,,
Kenton,A124,U.S. Senate,,Democratic,Logan FORSYTHE,0,,,,
Kenton,A124,U.S. Senate,,Democratic,Joshua BLANTON SR.,0,,,,
Kenton,A124,U.S. Senate,,Democratic,Vincent Anthony THOMPSON,0,,,,
Kenton,A124,U.S. Senate,,Democratic,Pamela STEVENSON,0,,,,
Kenton,A124,U.S. Senate,,Democratic,Amy McGRATH,0,,,,
Kenton,A124,U.S. House,4,Democratic,Melissa Claire STRANGE,0,,,,
Kenton,A124,U.S. House,4,Democratic,Jesse Russell BREWER,0,,,,
Kenton,A124,County Commissioner,3,Democratic,Jordan T. BALDRIDGE,0,,,,
Kenton,A124,County Commissioner,3,Democratic,John BUSSE,0,,,,
Kenton,A125,U.S. Senate,,Republican,A. Nick SHELLEY,1,,,,
Kenton,A125,U.S. Senate,,Republican,Daniel CAMERON,22,,,,
Kenton,A125,U.S. Senate,,Republican,Andy BARR,26,,,,
Kenton,A125,U.S. Senate,,Republican,Anissa CATLETT,1,,,,
Kenton,A125,U.S. Senate,,Republican,"Valerie ""Dr Val"" FREDRICK",0,,,,
Kenton,A125,U.S. Senate,,Republican,Jonathan M. HOLLIDAY,0,,,,
Kenton,A125,U.S. Senate,,Republican,Other Donald WENZEL,0,,,,
Kenton,A125,U.S. Senate,,Republican,Michael James FARIS,0,,,,
Kenton,A125,U.S. Senate,,Republican,Nate MORRIS (Withdrawn),2,,,,
Kenton,A125,U.S. Senate,,Republican,James D. DUNCAN,0,,,,
Kenton,A125,U.S. Senate,,Republican,Jimmy I. LEON,0,,,,
Kenton,A125,U.S. Senate,,Republican,George WASHINGTON,1,,,,
Kenton,A125,U.S. House,4,Republican,Thomas MASSIE,23,,,,
Kenton,A125,U.S. House,4,Republican,Ed GALLREIN,31,,,,
Kenton,A125,State Representative,63,Republican,Seth Winslow YOUNG,2,,,,
Kenton,A125,State Representative,63,Republican,Cole CUZICK,23,,,,
Kenton,A125,State Representative,63,Republican,Kim BANTA,24,,,,
Kenton,A125,Property Valuation Administrator,,Republican,Darlene M. PLUMMER,32,,,,
Kenton,A125,Property Valuation Administrator,,Republican,Chris REINERSMAN,18,,,,
Kenton,A125,Sheriff,,Republican,Jude HEHMAN,21,,,,
Kenton,A125,Sheriff,,Republican,Larry SHELTON,28,,,,
Kenton,A125,County Commissioner,2,Republican,Sherry GOODRIDGE,21,,,,
Kenton,A125,County Commissioner,2,Republican,Jeff NICELEY,25,,,,
Kenton,A125,County Commissioner,3,Republican,Rebecca RECKERS,15,,,,
Kenton,A125,County Commissioner,3,Republican,"Richard ""Scott"" KIMMICH",20,,,,
Kenton,A125,County Commissioner,3,Republican,Matthew James HAYDEN,12,,,,
Kenton,A125,U.S. Senate,,Democratic,Dale Lewis ROMANS,3,,,,
Kenton,A125,U.S. Senate,,Democratic,Charles BOOKER,6,,,,
Kenton,A125,U.S. Senate,,Democratic,Logan FORSYTHE,2,,,,
Kenton,A125,U.S. Senate,,Democratic,Joshua BLANTON SR.,0,,,,
Kenton,A125,U.S. Senate,,Democratic,Vincent Anthony THOMPSON,1,,,,
Kenton,A125,U.S. Senate,,Democratic,Pamela STEVENSON,1,,,,
Kenton,A125,U.S. Senate,,Democratic,Amy McGRATH,12,,,,
Kenton,A125,U.S. House,4,Democratic,Melissa Claire STRANGE,17,,,,
Kenton,A125,U.S. House,4,Democratic,Jesse Russell BREWER,8,,,,
Kenton,A125,County Commissioner,3,Democratic,Jordan T. BALDRIDGE,16,,,,
Kenton,A125,County Commissioner,3,Democratic,John BUSSE,8,,,,
Kenton,B201,U.S. Senate,,Republican,A. Nick SHELLEY,5,,,,
Kenton,B201,U.S. Senate,,Republican,Daniel CAMERON,65,,,,
Kenton,B201,U.S. Senate,,Republican,Andy BARR,107,,,,
Kenton,B201,U.S. Senate,,Republican,Anissa CATLETT,0,,,,
Kenton,B201,U.S. Senate,,Republican,"Valerie ""Dr Val"" FREDRICK",3,,,,
Kenton,B201,U.S. Senate,,Republican,Jonathan M. HOLLIDAY,0,,,,
Kenton,B201,U.S. Senate,,Republican,Other Donald WENZEL,0,,,,
Kenton,B201,U.S. Senate,,Republican,Michael James FARIS,11,,,,
Kenton,B201,U.S. Senate,,Republican,Nate MORRIS (Withdrawn),6,,,,
Kenton,B201,U.S. Senate,,Republican,James D. DUNCAN,4,,,,
Kenton,B201,U.S. Senate,,Republican,Jimmy I. LEON,2,,,,
Kenton,B201,U.S. Senate,,Republican,George WASHINGTON,2,,,,
Kenton,B201,U.S. House,4,Republican,Thomas MASSIE,107,,,,
Kenton,B201,U.S. House,4,Republican,Ed GALLREIN,104,,,,
Kenton,B201,Property Valuation Administrator,,Republican,Darlene M. PLUMMER,138,,,,
Kenton,B201,Property Valuation Administrator,,Republican,Chris REINERSMAN,58,,,,
Kenton,B201,Sheriff,,Republican,Jude HEHMAN,50,,,,
Kenton,B201,Sheriff,,Republican,Larry SHELTON,153,,,,
Kenton,B201,County Commissioner,2,Republican,Sherry GOODRIDGE,53,,,,
Kenton,B201,County Commissioner,2,Republican,Jeff NICELEY,151,,,,
Kenton,B201,County Commissioner,3,Republican,Rebecca RECKERS,55,,,,
Kenton,B201,County Commissioner,3,Republican,"Richard ""Scott"" KIMMICH",110,,,,
Kenton,B201,County Commissioner,3,Republican,Matthew James HAYDEN,27,,,,
Kenton,B201,Constable,2,Republican,"Thomas E. ""Tom"" TURNER",91,,,,
Kenton,B201,Constable,2,Republican,Paul WOODARD,74,,,,
Kenton,B201,U.S. Senate,,Democratic,Dale Lewis ROMANS,1,,,,
Kenton,B201,U.S. Senate,,Democratic,Charles BOOKER,10,,,,
Kenton,B201,U.S. Senate,,Democratic,Logan FORSYTHE,3,,,,
Kenton,B201,U.S. Senate,,Democratic,Joshua BLANTON SR.,1,,,,
Kenton,B201,U.S. Senate,,Democratic,Vincent Anthony THOMPSON,0,,,,
Kenton,B201,U.S. Senate,,Democratic,Pamela STEVENSON,4,,,,
Kenton,B201,U.S. Senate,,Democratic,Amy McGRATH,23,,,,
Kenton,B201,U.S. House,4,Democratic,Melissa Claire STRANGE,30,,,,
Kenton,B201,U.S. House,4,Democratic,Jesse Russell BREWER,10,,,,
Kenton,B201,County Commissioner,3,Democratic,Jordan T. BALDRIDGE,27,,,,
Kenton,B201,County Commissioner,3,Democratic,John BUSSE,10,,,,
Kenton,B202,U.S. Senate,,Republican,A. Nick SHELLEY,1,,,,
Kenton,B202,U.S. Senate,,Republican,Daniel CAMERON,22,,,,
Kenton,B202,U.S. Senate,,Republican,Andy BARR,48,,,,
Kenton,B202,U.S. Senate,,Republican,Anissa CATLETT,2,,,,
Kenton,B202,U.S. Senate,,Republican,"Valerie ""Dr Val"" FREDRICK",0,,,,
Kenton,B202,U.S. Senate,,Republican,Jonathan M. HOLLIDAY,0,,,,
Kenton,B202,U.S. Senate,,Republican,Other Donald WENZEL,0,,,,
Kenton,B202,U.S. Senate,,Republican,Michael James FARIS,0,,,,
Kenton,B202,U.S. Senate,,Republican,Nate MORRIS (Withdrawn),8,,,,
Kenton,B202,U.S. Senate,,Republican,James D. DUNCAN,3,,,,
Kenton,B202,U.S. Senate,,Republican,Jimmy I. LEON,0,,,,
Kenton,B202,U.S. Senate,,Republican,George WASHINGTON,2,,,,
Kenton,B202,U.S. House,4,Republican,Thomas MASSIE,36,,,,
Kenton,B202,U.S. House,4,Republican,Ed GALLREIN,50,,,,
Kenton,B202,Property Valuation Administrator,,Republican,Darlene M. PLUMMER,63,,,,
Kenton,B202,Property Valuation Administrator,,Republican,Chris REINERSMAN,20,,,,
Kenton,B202,Sheriff,,Republican,Jude HEHMAN,19,,,,
Kenton,B202,Sheriff,,Republican,Larry SHELTON,66,,,,
Kenton,B202,County Commissioner,2,Republican,Sherry GOODRIDGE,27,,,,
Kenton,B202,County Commissioner,2,Republican,Jeff NICELEY,58,,,,
Kenton,B202,County Commissioner,3,Republican,Rebecca RECKERS,15,,,,
Kenton,B202,County Commissioner,3,Republican,"Richard ""Scott"" KIMMICH",47,,,,
Kenton,B202,County Commissioner,3,Republican,Matthew James HAYDEN,17,,,,
Kenton,B202,Constable,2,Republican,"Thomas E. ""Tom"" TURNER",39,,,,
Kenton,B202,Constable,2,Republican,Paul WOODARD,31,,,,
Kenton,B202,U.S. Senate,,Democratic,Dale Lewis ROMANS,2,,,,
Kenton,B202,U.S. Senate,,Democratic,Charles BOOKER,8,,,,
Kenton,B202,U.S. Senate,,Democratic,Logan FORSYTHE,1,,,,
Kenton,B202,U.S. Senate,,Democratic,Joshua BLANTON SR.,1,,,,
Kenton,B202,U.S. Senate,,Democratic,Vincent Anthony THOMPSON,1,,,,
Kenton,B202,U.S. Senate,,Democratic,Pamela STEVENSON,0,,,,
Kenton,B202,U.S. Senate,,Democratic,Amy McGRATH,11,,,,
Kenton,B202,U.S. House,4,Democratic,Melissa Claire STRANGE,16,,,,
Kenton,B202,U.S. House,4,Democratic,Jesse Russell BREWER,8,,,,
Kenton,B202,County Commissioner,3,Democratic,Jordan T. BALDRIDGE,17,,,,
Kenton,B202,County Commissioner,3,Democratic,John BUSSE,6,,,,
Kenton,B203,U.S. Senate,,Republican,A. Nick SHELLEY,4,,,,
Kenton,B203,U.S. Senate,,Republican,Daniel CAMERON,45,,,,
Kenton,B203,U.S. Senate,,Republican,Andy BARR,112,,,,
Kenton,B203,U.S. Senate,,Republican,Anissa CATLETT,3,,,,
Kenton,B203,U.S. Senate,,Republican,"Valerie ""Dr Val"" FREDRICK",8,,,,
Kenton,B203,U.S. Senate,,Republican,Jonathan M. HOLLIDAY,3,,,,
Kenton,B203,U.S. Senate,,Republican,Other Donald WENZEL,0,,,,
Kenton,B203,U.S. Senate,,Republican,Michael James FARIS,4,,,,
Kenton,B203,U.S. Senate,,Republican,Nate MORRIS (Withdrawn),4,,,,
Kenton,B203,U.S. Senate,,Republican,James D. DUNCAN,4,,,,
Kenton,B203,U.S. Senate,,Republican,Jimmy I. LEON,0,,,,
Kenton,B203,U.S. Senate,,Republican,George WASHINGTON,2,,,,
Kenton,B203,U.S. House,4,Republican,Thomas MASSIE,81,,,,
Kenton,B203,U.S. House,4,Republican,Ed GALLREIN,114,,,,
Kenton,B203,Property Valuation Administrator,,Republican,Darlene M. PLUMMER,99,,,,
Kenton,B203,Property Valuation Administrator,,Republican,Chris REINERSMAN,71,,,,
Kenton,B203,Sheriff,,Republican,Jude HEHMAN,71,,,,
Kenton,B203,Sheriff,,Republican,Larry SHELTON,105,,,,
Kenton,B203,County Commissioner,2,Republican,Sherry GOODRIDGE,77,,,,
Kenton,B203,County Commissioner,2,Republican,Jeff NICELEY,84,,,,
Kenton,B203,County Commissioner,3,Republican,Rebecca RECKERS,80,,,,
Kenton,B203,County Commissioner,3,Republican,"Richard ""Scott"" KIMMICH",49,,,,
Kenton,B203,County Commissioner,3,Republican,Matthew James HAYDEN,29,,,,
Kenton,B203,Constable,2,Republican,"Thomas E. ""Tom"" TURNER",83,,,,
Kenton,B203,Constable,2,Republican,Paul WOODARD,56,,,,
Kenton,B203,U.S. Senate,,Democratic,Dale Lewis ROMANS,0,,,,
Kenton,B203,U.S. Senate,,Democratic,Charles BOOKER,34,,,,
Kenton,B203,U.S. Senate,,Democratic,Logan FORSYTHE,2,,,,
Kenton,B203,U.S. Senate,,Democratic,Joshua BLANTON SR.,1,,,,
Kenton,B203,U.S. Senate,,Democratic,Vincent Anthony THOMPSON,0,,,,
Kenton,B203,U.S. Senate,,Democratic,Pamela STEVENSON,5,,,,
Kenton,B203,U.S. Senate,,Democratic,Amy McGRATH,47,,,,
Kenton,B203,U.S. House,4,Democratic,Melissa Claire STRANGE,67,,,,
Kenton,B203,U.S. House,4,Democratic,Jesse Russell BREWER,14,,,,
Kenton,B203,County Commissioner,3,Democratic,Jordan T. BALDRIDGE,49,,,,
Kenton,B203,County Commissioner,3,Democratic,John BUSSE,26,,,,
Kenton,B204,U.S. Senate,,Republican,A. Nick SHELLEY,11,,,,
Kenton,B204,U.S. Senate,,Republican,Daniel CAMERON,110,,,,
Kenton,B204,U.S. Senate,,Republican,Andy BARR,159,,,,
Kenton,B204,U.S. Senate,,Republican,Anissa CATLETT,5,,,,
Kenton,B204,U.S. Senate,,Republican,"Valerie ""Dr Val"" FREDRICK",8,,,,
Kenton,B204,U.S. Senate,,Republican,Jonathan M. HOLLIDAY,4,,,,
Kenton,B204,U.S. Senate,,Republican,Other Donald WENZEL,2,,,,
Kenton,B204,U.S. Senate,,Republican,Michael James FARIS,13,,,,
Kenton,B204,U.S. Senate,,Republican,Nate MORRIS (Withdrawn),4,,,,
Kenton,B204,U.S. Senate,,Republican,James D. DUNCAN,4,,,,
Kenton,B204,U.S. Senate,,Republican,Jimmy I. LEON,2,,,,
Kenton,B204,U.S. Senate,,Republican,George WASHINGTON,8,,,,
Kenton,B204,U.S. House,4,Republican,Thomas MASSIE,164,,,,
Kenton,B204,U.S. House,4,Republican,Ed GALLREIN,178,,,,
Kenton,B204,Property Valuation Administrator,,Republican,Darlene M. PLUMMER,199,,,,
Kenton,B204,Property Valuation Administrator,,Republican,Chris REINERSMAN,107,,,,
Kenton,B204,Sheriff,,Republican,Jude HEHMAN,114,,,,
Kenton,B204,Sheriff,,Republican,Larry SHELTON,196,,,,
Kenton,B204,County Commissioner,2,Republican,Sherry GOODRIDGE,119,,,,
Kenton,B204,County Commissioner,2,Republican,Jeff NICELEY,184,,,,
Kenton,B204,County Commissioner,3,Republican,Rebecca RECKERS,112,,,,
Kenton,B204,County Commissioner,3,Republican,"Richard ""Scott"" KIMMICH",104,,,,
Kenton,B204,County Commissioner,3,Republican,Matthew James HAYDEN,76,,,,
Kenton,B204,Constable,2,Republican,"Thomas E. ""Tom"" TURNER",187,,,,
Kenton,B204,Constable,2,Republican,Paul WOODARD,92,,,,
Kenton,B204,U.S. Senate,,Democratic,Dale Lewis ROMANS,3,,,,
Kenton,B204,U.S. Senate,,Democratic,Charles BOOKER,95,,,,
Kenton,B204,U.S. Senate,,Democratic,Logan FORSYTHE,5,,,,
Kenton,B204,U.S. Senate,,Democratic,Joshua BLANTON SR.,2,,,,
Kenton,B204,U.S. Senate,,Democratic,Vincent Anthony THOMPSON,3,,,,
Kenton,B204,U.S. Senate,,Democratic,Pamela STEVENSON,10,,,,
Kenton,B204,U.S. Senate,,Democratic,Amy McGRATH,56,,,,
Kenton,B204,U.S. House,4,Democratic,Melissa Claire STRANGE,118,,,,
Kenton,B204,U.S. House,4,Democratic,Jesse Russell BREWER,45,,,,
Kenton,B204,County Commissioner,3,Democratic,Jordan T. BALDRIDGE,103,,,,
Kenton,B204,County Commissioner,3,Democratic,John BUSSE,59,,,,
Kenton,B205,U.S. Senate,,Republican,A. Nick SHELLEY,6,,,,
Kenton,B205,U.S. Senate,,Republican,Daniel CAMERON,168,,,,
Kenton,B205,U.S. Senate,,Republican,Andy BARR,225,,,,
Kenton,B205,U.S. Senate,,Republican,Anissa CATLETT,8,,,,
Kenton,B205,U.S. Senate,,Republican,"Valerie ""Dr Val"" FREDRICK",7,,,,
Kenton,B205,U.S. Senate,,Republican,Jonathan M. HOLLIDAY,1,,,,
Kenton,B205,U.S. Senate,,Republican,Other Donald WENZEL,2,,,,
Kenton,B205,U.S. Senate,,Republican,Michael James FARIS,9,,,,
Kenton,B205,U.S. Senate,,Republican,Nate MORRIS (Withdrawn),5,,,,
Kenton,B205,U.S. Senate,,Republican,James D. DUNCAN,4,,,,
Kenton,B205,U.S. Senate,,Republican,Jimmy I. LEON,2,,,,
Kenton,B205,U.S. Senate,,Republican,George WASHINGTON,4,,,,
Kenton,B205,U.S. House,4,Republican,Thomas MASSIE,220,,,,
Kenton,B205,U.S. House,4,Republican,Ed GALLREIN,239,,,,
Kenton,B205,State Representative,64,Republican,Scott BERGER,200,,,,
Kenton,B205,State Representative,64,Republican,Kimberly Poore MOSER,225,,,,
Kenton,B205,Property Valuation Administrator,,Republican,Darlene M. PLUMMER,227,,,,
Kenton,B205,Property Valuation Administrator,,Republican,Chris REINERSMAN,181,,,,
Kenton,B205,Sheriff,,Republican,Jude HEHMAN,143,,,,
Kenton,B205,Sheriff,,Republican,Larry SHELTON,265,,,,
Kenton,B205,County Commissioner,2,Republican,Sherry GOODRIDGE,153,,,,
Kenton,B205,County Commissioner,2,Republican,Jeff NICELEY,228,,,,
Kenton,B205,County Commissioner,3,Republican,Rebecca RECKERS,139,,,,
Kenton,B205,County Commissioner,3,Republican,"Richard ""Scott"" KIMMICH",150,,,,
Kenton,B205,County Commissioner,3,Republican,Matthew James HAYDEN,88,,,,
Kenton,B205,Constable,2,Republican,"Thomas E. ""Tom"" TURNER",202,,,,
Kenton,B205,Constable,2,Republican,Paul WOODARD,136,,,,
Kenton,B205,U.S. Senate,,Democratic,Dale Lewis ROMANS,0,,,,
Kenton,B205,U.S. Senate,,Democratic,Charles BOOKER,70,,,,
Kenton,B205,U.S. Senate,,Democratic,Logan FORSYTHE,5,,,,
Kenton,B205,U.S. Senate,,Democratic,Joshua BLANTON SR.,2,,,,
Kenton,B205,U.S. Senate,,Democratic,Vincent Anthony THOMPSON,1,,,,
Kenton,B205,U.S. Senate,,Democratic,Pamela STEVENSON,6,,,,
Kenton,B205,U.S. Senate,,Democratic,Amy McGRATH,67,,,,
Kenton,B205,U.S. House,4,Democratic,Melissa Claire STRANGE,100,,,,
Kenton,B205,U.S. House,4,Democratic,Jesse Russell BREWER,38,,,,
Kenton,B205,State Representative,64,Democratic,Nicholas C. McHARGUE,41,,,,
Kenton,B205,State Representative,64,Democratic,William Nick WHALEN,91,,,,
Kenton,B205,County Commissioner,3,Democratic,Jordan T. BALDRIDGE,80,,,,
Kenton,B205,County Commissioner,3,Democratic,John BUSSE,51,,,,
Kenton,B206,U.S. Senate,,Republican,A. Nick SHELLEY,3,,,,
Kenton,B206,U.S. Senate,,Republican,Daniel CAMERON,32,,,,
Kenton,B206,U.S. Senate,,Republican,Andy BARR,105,,,,
Kenton,B206,U.S. Senate,,Republican,Anissa CATLETT,1,,,,
Kenton,B206,U.S. Senate,,Republican,"Valerie ""Dr Val"" FREDRICK",1,,,,
Kenton,B206,U.S. Senate,,Republican,Jonathan M. HOLLIDAY,1,,,,
Kenton,B206,U.S. Senate,,Republican,Other Donald WENZEL,0,,,,
Kenton,B206,U.S. Senate,,Republican,Michael James FARIS,8,,,,
Kenton,B206,U.S. Senate,,Republican,Nate MORRIS (Withdrawn),4,,,,
Kenton,B206,U.S. Senate,,Republican,James D. DUNCAN,0,,,,
Kenton,B206,U.S. Senate,,Republican,Jimmy I. LEON,0,,,,
Kenton,B206,U.S. Senate,,Republican,George WASHINGTON,4,,,,
Kenton,B206,U.S. House,4,Republican,Thomas MASSIE,59,,,,
Kenton,B206,U.S. House,4,Republican,Ed GALLREIN,108,,,,
Kenton,B206,State Representative,64,Republican,Scott BERGER,79,,,,
Kenton,B206,State Representative,64,Republican,Kimberly Poore MOSER,72,,,,
Kenton,B206,Property Valuation Administrator,,Republican,Darlene M. PLUMMER,91,,,,
Kenton,B206,Property Valuation Administrator,,Republican,Chris REINERSMAN,55,,,,
Kenton,B206,Sheriff,,Republican,Jude HEHMAN,34,,,,
Kenton,B206,Sheriff,,Republican,Larry SHELTON,116,,,,
Kenton,B206,County Commissioner,2,Republican,Sherry GOODRIDGE,46,,,,
Kenton,B206,County Commissioner,2,Republican,Jeff NICELEY,104,,,,
Kenton,B206,County Commissioner,3,Republican,Rebecca RECKERS,42,,,,
Kenton,B206,County Commissioner,3,Republican,"Richard ""Scott"" KIMMICH",71,,,,
Kenton,B206,County Commissioner,3,Republican,Matthew James HAYDEN,31,,,,
Kenton,B206,Constable,2,Republican,"Thomas E. ""Tom"" TURNER",73,,,,
Kenton,B206,Constable,2,Republican,Paul WOODARD,48,,,,
Kenton,B206,U.S. Senate,,Democratic,Dale Lewis ROMANS,0,,,,
Kenton,B206,U.S. Senate,,Democratic,Charles BOOKER,14,,,,
Kenton,B206,U.S. Senate,,Democratic,Logan FORSYTHE,2,,,,
Kenton,B206,U.S. Senate,,Democratic,Joshua BLANTON SR.,0,,,,
Kenton,B206,U.S. Senate,,Democratic,Vincent Anthony THOMPSON,0,,,,
Kenton,B206,U.S. Senate,,Democratic,Pamela STEVENSON,1,,,,
Kenton,B206,U.S. Senate,,Democratic,Amy McGRATH,19,,,,
Kenton,B206,U.S. House,4,Democratic,Melissa Claire STRANGE,25,,,,
Kenton,B206,U.S. House,4,Democratic,Jesse Russell BREWER,8,,,,
Kenton,B206,State Representative,64,Democratic,Nicholas C. McHARGUE,12,,,,
Kenton,B206,State Representative,64,Democratic,William Nick WHALEN,20,,,,
Kenton,B206,County Commissioner,3,Democratic,Jordan T. BALDRIDGE,15,,,,
Kenton,B206,County Commissioner,3,Democratic,John BUSSE,16,,,,
Kenton,B208,U.S. Senate,,Republican,A. Nick SHELLEY,21,,,,
Kenton,B208,U.S. Senate,,Republican,Daniel CAMERON,219,,,,
Kenton,B208,U.S. Senate,,Republican,Andy BARR,337,,,,
Kenton,B208,U.S. Senate,,Republican,Anissa CATLETT,8,,,,
Kenton,B208,U.S. Senate,,Republican,"Valerie ""Dr Val"" FREDRICK",8,,,,
Kenton,B208,U.S. Senate,,Republican,Jonathan M. HOLLIDAY,6,,,,
Kenton,B208,U.S. Senate,,Republican,Other Donald WENZEL,0,,,,
Kenton,B208,U.S. Senate,,Republican,Michael James FARIS,32,,,,
Kenton,B208,U.S. Senate,,Republican,Nate MORRIS (Withdrawn),22,,,,
Kenton,B208,U.S. Senate,,Republican,James D. DUNCAN,5,,,,
Kenton,B208,U.S. Senate,,Republican,Jimmy I. LEON,1,,,,
Kenton,B208,U.S. Senate,,Republican,George WASHINGTON,20,,,,
Kenton,B208,U.S. House,4,Republican,Thomas MASSIE,312,,,,
Kenton,B208,U.S. House,4,Republican,Ed GALLREIN,399,,,,
Kenton,B208,State Representative,64,Republican,Scott BERGER,338,,,,
Kenton,B208,State Representative,64,Republican,Kimberly Poore MOSER,347,,,,
Kenton,B208,Property Valuation Administrator,,Republican,Darlene M. PLUMMER,341,,,,
Kenton,B208,Property Valuation Administrator,,Republican,Chris REINERSMAN,329,,,,
Kenton,B208,Sheriff,,Republican,Jude HEHMAN,155,,,,
Kenton,B208,Sheriff,,Republican,Larry SHELTON,512,,,,
Kenton,B208,County Commissioner,2,Republican,Sherry GOODRIDGE,176,,,,
Kenton,B208,County Commissioner,2,Republican,Jeff NICELEY,445,,,,
Kenton,B208,County Commissioner,3,Republican,Rebecca RECKERS,247,,,,
Kenton,B208,County Commissioner,3,Republican,"Richard ""Scott"" KIMMICH",239,,,,
Kenton,B208,County Commissioner,3,Republican,Matthew James HAYDEN,132,,,,
Kenton,B208,Constable,2,Republican,"Thomas E. ""Tom"" TURNER",344,,,,
Kenton,B208,Constable,2,Republican,Paul WOODARD,211,,,,
Kenton,B208,U.S. Senate,,Democratic,Dale Lewis ROMANS,2,,,,
Kenton,B208,U.S. Senate,,Democratic,Charles BOOKER,91,,,,
Kenton,B208,U.S. Senate,,Democratic,Logan FORSYTHE,5,,,,
Kenton,B208,U.S. Senate,,Democratic,Joshua BLANTON SR.,2,,,,
Kenton,B208,U.S. Senate,,Democratic,Vincent Anthony THOMPSON,4,,,,
Kenton,B208,U.S. Senate,,Democratic,Pamela STEVENSON,13,,,,
Kenton,B208,U.S. Senate,,Democratic,Amy McGRATH,70,,,,
Kenton,B208,U.S. House,4,Democratic,Melissa Claire STRANGE,138,,,,
Kenton,B208,U.S. House,4,Democratic,Jesse Russell BREWER,44,,,,
Kenton,B208,State Representative,64,Democratic,Nicholas C. McHARGUE,69,,,,
Kenton,B208,State Representative,64,Democratic,William Nick WHALEN,100,,,,
Kenton,B208,County Commissioner,3,Democratic,Jordan T. BALDRIDGE,102,,,,
Kenton,B208,County Commissioner,3,Democratic,John BUSSE,64,,,,
Kenton,B209,U.S. Senate,,Republican,A. Nick SHELLEY,7,,,,
Kenton,B209,U.S. Senate,,Republican,Daniel CAMERON,116,,,,
Kenton,B209,U.S. Senate,,Republican,Andy BARR,188,,,,
Kenton,B209,U.S. Senate,,Republican,Anissa CATLETT,9,,,,
Kenton,B209,U.S. Senate,,Republican,"Valerie ""Dr Val"" FREDRICK",4,,,,
Kenton,B209,U.S. Senate,,Republican,Jonathan M. HOLLIDAY,2,,,,
Kenton,B209,U.S. Senate,,Republican,Other Donald WENZEL,0,,,,
Kenton,B209,U.S. Senate,,Republican,Michael James FARIS,10,,,,
Kenton,B209,U.S. Senate,,Republican,Nate MORRIS (Withdrawn),21,,,,
Kenton,B209,U.S. Senate,,Republican,James D. DUNCAN,3,,,,
Kenton,B209,U.S. Senate,,Republican,Jimmy I. LEON,0,,,,
Kenton,B209,U.S. Senate,,Republican,George WASHINGTON,10,,,,
Kenton,B209,U.S. House,4,Republican,Thomas MASSIE,167,,,,
Kenton,B209,U.S. House,4,Republican,Ed GALLREIN,227,,,,
Kenton,B209,State Representative,64,Republican,Scott BERGER,149,,,,
Kenton,B209,State Representative,64,Republican,Kimberly Poore MOSER,223,,,,
Kenton,B209,Property Valuation Administrator,,Republican,Darlene M. PLUMMER,173,,,,
Kenton,B209,Property Valuation Administrator,,Republican,Chris REINERSMAN,198,,,,
Kenton,B209,Sheriff,,Republican,Jude HEHMAN,91,,,,
Kenton,B209,Sheriff,,Republican,Larry SHELTON,272,,,,
Kenton,B209,County Commissioner,2,Republican,Sherry GOODRIDGE,120,,,,
Kenton,B209,County Commissioner,2,Republican,Jeff NICELEY,211,,,,
Kenton,B209,County Commissioner,3,Republican,Rebecca RECKERS,115,,,,
Kenton,B209,County Commissioner,3,Republican,"Richard ""Scott"" KIMMICH",141,,,,
Kenton,B209,County Commissioner,3,Republican,Matthew James HAYDEN,70,,,,
Kenton,B209,Constable,2,Republican,"Thomas E. ""Tom"" TURNER",180,,,,
Kenton,B209,Constable,2,Republican,Paul WOODARD,129,,,,
Kenton,B209,U.S. Senate,,Democratic,Dale Lewis ROMANS,1,,,,
Kenton,B209,U.S. Senate,,Democratic,Charles BOOKER,53,,,,
Kenton,B209,U.S. Senate,,Democratic,Logan FORSYTHE,5,,,,
Kenton,B209,U.S. Senate,,Democratic,Joshua BLANTON SR.,0,,,,
Kenton,B209,U.S. Senate,,Democratic,Vincent Anthony THOMPSON,0,,,,
Kenton,B209,U.S. Senate,,Democratic,Pamela STEVENSON,2,,,,
Kenton,B209,U.S. Senate,,Democratic,Amy McGRATH,52,,,,
Kenton,B209,U.S. House,4,Democratic,Melissa Claire STRANGE,77,,,,
Kenton,B209,U.S. House,4,Democratic,Jesse Russell BREWER,21,,,,
Kenton,B209,State Representative,64,Democratic,Nicholas C. McHARGUE,35,,,,
Kenton,B209,State Representative,64,Democratic,William Nick WHALEN,60,,,,
Kenton,B209,County Commissioner,3,Democratic,Jordan T. BALDRIDGE,64,,,,
Kenton,B209,County Commissioner,3,Democratic,John BUSSE,34,,,,
Kenton,B210,U.S. Senate,,Republican,A. Nick SHELLEY,8,,,,
Kenton,B210,U.S. Senate,,Republican,Daniel CAMERON,54,,,,
Kenton,B210,U.S. Senate,,Republican,Andy BARR,113,,,,
Kenton,B210,U.S. Senate,,Republican,Anissa CATLETT,3,,,,
Kenton,B210,U.S. Senate,,Republican,"Valerie ""Dr Val"" FREDRICK",5,,,,
Kenton,B210,U.S. Senate,,Republican,Jonathan M. HOLLIDAY,1,,,,
Kenton,B210,U.S. Senate,,Republican,Other Donald WENZEL,0,,,,
Kenton,B210,U.S. Senate,,Republican,Michael James FARIS,9,,,,
Kenton,B210,U.S. Senate,,Republican,Nate MORRIS (Withdrawn),5,,,,
Kenton,B210,U.S. Senate,,Republican,James D. DUNCAN,1,,,,
Kenton,B210,U.S. Senate,,Republican,Jimmy I. LEON,3,,,,
Kenton,B210,U.S. Senate,,Republican,George WASHINGTON,6,,,,
Kenton,B210,U.S. House,4,Republican,Thomas MASSIE,99,,,,
Kenton,B210,U.S. House,4,Republican,Ed GALLREIN,116,,,,
Kenton,B210,State Representative,69,Republican,Steven DOAN,140,,,,
Kenton,B210,State Representative,69,Republican,Jesse FOREMAN,45,,,,
Kenton,B210,Property Valuation Administrator,,Republican,Darlene M. PLUMMER,116,,,,
Kenton,B210,Property Valuation Administrator,,Republican,Chris REINERSMAN,72,,,,
Kenton,B210,Sheriff,,Republican,Jude HEHMAN,62,,,,
Kenton,B210,Sheriff,,Republican,Larry SHELTON,127,,,,
Kenton,B210,County Commissioner,2,Republican,Sherry GOODRIDGE,52,,,,
Kenton,B210,County Commissioner,2,Republican,Jeff NICELEY,125,,,,
Kenton,B210,County Commissioner,3,Republican,Rebecca RECKERS,72,,,,
Kenton,B210,County Commissioner,3,Republican,"Richard ""Scott"" KIMMICH",65,,,,
Kenton,B210,County Commissioner,3,Republican,Matthew James HAYDEN,46,,,,
Kenton,B210,Constable,2,Republican,"Thomas E. ""Tom"" TURNER",97,,,,
Kenton,B210,Constable,2,Republican,Paul WOODARD,77,,,,
Kenton,B210,U.S. Senate,,Democratic,Dale Lewis ROMANS,3,,,,
Kenton,B210,U.S. Senate,,Democratic,Charles BOOKER,47,,,,
Kenton,B210,U.S. Senate,,Democratic,Logan FORSYTHE,6,,,,
Kenton,B210,U.S. Senate,,Democratic,Joshua BLANTON SR.,3,,,,
Kenton,B210,U.S. Senate,,Democratic,Vincent Anthony THOMPSON,3,,,,
Kenton,B210,U.S. Senate,,Democratic,Pamela STEVENSON,6,,,,
Kenton,B210,U.S. Senate,,Democratic,Amy McGRATH,45,,,,
Kenton,B210,U.S. House,4,Democratic,Melissa Claire STRANGE,81,,,,
Kenton,B210,U.S. House,4,Democratic,Jesse Russell BREWER,25,,,,
Kenton,B210,State Representative,69,Democratic,Bryan G. SNAPP,55,,,,
Kenton,B210,State Representative,69,Democratic,Wilanne STANGEL,51,,,,
Kenton,B210,County Commissioner,3,Democratic,Jordan T. BALDRIDGE,65,,,,
Kenton,B210,County Commissioner,3,Democratic,John BUSSE,36,,,,
Kenton,B211,U.S. Senate,,Republican,A. Nick SHELLEY,9,,,,
Kenton,B211,U.S. Senate,,Republican,Daniel CAMERON,122,,,,
Kenton,B211,U.S. Senate,,Republican,Andy BARR,180,,,,
Kenton,B211,U.S. Senate,,Republican,Anissa CATLETT,6,,,,
Kenton,B211,U.S. Senate,,Republican,"Valerie ""Dr Val"" FREDRICK",8,,,,
Kenton,B211,U.S. Senate,,Republican,Jonathan M. HOLLIDAY,3,,,,
Kenton,B211,U.S. Senate,,Republican,Other Donald WENZEL,2,,,,
Kenton,B211,U.S. Senate,,Republican,Michael James FARIS,13,,,,
Kenton,B211,U.S. Senate,,Republican,Nate MORRIS (Withdrawn),9,,,,
Kenton,B211,U.S. Senate,,Republican,James D. DUNCAN,7,,,,
Kenton,B211,U.S. Senate,,Republican,Jimmy I. LEON,2,,,,
Kenton,B211,U.S. Senate,,Republican,George WASHINGTON,5,,,,
Kenton,B211,U.S. House,4,Republican,Thomas MASSIE,200,,,,
Kenton,B211,U.S. House,4,Republican,Ed GALLREIN,181,,,,
Kenton,B211,State Representative,64,Republican,Scott BERGER,162,,,,
Kenton,B211,State Representative,64,Republican,Kimberly Poore MOSER,191,,,,
Kenton,B211,Property Valuation Administrator,,Republican,Darlene M. PLUMMER,204,,,,
Kenton,B211,Property Valuation Administrator,,Republican,Chris REINERSMAN,145,,,,
Kenton,B211,Sheriff,,Republican,Jude HEHMAN,93,,,,
Kenton,B211,Sheriff,,Republican,Larry SHELTON,252,,,,
Kenton,B211,County Commissioner,2,Republican,Sherry GOODRIDGE,112,,,,
Kenton,B211,County Commissioner,2,Republican,Jeff NICELEY,222,,,,
Kenton,B211,County Commissioner,3,Republican,Rebecca RECKERS,124,,,,
Kenton,B211,County Commissioner,3,Republican,"Richard ""Scott"" KIMMICH",140,,,,
Kenton,B211,County Commissioner,3,Republican,Matthew James HAYDEN,61,,,,
Kenton,B211,Constable,2,Republican,"Thomas E. ""Tom"" TURNER",182,,,,
Kenton,B211,Constable,2,Republican,Paul WOODARD,116,,,,
Kenton,B211,U.S. Senate,,Democratic,Dale Lewis ROMANS,3,,,,
Kenton,B211,U.S. Senate,,Democratic,Charles BOOKER,79,,,,
Kenton,B211,U.S. Senate,,Democratic,Logan FORSYTHE,7,,,,
Kenton,B211,U.S. Senate,,Democratic,Joshua BLANTON SR.,3,,,,
Kenton,B211,U.S. Senate,,Democratic,Vincent Anthony THOMPSON,3,,,,
Kenton,B211,U.S. Senate,,Democratic,Pamela STEVENSON,5,,,,
Kenton,B211,U.S. Senate,,Democratic,Amy McGRATH,66,,,,
Kenton,B211,U.S. House,4,Democratic,Melissa Claire STRANGE,126,,,,
Kenton,B211,U.S. House,4,Democratic,Jesse Russell BREWER,29,,,,
Kenton,B211,State Representative,64,Democratic,Nicholas C. McHARGUE,67,,,,
Kenton,B211,State Representative,64,Democratic,William Nick WHALEN,87,,,,
Kenton,B211,County Commissioner,3,Democratic,Jordan T. BALDRIDGE,102,,,,
Kenton,B211,County Commissioner,3,Democratic,John BUSSE,51,,,,
Kenton,B212,U.S. Senate,,Republican,A. Nick SHELLEY,3,,,,
Kenton,B212,U.S. Senate,,Republican,Daniel CAMERON,27,,,,
Kenton,B212,U.S. Senate,,Republican,Andy BARR,65,,,,
Kenton,B212,U.S. Senate,,Republican,Anissa CATLETT,2,,,,
Kenton,B212,U.S. Senate,,Republican,"Valerie ""Dr Val"" FREDRICK",1,,,,
Kenton,B212,U.S. Senate,,Republican,Jonathan M. HOLLIDAY,1,,,,
Kenton,B212,U.S. Senate,,Republican,Other Donald WENZEL,0,,,,
Kenton,B212,U.S. Senate,,Republican,Michael James FARIS,4,,,,
Kenton,B212,U.S. Senate,,Republican,Nate MORRIS (Withdrawn),5,,,,
Kenton,B212,U.S. Senate,,Republican,James D. DUNCAN,3,,,,
Kenton,B212,U.S. Senate,,Republican,Jimmy I. LEON,1,,,,
Kenton,B212,U.S. Senate,,Republican,George WASHINGTON,5,,,,
Kenton,B212,U.S. House,4,Republican,Thomas MASSIE,59,,,,
Kenton,B212,U.S. House,4,Republican,Ed GALLREIN,58,,,,
Kenton,B212,State Representative,69,Republican,Steven DOAN,85,,,,
Kenton,B212,State Representative,69,Republican,Jesse FOREMAN,23,,,,
Kenton,B212,Property Valuation Administrator,,Republican,Darlene M. PLUMMER,50,,,,
Kenton,B212,Property Valuation Administrator,,Republican,Chris REINERSMAN,62,,,,
Kenton,B212,Sheriff,,Republican,Jude HEHMAN,46,,,,
Kenton,B212,Sheriff,,Republican,Larry SHELTON,63,,,,
Kenton,B212,County Commissioner,2,Republican,Sherry GOODRIDGE,27,,,,
Kenton,B212,County Commissioner,2,Republican,Jeff NICELEY,82,,,,
Kenton,B212,County Commissioner,3,Republican,Rebecca RECKERS,40,,,,
Kenton,B212,County Commissioner,3,Republican,"Richard ""Scott"" KIMMICH",42,,,,
Kenton,B212,County Commissioner,3,Republican,Matthew James HAYDEN,27,,,,
Kenton,B212,Constable,2,Republican,"Thomas E. ""Tom"" TURNER",63,,,,
Kenton,B212,Constable,2,Republican,Paul WOODARD,36,,,,
Kenton,B212,U.S. Senate,,Democratic,Dale Lewis ROMANS,1,,,,
Kenton,B212,U.S. Senate,,Democratic,Charles BOOKER,27,,,,
Kenton,B212,U.S. Senate,,Democratic,Logan FORSYTHE,4,,,,
Kenton,B212,U.S. Senate,,Democratic,Joshua BLANTON SR.,2,,,,
Kenton,B212,U.S. Senate,,Democratic,Vincent Anthony THOMPSON,0,,,,
Kenton,B212,U.S. Senate,,Democratic,Pamela STEVENSON,8,,,,
Kenton,B212,U.S. Senate,,Democratic,Amy McGRATH,36,,,,
Kenton,B212,U.S. House,4,Democratic,Melissa Claire STRANGE,62,,,,
Kenton,B212,U.S. House,4,Democratic,Jesse Russell BREWER,9,,,,
Kenton,B212,State Representative,69,Democratic,Bryan G. SNAPP,38,,,,
Kenton,B212,State Representative,69,Democratic,Wilanne STANGEL,31,,,,
Kenton,B212,County Commissioner,3,Democratic,Jordan T. BALDRIDGE,39,,,,
Kenton,B212,County Commissioner,3,Democratic,John BUSSE,26,,,,
Kenton,B213,U.S. Senate,,Republican,A. Nick SHELLEY,4,,,,
Kenton,B213,U.S. Senate,,Republican,Daniel CAMERON,113,,,,
Kenton,B213,U.S. Senate,,Republican,Andy BARR,142,,,,
Kenton,B213,U.S. Senate,,Republican,Anissa CATLETT,3,,,,
Kenton,B213,U.S. Senate,,Republican,"Valerie ""Dr Val"" FREDRICK",2,,,,
Kenton,B213,U.S. Senate,,Republican,Jonathan M. HOLLIDAY,1,,,,
Kenton,B213,U.S. Senate,,Republican,Other Donald WENZEL,1,,,,
Kenton,B213,U.S. Senate,,Republican,Michael James FARIS,12,,,,
Kenton,B213,U.S. Senate,,Republican,Nate MORRIS (Withdrawn),6,,,,
Kenton,B213,U.S. Senate,,Republican,James D. DUNCAN,3,,,,
Kenton,B213,U.S. Senate,,Republican,Jimmy I. LEON,0,,,,
Kenton,B213,U.S. Senate,,Republican,George WASHINGTON,2,,,,
Kenton,B213,U.S. House,4,Republican,Thomas MASSIE,143,,,,
Kenton,B213,U.S. House,4,Republican,Ed GALLREIN,161,,,,
Kenton,B213,State Representative,64,Republican,Scott BERGER,143,,,,
Kenton,B213,State Representative,64,Republican,Kimberly Poore MOSER,146,,,,
Kenton,B213,Property Valuation Administrator,,Republican,Darlene M. PLUMMER,144,,,,
Kenton,B213,Property Valuation Administrator,,Republican,Chris REINERSMAN,140,,,,
Kenton,B213,Sheriff,,Republican,Jude HEHMAN,91,,,,
Kenton,B213,Sheriff,,Republican,Larry SHELTON,195,,,,
Kenton,B213,County Commissioner,2,Republican,Sherry GOODRIDGE,95,,,,
Kenton,B213,County Commissioner,2,Republican,Jeff NICELEY,163,,,,
Kenton,B213,County Commissioner,3,Republican,Rebecca RECKERS,95,,,,
Kenton,B213,County Commissioner,3,Republican,"Richard ""Scott"" KIMMICH",120,,,,
Kenton,B213,County Commissioner,3,Republican,Matthew James HAYDEN,41,,,,
Kenton,B213,Constable,2,Republican,"Thomas E. ""Tom"" TURNER",144,,,,
Kenton,B213,Constable,2,Republican,Paul WOODARD,100,,,,
Kenton,B213,U.S. Senate,,Democratic,Dale Lewis ROMANS,2,,,,
Kenton,B213,U.S. Senate,,Democratic,Charles BOOKER,40,,,,
Kenton,B213,U.S. Senate,,Democratic,Logan FORSYTHE,3,,,,
Kenton,B213,U.S. Senate,,Democratic,Joshua BLANTON SR.,3,,,,
Kenton,B213,U.S. Senate,,Democratic,Vincent Anthony THOMPSON,2,,,,
Kenton,B213,U.S. Senate,,Democratic,Pamela STEVENSON,4,,,,
Kenton,B213,U.S. Senate,,Democratic,Amy McGRATH,50,,,,
Kenton,B213,U.S. House,4,Democratic,Melissa Claire STRANGE,81,,,,
Kenton,B213,U.S. House,4,Democratic,Jesse Russell BREWER,17,,,,
Kenton,B213,State Representative,64,Democratic,Nicholas C. McHARGUE,40,,,,
Kenton,B213,State Representative,64,Democratic,William Nick WHALEN,47,,,,
Kenton,B213,County Commissioner,3,Democratic,Jordan T. BALDRIDGE,60,,,,
Kenton,B213,County Commissioner,3,Democratic,John BUSSE,29,,,,
Kenton,B214,U.S. Senate,,Republican,A. Nick SHELLEY,0,,,,
Kenton,B214,U.S. Senate,,Republican,Daniel CAMERON,0,,,,
Kenton,B214,U.S. Senate,,Republican,Andy BARR,7,,,,
Kenton,B214,U.S. Senate,,Republican,Anissa CATLETT,0,,,,
Kenton,B214,U.S. Senate,,Republican,"Valerie ""Dr Val"" FREDRICK",0,,,,
Kenton,B214,U.S. Senate,,Republican,Jonathan M. HOLLIDAY,0,,,,
Kenton,B214,U.S. Senate,,Republican,Other Donald WENZEL,0,,,,
Kenton,B214,U.S. Senate,,Republican,Michael James FARIS,0,,,,
Kenton,B214,U.S. Senate,,Republican,Nate MORRIS (Withdrawn),0,,,,
Kenton,B214,U.S. Senate,,Republican,James D. DUNCAN,0,,,,
Kenton,B214,U.S. Senate,,Republican,Jimmy I. LEON,0,,,,
Kenton,B214,U.S. Senate,,Republican,George WASHINGTON,0,,,,
Kenton,B214,U.S. House,4,Republican,Thomas MASSIE,1,,,,
Kenton,B214,U.S. House,4,Republican,Ed GALLREIN,6,,,,
Kenton,B214,State Representative,64,Republican,Scott BERGER,6,,,,
Kenton,B214,State Representative,64,Republican,Kimberly Poore MOSER,1,,,,
Kenton,B214,Property Valuation Administrator,,Republican,Darlene M. PLUMMER,3,,,,
Kenton,B214,Property Valuation Administrator,,Republican,Chris REINERSMAN,4,,,,
Kenton,B214,Sheriff,,Republican,Jude HEHMAN,2,,,,
Kenton,B214,Sheriff,,Republican,Larry SHELTON,5,,,,
Kenton,B214,County Commissioner,2,Republican,Sherry GOODRIDGE,1,,,,
Kenton,B214,County Commissioner,2,Republican,Jeff NICELEY,5,,,,
Kenton,B214,County Commissioner,3,Republican,Rebecca RECKERS,0,,,,
Kenton,B214,County Commissioner,3,Republican,"Richard ""Scott"" KIMMICH",5,,,,
Kenton,B214,County Commissioner,3,Republican,Matthew James HAYDEN,2,,,,
Kenton,B214,Constable,2,Republican,"Thomas E. ""Tom"" TURNER",6,,,,
Kenton,B214,Constable,2,Republican,Paul WOODARD,1,,,,
Kenton,B214,U.S. Senate,,Democratic,Dale Lewis ROMANS,0,,,,
Kenton,B214,U.S. Senate,,Democratic,Charles BOOKER,0,,,,
Kenton,B214,U.S. Senate,,Democratic,Logan FORSYTHE,0,,,,
Kenton,B214,U.S. Senate,,Democratic,Joshua BLANTON SR.,0,,,,
Kenton,B214,U.S. Senate,,Democratic,Vincent Anthony THOMPSON,0,,,,
Kenton,B214,U.S. Senate,,Democratic,Pamela STEVENSON,0,,,,
Kenton,B214,U.S. Senate,,Democratic,Amy McGRATH,0,,,,
Kenton,B214,U.S. House,4,Democratic,Melissa Claire STRANGE,0,,,,
Kenton,B214,U.S. House,4,Democratic,Jesse Russell BREWER,0,,,,
Kenton,B214,State Representative,64,Democratic,Nicholas C. McHARGUE,0,,,,
Kenton,B214,State Representative,64,Democratic,William Nick WHALEN,0,,,,
Kenton,B214,County Commissioner,3,Democratic,Jordan T. BALDRIDGE,0,,,,
Kenton,B214,County Commissioner,3,Democratic,John BUSSE,0,,,,
Kenton,B215,U.S. Senate,,Republican,A. Nick SHELLEY,6,,,,
Kenton,B215,U.S. Senate,,Republican,Daniel CAMERON,127,,,,
Kenton,B215,U.S. Senate,,Republican,Andy BARR,224,,,,
Kenton,B215,U.S. Senate,,Republican,Anissa CATLETT,6,,,,
Kenton,B215,U.S. Senate,,Republican,"Valerie ""Dr Val"" FREDRICK",3,,,,
Kenton,B215,U.S. Senate,,Republican,Jonathan M. HOLLIDAY,1,,,,
Kenton,B215,U.S. Senate,,Republican,Other Donald WENZEL,2,,,,
Kenton,B215,U.S. Senate,,Republican,Michael James FARIS,11,,,,
Kenton,B215,U.S. Senate,,Republican,Nate MORRIS (Withdrawn),19,,,,
Kenton,B215,U.S. Senate,,Republican,James D. DUNCAN,5,,,,
Kenton,B215,U.S. Senate,,Republican,Jimmy I. LEON,0,,,,
Kenton,B215,U.S. Senate,,Republican,George WASHINGTON,9,,,,
Kenton,B215,U.S. House,4,Republican,Thomas MASSIE,183,,,,
Kenton,B215,U.S. House,4,Republican,Ed GALLREIN,242,,,,
Kenton,B215,State Representative,64,Republican,Scott BERGER,209,,,,
Kenton,B215,State Representative,64,Republican,Kimberly Poore MOSER,188,,,,
Kenton,B215,Property Valuation Administrator,,Republican,Darlene M. PLUMMER,252,,,,
Kenton,B215,Property Valuation Administrator,,Republican,Chris REINERSMAN,159,,,,
Kenton,B215,Sheriff,,Republican,Jude HEHMAN,110,,,,
Kenton,B215,Sheriff,,Republican,Larry SHELTON,295,,,,
Kenton,B215,County Commissioner,2,Republican,Sherry GOODRIDGE,139,,,,
Kenton,B215,County Commissioner,2,Republican,Jeff NICELEY,249,,,,
Kenton,B215,County Commissioner,3,Republican,Rebecca RECKERS,126,,,,
Kenton,B215,County Commissioner,3,Republican,"Richard ""Scott"" KIMMICH",156,,,,
Kenton,B215,County Commissioner,3,Republican,Matthew James HAYDEN,86,,,,
Kenton,B215,Constable,2,Republican,"Thomas E. ""Tom"" TURNER",191,,,,
Kenton,B215,Constable,2,Republican,Paul WOODARD,137,,,,
Kenton,B215,U.S. Senate,,Democratic,Dale Lewis ROMANS,1,,,,
Kenton,B215,U.S. Senate,,Democratic,Charles BOOKER,51,,,,
Kenton,B215,U.S. Senate,,Democratic,Logan FORSYTHE,1,,,,
Kenton,B215,U.S. Senate,,Democratic,Joshua BLANTON SR.,2,,,,
Kenton,B215,U.S. Senate,,Democratic,Vincent Anthony THOMPSON,5,,,,
Kenton,B215,U.S. Senate,,Democratic,Pamela STEVENSON,8,,,,
Kenton,B215,U.S. Senate,,Democratic,Amy McGRATH,59,,,,
Kenton,B215,U.S. House,4,Democratic,Melissa Claire STRANGE,79,,,,
Kenton,B215,U.S. House,4,Democratic,Jesse Russell BREWER,36,,,,
Kenton,B215,State Representative,64,Democratic,Nicholas C. McHARGUE,48,,,,
Kenton,B215,State Representative,64,Democratic,William Nick WHALEN,64,,,,
Kenton,B215,County Commissioner,3,Democratic,Jordan T. BALDRIDGE,55,,,,
Kenton,B215,County Commissioner,3,Democratic,John BUSSE,54,,,,
Kenton,B216,U.S. Senate,,Republican,A. Nick SHELLEY,13,,,,
Kenton,B216,U.S. Senate,,Republican,Daniel CAMERON,199,,,,
Kenton,B216,U.S. Senate,,Republican,Andy BARR,247,,,,
Kenton,B216,U.S. Senate,,Republican,Anissa CATLETT,6,,,,
Kenton,B216,U.S. Senate,,Republican,"Valerie ""Dr Val"" FREDRICK",8,,,,
Kenton,B216,U.S. Senate,,Republican,Jonathan M. HOLLIDAY,4,,,,
Kenton,B216,U.S. Senate,,Republican,Other Donald WENZEL,0,,,,
Kenton,B216,U.S. Senate,,Republican,Michael James FARIS,11,,,,
Kenton,B216,U.S. Senate,,Republican,Nate MORRIS (Withdrawn),13,,,,
Kenton,B216,U.S. Senate,,Republican,James D. DUNCAN,4,,,,
Kenton,B216,U.S. Senate,,Republican,Jimmy I. LEON,0,,,,
Kenton,B216,U.S. Senate,,Republican,George WASHINGTON,11,,,,
Kenton,B216,U.S. House,4,Republican,Thomas MASSIE,289,,,,
Kenton,B216,U.S. House,4,Republican,Ed GALLREIN,252,,,,
Kenton,B216,State Representative,64,Republican,Scott BERGER,226,,,,
Kenton,B216,State Representative,64,Republican,Kimberly Poore MOSER,284,,,,
Kenton,B216,Property Valuation Administrator,,Republican,Darlene M. PLUMMER,253,,,,
Kenton,B216,Property Valuation Administrator,,Republican,Chris REINERSMAN,246,,,,
Kenton,B216,Sheriff,,Republican,Jude HEHMAN,144,,,,
Kenton,B216,Sheriff,,Republican,Larry SHELTON,358,,,,
Kenton,B216,County Commissioner,2,Republican,Sherry GOODRIDGE,167,,,,
Kenton,B216,County Commissioner,2,Republican,Jeff NICELEY,284,,,,
Kenton,B216,County Commissioner,3,Republican,Rebecca RECKERS,165,,,,
Kenton,B216,County Commissioner,3,Republican,"Richard ""Scott"" KIMMICH",169,,,,
Kenton,B216,County Commissioner,3,Republican,Matthew James HAYDEN,110,,,,
Kenton,B216,Constable,2,Republican,"Thomas E. ""Tom"" TURNER",249,,,,
Kenton,B216,Constable,2,Republican,Paul WOODARD,158,,,,
Kenton,B216,U.S. Senate,,Democratic,Dale Lewis ROMANS,4,,,,
Kenton,B216,U.S. Senate,,Democratic,Charles BOOKER,110,,,,
Kenton,B216,U.S. Senate,,Democratic,Logan FORSYTHE,3,,,,
Kenton,B216,U.S. Senate,,Democratic,Joshua BLANTON SR.,3,,,,
Kenton,B216,U.S. Senate,,Democratic,Vincent Anthony THOMPSON,1,,,,
Kenton,B216,U.S. Senate,,Democratic,Pamela STEVENSON,13,,,,
Kenton,B216,U.S. Senate,,Democratic,Amy McGRATH,78,,,,
Kenton,B216,U.S. House,4,Democratic,Melissa Claire STRANGE,150,,,,
Kenton,B216,U.S. House,4,Democratic,Jesse Russell BREWER,49,,,,
Kenton,B216,State Representative,64,Democratic,Nicholas C. McHARGUE,68,,,,
Kenton,B216,State Representative,64,Democratic,William Nick WHALEN,117,,,,
Kenton,B216,County Commissioner,3,Democratic,Jordan T. BALDRIDGE,116,,,,
Kenton,B216,County Commissioner,3,Democratic,John BUSSE,67,,,,
Kenton,B217,U.S. Senate,,Republican,A. Nick SHELLEY,7,,,,
Kenton,B217,U.S. Senate,,Republican,Daniel CAMERON,138,,,,
Kenton,B217,U.S. Senate,,Republican,Andy BARR,180,,,,
Kenton,B217,U.S. Senate,,Republican,Anissa CATLETT,6,,,,
Kenton,B217,U.S. Senate,,Republican,"Valerie ""Dr Val"" FREDRICK",2,,,,
Kenton,B217,U.S. Senate,,Republican,Jonathan M. HOLLIDAY,3,,,,
Kenton,B217,U.S. Senate,,Republican,Other Donald WENZEL,1,,,,
Kenton,B217,U.S. Senate,,Republican,Michael James FARIS,16,,,,
Kenton,B217,U.S. Senate,,Republican,Nate MORRIS (Withdrawn),11,,,,
Kenton,B217,U.S. Senate,,Republican,James D. DUNCAN,2,,,,
Kenton,B217,U.S. Senate,,Republican,Jimmy I. LEON,1,,,,
Kenton,B217,U.S. Senate,,Republican,George WASHINGTON,8,,,,
Kenton,B217,U.S. House,4,Republican,Thomas MASSIE,161,,,,
Kenton,B217,U.S. House,4,Republican,Ed GALLREIN,236,,,,
Kenton,B217,State Representative,78,Republican,Brandon N. MONTANO,80,,,,
Kenton,B217,State Representative,78,Republican,Mark HART,213,,,,
Kenton,B217,Property Valuation Administrator,,Republican,Darlene M. PLUMMER,222,,,,
Kenton,B217,Property Valuation Administrator,,Republican,Chris REINERSMAN,157,,,,
Kenton,B217,Sheriff,,Republican,Jude HEHMAN,87,,,,
Kenton,B217,Sheriff,,Republican,Larry SHELTON,286,,,,
Kenton,B217,County Commissioner,2,Republican,Sherry GOODRIDGE,140,,,,
Kenton,B217,County Commissioner,2,Republican,Jeff NICELEY,209,,,,
Kenton,B217,County Commissioner,3,Republican,Rebecca RECKERS,131,,,,
Kenton,B217,County Commissioner,3,Republican,"Richard ""Scott"" KIMMICH",143,,,,
Kenton,B217,County Commissioner,3,Republican,Matthew James HAYDEN,58,,,,
Kenton,B217,Constable,2,Republican,"Thomas E. ""Tom"" TURNER",165,,,,
Kenton,B217,Constable,2,Republican,Paul WOODARD,136,,,,
Kenton,B217,U.S. Senate,,Democratic,Dale Lewis ROMANS,4,,,,
Kenton,B217,U.S. Senate,,Democratic,Charles BOOKER,50,,,,
Kenton,B217,U.S. Senate,,Democratic,Logan FORSYTHE,8,,,,
Kenton,B217,U.S. Senate,,Democratic,Joshua BLANTON SR.,3,,,,
Kenton,B217,U.S. Senate,,Democratic,Vincent Anthony THOMPSON,4,,,,
Kenton,B217,U.S. Senate,,Democratic,Pamela STEVENSON,10,,,,
Kenton,B217,U.S. Senate,,Democratic,Amy McGRATH,62,,,,
Kenton,B217,U.S. House,4,Democratic,Melissa Claire STRANGE,91,,,,
Kenton,B217,U.S. House,4,Democratic,Jesse Russell BREWER,41,,,,
Kenton,B217,County Commissioner,3,Democratic,Jordan T. BALDRIDGE,89,,,,
Kenton,B217,County Commissioner,3,Democratic,John BUSSE,44,,,,
Kenton,B218,U.S. Senate,,Republican,A. Nick SHELLEY,5,,,,
Kenton,B218,U.S. Senate,,Republican,Daniel CAMERON,64,,,,
Kenton,B218,U.S. Senate,,Republican,Andy BARR,125,,,,
Kenton,B218,U.S. Senate,,Republican,Anissa CATLETT,2,,,,
Kenton,B218,U.S. Senate,,Republican,"Valerie ""Dr Val"" FREDRICK",2,,,,
Kenton,B218,U.S. Senate,,Republican,Jonathan M. HOLLIDAY,2,,,,
Kenton,B218,U.S. Senate,,Republican,Other Donald WENZEL,0,,,,
Kenton,B218,U.S. Senate,,Republican,Michael James FARIS,7,,,,
Kenton,B218,U.S. Senate,,Republican,Nate MORRIS (Withdrawn),8,,,,
Kenton,B218,U.S. Senate,,Republican,James D. DUNCAN,2,,,,
Kenton,B218,U.S. Senate,,Republican,Jimmy I. LEON,0,,,,
Kenton,B218,U.S. Senate,,Republican,George WASHINGTON,7,,,,
Kenton,B218,U.S. House,4,Republican,Thomas MASSIE,86,,,,
Kenton,B218,U.S. House,4,Republican,Ed GALLREIN,153,,,,
Kenton,B218,State Representative,78,Republican,Brandon N. MONTANO,53,,,,
Kenton,B218,State Representative,78,Republican,Mark HART,143,,,,
Kenton,B218,Property Valuation Administrator,,Republican,Darlene M. PLUMMER,145,,,,
Kenton,B218,Property Valuation Administrator,,Republican,Chris REINERSMAN,81,,,,
Kenton,B218,Sheriff,,Republican,Jude HEHMAN,37,,,,
Kenton,B218,Sheriff,,Republican,Larry SHELTON,187,,,,
Kenton,B218,County Commissioner,2,Republican,Sherry GOODRIDGE,63,,,,
Kenton,B218,County Commissioner,2,Republican,Jeff NICELEY,152,,,,
Kenton,B218,County Commissioner,3,Republican,Rebecca RECKERS,44,,,,
Kenton,B218,County Commissioner,3,Republican,"Richard ""Scott"" KIMMICH",134,,,,
Kenton,B218,County Commissioner,3,Republican,Matthew James HAYDEN,30,,,,
Kenton,B218,Constable,2,Republican,"Thomas E. ""Tom"" TURNER",106,,,,
Kenton,B218,Constable,2,Republican,Paul WOODARD,77,,,,
Kenton,B218,U.S. Senate,,Democratic,Dale Lewis ROMANS,3,,,,
Kenton,B218,U.S. Senate,,Democratic,Charles BOOKER,15,,,,
Kenton,B218,U.S. Senate,,Democratic,Logan FORSYTHE,2,,,,
Kenton,B218,U.S. Senate,,Democratic,Joshua BLANTON SR.,2,,,,
Kenton,B218,U.S. Senate,,Democratic,Vincent Anthony THOMPSON,3,,,,
Kenton,B218,U.S. Senate,,Democratic,Pamela STEVENSON,7,,,,
Kenton,B218,U.S. Senate,,Democratic,Amy McGRATH,35,,,,
Kenton,B218,U.S. House,4,Democratic,Melissa Claire STRANGE,38,,,,
Kenton,B218,U.S. House,4,Democratic,Jesse Russell BREWER,23,,,,
Kenton,B218,County Commissioner,3,Democratic,Jordan T. BALDRIDGE,50,,,,
Kenton,B218,County Commissioner,3,Democratic,John BUSSE,11,,,,
Kenton,B219,U.S. Senate,,Republican,A. Nick SHELLEY,9,,,,
Kenton,B219,U.S. Senate,,Republican,Daniel CAMERON,279,,,,
Kenton,B219,U.S. Senate,,Republican,Andy BARR,464,,,,
Kenton,B219,U.S. Senate,,Republican,Anissa CATLETT,10,,,,
Kenton,B219,U.S. Senate,,Republican,"Valerie ""Dr Val"" FREDRICK",8,,,,
Kenton,B219,U.S. Senate,,Republican,Jonathan M. HOLLIDAY,8,,,,
Kenton,B219,U.S. Senate,,Republican,Other Donald WENZEL,1,,,,
Kenton,B219,U.S. Senate,,Republican,Michael James FARIS,52,,,,
Kenton,B219,U.S. Senate,,Republican,Nate MORRIS (Withdrawn),36,,,,
Kenton,B219,U.S. Senate,,Republican,James D. DUNCAN,4,,,,
Kenton,B219,U.S. Senate,,Republican,Jimmy I. LEON,3,,,,
Kenton,B219,U.S. Senate,,Republican,George WASHINGTON,15,,,,
Kenton,B219,U.S. House,4,Republican,Thomas MASSIE,420,,,,
Kenton,B219,U.S. House,4,Republican,Ed GALLREIN,502,,,,
Kenton,B219,State Representative,78,Republican,Brandon N. MONTANO,263,,,,
Kenton,B219,State Representative,78,Republican,Mark HART,503,,,,
Kenton,B219,Property Valuation Administrator,,Republican,Darlene M. PLUMMER,523,,,,
Kenton,B219,Property Valuation Administrator,,Republican,Chris REINERSMAN,338,,,,
Kenton,B219,Sheriff,,Republican,Jude HEHMAN,221,,,,
Kenton,B219,Sheriff,,Republican,Larry SHELTON,651,,,,
Kenton,B219,County Commissioner,2,Republican,Sherry GOODRIDGE,228,,,,
Kenton,B219,County Commissioner,2,Republican,Jeff NICELEY,617,,,,
Kenton,B219,County Commissioner,3,Republican,Rebecca RECKERS,265,,,,
Kenton,B219,County Commissioner,3,Republican,"Richard ""Scott"" KIMMICH",378,,,,
Kenton,B219,County Commissioner,3,Republican,Matthew James HAYDEN,170,,,,
Kenton,B219,Constable,2,Republican,"Thomas E. ""Tom"" TURNER",407,,,,
Kenton,B219,Constable,2,Republican,Paul WOODARD,303,,,,
Kenton,B219,U.S. Senate,,Democratic,Dale Lewis ROMANS,16,,,,
Kenton,B219,U.S. Senate,,Democratic,Charles BOOKER,147,,,,
Kenton,B219,U.S. Senate,,Democratic,Logan FORSYTHE,7,,,,
Kenton,B219,U.S. Senate,,Democratic,Joshua BLANTON SR.,7,,,,
Kenton,B219,U.S. Senate,,Democratic,Vincent Anthony THOMPSON,0,,,,
Kenton,B219,U.S. Senate,,Democratic,Pamela STEVENSON,13,,,,
Kenton,B219,U.S. Senate,,Democratic,Amy McGRATH,150,,,,
Kenton,B219,U.S. House,4,Democratic,Melissa Claire STRANGE,246,,,,
Kenton,B219,U.S. House,4,Democratic,Jesse Russell BREWER,76,,,,
Kenton,B219,County Commissioner,3,Democratic,Jordan T. BALDRIDGE,206,,,,
Kenton,B219,County Commissioner,3,Democratic,John BUSSE,110,,,,
Kenton,B220,U.S. Senate,,Republican,A. Nick SHELLEY,12,,,,
Kenton,B220,U.S. Senate,,Republican,Daniel CAMERON,179,,,,
Kenton,B220,U.S. Senate,,Republican,Andy BARR,384,,,,
Kenton,B220,U.S. Senate,,Republican,Anissa CATLETT,4,,,,
Kenton,B220,U.S. Senate,,Republican,"Valerie ""Dr Val"" FREDRICK",15,,,,
Kenton,B220,U.S. Senate,,Republican,Jonathan M. HOLLIDAY,4,,,,
Kenton,B220,U.S. Senate,,Republican,Other Donald WENZEL,2,,,,
Kenton,B220,U.S. Senate,,Republican,Michael James FARIS,34,,,,
Kenton,B220,U.S. Senate,,Republican,Nate MORRIS (Withdrawn),18,,,,
Kenton,B220,U.S. Senate,,Republican,James D. DUNCAN,6,,,,
Kenton,B220,U.S. Senate,,Republican,Jimmy I. LEON,1,,,,
Kenton,B220,U.S. Senate,,Republican,George WASHINGTON,9,,,,
Kenton,B220,U.S. House,4,Republican,Thomas MASSIE,283,,,,
Kenton,B220,U.S. House,4,Republican,Ed GALLREIN,430,,,,
Kenton,B220,State Representative,78,Republican,Brandon N. MONTANO,194,,,,
Kenton,B220,State Representative,78,Republican,Mark HART,360,,,,
Kenton,B220,Property Valuation Administrator,,Republican,Darlene M. PLUMMER,407,,,,
Kenton,B220,Property Valuation Administrator,,Republican,Chris REINERSMAN,238,,,,
Kenton,B220,Sheriff,,Republican,Jude HEHMAN,164,,,,
Kenton,B220,Sheriff,,Republican,Larry SHELTON,478,,,,
Kenton,B220,County Commissioner,2,Republican,Sherry GOODRIDGE,201,,,,
Kenton,B220,County Commissioner,2,Republican,Jeff NICELEY,404,,,,
Kenton,B220,County Commissioner,3,Republican,Rebecca RECKERS,188,,,,
Kenton,B220,County Commissioner,3,Republican,"Richard ""Scott"" KIMMICH",283,,,,
Kenton,B220,County Commissioner,3,Republican,Matthew James HAYDEN,120,,,,
Kenton,B220,Constable,2,Republican,"Thomas E. ""Tom"" TURNER",321,,,,
Kenton,B220,Constable,2,Republican,Paul WOODARD,221,,,,
Kenton,B220,U.S. Senate,,Democratic,Dale Lewis ROMANS,4,,,,
Kenton,B220,U.S. Senate,,Democratic,Charles BOOKER,65,,,,
Kenton,B220,U.S. Senate,,Democratic,Logan FORSYTHE,5,,,,
Kenton,B220,U.S. Senate,,Democratic,Joshua BLANTON SR.,4,,,,
Kenton,B220,U.S. Senate,,Democratic,Vincent Anthony THOMPSON,5,,,,
Kenton,B220,U.S. Senate,,Democratic,Pamela STEVENSON,5,,,,
Kenton,B220,U.S. Senate,,Democratic,Amy McGRATH,98,,,,
Kenton,B220,U.S. House,4,Democratic,Melissa Claire STRANGE,107,,,,
Kenton,B220,U.S. House,4,Democratic,Jesse Russell BREWER,65,,,,
Kenton,B220,County Commissioner,3,Democratic,Jordan T. BALDRIDGE,119,,,,
Kenton,B220,County Commissioner,3,Democratic,John BUSSE,47,,,,
Kenton,B222,U.S. Senate,,Republican,A. Nick SHELLEY,8,,,,
Kenton,B222,U.S. Senate,,Republican,Daniel CAMERON,91,,,,
Kenton,B222,U.S. Senate,,Republican,Andy BARR,116,,,,
Kenton,B222,U.S. Senate,,Republican,Anissa CATLETT,3,,,,
Kenton,B222,U.S. Senate,,Republican,"Valerie ""Dr Val"" FREDRICK",0,,,,
Kenton,B222,U.S. Senate,,Republican,Jonathan M. HOLLIDAY,1,,,,
Kenton,B222,U.S. Senate,,Republican,Other Donald WENZEL,0,,,,
Kenton,B222,U.S. Senate,,Republican,Michael James FARIS,27,,,,
Kenton,B222,U.S. Senate,,Republican,Nate MORRIS (Withdrawn),4,,,,
Kenton,B222,U.S. Senate,,Republican,James D. DUNCAN,2,,,,
Kenton,B222,U.S. Senate,,Republican,Jimmy I. LEON,0,,,,
Kenton,B222,U.S. Senate,,Republican,George WASHINGTON,6,,,,
Kenton,B222,U.S. House,4,Republican,Thomas MASSIE,141,,,,
Kenton,B222,U.S. House,4,Republican,Ed GALLREIN,126,,,,
Kenton,B222,State Representative,78,Republican,Brandon N. MONTANO,55,,,,
Kenton,B222,State Representative,78,Republican,Mark HART,187,,,,
Kenton,B222,Property Valuation Administrator,,Republican,Darlene M. PLUMMER,180,,,,
Kenton,B222,Property Valuation Administrator,,Republican,Chris REINERSMAN,73,,,,
Kenton,B222,Sheriff,,Republican,Jude HEHMAN,45,,,,
Kenton,B222,Sheriff,,Republican,Larry SHELTON,213,,,,
Kenton,B222,County Commissioner,2,Republican,Sherry GOODRIDGE,52,,,,
Kenton,B222,County Commissioner,2,Republican,Jeff NICELEY,202,,,,
Kenton,B222,County Commissioner,3,Republican,Rebecca RECKERS,40,,,,
Kenton,B222,County Commissioner,3,Republican,"Richard ""Scott"" KIMMICH",171,,,,
Kenton,B222,County Commissioner,3,Republican,Matthew James HAYDEN,42,,,,
Kenton,B222,Constable,2,Republican,"Thomas E. ""Tom"" TURNER",115,,,,
Kenton,B222,Constable,2,Republican,Paul WOODARD,101,,,,
Kenton,B222,U.S. Senate,,Democratic,Dale Lewis ROMANS,1,,,,
Kenton,B222,U.S. Senate,,Democratic,Charles BOOKER,24,,,,
Kenton,B222,U.S. Senate,,Democratic,Logan FORSYTHE,1,,,,
Kenton,B222,U.S. Senate,,Democratic,Joshua BLANTON SR.,1,,,,
Kenton,B222,U.S. Senate,,Democratic,Vincent Anthony THOMPSON,3,,,,
Kenton,B222,U.S. Senate,,Democratic,Pamela STEVENSON,2,,,,
Kenton,B222,U.S. Senate,,Democratic,Amy McGRATH,18,,,,
Kenton,B222,U.S. House,4,Democratic,Melissa Claire STRANGE,26,,,,
Kenton,B222,U.S. House,4,Democratic,Jesse Russell BREWER,19,,,,
Kenton,B222,County Commissioner,3,Democratic,Jordan T. BALDRIDGE,42,,,,
Kenton,B222,County Commissioner,3,Democratic,John BUSSE,8,,,,
Kenton,B223,U.S. Senate,,Republican,A. Nick SHELLEY,16,,,,
Kenton,B223,U.S. Senate,,Republican,Daniel CAMERON,319,,,,
Kenton,B223,U.S. Senate,,Republican,Andy BARR,468,,,,
Kenton,B223,U.S. Senate,,Republican,Anissa CATLETT,23,,,,
Kenton,B223,U.S. Senate,,Republican,"Valerie ""Dr Val"" FREDRICK",8,,,,
Kenton,B223,U.S. Senate,,Republican,Jonathan M. HOLLIDAY,7,,,,
Kenton,B223,U.S. Senate,,Republican,Other Donald WENZEL,2,,,,
Kenton,B223,U.S. Senate,,Republican,Michael James FARIS,38,,,,
Kenton,B223,U.S. Senate,,Republican,Nate MORRIS (Withdrawn),22,,,,
Kenton,B223,U.S. Senate,,Republican,James D. DUNCAN,8,,,,
Kenton,B223,U.S. Senate,,Republican,Jimmy I. LEON,1,,,,
Kenton,B223,U.S. Senate,,Republican,George WASHINGTON,9,,,,
Kenton,B223,U.S. House,4,Republican,Thomas MASSIE,451,,,,
Kenton,B223,U.S. House,4,Republican,Ed GALLREIN,514,,,,
Kenton,B223,State Representative,64,Republican,Scott BERGER,413,,,,
Kenton,B223,State Representative,64,Republican,Kimberly Poore MOSER,497,,,,
Kenton,B223,Property Valuation Administrator,,Republican,Darlene M. PLUMMER,479,,,,
Kenton,B223,Property Valuation Administrator,,Republican,Chris REINERSMAN,377,,,,
Kenton,B223,Sheriff,,Republican,Jude HEHMAN,384,,,,
Kenton,B223,Sheriff,,Republican,Larry SHELTON,508,,,,
Kenton,B223,County Commissioner,2,Republican,Sherry GOODRIDGE,346,,,,
Kenton,B223,County Commissioner,2,Republican,Jeff NICELEY,462,,,,
Kenton,B223,County Commissioner,3,Republican,Rebecca RECKERS,288,,,,
Kenton,B223,County Commissioner,3,Republican,"Richard ""Scott"" KIMMICH",325,,,,
Kenton,B223,County Commissioner,3,Republican,Matthew James HAYDEN,190,,,,
Kenton,B223,Constable,2,Republican,"Thomas E. ""Tom"" TURNER",441,,,,
Kenton,B223,Constable,2,Republican,Paul WOODARD,250,,,,
Kenton,B223,U.S. Senate,,Democratic,Dale Lewis ROMANS,12,,,,
Kenton,B223,U.S. Senate,,Democratic,Charles BOOKER,167,,,,
Kenton,B223,U.S. Senate,,Democratic,Logan FORSYTHE,10,,,,
Kenton,B223,U.S. Senate,,Democratic,Joshua BLANTON SR.,2,,,,
Kenton,B223,U.S. Senate,,Democratic,Vincent Anthony THOMPSON,8,,,,
Kenton,B223,U.S. Senate,,Democratic,Pamela STEVENSON,13,,,,
Kenton,B223,U.S. Senate,,Democratic,Amy McGRATH,205,,,,
Kenton,B223,U.S. House,4,Democratic,Melissa Claire STRANGE,269,,,,
Kenton,B223,U.S. House,4,Democratic,Jesse Russell BREWER,109,,,,
Kenton,B223,State Representative,64,Democratic,Nicholas C. McHARGUE,97,,,,
Kenton,B223,State Representative,64,Democratic,William Nick WHALEN,267,,,,
Kenton,B223,County Commissioner,3,Democratic,Jordan T. BALDRIDGE,205,,,,
Kenton,B223,County Commissioner,3,Democratic,John BUSSE,156,,,,
Kenton,C301,U.S. Senate,,Republican,A. Nick SHELLEY,5,,,,
Kenton,C301,U.S. Senate,,Republican,Daniel CAMERON,136,,,,
Kenton,C301,U.S. Senate,,Republican,Andy BARR,313,,,,
Kenton,C301,U.S. Senate,,Republican,Anissa CATLETT,15,,,,
Kenton,C301,U.S. Senate,,Republican,"Valerie ""Dr Val"" FREDRICK",7,,,,
Kenton,C301,U.S. Senate,,Republican,Jonathan M. HOLLIDAY,5,,,,
Kenton,C301,U.S. Senate,,Republican,Other Donald WENZEL,1,,,,
Kenton,C301,U.S. Senate,,Republican,Michael James FARIS,14,,,,
Kenton,C301,U.S. Senate,,Republican,Nate MORRIS (Withdrawn),11,,,,
Kenton,C301,U.S. Senate,,Republican,James D. DUNCAN,2,,,,
Kenton,C301,U.S. Senate,,Republican,Jimmy I. LEON,2,,,,
Kenton,C301,U.S. Senate,,Republican,George WASHINGTON,17,,,,
Kenton,C301,U.S. House,4,Republican,Thomas MASSIE,291,,,,
Kenton,C301,U.S. House,4,Republican,Ed GALLREIN,278,,,,
Kenton,C301,State Representative,63,Republican,Seth Winslow YOUNG,35,,,,
Kenton,C301,State Representative,63,Republican,Cole CUZICK,217,,,,
Kenton,C301,State Representative,63,Republican,Kim BANTA,261,,,,
Kenton,C301,Property Valuation Administrator,,Republican,Darlene M. PLUMMER,312,,,,
Kenton,C301,Property Valuation Administrator,,Republican,Chris REINERSMAN,181,,,,
Kenton,C301,Sheriff,,Republican,Jude HEHMAN,254,,,,
Kenton,C301,Sheriff,,Republican,Larry SHELTON,254,,,,
Kenton,C301,County Commissioner,2,Republican,Sherry GOODRIDGE,186,,,,
Kenton,C301,County Commissioner,2,Republican,Jeff NICELEY,274,,,,
Kenton,C301,County Commissioner,3,Republican,Rebecca RECKERS,135,,,,
Kenton,C301,County Commissioner,3,Republican,"Richard ""Scott"" KIMMICH",185,,,,
Kenton,C301,County Commissioner,3,Republican,Matthew James HAYDEN,148,,,,
Kenton,C301,U.S. Senate,,Democratic,Dale Lewis ROMANS,4,,,,
Kenton,C301,U.S. Senate,,Democratic,Charles BOOKER,86,,,,
Kenton,C301,U.S. Senate,,Democratic,Logan FORSYTHE,9,,,,
Kenton,C301,U.S. Senate,,Democratic,Joshua BLANTON SR.,1,,,,
Kenton,C301,U.S. Senate,,Democratic,Vincent Anthony THOMPSON,1,,,,
Kenton,C301,U.S. Senate,,Democratic,Pamela STEVENSON,12,,,,
Kenton,C301,U.S. Senate,,Democratic,Amy McGRATH,121,,,,
Kenton,C301,U.S. House,4,Democratic,Melissa Claire STRANGE,193,,,,
Kenton,C301,U.S. House,4,Democratic,Jesse Russell BREWER,30,,,,
Kenton,C301,County Commissioner,3,Democratic,Jordan T. BALDRIDGE,119,,,,
Kenton,C301,County Commissioner,3,Democratic,John BUSSE,77,,,,
Kenton,C302,U.S. Senate,,Republican,A. Nick SHELLEY,3,,,,
Kenton,C302,U.S. Senate,,Republican,Daniel CAMERON,84,,,,
Kenton,C302,U.S. Senate,,Republican,Andy BARR,178,,,,
Kenton,C302,U.S. Senate,,Republican,Anissa CATLETT,3,,,,
Kenton,C302,U.S. Senate,,Republican,"Valerie ""Dr Val"" FREDRICK",2,,,,
Kenton,C302,U.S. Senate,,Republican,Jonathan M. HOLLIDAY,1,,,,
Kenton,C302,U.S. Senate,,Republican,Other Donald WENZEL,0,,,,
Kenton,C302,U.S. Senate,,Republican,Michael James FARIS,7,,,,
Kenton,C302,U.S. Senate,,Republican,Nate MORRIS (Withdrawn),9,,,,
Kenton,C302,U.S. Senate,,Republican,James D. DUNCAN,4,,,,
Kenton,C302,U.S. Senate,,Republican,Jimmy I. LEON,0,,,,
Kenton,C302,U.S. Senate,,Republican,George WASHINGTON,5,,,,
Kenton,C302,U.S. House,4,Republican,Thomas MASSIE,141,,,,
Kenton,C302,U.S. House,4,Republican,Ed GALLREIN,168,,,,
Kenton,C302,State Representative,69,Republican,Steven DOAN,204,,,,
Kenton,C302,State Representative,69,Republican,Jesse FOREMAN,60,,,,
Kenton,C302,Property Valuation Administrator,,Republican,Darlene M. PLUMMER,170,,,,
Kenton,C302,Property Valuation Administrator,,Republican,Chris REINERSMAN,103,,,,
Kenton,C302,Sheriff,,Republican,Jude HEHMAN,146,,,,
Kenton,C302,Sheriff,,Republican,Larry SHELTON,138,,,,
Kenton,C302,County Commissioner,2,Republican,Sherry GOODRIDGE,105,,,,
Kenton,C302,County Commissioner,2,Republican,Jeff NICELEY,160,,,,
Kenton,C302,County Commissioner,3,Republican,Rebecca RECKERS,89,,,,
Kenton,C302,County Commissioner,3,Republican,"Richard ""Scott"" KIMMICH",120,,,,
Kenton,C302,County Commissioner,3,Republican,Matthew James HAYDEN,56,,,,
Kenton,C302,U.S. Senate,,Democratic,Dale Lewis ROMANS,3,,,,
Kenton,C302,U.S. Senate,,Democratic,Charles BOOKER,43,,,,
Kenton,C302,U.S. Senate,,Democratic,Logan FORSYTHE,9,,,,
Kenton,C302,U.S. Senate,,Democratic,Joshua BLANTON SR.,2,,,,
Kenton,C302,U.S. Senate,,Democratic,Vincent Anthony THOMPSON,1,,,,
Kenton,C302,U.S. Senate,,Democratic,Pamela STEVENSON,4,,,,
Kenton,C302,U.S. Senate,,Democratic,Amy McGRATH,86,,,,
Kenton,C302,U.S. House,4,Democratic,Melissa Claire STRANGE,108,,,,
Kenton,C302,U.S. House,4,Democratic,Jesse Russell BREWER,23,,,,
Kenton,C302,State Representative,69,Democratic,Bryan G. SNAPP,70,,,,
Kenton,C302,State Representative,69,Democratic,Wilanne STANGEL,52,,,,
Kenton,C302,County Commissioner,3,Democratic,Jordan T. BALDRIDGE,71,,,,
Kenton,C302,County Commissioner,3,Democratic,John BUSSE,45,,,,
Kenton,C303,U.S. Senate,,Republican,A. Nick SHELLEY,1,,,,
Kenton,C303,U.S. Senate,,Republican,Daniel CAMERON,67,,,,
Kenton,C303,U.S. Senate,,Republican,Andy BARR,123,,,,
Kenton,C303,U.S. Senate,,Republican,Anissa CATLETT,2,,,,
Kenton,C303,U.S. Senate,,Republican,"Valerie ""Dr Val"" FREDRICK",2,,,,
Kenton,C303,U.S. Senate,,Republican,Jonathan M. HOLLIDAY,2,,,,
Kenton,C303,U.S. Senate,,Republican,Other Donald WENZEL,0,,,,
Kenton,C303,U.S. Senate,,Republican,Michael James FARIS,7,,,,
Kenton,C303,U.S. Senate,,Republican,Nate MORRIS (Withdrawn),3,,,,
Kenton,C303,U.S. Senate,,Republican,James D. DUNCAN,1,,,,
Kenton,C303,U.S. Senate,,Republican,Jimmy I. LEON,1,,,,
Kenton,C303,U.S. Senate,,Republican,George WASHINGTON,2,,,,
Kenton,C303,U.S. House,4,Republican,Thomas MASSIE,82,,,,
Kenton,C303,U.S. House,4,Republican,Ed GALLREIN,138,,,,
Kenton,C303,Property Valuation Administrator,,Republican,Darlene M. PLUMMER,113,,,,
Kenton,C303,Property Valuation Administrator,,Republican,Chris REINERSMAN,72,,,,
Kenton,C303,Sheriff,,Republican,Jude HEHMAN,87,,,,
Kenton,C303,Sheriff,,Republican,Larry SHELTON,104,,,,
Kenton,C303,County Commissioner,2,Republican,Sherry GOODRIDGE,68,,,,
Kenton,C303,County Commissioner,2,Republican,Jeff NICELEY,112,,,,
Kenton,C303,County Commissioner,3,Republican,Rebecca RECKERS,71,,,,
Kenton,C303,County Commissioner,3,Republican,"Richard ""Scott"" KIMMICH",69,,,,
Kenton,C303,County Commissioner,3,Republican,Matthew James HAYDEN,41,,,,
Kenton,C303,U.S. Senate,,Democratic,Dale Lewis ROMANS,2,,,,
Kenton,C303,U.S. Senate,,Democratic,Charles BOOKER,21,,,,
Kenton,C303,U.S. Senate,,Democratic,Logan FORSYTHE,0,,,,
Kenton,C303,U.S. Senate,,Democratic,Joshua BLANTON SR.,1,,,,
Kenton,C303,U.S. Senate,,Democratic,Vincent Anthony THOMPSON,0,,,,
Kenton,C303,U.S. Senate,,Democratic,Pamela STEVENSON,4,,,,
Kenton,C303,U.S. Senate,,Democratic,Amy McGRATH,40,,,,
Kenton,C303,U.S. House,4,Democratic,Melissa Claire STRANGE,47,,,,
Kenton,C303,U.S. House,4,Democratic,Jesse Russell BREWER,13,,,,
Kenton,C303,County Commissioner,3,Democratic,Jordan T. BALDRIDGE,37,,,,
Kenton,C303,County Commissioner,3,Democratic,John BUSSE,18,,,,
Kenton,C304,U.S. Senate,,Republican,A. Nick SHELLEY,2,,,,
Kenton,C304,U.S. Senate,,Republican,Daniel CAMERON,72,,,,
Kenton,C304,U.S. Senate,,Republican,Andy BARR,125,,,,
Kenton,C304,U.S. Senate,,Republican,Anissa CATLETT,6,,,,
Kenton,C304,U.S. Senate,,Republican,"Valerie ""Dr Val"" FREDRICK",2,,,,
Kenton,C304,U.S. Senate,,Republican,Jonathan M. HOLLIDAY,0,,,,
Kenton,C304,U.S. Senate,,Republican,Other Donald WENZEL,1,,,,
Kenton,C304,U.S. Senate,,Republican,Michael James FARIS,10,,,,
Kenton,C304,U.S. Senate,,Republican,Nate MORRIS (Withdrawn),4,,,,
Kenton,C304,U.S. Senate,,Republican,James D. DUNCAN,0,,,,
Kenton,C304,U.S. Senate,,Republican,Jimmy I. LEON,0,,,,
Kenton,C304,U.S. Senate,,Republican,George WASHINGTON,3,,,,
Kenton,C304,U.S. House,4,Republican,Thomas MASSIE,107,,,,
Kenton,C304,U.S. House,4,Republican,Ed GALLREIN,126,,,,
Kenton,C304,Property Valuation Administrator,,Republican,Darlene M. PLUMMER,147,,,,
Kenton,C304,Property Valuation Administrator,,Republican,Chris REINERSMAN,57,,,,
Kenton,C304,Sheriff,,Republican,Jude HEHMAN,98,,,,
Kenton,C304,Sheriff,,Republican,Larry SHELTON,113,,,,
Kenton,C304,County Commissioner,2,Republican,Sherry GOODRIDGE,62,,,,
Kenton,C304,County Commissioner,2,Republican,Jeff NICELEY,126,,,,
Kenton,C304,County Commissioner,3,Republican,Rebecca RECKERS,49,,,,
Kenton,C304,County Commissioner,3,Republican,"Richard ""Scott"" KIMMICH",84,,,,
Kenton,C304,County Commissioner,3,Republican,Matthew James HAYDEN,64,,,,
Kenton,C304,U.S. Senate,,Democratic,Dale Lewis ROMANS,1,,,,
Kenton,C304,U.S. Senate,,Democratic,Charles BOOKER,29,,,,
Kenton,C304,U.S. Senate,,Democratic,Logan FORSYTHE,2,,,,
Kenton,C304,U.S. Senate,,Democratic,Joshua BLANTON SR.,0,,,,
Kenton,C304,U.S. Senate,,Democratic,Vincent Anthony THOMPSON,0,,,,
Kenton,C304,U.S. Senate,,Democratic,Pamela STEVENSON,3,,,,
Kenton,C304,U.S. Senate,,Democratic,Amy McGRATH,48,,,,
Kenton,C304,U.S. House,4,Democratic,Melissa Claire STRANGE,66,,,,
Kenton,C304,U.S. House,4,Democratic,Jesse Russell BREWER,10,,,,
Kenton,C304,County Commissioner,3,Democratic,Jordan T. BALDRIDGE,40,,,,
Kenton,C304,County Commissioner,3,Democratic,John BUSSE,29,,,,
Kenton,C305,U.S. Senate,,Republican,A. Nick SHELLEY,0,,,,
Kenton,C305,U.S. Senate,,Republican,Daniel CAMERON,0,,,,
Kenton,C305,U.S. Senate,,Republican,Andy BARR,0,,,,
Kenton,C305,U.S. Senate,,Republican,Anissa CATLETT,0,,,,
Kenton,C305,U.S. Senate,,Republican,"Valerie ""Dr Val"" FREDRICK",0,,,,
Kenton,C305,U.S. Senate,,Republican,Jonathan M. HOLLIDAY,0,,,,
Kenton,C305,U.S. Senate,,Republican,Other Donald WENZEL,0,,,,
Kenton,C305,U.S. Senate,,Republican,Michael James FARIS,1,,,,
Kenton,C305,U.S. Senate,,Republican,Nate MORRIS (Withdrawn),0,,,,
Kenton,C305,U.S. Senate,,Republican,James D. DUNCAN,0,,,,
Kenton,C305,U.S. Senate,,Republican,Jimmy I. LEON,0,,,,
Kenton,C305,U.S. Senate,,Republican,George WASHINGTON,0,,,,
Kenton,C305,U.S. House,4,Republican,Thomas MASSIE,1,,,,
Kenton,C305,U.S. House,4,Republican,Ed GALLREIN,0,,,,
Kenton,C305,State Representative,69,Republican,Steven DOAN,0,,,,
Kenton,C305,State Representative,69,Republican,Jesse FOREMAN,1,,,,
Kenton,C305,Property Valuation Administrator,,Republican,Darlene M. PLUMMER,0,,,,
Kenton,C305,Property Valuation Administrator,,Republican,Chris REINERSMAN,1,,,,
Kenton,C305,Sheriff,,Republican,Jude HEHMAN,0,,,,
Kenton,C305,Sheriff,,Republican,Larry SHELTON,1,,,,
Kenton,C305,County Commissioner,2,Republican,Sherry GOODRIDGE,0,,,,
Kenton,C305,County Commissioner,2,Republican,Jeff NICELEY,1,,,,
Kenton,C305,County Commissioner,3,Republican,Rebecca RECKERS,0,,,,
Kenton,C305,County Commissioner,3,Republican,"Richard ""Scott"" KIMMICH",1,,,,
Kenton,C305,County Commissioner,3,Republican,Matthew James HAYDEN,0,,,,
Kenton,C305,U.S. Senate,,Democratic,Dale Lewis ROMANS,0,,,,
Kenton,C305,U.S. Senate,,Democratic,Charles BOOKER,0,,,,
Kenton,C305,U.S. Senate,,Democratic,Logan FORSYTHE,0,,,,
Kenton,C305,U.S. Senate,,Democratic,Joshua BLANTON SR.,0,,,,
Kenton,C305,U.S. Senate,,Democratic,Vincent Anthony THOMPSON,0,,,,
Kenton,C305,U.S. Senate,,Democratic,Pamela STEVENSON,0,,,,
Kenton,C305,U.S. Senate,,Democratic,Amy McGRATH,0,,,,
Kenton,C305,U.S. House,4,Democratic,Melissa Claire STRANGE,0,,,,
Kenton,C305,U.S. House,4,Democratic,Jesse Russell BREWER,0,,,,
Kenton,C305,State Representative,69,Democratic,Bryan G. SNAPP,0,,,,
Kenton,C305,State Representative,69,Democratic,Wilanne STANGEL,0,,,,
Kenton,C305,County Commissioner,3,Democratic,Jordan T. BALDRIDGE,0,,,,
Kenton,C305,County Commissioner,3,Democratic,John BUSSE,0,,,,
Kenton,C306,U.S. Senate,,Republican,A. Nick SHELLEY,4,,,,
Kenton,C306,U.S. Senate,,Republican,Daniel CAMERON,145,,,,
Kenton,C306,U.S. Senate,,Republican,Andy BARR,321,,,,
Kenton,C306,U.S. Senate,,Republican,Anissa CATLETT,12,,,,
Kenton,C306,U.S. Senate,,Republican,"Valerie ""Dr Val"" FREDRICK",2,,,,
Kenton,C306,U.S. Senate,,Republican,Jonathan M. HOLLIDAY,7,,,,
Kenton,C306,U.S. Senate,,Republican,Other Donald WENZEL,1,,,,
Kenton,C306,U.S. Senate,,Republican,Michael James FARIS,12,,,,
Kenton,C306,U.S. Senate,,Republican,Nate MORRIS (Withdrawn),8,,,,
Kenton,C306,U.S. Senate,,Republican,James D. DUNCAN,1,,,,
Kenton,C306,U.S. Senate,,Republican,Jimmy I. LEON,1,,,,
Kenton,C306,U.S. Senate,,Republican,George WASHINGTON,8,,,,
Kenton,C306,U.S. House,4,Republican,Thomas MASSIE,261,,,,
Kenton,C306,U.S. House,4,Republican,Ed GALLREIN,290,,,,
Kenton,C306,Property Valuation Administrator,,Republican,Darlene M. PLUMMER,299,,,,
Kenton,C306,Property Valuation Administrator,,Republican,Chris REINERSMAN,173,,,,
Kenton,C306,Sheriff,,Republican,Jude HEHMAN,279,,,,
Kenton,C306,Sheriff,,Republican,Larry SHELTON,222,,,,
Kenton,C306,County Commissioner,2,Republican,Sherry GOODRIDGE,151,,,,
Kenton,C306,County Commissioner,2,Republican,Jeff NICELEY,279,,,,
Kenton,C306,County Commissioner,3,Republican,Rebecca RECKERS,168,,,,
Kenton,C306,County Commissioner,3,Republican,"Richard ""Scott"" KIMMICH",171,,,,
Kenton,C306,County Commissioner,3,Republican,Matthew James HAYDEN,112,,,,
Kenton,C306,U.S. Senate,,Democratic,Dale Lewis ROMANS,5,,,,
Kenton,C306,U.S. Senate,,Democratic,Charles BOOKER,41,,,,
Kenton,C306,U.S. Senate,,Democratic,Logan FORSYTHE,4,,,,
Kenton,C306,U.S. Senate,,Democratic,Joshua BLANTON SR.,2,,,,
Kenton,C306,U.S. Senate,,Democratic,Vincent Anthony THOMPSON,3,,,,
Kenton,C306,U.S. Senate,,Democratic,Pamela STEVENSON,9,,,,
Kenton,C306,U.S. Senate,,Democratic,Amy McGRATH,82,,,,
Kenton,C306,U.S. House,4,Democratic,Melissa Claire STRANGE,104,,,,
Kenton,C306,U.S. House,4,Democratic,Jesse Russell BREWER,31,,,,
Kenton,C306,County Commissioner,3,Democratic,Jordan T. BALDRIDGE,76,,,,
Kenton,C306,County Commissioner,3,Democratic,John BUSSE,49,,,,
Kenton,C307,U.S. Senate,,Republican,A. Nick SHELLEY,10,,,,
Kenton,C307,U.S. Senate,,Republican,Daniel CAMERON,189,,,,
Kenton,C307,U.S. Senate,,Republican,Andy BARR,396,,,,
Kenton,C307,U.S. Senate,,Republican,Anissa CATLETT,7,,,,
Kenton,C307,U.S. Senate,,Republican,"Valerie ""Dr Val"" FREDRICK",6,,,,
Kenton,C307,U.S. Senate,,Republican,Jonathan M. HOLLIDAY,4,,,,
Kenton,C307,U.S. Senate,,Republican,Other Donald WENZEL,1,,,,
Kenton,C307,U.S. Senate,,Republican,Michael James FARIS,17,,,,
Kenton,C307,U.S. Senate,,Republican,Nate MORRIS (Withdrawn),15,,,,
Kenton,C307,U.S. Senate,,Republican,James D. DUNCAN,5,,,,
Kenton,C307,U.S. Senate,,Republican,Jimmy I. LEON,2,,,,
Kenton,C307,U.S. Senate,,Republican,George WASHINGTON,8,,,,
Kenton,C307,U.S. House,4,Republican,Thomas MASSIE,295,,,,
Kenton,C307,U.S. House,4,Republican,Ed GALLREIN,380,,,,
Kenton,C307,Property Valuation Administrator,,Republican,Darlene M. PLUMMER,382,,,,
Kenton,C307,Property Valuation Administrator,,Republican,Chris REINERSMAN,213,,,,
Kenton,C307,Sheriff,,Republican,Jude HEHMAN,298,,,,
Kenton,C307,Sheriff,,Republican,Larry SHELTON,325,,,,
Kenton,C307,County Commissioner,2,Republican,Sherry GOODRIDGE,185,,,,
Kenton,C307,County Commissioner,2,Republican,Jeff NICELEY,385,,,,
Kenton,C307,County Commissioner,3,Republican,Rebecca RECKERS,194,,,,
Kenton,C307,County Commissioner,3,Republican,"Richard ""Scott"" KIMMICH",241,,,,
Kenton,C307,County Commissioner,3,Republican,Matthew James HAYDEN,131,,,,
Kenton,C307,U.S. Senate,,Democratic,Dale Lewis ROMANS,4,,,,
Kenton,C307,U.S. Senate,,Democratic,Charles BOOKER,72,,,,
Kenton,C307,U.S. Senate,,Democratic,Logan FORSYTHE,15,,,,
Kenton,C307,U.S. Senate,,Democratic,Joshua BLANTON SR.,1,,,,
Kenton,C307,U.S. Senate,,Democratic,Vincent Anthony THOMPSON,7,,,,
Kenton,C307,U.S. Senate,,Democratic,Pamela STEVENSON,6,,,,
Kenton,C307,U.S. Senate,,Democratic,Amy McGRATH,149,,,,
Kenton,C307,U.S. House,4,Democratic,Melissa Claire STRANGE,176,,,,
Kenton,C307,U.S. House,4,Democratic,Jesse Russell BREWER,53,,,,
Kenton,C307,County Commissioner,3,Democratic,Jordan T. BALDRIDGE,134,,,,
Kenton,C307,County Commissioner,3,Democratic,John BUSSE,87,,,,
Kenton,C308,U.S. Senate,,Republican,A. Nick SHELLEY,1,,,,
Kenton,C308,U.S. Senate,,Republican,Daniel CAMERON,92,,,,
Kenton,C308,U.S. Senate,,Republican,Andy BARR,162,,,,
Kenton,C308,U.S. Senate,,Republican,Anissa CATLETT,4,,,,
Kenton,C308,U.S. Senate,,Republican,"Valerie ""Dr Val"" FREDRICK",3,,,,
Kenton,C308,U.S. Senate,,Republican,Jonathan M. HOLLIDAY,0,,,,
Kenton,C308,U.S. Senate,,Republican,Other Donald WENZEL,0,,,,
Kenton,C308,U.S. Senate,,Republican,Michael James FARIS,5,,,,
Kenton,C308,U.S. Senate,,Republican,Nate MORRIS (Withdrawn),7,,,,
Kenton,C308,U.S. Senate,,Republican,James D. DUNCAN,0,,,,
Kenton,C308,U.S. Senate,,Republican,Jimmy I. LEON,0,,,,
Kenton,C308,U.S. Senate,,Republican,George WASHINGTON,1,,,,
Kenton,C308,U.S. House,4,Republican,Thomas MASSIE,141,,,,
Kenton,C308,U.S. House,4,Republican,Ed GALLREIN,149,,,,
Kenton,C308,State Representative,64,Republican,Scott BERGER,99,,,,
Kenton,C308,State Representative,64,Republican,Kimberly Poore MOSER,172,,,,
Kenton,C308,Property Valuation Administrator,,Republican,Darlene M. PLUMMER,162,,,,
Kenton,C308,Property Valuation Administrator,,Republican,Chris REINERSMAN,94,,,,
Kenton,C308,Sheriff,,Republican,Jude HEHMAN,130,,,,
Kenton,C308,Sheriff,,Republican,Larry SHELTON,131,,,,
Kenton,C308,County Commissioner,2,Republican,Sherry GOODRIDGE,87,,,,
Kenton,C308,County Commissioner,2,Republican,Jeff NICELEY,150,,,,
Kenton,C308,County Commissioner,3,Republican,Rebecca RECKERS,101,,,,
Kenton,C308,County Commissioner,3,Republican,"Richard ""Scott"" KIMMICH",94,,,,
Kenton,C308,County Commissioner,3,Republican,Matthew James HAYDEN,51,,,,
Kenton,C308,U.S. Senate,,Democratic,Dale Lewis ROMANS,4,,,,
Kenton,C308,U.S. Senate,,Democratic,Charles BOOKER,24,,,,
Kenton,C308,U.S. Senate,,Democratic,Logan FORSYTHE,0,,,,
Kenton,C308,U.S. Senate,,Democratic,Joshua BLANTON SR.,2,,,,
Kenton,C308,U.S. Senate,,Democratic,Vincent Anthony THOMPSON,0,,,,
Kenton,C308,U.S. Senate,,Democratic,Pamela STEVENSON,2,,,,
Kenton,C308,U.S. Senate,,Democratic,Amy McGRATH,52,,,,
Kenton,C308,U.S. House,4,Democratic,Melissa Claire STRANGE,59,,,,
Kenton,C308,U.S. House,4,Democratic,Jesse Russell BREWER,19,,,,
Kenton,C308,State Representative,64,Democratic,Nicholas C. McHARGUE,19,,,,
Kenton,C308,State Representative,64,Democratic,William Nick WHALEN,56,,,,
Kenton,C308,County Commissioner,3,Democratic,Jordan T. BALDRIDGE,48,,,,
Kenton,C308,County Commissioner,3,Democratic,John BUSSE,24,,,,
Kenton,C309,U.S. Senate,,Republican,A. Nick SHELLEY,11,,,,
Kenton,C309,U.S. Senate,,Republican,Daniel CAMERON,113,,,,
Kenton,C309,U.S. Senate,,Republican,Andy BARR,259,,,,
Kenton,C309,U.S. Senate,,Republican,Anissa CATLETT,8,,,,
Kenton,C309,U.S. Senate,,Republican,"Valerie ""Dr Val"" FREDRICK",8,,,,
Kenton,C309,U.S. Senate,,Republican,Jonathan M. HOLLIDAY,5,,,,
Kenton,C309,U.S. Senate,,Republican,Other Donald WENZEL,3,,,,
Kenton,C309,U.S. Senate,,Republican,Michael James FARIS,17,,,,
Kenton,C309,U.S. Senate,,Republican,Nate MORRIS (Withdrawn),18,,,,
Kenton,C309,U.S. Senate,,Republican,James D. DUNCAN,5,,,,
Kenton,C309,U.S. Senate,,Republican,Jimmy I. LEON,0,,,,
Kenton,C309,U.S. Senate,,Republican,George WASHINGTON,10,,,,
Kenton,C309,U.S. House,4,Republican,Thomas MASSIE,209,,,,
Kenton,C309,U.S. House,4,Republican,Ed GALLREIN,260,,,,
Kenton,C309,State Representative,69,Republican,Steven DOAN,334,,,,
Kenton,C309,State Representative,69,Republican,Jesse FOREMAN,91,,,,
Kenton,C309,Property Valuation Administrator,,Republican,Darlene M. PLUMMER,244,,,,
Kenton,C309,Property Valuation Administrator,,Republican,Chris REINERSMAN,178,,,,
Kenton,C309,Sheriff,,Republican,Jude HEHMAN,178,,,,
Kenton,C309,Sheriff,,Republican,Larry SHELTON,249,,,,
Kenton,C309,County Commissioner,2,Republican,Sherry GOODRIDGE,141,,,,
Kenton,C309,County Commissioner,2,Republican,Jeff NICELEY,291,,,,
Kenton,C309,County Commissioner,3,Republican,Rebecca RECKERS,167,,,,
Kenton,C309,County Commissioner,3,Republican,"Richard ""Scott"" KIMMICH",143,,,,
Kenton,C309,County Commissioner,3,Republican,Matthew James HAYDEN,108,,,,
Kenton,C309,U.S. Senate,,Democratic,Dale Lewis ROMANS,6,,,,
Kenton,C309,U.S. Senate,,Democratic,Charles BOOKER,190,,,,
Kenton,C309,U.S. Senate,,Democratic,Logan FORSYTHE,11,,,,
Kenton,C309,U.S. Senate,,Democratic,Joshua BLANTON SR.,4,,,,
Kenton,C309,U.S. Senate,,Democratic,Vincent Anthony THOMPSON,5,,,,
Kenton,C309,U.S. Senate,,Democratic,Pamela STEVENSON,25,,,,
Kenton,C309,U.S. Senate,,Democratic,Amy McGRATH,140,,,,
Kenton,C309,U.S. House,4,Democratic,Melissa Claire STRANGE,278,,,,
Kenton,C309,U.S. House,4,Democratic,Jesse Russell BREWER,74,,,,
Kenton,C309,State Representative,69,Democratic,Bryan G. SNAPP,170,,,,
Kenton,C309,State Representative,69,Democratic,Wilanne STANGEL,178,,,,
Kenton,C309,County Commissioner,3,Democratic,Jordan T. BALDRIDGE,216,,,,
Kenton,C309,County Commissioner,3,Democratic,John BUSSE,126,,,,
Kenton,C312,U.S. Senate,,Republican,A. Nick SHELLEY,3,,,,
Kenton,C312,U.S. Senate,,Republican,Daniel CAMERON,85,,,,
Kenton,C312,U.S. Senate,,Republican,Andy BARR,169,,,,
Kenton,C312,U.S. Senate,,Republican,Anissa CATLETT,2,,,,
Kenton,C312,U.S. Senate,,Republican,"Valerie ""Dr Val"" FREDRICK",6,,,,
Kenton,C312,U.S. Senate,,Republican,Jonathan M. HOLLIDAY,2,,,,
Kenton,C312,U.S. Senate,,Republican,Other Donald WENZEL,2,,,,
Kenton,C312,U.S. Senate,,Republican,Michael James FARIS,14,,,,
Kenton,C312,U.S. Senate,,Republican,Nate MORRIS (Withdrawn),6,,,,
Kenton,C312,U.S. Senate,,Republican,James D. DUNCAN,3,,,,
Kenton,C312,U.S. Senate,,Republican,Jimmy I. LEON,0,,,,
Kenton,C312,U.S. Senate,,Republican,George WASHINGTON,5,,,,
Kenton,C312,U.S. House,4,Republican,Thomas MASSIE,145,,,,
Kenton,C312,U.S. House,4,Republican,Ed GALLREIN,165,,,,
Kenton,C312,State Representative,69,Republican,Steven DOAN,235,,,,
Kenton,C312,State Representative,69,Republican,Jesse FOREMAN,53,,,,
Kenton,C312,Property Valuation Administrator,,Republican,Darlene M. PLUMMER,157,,,,
Kenton,C312,Property Valuation Administrator,,Republican,Chris REINERSMAN,123,,,,
Kenton,C312,Sheriff,,Republican,Jude HEHMAN,109,,,,
Kenton,C312,Sheriff,,Republican,Larry SHELTON,175,,,,
Kenton,C312,County Commissioner,2,Republican,Sherry GOODRIDGE,85,,,,
Kenton,C312,County Commissioner,2,Republican,Jeff NICELEY,198,,,,
Kenton,C312,County Commissioner,3,Republican,Rebecca RECKERS,123,,,,
Kenton,C312,County Commissioner,3,Republican,"Richard ""Scott"" KIMMICH",97,,,,
Kenton,C312,County Commissioner,3,Republican,Matthew James HAYDEN,60,,,,
Kenton,C312,U.S. Senate,,Democratic,Dale Lewis ROMANS,3,,,,
Kenton,C312,U.S. Senate,,Democratic,Charles BOOKER,86,,,,
Kenton,C312,U.S. Senate,,Democratic,Logan FORSYTHE,3,,,,
Kenton,C312,U.S. Senate,,Democratic,Joshua BLANTON SR.,5,,,,
Kenton,C312,U.S. Senate,,Democratic,Vincent Anthony THOMPSON,0,,,,
Kenton,C312,U.S. Senate,,Democratic,Pamela STEVENSON,14,,,,
Kenton,C312,U.S. Senate,,Democratic,Amy McGRATH,83,,,,
Kenton,C312,U.S. House,4,Democratic,Melissa Claire STRANGE,146,,,,
Kenton,C312,U.S. House,4,Democratic,Jesse Russell BREWER,35,,,,
Kenton,C312,State Representative,69,Democratic,Bryan G. SNAPP,59,,,,
Kenton,C312,State Representative,69,Democratic,Wilanne STANGEL,120,,,,
Kenton,C312,County Commissioner,3,Democratic,Jordan T. BALDRIDGE,104,,,,
Kenton,C312,County Commissioner,3,Democratic,John BUSSE,68,,,,
Kenton,C322,U.S. Senate,,Republican,A. Nick SHELLEY,0,,,,
Kenton,C322,U.S. Senate,,Republican,Daniel CAMERON,3,,,,
Kenton,C322,U.S. Senate,,Republican,Andy BARR,4,,,,
Kenton,C322,U.S. Senate,,Republican,Anissa CATLETT,0,,,,
Kenton,C322,U.S. Senate,,Republican,"Valerie ""Dr Val"" FREDRICK",0,,,,
Kenton,C322,U.S. Senate,,Republican,Jonathan M. HOLLIDAY,0,,,,
Kenton,C322,U.S. Senate,,Republican,Other Donald WENZEL,0,,,,
Kenton,C322,U.S. Senate,,Republican,Michael James FARIS,0,,,,
Kenton,C322,U.S. Senate,,Republican,Nate MORRIS (Withdrawn),1,,,,
Kenton,C322,U.S. Senate,,Republican,James D. DUNCAN,0,,,,
Kenton,C322,U.S. Senate,,Republican,Jimmy I. LEON,0,,,,
Kenton,C322,U.S. Senate,,Republican,George WASHINGTON,1,,,,
Kenton,C322,U.S. House,4,Republican,Thomas MASSIE,4,,,,
Kenton,C322,U.S. House,4,Republican,Ed GALLREIN,5,,,,
Kenton,C322,Property Valuation Administrator,,Republican,Darlene M. PLUMMER,1,,,,
Kenton,C322,Property Valuation Administrator,,Republican,Chris REINERSMAN,7,,,,
Kenton,C322,Sheriff,,Republican,Jude HEHMAN,2,,,,
Kenton,C322,Sheriff,,Republican,Larry SHELTON,6,,,,
Kenton,C322,County Commissioner,2,Republican,Sherry GOODRIDGE,1,,,,
Kenton,C322,County Commissioner,2,Republican,Jeff NICELEY,6,,,,
Kenton,C322,County Commissioner,3,Republican,Rebecca RECKERS,1,,,,
Kenton,C322,County Commissioner,3,Republican,"Richard ""Scott"" KIMMICH",4,,,,
Kenton,C322,County Commissioner,3,Republican,Matthew James HAYDEN,3,,,,
Kenton,C322,U.S. Senate,,Democratic,Dale Lewis ROMANS,0,,,,
Kenton,C322,U.S. Senate,,Democratic,Charles BOOKER,1,,,,
Kenton,C322,U.S. Senate,,Democratic,Logan FORSYTHE,0,,,,
Kenton,C322,U.S. Senate,,Democratic,Joshua BLANTON SR.,0,,,,
Kenton,C322,U.S. Senate,,Democratic,Vincent Anthony THOMPSON,0,,,,
Kenton,C322,U.S. Senate,,Democratic,Pamela STEVENSON,0,,,,
Kenton,C322,U.S. Senate,,Democratic,Amy McGRATH,0,,,,
Kenton,C322,U.S. House,4,Democratic,Melissa Claire STRANGE,1,,,,
Kenton,C322,U.S. House,4,Democratic,Jesse Russell BREWER,1,,,,
Kenton,C322,County Commissioner,3,Democratic,Jordan T. BALDRIDGE,2,,,,
Kenton,C322,County Commissioner,3,Democratic,John BUSSE,0,,,,
Kenton,C313,U.S. Senate,,Republican,A. Nick SHELLEY,3,,,,
Kenton,C313,U.S. Senate,,Republican,Daniel CAMERON,67,,,,
Kenton,C313,U.S. Senate,,Republican,Andy BARR,91,,,,
Kenton,C313,U.S. Senate,,Republican,Anissa CATLETT,3,,,,
Kenton,C313,U.S. Senate,,Republican,"Valerie ""Dr Val"" FREDRICK",1,,,,
Kenton,C313,U.S. Senate,,Republican,Jonathan M. HOLLIDAY,1,,,,
Kenton,C313,U.S. Senate,,Republican,Other Donald WENZEL,1,,,,
Kenton,C313,U.S. Senate,,Republican,Michael James FARIS,12,,,,
Kenton,C313,U.S. Senate,,Republican,Nate MORRIS (Withdrawn),2,,,,
Kenton,C313,U.S. Senate,,Republican,James D. DUNCAN,2,,,,
Kenton,C313,U.S. Senate,,Republican,Jimmy I. LEON,0,,,,
Kenton,C313,U.S. Senate,,Republican,George WASHINGTON,3,,,,
Kenton,C313,U.S. House,4,Republican,Thomas MASSIE,108,,,,
Kenton,C313,U.S. House,4,Republican,Ed GALLREIN,90,,,,
Kenton,C313,State Representative,69,Republican,Steven DOAN,140,,,,
Kenton,C313,State Representative,69,Republican,Jesse FOREMAN,36,,,,
Kenton,C313,Property Valuation Administrator,,Republican,Darlene M. PLUMMER,103,,,,
Kenton,C313,Property Valuation Administrator,,Republican,Chris REINERSMAN,71,,,,
Kenton,C313,Sheriff,,Republican,Jude HEHMAN,78,,,,
Kenton,C313,Sheriff,,Republican,Larry SHELTON,104,,,,
Kenton,C313,County Commissioner,2,Republican,Sherry GOODRIDGE,51,,,,
Kenton,C313,County Commissioner,2,Republican,Jeff NICELEY,121,,,,
Kenton,C313,County Commissioner,3,Republican,Rebecca RECKERS,91,,,,
Kenton,C313,County Commissioner,3,Republican,"Richard ""Scott"" KIMMICH",41,,,,
Kenton,C313,County Commissioner,3,Republican,Matthew James HAYDEN,35,,,,
Kenton,C313,U.S. Senate,,Democratic,Dale Lewis ROMANS,0,,,,
Kenton,C313,U.S. Senate,,Democratic,Charles BOOKER,34,,,,
Kenton,C313,U.S. Senate,,Democratic,Logan FORSYTHE,5,,,,
Kenton,C313,U.S. Senate,,Democratic,Joshua BLANTON SR.,1,,,,
Kenton,C313,U.S. Senate,,Democratic,Vincent Anthony THOMPSON,1,,,,
Kenton,C313,U.S. Senate,,Democratic,Pamela STEVENSON,4,,,,
Kenton,C313,U.S. Senate,,Democratic,Amy McGRATH,55,,,,
Kenton,C313,U.S. House,4,Democratic,Melissa Claire STRANGE,81,,,,
Kenton,C313,U.S. House,4,Democratic,Jesse Russell BREWER,15,,,,
Kenton,C313,State Representative,69,Democratic,Bryan G. SNAPP,46,,,,
Kenton,C313,State Representative,69,Democratic,Wilanne STANGEL,48,,,,
Kenton,C313,County Commissioner,3,Democratic,Jordan T. BALDRIDGE,54,,,,
Kenton,C313,County Commissioner,3,Democratic,John BUSSE,36,,,,
Kenton,C314,U.S. Senate,,Republican,A. Nick SHELLEY,5,,,,
Kenton,C314,U.S. Senate,,Republican,Daniel CAMERON,64,,,,
Kenton,C314,U.S. Senate,,Republican,Andy BARR,122,,,,
Kenton,C314,U.S. Senate,,Republican,Anissa CATLETT,3,,,,
Kenton,C314,U.S. Senate,,Republican,"Valerie ""Dr Val"" FREDRICK",6,,,,
Kenton,C314,U.S. Senate,,Republican,Jonathan M. HOLLIDAY,1,,,,
Kenton,C314,U.S. Senate,,Republican,Other Donald WENZEL,0,,,,
Kenton,C314,U.S. Senate,,Republican,Michael James FARIS,4,,,,
Kenton,C314,U.S. Senate,,Republican,Nate MORRIS (Withdrawn),11,,,,
Kenton,C314,U.S. Senate,,Republican,James D. DUNCAN,0,,,,
Kenton,C314,U.S. Senate,,Republican,Jimmy I. LEON,0,,,,
Kenton,C314,U.S. Senate,,Republican,George WASHINGTON,3,,,,
Kenton,C314,U.S. House,4,Republican,Thomas MASSIE,101,,,,
Kenton,C314,U.S. House,4,Republican,Ed GALLREIN,126,,,,
Kenton,C314,State Representative,63,Republican,Seth Winslow YOUNG,34,,,,
Kenton,C314,State Representative,63,Republican,Cole CUZICK,85,,,,
Kenton,C314,State Representative,63,Republican,Kim BANTA,78,,,,
Kenton,C314,Property Valuation Administrator,,Republican,Darlene M. PLUMMER,127,,,,
Kenton,C314,Property Valuation Administrator,,Republican,Chris REINERSMAN,73,,,,
Kenton,C314,Sheriff,,Republican,Jude HEHMAN,79,,,,
Kenton,C314,Sheriff,,Republican,Larry SHELTON,127,,,,
Kenton,C314,County Commissioner,2,Republican,Sherry GOODRIDGE,54,,,,
Kenton,C314,County Commissioner,2,Republican,Jeff NICELEY,148,,,,
Kenton,C314,County Commissioner,3,Republican,Rebecca RECKERS,78,,,,
Kenton,C314,County Commissioner,3,Republican,"Richard ""Scott"" KIMMICH",69,,,,
Kenton,C314,County Commissioner,3,Republican,Matthew James HAYDEN,53,,,,
Kenton,C314,U.S. Senate,,Democratic,Dale Lewis ROMANS,4,,,,
Kenton,C314,U.S. Senate,,Democratic,Charles BOOKER,73,,,,
Kenton,C314,U.S. Senate,,Democratic,Logan FORSYTHE,3,,,,
Kenton,C314,U.S. Senate,,Democratic,Joshua BLANTON SR.,0,,,,
Kenton,C314,U.S. Senate,,Democratic,Vincent Anthony THOMPSON,3,,,,
Kenton,C314,U.S. Senate,,Democratic,Pamela STEVENSON,5,,,,
Kenton,C314,U.S. Senate,,Democratic,Amy McGRATH,89,,,,
Kenton,C314,U.S. House,4,Democratic,Melissa Claire STRANGE,120,,,,
Kenton,C314,U.S. House,4,Democratic,Jesse Russell BREWER,44,,,,
Kenton,C314,County Commissioner,3,Democratic,Jordan T. BALDRIDGE,101,,,,
Kenton,C314,County Commissioner,3,Democratic,John BUSSE,55,,,,
Kenton,C315,U.S. Senate,,Republican,A. Nick SHELLEY,2,,,,
Kenton,C315,U.S. Senate,,Republican,Daniel CAMERON,109,,,,
Kenton,C315,U.S. Senate,,Republican,Andy BARR,199,,,,
Kenton,C315,U.S. Senate,,Republican,Anissa CATLETT,9,,,,
Kenton,C315,U.S. Senate,,Republican,"Valerie ""Dr Val"" FREDRICK",6,,,,
Kenton,C315,U.S. Senate,,Republican,Jonathan M. HOLLIDAY,4,,,,
Kenton,C315,U.S. Senate,,Republican,Other Donald WENZEL,1,,,,
Kenton,C315,U.S. Senate,,Republican,Michael James FARIS,23,,,,
Kenton,C315,U.S. Senate,,Republican,Nate MORRIS (Withdrawn),12,,,,
Kenton,C315,U.S. Senate,,Republican,James D. DUNCAN,7,,,,
Kenton,C315,U.S. Senate,,Republican,Jimmy I. LEON,1,,,,
Kenton,C315,U.S. Senate,,Republican,George WASHINGTON,9,,,,
Kenton,C315,U.S. House,4,Republican,Thomas MASSIE,195,,,,
Kenton,C315,U.S. House,4,Republican,Ed GALLREIN,203,,,,
Kenton,C315,State Representative,69,Republican,Steven DOAN,295,,,,
Kenton,C315,State Representative,69,Republican,Jesse FOREMAN,62,,,,
Kenton,C315,Property Valuation Administrator,,Republican,Darlene M. PLUMMER,195,,,,
Kenton,C315,Property Valuation Administrator,,Republican,Chris REINERSMAN,156,,,,
Kenton,C315,Sheriff,,Republican,Jude HEHMAN,138,,,,
Kenton,C315,Sheriff,,Republican,Larry SHELTON,207,,,,
Kenton,C315,County Commissioner,2,Republican,Sherry GOODRIDGE,119,,,,
Kenton,C315,County Commissioner,2,Republican,Jeff NICELEY,252,,,,
Kenton,C315,County Commissioner,3,Republican,Rebecca RECKERS,144,,,,
Kenton,C315,County Commissioner,3,Republican,"Richard ""Scott"" KIMMICH",130,,,,
Kenton,C315,County Commissioner,3,Republican,Matthew James HAYDEN,86,,,,
Kenton,C315,U.S. Senate,,Democratic,Dale Lewis ROMANS,3,,,,
Kenton,C315,U.S. Senate,,Democratic,Charles BOOKER,107,,,,
Kenton,C315,U.S. Senate,,Democratic,Logan FORSYTHE,3,,,,
Kenton,C315,U.S. Senate,,Democratic,Joshua BLANTON SR.,2,,,,
Kenton,C315,U.S. Senate,,Democratic,Vincent Anthony THOMPSON,3,,,,
Kenton,C315,U.S. Senate,,Democratic,Pamela STEVENSON,12,,,,
Kenton,C315,U.S. Senate,,Democratic,Amy McGRATH,102,,,,
Kenton,C315,U.S. House,4,Democratic,Melissa Claire STRANGE,181,,,,
Kenton,C315,U.S. House,4,Democratic,Jesse Russell BREWER,32,,,,
Kenton,C315,State Representative,69,Democratic,Bryan G. SNAPP,82,,,,
Kenton,C315,State Representative,69,Democratic,Wilanne STANGEL,132,,,,
Kenton,C315,County Commissioner,3,Democratic,Jordan T. BALDRIDGE,132,,,,
Kenton,C315,County Commissioner,3,Democratic,John BUSSE,67,,,,
Kenton,C316,U.S. Senate,,Republican,A. Nick SHELLEY,5,,,,
Kenton,C316,U.S. Senate,,Republican,Daniel CAMERON,142,,,,
Kenton,C316,U.S. Senate,,Republican,Andy BARR,280,,,,
Kenton,C316,U.S. Senate,,Republican,Anissa CATLETT,9,,,,
Kenton,C316,U.S. Senate,,Republican,"Valerie ""Dr Val"" FREDRICK",6,,,,
Kenton,C316,U.S. Senate,,Republican,Jonathan M. HOLLIDAY,1,,,,
Kenton,C316,U.S. Senate,,Republican,Other Donald WENZEL,1,,,,
Kenton,C316,U.S. Senate,,Republican,Michael James FARIS,13,,,,
Kenton,C316,U.S. Senate,,Republican,Nate MORRIS (Withdrawn),9,,,,
Kenton,C316,U.S. Senate,,Republican,James D. DUNCAN,5,,,,
Kenton,C316,U.S. Senate,,Republican,Jimmy I. LEON,1,,,,
Kenton,C316,U.S. Senate,,Republican,George WASHINGTON,9,,,,
Kenton,C316,U.S. House,4,Republican,Thomas MASSIE,211,,,,
Kenton,C316,U.S. House,4,Republican,Ed GALLREIN,281,,,,
Kenton,C316,State Representative,69,Republican,Steven DOAN,348,,,,
Kenton,C316,State Representative,69,Republican,Jesse FOREMAN,95,,,,
Kenton,C316,Property Valuation Administrator,,Republican,Darlene M. PLUMMER,272,,,,
Kenton,C316,Property Valuation Administrator,,Republican,Chris REINERSMAN,171,,,,
Kenton,C316,Sheriff,,Republican,Jude HEHMAN,170,,,,
Kenton,C316,Sheriff,,Republican,Larry SHELTON,285,,,,
Kenton,C316,County Commissioner,2,Republican,Sherry GOODRIDGE,143,,,,
Kenton,C316,County Commissioner,2,Republican,Jeff NICELEY,287,,,,
Kenton,C316,County Commissioner,3,Republican,Rebecca RECKERS,214,,,,
Kenton,C316,County Commissioner,3,Republican,"Richard ""Scott"" KIMMICH",129,,,,
Kenton,C316,County Commissioner,3,Republican,Matthew James HAYDEN,92,,,,
Kenton,C316,U.S. Senate,,Democratic,Dale Lewis ROMANS,2,,,,
Kenton,C316,U.S. Senate,,Democratic,Charles BOOKER,92,,,,
Kenton,C316,U.S. Senate,,Democratic,Logan FORSYTHE,8,,,,
Kenton,C316,U.S. Senate,,Democratic,Joshua BLANTON SR.,1,,,,
Kenton,C316,U.S. Senate,,Democratic,Vincent Anthony THOMPSON,4,,,,
Kenton,C316,U.S. Senate,,Democratic,Pamela STEVENSON,11,,,,
Kenton,C316,U.S. Senate,,Democratic,Amy McGRATH,101,,,,
Kenton,C316,U.S. House,4,Democratic,Melissa Claire STRANGE,160,,,,
Kenton,C316,U.S. House,4,Democratic,Jesse Russell BREWER,43,,,,
Kenton,C316,State Representative,69,Democratic,Bryan G. SNAPP,100,,,,
Kenton,C316,State Representative,69,Democratic,Wilanne STANGEL,97,,,,
Kenton,C316,County Commissioner,3,Democratic,Jordan T. BALDRIDGE,110,,,,
Kenton,C316,County Commissioner,3,Democratic,John BUSSE,81,,,,
Kenton,C317,U.S. Senate,,Republican,A. Nick SHELLEY,14,,,,
Kenton,C317,U.S. Senate,,Republican,Daniel CAMERON,145,,,,
Kenton,C317,U.S. Senate,,Republican,Andy BARR,257,,,,
Kenton,C317,U.S. Senate,,Republican,Anissa CATLETT,6,,,,
Kenton,C317,U.S. Senate,,Republican,"Valerie ""Dr Val"" FREDRICK",9,,,,
Kenton,C317,U.S. Senate,,Republican,Jonathan M. HOLLIDAY,1,,,,
Kenton,C317,U.S. Senate,,Republican,Other Donald WENZEL,1,,,,
Kenton,C317,U.S. Senate,,Republican,Michael James FARIS,15,,,,
Kenton,C317,U.S. Senate,,Republican,Nate MORRIS (Withdrawn),6,,,,
Kenton,C317,U.S. Senate,,Republican,James D. DUNCAN,10,,,,
Kenton,C317,U.S. Senate,,Republican,Jimmy I. LEON,1,,,,
Kenton,C317,U.S. Senate,,Republican,George WASHINGTON,6,,,,
Kenton,C317,U.S. House,4,Republican,Thomas MASSIE,234,,,,
Kenton,C317,U.S. House,4,Republican,Ed GALLREIN,255,,,,
Kenton,C317,State Representative,64,Republican,Scott BERGER,231,,,,
Kenton,C317,State Representative,64,Republican,Kimberly Poore MOSER,241,,,,
Kenton,C317,Property Valuation Administrator,,Republican,Darlene M. PLUMMER,257,,,,
Kenton,C317,Property Valuation Administrator,,Republican,Chris REINERSMAN,190,,,,
Kenton,C317,Sheriff,,Republican,Jude HEHMAN,208,,,,
Kenton,C317,Sheriff,,Republican,Larry SHELTON,238,,,,
Kenton,C317,County Commissioner,2,Republican,Sherry GOODRIDGE,137,,,,
Kenton,C317,County Commissioner,2,Republican,Jeff NICELEY,312,,,,
Kenton,C317,County Commissioner,3,Republican,Rebecca RECKERS,239,,,,
Kenton,C317,County Commissioner,3,Republican,"Richard ""Scott"" KIMMICH",123,,,,
Kenton,C317,County Commissioner,3,Republican,Matthew James HAYDEN,84,,,,
Kenton,C317,U.S. Senate,,Democratic,Dale Lewis ROMANS,2,,,,
Kenton,C317,U.S. Senate,,Democratic,Charles BOOKER,65,,,,
Kenton,C317,U.S. Senate,,Democratic,Logan FORSYTHE,8,,,,
Kenton,C317,U.S. Senate,,Democratic,Joshua BLANTON SR.,1,,,,
Kenton,C317,U.S. Senate,,Democratic,Vincent Anthony THOMPSON,1,,,,
Kenton,C317,U.S. Senate,,Democratic,Pamela STEVENSON,7,,,,
Kenton,C317,U.S. Senate,,Democratic,Amy McGRATH,94,,,,
Kenton,C317,U.S. House,4,Democratic,Melissa Claire STRANGE,137,,,,
Kenton,C317,U.S. House,4,Democratic,Jesse Russell BREWER,28,,,,
Kenton,C317,State Representative,64,Democratic,Nicholas C. McHARGUE,49,,,,
Kenton,C317,State Representative,64,Democratic,William Nick WHALEN,96,,,,
Kenton,C317,County Commissioner,3,Democratic,Jordan T. BALDRIDGE,83,,,,
Kenton,C317,County Commissioner,3,Democratic,John BUSSE,67,,,,
Kenton,C318,U.S. Senate,,Republican,A. Nick SHELLEY,6,,,,
Kenton,C318,U.S. Senate,,Republican,Daniel CAMERON,128,,,,
Kenton,C318,U.S. Senate,,Republican,Andy BARR,263,,,,
Kenton,C318,U.S. Senate,,Republican,Anissa CATLETT,6,,,,
Kenton,C318,U.S. Senate,,Republican,"Valerie ""Dr Val"" FREDRICK",4,,,,
Kenton,C318,U.S. Senate,,Republican,Jonathan M. HOLLIDAY,1,,,,
Kenton,C318,U.S. Senate,,Republican,Other Donald WENZEL,0,,,,
Kenton,C318,U.S. Senate,,Republican,Michael James FARIS,17,,,,
Kenton,C318,U.S. Senate,,Republican,Nate MORRIS (Withdrawn),10,,,,
Kenton,C318,U.S. Senate,,Republican,James D. DUNCAN,7,,,,
Kenton,C318,U.S. Senate,,Republican,Jimmy I. LEON,1,,,,
Kenton,C318,U.S. Senate,,Republican,George WASHINGTON,6,,,,
Kenton,C318,U.S. House,4,Republican,Thomas MASSIE,238,,,,
Kenton,C318,U.S. House,4,Republican,Ed GALLREIN,230,,,,
Kenton,C318,State Representative,63,Republican,Seth Winslow YOUNG,26,,,,
Kenton,C318,State Representative,63,Republican,Cole CUZICK,207,,,,
Kenton,C318,State Representative,63,Republican,Kim BANTA,195,,,,
Kenton,C318,Property Valuation Administrator,,Republican,Darlene M. PLUMMER,267,,,,
Kenton,C318,Property Valuation Administrator,,Republican,Chris REINERSMAN,155,,,,
Kenton,C318,Sheriff,,Republican,Jude HEHMAN,233,,,,
Kenton,C318,Sheriff,,Republican,Larry SHELTON,189,,,,
Kenton,C318,County Commissioner,2,Republican,Sherry GOODRIDGE,133,,,,
Kenton,C318,County Commissioner,2,Republican,Jeff NICELEY,246,,,,
Kenton,C318,County Commissioner,3,Republican,Rebecca RECKERS,119,,,,
Kenton,C318,County Commissioner,3,Republican,"Richard ""Scott"" KIMMICH",147,,,,
Kenton,C318,County Commissioner,3,Republican,Matthew James HAYDEN,111,,,,
Kenton,C318,U.S. Senate,,Democratic,Dale Lewis ROMANS,7,,,,
Kenton,C318,U.S. Senate,,Democratic,Charles BOOKER,81,,,,
Kenton,C318,U.S. Senate,,Democratic,Logan FORSYTHE,4,,,,
Kenton,C318,U.S. Senate,,Democratic,Joshua BLANTON SR.,1,,,,
Kenton,C318,U.S. Senate,,Democratic,Vincent Anthony THOMPSON,3,,,,
Kenton,C318,U.S. Senate,,Democratic,Pamela STEVENSON,11,,,,
Kenton,C318,U.S. Senate,,Democratic,Amy McGRATH,70,,,,
Kenton,C318,U.S. House,4,Democratic,Melissa Claire STRANGE,129,,,,
Kenton,C318,U.S. House,4,Democratic,Jesse Russell BREWER,34,,,,
Kenton,C318,County Commissioner,3,Democratic,Jordan T. BALDRIDGE,103,,,,
Kenton,C318,County Commissioner,3,Democratic,John BUSSE,59,,,,
Kenton,C319,U.S. Senate,,Republican,A. Nick SHELLEY,13,,,,
Kenton,C319,U.S. Senate,,Republican,Daniel CAMERON,455,,,,
Kenton,C319,U.S. Senate,,Republican,Andy BARR,798,,,,
Kenton,C319,U.S. Senate,,Republican,Anissa CATLETT,30,,,,
Kenton,C319,U.S. Senate,,Republican,"Valerie ""Dr Val"" FREDRICK",15,,,,
Kenton,C319,U.S. Senate,,Republican,Jonathan M. HOLLIDAY,10,,,,
Kenton,C319,U.S. Senate,,Republican,Other Donald WENZEL,5,,,,
Kenton,C319,U.S. Senate,,Republican,Michael James FARIS,31,,,,
Kenton,C319,U.S. Senate,,Republican,Nate MORRIS (Withdrawn),37,,,,
Kenton,C319,U.S. Senate,,Republican,James D. DUNCAN,16,,,,
Kenton,C319,U.S. Senate,,Republican,Jimmy I. LEON,2,,,,
Kenton,C319,U.S. Senate,,Republican,George WASHINGTON,23,,,,
Kenton,C319,U.S. House,4,Republican,Thomas MASSIE,747,,,,
Kenton,C319,U.S. House,4,Republican,Ed GALLREIN,758,,,,
Kenton,C319,State Representative,63,Republican,Seth Winslow YOUNG,106,,,,
Kenton,C319,State Representative,63,Republican,Cole CUZICK,671,,,,
Kenton,C319,State Representative,63,Republican,Kim BANTA,630,,,,
Kenton,C319,Property Valuation Administrator,,Republican,Darlene M. PLUMMER,876,,,,
Kenton,C319,Property Valuation Administrator,,Republican,Chris REINERSMAN,443,,,,
Kenton,C319,Sheriff,,Republican,Jude HEHMAN,712,,,,
Kenton,C319,Sheriff,,Republican,Larry SHELTON,651,,,,
Kenton,C319,County Commissioner,2,Republican,Sherry GOODRIDGE,376,,,,
Kenton,C319,County Commissioner,2,Republican,Jeff NICELEY,830,,,,
Kenton,C319,County Commissioner,3,Republican,Rebecca RECKERS,336,,,,
Kenton,C319,County Commissioner,3,Republican,"Richard ""Scott"" KIMMICH",457,,,,
Kenton,C319,County Commissioner,3,Republican,Matthew James HAYDEN,427,,,,
Kenton,C319,U.S. Senate,,Democratic,Dale Lewis ROMANS,7,,,,
Kenton,C319,U.S. Senate,,Democratic,Charles BOOKER,201,,,,
Kenton,C319,U.S. Senate,,Democratic,Logan FORSYTHE,15,,,,
Kenton,C319,U.S. Senate,,Democratic,Joshua BLANTON SR.,2,,,,
Kenton,C319,U.S. Senate,,Democratic,Vincent Anthony THOMPSON,6,,,,
Kenton,C319,U.S. Senate,,Democratic,Pamela STEVENSON,22,,,,
Kenton,C319,U.S. Senate,,Democratic,Amy McGRATH,330,,,,
Kenton,C319,U.S. House,4,Democratic,Melissa Claire STRANGE,441,,,,
Kenton,C319,U.S. House,4,Democratic,Jesse Russell BREWER,109,,,,
Kenton,C319,County Commissioner,3,Democratic,Jordan T. BALDRIDGE,300,,,,
Kenton,C319,County Commissioner,3,Democratic,John BUSSE,195,,,,
