county,precinct,office,district,party,candidate,votes,early_voting,election_day,absentee_mail,absentee
Christian,A101,U.S. Senate,,Republican,Other Donald WENZEL,0,0,0,0,0
Christian,A101,U.S. Senate,,Republican,James D. DUNCAN,1,0,1,0,0
Christian,A101,U.S. Senate,,Republican,George WASHINGTON,1,0,1,0,0
Christian,A101,U.S. Senate,,Republican,"Valerie ""Dr Val"" FREDRICK",0,0,0,0,0
Christian,A101,U.S. Senate,,Republican,Andy BARR,7,3,4,0,0
Christian,A101,U.S. Senate,,Republican,Nate MORRIS,1,1,0,0,0
Christian,A101,U.S. Senate,,Republican,Jimmy I. LEON,0,0,0,0,0
Christian,A101,U.S. Senate,,Republican,A. Nick SHELLEY,0,0,0,0,0
Christian,A101,U.S. Senate,,Republican,Daniel CAMERON,2,0,2,0,0
Christian,A101,U.S. Senate,,Republican,Anissa CATLETT,1,0,1,0,0
Christian,A101,U.S. Senate,,Republican,Michael James FARIS,0,0,0,0,0
Christian,A101,U.S. Senate,,Republican,Jonathan M. HOLLIDAY,0,0,0,0,0
Christian,A101,U.S. Senate,,,Under Votes,0,0,0,0,0
Christian,A101,U.S. Senate,,,Over Votes,0,0,0,0,0
Christian,A101,Ballots Cast,,,,43,,,,
Christian,A101,U.S. House,1,Republican,David SIMS,3,0,3,0,0
Christian,A101,U.S. House,1,Republican,Robert James SUTHERBY,1,1,0,0,0
Christian,A101,U.S. House,1,Republican,Penny ARCOS,2,0,2,0,0
Christian,A101,U.S. House,1,Republican,James R. COMER,7,3,4,0,0
Christian,A101,U.S. House,1,,Under Votes,0,0,0,0,0
Christian,A101,U.S. House,1,,Over Votes,0,0,0,0,0
Christian,A101,Property Valuation Administrator,,,Tabitha Pryor STRADER,4,0,4,0,0
Christian,A101,Property Valuation Administrator,,,Amber EZELL,8,4,4,0,0
Christian,A101,Property Valuation Administrator,,,Under Votes,1,0,1,0,0
Christian,A101,Property Valuation Administrator,,,Over Votes,0,0,0,0,0
Christian,A101,Sheriff,,,Tyler DeARMOND,8,3,5,0,0
Christian,A101,Sheriff,,,Erik PACHECO,5,1,4,0,0
Christian,A101,Sheriff,,,Under Votes,0,0,0,0,0
Christian,A101,Sheriff,,,Over Votes,0,0,0,0,0
Christian,A101,U.S. Senate,,Democratic,Joshua BLANTON SR.,2,0,2,0,0
Christian,A101,U.S. Senate,,Democratic,Vincent Anthony THOMPSON,0,0,0,0,0
Christian,A101,U.S. Senate,,Democratic,Charles BOOKER,20,0,18,0,2
Christian,A101,U.S. Senate,,Democratic,Pamela STEVENSON,2,2,0,0,0
Christian,A101,U.S. Senate,,Democratic,Dale Lewis ROMANS,0,0,0,0,0
Christian,A101,U.S. Senate,,Democratic,Logan FORSYTHE,0,0,0,0,0
Christian,A101,U.S. Senate,,Democratic,Amy McGRATH,6,1,5,0,0
Christian,A101,Mayor City OF Hopkinsville,,,Russ GUFFEY,9,4,5,0,0
Christian,A101,Mayor City OF Hopkinsville,,,James R. KNIGHT JR.,2,0,2,0,0
Christian,A101,Mayor City OF Hopkinsville,,,Sophia Natasha FRANCIS,2,0,2,0,0
Christian,A101,Mayor City OF Hopkinsville,,,Under Votes,0,0,0,0,0
Christian,A101,Mayor City OF Hopkinsville,,,Over Votes,0,0,0,0,0
Christian,A102,U.S. Senate,,Republican,Other Donald WENZEL,0,0,0,0,0
Christian,A102,U.S. Senate,,Republican,James D. DUNCAN,1,0,1,0,0
Christian,A102,U.S. Senate,,Republican,George WASHINGTON,0,0,0,0,0
Christian,A102,U.S. Senate,,Republican,"Valerie ""Dr Val"" FREDRICK",1,0,1,0,0
Christian,A102,U.S. Senate,,Republican,Andy BARR,6,2,4,0,0
Christian,A102,U.S. Senate,,Republican,Nate MORRIS,1,0,1,0,0
Christian,A102,U.S. Senate,,Republican,Jimmy I. LEON,0,0,0,0,0
Christian,A102,U.S. Senate,,Republican,A. Nick SHELLEY,0,0,0,0,0
Christian,A102,U.S. Senate,,Republican,Daniel CAMERON,1,0,1,0,0
Christian,A102,U.S. Senate,,Republican,Anissa CATLETT,1,0,1,0,0
Christian,A102,U.S. Senate,,Republican,Michael James FARIS,0,0,0,0,0
Christian,A102,U.S. Senate,,Republican,Jonathan M. HOLLIDAY,0,0,0,0,0
Christian,A102,U.S. Senate,,,Under Votes,2,1,1,0,0
Christian,A102,U.S. Senate,,,Over Votes,0,0,0,0,0
Christian,A102,Ballots Cast,,,,111,,,,
Christian,A102,U.S. House,1,Republican,David SIMS,0,0,0,0,0
Christian,A102,U.S. House,1,Republican,Robert James SUTHERBY,1,0,1,0,0
Christian,A102,U.S. House,1,Republican,Penny ARCOS,1,0,1,0,0
Christian,A102,U.S. House,1,Republican,James R. COMER,9,2,7,0,0
Christian,A102,U.S. House,1,,Under Votes,1,1,0,0,0
Christian,A102,U.S. House,1,,Over Votes,0,0,0,0,0
Christian,A102,Property Valuation Administrator,,,Tabitha Pryor STRADER,6,1,5,0,0
Christian,A102,Property Valuation Administrator,,,Amber EZELL,5,1,4,0,0
Christian,A102,Property Valuation Administrator,,,Under Votes,1,1,0,0,0
Christian,A102,Property Valuation Administrator,,,Over Votes,0,0,0,0,0
Christian,A102,Sheriff,,,Tyler DeARMOND,12,3,9,0,0
Christian,A102,Sheriff,,,Erik PACHECO,0,0,0,0,0
Christian,A102,Sheriff,,,Under Votes,0,0,0,0,0
Christian,A102,Sheriff,,,Over Votes,0,0,0,0,0
Christian,A102,U.S. Senate,,Democratic,Joshua BLANTON SR.,6,0,5,1,0
Christian,A102,U.S. Senate,,Democratic,Vincent Anthony THOMPSON,3,0,3,0,0
Christian,A102,U.S. Senate,,Democratic,Charles BOOKER,67,19,47,1,0
Christian,A102,U.S. Senate,,Democratic,Pamela STEVENSON,11,1,9,1,0
Christian,A102,U.S. Senate,,Democratic,Dale Lewis ROMANS,0,0,0,0,0
Christian,A102,U.S. Senate,,Democratic,Logan FORSYTHE,0,0,0,0,0
Christian,A102,U.S. Senate,,Democratic,Amy McGRATH,11,0,11,0,0
Christian,A102,Mayor City OF Hopkinsville,,,Russ GUFFEY,2,0,2,0,0
Christian,A102,Mayor City OF Hopkinsville,,,James R. KNIGHT JR.,2,0,2,0,0
Christian,A102,Mayor City OF Hopkinsville,,,Sophia Natasha FRANCIS,0,0,0,0,0
Christian,A102,Mayor City OF Hopkinsville,,,Under Votes,0,0,0,0,0
Christian,A102,Mayor City OF Hopkinsville,,,Over Votes,0,0,0,0,0
Christian,A102,City Council City OF Hopkinsville Ward 1,1,,Chance Andrew TATUM,2,0,2,0,0
Christian,A102,City Council City OF Hopkinsville Ward 1,1,,Vance D. SMITH,2,0,2,0,0
Christian,A102,City Council City OF Hopkinsville Ward 1,1,,Under Votes,0,0,0,0,0
Christian,A102,City Council City OF Hopkinsville Ward 1,1,,Over Votes,0,0,0,0,0
Christian,A103,U.S. Senate,,Republican,Other Donald WENZEL,0,0,0,0,0
Christian,A103,U.S. Senate,,Republican,James D. DUNCAN,0,0,0,0,0
Christian,A103,U.S. Senate,,Republican,George WASHINGTON,0,0,0,0,0
Christian,A103,U.S. Senate,,Republican,"Valerie ""Dr Val"" FREDRICK",1,0,1,0,0
Christian,A103,U.S. Senate,,Republican,Andy BARR,1,1,0,0,0
Christian,A103,U.S. Senate,,Republican,Nate MORRIS,1,0,1,0,0
Christian,A103,U.S. Senate,,Republican,Jimmy I. LEON,0,0,0,0,0
Christian,A103,U.S. Senate,,Republican,A. Nick SHELLEY,0,0,0,0,0
Christian,A103,U.S. Senate,,Republican,Daniel CAMERON,3,1,2,0,0
Christian,A103,U.S. Senate,,Republican,Anissa CATLETT,2,0,2,0,0
Christian,A103,U.S. Senate,,Republican,Michael James FARIS,0,0,0,0,0
Christian,A103,U.S. Senate,,Republican,Jonathan M. HOLLIDAY,0,0,0,0,0
Christian,A103,U.S. Senate,,,Under Votes,5,2,3,0,0
Christian,A103,U.S. Senate,,,Over Votes,0,0,0,0,0
Christian,A103,Ballots Cast,,,,152,,,,
Christian,A103,U.S. House,1,Republican,David SIMS,1,0,1,0,0
Christian,A103,U.S. House,1,Republican,Robert James SUTHERBY,1,0,1,0,0
Christian,A103,U.S. House,1,Republican,Penny ARCOS,3,0,3,0,0
Christian,A103,U.S. House,1,Republican,James R. COMER,3,2,1,0,0
Christian,A103,U.S. House,1,,Under Votes,0,0,0,0,0
Christian,A103,U.S. House,1,,Over Votes,0,0,0,0,0
Christian,A103,Property Valuation Administrator,,,Tabitha Pryor STRADER,3,0,3,0,0
Christian,A103,Property Valuation Administrator,,,Amber EZELL,5,2,3,0,0
Christian,A103,Property Valuation Administrator,,,Under Votes,0,0,0,0,0
Christian,A103,Property Valuation Administrator,,,Over Votes,0,0,0,0,0
Christian,A103,Sheriff,,,Tyler DeARMOND,7,2,5,0,0
Christian,A103,Sheriff,,,Erik PACHECO,1,0,1,0,0
Christian,A103,Sheriff,,,Under Votes,0,0,0,0,0
Christian,A103,Sheriff,,,Over Votes,0,0,0,0,0
Christian,A103,U.S. Senate,,Democratic,Joshua BLANTON SR.,5,1,4,0,0
Christian,A103,U.S. Senate,,Democratic,Vincent Anthony THOMPSON,4,0,4,0,0
Christian,A103,U.S. Senate,,Democratic,Charles BOOKER,89,13,71,4,1
Christian,A103,U.S. Senate,,Democratic,Pamela STEVENSON,13,1,12,0,0
Christian,A103,U.S. Senate,,Democratic,Dale Lewis ROMANS,1,0,1,0,0
Christian,A103,U.S. Senate,,Democratic,Logan FORSYTHE,0,0,0,0,0
Christian,A103,U.S. Senate,,Democratic,Amy McGRATH,27,4,22,0,1
Christian,A103,Mayor City OF Hopkinsville,,,Russ GUFFEY,3,2,1,0,0
Christian,A103,Mayor City OF Hopkinsville,,,James R. KNIGHT JR.,4,0,4,0,0
Christian,A103,Mayor City OF Hopkinsville,,,Sophia Natasha FRANCIS,1,0,1,0,0
Christian,A103,Mayor City OF Hopkinsville,,,Under Votes,0,0,0,0,0
Christian,A103,Mayor City OF Hopkinsville,,,Over Votes,0,0,0,0,0
Christian,A103,City Council City OF Hopkinsville Ward 9,9,,Brittanie M. BOGARD,2,1,1,0,0
Christian,A103,City Council City OF Hopkinsville Ward 9,9,,Jamie Lynn LIENBERGER,6,1,5,0,0
Christian,A103,City Council City OF Hopkinsville Ward 9,9,,Under Votes,2,0,2,0,0
Christian,A103,City Council City OF Hopkinsville Ward 9,9,,Over Votes,0,0,0,0,0
Christian,A103,City Council City OF Hopkinsville Ward 9,9,,Ardell Glenn OWENS,51,6,43,1,1
Christian,A103,City Council City OF Hopkinsville Ward 9,9,,Duane SHEPARD,21,4,17,0,0
Christian,A103,City Council City OF Hopkinsville Ward 9,9,,Monike LOVE,70,11,55,3,1
Christian,A104,U.S. Senate,,Republican,Other Donald WENZEL,0,0,0,0,0
Christian,A104,U.S. Senate,,Republican,James D. DUNCAN,3,0,3,0,0
Christian,A104,U.S. Senate,,Republican,George WASHINGTON,2,0,2,0,0
Christian,A104,U.S. Senate,,Republican,"Valerie ""Dr Val"" FREDRICK",0,0,0,0,0
Christian,A104,U.S. Senate,,Republican,Andy BARR,37,8,28,1,0
Christian,A104,U.S. Senate,,Republican,Nate MORRIS,8,2,6,0,0
Christian,A104,U.S. Senate,,Republican,Jimmy I. LEON,0,0,0,0,0
Christian,A104,U.S. Senate,,Republican,A. Nick SHELLEY,0,0,0,0,0
Christian,A104,U.S. Senate,,Republican,Daniel CAMERON,21,2,19,0,0
Christian,A104,U.S. Senate,,Republican,Anissa CATLETT,3,0,3,0,0
Christian,A104,U.S. Senate,,Republican,Michael James FARIS,0,0,0,0,0
Christian,A104,U.S. Senate,,Republican,Jonathan M. HOLLIDAY,2,0,1,1,0
Christian,A104,U.S. Senate,,,Under Votes,5,1,3,1,0
Christian,A104,U.S. Senate,,,Over Votes,0,0,0,0,0
Christian,A104,Ballots Cast,,,,176,,,,
Christian,A104,U.S. House,1,Republican,David SIMS,3,0,3,0,0
Christian,A104,U.S. House,1,Republican,Robert James SUTHERBY,4,0,4,0,0
Christian,A104,U.S. House,1,Republican,Penny ARCOS,1,0,1,0,0
Christian,A104,U.S. House,1,Republican,James R. COMER,70,13,54,3,0
Christian,A104,U.S. House,1,,Under Votes,2,0,2,0,0
Christian,A104,U.S. House,1,,Over Votes,0,0,0,0,0
Christian,A104,Property Valuation Administrator,,,Tabitha Pryor STRADER,21,4,16,1,0
Christian,A104,Property Valuation Administrator,,,Amber EZELL,57,9,46,2,0
Christian,A104,Property Valuation Administrator,,,Under Votes,2,0,2,0,0
Christian,A104,Property Valuation Administrator,,,Over Votes,0,0,0,0,0
Christian,A104,Sheriff,,,Tyler DeARMOND,68,12,54,2,0
Christian,A104,Sheriff,,,Erik PACHECO,11,1,9,1,0
Christian,A104,Sheriff,,,Under Votes,1,0,1,0,0
Christian,A104,Sheriff,,,Over Votes,0,0,0,0,0
Christian,A104,U.S. Senate,,Democratic,Joshua BLANTON SR.,1,0,1,0,0
Christian,A104,U.S. Senate,,Democratic,Vincent Anthony THOMPSON,7,0,7,0,0
Christian,A104,U.S. Senate,,Democratic,Charles BOOKER,44,9,35,0,0
Christian,A104,U.S. Senate,,Democratic,Pamela STEVENSON,13,6,7,0,0
Christian,A104,U.S. Senate,,Democratic,Dale Lewis ROMANS,0,0,0,0,0
Christian,A104,U.S. Senate,,Democratic,Logan FORSYTHE,5,1,4,0,0
Christian,A104,U.S. Senate,,Democratic,Amy McGRATH,25,4,18,2,1
Christian,A104,Mayor City OF Hopkinsville,,,Russ GUFFEY,0,0,0,0,0
Christian,A104,Mayor City OF Hopkinsville,,,James R. KNIGHT JR.,18,3,13,2,0
Christian,A104,Mayor City OF Hopkinsville,,,Sophia Natasha FRANCIS,3,0,3,0,0
Christian,A104,Mayor City OF Hopkinsville,,,Under Votes,0,0,0,0,0
Christian,A104,Mayor City OF Hopkinsville,,,Over Votes,0,0,0,0,0
Christian,A104,City Council City OF Hopkinsville Ward 1,1,,Chance Andrew TATUM,11,2,8,1,0
Christian,A104,City Council City OF Hopkinsville Ward 1,1,,Vance D. SMITH,8,1,6,1,0
Christian,A104,City Council City OF Hopkinsville Ward 1,1,,Under Votes,0,0,0,0,0
Christian,A104,City Council City OF Hopkinsville Ward 1,1,,Over Votes,0,0,0,0,0
Christian,A105,U.S. Senate,,Republican,Other Donald WENZEL,0,0,0,0,0
Christian,A105,U.S. Senate,,Republican,James D. DUNCAN,0,0,0,0,0
Christian,A105,U.S. Senate,,Republican,George WASHINGTON,0,0,0,0,0
Christian,A105,U.S. Senate,,Republican,"Valerie ""Dr Val"" FREDRICK",0,0,0,0,0
Christian,A105,U.S. Senate,,Republican,Andy BARR,10,2,8,0,0
Christian,A105,U.S. Senate,,Republican,Nate MORRIS,3,1,2,0,0
Christian,A105,U.S. Senate,,Republican,Jimmy I. LEON,0,0,0,0,0
Christian,A105,U.S. Senate,,Republican,A. Nick SHELLEY,0,0,0,0,0
Christian,A105,U.S. Senate,,Republican,Daniel CAMERON,2,0,2,0,0
Christian,A105,U.S. Senate,,Republican,Anissa CATLETT,0,0,0,0,0
Christian,A105,U.S. Senate,,Republican,Michael James FARIS,0,0,0,0,0
Christian,A105,U.S. Senate,,Republican,Jonathan M. HOLLIDAY,0,0,0,0,0
Christian,A105,U.S. Senate,,,Under Votes,0,0,0,0,0
Christian,A105,U.S. Senate,,,Over Votes,0,0,0,0,0
Christian,A105,Ballots Cast,,,,70,,,,
Christian,A105,U.S. House,1,Republican,David SIMS,2,0,2,0,0
Christian,A105,U.S. House,1,Republican,Robert James SUTHERBY,1,1,0,0,0
Christian,A105,U.S. House,1,Republican,Penny ARCOS,2,1,1,0,0
Christian,A105,U.S. House,1,Republican,James R. COMER,10,1,9,0,0
Christian,A105,U.S. House,1,,Under Votes,0,0,0,0,0
Christian,A105,U.S. House,1,,Over Votes,0,0,0,0,0
Christian,A105,Property Valuation Administrator,,,Tabitha Pryor STRADER,7,3,4,0,0
Christian,A105,Property Valuation Administrator,,,Amber EZELL,8,0,8,0,0
Christian,A105,Property Valuation Administrator,,,Under Votes,0,0,0,0,0
Christian,A105,Property Valuation Administrator,,,Over Votes,0,0,0,0,0
Christian,A105,Sheriff,,,Tyler DeARMOND,11,1,10,0,0
Christian,A105,Sheriff,,,Erik PACHECO,4,2,2,0,0
Christian,A105,Sheriff,,,Under Votes,0,0,0,0,0
Christian,A105,Sheriff,,,Over Votes,0,0,0,0,0
Christian,A105,U.S. Senate,,Democratic,Joshua BLANTON SR.,4,2,2,0,0
Christian,A105,U.S. Senate,,Democratic,Vincent Anthony THOMPSON,4,1,3,0,0
Christian,A105,U.S. Senate,,Democratic,Charles BOOKER,29,7,22,0,0
Christian,A105,U.S. Senate,,Democratic,Pamela STEVENSON,8,3,5,0,0
Christian,A105,U.S. Senate,,Democratic,Dale Lewis ROMANS,0,0,0,0,0
Christian,A105,U.S. Senate,,Democratic,Logan FORSYTHE,0,0,0,0,0
Christian,A105,U.S. Senate,,Democratic,Amy McGRATH,10,1,9,0,0
Christian,A105,Mayor City OF Hopkinsville,,,Russ GUFFEY,9,0,9,0,0
Christian,A105,Mayor City OF Hopkinsville,,,James R. KNIGHT JR.,5,2,3,0,0
Christian,A105,Mayor City OF Hopkinsville,,,Sophia Natasha FRANCIS,1,1,0,0,0
Christian,A105,Mayor City OF Hopkinsville,,,Under Votes,0,0,0,0,0
Christian,A105,Mayor City OF Hopkinsville,,,Over Votes,0,0,0,0,0
Christian,A105,City Council City OF Hopkinsville Ward 1,1,,Chance Andrew TATUM,10,3,7,0,0
Christian,A105,City Council City OF Hopkinsville Ward 1,1,,Vance D. SMITH,5,0,5,0,0
Christian,A105,City Council City OF Hopkinsville Ward 1,1,,Under Votes,0,0,0,0,0
Christian,A105,City Council City OF Hopkinsville Ward 1,1,,Over Votes,0,0,0,0,0
Christian,B101,U.S. Senate,,Republican,Other Donald WENZEL,2,1,1,0,0
Christian,B101,U.S. Senate,,Republican,James D. DUNCAN,1,0,1,0,0
Christian,B101,U.S. Senate,,Republican,George WASHINGTON,0,0,0,0,0
Christian,B101,U.S. Senate,,Republican,"Valerie ""Dr Val"" FREDRICK",1,1,0,0,0
Christian,B101,U.S. Senate,,Republican,Andy BARR,34,12,22,0,0
Christian,B101,U.S. Senate,,Republican,Nate MORRIS,3,0,3,0,0
Christian,B101,U.S. Senate,,Republican,Jimmy I. LEON,0,0,0,0,0
Christian,B101,U.S. Senate,,Republican,A. Nick SHELLEY,0,0,0,0,0
Christian,B101,U.S. Senate,,Republican,Daniel CAMERON,14,3,11,0,0
Christian,B101,U.S. Senate,,Republican,Anissa CATLETT,0,0,0,0,0
Christian,B101,U.S. Senate,,Republican,Michael James FARIS,0,0,0,0,0
Christian,B101,U.S. Senate,,Republican,Jonathan M. HOLLIDAY,2,0,2,0,0
Christian,B101,U.S. Senate,,,Under Votes,2,0,2,0,0
Christian,B101,U.S. Senate,,,Over Votes,0,0,0,0,0
Christian,B101,Ballots Cast,,,,161,,,,
Christian,B101,U.S. House,1,Republican,David SIMS,2,0,2,0,0
Christian,B101,U.S. House,1,Republican,Robert James SUTHERBY,4,2,2,0,0
Christian,B101,U.S. House,1,Republican,Penny ARCOS,4,2,2,0,0
Christian,B101,U.S. House,1,Republican,James R. COMER,45,13,32,0,0
Christian,B101,U.S. House,1,,Under Votes,2,0,2,0,0
Christian,B101,U.S. House,1,,Over Votes,0,0,0,0,0
Christian,B101,Property Valuation Administrator,,,Tabitha Pryor STRADER,13,5,8,0,0
Christian,B101,Property Valuation Administrator,,,Amber EZELL,42,12,30,0,0
Christian,B101,Property Valuation Administrator,,,Under Votes,2,0,2,0,0
Christian,B101,Property Valuation Administrator,,,Over Votes,0,0,0,0,0
Christian,B101,Sheriff,,,Tyler DeARMOND,44,13,31,0,0
Christian,B101,Sheriff,,,Erik PACHECO,13,4,9,0,0
Christian,B101,Sheriff,,,Under Votes,0,0,0,0,0
Christian,B101,Sheriff,,,Over Votes,0,0,0,0,0
Christian,B101,U.S. Senate,,Democratic,Joshua BLANTON SR.,6,1,5,0,0
Christian,B101,U.S. Senate,,Democratic,Vincent Anthony THOMPSON,3,1,2,0,0
Christian,B101,U.S. Senate,,Democratic,Charles BOOKER,57,13,44,0,0
Christian,B101,U.S. Senate,,Democratic,Pamela STEVENSON,12,3,8,1,0
Christian,B101,U.S. Senate,,Democratic,Dale Lewis ROMANS,1,0,1,0,0
Christian,B101,U.S. Senate,,Democratic,Logan FORSYTHE,1,0,1,0,0
Christian,B101,U.S. Senate,,Democratic,Amy McGRATH,22,7,13,2,0
Christian,B101,Mayor City OF Hopkinsville,,,Russ GUFFEY,26,5,21,0,0
Christian,B101,Mayor City OF Hopkinsville,,,James R. KNIGHT JR.,29,11,18,0,0
Christian,B101,Mayor City OF Hopkinsville,,,Sophia Natasha FRANCIS,1,1,0,0,0
Christian,B101,Mayor City OF Hopkinsville,,,Under Votes,1,0,1,0,0
Christian,B101,Mayor City OF Hopkinsville,,,Over Votes,0,0,0,0,0
Christian,B102,U.S. Senate,,Republican,Other Donald WENZEL,1,0,1,0,0
Christian,B102,U.S. Senate,,Republican,James D. DUNCAN,1,1,0,0,0
Christian,B102,U.S. Senate,,Republican,George WASHINGTON,0,0,0,0,0
Christian,B102,U.S. Senate,,Republican,"Valerie ""Dr Val"" FREDRICK",1,0,1,0,0
Christian,B102,U.S. Senate,,Republican,Andy BARR,58,20,37,1,0
Christian,B102,U.S. Senate,,Republican,Nate MORRIS,5,2,3,0,0
Christian,B102,U.S. Senate,,Republican,Jimmy I. LEON,0,0,0,0,0
Christian,B102,U.S. Senate,,Republican,A. Nick SHELLEY,0,0,0,0,0
Christian,B102,U.S. Senate,,Republican,Daniel CAMERON,29,10,19,0,0
Christian,B102,U.S. Senate,,Republican,Anissa CATLETT,4,1,3,0,0
Christian,B102,U.S. Senate,,Republican,Michael James FARIS,2,0,0,0,2
Christian,B102,U.S. Senate,,Republican,Jonathan M. HOLLIDAY,0,0,0,0,0
Christian,B102,U.S. Senate,,,Under Votes,8,1,7,0,0
Christian,B102,U.S. Senate,,,Over Votes,0,0,0,0,0
Christian,B102,Ballots Cast,,,,213,,,,
Christian,B102,U.S. House,1,Republican,David SIMS,7,0,7,0,0
Christian,B102,U.S. House,1,Republican,Robert James SUTHERBY,8,2,6,0,0
Christian,B102,U.S. House,1,Republican,Penny ARCOS,3,0,3,0,0
Christian,B102,U.S. House,1,Republican,James R. COMER,79,31,45,1,2
Christian,B102,U.S. House,1,,Under Votes,8,1,7,0,0
Christian,B102,U.S. House,1,,Over Votes,0,0,0,0,0
Christian,B102,Property Valuation Administrator,,,Tabitha Pryor STRADER,33,11,19,1,2
Christian,B102,Property Valuation Administrator,,,Amber EZELL,72,23,49,0,0
Christian,B102,Property Valuation Administrator,,,Under Votes,0,0,0,0,0
Christian,B102,Property Valuation Administrator,,,Over Votes,0,0,0,0,0
Christian,B102,Sheriff,,,Tyler DeARMOND,92,32,57,1,2
Christian,B102,Sheriff,,,Erik PACHECO,12,2,10,0,0
Christian,B102,Sheriff,,,Under Votes,1,0,1,0,0
Christian,B102,Sheriff,,,Over Votes,0,0,0,0,0
Christian,B102,U.S. Senate,,Democratic,Joshua BLANTON SR.,9,2,7,0,0
Christian,B102,U.S. Senate,,Democratic,Vincent Anthony THOMPSON,3,0,3,0,0
Christian,B102,U.S. Senate,,Democratic,Charles BOOKER,58,8,49,1,0
Christian,B102,U.S. Senate,,Democratic,Pamela STEVENSON,6,2,4,0,0
Christian,B102,U.S. Senate,,Democratic,Dale Lewis ROMANS,0,0,0,0,0
Christian,B102,U.S. Senate,,Democratic,Logan FORSYTHE,2,1,1,0,0
Christian,B102,U.S. Senate,,Democratic,Amy McGRATH,26,3,23,0,0
Christian,B102,Mayor City OF Hopkinsville,,,Russ GUFFEY,39,15,22,0,2
Christian,B102,Mayor City OF Hopkinsville,,,James R. KNIGHT JR.,58,17,40,1,0
Christian,B102,Mayor City OF Hopkinsville,,,Sophia Natasha FRANCIS,5,0,5,0,0
Christian,B102,Mayor City OF Hopkinsville,,,Under Votes,3,2,1,0,0
Christian,B102,Mayor City OF Hopkinsville,,,Over Votes,0,0,0,0,0
Christian,B102,City Council City OF Hopkinsville Ward 3,3,,Donald MARSH,61,20,38,1,2
Christian,B102,City Council City OF Hopkinsville Ward 3,3,,Brandi STALLONS,38,14,24,0,0
Christian,B102,City Council City OF Hopkinsville Ward 3,3,,Under Votes,6,0,6,0,0
Christian,B102,City Council City OF Hopkinsville Ward 3,3,,Over Votes,0,0,0,0,0
Christian,B103,U.S. Senate,,Republican,Other Donald WENZEL,0,0,0,0,0
Christian,B103,U.S. Senate,,Republican,James D. DUNCAN,1,0,1,0,0
Christian,B103,U.S. Senate,,Republican,George WASHINGTON,3,1,2,0,0
Christian,B103,U.S. Senate,,Republican,"Valerie ""Dr Val"" FREDRICK",0,0,0,0,0
Christian,B103,U.S. Senate,,Republican,Andy BARR,99,18,81,0,0
Christian,B103,U.S. Senate,,Republican,Nate MORRIS,7,3,4,0,0
Christian,B103,U.S. Senate,,Republican,Jimmy I. LEON,0,0,0,0,0
Christian,B103,U.S. Senate,,Republican,A. Nick SHELLEY,0,0,0,0,0
Christian,B103,U.S. Senate,,Republican,Daniel CAMERON,44,10,34,0,0
Christian,B103,U.S. Senate,,Republican,Anissa CATLETT,1,0,1,0,0
Christian,B103,U.S. Senate,,Republican,Michael James FARIS,4,2,2,0,0
Christian,B103,U.S. Senate,,Republican,Jonathan M. HOLLIDAY,0,0,0,0,0
Christian,B103,U.S. Senate,,,Under Votes,16,2,14,0,0
Christian,B103,U.S. Senate,,,Over Votes,0,0,0,0,0
Christian,B103,Ballots Cast,,,,237,,,,
Christian,B103,U.S. House,1,Republican,David SIMS,9,4,5,0,0
Christian,B103,U.S. House,1,Republican,Robert James SUTHERBY,10,1,9,0,0
Christian,B103,U.S. House,1,Republican,Penny ARCOS,3,0,3,0,0
Christian,B103,U.S. House,1,Republican,James R. COMER,134,28,106,0,0
Christian,B103,U.S. House,1,,Under Votes,9,2,7,0,0
Christian,B103,U.S. House,1,,Over Votes,0,0,0,0,0
Christian,B103,Property Valuation Administrator,,,Tabitha Pryor STRADER,47,9,38,0,0
Christian,B103,Property Valuation Administrator,,,Amber EZELL,111,25,86,0,0
Christian,B103,Property Valuation Administrator,,,Under Votes,7,1,6,0,0
Christian,B103,Property Valuation Administrator,,,Over Votes,0,0,0,0,0
Christian,B103,Sheriff,,,Tyler DeARMOND,142,31,111,0,0
Christian,B103,Sheriff,,,Erik PACHECO,21,4,17,0,0
Christian,B103,Sheriff,,,Under Votes,2,0,2,0,0
Christian,B103,Sheriff,,,Over Votes,0,0,0,0,0
Christian,B103,U.S. Senate,,Democratic,Joshua BLANTON SR.,5,2,3,0,0
Christian,B103,U.S. Senate,,Democratic,Vincent Anthony THOMPSON,5,0,5,0,0
Christian,B103,U.S. Senate,,Democratic,Charles BOOKER,10,1,8,1,0
Christian,B103,U.S. Senate,,Democratic,Pamela STEVENSON,6,0,6,0,0
Christian,B103,U.S. Senate,,Democratic,Dale Lewis ROMANS,3,0,3,0,0
Christian,B103,U.S. Senate,,Democratic,Logan FORSYTHE,6,0,6,0,0
Christian,B103,U.S. Senate,,Democratic,Amy McGRATH,27,3,23,1,0
Christian,B104,U.S. Senate,,Republican,Other Donald WENZEL,2,0,2,0,0
Christian,B104,U.S. Senate,,Republican,James D. DUNCAN,2,2,0,0,0
Christian,B104,U.S. Senate,,Republican,George WASHINGTON,0,0,0,0,0
Christian,B104,U.S. Senate,,Republican,"Valerie ""Dr Val"" FREDRICK",0,0,0,0,0
Christian,B104,U.S. Senate,,Republican,Andy BARR,56,18,38,0,0
Christian,B104,U.S. Senate,,Republican,Nate MORRIS,7,1,6,0,0
Christian,B104,U.S. Senate,,Republican,Jimmy I. LEON,0,0,0,0,0
Christian,B104,U.S. Senate,,Republican,A. Nick SHELLEY,0,0,0,0,0
Christian,B104,U.S. Senate,,Republican,Daniel CAMERON,22,4,16,2,0
Christian,B104,U.S. Senate,,Republican,Anissa CATLETT,0,0,0,0,0
Christian,B104,U.S. Senate,,Republican,Michael James FARIS,2,0,2,0,0
Christian,B104,U.S. Senate,,Republican,Jonathan M. HOLLIDAY,1,0,1,0,0
Christian,B104,U.S. Senate,,,Under Votes,3,1,2,0,0
Christian,B104,U.S. Senate,,,Over Votes,0,0,0,0,0
Christian,B104,Ballots Cast,,,,124,,,,
Christian,B104,U.S. House,1,Republican,David SIMS,4,1,3,0,0
Christian,B104,U.S. House,1,Republican,Robert James SUTHERBY,3,0,3,0,0
Christian,B104,U.S. House,1,Republican,Penny ARCOS,1,1,0,0,0
Christian,B104,U.S. House,1,Republican,James R. COMER,83,24,57,2,0
Christian,B104,U.S. House,1,,Under Votes,4,0,4,0,0
Christian,B104,U.S. House,1,,Over Votes,0,0,0,0,0
Christian,B104,Property Valuation Administrator,,,Tabitha Pryor STRADER,36,9,26,1,0
Christian,B104,Property Valuation Administrator,,,Amber EZELL,59,17,41,1,0
Christian,B104,Property Valuation Administrator,,,Under Votes,0,0,0,0,0
Christian,B104,Property Valuation Administrator,,,Over Votes,0,0,0,0,0
Christian,B104,Sheriff,,,Tyler DeARMOND,85,26,57,2,0
Christian,B104,Sheriff,,,Erik PACHECO,10,0,10,0,0
Christian,B104,Sheriff,,,Under Votes,0,0,0,0,0
Christian,B104,Sheriff,,,Over Votes,0,0,0,0,0
Christian,B104,U.S. Senate,,Democratic,Joshua BLANTON SR.,2,0,2,0,0
Christian,B104,U.S. Senate,,Democratic,Vincent Anthony THOMPSON,0,0,0,0,0
Christian,B104,U.S. Senate,,Democratic,Charles BOOKER,12,2,10,0,0
Christian,B104,U.S. Senate,,Democratic,Pamela STEVENSON,4,0,4,0,0
Christian,B104,U.S. Senate,,Democratic,Dale Lewis ROMANS,0,0,0,0,0
Christian,B104,U.S. Senate,,Democratic,Logan FORSYTHE,1,0,1,0,0
Christian,B104,U.S. Senate,,Democratic,Amy McGRATH,10,3,7,0,0
Christian,B104,Mayor City OF Hopkinsville,,,Russ GUFFEY,3,1,2,0,0
Christian,B104,Mayor City OF Hopkinsville,,,James R. KNIGHT JR.,3,0,3,0,0
Christian,B104,Mayor City OF Hopkinsville,,,Sophia Natasha FRANCIS,0,0,0,0,0
Christian,B104,Mayor City OF Hopkinsville,,,Under Votes,0,0,0,0,0
Christian,B104,Mayor City OF Hopkinsville,,,Over Votes,0,0,0,0,0
Christian,C101,U.S. Senate,,Republican,Other Donald WENZEL,1,0,1,0,0
Christian,C101,U.S. Senate,,Republican,James D. DUNCAN,1,0,1,0,0
Christian,C101,U.S. Senate,,Republican,George WASHINGTON,1,0,1,0,0
Christian,C101,U.S. Senate,,Republican,"Valerie ""Dr Val"" FREDRICK",1,0,1,0,0
Christian,C101,U.S. Senate,,Republican,Andy BARR,24,7,17,0,0
Christian,C101,U.S. Senate,,Republican,Nate MORRIS,5,1,4,0,0
Christian,C101,U.S. Senate,,Republican,Jimmy I. LEON,0,0,0,0,0
Christian,C101,U.S. Senate,,Republican,A. Nick SHELLEY,0,0,0,0,0
Christian,C101,U.S. Senate,,Republican,Daniel CAMERON,4,1,3,0,0
Christian,C101,U.S. Senate,,Republican,Anissa CATLETT,1,0,1,0,0
Christian,C101,U.S. Senate,,Republican,Michael James FARIS,0,0,0,0,0
Christian,C101,U.S. Senate,,Republican,Jonathan M. HOLLIDAY,1,0,1,0,0
Christian,C101,U.S. Senate,,,Under Votes,3,1,2,0,0
Christian,C101,U.S. Senate,,,Over Votes,0,0,0,0,0
Christian,C101,Ballots Cast,,,,83,,,,
Christian,C101,U.S. House,1,Republican,David SIMS,8,1,7,0,0
Christian,C101,U.S. House,1,Republican,Robert James SUTHERBY,1,0,1,0,0
Christian,C101,U.S. House,1,Republican,Penny ARCOS,2,0,2,0,0
Christian,C101,U.S. House,1,Republican,James R. COMER,29,8,21,0,0
Christian,C101,U.S. House,1,,Under Votes,1,1,0,0,0
Christian,C101,U.S. House,1,,Over Votes,0,0,0,0,0
Christian,C101,Property Valuation Administrator,,,Tabitha Pryor STRADER,10,2,8,0,0
Christian,C101,Property Valuation Administrator,,,Amber EZELL,30,7,23,0,0
Christian,C101,Property Valuation Administrator,,,Under Votes,1,1,0,0,0
Christian,C101,Property Valuation Administrator,,,Over Votes,0,0,0,0,0
Christian,C101,Sheriff,,,Tyler DeARMOND,34,10,24,0,0
Christian,C101,Sheriff,,,Erik PACHECO,7,0,7,0,0
Christian,C101,Sheriff,,,Under Votes,0,0,0,0,0
Christian,C101,Sheriff,,,Over Votes,0,0,0,0,0
Christian,C101,Magistrate,,,George BARNETT,30,10,20,0,0
Christian,C101,Magistrate,,,Tana LODEN,11,0,11,0,0
Christian,C101,Magistrate,,,Under Votes,0,0,0,0,0
Christian,C101,Magistrate,,,Over Votes,0,0,0,0,0
Christian,C101,Constable,,,Glenn RICKARD,32,7,25,0,0
Christian,C101,Constable,,,Joshua Paul GYDESEN,6,1,5,0,0
Christian,C101,Constable,,,Under Votes,3,2,1,0,0
Christian,C101,Constable,,,Over Votes,0,0,0,0,0
Christian,C101,U.S. Senate,,Democratic,Joshua BLANTON SR.,1,0,1,0,0
Christian,C101,U.S. Senate,,Democratic,Vincent Anthony THOMPSON,0,0,0,0,0
Christian,C101,U.S. Senate,,Democratic,Charles BOOKER,17,3,14,0,0
Christian,C101,U.S. Senate,,Democratic,Pamela STEVENSON,4,0,4,0,0
Christian,C101,U.S. Senate,,Democratic,Dale Lewis ROMANS,0,0,0,0,0
Christian,C101,U.S. Senate,,Democratic,Logan FORSYTHE,2,1,1,0,0
Christian,C101,U.S. Senate,,Democratic,Amy McGRATH,17,6,11,0,0
Christian,C101,Mayor City OF Hopkinsville,,,Russ GUFFEY,15,2,13,0,0
Christian,C101,Mayor City OF Hopkinsville,,,James R. KNIGHT JR.,24,8,16,0,0
Christian,C101,Mayor City OF Hopkinsville,,,Sophia Natasha FRANCIS,2,0,2,0,0
Christian,C101,Mayor City OF Hopkinsville,,,Under Votes,0,0,0,0,0
Christian,C101,Mayor City OF Hopkinsville,,,Over Votes,0,0,0,0,0
Christian,C102,U.S. Senate,,Republican,Other Donald WENZEL,0,0,0,0,0
Christian,C102,U.S. Senate,,Republican,James D. DUNCAN,0,0,0,0,0
Christian,C102,U.S. Senate,,Republican,George WASHINGTON,0,0,0,0,0
Christian,C102,U.S. Senate,,Republican,"Valerie ""Dr Val"" FREDRICK",0,0,0,0,0
Christian,C102,U.S. Senate,,Republican,Andy BARR,9,6,3,0,0
Christian,C102,U.S. Senate,,Republican,Nate MORRIS,0,0,0,0,0
Christian,C102,U.S. Senate,,Republican,Jimmy I. LEON,0,0,0,0,0
Christian,C102,U.S. Senate,,Republican,A. Nick SHELLEY,0,0,0,0,0
Christian,C102,U.S. Senate,,Republican,Daniel CAMERON,1,0,1,0,0
Christian,C102,U.S. Senate,,Republican,Anissa CATLETT,0,0,0,0,0
Christian,C102,U.S. Senate,,Republican,Michael James FARIS,0,0,0,0,0
Christian,C102,U.S. Senate,,Republican,Jonathan M. HOLLIDAY,0,0,0,0,0
Christian,C102,U.S. Senate,,,Under Votes,0,0,0,0,0
Christian,C102,U.S. Senate,,,Over Votes,0,0,0,0,0
Christian,C102,Ballots Cast,,,,51,,,,
Christian,C102,U.S. House,1,Republican,David SIMS,1,1,0,0,0
Christian,C102,U.S. House,1,Republican,Robert James SUTHERBY,1,0,1,0,0
Christian,C102,U.S. House,1,Republican,Penny ARCOS,0,0,0,0,0
Christian,C102,U.S. House,1,Republican,James R. COMER,8,5,3,0,0
Christian,C102,U.S. House,1,,Under Votes,0,0,0,0,0
Christian,C102,U.S. House,1,,Over Votes,0,0,0,0,0
Christian,C102,Property Valuation Administrator,,,Tabitha Pryor STRADER,2,0,2,0,0
Christian,C102,Property Valuation Administrator,,,Amber EZELL,8,6,2,0,0
Christian,C102,Property Valuation Administrator,,,Under Votes,0,0,0,0,0
Christian,C102,Property Valuation Administrator,,,Over Votes,0,0,0,0,0
Christian,C102,Sheriff,,,Tyler DeARMOND,10,6,4,0,0
Christian,C102,Sheriff,,,Erik PACHECO,0,0,0,0,0
Christian,C102,Sheriff,,,Under Votes,0,0,0,0,0
Christian,C102,Sheriff,,,Over Votes,0,0,0,0,0
Christian,C102,Magistrate,,,George BARNETT,9,5,4,0,0
Christian,C102,Magistrate,,,Tana LODEN,1,1,0,0,0
Christian,C102,Magistrate,,,Under Votes,0,0,0,0,0
Christian,C102,Magistrate,,,Over Votes,0,0,0,0,0
Christian,C102,Constable,,,Glenn RICKARD,4,3,1,0,0
Christian,C102,Constable,,,Joshua Paul GYDESEN,5,3,2,0,0
Christian,C102,Constable,,,Under Votes,1,0,1,0,0
Christian,C102,Constable,,,Over Votes,0,0,0,0,0
Christian,C102,U.S. Senate,,Democratic,Joshua BLANTON SR.,1,0,1,0,0
Christian,C102,U.S. Senate,,Democratic,Vincent Anthony THOMPSON,1,1,0,0,0
Christian,C102,U.S. Senate,,Democratic,Charles BOOKER,24,5,18,1,0
Christian,C102,U.S. Senate,,Democratic,Pamela STEVENSON,6,4,2,0,0
Christian,C102,U.S. Senate,,Democratic,Dale Lewis ROMANS,0,0,0,0,0
Christian,C102,U.S. Senate,,Democratic,Logan FORSYTHE,0,0,0,0,0
Christian,C102,U.S. Senate,,Democratic,Amy McGRATH,9,2,7,0,0
Christian,C102,Mayor City OF Hopkinsville,,,Russ GUFFEY,2,2,0,0,0
Christian,C102,Mayor City OF Hopkinsville,,,James R. KNIGHT JR.,8,4,4,0,0
Christian,C102,Mayor City OF Hopkinsville,,,Sophia Natasha FRANCIS,0,0,0,0,0
Christian,C102,Mayor City OF Hopkinsville,,,Under Votes,0,0,0,0,0
Christian,C102,Mayor City OF Hopkinsville,,,Over Votes,0,0,0,0,0
Christian,C103,U.S. Senate,,Republican,Other Donald WENZEL,0,0,0,0,0
Christian,C103,U.S. Senate,,Republican,James D. DUNCAN,1,1,0,0,0
Christian,C103,U.S. Senate,,Republican,George WASHINGTON,1,0,1,0,0
Christian,C103,U.S. Senate,,Republican,"Valerie ""Dr Val"" FREDRICK",1,1,0,0,0
Christian,C103,U.S. Senate,,Republican,Andy BARR,27,7,19,1,0
Christian,C103,U.S. Senate,,Republican,Nate MORRIS,4,1,3,0,0
Christian,C103,U.S. Senate,,Republican,Jimmy I. LEON,0,0,0,0,0
Christian,C103,U.S. Senate,,Republican,A. Nick SHELLEY,0,0,0,0,0
Christian,C103,U.S. Senate,,Republican,Daniel CAMERON,8,1,4,3,0
Christian,C103,U.S. Senate,,Republican,Anissa CATLETT,1,0,1,0,0
Christian,C103,U.S. Senate,,Republican,Michael James FARIS,0,0,0,0,0
Christian,C103,U.S. Senate,,Republican,Jonathan M. HOLLIDAY,0,0,0,0,0
Christian,C103,U.S. Senate,,,Under Votes,6,1,5,0,0
Christian,C103,U.S. Senate,,,Over Votes,0,0,0,0,0
Christian,C103,Ballots Cast,,,,91,,,,
Christian,C103,U.S. House,1,Republican,David SIMS,6,2,4,0,0
Christian,C103,U.S. House,1,Republican,Robert James SUTHERBY,0,0,0,0,0
Christian,C103,U.S. House,1,Republican,Penny ARCOS,1,0,1,0,0
Christian,C103,U.S. House,1,Republican,James R. COMER,36,9,23,4,0
Christian,C103,U.S. House,1,,Under Votes,4,1,3,0,0
Christian,C103,U.S. House,1,,Over Votes,0,0,0,0,0
Christian,C103,Property Valuation Administrator,,,Tabitha Pryor STRADER,20,5,13,2,0
Christian,C103,Property Valuation Administrator,,,Amber EZELL,26,7,17,2,0
Christian,C103,Property Valuation Administrator,,,Under Votes,1,0,1,0,0
Christian,C103,Property Valuation Administrator,,,Over Votes,0,0,0,0,0
Christian,C103,Sheriff,,,Tyler DeARMOND,46,12,30,4,0
Christian,C103,Sheriff,,,Erik PACHECO,1,0,1,0,0
Christian,C103,Sheriff,,,Under Votes,0,0,0,0,0
Christian,C103,Sheriff,,,Over Votes,0,0,0,0,0
Christian,C103,Magistrate,,,George BARNETT,38,11,23,4,0
Christian,C103,Magistrate,,,Tana LODEN,7,1,6,0,0
Christian,C103,Magistrate,,,Under Votes,2,0,2,0,0
Christian,C103,Magistrate,,,Over Votes,0,0,0,0,0
Christian,C103,Constable,,,Glenn RICKARD,33,9,20,4,0
Christian,C103,Constable,,,Joshua Paul GYDESEN,8,1,7,0,0
Christian,C103,Constable,,,Under Votes,6,2,4,0,0
Christian,C103,Constable,,,Over Votes,0,0,0,0,0
Christian,C103,U.S. Senate,,Democratic,Joshua BLANTON SR.,5,3,2,0,0
Christian,C103,U.S. Senate,,Democratic,Vincent Anthony THOMPSON,3,0,2,1,0
Christian,C103,U.S. Senate,,Democratic,Charles BOOKER,13,4,6,3,0
Christian,C103,U.S. Senate,,Democratic,Pamela STEVENSON,5,2,3,0,0
Christian,C103,U.S. Senate,,Democratic,Dale Lewis ROMANS,1,0,1,0,0
Christian,C103,U.S. Senate,,Democratic,Logan FORSYTHE,0,0,0,0,0
Christian,C103,U.S. Senate,,Democratic,Amy McGRATH,15,5,10,0,0
Christian,C103,Mayor City OF Hopkinsville,,,Russ GUFFEY,21,3,15,3,0
Christian,C103,Mayor City OF Hopkinsville,,,James R. KNIGHT JR.,25,9,15,1,0
Christian,C103,Mayor City OF Hopkinsville,,,Sophia Natasha FRANCIS,0,0,0,0,0
Christian,C103,Mayor City OF Hopkinsville,,,Under Votes,1,0,1,0,0
Christian,C103,Mayor City OF Hopkinsville,,,Over Votes,0,0,0,0,0
Christian,C103,City Council City OF Hopkinsville Ward 10,10,,Michael VELEZ,2,0,2,0,0
Christian,C103,City Council City OF Hopkinsville Ward 10,10,,Steve KEEL,16,3,12,1,0
Christian,C103,City Council City OF Hopkinsville Ward 10,10,,Under Votes,0,0,0,0,0
Christian,C103,City Council City OF Hopkinsville Ward 10,10,,Over Votes,0,0,0,0,0
Christian,C104,U.S. Senate,,Republican,Other Donald WENZEL,0,0,0,0,0
Christian,C104,U.S. Senate,,Republican,James D. DUNCAN,1,1,0,0,0
Christian,C104,U.S. Senate,,Republican,George WASHINGTON,1,0,1,0,0
Christian,C104,U.S. Senate,,Republican,"Valerie ""Dr Val"" FREDRICK",1,0,1,0,0
Christian,C104,U.S. Senate,,Republican,Andy BARR,83,22,60,0,1
Christian,C104,U.S. Senate,,Republican,Nate MORRIS,7,4,3,0,0
Christian,C104,U.S. Senate,,Republican,Jimmy I. LEON,0,0,0,0,0
Christian,C104,U.S. Senate,,Republican,A. Nick SHELLEY,0,0,0,0,0
Christian,C104,U.S. Senate,,Republican,Daniel CAMERON,30,5,25,0,0
Christian,C104,U.S. Senate,,Republican,Anissa CATLETT,1,1,0,0,0
Christian,C104,U.S. Senate,,Republican,Michael James FARIS,2,0,2,0,0
Christian,C104,U.S. Senate,,Republican,Jonathan M. HOLLIDAY,1,1,0,0,0
Christian,C104,U.S. Senate,,,Under Votes,6,2,4,0,0
Christian,C104,U.S. Senate,,,Over Votes,0,0,0,0,0
Christian,C104,Ballots Cast,,,,188,,,,
Christian,C104,U.S. House,1,Republican,David SIMS,5,1,4,0,0
Christian,C104,U.S. House,1,Republican,Robert James SUTHERBY,5,2,3,0,0
Christian,C104,U.S. House,1,Republican,Penny ARCOS,1,1,0,0,0
Christian,C104,U.S. House,1,Republican,James R. COMER,113,29,83,0,1
Christian,C104,U.S. House,1,,Under Votes,7,2,5,0,0
Christian,C104,U.S. House,1,,Over Votes,0,0,0,0,0
Christian,C104,Property Valuation Administrator,,,Tabitha Pryor STRADER,46,13,32,0,1
Christian,C104,Property Valuation Administrator,,,Amber EZELL,84,21,63,0,0
Christian,C104,Property Valuation Administrator,,,Under Votes,1,1,0,0,0
Christian,C104,Property Valuation Administrator,,,Over Votes,0,0,0,0,0
Christian,C104,Sheriff,,,Tyler DeARMOND,106,27,78,0,1
Christian,C104,Sheriff,,,Erik PACHECO,24,7,17,0,0
Christian,C104,Sheriff,,,Under Votes,1,1,0,0,0
Christian,C104,Sheriff,,,Over Votes,0,0,0,0,0
Christian,C104,Magistrate,,,George BARNETT,76,14,61,0,1
Christian,C104,Magistrate,,,Tana LODEN,53,20,33,0,0
Christian,C104,Magistrate,,,Under Votes,2,1,1,0,0
Christian,C104,Magistrate,,,Over Votes,0,0,0,0,0
Christian,C104,Constable,,,Glenn RICKARD,75,18,56,0,1
Christian,C104,Constable,,,Joshua Paul GYDESEN,31,12,19,0,0
Christian,C104,Constable,,,Under Votes,25,5,20,0,0
Christian,C104,Constable,,,Over Votes,0,0,0,0,0
Christian,C104,U.S. Senate,,Democratic,Joshua BLANTON SR.,3,1,2,0,0
Christian,C104,U.S. Senate,,Democratic,Vincent Anthony THOMPSON,2,1,1,0,0
Christian,C104,U.S. Senate,,Democratic,Charles BOOKER,21,4,17,0,0
Christian,C104,U.S. Senate,,Democratic,Pamela STEVENSON,5,2,3,0,0
Christian,C104,U.S. Senate,,Democratic,Dale Lewis ROMANS,2,0,2,0,0
Christian,C104,U.S. Senate,,Democratic,Logan FORSYTHE,3,1,2,0,0
Christian,C104,U.S. Senate,,Democratic,Amy McGRATH,19,5,14,0,0
Christian,C105,U.S. Senate,,Republican,Other Donald WENZEL,1,0,1,0,0
Christian,C105,U.S. Senate,,Republican,James D. DUNCAN,5,1,4,0,0
Christian,C105,U.S. Senate,,Republican,George WASHINGTON,5,1,4,0,0
Christian,C105,U.S. Senate,,Republican,"Valerie ""Dr Val"" FREDRICK",3,1,2,0,0
Christian,C105,U.S. Senate,,Republican,Andy BARR,226,38,182,5,1
Christian,C105,U.S. Senate,,Republican,Nate MORRIS,18,1,16,1,0
Christian,C105,U.S. Senate,,Republican,Jimmy I. LEON,0,0,0,0,0
Christian,C105,U.S. Senate,,Republican,A. Nick SHELLEY,0,0,0,0,0
Christian,C105,U.S. Senate,,Republican,Daniel CAMERON,85,17,65,1,2
Christian,C105,U.S. Senate,,Republican,Anissa CATLETT,1,1,0,0,0
Christian,C105,U.S. Senate,,Republican,Michael James FARIS,6,2,3,1,0
Christian,C105,U.S. Senate,,Republican,Jonathan M. HOLLIDAY,0,0,0,0,0
Christian,C105,U.S. Senate,,,Under Votes,14,3,11,0,0
Christian,C105,U.S. Senate,,,Over Votes,0,0,0,0,0
Christian,C105,Ballots Cast,,,,490,,,,
Christian,C105,U.S. House,1,Republican,David SIMS,14,5,9,0,0
Christian,C105,U.S. House,1,Republican,Robert James SUTHERBY,9,1,8,0,0
Christian,C105,U.S. House,1,Republican,Penny ARCOS,9,3,6,0,0
Christian,C105,U.S. House,1,Republican,James R. COMER,308,53,245,7,3
Christian,C105,U.S. House,1,,Under Votes,17,2,14,1,0
Christian,C105,U.S. House,1,,Over Votes,0,0,0,0,0
Christian,C105,Property Valuation Administrator,,,Tabitha Pryor STRADER,134,23,104,5,2
Christian,C105,Property Valuation Administrator,,,Amber EZELL,216,41,171,3,1
Christian,C105,Property Valuation Administrator,,,Under Votes,7,0,7,0,0
Christian,C105,Property Valuation Administrator,,,Over Votes,0,0,0,0,0
Christian,C105,Sheriff,,,Tyler DeARMOND,328,61,257,8,2
Christian,C105,Sheriff,,,Erik PACHECO,27,3,23,0,1
Christian,C105,Sheriff,,,Under Votes,2,0,2,0,0
Christian,C105,Sheriff,,,Over Votes,0,0,0,0,0
Christian,C105,Magistrate,,,George BARNETT,200,35,159,5,1
Christian,C105,Magistrate,,,Tana LODEN,148,28,116,2,2
Christian,C105,Magistrate,,,Under Votes,9,1,7,1,0
Christian,C105,Magistrate,,,Over Votes,0,0,0,0,0
Christian,C105,Constable,,,Glenn RICKARD,172,25,141,5,1
Christian,C105,Constable,,,Joshua Paul GYDESEN,137,32,101,3,1
Christian,C105,Constable,,,Under Votes,48,7,40,0,1
Christian,C105,Constable,,,Over Votes,0,0,0,0,0
Christian,C105,U.S. Senate,,Democratic,Joshua BLANTON SR.,14,1,13,0,0
Christian,C105,U.S. Senate,,Democratic,Vincent Anthony THOMPSON,3,0,3,0,0
Christian,C105,U.S. Senate,,Democratic,Charles BOOKER,35,3,32,0,0
Christian,C105,U.S. Senate,,Democratic,Pamela STEVENSON,13,1,12,0,0
Christian,C105,U.S. Senate,,Democratic,Dale Lewis ROMANS,4,0,4,0,0
Christian,C105,U.S. Senate,,Democratic,Logan FORSYTHE,8,4,4,0,0
Christian,C105,U.S. Senate,,Democratic,Amy McGRATH,49,8,40,1,0
Christian,C106,U.S. Senate,,Republican,Other Donald WENZEL,1,0,1,0,0
Christian,C106,U.S. Senate,,Republican,James D. DUNCAN,5,1,4,0,0
Christian,C106,U.S. Senate,,Republican,George WASHINGTON,4,0,4,0,0
Christian,C106,U.S. Senate,,Republican,"Valerie ""Dr Val"" FREDRICK",4,2,2,0,0
Christian,C106,U.S. Senate,,Republican,Andy BARR,87,29,56,0,2
Christian,C106,U.S. Senate,,Republican,Nate MORRIS,4,1,3,0,0
Christian,C106,U.S. Senate,,Republican,Jimmy I. LEON,0,0,0,0,0
Christian,C106,U.S. Senate,,Republican,A. Nick SHELLEY,0,0,0,0,0
Christian,C106,U.S. Senate,,Republican,Daniel CAMERON,45,9,36,0,0
Christian,C106,U.S. Senate,,Republican,Anissa CATLETT,1,1,0,0,0
Christian,C106,U.S. Senate,,Republican,Michael James FARIS,0,0,0,0,0
Christian,C106,U.S. Senate,,Republican,Jonathan M. HOLLIDAY,2,2,0,0,0
Christian,C106,U.S. Senate,,,Under Votes,9,2,7,0,0
Christian,C106,U.S. Senate,,,Over Votes,1,1,0,0,0
Christian,C106,Ballots Cast,,,,241,,,,
Christian,C106,U.S. House,1,Republican,David SIMS,11,3,8,0,0
Christian,C106,U.S. House,1,Republican,Robert James SUTHERBY,10,0,10,0,0
Christian,C106,U.S. House,1,Republican,Penny ARCOS,1,0,1,0,0
Christian,C106,U.S. House,1,Republican,James R. COMER,128,44,82,0,2
Christian,C106,U.S. House,1,,Under Votes,11,1,10,0,0
Christian,C106,U.S. House,1,,Over Votes,0,0,0,0,0
Christian,C106,Property Valuation Administrator,,,Tabitha Pryor STRADER,53,19,34,0,0
Christian,C106,Property Valuation Administrator,,,Amber EZELL,105,28,75,0,2
Christian,C106,Property Valuation Administrator,,,Under Votes,3,1,2,0,0
Christian,C106,Property Valuation Administrator,,,Over Votes,0,0,0,0,0
Christian,C106,Sheriff,,,Tyler DeARMOND,133,41,90,0,2
Christian,C106,Sheriff,,,Erik PACHECO,25,7,18,0,0
Christian,C106,Sheriff,,,Under Votes,3,0,3,0,0
Christian,C106,Sheriff,,,Over Votes,0,0,0,0,0
Christian,C106,Magistrate,,,George BARNETT,107,29,76,0,2
Christian,C106,Magistrate,,,Tana LODEN,45,16,29,0,0
Christian,C106,Magistrate,,,Under Votes,9,3,6,0,0
Christian,C106,Magistrate,,,Over Votes,0,0,0,0,0
Christian,C106,Constable,,,Glenn RICKARD,95,32,61,0,2
Christian,C106,Constable,,,Joshua Paul GYDESEN,37,9,28,0,0
Christian,C106,Constable,,,Under Votes,29,7,22,0,0
Christian,C106,Constable,,,Over Votes,0,0,0,0,0
Christian,C106,U.S. Senate,,Democratic,Joshua BLANTON SR.,2,0,2,0,0
Christian,C106,U.S. Senate,,Democratic,Vincent Anthony THOMPSON,1,0,1,0,0
Christian,C106,U.S. Senate,,Democratic,Charles BOOKER,42,8,34,0,0
Christian,C106,U.S. Senate,,Democratic,Pamela STEVENSON,5,3,2,0,0
Christian,C106,U.S. Senate,,Democratic,Dale Lewis ROMANS,1,0,1,0,0
Christian,C106,U.S. Senate,,Democratic,Logan FORSYTHE,4,1,3,0,0
Christian,C106,U.S. Senate,,Democratic,Amy McGRATH,23,6,17,0,0
Christian,C106,Mayor City OF Hopkinsville,,,Russ GUFFEY,92,29,63,0,0
Christian,C106,Mayor City OF Hopkinsville,,,James R. KNIGHT JR.,65,19,44,0,2
Christian,C106,Mayor City OF Hopkinsville,,,Sophia Natasha FRANCIS,3,0,3,0,0
Christian,C106,Mayor City OF Hopkinsville,,,Under Votes,1,0,1,0,0
Christian,C106,Mayor City OF Hopkinsville,,,Over Votes,0,0,0,0,0
Christian,D101,U.S. Senate,,Republican,Other Donald WENZEL,1,0,1,0,0
Christian,D101,U.S. Senate,,Republican,James D. DUNCAN,2,1,1,0,0
Christian,D101,U.S. Senate,,Republican,George WASHINGTON,6,0,6,0,0
Christian,D101,U.S. Senate,,Republican,"Valerie ""Dr Val"" FREDRICK",7,1,6,0,0
Christian,D101,U.S. Senate,,Republican,Andy BARR,89,22,65,0,2
Christian,D101,U.S. Senate,,Republican,Nate MORRIS,12,2,10,0,0
Christian,D101,U.S. Senate,,Republican,Jimmy I. LEON,1,1,0,0,0
Christian,D101,U.S. Senate,,Republican,A. Nick SHELLEY,1,0,1,0,0
Christian,D101,U.S. Senate,,Republican,Daniel CAMERON,35,9,26,0,0
Christian,D101,U.S. Senate,,Republican,Anissa CATLETT,3,0,3,0,0
Christian,D101,U.S. Senate,,Republican,Michael James FARIS,1,1,0,0,0
Christian,D101,U.S. Senate,,Republican,Jonathan M. HOLLIDAY,1,0,1,0,0
Christian,D101,U.S. Senate,,,Under Votes,7,1,6,0,0
Christian,D101,U.S. Senate,,,Over Votes,0,0,0,0,0
Christian,D101,Ballots Cast,,,,252,,,,
Christian,D101,U.S. House,1,Republican,David SIMS,10,3,7,0,0
Christian,D101,U.S. House,1,Republican,Robert James SUTHERBY,6,1,5,0,0
Christian,D101,U.S. House,1,Republican,Penny ARCOS,8,1,7,0,0
Christian,D101,U.S. House,1,Republican,James R. COMER,128,28,98,0,2
Christian,D101,U.S. House,1,,Under Votes,12,4,8,0,0
Christian,D101,U.S. House,1,,Over Votes,0,0,0,0,0
Christian,D101,Property Valuation Administrator,,,Tabitha Pryor STRADER,55,12,41,0,2
Christian,D101,Property Valuation Administrator,,,Amber EZELL,105,24,81,0,0
Christian,D101,Property Valuation Administrator,,,Under Votes,4,1,3,0,0
Christian,D101,Property Valuation Administrator,,,Over Votes,0,0,0,0,0
Christian,D101,Sheriff,,,Tyler DeARMOND,140,30,108,0,2
Christian,D101,Sheriff,,,Erik PACHECO,22,7,15,0,0
Christian,D101,Sheriff,,,Under Votes,1,0,1,0,0
Christian,D101,Sheriff,,,Over Votes,1,0,1,0,0
Christian,D101,U.S. Senate,,Democratic,Joshua BLANTON SR.,7,1,6,0,0
Christian,D101,U.S. Senate,,Democratic,Vincent Anthony THOMPSON,4,0,4,0,0
Christian,D101,U.S. Senate,,Democratic,Charles BOOKER,41,12,29,0,0
Christian,D101,U.S. Senate,,Democratic,Pamela STEVENSON,5,2,3,0,0
Christian,D101,U.S. Senate,,Democratic,Dale Lewis ROMANS,2,2,0,0,0
Christian,D101,U.S. Senate,,Democratic,Logan FORSYTHE,3,1,2,0,0
Christian,D101,U.S. Senate,,Democratic,Amy McGRATH,24,4,20,0,0
Christian,D101,Mayor City OF Hopkinsville,,,Russ GUFFEY,80,16,64,0,0
Christian,D101,Mayor City OF Hopkinsville,,,James R. KNIGHT JR.,76,20,54,0,2
Christian,D101,Mayor City OF Hopkinsville,,,Sophia Natasha FRANCIS,7,1,6,0,0
Christian,D101,Mayor City OF Hopkinsville,,,Under Votes,1,0,1,0,0
Christian,D101,Mayor City OF Hopkinsville,,,Over Votes,0,0,0,0,0
Christian,D101,City Council City OF Hopkinsville Ward 10,10,,Michael VELEZ,3,0,3,0,0
Christian,D101,City Council City OF Hopkinsville Ward 10,10,,Steve KEEL,5,1,4,0,0
Christian,D101,City Council City OF Hopkinsville Ward 10,10,,Under Votes,0,0,0,0,0
Christian,D101,City Council City OF Hopkinsville Ward 10,10,,Over Votes,0,0,0,0,0
Christian,D102,U.S. Senate,,Republican,Other Donald WENZEL,1,0,1,0,0
Christian,D102,U.S. Senate,,Republican,James D. DUNCAN,2,0,2,0,0
Christian,D102,U.S. Senate,,Republican,George WASHINGTON,2,1,1,0,0
Christian,D102,U.S. Senate,,Republican,"Valerie ""Dr Val"" FREDRICK",1,0,1,0,0
Christian,D102,U.S. Senate,,Republican,Andy BARR,100,24,74,1,1
Christian,D102,U.S. Senate,,Republican,Nate MORRIS,9,1,8,0,0
Christian,D102,U.S. Senate,,Republican,Jimmy I. LEON,0,0,0,0,0
Christian,D102,U.S. Senate,,Republican,A. Nick SHELLEY,2,0,2,0,0
Christian,D102,U.S. Senate,,Republican,Daniel CAMERON,46,11,33,1,1
Christian,D102,U.S. Senate,,Republican,Anissa CATLETT,1,1,0,0,0
Christian,D102,U.S. Senate,,Republican,Michael James FARIS,1,0,1,0,0
Christian,D102,U.S. Senate,,Republican,Jonathan M. HOLLIDAY,1,0,1,0,0
Christian,D102,U.S. Senate,,,Under Votes,13,2,10,0,1
Christian,D102,U.S. Senate,,,Over Votes,0,0,0,0,0
Christian,D102,Ballots Cast,,,,266,,,,
Christian,D102,U.S. House,1,Republican,David SIMS,4,0,4,0,0
Christian,D102,U.S. House,1,Republican,Robert James SUTHERBY,5,0,5,0,0
Christian,D102,U.S. House,1,Republican,Penny ARCOS,9,4,5,0,0
Christian,D102,U.S. House,1,Republican,James R. COMER,145,34,107,2,2
Christian,D102,U.S. House,1,,Under Votes,12,1,10,0,1
Christian,D102,U.S. House,1,,Over Votes,0,0,0,0,0
Christian,D102,Property Valuation Administrator,,,Tabitha Pryor STRADER,64,14,47,0,3
Christian,D102,Property Valuation Administrator,,,Amber EZELL,108,25,81,2,0
Christian,D102,Property Valuation Administrator,,,Under Votes,3,0,3,0,0
Christian,D102,Property Valuation Administrator,,,Over Votes,0,0,0,0,0
Christian,D102,Sheriff,,,Tyler DeARMOND,155,33,117,2,3
Christian,D102,Sheriff,,,Erik PACHECO,17,6,11,0,0
Christian,D102,Sheriff,,,Under Votes,3,0,3,0,0
Christian,D102,Sheriff,,,Over Votes,0,0,0,0,0
Christian,D102,U.S. Senate,,Democratic,Joshua BLANTON SR.,5,2,3,0,0
Christian,D102,U.S. Senate,,Democratic,Vincent Anthony THOMPSON,1,0,1,0,0
Christian,D102,U.S. Senate,,Democratic,Charles BOOKER,42,6,32,4,0
Christian,D102,U.S. Senate,,Democratic,Pamela STEVENSON,4,0,4,0,0
Christian,D102,U.S. Senate,,Democratic,Dale Lewis ROMANS,1,0,1,0,0
Christian,D102,U.S. Senate,,Democratic,Logan FORSYTHE,3,0,3,0,0
Christian,D102,U.S. Senate,,Democratic,Amy McGRATH,31,8,23,0,0
Christian,D102,Mayor City OF Hopkinsville,,,Russ GUFFEY,105,22,79,1,3
Christian,D102,Mayor City OF Hopkinsville,,,James R. KNIGHT JR.,68,15,52,1,0
Christian,D102,Mayor City OF Hopkinsville,,,Sophia Natasha FRANCIS,2,2,0,0,0
Christian,D102,Mayor City OF Hopkinsville,,,Under Votes,0,0,0,0,0
Christian,D102,Mayor City OF Hopkinsville,,,Over Votes,0,0,0,0,0
Christian,D103,U.S. Senate,,Republican,Other Donald WENZEL,0,0,0,0,0
Christian,D103,U.S. Senate,,Republican,James D. DUNCAN,3,2,1,0,0
Christian,D103,U.S. Senate,,Republican,George WASHINGTON,4,0,4,0,0
Christian,D103,U.S. Senate,,Republican,"Valerie ""Dr Val"" FREDRICK",0,0,0,0,0
Christian,D103,U.S. Senate,,Republican,Andy BARR,107,38,67,1,1
Christian,D103,U.S. Senate,,Republican,Nate MORRIS,14,7,7,0,0
Christian,D103,U.S. Senate,,Republican,Jimmy I. LEON,0,0,0,0,0
Christian,D103,U.S. Senate,,Republican,A. Nick SHELLEY,0,0,0,0,0
Christian,D103,U.S. Senate,,Republican,Daniel CAMERON,31,6,24,0,1
Christian,D103,U.S. Senate,,Republican,Anissa CATLETT,1,0,1,0,0
Christian,D103,U.S. Senate,,Republican,Michael James FARIS,3,0,3,0,0
Christian,D103,U.S. Senate,,Republican,Jonathan M. HOLLIDAY,0,0,0,0,0
Christian,D103,U.S. Senate,,,Under Votes,6,0,6,0,0
Christian,D103,U.S. Senate,,,Over Votes,0,0,0,0,0
Christian,D103,Ballots Cast,,,,254,,,,
Christian,D103,U.S. House,1,Republican,David SIMS,7,2,5,0,0
Christian,D103,U.S. House,1,Republican,Robert James SUTHERBY,6,0,6,0,0
Christian,D103,U.S. House,1,Republican,Penny ARCOS,2,1,1,0,0
Christian,D103,U.S. House,1,Republican,James R. COMER,143,48,92,1,2
Christian,D103,U.S. House,1,,Under Votes,10,2,8,0,0
Christian,D103,U.S. House,1,,Over Votes,0,0,0,0,0
Christian,D103,Property Valuation Administrator,,,Tabitha Pryor STRADER,35,13,22,0,0
Christian,D103,Property Valuation Administrator,,,Amber EZELL,125,37,85,1,2
Christian,D103,Property Valuation Administrator,,,Under Votes,8,3,5,0,0
Christian,D103,Property Valuation Administrator,,,Over Votes,0,0,0,0,0
Christian,D103,Sheriff,,,Tyler DeARMOND,153,50,100,1,2
Christian,D103,Sheriff,,,Erik PACHECO,12,3,9,0,0
Christian,D103,Sheriff,,,Under Votes,3,0,3,0,0
Christian,D103,Sheriff,,,Over Votes,0,0,0,0,0
Christian,D103,U.S. Senate,,Democratic,Joshua BLANTON SR.,5,2,3,0,0
Christian,D103,U.S. Senate,,Democratic,Vincent Anthony THOMPSON,4,2,2,0,0
Christian,D103,U.S. Senate,,Democratic,Charles BOOKER,28,6,20,2,0
Christian,D103,U.S. Senate,,Democratic,Pamela STEVENSON,10,3,6,0,1
Christian,D103,U.S. Senate,,Democratic,Dale Lewis ROMANS,3,0,3,0,0
Christian,D103,U.S. Senate,,Democratic,Logan FORSYTHE,5,0,5,0,0
Christian,D103,U.S. Senate,,Democratic,Amy McGRATH,30,8,22,0,0
Christian,D103,Mayor City OF Hopkinsville,,,Russ GUFFEY,103,31,69,1,2
Christian,D103,Mayor City OF Hopkinsville,,,James R. KNIGHT JR.,63,22,41,0,0
Christian,D103,Mayor City OF Hopkinsville,,,Sophia Natasha FRANCIS,1,0,1,0,0
Christian,D103,Mayor City OF Hopkinsville,,,Under Votes,1,0,1,0,0
Christian,D103,Mayor City OF Hopkinsville,,,Over Votes,0,0,0,0,0
Christian,D104,U.S. Senate,,Republican,Other Donald WENZEL,1,0,1,0,0
Christian,D104,U.S. Senate,,Republican,James D. DUNCAN,4,0,4,0,0
Christian,D104,U.S. Senate,,Republican,George WASHINGTON,0,0,0,0,0
Christian,D104,U.S. Senate,,Republican,"Valerie ""Dr Val"" FREDRICK",0,0,0,0,0
Christian,D104,U.S. Senate,,Republican,Andy BARR,94,7,86,1,0
Christian,D104,U.S. Senate,,Republican,Nate MORRIS,6,1,5,0,0
Christian,D104,U.S. Senate,,Republican,Jimmy I. LEON,0,0,0,0,0
Christian,D104,U.S. Senate,,Republican,A. Nick SHELLEY,0,0,0,0,0
Christian,D104,U.S. Senate,,Republican,Daniel CAMERON,18,3,15,0,0
Christian,D104,U.S. Senate,,Republican,Anissa CATLETT,2,0,2,0,0
Christian,D104,U.S. Senate,,Republican,Michael James FARIS,1,0,1,0,0
Christian,D104,U.S. Senate,,Republican,Jonathan M. HOLLIDAY,1,0,1,0,0
Christian,D104,U.S. Senate,,,Under Votes,5,1,4,0,0
Christian,D104,U.S. Senate,,,Over Votes,0,0,0,0,0
Christian,D104,Ballots Cast,,,,165,,,,
Christian,D104,U.S. House,1,Republican,David SIMS,8,0,8,0,0
Christian,D104,U.S. House,1,Republican,Robert James SUTHERBY,5,1,4,0,0
Christian,D104,U.S. House,1,Republican,Penny ARCOS,1,0,1,0,0
Christian,D104,U.S. House,1,Republican,James R. COMER,110,10,99,1,0
Christian,D104,U.S. House,1,,Under Votes,7,1,6,0,0
Christian,D104,U.S. House,1,,Over Votes,0,0,0,0,0
Christian,D104,Property Valuation Administrator,,,Tabitha Pryor STRADER,76,6,69,1,0
Christian,D104,Property Valuation Administrator,,,Amber EZELL,54,6,48,0,0
Christian,D104,Property Valuation Administrator,,,Under Votes,1,0,1,0,0
Christian,D104,Property Valuation Administrator,,,Over Votes,0,0,0,0,0
Christian,D104,Sheriff,,,Tyler DeARMOND,120,12,107,1,0
Christian,D104,Sheriff,,,Erik PACHECO,11,0,11,0,0
Christian,D104,Sheriff,,,Under Votes,0,0,0,0,0
Christian,D104,Sheriff,,,Over Votes,0,0,0,0,0
Christian,D104,U.S. Senate,,Democratic,Joshua BLANTON SR.,5,2,3,0,0
Christian,D104,U.S. Senate,,Democratic,Vincent Anthony THOMPSON,1,0,1,0,0
Christian,D104,U.S. Senate,,Democratic,Charles BOOKER,10,1,9,0,0
Christian,D104,U.S. Senate,,Democratic,Pamela STEVENSON,4,1,3,0,0
Christian,D104,U.S. Senate,,Democratic,Dale Lewis ROMANS,1,0,1,0,0
Christian,D104,U.S. Senate,,Democratic,Logan FORSYTHE,0,0,0,0,0
Christian,D104,U.S. Senate,,Democratic,Amy McGRATH,12,4,8,0,0
Christian,D105,U.S. Senate,,Republican,Other Donald WENZEL,0,0,0,0,0
Christian,D105,U.S. Senate,,Republican,James D. DUNCAN,1,0,1,0,0
Christian,D105,U.S. Senate,,Republican,George WASHINGTON,1,0,1,0,0
Christian,D105,U.S. Senate,,Republican,"Valerie ""Dr Val"" FREDRICK",0,0,0,0,0
Christian,D105,U.S. Senate,,Republican,Andy BARR,50,2,48,0,0
Christian,D105,U.S. Senate,,Republican,Nate MORRIS,3,0,3,0,0
Christian,D105,U.S. Senate,,Republican,Jimmy I. LEON,0,0,0,0,0
Christian,D105,U.S. Senate,,Republican,A. Nick SHELLEY,0,0,0,0,0
Christian,D105,U.S. Senate,,Republican,Daniel CAMERON,25,0,25,0,0
Christian,D105,U.S. Senate,,Republican,Anissa CATLETT,0,0,0,0,0
Christian,D105,U.S. Senate,,Republican,Michael James FARIS,1,0,1,0,0
Christian,D105,U.S. Senate,,Republican,Jonathan M. HOLLIDAY,0,0,0,0,0
Christian,D105,U.S. Senate,,,Under Votes,2,1,1,0,0
Christian,D105,U.S. Senate,,,Over Votes,0,0,0,0,0
Christian,D105,Ballots Cast,,,,105,,,,
Christian,D105,U.S. House,1,Republican,David SIMS,8,0,8,0,0
Christian,D105,U.S. House,1,Republican,Robert James SUTHERBY,1,0,1,0,0
Christian,D105,U.S. House,1,Republican,Penny ARCOS,1,0,1,0,0
Christian,D105,U.S. House,1,Republican,James R. COMER,70,1,69,0,0
Christian,D105,U.S. House,1,,Under Votes,2,2,0,0,0
Christian,D105,U.S. House,1,,Over Votes,0,0,0,0,0
Christian,D105,Property Valuation Administrator,,,Tabitha Pryor STRADER,71,3,68,0,0
Christian,D105,Property Valuation Administrator,,,Amber EZELL,9,0,9,0,0
Christian,D105,Property Valuation Administrator,,,Under Votes,2,0,2,0,0
Christian,D105,Property Valuation Administrator,,,Over Votes,0,0,0,0,0
Christian,D105,Sheriff,,,Tyler DeARMOND,70,3,67,0,0
Christian,D105,Sheriff,,,Erik PACHECO,11,0,11,0,0
Christian,D105,Sheriff,,,Under Votes,1,0,1,0,0
Christian,D105,Sheriff,,,Over Votes,0,0,0,0,0
Christian,D105,U.S. Senate,,Democratic,Joshua BLANTON SR.,2,1,1,0,0
Christian,D105,U.S. Senate,,Democratic,Vincent Anthony THOMPSON,1,0,1,0,0
Christian,D105,U.S. Senate,,Democratic,Charles BOOKER,4,0,4,0,0
Christian,D105,U.S. Senate,,Democratic,Pamela STEVENSON,3,0,3,0,0
Christian,D105,U.S. Senate,,Democratic,Dale Lewis ROMANS,1,0,1,0,0
Christian,D105,U.S. Senate,,Democratic,Logan FORSYTHE,1,0,1,0,0
Christian,D105,U.S. Senate,,Democratic,Amy McGRATH,10,0,10,0,0
Christian,D106,U.S. Senate,,Republican,Other Donald WENZEL,0,0,0,0,0
Christian,D106,U.S. Senate,,Republican,James D. DUNCAN,0,0,0,0,0
Christian,D106,U.S. Senate,,Republican,George WASHINGTON,2,0,2,0,0
Christian,D106,U.S. Senate,,Republican,"Valerie ""Dr Val"" FREDRICK",2,0,2,0,0
Christian,D106,U.S. Senate,,Republican,Andy BARR,53,14,39,0,0
Christian,D106,U.S. Senate,,Republican,Nate MORRIS,2,2,0,0,0
Christian,D106,U.S. Senate,,Republican,Jimmy I. LEON,0,0,0,0,0
Christian,D106,U.S. Senate,,Republican,A. Nick SHELLEY,2,2,0,0,0
Christian,D106,U.S. Senate,,Republican,Daniel CAMERON,21,6,15,0,0
Christian,D106,U.S. Senate,,Republican,Anissa CATLETT,0,0,0,0,0
Christian,D106,U.S. Senate,,Republican,Michael James FARIS,0,0,0,0,0
Christian,D106,U.S. Senate,,Republican,Jonathan M. HOLLIDAY,2,1,1,0,0
Christian,D106,U.S. Senate,,,Under Votes,2,0,2,0,0
Christian,D106,U.S. Senate,,,Over Votes,1,0,1,0,0
Christian,D106,Ballots Cast,,,,116,,,,
Christian,D106,U.S. House,1,Republican,David SIMS,1,1,0,0,0
Christian,D106,U.S. House,1,Republican,Robert James SUTHERBY,1,0,1,0,0
Christian,D106,U.S. House,1,Republican,Penny ARCOS,3,0,3,0,0
Christian,D106,U.S. House,1,Republican,James R. COMER,81,24,57,0,0
Christian,D106,U.S. House,1,,Under Votes,0,0,0,0,0
Christian,D106,U.S. House,1,,Over Votes,0,0,0,0,0
Christian,D106,Property Valuation Administrator,,,Tabitha Pryor STRADER,48,15,33,0,0
Christian,D106,Property Valuation Administrator,,,Amber EZELL,36,10,26,0,0
Christian,D106,Property Valuation Administrator,,,Under Votes,1,0,1,0,0
Christian,D106,Property Valuation Administrator,,,Over Votes,1,0,1,0,0
Christian,D106,Sheriff,,,Tyler DeARMOND,79,23,56,0,0
Christian,D106,Sheriff,,,Erik PACHECO,6,2,4,0,0
Christian,D106,Sheriff,,,Under Votes,1,0,1,0,0
Christian,D106,Sheriff,,,Over Votes,0,0,0,0,0
Christian,D106,U.S. Senate,,Democratic,Joshua BLANTON SR.,2,1,1,0,0
Christian,D106,U.S. Senate,,Democratic,Vincent Anthony THOMPSON,0,0,0,0,0
Christian,D106,U.S. Senate,,Democratic,Charles BOOKER,8,4,4,0,0
Christian,D106,U.S. Senate,,Democratic,Pamela STEVENSON,4,2,2,0,0
Christian,D106,U.S. Senate,,Democratic,Dale Lewis ROMANS,1,0,1,0,0
Christian,D106,U.S. Senate,,Democratic,Logan FORSYTHE,1,0,1,0,0
Christian,D106,U.S. Senate,,Democratic,Amy McGRATH,13,4,8,1,0
Christian,D107,U.S. Senate,,Republican,Other Donald WENZEL,0,0,0,0,0
Christian,D107,U.S. Senate,,Republican,James D. DUNCAN,0,0,0,0,0
Christian,D107,U.S. Senate,,Republican,George WASHINGTON,0,0,0,0,0
Christian,D107,U.S. Senate,,Republican,"Valerie ""Dr Val"" FREDRICK",1,1,0,0,0
Christian,D107,U.S. Senate,,Republican,Andy BARR,130,53,77,0,0
Christian,D107,U.S. Senate,,Republican,Nate MORRIS,11,3,8,0,0
Christian,D107,U.S. Senate,,Republican,Jimmy I. LEON,0,0,0,0,0
Christian,D107,U.S. Senate,,Republican,A. Nick SHELLEY,0,0,0,0,0
Christian,D107,U.S. Senate,,Republican,Daniel CAMERON,41,13,28,0,0
Christian,D107,U.S. Senate,,Republican,Anissa CATLETT,1,1,0,0,0
Christian,D107,U.S. Senate,,Republican,Michael James FARIS,0,0,0,0,0
Christian,D107,U.S. Senate,,Republican,Jonathan M. HOLLIDAY,1,0,1,0,0
Christian,D107,U.S. Senate,,,Under Votes,8,3,5,0,0
Christian,D107,U.S. Senate,,,Over Votes,2,2,0,0,0
Christian,D107,Ballots Cast,,,,306,,,,
Christian,D107,U.S. House,1,Republican,David SIMS,7,1,6,0,0
Christian,D107,U.S. House,1,Republican,Robert James SUTHERBY,4,1,3,0,0
Christian,D107,U.S. House,1,Republican,Penny ARCOS,1,1,0,0,0
Christian,D107,U.S. House,1,Republican,James R. COMER,166,66,100,0,0
Christian,D107,U.S. House,1,,Under Votes,13,5,8,0,0
Christian,D107,U.S. House,1,,Over Votes,0,0,0,0,0
Christian,D107,Property Valuation Administrator,,,Tabitha Pryor STRADER,54,18,36,0,0
Christian,D107,Property Valuation Administrator,,,Amber EZELL,134,54,80,0,0
Christian,D107,Property Valuation Administrator,,,Under Votes,3,2,1,0,0
Christian,D107,Property Valuation Administrator,,,Over Votes,0,0,0,0,0
Christian,D107,Sheriff,,,Tyler DeARMOND,170,65,105,0,0
Christian,D107,Sheriff,,,Erik PACHECO,20,8,12,0,0
Christian,D107,Sheriff,,,Under Votes,1,1,0,0,0
Christian,D107,Sheriff,,,Over Votes,0,0,0,0,0
Christian,D107,U.S. Senate,,Democratic,Joshua BLANTON SR.,7,3,4,0,0
Christian,D107,U.S. Senate,,Democratic,Vincent Anthony THOMPSON,3,1,2,0,0
Christian,D107,U.S. Senate,,Democratic,Charles BOOKER,57,8,48,1,0
Christian,D107,U.S. Senate,,Democratic,Pamela STEVENSON,11,4,7,0,0
Christian,D107,U.S. Senate,,Democratic,Dale Lewis ROMANS,0,0,0,0,0
Christian,D107,U.S. Senate,,Democratic,Logan FORSYTHE,3,0,3,0,0
Christian,D107,U.S. Senate,,Democratic,Amy McGRATH,30,10,20,0,0
Christian,D107,Mayor City OF Hopkinsville,,,Russ GUFFEY,111,43,68,0,0
Christian,D107,Mayor City OF Hopkinsville,,,James R. KNIGHT JR.,79,31,48,0,0
Christian,D107,Mayor City OF Hopkinsville,,,Sophia Natasha FRANCIS,1,0,1,0,0
Christian,D107,Mayor City OF Hopkinsville,,,Under Votes,0,0,0,0,0
Christian,D107,Mayor City OF Hopkinsville,,,Over Votes,0,0,0,0,0
Christian,E101,U.S. Senate,,Republican,Other Donald WENZEL,0,0,0,0,0
Christian,E101,U.S. Senate,,Republican,James D. DUNCAN,1,0,1,0,0
Christian,E101,U.S. Senate,,Republican,George WASHINGTON,2,0,1,1,0
Christian,E101,U.S. Senate,,Republican,"Valerie ""Dr Val"" FREDRICK",1,0,1,0,0
Christian,E101,U.S. Senate,,Republican,Andy BARR,14,1,13,0,0
Christian,E101,U.S. Senate,,Republican,Nate MORRIS,1,0,1,0,0
Christian,E101,U.S. Senate,,Republican,Jimmy I. LEON,0,0,0,0,0
Christian,E101,U.S. Senate,,Republican,A. Nick SHELLEY,0,0,0,0,0
Christian,E101,U.S. Senate,,Republican,Daniel CAMERON,8,2,6,0,0
Christian,E101,U.S. Senate,,Republican,Anissa CATLETT,0,0,0,0,0
Christian,E101,U.S. Senate,,Republican,Michael James FARIS,3,0,3,0,0
Christian,E101,U.S. Senate,,Republican,Jonathan M. HOLLIDAY,0,0,0,0,0
Christian,E101,U.S. Senate,,,Under Votes,1,0,1,0,0
Christian,E101,U.S. Senate,,,Over Votes,0,0,0,0,0
Christian,E101,Ballots Cast,,,,94,,,,
Christian,E101,U.S. House,1,Republican,David SIMS,1,0,1,0,0
Christian,E101,U.S. House,1,Republican,Robert James SUTHERBY,2,0,1,1,0
Christian,E101,U.S. House,1,Republican,Penny ARCOS,2,0,2,0,0
Christian,E101,U.S. House,1,Republican,James R. COMER,24,3,21,0,0
Christian,E101,U.S. House,1,,Under Votes,2,0,2,0,0
Christian,E101,U.S. House,1,,Over Votes,0,0,0,0,0
Christian,E101,Property Valuation Administrator,,,Tabitha Pryor STRADER,9,1,8,0,0
Christian,E101,Property Valuation Administrator,,,Amber EZELL,22,2,19,1,0
Christian,E101,Property Valuation Administrator,,,Under Votes,0,0,0,0,0
Christian,E101,Property Valuation Administrator,,,Over Votes,0,0,0,0,0
Christian,E101,Sheriff,,,Tyler DeARMOND,28,3,25,0,0
Christian,E101,Sheriff,,,Erik PACHECO,3,0,2,1,0
Christian,E101,Sheriff,,,Under Votes,0,0,0,0,0
Christian,E101,Sheriff,,,Over Votes,0,0,0,0,0
Christian,E101,Magistrate,,,Jonathan ZORDEL,9,1,7,1,0
Christian,E101,Magistrate,,,Austin CRAWFORD,20,2,18,0,0
Christian,E101,Magistrate,,,Virginia HURT-ERXLEBEN,2,0,2,0,0
Christian,E101,Magistrate,,,Under Votes,0,0,0,0,0
Christian,E101,Magistrate,,,Over Votes,0,0,0,0,0
Christian,E101,U.S. Senate,,Democratic,Joshua BLANTON SR.,1,0,1,0,0
Christian,E101,U.S. Senate,,Democratic,Vincent Anthony THOMPSON,1,0,1,0,0
Christian,E101,U.S. Senate,,Democratic,Charles BOOKER,40,5,33,2,0
Christian,E101,U.S. Senate,,Democratic,Pamela STEVENSON,7,0,7,0,0
Christian,E101,U.S. Senate,,Democratic,Dale Lewis ROMANS,0,0,0,0,0
Christian,E101,U.S. Senate,,Democratic,Logan FORSYTHE,1,1,0,0,0
Christian,E101,U.S. Senate,,Democratic,Amy McGRATH,13,2,10,1,0
Christian,E101,Mayor City OF Hopkinsville,,,Russ GUFFEY,5,1,4,0,0
Christian,E101,Mayor City OF Hopkinsville,,,James R. KNIGHT JR.,24,2,21,1,0
Christian,E101,Mayor City OF Hopkinsville,,,Sophia Natasha FRANCIS,2,0,2,0,0
Christian,E101,Mayor City OF Hopkinsville,,,Under Votes,0,0,0,0,0
Christian,E101,Mayor City OF Hopkinsville,,,Over Votes,0,0,0,0,0
Christian,E101,City Council City OF Hopkinsville Ward 9,9,,Brittanie M. BOGARD,1,0,1,0,0
Christian,E101,City Council City OF Hopkinsville Ward 9,9,,Jamie Lynn LIENBERGER,4,0,4,0,0
Christian,E101,City Council City OF Hopkinsville Ward 9,9,,Under Votes,0,0,0,0,0
Christian,E101,City Council City OF Hopkinsville Ward 9,9,,Over Votes,0,0,0,0,0
Christian,E101,City Council City OF Hopkinsville Ward 9,9,,Ardell Glenn OWENS,1,0,1,0,0
Christian,E101,City Council City OF Hopkinsville Ward 9,9,,Duane SHEPARD,0,0,0,0,0
Christian,E101,City Council City OF Hopkinsville Ward 9,9,,Monike LOVE,8,1,7,0,0
Christian,E102,U.S. Senate,,Republican,Other Donald WENZEL,1,0,1,0,0
Christian,E102,U.S. Senate,,Republican,James D. DUNCAN,1,0,1,0,0
Christian,E102,U.S. Senate,,Republican,George WASHINGTON,2,0,2,0,0
Christian,E102,U.S. Senate,,Republican,"Valerie ""Dr Val"" FREDRICK",4,1,3,0,0
Christian,E102,U.S. Senate,,Republican,Andy BARR,68,30,35,1,2
Christian,E102,U.S. Senate,,Republican,Nate MORRIS,15,2,13,0,0
Christian,E102,U.S. Senate,,Republican,Jimmy I. LEON,1,1,0,0,0
Christian,E102,U.S. Senate,,Republican,A. Nick SHELLEY,2,1,1,0,0
Christian,E102,U.S. Senate,,Republican,Daniel CAMERON,32,7,25,0,0
Christian,E102,U.S. Senate,,Republican,Anissa CATLETT,1,0,1,0,0
Christian,E102,U.S. Senate,,Republican,Michael James FARIS,0,0,0,0,0
Christian,E102,U.S. Senate,,Republican,Jonathan M. HOLLIDAY,1,0,1,0,0
Christian,E102,U.S. Senate,,,Under Votes,8,0,8,0,0
Christian,E102,U.S. Senate,,,Over Votes,1,0,1,0,0
Christian,E102,Ballots Cast,,,,235,,,,
Christian,E102,U.S. House,1,Republican,David SIMS,6,2,4,0,0
Christian,E102,U.S. House,1,Republican,Robert James SUTHERBY,6,2,4,0,0
Christian,E102,U.S. House,1,Republican,Penny ARCOS,10,3,7,0,0
Christian,E102,U.S. House,1,Republican,James R. COMER,104,34,67,1,2
Christian,E102,U.S. House,1,,Under Votes,9,1,8,0,0
Christian,E102,U.S. House,1,,Over Votes,0,0,0,0,0
Christian,E102,Property Valuation Administrator,,,Tabitha Pryor STRADER,46,11,33,1,1
Christian,E102,Property Valuation Administrator,,,Amber EZELL,83,31,51,0,1
Christian,E102,Property Valuation Administrator,,,Under Votes,6,0,6,0,0
Christian,E102,Property Valuation Administrator,,,Over Votes,0,0,0,0,0
Christian,E102,Sheriff,,,Tyler DeARMOND,112,36,73,1,2
Christian,E102,Sheriff,,,Erik PACHECO,17,5,12,0,0
Christian,E102,Sheriff,,,Under Votes,6,1,5,0,0
Christian,E102,Sheriff,,,Over Votes,0,0,0,0,0
Christian,E102,Magistrate,,,Jonathan ZORDEL,55,16,39,0,0
Christian,E102,Magistrate,,,Austin CRAWFORD,69,24,43,0,2
Christian,E102,Magistrate,,,Virginia HURT-ERXLEBEN,3,1,2,0,0
Christian,E102,Magistrate,,,Under Votes,8,1,6,1,0
Christian,E102,Magistrate,,,Over Votes,0,0,0,0,0
Christian,E102,U.S. Senate,,Democratic,Joshua BLANTON SR.,4,2,2,0,0
Christian,E102,U.S. Senate,,Democratic,Vincent Anthony THOMPSON,2,1,1,0,0
Christian,E102,U.S. Senate,,Democratic,Charles BOOKER,40,10,25,4,1
Christian,E102,U.S. Senate,,Democratic,Pamela STEVENSON,10,3,7,0,0
Christian,E102,U.S. Senate,,Democratic,Dale Lewis ROMANS,2,0,2,0,0
Christian,E102,U.S. Senate,,Democratic,Logan FORSYTHE,2,0,2,0,0
Christian,E102,U.S. Senate,,Democratic,Amy McGRATH,38,12,25,1,0
Christian,E102,Mayor City OF Hopkinsville,,,Russ GUFFEY,70,21,49,0,0
Christian,E102,Mayor City OF Hopkinsville,,,James R. KNIGHT JR.,59,19,37,1,2
Christian,E102,Mayor City OF Hopkinsville,,,Sophia Natasha FRANCIS,5,2,3,0,0
Christian,E102,Mayor City OF Hopkinsville,,,Under Votes,1,0,1,0,0
Christian,E102,Mayor City OF Hopkinsville,,,Over Votes,0,0,0,0,0
Christian,E102,City Council City OF Hopkinsville Ward 10,10,,Michael VELEZ,54,15,36,1,2
Christian,E102,City Council City OF Hopkinsville Ward 10,10,,Steve KEEL,70,26,44,0,0
Christian,E102,City Council City OF Hopkinsville Ward 10,10,,Under Votes,11,1,10,0,0
Christian,E102,City Council City OF Hopkinsville Ward 10,10,,Over Votes,0,0,0,0,0
Christian,E103,U.S. Senate,,Republican,Other Donald WENZEL,0,0,0,0,0
Christian,E103,U.S. Senate,,Republican,James D. DUNCAN,2,1,1,0,0
Christian,E103,U.S. Senate,,Republican,George WASHINGTON,3,0,3,0,0
Christian,E103,U.S. Senate,,Republican,"Valerie ""Dr Val"" FREDRICK",1,0,1,0,0
Christian,E103,U.S. Senate,,Republican,Andy BARR,107,30,75,1,1
Christian,E103,U.S. Senate,,Republican,Nate MORRIS,21,5,16,0,0
Christian,E103,U.S. Senate,,Republican,Jimmy I. LEON,1,1,0,0,0
Christian,E103,U.S. Senate,,Republican,A. Nick SHELLEY,0,0,0,0,0
Christian,E103,U.S. Senate,,Republican,Daniel CAMERON,36,9,27,0,0
Christian,E103,U.S. Senate,,Republican,Anissa CATLETT,3,1,2,0,0
Christian,E103,U.S. Senate,,Republican,Michael James FARIS,2,0,2,0,0
Christian,E103,U.S. Senate,,Republican,Jonathan M. HOLLIDAY,0,0,0,0,0
Christian,E103,U.S. Senate,,,Under Votes,9,1,8,0,0
Christian,E103,U.S. Senate,,,Over Votes,0,0,0,0,0
Christian,E103,Ballots Cast,,,,283,,,,
Christian,E103,U.S. House,1,Republican,David SIMS,8,2,6,0,0
Christian,E103,U.S. House,1,Republican,Robert James SUTHERBY,5,2,3,0,0
Christian,E103,U.S. House,1,Republican,Penny ARCOS,5,0,5,0,0
Christian,E103,U.S. House,1,Republican,James R. COMER,153,43,108,1,1
Christian,E103,U.S. House,1,,Under Votes,12,0,12,0,0
Christian,E103,U.S. House,1,,Over Votes,0,0,0,0,0
Christian,E103,Property Valuation Administrator,,,Tabitha Pryor STRADER,67,20,47,0,0
Christian,E103,Property Valuation Administrator,,,Amber EZELL,113,27,84,1,1
Christian,E103,Property Valuation Administrator,,,Under Votes,3,0,3,0,0
Christian,E103,Property Valuation Administrator,,,Over Votes,0,0,0,0,0
Christian,E103,Sheriff,,,Tyler DeARMOND,155,39,114,1,1
Christian,E103,Sheriff,,,Erik PACHECO,27,8,19,0,0
Christian,E103,Sheriff,,,Under Votes,1,0,1,0,0
Christian,E103,Sheriff,,,Over Votes,0,0,0,0,0
Christian,E103,Magistrate,,,Jonathan ZORDEL,51,16,35,0,0
Christian,E103,Magistrate,,,Austin CRAWFORD,117,30,86,1,0
Christian,E103,Magistrate,,,Virginia HURT-ERXLEBEN,6,1,5,0,0
Christian,E103,Magistrate,,,Under Votes,9,0,8,0,1
Christian,E103,Magistrate,,,Over Votes,0,0,0,0,0
Christian,E103,U.S. Senate,,Democratic,Joshua BLANTON SR.,8,2,6,0,0
Christian,E103,U.S. Senate,,Democratic,Vincent Anthony THOMPSON,3,1,2,0,0
Christian,E103,U.S. Senate,,Democratic,Charles BOOKER,41,4,36,1,0
Christian,E103,U.S. Senate,,Democratic,Pamela STEVENSON,8,3,5,0,0
Christian,E103,U.S. Senate,,Democratic,Dale Lewis ROMANS,1,0,1,0,0
Christian,E103,U.S. Senate,,Democratic,Logan FORSYTHE,1,0,1,0,0
Christian,E103,U.S. Senate,,Democratic,Amy McGRATH,36,9,27,0,0
Christian,E103,Mayor City OF Hopkinsville,,,Russ GUFFEY,86,18,67,0,1
Christian,E103,Mayor City OF Hopkinsville,,,James R. KNIGHT JR.,95,29,65,1,0
Christian,E103,Mayor City OF Hopkinsville,,,Sophia Natasha FRANCIS,2,0,2,0,0
Christian,E103,Mayor City OF Hopkinsville,,,Under Votes,0,0,0,0,0
Christian,E103,Mayor City OF Hopkinsville,,,Over Votes,0,0,0,0,0
Christian,E103,City Council City OF Hopkinsville Ward 10,10,,Michael VELEZ,2,1,1,0,0
Christian,E103,City Council City OF Hopkinsville Ward 10,10,,Steve KEEL,2,0,2,0,0
Christian,E103,City Council City OF Hopkinsville Ward 10,10,,Under Votes,0,0,0,0,0
Christian,E103,City Council City OF Hopkinsville Ward 10,10,,Over Votes,0,0,0,0,0
Christian,E104,U.S. Senate,,Republican,Other Donald WENZEL,0,0,0,0,0
Christian,E104,U.S. Senate,,Republican,James D. DUNCAN,1,0,1,0,0
Christian,E104,U.S. Senate,,Republican,George WASHINGTON,4,0,4,0,0
Christian,E104,U.S. Senate,,Republican,"Valerie ""Dr Val"" FREDRICK",0,0,0,0,0
Christian,E104,U.S. Senate,,Republican,Andy BARR,52,18,34,0,0
Christian,E104,U.S. Senate,,Republican,Nate MORRIS,7,3,3,1,0
Christian,E104,U.S. Senate,,Republican,Jimmy I. LEON,0,0,0,0,0
Christian,E104,U.S. Senate,,Republican,A. Nick SHELLEY,0,0,0,0,0
Christian,E104,U.S. Senate,,Republican,Daniel CAMERON,17,5,12,0,0
Christian,E104,U.S. Senate,,Republican,Anissa CATLETT,0,0,0,0,0
Christian,E104,U.S. Senate,,Republican,Michael James FARIS,0,0,0,0,0
Christian,E104,U.S. Senate,,Republican,Jonathan M. HOLLIDAY,1,1,0,0,0
Christian,E104,U.S. Senate,,,Under Votes,0,0,0,0,0
Christian,E104,U.S. Senate,,,Over Votes,1,0,1,0,0
Christian,E104,Ballots Cast,,,,157,,,,
Christian,E104,U.S. House,1,Republican,David SIMS,2,0,2,0,0
Christian,E104,U.S. House,1,Republican,Robert James SUTHERBY,8,0,8,0,0
Christian,E104,U.S. House,1,Republican,Penny ARCOS,4,1,3,0,0
Christian,E104,U.S. House,1,Republican,James R. COMER,66,26,39,1,0
Christian,E104,U.S. House,1,,Under Votes,2,0,2,0,0
Christian,E104,U.S. House,1,,Over Votes,0,0,0,0,0
Christian,E104,Property Valuation Administrator,,,Tabitha Pryor STRADER,31,6,24,1,0
Christian,E104,Property Valuation Administrator,,,Amber EZELL,50,21,29,0,0
Christian,E104,Property Valuation Administrator,,,Under Votes,1,0,1,0,0
Christian,E104,Property Valuation Administrator,,,Over Votes,0,0,0,0,0
Christian,E104,Sheriff,,,Tyler DeARMOND,65,22,42,1,0
Christian,E104,Sheriff,,,Erik PACHECO,16,5,11,0,0
Christian,E104,Sheriff,,,Under Votes,1,0,1,0,0
Christian,E104,Sheriff,,,Over Votes,0,0,0,0,0
Christian,E104,Magistrate,,,Jonathan ZORDEL,12,3,9,0,0
Christian,E104,Magistrate,,,Austin CRAWFORD,63,22,40,1,0
Christian,E104,Magistrate,,,Virginia HURT-ERXLEBEN,4,2,2,0,0
Christian,E104,Magistrate,,,Under Votes,3,0,3,0,0
Christian,E104,Magistrate,,,Over Votes,0,0,0,0,0
Christian,E104,U.S. Senate,,Democratic,Joshua BLANTON SR.,5,0,5,0,0
Christian,E104,U.S. Senate,,Democratic,Vincent Anthony THOMPSON,1,0,1,0,0
Christian,E104,U.S. Senate,,Democratic,Charles BOOKER,38,7,30,0,1
Christian,E104,U.S. Senate,,Democratic,Pamela STEVENSON,8,1,7,0,0
Christian,E104,U.S. Senate,,Democratic,Dale Lewis ROMANS,1,0,1,0,0
Christian,E104,U.S. Senate,,Democratic,Logan FORSYTHE,2,1,1,0,0
Christian,E104,U.S. Senate,,Democratic,Amy McGRATH,19,8,11,0,0
Christian,E104,Mayor City OF Hopkinsville,,,Russ GUFFEY,40,14,26,0,0
Christian,E104,Mayor City OF Hopkinsville,,,James R. KNIGHT JR.,40,12,27,1,0
Christian,E104,Mayor City OF Hopkinsville,,,Sophia Natasha FRANCIS,0,0,0,0,0
Christian,E104,Mayor City OF Hopkinsville,,,Under Votes,2,1,1,0,0
Christian,E104,Mayor City OF Hopkinsville,,,Over Votes,0,0,0,0,0
Christian,E105,U.S. Senate,,Republican,Other Donald WENZEL,1,0,1,0,0
Christian,E105,U.S. Senate,,Republican,James D. DUNCAN,0,0,0,0,0
Christian,E105,U.S. Senate,,Republican,George WASHINGTON,2,1,1,0,0
Christian,E105,U.S. Senate,,Republican,"Valerie ""Dr Val"" FREDRICK",1,0,1,0,0
Christian,E105,U.S. Senate,,Republican,Andy BARR,41,6,34,1,0
Christian,E105,U.S. Senate,,Republican,Nate MORRIS,1,0,0,1,0
Christian,E105,U.S. Senate,,Republican,Jimmy I. LEON,1,0,1,0,0
Christian,E105,U.S. Senate,,Republican,A. Nick SHELLEY,0,0,0,0,0
Christian,E105,U.S. Senate,,Republican,Daniel CAMERON,17,1,14,2,0
Christian,E105,U.S. Senate,,Republican,Anissa CATLETT,1,0,1,0,0
Christian,E105,U.S. Senate,,Republican,Michael James FARIS,2,1,1,0,0
Christian,E105,U.S. Senate,,Republican,Jonathan M. HOLLIDAY,0,0,0,0,0
Christian,E105,U.S. Senate,,,Under Votes,3,2,1,0,0
Christian,E105,U.S. Senate,,,Over Votes,0,0,0,0,0
Christian,E105,Ballots Cast,,,,130,,,,
Christian,E105,U.S. House,1,Republican,David SIMS,6,0,6,0,0
Christian,E105,U.S. House,1,Republican,Robert James SUTHERBY,9,1,8,0,0
Christian,E105,U.S. House,1,Republican,Penny ARCOS,4,0,4,0,0
Christian,E105,U.S. House,1,Republican,James R. COMER,47,9,34,4,0
Christian,E105,U.S. House,1,,Under Votes,4,1,3,0,0
Christian,E105,U.S. House,1,,Over Votes,0,0,0,0,0
Christian,E105,Property Valuation Administrator,,,Tabitha Pryor STRADER,34,6,26,2,0
Christian,E105,Property Valuation Administrator,,,Amber EZELL,36,5,29,2,0
Christian,E105,Property Valuation Administrator,,,Under Votes,0,0,0,0,0
Christian,E105,Property Valuation Administrator,,,Over Votes,0,0,0,0,0
Christian,E105,Sheriff,,,Tyler DeARMOND,57,7,46,4,0
Christian,E105,Sheriff,,,Erik PACHECO,11,3,8,0,0
Christian,E105,Sheriff,,,Under Votes,2,1,1,0,0
Christian,E105,Sheriff,,,Over Votes,0,0,0,0,0
Christian,E105,Magistrate,,,Jonathan ZORDEL,22,3,15,4,0
Christian,E105,Magistrate,,,Austin CRAWFORD,43,6,37,0,0
Christian,E105,Magistrate,,,Virginia HURT-ERXLEBEN,5,2,3,0,0
Christian,E105,Magistrate,,,Under Votes,0,0,0,0,0
Christian,E105,Magistrate,,,Over Votes,0,0,0,0,0
Christian,E105,U.S. Senate,,Democratic,Joshua BLANTON SR.,4,1,3,0,0
Christian,E105,U.S. Senate,,Democratic,Vincent Anthony THOMPSON,0,0,0,0,0
Christian,E105,U.S. Senate,,Democratic,Charles BOOKER,20,4,14,2,0
Christian,E105,U.S. Senate,,Democratic,Pamela STEVENSON,7,0,7,0,0
Christian,E105,U.S. Senate,,Democratic,Dale Lewis ROMANS,0,0,0,0,0
Christian,E105,U.S. Senate,,Democratic,Logan FORSYTHE,1,0,1,0,0
Christian,E105,U.S. Senate,,Democratic,Amy McGRATH,28,10,16,1,1
Christian,E105,Mayor City OF Hopkinsville,,,Russ GUFFEY,35,8,24,3,0
Christian,E105,Mayor City OF Hopkinsville,,,James R. KNIGHT JR.,34,3,30,1,0
Christian,E105,Mayor City OF Hopkinsville,,,Sophia Natasha FRANCIS,1,0,1,0,0
Christian,E105,Mayor City OF Hopkinsville,,,Under Votes,0,0,0,0,0
Christian,E105,Mayor City OF Hopkinsville,,,Over Votes,0,0,0,0,0
Christian,E105,City Council City OF Hopkinsville Ward 9,9,,Brittanie M. BOGARD,24,4,17,3,0
Christian,E105,City Council City OF Hopkinsville Ward 9,9,,Jamie Lynn LIENBERGER,22,5,16,1,0
Christian,E105,City Council City OF Hopkinsville Ward 9,9,,Under Votes,2,1,1,0,0
Christian,E105,City Council City OF Hopkinsville Ward 9,9,,Over Votes,0,0,0,0,0
Christian,E105,City Council City OF Hopkinsville Ward 9,9,,Ardell Glenn OWENS,15,3,12,0,0
Christian,E105,City Council City OF Hopkinsville Ward 9,9,,Duane SHEPARD,8,3,5,0,0
Christian,E105,City Council City OF Hopkinsville Ward 9,9,,Monike LOVE,17,4,13,0,0
Christian,F101,U.S. Senate,,Republican,Other Donald WENZEL,0,0,0,0,0
Christian,F101,U.S. Senate,,Republican,James D. DUNCAN,1,0,1,0,0
Christian,F101,U.S. Senate,,Republican,George WASHINGTON,0,0,0,0,0
Christian,F101,U.S. Senate,,Republican,"Valerie ""Dr Val"" FREDRICK",0,0,0,0,0
Christian,F101,U.S. Senate,,Republican,Andy BARR,26,7,19,0,0
Christian,F101,U.S. Senate,,Republican,Nate MORRIS,0,0,0,0,0
Christian,F101,U.S. Senate,,Republican,Jimmy I. LEON,0,0,0,0,0
Christian,F101,U.S. Senate,,Republican,A. Nick SHELLEY,0,0,0,0,0
Christian,F101,U.S. Senate,,Republican,Daniel CAMERON,8,2,6,0,0
Christian,F101,U.S. Senate,,Republican,Anissa CATLETT,1,0,0,0,1
Christian,F101,U.S. Senate,,Republican,Michael James FARIS,1,0,1,0,0
Christian,F101,U.S. Senate,,Republican,Jonathan M. HOLLIDAY,0,0,0,0,0
Christian,F101,U.S. Senate,,,Under Votes,0,0,0,0,0
Christian,F101,U.S. Senate,,,Over Votes,0,0,0,0,0
Christian,F101,Ballots Cast,,,,46,,,,
Christian,F101,U.S. House,1,Republican,David SIMS,4,0,4,0,0
Christian,F101,U.S. House,1,Republican,Robert James SUTHERBY,4,2,2,0,0
Christian,F101,U.S. House,1,Republican,Penny ARCOS,2,0,1,0,1
Christian,F101,U.S. House,1,Republican,James R. COMER,27,7,20,0,0
Christian,F101,U.S. House,1,,Under Votes,0,0,0,0,0
Christian,F101,U.S. House,1,,Over Votes,0,0,0,0,0
Christian,F101,Property Valuation Administrator,,,Tabitha Pryor STRADER,18,5,12,0,1
Christian,F101,Property Valuation Administrator,,,Amber EZELL,18,4,14,0,0
Christian,F101,Property Valuation Administrator,,,Under Votes,1,0,1,0,0
Christian,F101,Property Valuation Administrator,,,Over Votes,0,0,0,0,0
Christian,F101,Sheriff,,,Tyler DeARMOND,30,7,22,0,1
Christian,F101,Sheriff,,,Erik PACHECO,7,2,5,0,0
Christian,F101,Sheriff,,,Under Votes,0,0,0,0,0
Christian,F101,Sheriff,,,Over Votes,0,0,0,0,0
Christian,F101,U.S. Senate,,Democratic,Joshua BLANTON SR.,2,1,1,0,0
Christian,F101,U.S. Senate,,Democratic,Vincent Anthony THOMPSON,2,0,2,0,0
Christian,F101,U.S. Senate,,Democratic,Charles BOOKER,0,0,0,0,0
Christian,F101,U.S. Senate,,Democratic,Pamela STEVENSON,0,0,0,0,0
Christian,F101,U.S. Senate,,Democratic,Dale Lewis ROMANS,0,0,0,0,0
Christian,F101,U.S. Senate,,Democratic,Logan FORSYTHE,2,1,1,0,0
Christian,F101,U.S. Senate,,Democratic,Amy McGRATH,3,1,1,0,1
Christian,F102,U.S. Senate,,Republican,Other Donald WENZEL,0,0,0,0,0
Christian,F102,U.S. Senate,,Republican,James D. DUNCAN,2,0,2,0,0
Christian,F102,U.S. Senate,,Republican,George WASHINGTON,1,0,1,0,0
Christian,F102,U.S. Senate,,Republican,"Valerie ""Dr Val"" FREDRICK",0,0,0,0,0
Christian,F102,U.S. Senate,,Republican,Andy BARR,75,0,75,0,0
Christian,F102,U.S. Senate,,Republican,Nate MORRIS,5,0,5,0,0
Christian,F102,U.S. Senate,,Republican,Jimmy I. LEON,0,0,0,0,0
Christian,F102,U.S. Senate,,Republican,A. Nick SHELLEY,0,0,0,0,0
Christian,F102,U.S. Senate,,Republican,Daniel CAMERON,37,0,37,0,0
Christian,F102,U.S. Senate,,Republican,Anissa CATLETT,0,0,0,0,0
Christian,F102,U.S. Senate,,Republican,Michael James FARIS,0,0,0,0,0
Christian,F102,U.S. Senate,,Republican,Jonathan M. HOLLIDAY,0,0,0,0,0
Christian,F102,U.S. Senate,,,Under Votes,5,0,5,0,0
Christian,F102,U.S. Senate,,,Over Votes,2,1,1,0,0
Christian,F102,Ballots Cast,,,,206,,,,
Christian,F102,U.S. House,1,Republican,David SIMS,9,0,9,0,0
Christian,F102,U.S. House,1,Republican,Robert James SUTHERBY,5,0,5,0,0
Christian,F102,U.S. House,1,Republican,Penny ARCOS,0,0,0,0,0
Christian,F102,U.S. House,1,Republican,James R. COMER,104,0,104,0,0
Christian,F102,U.S. House,1,,Under Votes,7,0,7,0,0
Christian,F102,U.S. House,1,,Over Votes,0,0,0,0,0
Christian,F102,Property Valuation Administrator,,,Tabitha Pryor STRADER,34,0,34,0,0
Christian,F102,Property Valuation Administrator,,,Amber EZELL,87,0,87,0,0
Christian,F102,Property Valuation Administrator,,,Under Votes,4,0,4,0,0
Christian,F102,Property Valuation Administrator,,,Over Votes,0,0,0,0,0
Christian,F102,Sheriff,,,Tyler DeARMOND,105,0,105,0,0
Christian,F102,Sheriff,,,Erik PACHECO,18,0,18,0,0
Christian,F102,Sheriff,,,Under Votes,2,0,2,0,0
Christian,F102,Sheriff,,,Over Votes,0,0,0,0,0
Christian,F102,U.S. Senate,,Democratic,Joshua BLANTON SR.,5,0,5,0,0
Christian,F102,U.S. Senate,,Democratic,Vincent Anthony THOMPSON,5,0,5,0,0
Christian,F102,U.S. Senate,,Democratic,Charles BOOKER,35,1,34,0,0
Christian,F102,U.S. Senate,,Democratic,Pamela STEVENSON,6,0,6,0,0
Christian,F102,U.S. Senate,,Democratic,Dale Lewis ROMANS,1,0,1,0,0
Christian,F102,U.S. Senate,,Democratic,Logan FORSYTHE,2,0,2,0,0
Christian,F102,U.S. Senate,,Democratic,Amy McGRATH,25,3,22,0,0
Christian,F103,U.S. Senate,,Republican,Other Donald WENZEL,0,0,0,0,0
Christian,F103,U.S. Senate,,Republican,James D. DUNCAN,2,2,0,0,0
Christian,F103,U.S. Senate,,Republican,George WASHINGTON,1,0,1,0,0
Christian,F103,U.S. Senate,,Republican,"Valerie ""Dr Val"" FREDRICK",0,0,0,0,0
Christian,F103,U.S. Senate,,Republican,Andy BARR,14,0,14,0,0
Christian,F103,U.S. Senate,,Republican,Nate MORRIS,1,0,1,0,0
Christian,F103,U.S. Senate,,Republican,Jimmy I. LEON,0,0,0,0,0
Christian,F103,U.S. Senate,,Republican,A. Nick SHELLEY,0,0,0,0,0
Christian,F103,U.S. Senate,,Republican,Daniel CAMERON,1,0,1,0,0
Christian,F103,U.S. Senate,,Republican,Anissa CATLETT,1,0,1,0,0
Christian,F103,U.S. Senate,,Republican,Michael James FARIS,3,2,1,0,0
Christian,F103,U.S. Senate,,Republican,Jonathan M. HOLLIDAY,0,0,0,0,0
Christian,F103,U.S. Senate,,,Under Votes,0,0,0,0,0
Christian,F103,U.S. Senate,,,Over Votes,0,0,0,0,0
Christian,F103,Ballots Cast,,,,31,,,,
Christian,F103,U.S. House,1,Republican,David SIMS,4,2,2,0,0
Christian,F103,U.S. House,1,Republican,Robert James SUTHERBY,1,0,1,0,0
Christian,F103,U.S. House,1,Republican,Penny ARCOS,2,0,2,0,0
Christian,F103,U.S. House,1,Republican,James R. COMER,16,2,14,0,0
Christian,F103,U.S. House,1,,Under Votes,0,0,0,0,0
Christian,F103,U.S. House,1,,Over Votes,0,0,0,0,0
Christian,F103,Property Valuation Administrator,,,Tabitha Pryor STRADER,7,2,5,0,0
Christian,F103,Property Valuation Administrator,,,Amber EZELL,16,2,14,0,0
Christian,F103,Property Valuation Administrator,,,Under Votes,0,0,0,0,0
Christian,F103,Property Valuation Administrator,,,Over Votes,0,0,0,0,0
Christian,F103,Sheriff,,,Tyler DeARMOND,19,4,15,0,0
Christian,F103,Sheriff,,,Erik PACHECO,4,0,4,0,0
Christian,F103,Sheriff,,,Under Votes,0,0,0,0,0
Christian,F103,Sheriff,,,Over Votes,0,0,0,0,0
Christian,F103,U.S. Senate,,Democratic,Joshua BLANTON SR.,1,0,1,0,0
Christian,F103,U.S. Senate,,Democratic,Vincent Anthony THOMPSON,0,0,0,0,0
Christian,F103,U.S. Senate,,Democratic,Charles BOOKER,2,0,2,0,0
Christian,F103,U.S. Senate,,Democratic,Pamela STEVENSON,1,0,1,0,0
Christian,F103,U.S. Senate,,Democratic,Dale Lewis ROMANS,0,0,0,0,0
Christian,F103,U.S. Senate,,Democratic,Logan FORSYTHE,1,0,1,0,0
Christian,F103,U.S. Senate,,Democratic,Amy McGRATH,3,0,3,0,0
Christian,F104,U.S. Senate,,Republican,Other Donald WENZEL,0,0,0,0,0
Christian,F104,U.S. Senate,,Republican,James D. DUNCAN,1,0,1,0,0
Christian,F104,U.S. Senate,,Republican,George WASHINGTON,1,0,1,0,0
Christian,F104,U.S. Senate,,Republican,"Valerie ""Dr Val"" FREDRICK",1,0,1,0,0
Christian,F104,U.S. Senate,,Republican,Andy BARR,39,3,35,1,0
Christian,F104,U.S. Senate,,Republican,Nate MORRIS,7,0,7,0,0
Christian,F104,U.S. Senate,,Republican,Jimmy I. LEON,0,0,0,0,0
Christian,F104,U.S. Senate,,Republican,A. Nick SHELLEY,2,0,2,0,0
Christian,F104,U.S. Senate,,Republican,Daniel CAMERON,8,1,7,0,0
Christian,F104,U.S. Senate,,Republican,Anissa CATLETT,1,0,1,0,0
Christian,F104,U.S. Senate,,Republican,Michael James FARIS,2,0,2,0,0
Christian,F104,U.S. Senate,,Republican,Jonathan M. HOLLIDAY,1,0,1,0,0
Christian,F104,U.S. Senate,,,Under Votes,2,0,2,0,0
Christian,F104,U.S. Senate,,,Over Votes,0,0,0,0,0
Christian,F104,Ballots Cast,,,,117,,,,
Christian,F104,U.S. House,1,Republican,David SIMS,5,0,5,0,0
Christian,F104,U.S. House,1,Republican,Robert James SUTHERBY,8,0,7,1,0
Christian,F104,U.S. House,1,Republican,Penny ARCOS,6,0,6,0,0
Christian,F104,U.S. House,1,Republican,James R. COMER,43,4,39,0,0
Christian,F104,U.S. House,1,,Under Votes,2,0,2,0,0
Christian,F104,U.S. House,1,,Over Votes,0,0,0,0,0
Christian,F104,Property Valuation Administrator,,,Tabitha Pryor STRADER,36,3,32,1,0
Christian,F104,Property Valuation Administrator,,,Amber EZELL,25,1,24,0,0
Christian,F104,Property Valuation Administrator,,,Under Votes,3,0,3,0,0
Christian,F104,Property Valuation Administrator,,,Over Votes,0,0,0,0,0
Christian,F104,Sheriff,,,Tyler DeARMOND,43,3,39,1,0
Christian,F104,Sheriff,,,Erik PACHECO,18,1,17,0,0
Christian,F104,Sheriff,,,Under Votes,3,0,3,0,0
Christian,F104,Sheriff,,,Over Votes,0,0,0,0,0
Christian,F104,U.S. Senate,,Democratic,Joshua BLANTON SR.,2,0,2,0,0
Christian,F104,U.S. Senate,,Democratic,Vincent Anthony THOMPSON,2,0,2,0,0
Christian,F104,U.S. Senate,,Democratic,Charles BOOKER,29,3,25,0,1
Christian,F104,U.S. Senate,,Democratic,Pamela STEVENSON,6,0,4,2,0
Christian,F104,U.S. Senate,,Democratic,Dale Lewis ROMANS,0,0,0,0,0
Christian,F104,U.S. Senate,,Democratic,Logan FORSYTHE,1,0,1,0,0
Christian,F104,U.S. Senate,,Democratic,Amy McGRATH,12,1,11,0,0
Christian,G101,U.S. Senate,,Republican,Other Donald WENZEL,0,0,0,0,0
Christian,G101,U.S. Senate,,Republican,James D. DUNCAN,4,1,2,0,1
Christian,G101,U.S. Senate,,Republican,George WASHINGTON,6,1,5,0,0
Christian,G101,U.S. Senate,,Republican,"Valerie ""Dr Val"" FREDRICK",1,0,1,0,0
Christian,G101,U.S. Senate,,Republican,Andy BARR,202,77,115,7,3
Christian,G101,U.S. Senate,,Republican,Nate MORRIS,14,3,10,0,1
Christian,G101,U.S. Senate,,Republican,Jimmy I. LEON,1,0,1,0,0
Christian,G101,U.S. Senate,,Republican,A. Nick SHELLEY,2,0,2,0,0
Christian,G101,U.S. Senate,,Republican,Daniel CAMERON,74,23,50,1,0
Christian,G101,U.S. Senate,,Republican,Anissa CATLETT,0,0,0,0,0
Christian,G101,U.S. Senate,,Republican,Michael James FARIS,3,1,2,0,0
Christian,G101,U.S. Senate,,Republican,Jonathan M. HOLLIDAY,3,2,1,0,0
Christian,G101,U.S. Senate,,,Under Votes,25,3,20,1,1
Christian,G101,U.S. Senate,,,Over Votes,0,0,0,0,0
Christian,G101,Ballots Cast,,,,485,,,,
Christian,G101,U.S. House,1,Republican,David SIMS,20,9,11,0,0
Christian,G101,U.S. House,1,Republican,Robert James SUTHERBY,14,4,9,0,1
Christian,G101,U.S. House,1,Republican,Penny ARCOS,7,1,6,0,0
Christian,G101,U.S. House,1,Republican,James R. COMER,267,94,162,7,4
Christian,G101,U.S. House,1,,Under Votes,22,2,17,2,1
Christian,G101,U.S. House,1,,Over Votes,0,0,0,0,0
Christian,G101,Property Valuation Administrator,,,Tabitha Pryor STRADER,79,23,51,5,0
Christian,G101,Property Valuation Administrator,,,Amber EZELL,246,85,151,4,6
Christian,G101,Property Valuation Administrator,,,Under Votes,5,2,3,0,0
Christian,G101,Property Valuation Administrator,,,Over Votes,0,0,0,0,0
Christian,G101,Sheriff,,,Tyler DeARMOND,290,102,173,9,6
Christian,G101,Sheriff,,,Erik PACHECO,37,8,29,0,0
Christian,G101,Sheriff,,,Under Votes,3,0,3,0,0
Christian,G101,Sheriff,,,Over Votes,0,0,0,0,0
Christian,G101,Magistrate,,,Todd R. MORRIS,198,70,117,5,6
Christian,G101,Magistrate,,,John HELTSLEY,128,40,84,4,0
Christian,G101,Magistrate,,,Under Votes,4,0,4,0,0
Christian,G101,Magistrate,,,Over Votes,0,0,0,0,0
Christian,G101,Constable,,,Sherry BYERLINE,97,32,63,1,1
Christian,G101,Constable,,,Richard F. LEAVELL III.,202,69,120,8,5
Christian,G101,Constable,,,Under Votes,31,9,22,0,0
Christian,G101,Constable,,,Over Votes,0,0,0,0,0
Christian,G101,U.S. Senate,,Democratic,Joshua BLANTON SR.,8,2,6,0,0
Christian,G101,U.S. Senate,,Democratic,Vincent Anthony THOMPSON,6,0,6,0,0
Christian,G101,U.S. Senate,,Democratic,Charles BOOKER,70,17,53,0,0
Christian,G101,U.S. Senate,,Democratic,Pamela STEVENSON,7,0,7,0,0
Christian,G101,U.S. Senate,,Democratic,Dale Lewis ROMANS,2,0,1,1,0
Christian,G101,U.S. Senate,,Democratic,Logan FORSYTHE,2,2,0,0,0
Christian,G101,U.S. Senate,,Democratic,Amy McGRATH,55,11,39,2,3
Christian,G101,Mayor City OF Hopkinsville,,,Russ GUFFEY,205,68,126,6,5
Christian,G101,Mayor City OF Hopkinsville,,,James R. KNIGHT JR.,124,42,78,3,1
Christian,G101,Mayor City OF Hopkinsville,,,Sophia Natasha FRANCIS,0,0,0,0,0
Christian,G101,Mayor City OF Hopkinsville,,,Under Votes,1,0,1,0,0
Christian,G101,Mayor City OF Hopkinsville,,,Over Votes,0,0,0,0,0
Christian,G102,U.S. Senate,,Republican,Other Donald WENZEL,0,0,0,0,0
Christian,G102,U.S. Senate,,Republican,James D. DUNCAN,1,0,1,0,0
Christian,G102,U.S. Senate,,Republican,George WASHINGTON,0,0,0,0,0
Christian,G102,U.S. Senate,,Republican,"Valerie ""Dr Val"" FREDRICK",0,0,0,0,0
Christian,G102,U.S. Senate,,Republican,Andy BARR,4,0,4,0,0
Christian,G102,U.S. Senate,,Republican,Nate MORRIS,3,0,3,0,0
Christian,G102,U.S. Senate,,Republican,Jimmy I. LEON,0,0,0,0,0
Christian,G102,U.S. Senate,,Republican,A. Nick SHELLEY,0,0,0,0,0
Christian,G102,U.S. Senate,,Republican,Daniel CAMERON,3,2,1,0,0
Christian,G102,U.S. Senate,,Republican,Anissa CATLETT,1,0,1,0,0
Christian,G102,U.S. Senate,,Republican,Michael James FARIS,0,0,0,0,0
Christian,G102,U.S. Senate,,Republican,Jonathan M. HOLLIDAY,1,0,0,1,0
Christian,G102,U.S. Senate,,,Under Votes,0,0,0,0,0
Christian,G102,U.S. Senate,,,Over Votes,0,0,0,0,0
Christian,G102,Ballots Cast,,,,27,,,,
Christian,G102,U.S. House,1,Republican,David SIMS,1,0,1,0,0
Christian,G102,U.S. House,1,Republican,Robert James SUTHERBY,2,0,2,0,0
Christian,G102,U.S. House,1,Republican,Penny ARCOS,1,0,0,1,0
Christian,G102,U.S. House,1,Republican,James R. COMER,7,0,7,0,0
Christian,G102,U.S. House,1,,Under Votes,2,2,0,0,0
Christian,G102,U.S. House,1,,Over Votes,0,0,0,0,0
Christian,G102,Property Valuation Administrator,,,Tabitha Pryor STRADER,3,0,3,0,0
Christian,G102,Property Valuation Administrator,,,Amber EZELL,10,2,7,1,0
Christian,G102,Property Valuation Administrator,,,Under Votes,0,0,0,0,0
Christian,G102,Property Valuation Administrator,,,Over Votes,0,0,0,0,0
Christian,G102,Sheriff,,,Tyler DeARMOND,8,0,8,0,0
Christian,G102,Sheriff,,,Erik PACHECO,5,2,2,1,0
Christian,G102,Sheriff,,,Under Votes,0,0,0,0,0
Christian,G102,Sheriff,,,Over Votes,0,0,0,0,0
Christian,G102,Magistrate,,,Todd R. MORRIS,7,2,4,1,0
Christian,G102,Magistrate,,,John HELTSLEY,6,0,6,0,0
Christian,G102,Magistrate,,,Under Votes,0,0,0,0,0
Christian,G102,Magistrate,,,Over Votes,0,0,0,0,0
Christian,G102,Constable,,,Sherry BYERLINE,10,2,7,1,0
Christian,G102,Constable,,,Richard F. LEAVELL III.,3,0,3,0,0
Christian,G102,Constable,,,Under Votes,0,0,0,0,0
Christian,G102,Constable,,,Over Votes,0,0,0,0,0
Christian,G102,U.S. Senate,,Democratic,Joshua BLANTON SR.,0,0,0,0,0
Christian,G102,U.S. Senate,,Democratic,Vincent Anthony THOMPSON,1,0,1,0,0
Christian,G102,U.S. Senate,,Democratic,Charles BOOKER,9,0,9,0,0
Christian,G102,U.S. Senate,,Democratic,Pamela STEVENSON,1,0,1,0,0
Christian,G102,U.S. Senate,,Democratic,Dale Lewis ROMANS,0,0,0,0,0
Christian,G102,U.S. Senate,,Democratic,Logan FORSYTHE,0,0,0,0,0
Christian,G102,U.S. Senate,,Democratic,Amy McGRATH,3,0,3,0,0
Christian,G103,U.S. Senate,,Republican,Other Donald WENZEL,0,0,0,0,0
Christian,G103,U.S. Senate,,Republican,James D. DUNCAN,2,0,2,0,0
Christian,G103,U.S. Senate,,Republican,George WASHINGTON,1,0,1,0,0
Christian,G103,U.S. Senate,,Republican,"Valerie ""Dr Val"" FREDRICK",0,0,0,0,0
Christian,G103,U.S. Senate,,Republican,Andy BARR,33,5,28,0,0
Christian,G103,U.S. Senate,,Republican,Nate MORRIS,3,0,3,0,0
Christian,G103,U.S. Senate,,Republican,Jimmy I. LEON,0,0,0,0,0
Christian,G103,U.S. Senate,,Republican,A. Nick SHELLEY,1,0,1,0,0
Christian,G103,U.S. Senate,,Republican,Daniel CAMERON,10,0,10,0,0
Christian,G103,U.S. Senate,,Republican,Anissa CATLETT,1,1,0,0,0
Christian,G103,U.S. Senate,,Republican,Michael James FARIS,0,0,0,0,0
Christian,G103,U.S. Senate,,Republican,Jonathan M. HOLLIDAY,0,0,0,0,0
Christian,G103,U.S. Senate,,,Under Votes,2,0,2,0,0
Christian,G103,U.S. Senate,,,Over Votes,0,0,0,0,0
Christian,G103,Ballots Cast,,,,85,,,,
Christian,G103,U.S. House,1,Republican,David SIMS,3,0,3,0,0
Christian,G103,U.S. House,1,Republican,Robert James SUTHERBY,3,0,3,0,0
Christian,G103,U.S. House,1,Republican,Penny ARCOS,1,0,1,0,0
Christian,G103,U.S. House,1,Republican,James R. COMER,43,6,37,0,0
Christian,G103,U.S. House,1,,Under Votes,2,0,2,0,0
Christian,G103,U.S. House,1,,Over Votes,0,0,0,0,0
Christian,G103,Property Valuation Administrator,,,Tabitha Pryor STRADER,17,2,15,0,0
Christian,G103,Property Valuation Administrator,,,Amber EZELL,34,4,30,0,0
Christian,G103,Property Valuation Administrator,,,Under Votes,1,0,1,0,0
Christian,G103,Property Valuation Administrator,,,Over Votes,0,0,0,0,0
Christian,G103,Sheriff,,,Tyler DeARMOND,48,5,43,0,0
Christian,G103,Sheriff,,,Erik PACHECO,3,1,2,0,0
Christian,G103,Sheriff,,,Under Votes,1,0,1,0,0
Christian,G103,Sheriff,,,Over Votes,0,0,0,0,0
Christian,G103,Magistrate,,,Todd R. MORRIS,32,3,29,0,0
Christian,G103,Magistrate,,,John HELTSLEY,19,3,16,0,0
Christian,G103,Magistrate,,,Under Votes,0,0,0,0,0
Christian,G103,Magistrate,,,Over Votes,1,0,1,0,0
Christian,G103,Constable,,,Sherry BYERLINE,18,2,16,0,0
Christian,G103,Constable,,,Richard F. LEAVELL III.,33,4,29,0,0
Christian,G103,Constable,,,Under Votes,1,0,1,0,0
Christian,G103,Constable,,,Over Votes,0,0,0,0,0
Christian,G103,U.S. Senate,,Democratic,Joshua BLANTON SR.,6,2,4,0,0
Christian,G103,U.S. Senate,,Democratic,Vincent Anthony THOMPSON,3,0,3,0,0
Christian,G103,U.S. Senate,,Democratic,Charles BOOKER,6,2,4,0,0
Christian,G103,U.S. Senate,,Democratic,Pamela STEVENSON,2,0,2,0,0
Christian,G103,U.S. Senate,,Democratic,Dale Lewis ROMANS,0,0,0,0,0
Christian,G103,U.S. Senate,,Democratic,Logan FORSYTHE,1,0,1,0,0
Christian,G103,U.S. Senate,,Democratic,Amy McGRATH,14,3,11,0,0
Christian,G104,U.S. Senate,,Republican,Other Donald WENZEL,0,0,0,0,0
Christian,G104,U.S. Senate,,Republican,James D. DUNCAN,4,2,2,0,0
Christian,G104,U.S. Senate,,Republican,George WASHINGTON,2,0,2,0,0
Christian,G104,U.S. Senate,,Republican,"Valerie ""Dr Val"" FREDRICK",7,6,1,0,0
Christian,G104,U.S. Senate,,Republican,Andy BARR,80,20,60,0,0
Christian,G104,U.S. Senate,,Republican,Nate MORRIS,10,2,8,0,0
Christian,G104,U.S. Senate,,Republican,Jimmy I. LEON,0,0,0,0,0
Christian,G104,U.S. Senate,,Republican,A. Nick SHELLEY,0,0,0,0,0
Christian,G104,U.S. Senate,,Republican,Daniel CAMERON,24,4,19,0,1
Christian,G104,U.S. Senate,,Republican,Anissa CATLETT,0,0,0,0,0
Christian,G104,U.S. Senate,,Republican,Michael James FARIS,0,0,0,0,0
Christian,G104,U.S. Senate,,Republican,Jonathan M. HOLLIDAY,0,0,0,0,0
Christian,G104,U.S. Senate,,,Under Votes,7,2,5,0,0
Christian,G104,U.S. Senate,,,Over Votes,0,0,0,0,0
Christian,G104,Ballots Cast,,,,207,,,,
Christian,G104,U.S. House,1,Republican,David SIMS,12,7,5,0,0
Christian,G104,U.S. House,1,Republican,Robert James SUTHERBY,6,1,5,0,0
Christian,G104,U.S. House,1,Republican,Penny ARCOS,5,1,4,0,0
Christian,G104,U.S. House,1,Republican,James R. COMER,97,23,73,0,1
Christian,G104,U.S. House,1,,Under Votes,13,4,9,0,0
Christian,G104,U.S. House,1,,Over Votes,0,0,0,0,0
Christian,G104,Property Valuation Administrator,,,Tabitha Pryor STRADER,24,3,21,0,0
Christian,G104,Property Valuation Administrator,,,Amber EZELL,104,32,71,0,1
Christian,G104,Property Valuation Administrator,,,Under Votes,5,1,4,0,0
Christian,G104,Property Valuation Administrator,,,Over Votes,0,0,0,0,0
Christian,G104,Sheriff,,,Tyler DeARMOND,123,35,87,0,1
Christian,G104,Sheriff,,,Erik PACHECO,4,1,3,0,0
Christian,G104,Sheriff,,,Under Votes,6,0,6,0,0
Christian,G104,Sheriff,,,Over Votes,0,0,0,0,0
Christian,G104,Magistrate,,,Todd R. MORRIS,71,17,54,0,0
Christian,G104,Magistrate,,,John HELTSLEY,56,18,37,0,1
Christian,G104,Magistrate,,,Under Votes,6,1,5,0,0
Christian,G104,Magistrate,,,Over Votes,0,0,0,0,0
Christian,G104,Constable,,,Sherry BYERLINE,46,18,27,0,1
Christian,G104,Constable,,,Richard F. LEAVELL III.,69,13,56,0,0
Christian,G104,Constable,,,Under Votes,18,5,13,0,0
Christian,G104,Constable,,,Over Votes,0,0,0,0,0
Christian,G104,U.S. Senate,,Democratic,Joshua BLANTON SR.,10,2,8,0,0
Christian,G104,U.S. Senate,,Democratic,Vincent Anthony THOMPSON,0,0,0,0,0
Christian,G104,U.S. Senate,,Democratic,Charles BOOKER,36,9,25,1,1
Christian,G104,U.S. Senate,,Democratic,Pamela STEVENSON,9,5,4,0,0
Christian,G104,U.S. Senate,,Democratic,Dale Lewis ROMANS,0,0,0,0,0
Christian,G104,U.S. Senate,,Democratic,Logan FORSYTHE,1,0,1,0,0
Christian,G104,U.S. Senate,,Democratic,Amy McGRATH,17,5,12,0,0
Christian,G104,Mayor City OF Hopkinsville,,,Russ GUFFEY,77,16,61,0,0
Christian,G104,Mayor City OF Hopkinsville,,,James R. KNIGHT JR.,52,19,32,0,1
Christian,G104,Mayor City OF Hopkinsville,,,Sophia Natasha FRANCIS,4,1,3,0,0
Christian,G104,Mayor City OF Hopkinsville,,,Under Votes,0,0,0,0,0
Christian,G104,Mayor City OF Hopkinsville,,,Over Votes,0,0,0,0,0
Christian,G105,U.S. Senate,,Republican,Other Donald WENZEL,0,0,0,0,0
Christian,G105,U.S. Senate,,Republican,James D. DUNCAN,0,0,0,0,0
Christian,G105,U.S. Senate,,Republican,George WASHINGTON,0,0,0,0,0
Christian,G105,U.S. Senate,,Republican,"Valerie ""Dr Val"" FREDRICK",0,0,0,0,0
Christian,G105,U.S. Senate,,Republican,Andy BARR,1,0,0,1,0
Christian,G105,U.S. Senate,,Republican,Nate MORRIS,1,0,1,0,0
Christian,G105,U.S. Senate,,Republican,Jimmy I. LEON,0,0,0,0,0
Christian,G105,U.S. Senate,,Republican,A. Nick SHELLEY,0,0,0,0,0
Christian,G105,U.S. Senate,,Republican,Daniel CAMERON,1,0,1,0,0
Christian,G105,U.S. Senate,,Republican,Anissa CATLETT,0,0,0,0,0
Christian,G105,U.S. Senate,,Republican,Michael James FARIS,0,0,0,0,0
Christian,G105,U.S. Senate,,Republican,Jonathan M. HOLLIDAY,0,0,0,0,0
Christian,G105,U.S. Senate,,,Under Votes,0,0,0,0,0
Christian,G105,U.S. Senate,,,Over Votes,0,0,0,0,0
Christian,G105,Ballots Cast,,,,10,,,,
Christian,G105,U.S. House,1,Republican,David SIMS,0,0,0,0,0
Christian,G105,U.S. House,1,Republican,Robert James SUTHERBY,0,0,0,0,0
Christian,G105,U.S. House,1,Republican,Penny ARCOS,1,0,1,0,0
Christian,G105,U.S. House,1,Republican,James R. COMER,2,0,1,1,0
Christian,G105,U.S. House,1,,Under Votes,0,0,0,0,0
Christian,G105,U.S. House,1,,Over Votes,0,0,0,0,0
Christian,G105,U.S. Senate,,Democratic,Joshua BLANTON SR.,2,0,1,0,1
Christian,G105,U.S. Senate,,Democratic,Vincent Anthony THOMPSON,0,0,0,0,0
Christian,G105,U.S. Senate,,Democratic,Charles BOOKER,3,0,3,0,0
Christian,G105,U.S. Senate,,Democratic,Pamela STEVENSON,2,0,2,0,0
Christian,G105,U.S. Senate,,Democratic,Dale Lewis ROMANS,0,0,0,0,0
Christian,G105,U.S. Senate,,Democratic,Logan FORSYTHE,0,0,0,0,0
Christian,G105,U.S. Senate,,Democratic,Amy McGRATH,0,0,0,0,0
Christian,G106,U.S. Senate,,Republican,Other Donald WENZEL,0,0,0,0,0
Christian,G106,U.S. Senate,,Republican,James D. DUNCAN,0,0,0,0,0
Christian,G106,U.S. Senate,,Republican,George WASHINGTON,0,0,0,0,0
Christian,G106,U.S. Senate,,Republican,"Valerie ""Dr Val"" FREDRICK",0,0,0,0,0
Christian,G106,U.S. Senate,,Republican,Andy BARR,18,4,14,0,0
Christian,G106,U.S. Senate,,Republican,Nate MORRIS,3,0,3,0,0
Christian,G106,U.S. Senate,,Republican,Jimmy I. LEON,0,0,0,0,0
Christian,G106,U.S. Senate,,Republican,A. Nick SHELLEY,0,0,0,0,0
Christian,G106,U.S. Senate,,Republican,Daniel CAMERON,11,4,7,0,0
Christian,G106,U.S. Senate,,Republican,Anissa CATLETT,0,0,0,0,0
Christian,G106,U.S. Senate,,Republican,Michael James FARIS,0,0,0,0,0
Christian,G106,U.S. Senate,,Republican,Jonathan M. HOLLIDAY,0,0,0,0,0
Christian,G106,U.S. Senate,,,Under Votes,2,0,2,0,0
Christian,G106,U.S. Senate,,,Over Votes,0,0,0,0,0
Christian,G106,Ballots Cast,,,,46,,,,
Christian,G106,U.S. House,1,Republican,David SIMS,0,0,0,0,0
Christian,G106,U.S. House,1,Republican,Robert James SUTHERBY,0,0,0,0,0
Christian,G106,U.S. House,1,Republican,Penny ARCOS,0,0,0,0,0
Christian,G106,U.S. House,1,Republican,James R. COMER,32,8,24,0,0
Christian,G106,U.S. House,1,,Under Votes,2,0,2,0,0
Christian,G106,U.S. House,1,,Over Votes,0,0,0,0,0
Christian,G106,Property Valuation Administrator,,,Tabitha Pryor STRADER,15,2,13,0,0
Christian,G106,Property Valuation Administrator,,,Amber EZELL,17,6,11,0,0
Christian,G106,Property Valuation Administrator,,,Under Votes,2,0,2,0,0
Christian,G106,Property Valuation Administrator,,,Over Votes,0,0,0,0,0
Christian,G106,Sheriff,,,Tyler DeARMOND,29,5,24,0,0
Christian,G106,Sheriff,,,Erik PACHECO,4,3,1,0,0
Christian,G106,Sheriff,,,Under Votes,1,0,1,0,0
Christian,G106,Sheriff,,,Over Votes,0,0,0,0,0
Christian,G106,Magistrate,,,Todd R. MORRIS,15,2,13,0,0
Christian,G106,Magistrate,,,John HELTSLEY,19,6,13,0,0
Christian,G106,Magistrate,,,Under Votes,0,0,0,0,0
Christian,G106,Magistrate,,,Over Votes,0,0,0,0,0
Christian,G106,Constable,,,Sherry BYERLINE,9,3,6,0,0
Christian,G106,Constable,,,Richard F. LEAVELL III.,24,5,19,0,0
Christian,G106,Constable,,,Under Votes,1,0,1,0,0
Christian,G106,Constable,,,Over Votes,0,0,0,0,0
Christian,G106,U.S. Senate,,Democratic,Joshua BLANTON SR.,1,0,0,0,1
Christian,G106,U.S. Senate,,Democratic,Vincent Anthony THOMPSON,0,0,0,0,0
Christian,G106,U.S. Senate,,Democratic,Charles BOOKER,3,0,2,1,0
Christian,G106,U.S. Senate,,Democratic,Pamela STEVENSON,1,0,1,0,0
Christian,G106,U.S. Senate,,Democratic,Dale Lewis ROMANS,1,0,1,0,0
Christian,G106,U.S. Senate,,Democratic,Logan FORSYTHE,1,1,0,0,0
Christian,G106,U.S. Senate,,Democratic,Amy McGRATH,5,0,5,0,0
Christian,G107,U.S. Senate,,Republican,Other Donald WENZEL,0,0,0,0,0
Christian,G107,U.S. Senate,,Republican,James D. DUNCAN,5,3,2,0,0
Christian,G107,U.S. Senate,,Republican,George WASHINGTON,2,0,2,0,0
Christian,G107,U.S. Senate,,Republican,"Valerie ""Dr Val"" FREDRICK",2,2,0,0,0
Christian,G107,U.S. Senate,,Republican,Andy BARR,66,17,48,1,0
Christian,G107,U.S. Senate,,Republican,Nate MORRIS,5,2,3,0,0
Christian,G107,U.S. Senate,,Republican,Jimmy I. LEON,0,0,0,0,0
Christian,G107,U.S. Senate,,Republican,A. Nick SHELLEY,1,0,1,0,0
Christian,G107,U.S. Senate,,Republican,Daniel CAMERON,39,8,30,1,0
Christian,G107,U.S. Senate,,Republican,Anissa CATLETT,0,0,0,0,0
Christian,G107,U.S. Senate,,Republican,Michael James FARIS,1,0,1,0,0
Christian,G107,U.S. Senate,,Republican,Jonathan M. HOLLIDAY,1,0,1,0,0
Christian,G107,U.S. Senate,,,Under Votes,9,4,5,0,0
Christian,G107,U.S. Senate,,,Over Votes,1,0,1,0,0
Christian,G107,Ballots Cast,,,,206,,,,
Christian,G107,U.S. House,1,Republican,David SIMS,6,2,4,0,0
Christian,G107,U.S. House,1,Republican,Robert James SUTHERBY,5,1,4,0,0
Christian,G107,U.S. House,1,Republican,Penny ARCOS,1,0,1,0,0
Christian,G107,U.S. House,1,Republican,James R. COMER,102,27,73,2,0
Christian,G107,U.S. House,1,,Under Votes,15,5,10,0,0
Christian,G107,U.S. House,1,,Over Votes,0,0,0,0,0
Christian,G107,Property Valuation Administrator,,,Tabitha Pryor STRADER,56,12,42,2,0
Christian,G107,Property Valuation Administrator,,,Amber EZELL,70,22,48,0,0
Christian,G107,Property Valuation Administrator,,,Under Votes,3,1,2,0,0
Christian,G107,Property Valuation Administrator,,,Over Votes,0,0,0,0,0
Christian,G107,Sheriff,,,Tyler DeARMOND,118,34,82,2,0
Christian,G107,Sheriff,,,Erik PACHECO,6,0,6,0,0
Christian,G107,Sheriff,,,Under Votes,5,1,4,0,0
Christian,G107,Sheriff,,,Over Votes,0,0,0,0,0
Christian,G107,Magistrate,,,Todd R. MORRIS,58,14,42,2,0
Christian,G107,Magistrate,,,John HELTSLEY,67,21,46,0,0
Christian,G107,Magistrate,,,Under Votes,4,0,4,0,0
Christian,G107,Magistrate,,,Over Votes,0,0,0,0,0
Christian,G107,Constable,,,Sherry BYERLINE,45,13,31,1,0
Christian,G107,Constable,,,Richard F. LEAVELL III.,69,19,49,1,0
Christian,G107,Constable,,,Under Votes,15,3,12,0,0
Christian,G107,Constable,,,Over Votes,0,0,0,0,0
Christian,G107,U.S. Senate,,Democratic,Joshua BLANTON SR.,4,2,2,0,0
Christian,G107,U.S. Senate,,Democratic,Vincent Anthony THOMPSON,1,0,1,0,0
Christian,G107,U.S. Senate,,Democratic,Charles BOOKER,24,7,17,0,0
Christian,G107,U.S. Senate,,Democratic,Pamela STEVENSON,12,4,7,1,0
Christian,G107,U.S. Senate,,Democratic,Dale Lewis ROMANS,0,0,0,0,0
Christian,G107,U.S. Senate,,Democratic,Logan FORSYTHE,3,0,3,0,0
Christian,G107,U.S. Senate,,Democratic,Amy McGRATH,30,10,20,0,0
Christian,G107,Mayor City OF Hopkinsville,,,Russ GUFFEY,0,0,0,0,0
Christian,G107,Mayor City OF Hopkinsville,,,James R. KNIGHT JR.,1,0,1,0,0
Christian,G107,Mayor City OF Hopkinsville,,,Sophia Natasha FRANCIS,0,0,0,0,0
Christian,G107,Mayor City OF Hopkinsville,,,Under Votes,0,0,0,0,0
Christian,G107,Mayor City OF Hopkinsville,,,Over Votes,0,0,0,0,0
Christian,H101,U.S. Senate,,Republican,Other Donald WENZEL,3,1,2,0,0
Christian,H101,U.S. Senate,,Republican,James D. DUNCAN,3,2,1,0,0
Christian,H101,U.S. Senate,,Republican,George WASHINGTON,3,0,3,0,0
Christian,H101,U.S. Senate,,Republican,"Valerie ""Dr Val"" FREDRICK",0,0,0,0,0
Christian,H101,U.S. Senate,,Republican,Andy BARR,74,21,50,1,2
Christian,H101,U.S. Senate,,Republican,Nate MORRIS,5,3,2,0,0
Christian,H101,U.S. Senate,,Republican,Jimmy I. LEON,0,0,0,0,0
Christian,H101,U.S. Senate,,Republican,A. Nick SHELLEY,2,0,2,0,0
Christian,H101,U.S. Senate,,Republican,Daniel CAMERON,28,7,17,4,0
Christian,H101,U.S. Senate,,Republican,Anissa CATLETT,1,0,1,0,0
Christian,H101,U.S. Senate,,Republican,Michael James FARIS,4,0,4,0,0
Christian,H101,U.S. Senate,,Republican,Jonathan M. HOLLIDAY,3,1,2,0,0
Christian,H101,U.S. Senate,,,Under Votes,11,3,8,0,0
Christian,H101,U.S. Senate,,,Over Votes,0,0,0,0,0
Christian,H101,Ballots Cast,,,,188,,,,
Christian,H101,U.S. House,1,Republican,David SIMS,9,2,7,0,0
Christian,H101,U.S. House,1,Republican,Robert James SUTHERBY,5,1,4,0,0
Christian,H101,U.S. House,1,Republican,Penny ARCOS,4,2,2,0,0
Christian,H101,U.S. House,1,Republican,James R. COMER,105,30,68,5,2
Christian,H101,U.S. House,1,,Under Votes,10,3,7,0,0
Christian,H101,U.S. House,1,,Over Votes,0,0,0,0,0
Christian,H101,Property Valuation Administrator,,,Tabitha Pryor STRADER,38,12,23,3,0
Christian,H101,Property Valuation Administrator,,,Amber EZELL,91,24,64,1,2
Christian,H101,Property Valuation Administrator,,,Under Votes,4,2,1,1,0
Christian,H101,Property Valuation Administrator,,,Over Votes,0,0,0,0,0
Christian,H101,Sheriff,,,Tyler DeARMOND,122,34,83,3,2
Christian,H101,Sheriff,,,Erik PACHECO,9,3,4,2,0
Christian,H101,Sheriff,,,Under Votes,2,1,1,0,0
Christian,H101,Sheriff,,,Over Votes,0,0,0,0,0
Christian,H101,Magistrate,,,John M. BRUCE,52,13,35,3,1
Christian,H101,Magistrate,,,Lucas STAGNER,81,25,53,2,1
Christian,H101,Magistrate,,,Under Votes,0,0,0,0,0
Christian,H101,Magistrate,,,Over Votes,0,0,0,0,0
Christian,H101,Constable,,,Jeff W. NEWTON,89,28,58,3,0
Christian,H101,Constable,,,Brian DIAMOND,39,7,28,2,2
Christian,H101,Constable,,,Under Votes,4,2,2,0,0
Christian,H101,Constable,,,Over Votes,1,1,0,0,0
Christian,H101,U.S. Senate,,Democratic,Joshua BLANTON SR.,3,0,2,1,0
Christian,H101,U.S. Senate,,Democratic,Vincent Anthony THOMPSON,2,0,2,0,0
Christian,H101,U.S. Senate,,Democratic,Charles BOOKER,22,5,17,0,0
Christian,H101,U.S. Senate,,Democratic,Pamela STEVENSON,7,0,7,0,0
Christian,H101,U.S. Senate,,Democratic,Dale Lewis ROMANS,0,0,0,0,0
Christian,H101,U.S. Senate,,Democratic,Logan FORSYTHE,2,0,2,0,0
Christian,H101,U.S. Senate,,Democratic,Amy McGRATH,15,3,12,0,0
Christian,H102,U.S. Senate,,Republican,Other Donald WENZEL,1,0,1,0,0
Christian,H102,U.S. Senate,,Republican,James D. DUNCAN,4,0,4,0,0
Christian,H102,U.S. Senate,,Republican,George WASHINGTON,5,1,4,0,0
Christian,H102,U.S. Senate,,Republican,"Valerie ""Dr Val"" FREDRICK",1,0,1,0,0
Christian,H102,U.S. Senate,,Republican,Andy BARR,127,10,114,1,2
Christian,H102,U.S. Senate,,Republican,Nate MORRIS,23,5,18,0,0
Christian,H102,U.S. Senate,,Republican,Jimmy I. LEON,0,0,0,0,0
Christian,H102,U.S. Senate,,Republican,A. Nick SHELLEY,2,0,2,0,0
Christian,H102,U.S. Senate,,Republican,Daniel CAMERON,51,2,47,0,2
Christian,H102,U.S. Senate,,Republican,Anissa CATLETT,0,0,0,0,0
Christian,H102,U.S. Senate,,Republican,Michael James FARIS,4,0,4,0,0
Christian,H102,U.S. Senate,,Republican,Jonathan M. HOLLIDAY,0,0,0,0,0
Christian,H102,U.S. Senate,,,Under Votes,27,0,27,0,0
Christian,H102,U.S. Senate,,,Over Votes,0,0,0,0,0
Christian,H102,Ballots Cast,,,,323,,,,
Christian,H102,U.S. House,1,Republican,David SIMS,9,1,7,0,1
Christian,H102,U.S. House,1,Republican,Robert James SUTHERBY,13,0,13,0,0
Christian,H102,U.S. House,1,Republican,Penny ARCOS,4,1,3,0,0
Christian,H102,U.S. House,1,Republican,James R. COMER,191,16,171,1,3
Christian,H102,U.S. House,1,,Under Votes,15,0,15,0,0
Christian,H102,U.S. House,1,,Over Votes,0,0,0,0,0
Christian,H102,Property Valuation Administrator,,,Tabitha Pryor STRADER,37,3,34,0,0
Christian,H102,Property Valuation Administrator,,,Amber EZELL,187,14,168,1,4
Christian,H102,Property Valuation Administrator,,,Under Votes,8,1,7,0,0
Christian,H102,Property Valuation Administrator,,,Over Votes,0,0,0,0,0
Christian,H102,Sheriff,,,Tyler DeARMOND,212,18,189,1,4
Christian,H102,Sheriff,,,Erik PACHECO,14,0,14,0,0
Christian,H102,Sheriff,,,Under Votes,6,0,6,0,0
Christian,H102,Sheriff,,,Over Votes,0,0,0,0,0
Christian,H102,Magistrate,,,John M. BRUCE,87,7,77,0,3
Christian,H102,Magistrate,,,Lucas STAGNER,139,11,126,1,1
Christian,H102,Magistrate,,,Under Votes,6,0,6,0,0
Christian,H102,Magistrate,,,Over Votes,0,0,0,0,0
Christian,H102,Constable,,,Jeff W. NEWTON,128,9,117,1,1
Christian,H102,Constable,,,Brian DIAMOND,87,9,76,0,2
Christian,H102,Constable,,,Under Votes,17,0,16,0,1
Christian,H102,Constable,,,Over Votes,0,0,0,0,0
Christian,H102,U.S. Senate,,Democratic,Joshua BLANTON SR.,8,0,7,1,0
Christian,H102,U.S. Senate,,Democratic,Vincent Anthony THOMPSON,1,0,1,0,0
Christian,H102,U.S. Senate,,Democratic,Charles BOOKER,27,2,25,0,0
Christian,H102,U.S. Senate,,Democratic,Pamela STEVENSON,12,1,10,1,0
Christian,H102,U.S. Senate,,Democratic,Dale Lewis ROMANS,4,1,3,0,0
Christian,H102,U.S. Senate,,Democratic,Logan FORSYTHE,4,0,4,0,0
Christian,H102,U.S. Senate,,Democratic,Amy McGRATH,22,3,19,0,0
Christian,H103,U.S. Senate,,Republican,Other Donald WENZEL,0,0,0,0,0
Christian,H103,U.S. Senate,,Republican,James D. DUNCAN,6,0,6,0,0
Christian,H103,U.S. Senate,,Republican,George WASHINGTON,3,1,2,0,0
Christian,H103,U.S. Senate,,Republican,"Valerie ""Dr Val"" FREDRICK",0,0,0,0,0
Christian,H103,U.S. Senate,,Republican,Andy BARR,94,26,65,0,3
Christian,H103,U.S. Senate,,Republican,Nate MORRIS,5,2,3,0,0
Christian,H103,U.S. Senate,,Republican,Jimmy I. LEON,0,0,0,0,0
Christian,H103,U.S. Senate,,Republican,A. Nick SHELLEY,1,0,1,0,0
Christian,H103,U.S. Senate,,Republican,Daniel CAMERON,29,5,24,0,0
Christian,H103,U.S. Senate,,Republican,Anissa CATLETT,0,0,0,0,0
Christian,H103,U.S. Senate,,Republican,Michael James FARIS,2,2,0,0,0
Christian,H103,U.S. Senate,,Republican,Jonathan M. HOLLIDAY,2,0,2,0,0
Christian,H103,U.S. Senate,,,Under Votes,10,2,7,0,1
Christian,H103,U.S. Senate,,,Over Votes,0,0,0,0,0
Christian,H103,Ballots Cast,,,,210,,,,
Christian,H103,U.S. House,1,Republican,David SIMS,8,2,6,0,0
Christian,H103,U.S. House,1,Republican,Robert James SUTHERBY,9,2,7,0,0
Christian,H103,U.S. House,1,Republican,Penny ARCOS,3,0,3,0,0
Christian,H103,U.S. House,1,Republican,James R. COMER,124,33,87,0,4
Christian,H103,U.S. House,1,,Under Votes,5,1,4,0,0
Christian,H103,U.S. House,1,,Over Votes,0,0,0,0,0
Christian,H103,Property Valuation Administrator,,,Tabitha Pryor STRADER,38,8,30,0,0
Christian,H103,Property Valuation Administrator,,,Amber EZELL,109,30,75,0,4
Christian,H103,Property Valuation Administrator,,,Under Votes,2,0,2,0,0
Christian,H103,Property Valuation Administrator,,,Over Votes,0,0,0,0,0
Christian,H103,Sheriff,,,Tyler DeARMOND,139,36,99,0,4
Christian,H103,Sheriff,,,Erik PACHECO,9,2,7,0,0
Christian,H103,Sheriff,,,Under Votes,1,0,1,0,0
Christian,H103,Sheriff,,,Over Votes,0,0,0,0,0
Christian,H103,Magistrate,,,John M. BRUCE,58,22,33,0,3
Christian,H103,Magistrate,,,Lucas STAGNER,88,16,71,0,1
Christian,H103,Magistrate,,,Under Votes,3,0,3,0,0
Christian,H103,Magistrate,,,Over Votes,0,0,0,0,0
Christian,H103,Constable,,,Jeff W. NEWTON,99,27,70,0,2
Christian,H103,Constable,,,Brian DIAMOND,39,11,28,0,0
Christian,H103,Constable,,,Under Votes,11,0,9,0,2
Christian,H103,Constable,,,Over Votes,0,0,0,0,0
Christian,H103,U.S. Senate,,Democratic,Joshua BLANTON SR.,3,1,2,0,0
Christian,H103,U.S. Senate,,Democratic,Vincent Anthony THOMPSON,2,0,2,0,0
Christian,H103,U.S. Senate,,Democratic,Charles BOOKER,17,4,13,0,0
Christian,H103,U.S. Senate,,Democratic,Pamela STEVENSON,6,0,6,0,0
Christian,H103,U.S. Senate,,Democratic,Dale Lewis ROMANS,2,0,2,0,0
Christian,H103,U.S. Senate,,Democratic,Logan FORSYTHE,7,1,6,0,0
Christian,H103,U.S. Senate,,Democratic,Amy McGRATH,21,1,19,0,1
Christian,H104,U.S. Senate,,Republican,Other Donald WENZEL,2,0,2,0,0
Christian,H104,U.S. Senate,,Republican,James D. DUNCAN,6,1,5,0,0
Christian,H104,U.S. Senate,,Republican,George WASHINGTON,5,3,2,0,0
Christian,H104,U.S. Senate,,Republican,"Valerie ""Dr Val"" FREDRICK",5,0,5,0,0
Christian,H104,U.S. Senate,,Republican,Andy BARR,103,8,93,1,1
Christian,H104,U.S. Senate,,Republican,Nate MORRIS,20,0,18,2,0
Christian,H104,U.S. Senate,,Republican,Jimmy I. LEON,0,0,0,0,0
Christian,H104,U.S. Senate,,Republican,A. Nick SHELLEY,0,0,0,0,0
Christian,H104,U.S. Senate,,Republican,Daniel CAMERON,62,7,52,2,1
Christian,H104,U.S. Senate,,Republican,Anissa CATLETT,2,1,1,0,0
Christian,H104,U.S. Senate,,Republican,Michael James FARIS,1,0,1,0,0
Christian,H104,U.S. Senate,,Republican,Jonathan M. HOLLIDAY,3,0,3,0,0
Christian,H104,U.S. Senate,,,Under Votes,15,3,12,0,0
Christian,H104,U.S. Senate,,,Over Votes,0,0,0,0,0
Christian,H104,Ballots Cast,,,,290,,,,
Christian,H104,U.S. House,1,Republican,David SIMS,17,1,16,0,0
Christian,H104,U.S. House,1,Republican,Robert James SUTHERBY,11,0,11,0,0
Christian,H104,U.S. House,1,Republican,Penny ARCOS,9,2,7,0,0
Christian,H104,U.S. House,1,Republican,James R. COMER,167,18,142,5,2
Christian,H104,U.S. House,1,,Under Votes,17,1,16,0,0
Christian,H104,U.S. House,1,,Over Votes,0,0,0,0,0
Christian,H104,Property Valuation Administrator,,,Tabitha Pryor STRADER,68,9,57,0,2
Christian,H104,Property Valuation Administrator,,,Amber EZELL,145,12,128,5,0
Christian,H104,Property Valuation Administrator,,,Under Votes,8,1,7,0,0
Christian,H104,Property Valuation Administrator,,,Over Votes,0,0,0,0,0
Christian,H104,Sheriff,,,Tyler DeARMOND,186,20,163,3,0
Christian,H104,Sheriff,,,Erik PACHECO,31,1,26,2,2
Christian,H104,Sheriff,,,Under Votes,4,1,3,0,0
Christian,H104,Sheriff,,,Over Votes,0,0,0,0,0
Christian,H104,Magistrate,,,John M. BRUCE,84,10,73,1,0
Christian,H104,Magistrate,,,Lucas STAGNER,133,12,115,4,2
Christian,H104,Magistrate,,,Under Votes,4,0,4,0,0
Christian,H104,Magistrate,,,Over Votes,0,0,0,0,0
Christian,H104,Constable,,,Jeff W. NEWTON,151,14,130,5,2
Christian,H104,Constable,,,Brian DIAMOND,46,5,41,0,0
Christian,H104,Constable,,,Under Votes,24,3,21,0,0
Christian,H104,Constable,,,Over Votes,0,0,0,0,0
Christian,H104,U.S. Senate,,Democratic,Joshua BLANTON SR.,8,2,6,0,0
Christian,H104,U.S. Senate,,Democratic,Vincent Anthony THOMPSON,9,0,9,0,0
Christian,H104,U.S. Senate,,Democratic,Charles BOOKER,14,0,14,0,0
Christian,H104,U.S. Senate,,Democratic,Pamela STEVENSON,5,0,5,0,0
Christian,H104,U.S. Senate,,Democratic,Dale Lewis ROMANS,1,0,1,0,0
Christian,H104,U.S. Senate,,Democratic,Logan FORSYTHE,4,0,4,0,0
Christian,H104,U.S. Senate,,Democratic,Amy McGRATH,25,3,22,0,0
Christian,Absentee,U.S. Senate,,Republican,Andy BARR,113,,,,
Christian,Absentee,U.S. Senate,,Republican,Daniel CAMERON,34,,,,
Christian,Absentee,U.S. Senate,,Republican,Michael James FARIS,4,,,,
Christian,Absentee,U.S. Senate,,Republican,George WASHINGTON,4,,,,
Christian,Absentee,U.S. Senate,,Republican,"Valerie ""Dr Val"" FREDRICK",2,,,,
Christian,Absentee,U.S. Senate,,Republican,Anissa CATLETT,1,,,,
Christian,Absentee,U.S. Senate,,Republican,James D. DUNCAN,3,,,,
Christian,Absentee,U.S. Senate,,Republican,Jonathan M. HOLLIDAY,3,,,,
Christian,Absentee,U.S. Senate,,Republican,Other Donald WENZEL,2,,,,
Christian,Absentee,U.S. Senate,,Republican,Jimmy I. LEON,1,,,,
Christian,Absentee,U.S. Senate,,Democratic,Charles BOOKER,83,,,,
Christian,Absentee,U.S. Senate,,Democratic,Amy McGRATH,52,,,,
Christian,Absentee,U.S. Senate,,Democratic,Pamela STEVENSON,10,,,,
Christian,Absentee,U.S. Senate,,Democratic,Dale Lewis ROMANS,4,,,,
Christian,Absentee,U.S. Senate,,Democratic,Logan FORSYTHE,5,,,,
Christian,Absentee,U.S. Senate,,Democratic,Vincent Anthony THOMPSON,7,,,,
Christian,Absentee,U.S. Senate,,Democratic,Joshua BLANTON SR.,8,,,,
Christian,Absentee,U.S. House,1,Republican,James R. COMER,146,,,,
Christian,Absentee,U.S. House,1,Republican,David SIMS,15,,,,
Christian,Absentee,U.S. House,1,Republican,Robert James SUTHERBY,11,,,,
Christian,Absentee,U.S. House,1,Republican,Penny ARCOS,5,,,,
