county,precinct,office,district,party,candidate,votes,early_voting,election_day,absentee_mail,absentee
Madison,A101,U.S. Senate,,Republican,A. Nick SHELLEY,0,0,0,0,
Madison,A101,U.S. Senate,,Republican,Anissa CATLETT,3,2,1,0,
Madison,A101,U.S. Senate,,Republican,Daniel CAMERON,64,24,39,1,
Madison,A101,U.S. Senate,,Republican,Jimmy I. LEON,0,0,0,0,
Madison,A101,U.S. Senate,,Republican,Jonathan M. HOLLIDAY,3,1,2,0,
Madison,A101,U.S. Senate,,Republican,James D. DUNCAN,0,0,0,0,
Madison,A101,U.S. Senate,,Republican,Other Donald WENZEL,0,0,0,0,
Madison,A101,U.S. Senate,,Republican,George WASHINGTON,1,0,1,0,
Madison,A101,U.S. Senate,,Republican,Michael James FARIS,1,1,0,0,
Madison,A101,U.S. Senate,,Republican,Andy BARR,171,36,132,3,
Madison,A101,U.S. Senate,,Republican,"Valerie ""Dr Val"" FREDRICK",3,1,2,0,
Madison,A101,U.S. Senate,,Republican,Nate MORRIS,13,6,7,0,
Madison,A101,U.S. House,6,Republican,Gregory George PLUCINSKI,20,4,16,0,
Madison,A101,U.S. House,6,Republican,Adam Perez ARQUETTE,5,0,5,0,
Madison,A101,U.S. House,6,Republican,Ralph ALVARADO,110,31,76,3,
Madison,A101,U.S. House,6,Republican,Steve SHANNON,18,6,12,0,
Madison,A101,U.S. House,6,Republican,Ryan DOTSON,83,22,60,1,
Madison,A101,County Judge Executive,,Republican,Reagan TAYLOR,83,27,56,0,
Madison,A101,County Judge Executive,,Republican,Charles (Chuck) GIVENS,27,10,16,1,
Madison,A101,County Judge Executive,,Republican,Donna AGEE,143,31,109,3,
Madison,A101,Jailer,,Republican,Larry R. BROCK,65,23,42,0,
Madison,A101,Jailer,,Republican,Doug THOMAS,150,40,106,4,
Madison,A101,Jailer,,Republican,Jonathan Everett KING,23,3,20,0,
Madison,A101,Magistrate,1,Republican,Terry NAPIER,62,16,42,4,
Madison,A101,Magistrate,1,Republican,Greg KING,33,10,23,0,
Madison,A101,Magistrate,1,Republican,Mike SIPPLE,68,16,52,0,
Madison,A101,Magistrate,1,Republican,Michael BARNETT,3,1,2,0,
Madison,A101,Magistrate,1,Republican,James Brian COMBS,89,26,63,0,
Madison,A101,U.S. Senate,,Democratic,Pamela STEVENSON,7,2,5,0,
Madison,A101,U.S. Senate,,Democratic,Vincent Anthony THOMPSON,0,0,0,0,
Madison,A101,U.S. Senate,,Democratic,Joshua BLANTON SR.,3,0,3,0,
Madison,A101,U.S. Senate,,Democratic,Charles BOOKER,30,8,22,0,
Madison,A101,U.S. Senate,,Democratic,Amy McGRATH,31,8,19,4,
Madison,A101,U.S. Senate,,Democratic,Logan FORSYTHE,3,1,2,0,
Madison,A101,U.S. Senate,,Democratic,Dale Lewis ROMANS,2,0,2,0,
Madison,A101,U.S. House,6,Democratic,Harvey CARROLL JR.,5,0,5,0,
Madison,A101,U.S. House,6,Democratic,David KLOIBER,2,1,1,0,
Madison,A101,U.S. House,6,Democratic,Erin PETREY,11,4,7,0,
Madison,A101,U.S. House,6,Democratic,Cherlynn STEVENSON,18,2,14,2,
Madison,A101,U.S. House,6,Democratic,Jimmy Clifton AUSBROOKS,1,1,0,0,
Madison,A101,U.S. House,6,Democratic,Corey EDWARDS,7,0,7,0,
Madison,A101,U.S. House,6,Democratic,Zach DEMBO,23,8,14,1,
Madison,A101,District Judge,,,Micah JOHNSON,71,20,49,2,
Madison,A101,District Judge,,,Darrian D. BOTTS,33,8,25,0,
Madison,A101,District Judge,,,Tyler S. FRAZIER,199,47,146,6,
Madison,A102,U.S. Senate,,Republican,A. Nick SHELLEY,2,0,2,0,
Madison,A102,U.S. Senate,,Republican,Anissa CATLETT,0,0,0,0,
Madison,A102,U.S. Senate,,Republican,Daniel CAMERON,25,5,20,0,
Madison,A102,U.S. Senate,,Republican,Jimmy I. LEON,0,0,0,0,
Madison,A102,U.S. Senate,,Republican,Jonathan M. HOLLIDAY,0,0,0,0,
Madison,A102,U.S. Senate,,Republican,James D. DUNCAN,1,0,1,0,
Madison,A102,U.S. Senate,,Republican,Other Donald WENZEL,2,0,2,0,
Madison,A102,U.S. Senate,,Republican,George WASHINGTON,1,0,1,0,
Madison,A102,U.S. Senate,,Republican,Michael James FARIS,2,2,0,0,
Madison,A102,U.S. Senate,,Republican,Andy BARR,91,28,59,4,
Madison,A102,U.S. Senate,,Republican,"Valerie ""Dr Val"" FREDRICK",3,0,3,0,
Madison,A102,U.S. Senate,,Republican,Nate MORRIS,1,1,0,0,
Madison,A102,U.S. House,6,Republican,Gregory George PLUCINSKI,12,1,10,1,
Madison,A102,U.S. House,6,Republican,Adam Perez ARQUETTE,2,0,2,0,
Madison,A102,U.S. House,6,Republican,Ralph ALVARADO,67,17,47,3,
Madison,A102,U.S. House,6,Republican,Steve SHANNON,8,1,7,0,
Madison,A102,U.S. House,6,Republican,Ryan DOTSON,26,11,15,0,
Madison,A102,County Judge Executive,,Republican,Reagan TAYLOR,45,10,35,0,
Madison,A102,County Judge Executive,,Republican,Charles (Chuck) GIVENS,14,2,12,0,
Madison,A102,County Judge Executive,,Republican,Donna AGEE,67,22,42,3,
Madison,A102,Jailer,,Republican,Larry R. BROCK,29,6,22,1,
Madison,A102,Jailer,,Republican,Doug THOMAS,77,24,51,2,
Madison,A102,Jailer,,Republican,Jonathan Everett KING,13,3,10,0,
Madison,A102,Magistrate,1,Republican,Terry NAPIER,33,9,22,2,
Madison,A102,Magistrate,1,Republican,Greg KING,12,3,9,0,
Madison,A102,Magistrate,1,Republican,Mike SIPPLE,33,7,25,1,
Madison,A102,Magistrate,1,Republican,Michael BARNETT,7,2,4,1,
Madison,A102,Magistrate,1,Republican,James Brian COMBS,37,13,24,0,
Madison,A102,U.S. Senate,,Democratic,Pamela STEVENSON,15,6,6,3,
Madison,A102,U.S. Senate,,Democratic,Vincent Anthony THOMPSON,0,0,0,0,
Madison,A102,U.S. Senate,,Democratic,Joshua BLANTON SR.,0,0,0,0,
Madison,A102,U.S. Senate,,Democratic,Charles BOOKER,137,38,92,7,
Madison,A102,U.S. Senate,,Democratic,Amy McGRATH,41,14,24,3,
Madison,A102,U.S. Senate,,Democratic,Logan FORSYTHE,5,1,4,0,
Madison,A102,U.S. Senate,,Democratic,Dale Lewis ROMANS,2,0,2,0,
Madison,A102,U.S. House,6,Democratic,Harvey CARROLL JR.,6,1,5,0,
Madison,A102,U.S. House,6,Democratic,David KLOIBER,3,1,2,0,
Madison,A102,U.S. House,6,Democratic,Erin PETREY,32,7,25,0,
Madison,A102,U.S. House,6,Democratic,Cherlynn STEVENSON,64,23,33,8,
Madison,A102,U.S. House,6,Democratic,Jimmy Clifton AUSBROOKS,2,1,1,0,
Madison,A102,U.S. House,6,Democratic,Corey EDWARDS,4,0,4,0,
Madison,A102,U.S. House,6,Democratic,Zach DEMBO,86,25,56,5,
Madison,A102,District Judge,,,Micah JOHNSON,83,29,49,5,
Madison,A102,District Judge,,,Darrian D. BOTTS,49,14,30,5,
Madison,A102,District Judge,,,Tyler S. FRAZIER,149,38,102,9,
Madison,A103,U.S. Senate,,Republican,A. Nick SHELLEY,0,0,0,0,
Madison,A103,U.S. Senate,,Republican,Anissa CATLETT,1,0,1,0,
Madison,A103,U.S. Senate,,Republican,Daniel CAMERON,8,2,6,0,
Madison,A103,U.S. Senate,,Republican,Jimmy I. LEON,0,0,0,0,
Madison,A103,U.S. Senate,,Republican,Jonathan M. HOLLIDAY,0,0,0,0,
Madison,A103,U.S. Senate,,Republican,James D. DUNCAN,0,0,0,0,
Madison,A103,U.S. Senate,,Republican,Other Donald WENZEL,0,0,0,0,
Madison,A103,U.S. Senate,,Republican,George WASHINGTON,3,3,0,0,
Madison,A103,U.S. Senate,,Republican,Michael James FARIS,1,0,1,0,
Madison,A103,U.S. Senate,,Republican,Andy BARR,37,8,24,5,
Madison,A103,U.S. Senate,,Republican,"Valerie ""Dr Val"" FREDRICK",1,0,1,0,
Madison,A103,U.S. Senate,,Republican,Nate MORRIS,0,0,0,0,
Madison,A103,U.S. House,6,Republican,Gregory George PLUCINSKI,5,2,3,0,
Madison,A103,U.S. House,6,Republican,Adam Perez ARQUETTE,0,0,0,0,
Madison,A103,U.S. House,6,Republican,Ralph ALVARADO,27,7,16,4,
Madison,A103,U.S. House,6,Republican,Steve SHANNON,3,0,2,1,
Madison,A103,U.S. House,6,Republican,Ryan DOTSON,10,4,6,0,
Madison,A103,County Judge Executive,,Republican,Reagan TAYLOR,19,3,14,2,
Madison,A103,County Judge Executive,,Republican,Charles (Chuck) GIVENS,0,0,0,0,
Madison,A103,County Judge Executive,,Republican,Donna AGEE,33,11,19,3,
Madison,A103,Jailer,,Republican,Larry R. BROCK,15,2,10,3,
Madison,A103,Jailer,,Republican,Doug THOMAS,25,8,15,2,
Madison,A103,Jailer,,Republican,Jonathan Everett KING,9,2,7,0,
Madison,A103,Magistrate,1,Republican,Terry NAPIER,12,3,8,1,
Madison,A103,Magistrate,1,Republican,Greg KING,8,4,3,1,
Madison,A103,Magistrate,1,Republican,Mike SIPPLE,21,6,14,1,
Madison,A103,Magistrate,1,Republican,Michael BARNETT,4,1,2,1,
Madison,A103,Magistrate,1,Republican,James Brian COMBS,8,0,7,1,
Madison,A103,U.S. Senate,,Democratic,Pamela STEVENSON,4,2,2,0,
Madison,A103,U.S. Senate,,Democratic,Vincent Anthony THOMPSON,1,0,1,0,
Madison,A103,U.S. Senate,,Democratic,Joshua BLANTON SR.,2,0,2,0,
Madison,A103,U.S. Senate,,Democratic,Charles BOOKER,89,17,68,4,
Madison,A103,U.S. Senate,,Democratic,Amy McGRATH,24,8,16,0,
Madison,A103,U.S. Senate,,Democratic,Logan FORSYTHE,2,0,2,0,
Madison,A103,U.S. Senate,,Democratic,Dale Lewis ROMANS,4,2,1,1,
Madison,A103,U.S. House,6,Democratic,Harvey CARROLL JR.,0,0,0,0,
Madison,A103,U.S. House,6,Democratic,David KLOIBER,1,1,0,0,
Madison,A103,U.S. House,6,Democratic,Erin PETREY,28,2,24,2,
Madison,A103,U.S. House,6,Democratic,Cherlynn STEVENSON,38,11,26,1,
Madison,A103,U.S. House,6,Democratic,Jimmy Clifton AUSBROOKS,4,0,4,0,
Madison,A103,U.S. House,6,Democratic,Corey EDWARDS,9,0,8,1,
Madison,A103,U.S. House,6,Democratic,Zach DEMBO,41,15,25,1,
Madison,A103,District Judge,,,Micah JOHNSON,52,10,38,4,
Madison,A103,District Judge,,,Darrian D. BOTTS,22,3,17,2,
Madison,A103,District Judge,,,Tyler S. FRAZIER,80,19,58,3,
Madison,A104,U.S. Senate,,Republican,A. Nick SHELLEY,2,2,0,0,
Madison,A104,U.S. Senate,,Republican,Anissa CATLETT,5,0,4,1,
Madison,A104,U.S. Senate,,Republican,Daniel CAMERON,54,17,32,5,
Madison,A104,U.S. Senate,,Republican,Jimmy I. LEON,0,0,0,0,
Madison,A104,U.S. Senate,,Republican,Jonathan M. HOLLIDAY,1,1,0,0,
Madison,A104,U.S. Senate,,Republican,James D. DUNCAN,1,0,1,0,
Madison,A104,U.S. Senate,,Republican,Other Donald WENZEL,0,0,0,0,
Madison,A104,U.S. Senate,,Republican,George WASHINGTON,0,0,0,0,
Madison,A104,U.S. Senate,,Republican,Michael James FARIS,2,1,1,0,
Madison,A104,U.S. Senate,,Republican,Andy BARR,162,58,98,6,
Madison,A104,U.S. Senate,,Republican,"Valerie ""Dr Val"" FREDRICK",2,1,1,0,
Madison,A104,U.S. Senate,,Republican,Nate MORRIS,3,3,0,0,
Madison,A104,U.S. House,6,Republican,Gregory George PLUCINSKI,16,4,10,2,
Madison,A104,U.S. House,6,Republican,Adam Perez ARQUETTE,5,1,4,0,
Madison,A104,U.S. House,6,Republican,Ralph ALVARADO,104,41,59,4,
Madison,A104,U.S. House,6,Republican,Steve SHANNON,18,7,11,0,
Madison,A104,U.S. House,6,Republican,Ryan DOTSON,66,20,41,5,
Madison,A104,County Judge Executive,,Republican,Reagan TAYLOR,88,38,44,6,
Madison,A104,County Judge Executive,,Republican,Charles (Chuck) GIVENS,11,2,7,2,
Madison,A104,County Judge Executive,,Republican,Donna AGEE,124,40,81,3,
Madison,A104,Jailer,,Republican,Larry R. BROCK,47,14,29,4,
Madison,A104,Jailer,,Republican,Doug THOMAS,143,55,81,7,
Madison,A104,Jailer,,Republican,Jonathan Everett KING,20,8,12,0,
Madison,A104,Magistrate,1,Republican,Terry NAPIER,58,22,34,2,
Madison,A104,Magistrate,1,Republican,Greg KING,19,3,15,1,
Madison,A104,Magistrate,1,Republican,Mike SIPPLE,85,32,50,3,
Madison,A104,Magistrate,1,Republican,Michael BARNETT,5,1,4,0,
Madison,A104,Magistrate,1,Republican,James Brian COMBS,54,22,27,5,
Madison,A104,U.S. Senate,,Democratic,Pamela STEVENSON,15,3,11,1,
Madison,A104,U.S. Senate,,Democratic,Vincent Anthony THOMPSON,1,0,0,1,
Madison,A104,U.S. Senate,,Democratic,Joshua BLANTON SR.,5,0,5,0,
Madison,A104,U.S. Senate,,Democratic,Charles BOOKER,101,19,75,7,
Madison,A104,U.S. Senate,,Democratic,Amy McGRATH,51,11,36,4,
Madison,A104,U.S. Senate,,Democratic,Logan FORSYTHE,4,0,4,0,
Madison,A104,U.S. Senate,,Democratic,Dale Lewis ROMANS,6,1,5,0,
Madison,A104,U.S. House,6,Democratic,Harvey CARROLL JR.,4,0,3,1,
Madison,A104,U.S. House,6,Democratic,David KLOIBER,7,1,5,1,
Madison,A104,U.S. House,6,Democratic,Erin PETREY,32,6,24,2,
Madison,A104,U.S. House,6,Democratic,Cherlynn STEVENSON,58,13,43,2,
Madison,A104,U.S. House,6,Democratic,Jimmy Clifton AUSBROOKS,4,1,2,1,
Madison,A104,U.S. House,6,Democratic,Corey EDWARDS,12,1,11,0,
Madison,A104,U.S. House,6,Democratic,Zach DEMBO,62,12,44,6,
Madison,A104,District Judge,,,Micah JOHNSON,78,19,56,3,
Madison,A104,District Judge,,,Darrian D. BOTTS,45,13,26,6,
Madison,A104,District Judge,,,Tyler S. FRAZIER,257,61,179,17,
Madison,A105,U.S. Senate,,Republican,A. Nick SHELLEY,2,0,2,0,
Madison,A105,U.S. Senate,,Republican,Anissa CATLETT,2,0,2,0,
Madison,A105,U.S. Senate,,Republican,Daniel CAMERON,38,8,30,0,
Madison,A105,U.S. Senate,,Republican,Jimmy I. LEON,0,0,0,0,
Madison,A105,U.S. Senate,,Republican,Jonathan M. HOLLIDAY,1,0,1,0,
Madison,A105,U.S. Senate,,Republican,James D. DUNCAN,1,0,1,0,
Madison,A105,U.S. Senate,,Republican,Other Donald WENZEL,0,0,0,0,
Madison,A105,U.S. Senate,,Republican,George WASHINGTON,2,1,1,0,
Madison,A105,U.S. Senate,,Republican,Michael James FARIS,4,1,3,0,
Madison,A105,U.S. Senate,,Republican,Andy BARR,128,40,85,3,
Madison,A105,U.S. Senate,,Republican,"Valerie ""Dr Val"" FREDRICK",3,1,2,0,
Madison,A105,U.S. Senate,,Republican,Nate MORRIS,5,1,4,0,
Madison,A105,U.S. House,6,Republican,Gregory George PLUCINSKI,19,2,15,2,
Madison,A105,U.S. House,6,Republican,Adam Perez ARQUETTE,1,0,1,0,
Madison,A105,U.S. House,6,Republican,Ralph ALVARADO,98,32,65,1,
Madison,A105,U.S. House,6,Republican,Steve SHANNON,10,2,8,0,
Madison,A105,U.S. House,6,Republican,Ryan DOTSON,46,15,31,0,
Madison,A105,County Judge Executive,,Republican,Reagan TAYLOR,54,19,33,2,
Madison,A105,County Judge Executive,,Republican,Charles (Chuck) GIVENS,20,1,19,0,
Madison,A105,County Judge Executive,,Republican,Donna AGEE,113,31,81,1,
Madison,A105,Jailer,,Republican,Larry R. BROCK,54,19,35,0,
Madison,A105,Jailer,,Republican,Doug THOMAS,99,29,67,3,
Madison,A105,Jailer,,Republican,Jonathan Everett KING,23,3,20,0,
Madison,A105,Magistrate,1,Republican,Terry NAPIER,64,20,43,1,
Madison,A105,Magistrate,1,Republican,Greg KING,25,3,22,0,
Madison,A105,Magistrate,1,Republican,Mike SIPPLE,45,11,34,0,
Madison,A105,Magistrate,1,Republican,Michael BARNETT,8,1,7,0,
Madison,A105,Magistrate,1,Republican,James Brian COMBS,46,17,27,2,
Madison,A105,U.S. Senate,,Democratic,Pamela STEVENSON,7,3,4,0,
Madison,A105,U.S. Senate,,Democratic,Vincent Anthony THOMPSON,1,0,1,0,
Madison,A105,U.S. Senate,,Democratic,Joshua BLANTON SR.,2,1,1,0,
Madison,A105,U.S. Senate,,Democratic,Charles BOOKER,113,36,74,3,
Madison,A105,U.S. Senate,,Democratic,Amy McGRATH,57,17,37,3,
Madison,A105,U.S. Senate,,Democratic,Logan FORSYTHE,6,0,6,0,
Madison,A105,U.S. Senate,,Democratic,Dale Lewis ROMANS,3,0,2,1,
Madison,A105,U.S. House,6,Democratic,Harvey CARROLL JR.,2,0,2,0,
Madison,A105,U.S. House,6,Democratic,David KLOIBER,8,4,4,0,
Madison,A105,U.S. House,6,Democratic,Erin PETREY,25,5,20,0,
Madison,A105,U.S. House,6,Democratic,Cherlynn STEVENSON,62,20,39,3,
Madison,A105,U.S. House,6,Democratic,Jimmy Clifton AUSBROOKS,2,1,1,0,
Madison,A105,U.S. House,6,Democratic,Corey EDWARDS,8,1,7,0,
Madison,A105,U.S. House,6,Democratic,Zach DEMBO,77,23,50,4,
Madison,A105,District Judge,,,Micah JOHNSON,75,23,50,2,
Madison,A105,District Judge,,,Darrian D. BOTTS,33,13,18,2,
Madison,A105,District Judge,,,Tyler S. FRAZIER,220,60,155,5,
Madison,A106,U.S. Senate,,Republican,A. Nick SHELLEY,3,0,3,0,
Madison,A106,U.S. Senate,,Republican,Anissa CATLETT,6,1,5,0,
Madison,A106,U.S. Senate,,Republican,Daniel CAMERON,64,18,44,2,
Madison,A106,U.S. Senate,,Republican,Jimmy I. LEON,0,0,0,0,
Madison,A106,U.S. Senate,,Republican,Jonathan M. HOLLIDAY,0,0,0,0,
Madison,A106,U.S. Senate,,Republican,James D. DUNCAN,1,0,1,0,
Madison,A106,U.S. Senate,,Republican,Other Donald WENZEL,2,0,2,0,
Madison,A106,U.S. Senate,,Republican,George WASHINGTON,4,0,4,0,
Madison,A106,U.S. Senate,,Republican,Michael James FARIS,4,1,3,0,
Madison,A106,U.S. Senate,,Republican,Andy BARR,157,43,107,7,
Madison,A106,U.S. Senate,,Republican,"Valerie ""Dr Val"" FREDRICK",4,1,3,0,
Madison,A106,U.S. Senate,,Republican,Nate MORRIS,11,4,7,0,
Madison,A106,U.S. House,6,Republican,Gregory George PLUCINSKI,19,4,15,0,
Madison,A106,U.S. House,6,Republican,Adam Perez ARQUETTE,9,1,8,0,
Madison,A106,U.S. House,6,Republican,Ralph ALVARADO,113,35,74,4,
Madison,A106,U.S. House,6,Republican,Steve SHANNON,28,8,20,0,
Madison,A106,U.S. House,6,Republican,Ryan DOTSON,68,15,49,4,
Madison,A106,County Judge Executive,,Republican,Reagan TAYLOR,83,20,60,3,
Madison,A106,County Judge Executive,,Republican,Charles (Chuck) GIVENS,22,7,15,0,
Madison,A106,County Judge Executive,,Republican,Donna AGEE,149,40,104,5,
Madison,A106,Jailer,,Republican,Larry R. BROCK,63,14,46,3,
Madison,A106,Jailer,,Republican,Doug THOMAS,142,42,95,5,
Madison,A106,Jailer,,Republican,Jonathan Everett KING,30,8,22,0,
Madison,A106,Magistrate,1,Republican,Terry NAPIER,75,25,46,4,
Madison,A106,Magistrate,1,Republican,Greg KING,37,9,27,1,
Madison,A106,Magistrate,1,Republican,Mike SIPPLE,62,19,42,1,
Madison,A106,Magistrate,1,Republican,Michael BARNETT,11,3,8,0,
Madison,A106,Magistrate,1,Republican,James Brian COMBS,62,10,50,2,
Madison,A106,U.S. Senate,,Democratic,Pamela STEVENSON,18,3,14,1,
Madison,A106,U.S. Senate,,Democratic,Vincent Anthony THOMPSON,5,1,4,0,
Madison,A106,U.S. Senate,,Democratic,Joshua BLANTON SR.,1,0,1,0,
Madison,A106,U.S. Senate,,Democratic,Charles BOOKER,127,21,102,4,
Madison,A106,U.S. Senate,,Democratic,Amy McGRATH,70,22,46,2,
Madison,A106,U.S. Senate,,Democratic,Logan FORSYTHE,4,0,4,0,
Madison,A106,U.S. Senate,,Democratic,Dale Lewis ROMANS,4,2,2,0,
Madison,A106,U.S. House,6,Democratic,Harvey CARROLL JR.,10,0,10,0,
Madison,A106,U.S. House,6,Democratic,David KLOIBER,5,0,5,0,
Madison,A106,U.S. House,6,Democratic,Erin PETREY,36,2,32,2,
Madison,A106,U.S. House,6,Democratic,Cherlynn STEVENSON,61,17,41,3,
Madison,A106,U.S. House,6,Democratic,Jimmy Clifton AUSBROOKS,5,1,4,0,
Madison,A106,U.S. House,6,Democratic,Corey EDWARDS,10,2,8,0,
Madison,A106,U.S. House,6,Democratic,Zach DEMBO,95,24,70,1,
Madison,A106,District Judge,,,Micah JOHNSON,104,21,80,3,
Madison,A106,District Judge,,,Darrian D. BOTTS,66,15,50,1,
Madison,A106,District Judge,,,Tyler S. FRAZIER,279,75,193,11,
Madison,A107,U.S. Senate,,Republican,A. Nick SHELLEY,3,2,1,0,
Madison,A107,U.S. Senate,,Republican,Anissa CATLETT,1,0,1,0,
Madison,A107,U.S. Senate,,Republican,Daniel CAMERON,65,13,52,0,
Madison,A107,U.S. Senate,,Republican,Jimmy I. LEON,0,0,0,0,
Madison,A107,U.S. Senate,,Republican,Jonathan M. HOLLIDAY,1,0,1,0,
Madison,A107,U.S. Senate,,Republican,James D. DUNCAN,3,1,2,0,
Madison,A107,U.S. Senate,,Republican,Other Donald WENZEL,1,0,1,0,
Madison,A107,U.S. Senate,,Republican,George WASHINGTON,1,0,1,0,
Madison,A107,U.S. Senate,,Republican,Michael James FARIS,1,0,1,0,
Madison,A107,U.S. Senate,,Republican,Andy BARR,189,68,109,12,
Madison,A107,U.S. Senate,,Republican,"Valerie ""Dr Val"" FREDRICK",5,2,3,0,
Madison,A107,U.S. Senate,,Republican,Nate MORRIS,12,1,9,2,
Madison,A107,U.S. House,6,Republican,Gregory George PLUCINSKI,18,8,10,0,
Madison,A107,U.S. House,6,Republican,Adam Perez ARQUETTE,1,0,1,0,
Madison,A107,U.S. House,6,Republican,Ralph ALVARADO,140,41,94,5,
Madison,A107,U.S. House,6,Republican,Steve SHANNON,15,6,8,1,
Madison,A107,U.S. House,6,Republican,Ryan DOTSON,80,23,53,4,
Madison,A107,State Representative,81,Republican,Deanna Frazier GORDON,154,56,95,3,
Madison,A107,State Representative,81,Republican,Andrew SIMPSON,90,19,62,9,
Madison,A107,County Judge Executive,,Republican,Reagan TAYLOR,93,24,67,2,
Madison,A107,County Judge Executive,,Republican,Charles (Chuck) GIVENS,25,3,22,0,
Madison,A107,County Judge Executive,,Republican,Donna AGEE,160,56,92,12,
Madison,A107,Jailer,,Republican,Larry R. BROCK,47,12,34,1,
Madison,A107,Jailer,,Republican,Doug THOMAS,172,59,104,9,
Madison,A107,Jailer,,Republican,Jonathan Everett KING,32,8,22,2,
Madison,A107,Magistrate,1,Republican,Terry NAPIER,92,27,62,3,
Madison,A107,Magistrate,1,Republican,Greg KING,32,14,14,4,
Madison,A107,Magistrate,1,Republican,Mike SIPPLE,72,19,48,5,
Madison,A107,Magistrate,1,Republican,Michael BARNETT,8,3,5,0,
Madison,A107,Magistrate,1,Republican,James Brian COMBS,77,22,53,2,
Madison,A107,U.S. Senate,,Democratic,Pamela STEVENSON,8,2,6,0,
Madison,A107,U.S. Senate,,Democratic,Vincent Anthony THOMPSON,1,0,1,0,
Madison,A107,U.S. Senate,,Democratic,Joshua BLANTON SR.,2,1,1,0,
Madison,A107,U.S. Senate,,Democratic,Charles BOOKER,42,7,34,1,
Madison,A107,U.S. Senate,,Democratic,Amy McGRATH,36,11,22,3,
Madison,A107,U.S. Senate,,Democratic,Logan FORSYTHE,3,1,2,0,
Madison,A107,U.S. Senate,,Democratic,Dale Lewis ROMANS,7,0,7,0,
Madison,A107,U.S. House,6,Democratic,Harvey CARROLL JR.,1,0,1,0,
Madison,A107,U.S. House,6,Democratic,David KLOIBER,3,0,3,0,
Madison,A107,U.S. House,6,Democratic,Erin PETREY,9,1,8,0,
Madison,A107,U.S. House,6,Democratic,Cherlynn STEVENSON,23,3,18,2,
Madison,A107,U.S. House,6,Democratic,Jimmy Clifton AUSBROOKS,1,1,0,0,
Madison,A107,U.S. House,6,Democratic,Corey EDWARDS,5,0,5,0,
Madison,A107,U.S. House,6,Democratic,Zach DEMBO,51,17,32,2,
Madison,A107,District Judge,,,Micah JOHNSON,72,17,49,6,
Madison,A107,District Judge,,,Darrian D. BOTTS,20,3,14,3,
Madison,A107,District Judge,,,Tyler S. FRAZIER,234,73,153,8,
Madison,A108,U.S. Senate,,Republican,A. Nick SHELLEY,1,0,1,0,
Madison,A108,U.S. Senate,,Republican,Anissa CATLETT,1,1,0,0,
Madison,A108,U.S. Senate,,Republican,Daniel CAMERON,54,11,42,1,
Madison,A108,U.S. Senate,,Republican,Jimmy I. LEON,0,0,0,0,
Madison,A108,U.S. Senate,,Republican,Jonathan M. HOLLIDAY,1,0,1,0,
Madison,A108,U.S. Senate,,Republican,James D. DUNCAN,0,0,0,0,
Madison,A108,U.S. Senate,,Republican,Other Donald WENZEL,0,0,0,0,
Madison,A108,U.S. Senate,,Republican,George WASHINGTON,3,0,3,0,
Madison,A108,U.S. Senate,,Republican,Michael James FARIS,5,1,4,0,
Madison,A108,U.S. Senate,,Republican,Andy BARR,197,42,149,6,
Madison,A108,U.S. Senate,,Republican,"Valerie ""Dr Val"" FREDRICK",4,0,4,0,
Madison,A108,U.S. Senate,,Republican,Nate MORRIS,6,1,5,0,
Madison,A108,U.S. House,6,Republican,Gregory George PLUCINSKI,15,3,12,0,
Madison,A108,U.S. House,6,Republican,Adam Perez ARQUETTE,10,2,8,0,
Madison,A108,U.S. House,6,Republican,Ralph ALVARADO,145,32,107,6,
Madison,A108,U.S. House,6,Republican,Steve SHANNON,14,1,13,0,
Madison,A108,U.S. House,6,Republican,Ryan DOTSON,74,16,57,1,
Madison,A108,County Judge Executive,,Republican,Reagan TAYLOR,94,12,80,2,
Madison,A108,County Judge Executive,,Republican,Charles (Chuck) GIVENS,18,2,16,0,
Madison,A108,County Judge Executive,,Republican,Donna AGEE,159,39,115,5,
Madison,A108,Jailer,,Republican,Larry R. BROCK,80,17,62,1,
Madison,A108,Jailer,,Republican,Doug THOMAS,146,28,113,5,
Madison,A108,Jailer,,Republican,Jonathan Everett KING,29,4,24,1,
Madison,A108,Magistrate,1,Republican,Terry NAPIER,75,17,53,5,
Madison,A108,Magistrate,1,Republican,Greg KING,28,2,26,0,
Madison,A108,Magistrate,1,Republican,Mike SIPPLE,64,14,50,0,
Madison,A108,Magistrate,1,Republican,Michael BARNETT,12,1,11,0,
Madison,A108,Magistrate,1,Republican,James Brian COMBS,87,20,65,2,
Madison,A108,U.S. Senate,,Democratic,Pamela STEVENSON,7,4,3,0,
Madison,A108,U.S. Senate,,Democratic,Vincent Anthony THOMPSON,1,0,1,0,
Madison,A108,U.S. Senate,,Democratic,Joshua BLANTON SR.,4,1,3,0,
Madison,A108,U.S. Senate,,Democratic,Charles BOOKER,63,13,45,5,
Madison,A108,U.S. Senate,,Democratic,Amy McGRATH,25,6,17,2,
Madison,A108,U.S. Senate,,Democratic,Logan FORSYTHE,1,0,1,0,
Madison,A108,U.S. Senate,,Democratic,Dale Lewis ROMANS,4,1,3,0,
Madison,A108,U.S. House,6,Democratic,Harvey CARROLL JR.,3,1,2,0,
Madison,A108,U.S. House,6,Democratic,David KLOIBER,6,3,3,0,
Madison,A108,U.S. House,6,Democratic,Erin PETREY,10,2,6,2,
Madison,A108,U.S. House,6,Democratic,Cherlynn STEVENSON,40,10,28,2,
Madison,A108,U.S. House,6,Democratic,Jimmy Clifton AUSBROOKS,1,0,1,0,
Madison,A108,U.S. House,6,Democratic,Corey EDWARDS,5,0,5,0,
Madison,A108,U.S. House,6,Democratic,Zach DEMBO,34,7,24,3,
Madison,A108,District Judge,,,Micah JOHNSON,76,17,57,2,
Madison,A108,District Judge,,,Darrian D. BOTTS,28,6,20,2,
Madison,A108,District Judge,,,Tyler S. FRAZIER,241,44,187,10,
Madison,A109,U.S. Senate,,Republican,A. Nick SHELLEY,3,2,1,0,
Madison,A109,U.S. Senate,,Republican,Anissa CATLETT,2,0,2,0,
Madison,A109,U.S. Senate,,Republican,Daniel CAMERON,95,32,63,0,
Madison,A109,U.S. Senate,,Republican,Jimmy I. LEON,1,0,1,0,
Madison,A109,U.S. Senate,,Republican,Jonathan M. HOLLIDAY,1,0,1,0,
Madison,A109,U.S. Senate,,Republican,James D. DUNCAN,3,2,1,0,
Madison,A109,U.S. Senate,,Republican,Other Donald WENZEL,1,0,1,0,
Madison,A109,U.S. Senate,,Republican,George WASHINGTON,5,0,5,0,
Madison,A109,U.S. Senate,,Republican,Michael James FARIS,4,1,3,0,
Madison,A109,U.S. Senate,,Republican,Andy BARR,306,73,230,3,
Madison,A109,U.S. Senate,,Republican,"Valerie ""Dr Val"" FREDRICK",5,1,4,0,
Madison,A109,U.S. Senate,,Republican,Nate MORRIS,14,3,8,3,
Madison,A109,U.S. House,6,Republican,Gregory George PLUCINSKI,34,9,23,2,
Madison,A109,U.S. House,6,Republican,Adam Perez ARQUETTE,6,0,6,0,
Madison,A109,U.S. House,6,Republican,Ralph ALVARADO,242,57,183,2,
Madison,A109,U.S. House,6,Republican,Steve SHANNON,34,6,28,0,
Madison,A109,U.S. House,6,Republican,Ryan DOTSON,103,37,64,2,
Madison,A109,County Judge Executive,,Republican,Reagan TAYLOR,117,28,88,1,
Madison,A109,County Judge Executive,,Republican,Charles (Chuck) GIVENS,46,10,36,0,
Madison,A109,County Judge Executive,,Republican,Donna AGEE,267,75,187,5,
Madison,A109,Jailer,,Republican,Larry R. BROCK,96,26,68,2,
Madison,A109,Jailer,,Republican,Doug THOMAS,236,67,165,4,
Madison,A109,Jailer,,Republican,Jonathan Everett KING,64,16,48,0,
Madison,A109,Magistrate,1,Republican,Terry NAPIER,118,34,83,1,
Madison,A109,Magistrate,1,Republican,Greg KING,62,24,37,1,
Madison,A109,Magistrate,1,Republican,Mike SIPPLE,122,27,95,0,
Madison,A109,Magistrate,1,Republican,Michael BARNETT,5,1,4,0,
Madison,A109,Magistrate,1,Republican,James Brian COMBS,119,27,88,4,
Madison,A109,U.S. Senate,,Democratic,Pamela STEVENSON,13,3,10,0,
Madison,A109,U.S. Senate,,Democratic,Vincent Anthony THOMPSON,2,0,2,0,
Madison,A109,U.S. Senate,,Democratic,Joshua BLANTON SR.,2,0,2,0,
Madison,A109,U.S. Senate,,Democratic,Charles BOOKER,92,27,62,3,
Madison,A109,U.S. Senate,,Democratic,Amy McGRATH,41,12,28,1,
Madison,A109,U.S. Senate,,Democratic,Logan FORSYTHE,3,1,2,0,
Madison,A109,U.S. Senate,,Democratic,Dale Lewis ROMANS,9,1,7,1,
Madison,A109,U.S. House,6,Democratic,Harvey CARROLL JR.,7,2,5,0,
Madison,A109,U.S. House,6,Democratic,David KLOIBER,8,3,5,0,
Madison,A109,U.S. House,6,Democratic,Erin PETREY,17,4,13,0,
Madison,A109,U.S. House,6,Democratic,Cherlynn STEVENSON,51,12,39,0,
Madison,A109,U.S. House,6,Democratic,Jimmy Clifton AUSBROOKS,9,2,7,0,
Madison,A109,U.S. House,6,Democratic,Corey EDWARDS,10,0,9,1,
Madison,A109,U.S. House,6,Democratic,Zach DEMBO,59,20,36,3,
Madison,A109,District Judge,,,Micah JOHNSON,101,21,76,4,
Madison,A109,District Judge,,,Darrian D. BOTTS,64,19,44,1,
Madison,A109,District Judge,,,Tyler S. FRAZIER,384,118,261,5,
Madison,A110,U.S. Senate,,Republican,A. Nick SHELLEY,0,0,0,0,
Madison,A110,U.S. Senate,,Republican,Anissa CATLETT,3,0,3,0,
Madison,A110,U.S. Senate,,Republican,Daniel CAMERON,47,12,33,2,
Madison,A110,U.S. Senate,,Republican,Jimmy I. LEON,1,0,1,0,
Madison,A110,U.S. Senate,,Republican,Jonathan M. HOLLIDAY,1,0,1,0,
Madison,A110,U.S. Senate,,Republican,James D. DUNCAN,1,1,0,0,
Madison,A110,U.S. Senate,,Republican,Other Donald WENZEL,1,0,1,0,
Madison,A110,U.S. Senate,,Republican,George WASHINGTON,1,0,1,0,
Madison,A110,U.S. Senate,,Republican,Michael James FARIS,1,1,0,0,
Madison,A110,U.S. Senate,,Republican,Andy BARR,135,37,98,0,
Madison,A110,U.S. Senate,,Republican,"Valerie ""Dr Val"" FREDRICK",3,0,3,0,
Madison,A110,U.S. Senate,,Republican,Nate MORRIS,5,1,4,0,
Madison,A110,U.S. House,6,Republican,Gregory George PLUCINSKI,17,1,16,0,
Madison,A110,U.S. House,6,Republican,Adam Perez ARQUETTE,2,0,2,0,
Madison,A110,U.S. House,6,Republican,Ralph ALVARADO,110,31,77,2,
Madison,A110,U.S. House,6,Republican,Steve SHANNON,11,3,8,0,
Madison,A110,U.S. House,6,Republican,Ryan DOTSON,50,14,36,0,
Madison,A110,County Judge Executive,,Republican,Reagan TAYLOR,68,9,59,0,
Madison,A110,County Judge Executive,,Republican,Charles (Chuck) GIVENS,14,4,10,0,
Madison,A110,County Judge Executive,,Republican,Donna AGEE,112,37,73,2,
Madison,A110,Jailer,,Republican,Larry R. BROCK,53,9,42,2,
Madison,A110,Jailer,,Republican,Doug THOMAS,106,36,70,0,
Madison,A110,Jailer,,Republican,Jonathan Everett KING,26,7,19,0,
Madison,A110,Magistrate,1,Republican,Terry NAPIER,44,13,29,2,
Madison,A110,Magistrate,1,Republican,Greg KING,27,7,20,0,
Madison,A110,Magistrate,1,Republican,Mike SIPPLE,39,13,26,0,
Madison,A110,Magistrate,1,Republican,Michael BARNETT,11,2,9,0,
Madison,A110,Magistrate,1,Republican,James Brian COMBS,70,16,54,0,
Madison,A110,U.S. Senate,,Democratic,Pamela STEVENSON,3,1,2,0,
Madison,A110,U.S. Senate,,Democratic,Vincent Anthony THOMPSON,0,0,0,0,
Madison,A110,U.S. Senate,,Democratic,Joshua BLANTON SR.,2,0,2,0,
Madison,A110,U.S. Senate,,Democratic,Charles BOOKER,29,2,27,0,
Madison,A110,U.S. Senate,,Democratic,Amy McGRATH,11,2,9,0,
Madison,A110,U.S. Senate,,Democratic,Logan FORSYTHE,2,1,1,0,
Madison,A110,U.S. Senate,,Democratic,Dale Lewis ROMANS,2,1,0,1,
Madison,A110,U.S. House,6,Democratic,Harvey CARROLL JR.,1,0,0,1,
Madison,A110,U.S. House,6,Democratic,David KLOIBER,0,0,0,0,
Madison,A110,U.S. House,6,Democratic,Erin PETREY,6,2,4,0,
Madison,A110,U.S. House,6,Democratic,Cherlynn STEVENSON,14,0,14,0,
Madison,A110,U.S. House,6,Democratic,Jimmy Clifton AUSBROOKS,0,0,0,0,
Madison,A110,U.S. House,6,Democratic,Corey EDWARDS,2,1,1,0,
Madison,A110,U.S. House,6,Democratic,Zach DEMBO,23,3,20,0,
Madison,A110,District Judge,,,Micah JOHNSON,52,18,34,0,
Madison,A110,District Judge,,,Darrian D. BOTTS,19,1,18,0,
Madison,A110,District Judge,,,Tyler S. FRAZIER,153,37,113,3,
Madison,A111,U.S. Senate,,Republican,A. Nick SHELLEY,2,1,1,0,
Madison,A111,U.S. Senate,,Republican,Anissa CATLETT,0,0,0,0,
Madison,A111,U.S. Senate,,Republican,Daniel CAMERON,64,17,47,0,
Madison,A111,U.S. Senate,,Republican,Jimmy I. LEON,1,1,0,0,
Madison,A111,U.S. Senate,,Republican,Jonathan M. HOLLIDAY,1,0,1,0,
Madison,A111,U.S. Senate,,Republican,James D. DUNCAN,0,0,0,0,
Madison,A111,U.S. Senate,,Republican,Other Donald WENZEL,0,0,0,0,
Madison,A111,U.S. Senate,,Republican,George WASHINGTON,1,0,1,0,
Madison,A111,U.S. Senate,,Republican,Michael James FARIS,3,2,1,0,
Madison,A111,U.S. Senate,,Republican,Andy BARR,155,53,96,6,
Madison,A111,U.S. Senate,,Republican,"Valerie ""Dr Val"" FREDRICK",3,0,3,0,
Madison,A111,U.S. Senate,,Republican,Nate MORRIS,7,2,5,0,
Madison,A111,U.S. House,6,Republican,Gregory George PLUCINSKI,24,5,17,2,
Madison,A111,U.S. House,6,Republican,Adam Perez ARQUETTE,4,1,3,0,
Madison,A111,U.S. House,6,Republican,Ralph ALVARADO,107,43,61,3,
Madison,A111,U.S. House,6,Republican,Steve SHANNON,19,8,11,0,
Madison,A111,U.S. House,6,Republican,Ryan DOTSON,61,13,47,1,
Madison,A111,State Representative,81,Republican,Deanna Frazier GORDON,149,51,95,3,
Madison,A111,State Representative,81,Republican,Andrew SIMPSON,74,22,51,1,
Madison,A111,County Judge Executive,,Republican,Reagan TAYLOR,109,30,77,2,
Madison,A111,County Judge Executive,,Republican,Charles (Chuck) GIVENS,28,10,17,1,
Madison,A111,County Judge Executive,,Republican,Donna AGEE,97,36,58,3,
Madison,A111,Jailer,,Republican,Larry R. BROCK,58,26,32,0,
Madison,A111,Jailer,,Republican,Doug THOMAS,135,41,89,5,
Madison,A111,Jailer,,Republican,Jonathan Everett KING,21,5,15,1,
Madison,A111,Magistrate,1,Republican,Terry NAPIER,54,15,37,2,
Madison,A111,Magistrate,1,Republican,Greg KING,58,21,34,3,
Madison,A111,Magistrate,1,Republican,Mike SIPPLE,51,18,33,0,
Madison,A111,Magistrate,1,Republican,Michael BARNETT,5,2,3,0,
Madison,A111,Magistrate,1,Republican,James Brian COMBS,55,19,35,1,
Madison,A111,U.S. Senate,,Democratic,Pamela STEVENSON,11,7,4,0,
Madison,A111,U.S. Senate,,Democratic,Vincent Anthony THOMPSON,2,0,1,1,
Madison,A111,U.S. Senate,,Democratic,Joshua BLANTON SR.,0,0,0,0,
Madison,A111,U.S. Senate,,Democratic,Charles BOOKER,47,19,27,1,
Madison,A111,U.S. Senate,,Democratic,Amy McGRATH,43,15,25,3,
Madison,A111,U.S. Senate,,Democratic,Logan FORSYTHE,4,2,0,2,
Madison,A111,U.S. Senate,,Democratic,Dale Lewis ROMANS,5,2,3,0,
Madison,A111,U.S. House,6,Democratic,Harvey CARROLL JR.,5,2,3,0,
Madison,A111,U.S. House,6,Democratic,David KLOIBER,6,3,3,0,
Madison,A111,U.S. House,6,Democratic,Erin PETREY,11,0,11,0,
Madison,A111,U.S. House,6,Democratic,Cherlynn STEVENSON,30,10,19,1,
Madison,A111,U.S. House,6,Democratic,Jimmy Clifton AUSBROOKS,0,0,0,0,
Madison,A111,U.S. House,6,Democratic,Corey EDWARDS,5,1,2,2,
Madison,A111,U.S. House,6,Democratic,Zach DEMBO,48,29,17,2,
Madison,A111,District Judge,,,Micah JOHNSON,34,10,24,0,
Madison,A111,District Judge,,,Darrian D. BOTTS,45,16,27,2,
Madison,A111,District Judge,,,Tyler S. FRAZIER,251,90,152,9,
Madison,A111,Mayor Richmond,,,Ed McDANIEL,1,0,1,0,
Madison,A111,Mayor Richmond,,,John H. RAKESTRAW,0,0,0,0,
Madison,A111,Mayor Richmond,,,Robert R. BLYTHE,1,0,1,0,
Madison,A111,City Commissioners Richmond,,,Bruce FREDERICK,0,0,0,0,
Madison,A111,City Commissioners Richmond,,,Mendi GOBLE,0,0,0,0,
Madison,A111,City Commissioners Richmond,,,"Myron ""Mike"" EDWARDS",0,0,0,0,
Madison,A111,City Commissioners Richmond,,,Jim NEWBY,1,0,1,0,
Madison,A111,City Commissioners Richmond,,,Mike BREWER,0,0,0,0,
Madison,A111,City Commissioners Richmond,,,Jeffrey DEBARR,0,0,0,0,
Madison,A111,City Commissioners Richmond,,,Stephen DELANEY,1,0,1,0,
Madison,A111,City Commissioners Richmond,,,Tammy W. COLE,0,0,0,0,
Madison,A111,City Commissioners Richmond,,,Krystin ARNOLD,1,0,1,0,
Madison,B101,U.S. Senate,,Republican,A. Nick SHELLEY,0,0,0,0,
Madison,B101,U.S. Senate,,Republican,Anissa CATLETT,1,0,1,0,
Madison,B101,U.S. Senate,,Republican,Daniel CAMERON,25,8,17,0,
Madison,B101,U.S. Senate,,Republican,Jimmy I. LEON,1,0,1,0,
Madison,B101,U.S. Senate,,Republican,Jonathan M. HOLLIDAY,1,0,0,1,
Madison,B101,U.S. Senate,,Republican,James D. DUNCAN,0,0,0,0,
Madison,B101,U.S. Senate,,Republican,Other Donald WENZEL,0,0,0,0,
Madison,B101,U.S. Senate,,Republican,George WASHINGTON,0,0,0,0,
Madison,B101,U.S. Senate,,Republican,Michael James FARIS,7,2,4,1,
Madison,B101,U.S. Senate,,Republican,Andy BARR,99,39,59,1,
Madison,B101,U.S. Senate,,Republican,"Valerie ""Dr Val"" FREDRICK",1,0,1,0,
Madison,B101,U.S. Senate,,Republican,Nate MORRIS,3,0,3,0,
Madison,B101,U.S. House,6,Republican,Gregory George PLUCINSKI,12,3,8,1,
Madison,B101,U.S. House,6,Republican,Adam Perez ARQUETTE,1,1,0,0,
Madison,B101,U.S. House,6,Republican,Ralph ALVARADO,73,27,45,1,
Madison,B101,U.S. House,6,Republican,Steve SHANNON,4,1,3,0,
Madison,B101,U.S. House,6,Republican,Ryan DOTSON,38,14,24,0,
Madison,B101,State Representative,91,Republican,Darrell BILLINGS,76,32,44,0,
Madison,B101,State Representative,91,Republican,Jeff HENSLEY,48,14,32,2,
Madison,B101,County Judge Executive,,Republican,Reagan TAYLOR,54,22,30,2,
Madison,B101,County Judge Executive,,Republican,Charles (Chuck) GIVENS,32,8,24,0,
Madison,B101,County Judge Executive,,Republican,Donna AGEE,47,17,29,1,
Madison,B101,Jailer,,Republican,Larry R. BROCK,51,17,33,1,
Madison,B101,Jailer,,Republican,Doug THOMAS,59,20,37,2,
Madison,B101,Jailer,,Republican,Jonathan Everett KING,18,8,10,0,
Madison,B101,Magistrate,2,Republican,Stephen M. LOCHMUELLER,44,20,22,2,
Madison,B101,Magistrate,2,Republican,Bruce BARNES,57,17,39,1,
Madison,B101,Magistrate,2,Republican,"Charles ""Andrew"" ALLEN",20,8,12,0,
Madison,B101,U.S. Senate,,Democratic,Pamela STEVENSON,14,3,8,3,
Madison,B101,U.S. Senate,,Democratic,Vincent Anthony THOMPSON,1,0,0,1,
Madison,B101,U.S. Senate,,Democratic,Joshua BLANTON SR.,5,1,4,0,
Madison,B101,U.S. Senate,,Democratic,Charles BOOKER,111,27,82,2,
Madison,B101,U.S. Senate,,Democratic,Amy McGRATH,44,14,27,3,
Madison,B101,U.S. Senate,,Democratic,Logan FORSYTHE,2,1,1,0,
Madison,B101,U.S. Senate,,Democratic,Dale Lewis ROMANS,8,2,5,1,
Madison,B101,U.S. House,6,Democratic,Harvey CARROLL JR.,6,2,2,2,
Madison,B101,U.S. House,6,Democratic,David KLOIBER,3,2,1,0,
Madison,B101,U.S. House,6,Democratic,Erin PETREY,51,12,39,0,
Madison,B101,U.S. House,6,Democratic,Cherlynn STEVENSON,50,14,34,2,
Madison,B101,U.S. House,6,Democratic,Jimmy Clifton AUSBROOKS,5,1,3,1,
Madison,B101,U.S. House,6,Democratic,Corey EDWARDS,11,1,9,1,
Madison,B101,U.S. House,6,Democratic,Zach DEMBO,49,16,29,4,
Madison,B101,District Judge,,,Micah JOHNSON,52,11,39,2,
Madison,B101,District Judge,,,Darrian D. BOTTS,81,22,54,5,
Madison,B101,District Judge,,,Tyler S. FRAZIER,184,66,111,7,
Madison,B101,Mayor Richmond,,,Ed McDANIEL,133,36,90,7,
Madison,B101,Mayor Richmond,,,John H. RAKESTRAW,16,4,11,1,
Madison,B101,Mayor Richmond,,,Robert R. BLYTHE,184,60,118,6,
Madison,B101,City Commissioners Richmond,,,Bruce FREDERICK,88,30,54,4,
Madison,B101,City Commissioners Richmond,,,Mendi GOBLE,138,38,91,9,
Madison,B101,City Commissioners Richmond,,,"Myron ""Mike"" EDWARDS",99,30,69,0,
Madison,B101,City Commissioners Richmond,,,Jim NEWBY,122,38,77,7,
Madison,B101,City Commissioners Richmond,,,Mike BREWER,150,49,95,6,
Madison,B101,City Commissioners Richmond,,,Jeffrey DEBARR,62,16,44,2,
Madison,B101,City Commissioners Richmond,,,Stephen DELANEY,92,26,64,2,
Madison,B101,City Commissioners Richmond,,,Tammy W. COLE,124,31,85,8,
Madison,B101,City Commissioners Richmond,,,Krystin ARNOLD,135,38,91,6,
Madison,B102,U.S. Senate,,Republican,A. Nick SHELLEY,0,0,0,0,
Madison,B102,U.S. Senate,,Republican,Anissa CATLETT,2,1,1,0,
Madison,B102,U.S. Senate,,Republican,Daniel CAMERON,48,13,33,2,
Madison,B102,U.S. Senate,,Republican,Jimmy I. LEON,0,0,0,0,
Madison,B102,U.S. Senate,,Republican,Jonathan M. HOLLIDAY,0,0,0,0,
Madison,B102,U.S. Senate,,Republican,James D. DUNCAN,1,0,1,0,
Madison,B102,U.S. Senate,,Republican,Other Donald WENZEL,0,0,0,0,
Madison,B102,U.S. Senate,,Republican,George WASHINGTON,5,1,4,0,
Madison,B102,U.S. Senate,,Republican,Michael James FARIS,1,0,1,0,
Madison,B102,U.S. Senate,,Republican,Andy BARR,130,23,104,3,
Madison,B102,U.S. Senate,,Republican,"Valerie ""Dr Val"" FREDRICK",1,0,1,0,
Madison,B102,U.S. Senate,,Republican,Nate MORRIS,3,1,2,0,
Madison,B102,U.S. House,6,Republican,Gregory George PLUCINSKI,30,8,20,2,
Madison,B102,U.S. House,6,Republican,Adam Perez ARQUETTE,0,0,0,0,
Madison,B102,U.S. House,6,Republican,Ralph ALVARADO,95,22,71,2,
Madison,B102,U.S. House,6,Republican,Steve SHANNON,10,1,9,0,
Madison,B102,U.S. House,6,Republican,Ryan DOTSON,43,7,35,1,
Madison,B102,State Representative,81,Republican,Deanna Frazier GORDON,129,31,95,3,
Madison,B102,State Representative,81,Republican,Andrew SIMPSON,55,7,46,2,
Madison,B102,County Judge Executive,,Republican,Reagan TAYLOR,89,20,69,0,
Madison,B102,County Judge Executive,,Republican,Charles (Chuck) GIVENS,29,7,22,0,
Madison,B102,County Judge Executive,,Republican,Donna AGEE,70,13,52,5,
Madison,B102,Jailer,,Republican,Larry R. BROCK,66,10,54,2,
Madison,B102,Jailer,,Republican,Doug THOMAS,86,22,63,1,
Madison,B102,Jailer,,Republican,Jonathan Everett KING,16,1,13,2,
Madison,B102,Magistrate,2,Republican,Stephen M. LOCHMUELLER,64,16,48,0,
Madison,B102,Magistrate,2,Republican,Bruce BARNES,74,15,54,5,
Madison,B102,Magistrate,2,Republican,"Charles ""Andrew"" ALLEN",34,3,31,0,
Madison,B102,U.S. Senate,,Democratic,Pamela STEVENSON,18,3,11,4,
Madison,B102,U.S. Senate,,Democratic,Vincent Anthony THOMPSON,1,0,1,0,
Madison,B102,U.S. Senate,,Democratic,Joshua BLANTON SR.,2,1,1,0,
Madison,B102,U.S. Senate,,Democratic,Charles BOOKER,33,7,23,3,
Madison,B102,U.S. Senate,,Democratic,Amy McGRATH,51,15,33,3,
Madison,B102,U.S. Senate,,Democratic,Logan FORSYTHE,3,0,3,0,
Madison,B102,U.S. Senate,,Democratic,Dale Lewis ROMANS,3,1,2,0,
Madison,B102,U.S. House,6,Democratic,Harvey CARROLL JR.,6,0,6,0,
Madison,B102,U.S. House,6,Democratic,David KLOIBER,6,2,4,0,
Madison,B102,U.S. House,6,Democratic,Erin PETREY,16,1,12,3,
Madison,B102,U.S. House,6,Democratic,Cherlynn STEVENSON,33,17,13,3,
Madison,B102,U.S. House,6,Democratic,Jimmy Clifton AUSBROOKS,2,0,2,0,
Madison,B102,U.S. House,6,Democratic,Corey EDWARDS,8,1,6,1,
Madison,B102,U.S. House,6,Democratic,Zach DEMBO,39,6,30,3,
Madison,B102,District Judge,,,Micah JOHNSON,50,9,37,4,
Madison,B102,District Judge,,,Darrian D. BOTTS,34,6,27,1,
Madison,B102,District Judge,,,Tyler S. FRAZIER,205,46,148,11,
Madison,B102,Mayor Richmond,,,Ed McDANIEL,21,3,18,0,
Madison,B102,Mayor Richmond,,,John H. RAKESTRAW,1,0,1,0,
Madison,B102,Mayor Richmond,,,Robert R. BLYTHE,24,7,17,0,
Madison,B102,City Commissioners Richmond,,,Bruce FREDERICK,18,4,14,0,
Madison,B102,City Commissioners Richmond,,,Mendi GOBLE,19,6,13,0,
Madison,B102,City Commissioners Richmond,,,"Myron ""Mike"" EDWARDS",15,1,14,0,
Madison,B102,City Commissioners Richmond,,,Jim NEWBY,16,6,10,0,
Madison,B102,City Commissioners Richmond,,,Mike BREWER,20,5,15,0,
Madison,B102,City Commissioners Richmond,,,Jeffrey DEBARR,8,1,7,0,
Madison,B102,City Commissioners Richmond,,,Stephen DELANEY,13,1,12,0,
Madison,B102,City Commissioners Richmond,,,Tammy W. COLE,25,6,19,0,
Madison,B102,City Commissioners Richmond,,,Krystin ARNOLD,20,6,14,0,
Madison,B103,U.S. Senate,,Republican,A. Nick SHELLEY,3,1,2,0,
Madison,B103,U.S. Senate,,Republican,Anissa CATLETT,0,0,0,0,
Madison,B103,U.S. Senate,,Republican,Daniel CAMERON,46,17,28,1,
Madison,B103,U.S. Senate,,Republican,Jimmy I. LEON,0,0,0,0,
Madison,B103,U.S. Senate,,Republican,Jonathan M. HOLLIDAY,1,1,0,0,
Madison,B103,U.S. Senate,,Republican,James D. DUNCAN,4,2,2,0,
Madison,B103,U.S. Senate,,Republican,Other Donald WENZEL,0,0,0,0,
Madison,B103,U.S. Senate,,Republican,George WASHINGTON,2,1,1,0,
Madison,B103,U.S. Senate,,Republican,Michael James FARIS,2,0,2,0,
Madison,B103,U.S. Senate,,Republican,Andy BARR,162,42,117,3,
Madison,B103,U.S. Senate,,Republican,"Valerie ""Dr Val"" FREDRICK",3,1,2,0,
Madison,B103,U.S. Senate,,Republican,Nate MORRIS,6,2,4,0,
Madison,B103,U.S. House,6,Republican,Gregory George PLUCINSKI,25,10,15,0,
Madison,B103,U.S. House,6,Republican,Adam Perez ARQUETTE,5,2,3,0,
Madison,B103,U.S. House,6,Republican,Ralph ALVARADO,128,31,94,3,
Madison,B103,U.S. House,6,Republican,Steve SHANNON,16,6,10,0,
Madison,B103,U.S. House,6,Republican,Ryan DOTSON,42,17,25,0,
Madison,B103,State Representative,81,Republican,Deanna Frazier GORDON,152,48,100,4,
Madison,B103,State Representative,81,Republican,Andrew SIMPSON,63,17,46,0,
Madison,B103,County Judge Executive,,Republican,Reagan TAYLOR,81,20,60,1,
Madison,B103,County Judge Executive,,Republican,Charles (Chuck) GIVENS,40,10,30,0,
Madison,B103,County Judge Executive,,Republican,Donna AGEE,103,36,64,3,
Madison,B103,Jailer,,Republican,Larry R. BROCK,95,23,71,1,
Madison,B103,Jailer,,Republican,Doug THOMAS,86,34,49,3,
Madison,B103,Jailer,,Republican,Jonathan Everett KING,22,6,16,0,
Madison,B103,Magistrate,2,Republican,Stephen M. LOCHMUELLER,81,25,55,1,
Madison,B103,Magistrate,2,Republican,Bruce BARNES,81,28,51,2,
Madison,B103,Magistrate,2,Republican,"Charles ""Andrew"" ALLEN",39,10,28,1,
Madison,B103,U.S. Senate,,Democratic,Pamela STEVENSON,18,10,8,0,
Madison,B103,U.S. Senate,,Democratic,Vincent Anthony THOMPSON,6,1,5,0,
Madison,B103,U.S. Senate,,Democratic,Joshua BLANTON SR.,2,0,2,0,
Madison,B103,U.S. Senate,,Democratic,Charles BOOKER,84,30,54,0,
Madison,B103,U.S. Senate,,Democratic,Amy McGRATH,72,24,42,6,
Madison,B103,U.S. Senate,,Democratic,Logan FORSYTHE,5,3,2,0,
Madison,B103,U.S. Senate,,Democratic,Dale Lewis ROMANS,3,0,2,1,
Madison,B103,U.S. House,6,Democratic,Harvey CARROLL JR.,5,2,3,0,
Madison,B103,U.S. House,6,Democratic,David KLOIBER,8,1,7,0,
Madison,B103,U.S. House,6,Democratic,Erin PETREY,35,7,26,2,
Madison,B103,U.S. House,6,Democratic,Cherlynn STEVENSON,46,24,22,0,
Madison,B103,U.S. House,6,Democratic,Jimmy Clifton AUSBROOKS,3,2,1,0,
Madison,B103,U.S. House,6,Democratic,Corey EDWARDS,10,2,8,0,
Madison,B103,U.S. House,6,Democratic,Zach DEMBO,77,29,43,5,
Madison,B103,District Judge,,,Micah JOHNSON,53,15,38,0,
Madison,B103,District Judge,,,Darrian D. BOTTS,70,20,47,3,
Madison,B103,District Judge,,,Tyler S. FRAZIER,254,85,160,9,
Madison,B103,Mayor Richmond,,,Ed McDANIEL,46,14,32,0,
Madison,B103,Mayor Richmond,,,John H. RAKESTRAW,6,0,6,0,
Madison,B103,Mayor Richmond,,,Robert R. BLYTHE,79,28,49,2,
Madison,B103,City Commissioners Richmond,,,Bruce FREDERICK,30,7,23,0,
Madison,B103,City Commissioners Richmond,,,Mendi GOBLE,53,20,32,1,
Madison,B103,City Commissioners Richmond,,,"Myron ""Mike"" EDWARDS",44,8,35,1,
Madison,B103,City Commissioners Richmond,,,Jim NEWBY,61,20,39,2,
Madison,B103,City Commissioners Richmond,,,Mike BREWER,71,27,43,1,
Madison,B103,City Commissioners Richmond,,,Jeffrey DEBARR,19,5,14,0,
Madison,B103,City Commissioners Richmond,,,Stephen DELANEY,38,9,28,1,
Madison,B103,City Commissioners Richmond,,,Tammy W. COLE,55,23,30,2,
Madison,B103,City Commissioners Richmond,,,Krystin ARNOLD,58,19,39,0,
Madison,B104,U.S. Senate,,Republican,A. Nick SHELLEY,2,0,2,0,
Madison,B104,U.S. Senate,,Republican,Anissa CATLETT,4,1,3,0,
Madison,B104,U.S. Senate,,Republican,Daniel CAMERON,57,15,41,1,
Madison,B104,U.S. Senate,,Republican,Jimmy I. LEON,0,0,0,0,
Madison,B104,U.S. Senate,,Republican,Jonathan M. HOLLIDAY,2,0,2,0,
Madison,B104,U.S. Senate,,Republican,James D. DUNCAN,0,0,0,0,
Madison,B104,U.S. Senate,,Republican,Other Donald WENZEL,0,0,0,0,
Madison,B104,U.S. Senate,,Republican,George WASHINGTON,2,0,2,0,
Madison,B104,U.S. Senate,,Republican,Michael James FARIS,1,0,1,0,
Madison,B104,U.S. Senate,,Republican,Andy BARR,204,63,138,3,
Madison,B104,U.S. Senate,,Republican,"Valerie ""Dr Val"" FREDRICK",3,1,2,0,
Madison,B104,U.S. Senate,,Republican,Nate MORRIS,10,0,10,0,
Madison,B104,U.S. House,6,Republican,Gregory George PLUCINSKI,22,5,17,0,
Madison,B104,U.S. House,6,Republican,Adam Perez ARQUETTE,5,0,5,0,
Madison,B104,U.S. House,6,Republican,Ralph ALVARADO,145,49,96,0,
Madison,B104,U.S. House,6,Republican,Steve SHANNON,21,1,20,0,
Madison,B104,U.S. House,6,Republican,Ryan DOTSON,76,22,52,2,
Madison,B104,State Representative,81,Republican,Deanna Frazier GORDON,158,50,108,0,
Madison,B104,State Representative,81,Republican,Andrew SIMPSON,117,28,87,2,
Madison,B104,County Judge Executive,,Republican,Reagan TAYLOR,85,23,62,0,
Madison,B104,County Judge Executive,,Republican,Charles (Chuck) GIVENS,61,16,43,2,
Madison,B104,County Judge Executive,,Republican,Donna AGEE,138,41,95,2,
Madison,B104,Jailer,,Republican,Larry R. BROCK,103,34,66,3,
Madison,B104,Jailer,,Republican,Doug THOMAS,147,37,109,1,
Madison,B104,Jailer,,Republican,Jonathan Everett KING,23,7,16,0,
Madison,B104,Magistrate,2,Republican,Stephen M. LOCHMUELLER,58,21,37,0,
Madison,B104,Magistrate,2,Republican,Bruce BARNES,190,49,137,4,
Madison,B104,Magistrate,2,Republican,"Charles ""Andrew"" ALLEN",28,7,21,0,
Madison,B104,U.S. Senate,,Democratic,Pamela STEVENSON,11,3,7,1,
Madison,B104,U.S. Senate,,Democratic,Vincent Anthony THOMPSON,1,0,1,0,
Madison,B104,U.S. Senate,,Democratic,Joshua BLANTON SR.,1,1,0,0,
Madison,B104,U.S. Senate,,Democratic,Charles BOOKER,42,8,33,1,
Madison,B104,U.S. Senate,,Democratic,Amy McGRATH,40,16,18,6,
Madison,B104,U.S. Senate,,Democratic,Logan FORSYTHE,2,0,2,0,
Madison,B104,U.S. Senate,,Democratic,Dale Lewis ROMANS,5,0,5,0,
Madison,B104,U.S. House,6,Democratic,Harvey CARROLL JR.,6,1,5,0,
Madison,B104,U.S. House,6,Democratic,David KLOIBER,3,0,3,0,
Madison,B104,U.S. House,6,Democratic,Erin PETREY,10,3,7,0,
Madison,B104,U.S. House,6,Democratic,Cherlynn STEVENSON,41,15,22,4,
Madison,B104,U.S. House,6,Democratic,Jimmy Clifton AUSBROOKS,0,0,0,0,
Madison,B104,U.S. House,6,Democratic,Corey EDWARDS,6,1,5,0,
Madison,B104,U.S. House,6,Democratic,Zach DEMBO,31,8,19,4,
Madison,B104,District Judge,,,Micah JOHNSON,60,10,46,4,
Madison,B104,District Judge,,,Darrian D. BOTTS,32,7,23,2,
Madison,B104,District Judge,,,Tyler S. FRAZIER,279,85,191,3,
Madison,B105,U.S. Senate,,Republican,A. Nick SHELLEY,3,1,2,0,
Madison,B105,U.S. Senate,,Republican,Anissa CATLETT,1,0,1,0,
Madison,B105,U.S. Senate,,Republican,Daniel CAMERON,86,31,52,3,
Madison,B105,U.S. Senate,,Republican,Jimmy I. LEON,1,0,1,0,
Madison,B105,U.S. Senate,,Republican,Jonathan M. HOLLIDAY,3,1,2,0,
Madison,B105,U.S. Senate,,Republican,James D. DUNCAN,3,0,3,0,
Madison,B105,U.S. Senate,,Republican,Other Donald WENZEL,1,0,1,0,
Madison,B105,U.S. Senate,,Republican,George WASHINGTON,0,0,0,0,
Madison,B105,U.S. Senate,,Republican,Michael James FARIS,6,2,4,0,
Madison,B105,U.S. Senate,,Republican,Andy BARR,254,80,162,12,
Madison,B105,U.S. Senate,,Republican,"Valerie ""Dr Val"" FREDRICK",3,1,2,0,
Madison,B105,U.S. Senate,,Republican,Nate MORRIS,12,4,6,2,
Madison,B105,U.S. House,6,Republican,Gregory George PLUCINSKI,30,7,21,2,
Madison,B105,U.S. House,6,Republican,Adam Perez ARQUETTE,5,2,3,0,
Madison,B105,U.S. House,6,Republican,Ralph ALVARADO,214,79,129,6,
Madison,B105,U.S. House,6,Republican,Steve SHANNON,25,4,20,1,
Madison,B105,U.S. House,6,Republican,Ryan DOTSON,69,23,44,2,
Madison,B105,State Representative,81,Republican,Deanna Frazier GORDON,263,85,165,13,
Madison,B105,State Representative,81,Republican,Andrew SIMPSON,85,27,57,1,
Madison,B105,County Judge Executive,,Republican,Reagan TAYLOR,196,71,116,9,
Madison,B105,County Judge Executive,,Republican,Charles (Chuck) GIVENS,45,9,35,1,
Madison,B105,County Judge Executive,,Republican,Donna AGEE,126,37,85,4,
Madison,B105,Jailer,,Republican,Larry R. BROCK,143,54,81,8,
Madison,B105,Jailer,,Republican,Doug THOMAS,143,42,98,3,
Madison,B105,Jailer,,Republican,Jonathan Everett KING,43,10,31,2,
Madison,B105,Magistrate,2,Republican,Stephen M. LOCHMUELLER,174,74,93,7,
Madison,B105,Magistrate,2,Republican,Bruce BARNES,96,24,69,3,
Madison,B105,Magistrate,2,Republican,"Charles ""Andrew"" ALLEN",51,11,38,2,
Madison,B105,U.S. Senate,,Democratic,Pamela STEVENSON,40,16,21,3,
Madison,B105,U.S. Senate,,Democratic,Vincent Anthony THOMPSON,7,5,2,0,
Madison,B105,U.S. Senate,,Democratic,Joshua BLANTON SR.,7,2,3,2,
Madison,B105,U.S. Senate,,Democratic,Charles BOOKER,166,53,104,9,
Madison,B105,U.S. Senate,,Democratic,Amy McGRATH,138,56,72,10,
Madison,B105,U.S. Senate,,Democratic,Logan FORSYTHE,9,6,3,0,
Madison,B105,U.S. Senate,,Democratic,Dale Lewis ROMANS,14,7,7,0,
Madison,B105,U.S. House,6,Democratic,Harvey CARROLL JR.,10,6,4,0,
Madison,B105,U.S. House,6,Democratic,David KLOIBER,9,6,2,1,
Madison,B105,U.S. House,6,Democratic,Erin PETREY,54,14,37,3,
Madison,B105,U.S. House,6,Democratic,Cherlynn STEVENSON,121,41,75,5,
Madison,B105,U.S. House,6,Democratic,Jimmy Clifton AUSBROOKS,3,0,3,0,
Madison,B105,U.S. House,6,Democratic,Corey EDWARDS,17,6,11,0,
Madison,B105,U.S. House,6,Democratic,Zach DEMBO,158,71,73,14,
Madison,B105,District Judge,,,Micah JOHNSON,72,22,49,1,
Madison,B105,District Judge,,,Darrian D. BOTTS,162,56,103,3,
Madison,B105,District Judge,,,Tyler S. FRAZIER,487,176,281,30,
Madison,B105,Mayor Richmond,,,Ed McDANIEL,212,72,134,6,
Madison,B105,Mayor Richmond,,,John H. RAKESTRAW,31,8,23,0,
Madison,B105,Mayor Richmond,,,Robert R. BLYTHE,525,194,297,34,
Madison,B105,City Commissioners Richmond,,,Bruce FREDERICK,167,58,101,8,
Madison,B105,City Commissioners Richmond,,,Mendi GOBLE,391,141,235,15,
Madison,B105,City Commissioners Richmond,,,"Myron ""Mike"" EDWARDS",178,54,118,6,
Madison,B105,City Commissioners Richmond,,,Jim NEWBY,318,127,173,18,
Madison,B105,City Commissioners Richmond,,,Mike BREWER,327,123,181,23,
Madison,B105,City Commissioners Richmond,,,Jeffrey DEBARR,130,38,87,5,
Madison,B105,City Commissioners Richmond,,,Stephen DELANEY,204,66,128,10,
Madison,B105,City Commissioners Richmond,,,Tammy W. COLE,390,150,224,16,
Madison,B105,City Commissioners Richmond,,,Krystin ARNOLD,269,88,173,8,
Madison,B106,U.S. Senate,,Republican,A. Nick SHELLEY,0,0,0,0,
Madison,B106,U.S. Senate,,Republican,Anissa CATLETT,0,0,0,0,
Madison,B106,U.S. Senate,,Republican,Daniel CAMERON,21,4,16,1,
Madison,B106,U.S. Senate,,Republican,Jimmy I. LEON,0,0,0,0,
Madison,B106,U.S. Senate,,Republican,Jonathan M. HOLLIDAY,0,0,0,0,
Madison,B106,U.S. Senate,,Republican,James D. DUNCAN,0,0,0,0,
Madison,B106,U.S. Senate,,Republican,Other Donald WENZEL,0,0,0,0,
Madison,B106,U.S. Senate,,Republican,George WASHINGTON,1,1,0,0,
Madison,B106,U.S. Senate,,Republican,Michael James FARIS,0,0,0,0,
Madison,B106,U.S. Senate,,Republican,Andy BARR,31,11,17,3,
Madison,B106,U.S. Senate,,Republican,"Valerie ""Dr Val"" FREDRICK",0,0,0,0,
Madison,B106,U.S. Senate,,Republican,Nate MORRIS,1,1,0,0,
Madison,B106,U.S. House,6,Republican,Gregory George PLUCINSKI,7,4,3,0,
Madison,B106,U.S. House,6,Republican,Adam Perez ARQUETTE,1,0,1,0,
Madison,B106,U.S. House,6,Republican,Ralph ALVARADO,31,9,19,3,
Madison,B106,U.S. House,6,Republican,Steve SHANNON,3,2,1,0,
Madison,B106,U.S. House,6,Republican,Ryan DOTSON,9,1,7,1,
Madison,B106,State Representative,81,Republican,Deanna Frazier GORDON,34,12,20,2,
Madison,B106,State Representative,81,Republican,Andrew SIMPSON,14,3,10,1,
Madison,B106,County Judge Executive,,Republican,Reagan TAYLOR,27,7,18,2,
Madison,B106,County Judge Executive,,Republican,Charles (Chuck) GIVENS,7,0,6,1,
Madison,B106,County Judge Executive,,Republican,Donna AGEE,18,9,8,1,
Madison,B106,Jailer,,Republican,Larry R. BROCK,23,7,14,2,
Madison,B106,Jailer,,Republican,Doug THOMAS,21,8,12,1,
Madison,B106,Jailer,,Republican,Jonathan Everett KING,7,1,5,1,
Madison,B106,Magistrate,2,Republican,Stephen M. LOCHMUELLER,26,9,15,2,
Madison,B106,Magistrate,2,Republican,Bruce BARNES,17,4,11,2,
Madison,B106,Magistrate,2,Republican,"Charles ""Andrew"" ALLEN",6,2,4,0,
Madison,B106,U.S. Senate,,Democratic,Pamela STEVENSON,11,5,6,0,
Madison,B106,U.S. Senate,,Democratic,Vincent Anthony THOMPSON,0,0,0,0,
Madison,B106,U.S. Senate,,Democratic,Joshua BLANTON SR.,2,0,1,1,
Madison,B106,U.S. Senate,,Democratic,Charles BOOKER,51,9,39,3,
Madison,B106,U.S. Senate,,Democratic,Amy McGRATH,37,13,22,2,
Madison,B106,U.S. Senate,,Democratic,Logan FORSYTHE,0,0,0,0,
Madison,B106,U.S. Senate,,Democratic,Dale Lewis ROMANS,3,2,0,1,
Madison,B106,U.S. House,6,Democratic,Harvey CARROLL JR.,1,0,1,0,
Madison,B106,U.S. House,6,Democratic,David KLOIBER,4,0,2,2,
Madison,B106,U.S. House,6,Democratic,Erin PETREY,20,4,15,1,
Madison,B106,U.S. House,6,Democratic,Cherlynn STEVENSON,34,12,19,3,
Madison,B106,U.S. House,6,Democratic,Jimmy Clifton AUSBROOKS,1,0,1,0,
Madison,B106,U.S. House,6,Democratic,Corey EDWARDS,7,2,5,0,
Madison,B106,U.S. House,6,Democratic,Zach DEMBO,33,10,22,1,
Madison,B106,District Judge,,,Micah JOHNSON,22,6,10,6,
Madison,B106,District Judge,,,Darrian D. BOTTS,41,6,31,4,
Madison,B106,District Judge,,,Tyler S. FRAZIER,86,30,55,1,
Madison,B106,Mayor Richmond,,,Ed McDANIEL,38,13,23,2,
Madison,B106,Mayor Richmond,,,John H. RAKESTRAW,4,1,2,1,
Madison,B106,Mayor Richmond,,,Robert R. BLYTHE,115,29,78,8,
Madison,B106,City Commissioners Richmond,,,Bruce FREDERICK,30,11,19,0,
Madison,B106,City Commissioners Richmond,,,Mendi GOBLE,65,22,39,4,
Madison,B106,City Commissioners Richmond,,,"Myron ""Mike"" EDWARDS",48,14,29,5,
Madison,B106,City Commissioners Richmond,,,Jim NEWBY,73,18,51,4,
Madison,B106,City Commissioners Richmond,,,Mike BREWER,54,12,34,8,
Madison,B106,City Commissioners Richmond,,,Jeffrey DEBARR,33,6,24,3,
Madison,B106,City Commissioners Richmond,,,Stephen DELANEY,50,10,36,4,
Madison,B106,City Commissioners Richmond,,,Tammy W. COLE,80,25,50,5,
Madison,B106,City Commissioners Richmond,,,Krystin ARNOLD,56,11,40,5,
Madison,B107,U.S. Senate,,Republican,A. Nick SHELLEY,1,1,0,0,
Madison,B107,U.S. Senate,,Republican,Anissa CATLETT,4,2,2,0,
Madison,B107,U.S. Senate,,Republican,Daniel CAMERON,41,14,26,1,
Madison,B107,U.S. Senate,,Republican,Jimmy I. LEON,0,0,0,0,
Madison,B107,U.S. Senate,,Republican,Jonathan M. HOLLIDAY,1,0,1,0,
Madison,B107,U.S. Senate,,Republican,James D. DUNCAN,0,0,0,0,
Madison,B107,U.S. Senate,,Republican,Other Donald WENZEL,1,1,0,0,
Madison,B107,U.S. Senate,,Republican,George WASHINGTON,1,0,1,0,
Madison,B107,U.S. Senate,,Republican,Michael James FARIS,3,2,1,0,
Madison,B107,U.S. Senate,,Republican,Andy BARR,121,41,74,6,
Madison,B107,U.S. Senate,,Republican,"Valerie ""Dr Val"" FREDRICK",3,0,3,0,
Madison,B107,U.S. Senate,,Republican,Nate MORRIS,4,0,4,0,
Madison,B107,U.S. House,6,Republican,Gregory George PLUCINSKI,17,5,9,3,
Madison,B107,U.S. House,6,Republican,Adam Perez ARQUETTE,6,2,4,0,
Madison,B107,U.S. House,6,Republican,Ralph ALVARADO,79,31,46,2,
Madison,B107,U.S. House,6,Republican,Steve SHANNON,12,2,9,1,
Madison,B107,U.S. House,6,Republican,Ryan DOTSON,52,17,34,1,
Madison,B107,State Representative,81,Republican,Deanna Frazier GORDON,121,50,65,6,
Madison,B107,State Representative,81,Republican,Andrew SIMPSON,47,11,35,1,
Madison,B107,County Judge Executive,,Republican,Reagan TAYLOR,65,22,42,1,
Madison,B107,County Judge Executive,,Republican,Charles (Chuck) GIVENS,24,10,12,2,
Madison,B107,County Judge Executive,,Republican,Donna AGEE,82,27,51,4,
Madison,B107,Jailer,,Republican,Larry R. BROCK,61,15,43,3,
Madison,B107,Jailer,,Republican,Doug THOMAS,71,26,41,4,
Madison,B107,Jailer,,Republican,Jonathan Everett KING,30,15,15,0,
Madison,B107,Magistrate,2,Republican,Stephen M. LOCHMUELLER,58,18,35,5,
Madison,B107,Magistrate,2,Republican,Bruce BARNES,64,28,35,1,
Madison,B107,Magistrate,2,Republican,"Charles ""Andrew"" ALLEN",30,6,23,1,
Madison,B107,U.S. Senate,,Democratic,Pamela STEVENSON,15,6,9,0,
Madison,B107,U.S. Senate,,Democratic,Vincent Anthony THOMPSON,3,0,2,1,
Madison,B107,U.S. Senate,,Democratic,Joshua BLANTON SR.,2,0,2,0,
Madison,B107,U.S. Senate,,Democratic,Charles BOOKER,112,22,83,7,
Madison,B107,U.S. Senate,,Democratic,Amy McGRATH,57,20,36,1,
Madison,B107,U.S. Senate,,Democratic,Logan FORSYTHE,9,4,5,0,
Madison,B107,U.S. Senate,,Democratic,Dale Lewis ROMANS,8,2,6,0,
Madison,B107,U.S. House,6,Democratic,Harvey CARROLL JR.,11,2,9,0,
Madison,B107,U.S. House,6,Democratic,David KLOIBER,2,0,2,0,
Madison,B107,U.S. House,6,Democratic,Erin PETREY,46,10,33,3,
Madison,B107,U.S. House,6,Democratic,Cherlynn STEVENSON,45,12,32,1,
Madison,B107,U.S. House,6,Democratic,Jimmy Clifton AUSBROOKS,3,1,2,0,
Madison,B107,U.S. House,6,Democratic,Corey EDWARDS,24,5,18,1,
Madison,B107,U.S. House,6,Democratic,Zach DEMBO,75,28,43,4,
Madison,B107,District Judge,,,Micah JOHNSON,74,18,56,0,
Madison,B107,District Judge,,,Darrian D. BOTTS,57,18,34,5,
Madison,B107,District Judge,,,Tyler S. FRAZIER,242,80,151,11,
Madison,B107,Mayor Richmond,,,Ed McDANIEL,143,45,94,4,
Madison,B107,Mayor Richmond,,,John H. RAKESTRAW,16,3,11,2,
Madison,B107,Mayor Richmond,,,Robert R. BLYTHE,230,71,149,10,
Madison,B107,City Commissioners Richmond,,,Bruce FREDERICK,92,30,58,4,
Madison,B107,City Commissioners Richmond,,,Mendi GOBLE,165,49,108,8,
Madison,B107,City Commissioners Richmond,,,"Myron ""Mike"" EDWARDS",101,28,70,3,
Madison,B107,City Commissioners Richmond,,,Jim NEWBY,180,61,108,11,
Madison,B107,City Commissioners Richmond,,,Mike BREWER,199,59,129,11,
Madison,B107,City Commissioners Richmond,,,Jeffrey DEBARR,70,18,49,3,
Madison,B107,City Commissioners Richmond,,,Stephen DELANEY,97,32,60,5,
Madison,B107,City Commissioners Richmond,,,Tammy W. COLE,173,52,114,7,
Madison,B107,City Commissioners Richmond,,,Krystin ARNOLD,164,50,112,2,
Madison,B108,U.S. Senate,,Republican,A. Nick SHELLEY,0,0,0,0,
Madison,B108,U.S. Senate,,Republican,Anissa CATLETT,1,0,1,0,
Madison,B108,U.S. Senate,,Republican,Daniel CAMERON,41,11,29,1,
Madison,B108,U.S. Senate,,Republican,Jimmy I. LEON,0,0,0,0,
Madison,B108,U.S. Senate,,Republican,Jonathan M. HOLLIDAY,2,1,1,0,
Madison,B108,U.S. Senate,,Republican,James D. DUNCAN,1,0,0,1,
Madison,B108,U.S. Senate,,Republican,Other Donald WENZEL,0,0,0,0,
Madison,B108,U.S. Senate,,Republican,George WASHINGTON,1,0,1,0,
Madison,B108,U.S. Senate,,Republican,Michael James FARIS,2,1,1,0,
Madison,B108,U.S. Senate,,Republican,Andy BARR,140,24,115,1,
Madison,B108,U.S. Senate,,Republican,"Valerie ""Dr Val"" FREDRICK",2,1,1,0,
Madison,B108,U.S. Senate,,Republican,Nate MORRIS,4,0,4,0,
Madison,B108,U.S. House,6,Republican,Gregory George PLUCINSKI,12,2,9,1,
Madison,B108,U.S. House,6,Republican,Adam Perez ARQUETTE,3,0,3,0,
Madison,B108,U.S. House,6,Republican,Ralph ALVARADO,114,21,91,2,
Madison,B108,U.S. House,6,Republican,Steve SHANNON,4,1,3,0,
Madison,B108,U.S. House,6,Republican,Ryan DOTSON,51,13,38,0,
Madison,B108,State Representative,81,Republican,Deanna Frazier GORDON,115,22,91,2,
Madison,B108,State Representative,81,Republican,Andrew SIMPSON,58,13,44,1,
Madison,B108,County Judge Executive,,Republican,Reagan TAYLOR,74,16,57,1,
Madison,B108,County Judge Executive,,Republican,Charles (Chuck) GIVENS,41,4,36,1,
Madison,B108,County Judge Executive,,Republican,Donna AGEE,72,16,55,1,
Madison,B108,Jailer,,Republican,Larry R. BROCK,72,16,54,2,
Madison,B108,Jailer,,Republican,Doug THOMAS,63,13,50,0,
Madison,B108,Jailer,,Republican,Jonathan Everett KING,18,2,15,1,
Madison,B108,Magistrate,2,Republican,Stephen M. LOCHMUELLER,76,22,52,2,
Madison,B108,Magistrate,2,Republican,Bruce BARNES,53,5,47,1,
Madison,B108,Magistrate,2,Republican,"Charles ""Andrew"" ALLEN",34,6,28,0,
Madison,B108,U.S. Senate,,Democratic,Pamela STEVENSON,8,2,5,1,
Madison,B108,U.S. Senate,,Democratic,Vincent Anthony THOMPSON,2,1,1,0,
Madison,B108,U.S. Senate,,Democratic,Joshua BLANTON SR.,1,0,1,0,
Madison,B108,U.S. Senate,,Democratic,Charles BOOKER,45,7,35,3,
Madison,B108,U.S. Senate,,Democratic,Amy McGRATH,30,5,25,0,
Madison,B108,U.S. Senate,,Democratic,Logan FORSYTHE,3,1,2,0,
Madison,B108,U.S. Senate,,Democratic,Dale Lewis ROMANS,5,1,4,0,
Madison,B108,U.S. House,6,Democratic,Harvey CARROLL JR.,1,0,1,0,
Madison,B108,U.S. House,6,Democratic,David KLOIBER,4,0,4,0,
Madison,B108,U.S. House,6,Democratic,Erin PETREY,9,0,9,0,
Madison,B108,U.S. House,6,Democratic,Cherlynn STEVENSON,39,9,26,4,
Madison,B108,U.S. House,6,Democratic,Jimmy Clifton AUSBROOKS,1,1,0,0,
Madison,B108,U.S. House,6,Democratic,Corey EDWARDS,7,3,4,0,
Madison,B108,U.S. House,6,Democratic,Zach DEMBO,31,4,27,0,
Madison,B108,District Judge,,,Micah JOHNSON,53,9,41,3,
Madison,B108,District Judge,,,Darrian D. BOTTS,30,8,21,1,
Madison,B108,District Judge,,,Tyler S. FRAZIER,165,34,128,3,
Madison,B109,U.S. Senate,,Republican,A. Nick SHELLEY,4,1,3,0,
Madison,B109,U.S. Senate,,Republican,Anissa CATLETT,5,1,4,0,
Madison,B109,U.S. Senate,,Republican,Daniel CAMERON,68,11,54,3,
Madison,B109,U.S. Senate,,Republican,Jimmy I. LEON,1,0,1,0,
Madison,B109,U.S. Senate,,Republican,Jonathan M. HOLLIDAY,3,1,2,0,
Madison,B109,U.S. Senate,,Republican,James D. DUNCAN,2,0,2,0,
Madison,B109,U.S. Senate,,Republican,Other Donald WENZEL,0,0,0,0,
Madison,B109,U.S. Senate,,Republican,George WASHINGTON,3,1,2,0,
Madison,B109,U.S. Senate,,Republican,Michael James FARIS,5,2,3,0,
Madison,B109,U.S. Senate,,Republican,Andy BARR,163,29,133,1,
Madison,B109,U.S. Senate,,Republican,"Valerie ""Dr Val"" FREDRICK",2,0,2,0,
Madison,B109,U.S. Senate,,Republican,Nate MORRIS,8,1,7,0,
Madison,B109,U.S. House,6,Republican,Gregory George PLUCINSKI,23,6,16,1,
Madison,B109,U.S. House,6,Republican,Adam Perez ARQUETTE,7,0,6,1,
Madison,B109,U.S. House,6,Republican,Ralph ALVARADO,126,19,107,0,
Madison,B109,U.S. House,6,Republican,Steve SHANNON,13,2,11,0,
Madison,B109,U.S. House,6,Republican,Ryan DOTSON,73,15,56,2,
Madison,B109,State Representative,81,Republican,Deanna Frazier GORDON,168,29,137,2,
Madison,B109,State Representative,81,Republican,Andrew SIMPSON,65,12,51,2,
Madison,B109,County Judge Executive,,Republican,Reagan TAYLOR,107,23,84,0,
Madison,B109,County Judge Executive,,Republican,Charles (Chuck) GIVENS,42,9,31,2,
Madison,B109,County Judge Executive,,Republican,Donna AGEE,110,14,94,2,
Madison,B109,Jailer,,Republican,Larry R. BROCK,94,20,72,2,
Madison,B109,Jailer,,Republican,Doug THOMAS,108,17,90,1,
Madison,B109,Jailer,,Republican,Jonathan Everett KING,24,5,18,1,
Madison,B109,Magistrate,2,Republican,Stephen M. LOCHMUELLER,93,18,74,1,
Madison,B109,Magistrate,2,Republican,Bruce BARNES,107,19,87,1,
Madison,B109,Magistrate,2,Republican,"Charles ""Andrew"" ALLEN",35,5,28,2,
Madison,B109,U.S. Senate,,Democratic,Pamela STEVENSON,14,4,10,0,
Madison,B109,U.S. Senate,,Democratic,Vincent Anthony THOMPSON,3,2,1,0,
Madison,B109,U.S. Senate,,Democratic,Joshua BLANTON SR.,4,0,4,0,
Madison,B109,U.S. Senate,,Democratic,Charles BOOKER,60,13,46,1,
Madison,B109,U.S. Senate,,Democratic,Amy McGRATH,50,12,38,0,
Madison,B109,U.S. Senate,,Democratic,Logan FORSYTHE,6,1,4,1,
Madison,B109,U.S. Senate,,Democratic,Dale Lewis ROMANS,8,4,4,0,
Madison,B109,U.S. House,6,Democratic,Harvey CARROLL JR.,6,0,6,0,
Madison,B109,U.S. House,6,Democratic,David KLOIBER,8,4,3,1,
Madison,B109,U.S. House,6,Democratic,Erin PETREY,22,2,20,0,
Madison,B109,U.S. House,6,Democratic,Cherlynn STEVENSON,28,8,20,0,
Madison,B109,U.S. House,6,Democratic,Jimmy Clifton AUSBROOKS,4,0,3,1,
Madison,B109,U.S. House,6,Democratic,Corey EDWARDS,13,2,11,0,
Madison,B109,U.S. House,6,Democratic,Zach DEMBO,61,20,41,0,
Madison,B109,District Judge,,,Micah JOHNSON,66,14,52,0,
Madison,B109,District Judge,,,Darrian D. BOTTS,49,12,37,0,
Madison,B109,District Judge,,,Tyler S. FRAZIER,249,49,194,6,
Madison,B110,U.S. Senate,,Republican,A. Nick SHELLEY,3,0,3,0,
Madison,B110,U.S. Senate,,Republican,Anissa CATLETT,1,1,0,0,
Madison,B110,U.S. Senate,,Republican,Daniel CAMERON,65,28,35,2,
Madison,B110,U.S. Senate,,Republican,Jimmy I. LEON,3,2,1,0,
Madison,B110,U.S. Senate,,Republican,Jonathan M. HOLLIDAY,4,0,4,0,
Madison,B110,U.S. Senate,,Republican,James D. DUNCAN,3,1,2,0,
Madison,B110,U.S. Senate,,Republican,Other Donald WENZEL,0,0,0,0,
Madison,B110,U.S. Senate,,Republican,George WASHINGTON,2,1,1,0,
Madison,B110,U.S. Senate,,Republican,Michael James FARIS,4,1,2,1,
Madison,B110,U.S. Senate,,Republican,Andy BARR,226,44,179,3,
Madison,B110,U.S. Senate,,Republican,"Valerie ""Dr Val"" FREDRICK",3,1,2,0,
Madison,B110,U.S. Senate,,Republican,Nate MORRIS,8,3,5,0,
Madison,B110,U.S. House,6,Republican,Gregory George PLUCINSKI,25,9,15,1,
Madison,B110,U.S. House,6,Republican,Adam Perez ARQUETTE,3,0,3,0,
Madison,B110,U.S. House,6,Republican,Ralph ALVARADO,200,50,146,4,
Madison,B110,U.S. House,6,Republican,Steve SHANNON,18,8,9,1,
Madison,B110,U.S. House,6,Republican,Ryan DOTSON,51,10,41,0,
Madison,B110,State Representative,81,Republican,Deanna Frazier GORDON,194,55,136,3,
Madison,B110,State Representative,81,Republican,Andrew SIMPSON,101,22,76,3,
Madison,B110,County Judge Executive,,Republican,Reagan TAYLOR,128,38,90,0,
Madison,B110,County Judge Executive,,Republican,Charles (Chuck) GIVENS,45,13,31,1,
Madison,B110,County Judge Executive,,Republican,Donna AGEE,139,30,104,5,
Madison,B110,Jailer,,Republican,Larry R. BROCK,114,33,77,4,
Madison,B110,Jailer,,Republican,Doug THOMAS,110,23,85,2,
Madison,B110,Jailer,,Republican,Jonathan Everett KING,46,12,34,0,
Madison,B110,Magistrate,2,Republican,Stephen M. LOCHMUELLER,109,24,85,0,
Madison,B110,Magistrate,2,Republican,Bruce BARNES,150,40,104,6,
Madison,B110,Magistrate,2,Republican,"Charles ""Andrew"" ALLEN",35,12,23,0,
Madison,B110,U.S. Senate,,Democratic,Pamela STEVENSON,18,4,10,4,
Madison,B110,U.S. Senate,,Democratic,Vincent Anthony THOMPSON,2,2,0,0,
Madison,B110,U.S. Senate,,Democratic,Joshua BLANTON SR.,0,0,0,0,
Madison,B110,U.S. Senate,,Democratic,Charles BOOKER,68,20,45,3,
Madison,B110,U.S. Senate,,Democratic,Amy McGRATH,57,22,33,2,
Madison,B110,U.S. Senate,,Democratic,Logan FORSYTHE,4,1,3,0,
Madison,B110,U.S. Senate,,Democratic,Dale Lewis ROMANS,9,3,5,1,
Madison,B110,U.S. House,6,Democratic,Harvey CARROLL JR.,6,1,5,0,
Madison,B110,U.S. House,6,Democratic,David KLOIBER,8,3,5,0,
Madison,B110,U.S. House,6,Democratic,Erin PETREY,23,9,14,0,
Madison,B110,U.S. House,6,Democratic,Cherlynn STEVENSON,34,12,22,0,
Madison,B110,U.S. House,6,Democratic,Jimmy Clifton AUSBROOKS,0,0,0,0,
Madison,B110,U.S. House,6,Democratic,Corey EDWARDS,0,0,0,0,
Madison,B110,U.S. House,6,Democratic,Zach DEMBO,81,27,45,9,
Madison,B110,District Judge,,,Micah JOHNSON,72,21,50,1,
Madison,B110,District Judge,,,Darrian D. BOTTS,59,20,36,3,
Madison,B110,District Judge,,,Tyler S. FRAZIER,288,75,202,11,
Madison,B111,U.S. Senate,,Republican,A. Nick SHELLEY,1,0,1,0,
Madison,B111,U.S. Senate,,Republican,Anissa CATLETT,2,2,0,0,
Madison,B111,U.S. Senate,,Republican,Daniel CAMERON,58,19,38,1,
Madison,B111,U.S. Senate,,Republican,Jimmy I. LEON,0,0,0,0,
Madison,B111,U.S. Senate,,Republican,Jonathan M. HOLLIDAY,0,0,0,0,
Madison,B111,U.S. Senate,,Republican,James D. DUNCAN,1,1,0,0,
Madison,B111,U.S. Senate,,Republican,Other Donald WENZEL,0,0,0,0,
Madison,B111,U.S. Senate,,Republican,George WASHINGTON,0,0,0,0,
Madison,B111,U.S. Senate,,Republican,Michael James FARIS,1,0,0,1,
Madison,B111,U.S. Senate,,Republican,Andy BARR,193,39,153,1,
Madison,B111,U.S. Senate,,Republican,"Valerie ""Dr Val"" FREDRICK",2,0,2,0,
Madison,B111,U.S. Senate,,Republican,Nate MORRIS,7,0,7,0,
Madison,B111,U.S. House,6,Republican,Gregory George PLUCINSKI,25,4,20,1,
Madison,B111,U.S. House,6,Republican,Adam Perez ARQUETTE,7,0,6,1,
Madison,B111,U.S. House,6,Republican,Ralph ALVARADO,166,40,126,0,
Madison,B111,U.S. House,6,Republican,Steve SHANNON,8,4,3,1,
Madison,B111,U.S. House,6,Republican,Ryan DOTSON,42,11,31,0,
Madison,B111,State Representative,81,Republican,Deanna Frazier GORDON,176,38,136,2,
Madison,B111,State Representative,81,Republican,Andrew SIMPSON,60,16,43,1,
Madison,B111,County Judge Executive,,Republican,Reagan TAYLOR,121,22,99,0,
Madison,B111,County Judge Executive,,Republican,Charles (Chuck) GIVENS,25,7,17,1,
Madison,B111,County Judge Executive,,Republican,Donna AGEE,105,29,74,2,
Madison,B111,Jailer,,Republican,Larry R. BROCK,107,24,82,1,
Madison,B111,Jailer,,Republican,Doug THOMAS,89,21,68,0,
Madison,B111,Jailer,,Republican,Jonathan Everett KING,13,5,6,2,
Madison,B111,Magistrate,2,Republican,Stephen M. LOCHMUELLER,144,25,118,1,
Madison,B111,Magistrate,2,Republican,Bruce BARNES,61,18,43,0,
Madison,B111,Magistrate,2,Republican,"Charles ""Andrew"" ALLEN",32,10,20,2,
Madison,B111,U.S. Senate,,Democratic,Pamela STEVENSON,12,3,8,1,
Madison,B111,U.S. Senate,,Democratic,Vincent Anthony THOMPSON,1,0,1,0,
Madison,B111,U.S. Senate,,Democratic,Joshua BLANTON SR.,1,0,1,0,
Madison,B111,U.S. Senate,,Democratic,Charles BOOKER,64,11,50,3,
Madison,B111,U.S. Senate,,Democratic,Amy McGRATH,56,16,36,4,
Madison,B111,U.S. Senate,,Democratic,Logan FORSYTHE,1,0,1,0,
Madison,B111,U.S. Senate,,Democratic,Dale Lewis ROMANS,6,2,4,0,
Madison,B111,U.S. House,6,Democratic,Harvey CARROLL JR.,4,0,4,0,
Madison,B111,U.S. House,6,Democratic,David KLOIBER,3,1,2,0,
Madison,B111,U.S. House,6,Democratic,Erin PETREY,9,0,9,0,
Madison,B111,U.S. House,6,Democratic,Cherlynn STEVENSON,29,5,22,2,
Madison,B111,U.S. House,6,Democratic,Jimmy Clifton AUSBROOKS,4,1,3,0,
Madison,B111,U.S. House,6,Democratic,Corey EDWARDS,3,0,3,0,
Madison,B111,U.S. House,6,Democratic,Zach DEMBO,89,25,58,6,
Madison,B111,District Judge,,,Micah JOHNSON,71,12,56,3,
Madison,B111,District Judge,,,Darrian D. BOTTS,62,8,52,2,
Madison,B111,District Judge,,,Tyler S. FRAZIER,209,64,139,6,
Madison,C101,U.S. Senate,,Republican,A. Nick SHELLEY,0,0,0,0,
Madison,C101,U.S. Senate,,Republican,Anissa CATLETT,0,0,0,0,
Madison,C101,U.S. Senate,,Republican,Daniel CAMERON,0,0,0,0,
Madison,C101,U.S. Senate,,Republican,Jimmy I. LEON,0,0,0,0,
Madison,C101,U.S. Senate,,Republican,Jonathan M. HOLLIDAY,0,0,0,0,
Madison,C101,U.S. Senate,,Republican,James D. DUNCAN,0,0,0,0,
Madison,C101,U.S. Senate,,Republican,Other Donald WENZEL,0,0,0,0,
Madison,C101,U.S. Senate,,Republican,George WASHINGTON,0,0,0,0,
Madison,C101,U.S. Senate,,Republican,Michael James FARIS,0,0,0,0,
Madison,C101,U.S. Senate,,Republican,Andy BARR,0,0,0,0,
Madison,C101,U.S. Senate,,Republican,"Valerie ""Dr Val"" FREDRICK",0,0,0,0,
Madison,C101,U.S. Senate,,Republican,Nate MORRIS,0,0,0,0,
Madison,C101,U.S. House,6,Republican,Gregory George PLUCINSKI,0,0,0,0,
Madison,C101,U.S. House,6,Republican,Adam Perez ARQUETTE,0,0,0,0,
Madison,C101,U.S. House,6,Republican,Ralph ALVARADO,0,0,0,0,
Madison,C101,U.S. House,6,Republican,Steve SHANNON,0,0,0,0,
Madison,C101,U.S. House,6,Republican,Ryan DOTSON,0,0,0,0,
Madison,C101,State Representative,81,Republican,Deanna Frazier GORDON,0,0,0,0,
Madison,C101,State Representative,81,Republican,Andrew SIMPSON,0,0,0,0,
Madison,C101,County Judge Executive,,Republican,Reagan TAYLOR,0,0,0,0,
Madison,C101,County Judge Executive,,Republican,Charles (Chuck) GIVENS,0,0,0,0,
Madison,C101,County Judge Executive,,Republican,Donna AGEE,0,0,0,0,
Madison,C101,Jailer,,Republican,Larry R. BROCK,0,0,0,0,
Madison,C101,Jailer,,Republican,Doug THOMAS,0,0,0,0,
Madison,C101,Jailer,,Republican,Jonathan Everett KING,0,0,0,0,
Madison,C101,Magistrate,3,Republican,Billy Ray HUGHES,0,0,0,0,
Madison,C101,Magistrate,3,Republican,Jason Scott RAWLINS,0,0,0,0,
Madison,C101,Constable 3Rd Magisterial District,,Republican,Jonathan FRITZ,0,0,0,0,
Madison,C101,Constable 3Rd Magisterial District,,Republican,James EBERT,0,0,0,0,
Madison,C101,U.S. Senate,,Democratic,Pamela STEVENSON,0,0,0,0,
Madison,C101,U.S. Senate,,Democratic,Vincent Anthony THOMPSON,0,0,0,0,
Madison,C101,U.S. Senate,,Democratic,Joshua BLANTON SR.,0,0,0,0,
Madison,C101,U.S. Senate,,Democratic,Charles BOOKER,0,0,0,0,
Madison,C101,U.S. Senate,,Democratic,Amy McGRATH,0,0,0,0,
Madison,C101,U.S. Senate,,Democratic,Logan FORSYTHE,0,0,0,0,
Madison,C101,U.S. Senate,,Democratic,Dale Lewis ROMANS,0,0,0,0,
Madison,C101,U.S. House,6,Democratic,Harvey CARROLL JR.,0,0,0,0,
Madison,C101,U.S. House,6,Democratic,David KLOIBER,0,0,0,0,
Madison,C101,U.S. House,6,Democratic,Erin PETREY,0,0,0,0,
Madison,C101,U.S. House,6,Democratic,Cherlynn STEVENSON,0,0,0,0,
Madison,C101,U.S. House,6,Democratic,Jimmy Clifton AUSBROOKS,0,0,0,0,
Madison,C101,U.S. House,6,Democratic,Corey EDWARDS,0,0,0,0,
Madison,C101,U.S. House,6,Democratic,Zach DEMBO,0,0,0,0,
Madison,C101,District Judge,,,Micah JOHNSON,0,0,0,0,
Madison,C101,District Judge,,,Darrian D. BOTTS,0,0,0,0,
Madison,C101,District Judge,,,Tyler S. FRAZIER,0,0,0,0,
Madison,C102,U.S. Senate,,Republican,A. Nick SHELLEY,0,0,0,0,
Madison,C102,U.S. Senate,,Republican,Anissa CATLETT,3,0,3,0,
Madison,C102,U.S. Senate,,Republican,Daniel CAMERON,19,4,15,0,
Madison,C102,U.S. Senate,,Republican,Jimmy I. LEON,0,0,0,0,
Madison,C102,U.S. Senate,,Republican,Jonathan M. HOLLIDAY,2,0,2,0,
Madison,C102,U.S. Senate,,Republican,James D. DUNCAN,0,0,0,0,
Madison,C102,U.S. Senate,,Republican,Other Donald WENZEL,0,0,0,0,
Madison,C102,U.S. Senate,,Republican,George WASHINGTON,0,0,0,0,
Madison,C102,U.S. Senate,,Republican,Michael James FARIS,2,1,1,0,
Madison,C102,U.S. Senate,,Republican,Andy BARR,71,32,39,0,
Madison,C102,U.S. Senate,,Republican,"Valerie ""Dr Val"" FREDRICK",0,0,0,0,
Madison,C102,U.S. Senate,,Republican,Nate MORRIS,0,0,0,0,
Madison,C102,U.S. House,6,Republican,Gregory George PLUCINSKI,9,4,5,0,
Madison,C102,U.S. House,6,Republican,Adam Perez ARQUETTE,0,0,0,0,
Madison,C102,U.S. House,6,Republican,Ralph ALVARADO,46,19,27,0,
Madison,C102,U.S. House,6,Republican,Steve SHANNON,10,0,10,0,
Madison,C102,U.S. House,6,Republican,Ryan DOTSON,31,15,16,0,
Madison,C102,State Representative,81,Republican,Deanna Frazier GORDON,66,29,37,0,
Madison,C102,State Representative,81,Republican,Andrew SIMPSON,26,5,21,0,
Madison,C102,County Judge Executive,,Republican,Reagan TAYLOR,43,20,23,0,
Madison,C102,County Judge Executive,,Republican,Charles (Chuck) GIVENS,23,7,16,0,
Madison,C102,County Judge Executive,,Republican,Donna AGEE,31,9,22,0,
Madison,C102,Jailer,,Republican,Larry R. BROCK,24,9,15,0,
Madison,C102,Jailer,,Republican,Doug THOMAS,56,21,35,0,
Madison,C102,Jailer,,Republican,Jonathan Everett KING,14,5,9,0,
Madison,C102,Magistrate,3,Republican,Billy Ray HUGHES,82,34,48,0,
Madison,C102,Magistrate,3,Republican,Jason Scott RAWLINS,15,3,12,0,
Madison,C102,Constable 3Rd Magisterial District,,Republican,Jonathan FRITZ,51,22,29,0,
Madison,C102,Constable 3Rd Magisterial District,,Republican,James EBERT,39,13,26,0,
Madison,C102,U.S. Senate,,Democratic,Pamela STEVENSON,4,1,3,0,
Madison,C102,U.S. Senate,,Democratic,Vincent Anthony THOMPSON,2,0,1,1,
Madison,C102,U.S. Senate,,Democratic,Joshua BLANTON SR.,0,0,0,0,
Madison,C102,U.S. Senate,,Democratic,Charles BOOKER,19,6,13,0,
Madison,C102,U.S. Senate,,Democratic,Amy McGRATH,13,5,8,0,
Madison,C102,U.S. Senate,,Democratic,Logan FORSYTHE,2,0,2,0,
Madison,C102,U.S. Senate,,Democratic,Dale Lewis ROMANS,5,2,3,0,
Madison,C102,U.S. House,6,Democratic,Harvey CARROLL JR.,4,2,1,1,
Madison,C102,U.S. House,6,Democratic,David KLOIBER,0,0,0,0,
Madison,C102,U.S. House,6,Democratic,Erin PETREY,4,1,3,0,
Madison,C102,U.S. House,6,Democratic,Cherlynn STEVENSON,17,4,13,0,
Madison,C102,U.S. House,6,Democratic,Jimmy Clifton AUSBROOKS,0,0,0,0,
Madison,C102,U.S. House,6,Democratic,Corey EDWARDS,3,1,2,0,
Madison,C102,U.S. House,6,Democratic,Zach DEMBO,13,5,8,0,
Madison,C102,District Judge,,,Micah JOHNSON,17,5,11,1,
Madison,C102,District Judge,,,Darrian D. BOTTS,9,1,8,0,
Madison,C102,District Judge,,,Tyler S. FRAZIER,113,38,75,0,
Madison,C103,U.S. Senate,,Republican,A. Nick SHELLEY,0,0,0,0,
Madison,C103,U.S. Senate,,Republican,Anissa CATLETT,4,1,3,0,
Madison,C103,U.S. Senate,,Republican,Daniel CAMERON,63,15,48,0,
Madison,C103,U.S. Senate,,Republican,Jimmy I. LEON,1,0,1,0,
Madison,C103,U.S. Senate,,Republican,Jonathan M. HOLLIDAY,3,1,2,0,
Madison,C103,U.S. Senate,,Republican,James D. DUNCAN,4,2,2,0,
Madison,C103,U.S. Senate,,Republican,Other Donald WENZEL,0,0,0,0,
Madison,C103,U.S. Senate,,Republican,George WASHINGTON,0,0,0,0,
Madison,C103,U.S. Senate,,Republican,Michael James FARIS,2,1,1,0,
Madison,C103,U.S. Senate,,Republican,Andy BARR,230,73,157,0,
Madison,C103,U.S. Senate,,Republican,"Valerie ""Dr Val"" FREDRICK",2,1,1,0,
Madison,C103,U.S. Senate,,Republican,Nate MORRIS,9,3,6,0,
Madison,C103,U.S. House,6,Republican,Gregory George PLUCINSKI,20,6,14,0,
Madison,C103,U.S. House,6,Republican,Adam Perez ARQUETTE,3,1,2,0,
Madison,C103,U.S. House,6,Republican,Ralph ALVARADO,182,52,130,0,
Madison,C103,U.S. House,6,Republican,Steve SHANNON,14,3,11,0,
Madison,C103,U.S. House,6,Republican,Ryan DOTSON,78,25,53,0,
Madison,C103,State Representative,91,Republican,Darrell BILLINGS,146,43,103,0,
Madison,C103,State Representative,91,Republican,Jeff HENSLEY,151,51,100,0,
Madison,C103,County Judge Executive,,Republican,Reagan TAYLOR,84,20,64,0,
Madison,C103,County Judge Executive,,Republican,Charles (Chuck) GIVENS,121,35,86,0,
Madison,C103,County Judge Executive,,Republican,Donna AGEE,115,41,73,1,
Madison,C103,Jailer,,Republican,Larry R. BROCK,76,24,52,0,
Madison,C103,Jailer,,Republican,Doug THOMAS,184,51,132,1,
Madison,C103,Jailer,,Republican,Jonathan Everett KING,35,14,21,0,
Madison,C103,Magistrate,3,Republican,Billy Ray HUGHES,205,63,142,0,
Madison,C103,Magistrate,3,Republican,Jason Scott RAWLINS,91,27,63,1,
Madison,C103,Constable 3Rd Magisterial District,,Republican,Jonathan FRITZ,156,39,117,0,
Madison,C103,Constable 3Rd Magisterial District,,Republican,James EBERT,116,42,73,1,
Madison,C103,U.S. Senate,,Democratic,Pamela STEVENSON,20,11,9,0,
Madison,C103,U.S. Senate,,Democratic,Vincent Anthony THOMPSON,6,1,5,0,
Madison,C103,U.S. Senate,,Democratic,Joshua BLANTON SR.,3,1,2,0,
Madison,C103,U.S. Senate,,Democratic,Charles BOOKER,69,15,53,1,
Madison,C103,U.S. Senate,,Democratic,Amy McGRATH,67,23,44,0,
Madison,C103,U.S. Senate,,Democratic,Logan FORSYTHE,7,1,5,1,
Madison,C103,U.S. Senate,,Democratic,Dale Lewis ROMANS,18,7,11,0,
Madison,C103,U.S. House,6,Democratic,Harvey CARROLL JR.,9,2,7,0,
Madison,C103,U.S. House,6,Democratic,David KLOIBER,7,1,6,0,
Madison,C103,U.S. House,6,Democratic,Erin PETREY,31,10,20,1,
Madison,C103,U.S. House,6,Democratic,Cherlynn STEVENSON,43,10,33,0,
Madison,C103,U.S. House,6,Democratic,Jimmy Clifton AUSBROOKS,4,0,4,0,
Madison,C103,U.S. House,6,Democratic,Corey EDWARDS,14,2,12,0,
Madison,C103,U.S. House,6,Democratic,Zach DEMBO,72,33,38,1,
Madison,C103,District Judge,,,Micah JOHNSON,82,29,53,0,
Madison,C103,District Judge,,,Darrian D. BOTTS,59,16,42,1,
Madison,C103,District Judge,,,Tyler S. FRAZIER,326,94,228,4,
Madison,C103,Mayor Richmond,,,Ed McDANIEL,0,0,0,0,
Madison,C103,Mayor Richmond,,,John H. RAKESTRAW,0,0,0,0,
Madison,C103,Mayor Richmond,,,Robert R. BLYTHE,0,0,0,0,
Madison,C103,City Commissioners Richmond,,,Bruce FREDERICK,0,0,0,0,
Madison,C103,City Commissioners Richmond,,,Mendi GOBLE,0,0,0,0,
Madison,C103,City Commissioners Richmond,,,"Myron ""Mike"" EDWARDS",0,0,0,0,
Madison,C103,City Commissioners Richmond,,,Jim NEWBY,0,0,0,0,
Madison,C103,City Commissioners Richmond,,,Mike BREWER,0,0,0,0,
Madison,C103,City Commissioners Richmond,,,Jeffrey DEBARR,0,0,0,0,
Madison,C103,City Commissioners Richmond,,,Stephen DELANEY,0,0,0,0,
Madison,C103,City Commissioners Richmond,,,Tammy W. COLE,0,0,0,0,
Madison,C103,City Commissioners Richmond,,,Krystin ARNOLD,0,0,0,0,
Madison,C104,U.S. Senate,,Republican,A. Nick SHELLEY,3,0,3,0,
Madison,C104,U.S. Senate,,Republican,Anissa CATLETT,0,0,0,0,
Madison,C104,U.S. Senate,,Republican,Daniel CAMERON,14,0,14,0,
Madison,C104,U.S. Senate,,Republican,Jimmy I. LEON,1,0,1,0,
Madison,C104,U.S. Senate,,Republican,Jonathan M. HOLLIDAY,0,0,0,0,
Madison,C104,U.S. Senate,,Republican,James D. DUNCAN,0,0,0,0,
Madison,C104,U.S. Senate,,Republican,Other Donald WENZEL,0,0,0,0,
Madison,C104,U.S. Senate,,Republican,George WASHINGTON,0,0,0,0,
Madison,C104,U.S. Senate,,Republican,Michael James FARIS,1,0,1,0,
Madison,C104,U.S. Senate,,Republican,Andy BARR,84,18,63,3,
Madison,C104,U.S. Senate,,Republican,"Valerie ""Dr Val"" FREDRICK",1,0,1,0,
Madison,C104,U.S. Senate,,Republican,Nate MORRIS,3,1,2,0,
Madison,C104,U.S. House,6,Republican,Gregory George PLUCINSKI,12,3,9,0,
Madison,C104,U.S. House,6,Republican,Adam Perez ARQUETTE,1,0,1,0,
Madison,C104,U.S. House,6,Republican,Ralph ALVARADO,48,10,35,3,
Madison,C104,U.S. House,6,Republican,Steve SHANNON,5,2,3,0,
Madison,C104,U.S. House,6,Republican,Ryan DOTSON,32,2,30,0,
Madison,C104,State Representative,91,Republican,Darrell BILLINGS,59,10,46,3,
Madison,C104,State Representative,91,Republican,Jeff HENSLEY,44,9,35,0,
Madison,C104,County Judge Executive,,Republican,Reagan TAYLOR,30,4,26,0,
Madison,C104,County Judge Executive,,Republican,Charles (Chuck) GIVENS,26,6,19,1,
Madison,C104,County Judge Executive,,Republican,Donna AGEE,49,9,38,2,
Madison,C104,Jailer,,Republican,Larry R. BROCK,24,6,18,0,
Madison,C104,Jailer,,Republican,Doug THOMAS,53,10,40,3,
Madison,C104,Jailer,,Republican,Jonathan Everett KING,22,3,19,0,
Madison,C104,Magistrate,3,Republican,Billy Ray HUGHES,77,16,60,1,
Madison,C104,Magistrate,3,Republican,Jason Scott RAWLINS,25,3,20,2,
Madison,C104,Constable 3Rd Magisterial District,,Republican,Jonathan FRITZ,52,9,43,0,
Madison,C104,Constable 3Rd Magisterial District,,Republican,James EBERT,42,8,32,2,
Madison,C104,U.S. Senate,,Democratic,Pamela STEVENSON,8,3,4,1,
Madison,C104,U.S. Senate,,Democratic,Vincent Anthony THOMPSON,0,0,0,0,
Madison,C104,U.S. Senate,,Democratic,Joshua BLANTON SR.,0,0,0,0,
Madison,C104,U.S. Senate,,Democratic,Charles BOOKER,8,1,7,0,
Madison,C104,U.S. Senate,,Democratic,Amy McGRATH,17,2,13,2,
Madison,C104,U.S. Senate,,Democratic,Logan FORSYTHE,0,0,0,0,
Madison,C104,U.S. Senate,,Democratic,Dale Lewis ROMANS,4,1,3,0,
Madison,C104,U.S. House,6,Democratic,Harvey CARROLL JR.,2,1,1,0,
Madison,C104,U.S. House,6,Democratic,David KLOIBER,5,0,5,0,
Madison,C104,U.S. House,6,Democratic,Erin PETREY,3,0,3,0,
Madison,C104,U.S. House,6,Democratic,Cherlynn STEVENSON,8,1,4,3,
Madison,C104,U.S. House,6,Democratic,Jimmy Clifton AUSBROOKS,0,0,0,0,
Madison,C104,U.S. House,6,Democratic,Corey EDWARDS,1,0,1,0,
Madison,C104,U.S. House,6,Democratic,Zach DEMBO,17,5,12,0,
Madison,C104,District Judge,,,Micah JOHNSON,31,4,23,4,
Madison,C104,District Judge,,,Darrian D. BOTTS,14,4,10,0,
Madison,C104,District Judge,,,Tyler S. FRAZIER,86,16,69,1,
Madison,C105,U.S. Senate,,Republican,A. Nick SHELLEY,0,0,0,0,
Madison,C105,U.S. Senate,,Republican,Anissa CATLETT,0,0,0,0,
Madison,C105,U.S. Senate,,Republican,Daniel CAMERON,36,4,31,1,
Madison,C105,U.S. Senate,,Republican,Jimmy I. LEON,1,1,0,0,
Madison,C105,U.S. Senate,,Republican,Jonathan M. HOLLIDAY,1,0,1,0,
Madison,C105,U.S. Senate,,Republican,James D. DUNCAN,0,0,0,0,
Madison,C105,U.S. Senate,,Republican,Other Donald WENZEL,0,0,0,0,
Madison,C105,U.S. Senate,,Republican,George WASHINGTON,1,0,0,1,
Madison,C105,U.S. Senate,,Republican,Michael James FARIS,1,0,1,0,
Madison,C105,U.S. Senate,,Republican,Andy BARR,132,27,99,6,
Madison,C105,U.S. Senate,,Republican,"Valerie ""Dr Val"" FREDRICK",0,0,0,0,
Madison,C105,U.S. Senate,,Republican,Nate MORRIS,6,0,6,0,
Madison,C105,U.S. House,6,Republican,Gregory George PLUCINSKI,12,5,7,0,
Madison,C105,U.S. House,6,Republican,Adam Perez ARQUETTE,4,1,3,0,
Madison,C105,U.S. House,6,Republican,Ralph ALVARADO,77,13,61,3,
Madison,C105,U.S. House,6,Republican,Steve SHANNON,15,3,11,1,
Madison,C105,U.S. House,6,Republican,Ryan DOTSON,59,8,48,3,
Madison,C105,County Judge Executive,,Republican,Reagan TAYLOR,49,10,37,2,
Madison,C105,County Judge Executive,,Republican,Charles (Chuck) GIVENS,32,1,29,2,
Madison,C105,County Judge Executive,,Republican,Donna AGEE,95,21,70,4,
Madison,C105,Jailer,,Republican,Larry R. BROCK,51,10,38,3,
Madison,C105,Jailer,,Republican,Doug THOMAS,82,15,65,2,
Madison,C105,Jailer,,Republican,Jonathan Everett KING,32,4,25,3,
Madison,C105,Magistrate,3,Republican,Billy Ray HUGHES,118,20,90,8,
Madison,C105,Magistrate,3,Republican,Jason Scott RAWLINS,51,9,42,0,
Madison,C105,Constable 3Rd Magisterial District,,Republican,Jonathan FRITZ,90,16,70,4,
Madison,C105,Constable 3Rd Magisterial District,,Republican,James EBERT,65,11,50,4,
Madison,C105,U.S. Senate,,Democratic,Pamela STEVENSON,9,1,7,1,
Madison,C105,U.S. Senate,,Democratic,Vincent Anthony THOMPSON,4,1,3,0,
Madison,C105,U.S. Senate,,Democratic,Joshua BLANTON SR.,3,1,2,0,
Madison,C105,U.S. Senate,,Democratic,Charles BOOKER,31,5,25,1,
Madison,C105,U.S. Senate,,Democratic,Amy McGRATH,32,11,19,2,
Madison,C105,U.S. Senate,,Democratic,Logan FORSYTHE,8,1,7,0,
Madison,C105,U.S. Senate,,Democratic,Dale Lewis ROMANS,2,0,2,0,
Madison,C105,U.S. House,6,Democratic,Harvey CARROLL JR.,9,1,8,0,
Madison,C105,U.S. House,6,Democratic,David KLOIBER,6,1,5,0,
Madison,C105,U.S. House,6,Democratic,Erin PETREY,7,0,6,1,
Madison,C105,U.S. House,6,Democratic,Cherlynn STEVENSON,26,4,21,1,
Madison,C105,U.S. House,6,Democratic,Jimmy Clifton AUSBROOKS,2,0,2,0,
Madison,C105,U.S. House,6,Democratic,Corey EDWARDS,6,2,4,0,
Madison,C105,U.S. House,6,Democratic,Zach DEMBO,32,12,19,1,
Madison,C105,District Judge,,,Micah JOHNSON,51,8,40,3,
Madison,C105,District Judge,,,Darrian D. BOTTS,24,0,24,0,
Madison,C105,District Judge,,,Tyler S. FRAZIER,174,45,121,8,
Madison,C106,U.S. Senate,,Republican,A. Nick SHELLEY,2,0,2,0,
Madison,C106,U.S. Senate,,Republican,Anissa CATLETT,0,0,0,0,
Madison,C106,U.S. Senate,,Republican,Daniel CAMERON,47,9,38,0,
Madison,C106,U.S. Senate,,Republican,Jimmy I. LEON,0,0,0,0,
Madison,C106,U.S. Senate,,Republican,Jonathan M. HOLLIDAY,0,0,0,0,
Madison,C106,U.S. Senate,,Republican,James D. DUNCAN,1,1,0,0,
Madison,C106,U.S. Senate,,Republican,Other Donald WENZEL,0,0,0,0,
Madison,C106,U.S. Senate,,Republican,George WASHINGTON,3,1,2,0,
Madison,C106,U.S. Senate,,Republican,Michael James FARIS,4,0,4,0,
Madison,C106,U.S. Senate,,Republican,Andy BARR,171,43,123,5,
Madison,C106,U.S. Senate,,Republican,"Valerie ""Dr Val"" FREDRICK",2,1,1,0,
Madison,C106,U.S. Senate,,Republican,Nate MORRIS,8,1,7,0,
Madison,C106,U.S. House,6,Republican,Gregory George PLUCINSKI,21,9,12,0,
Madison,C106,U.S. House,6,Republican,Adam Perez ARQUETTE,7,1,6,0,
Madison,C106,U.S. House,6,Republican,Ralph ALVARADO,108,26,80,2,
Madison,C106,U.S. House,6,Republican,Steve SHANNON,16,1,15,0,
Madison,C106,U.S. House,6,Republican,Ryan DOTSON,72,17,53,2,
Madison,C106,County Judge Executive,,Republican,Reagan TAYLOR,62,17,45,0,
Madison,C106,County Judge Executive,,Republican,Charles (Chuck) GIVENS,35,1,31,3,
Madison,C106,County Judge Executive,,Republican,Donna AGEE,139,38,101,0,
Madison,C106,Jailer,,Republican,Larry R. BROCK,61,11,48,2,
Madison,C106,Jailer,,Republican,Doug THOMAS,120,31,89,0,
Madison,C106,Jailer,,Republican,Jonathan Everett KING,33,11,22,0,
Madison,C106,Magistrate,3,Republican,Billy Ray HUGHES,160,42,115,3,
Madison,C106,Magistrate,3,Republican,Jason Scott RAWLINS,66,13,53,0,
Madison,C106,Constable 3Rd Magisterial District,,Republican,Jonathan FRITZ,119,29,90,0,
Madison,C106,Constable 3Rd Magisterial District,,Republican,James EBERT,73,19,52,2,
Madison,C106,U.S. Senate,,Democratic,Pamela STEVENSON,9,2,7,0,
Madison,C106,U.S. Senate,,Democratic,Vincent Anthony THOMPSON,0,0,0,0,
Madison,C106,U.S. Senate,,Democratic,Joshua BLANTON SR.,1,0,1,0,
Madison,C106,U.S. Senate,,Democratic,Charles BOOKER,32,8,24,0,
Madison,C106,U.S. Senate,,Democratic,Amy McGRATH,24,7,16,1,
Madison,C106,U.S. Senate,,Democratic,Logan FORSYTHE,3,0,3,0,
Madison,C106,U.S. Senate,,Democratic,Dale Lewis ROMANS,7,3,3,1,
Madison,C106,U.S. House,6,Democratic,Harvey CARROLL JR.,4,1,3,0,
Madison,C106,U.S. House,6,Democratic,David KLOIBER,4,0,4,0,
Madison,C106,U.S. House,6,Democratic,Erin PETREY,10,2,8,0,
Madison,C106,U.S. House,6,Democratic,Cherlynn STEVENSON,15,4,11,0,
Madison,C106,U.S. House,6,Democratic,Jimmy Clifton AUSBROOKS,1,0,1,0,
Madison,C106,U.S. House,6,Democratic,Corey EDWARDS,4,0,4,0,
Madison,C106,U.S. House,6,Democratic,Zach DEMBO,35,13,20,2,
Madison,C106,District Judge,,,Micah JOHNSON,45,15,28,2,
Madison,C106,District Judge,,,Darrian D. BOTTS,27,6,21,0,
Madison,C106,District Judge,,,Tyler S. FRAZIER,213,53,158,2,
Madison,C107,U.S. Senate,,Republican,A. Nick SHELLEY,2,2,0,0,
Madison,C107,U.S. Senate,,Republican,Anissa CATLETT,6,1,5,0,
Madison,C107,U.S. Senate,,Republican,Daniel CAMERON,100,15,83,2,
Madison,C107,U.S. Senate,,Republican,Jimmy I. LEON,1,0,1,0,
Madison,C107,U.S. Senate,,Republican,Jonathan M. HOLLIDAY,1,0,1,0,
Madison,C107,U.S. Senate,,Republican,James D. DUNCAN,2,1,1,0,
Madison,C107,U.S. Senate,,Republican,Other Donald WENZEL,4,0,4,0,
Madison,C107,U.S. Senate,,Republican,George WASHINGTON,1,0,1,0,
Madison,C107,U.S. Senate,,Republican,Michael James FARIS,7,1,4,2,
Madison,C107,U.S. Senate,,Republican,Andy BARR,259,56,190,13,
Madison,C107,U.S. Senate,,Republican,"Valerie ""Dr Val"" FREDRICK",2,1,1,0,
Madison,C107,U.S. Senate,,Republican,Nate MORRIS,13,1,12,0,
Madison,C107,U.S. House,6,Republican,Gregory George PLUCINSKI,43,9,34,0,
Madison,C107,U.S. House,6,Republican,Adam Perez ARQUETTE,3,1,2,0,
Madison,C107,U.S. House,6,Republican,Ralph ALVARADO,180,42,134,4,
Madison,C107,U.S. House,6,Republican,Steve SHANNON,23,5,15,3,
Madison,C107,U.S. House,6,Republican,Ryan DOTSON,125,21,95,9,
Madison,C107,County Judge Executive,,Republican,Reagan TAYLOR,142,28,108,6,
Madison,C107,County Judge Executive,,Republican,Charles (Chuck) GIVENS,94,12,79,3,
Madison,C107,County Judge Executive,,Republican,Donna AGEE,160,38,114,8,
Madison,C107,Jailer,,Republican,Larry R. BROCK,123,31,87,5,
Madison,C107,Jailer,,Republican,Doug THOMAS,181,30,145,6,
Madison,C107,Jailer,,Republican,Jonathan Everett KING,59,13,45,1,
Madison,C107,Magistrate,3,Republican,Billy Ray HUGHES,243,44,187,12,
Madison,C107,Magistrate,3,Republican,Jason Scott RAWLINS,128,29,95,4,
Madison,C107,Constable 3Rd Magisterial District,,Republican,Jonathan FRITZ,163,29,131,3,
Madison,C107,Constable 3Rd Magisterial District,,Republican,James EBERT,157,38,111,8,
Madison,C107,U.S. Senate,,Democratic,Pamela STEVENSON,19,5,14,0,
Madison,C107,U.S. Senate,,Democratic,Vincent Anthony THOMPSON,3,0,3,0,
Madison,C107,U.S. Senate,,Democratic,Joshua BLANTON SR.,5,1,4,0,
Madison,C107,U.S. Senate,,Democratic,Charles BOOKER,96,23,73,0,
Madison,C107,U.S. Senate,,Democratic,Amy McGRATH,44,10,32,2,
Madison,C107,U.S. Senate,,Democratic,Logan FORSYTHE,4,2,2,0,
Madison,C107,U.S. Senate,,Democratic,Dale Lewis ROMANS,11,2,9,0,
Madison,C107,U.S. House,6,Democratic,Harvey CARROLL JR.,15,2,13,0,
Madison,C107,U.S. House,6,Democratic,David KLOIBER,12,1,11,0,
Madison,C107,U.S. House,6,Democratic,Erin PETREY,40,9,31,0,
Madison,C107,U.S. House,6,Democratic,Cherlynn STEVENSON,40,11,29,0,
Madison,C107,U.S. House,6,Democratic,Jimmy Clifton AUSBROOKS,2,0,2,0,
Madison,C107,U.S. House,6,Democratic,Corey EDWARDS,12,2,10,0,
Madison,C107,U.S. House,6,Democratic,Zach DEMBO,60,20,38,2,
Madison,C107,District Judge,,,Micah JOHNSON,107,21,85,1,
Madison,C107,District Judge,,,Darrian D. BOTTS,63,17,46,0,
Madison,C107,District Judge,,,Tyler S. FRAZIER,370,78,277,15,
Madison,C108,U.S. Senate,,Republican,A. Nick SHELLEY,0,0,0,0,
Madison,C108,U.S. Senate,,Republican,Anissa CATLETT,2,0,2,0,
Madison,C108,U.S. Senate,,Republican,Daniel CAMERON,24,2,19,3,
Madison,C108,U.S. Senate,,Republican,Jimmy I. LEON,0,0,0,0,
Madison,C108,U.S. Senate,,Republican,Jonathan M. HOLLIDAY,1,1,0,0,
Madison,C108,U.S. Senate,,Republican,James D. DUNCAN,1,0,1,0,
Madison,C108,U.S. Senate,,Republican,Other Donald WENZEL,0,0,0,0,
Madison,C108,U.S. Senate,,Republican,George WASHINGTON,1,0,1,0,
Madison,C108,U.S. Senate,,Republican,Michael James FARIS,2,1,1,0,
Madison,C108,U.S. Senate,,Republican,Andy BARR,57,11,44,2,
Madison,C108,U.S. Senate,,Republican,"Valerie ""Dr Val"" FREDRICK",2,0,2,0,
Madison,C108,U.S. Senate,,Republican,Nate MORRIS,1,0,1,0,
Madison,C108,U.S. House,6,Republican,Gregory George PLUCINSKI,7,1,6,0,
Madison,C108,U.S. House,6,Republican,Adam Perez ARQUETTE,2,0,2,0,
Madison,C108,U.S. House,6,Republican,Ralph ALVARADO,36,3,31,2,
Madison,C108,U.S. House,6,Republican,Steve SHANNON,13,4,8,1,
Madison,C108,U.S. House,6,Republican,Ryan DOTSON,29,7,19,3,
Madison,C108,County Judge Executive,,Republican,Reagan TAYLOR,26,3,20,3,
Madison,C108,County Judge Executive,,Republican,Charles (Chuck) GIVENS,21,4,14,3,
Madison,C108,County Judge Executive,,Republican,Donna AGEE,45,8,37,0,
Madison,C108,Jailer,,Republican,Larry R. BROCK,25,6,18,1,
Madison,C108,Jailer,,Republican,Doug THOMAS,49,8,36,5,
Madison,C108,Jailer,,Republican,Jonathan Everett KING,10,0,10,0,
Madison,C108,Magistrate,3,Republican,Billy Ray HUGHES,54,6,44,4,
Madison,C108,Magistrate,3,Republican,Jason Scott RAWLINS,23,6,17,0,
Madison,C108,Constable 3Rd Magisterial District,,Republican,Jonathan FRITZ,53,7,42,4,
Madison,C108,Constable 3Rd Magisterial District,,Republican,James EBERT,22,6,16,0,
Madison,C108,U.S. Senate,,Democratic,Pamela STEVENSON,4,2,2,0,
Madison,C108,U.S. Senate,,Democratic,Vincent Anthony THOMPSON,3,0,3,0,
Madison,C108,U.S. Senate,,Democratic,Joshua BLANTON SR.,0,0,0,0,
Madison,C108,U.S. Senate,,Democratic,Charles BOOKER,31,10,20,1,
Madison,C108,U.S. Senate,,Democratic,Amy McGRATH,16,2,14,0,
Madison,C108,U.S. Senate,,Democratic,Logan FORSYTHE,3,2,1,0,
Madison,C108,U.S. Senate,,Democratic,Dale Lewis ROMANS,3,1,2,0,
Madison,C108,U.S. House,6,Democratic,Harvey CARROLL JR.,2,0,2,0,
Madison,C108,U.S. House,6,Democratic,David KLOIBER,3,1,2,0,
Madison,C108,U.S. House,6,Democratic,Erin PETREY,12,3,9,0,
Madison,C108,U.S. House,6,Democratic,Cherlynn STEVENSON,15,5,10,0,
Madison,C108,U.S. House,6,Democratic,Jimmy Clifton AUSBROOKS,0,0,0,0,
Madison,C108,U.S. House,6,Democratic,Corey EDWARDS,6,2,4,0,
Madison,C108,U.S. House,6,Democratic,Zach DEMBO,20,5,14,1,
Madison,C108,District Judge,,,Micah JOHNSON,33,5,28,0,
Madison,C108,District Judge,,,Darrian D. BOTTS,24,6,17,1,
Madison,C108,District Judge,,,Tyler S. FRAZIER,91,21,64,6,
Madison,C108,Mayor Richmond,,,Ed McDANIEL,42,11,31,0,
Madison,C108,Mayor Richmond,,,John H. RAKESTRAW,4,0,4,0,
Madison,C108,Mayor Richmond,,,Robert R. BLYTHE,39,9,29,1,
Madison,C108,City Commissioners Richmond,,,Bruce FREDERICK,24,5,18,1,
Madison,C108,City Commissioners Richmond,,,Mendi GOBLE,29,4,25,0,
Madison,C108,City Commissioners Richmond,,,"Myron ""Mike"" EDWARDS",36,7,28,1,
Madison,C108,City Commissioners Richmond,,,Jim NEWBY,30,5,24,1,
Madison,C108,City Commissioners Richmond,,,Mike BREWER,38,5,31,2,
Madison,C108,City Commissioners Richmond,,,Jeffrey DEBARR,9,3,6,0,
Madison,C108,City Commissioners Richmond,,,Stephen DELANEY,24,4,20,0,
Madison,C108,City Commissioners Richmond,,,Tammy W. COLE,35,9,26,0,
Madison,C108,City Commissioners Richmond,,,Krystin ARNOLD,36,10,26,0,
Madison,C109,U.S. Senate,,Republican,A. Nick SHELLEY,2,0,2,0,
Madison,C109,U.S. Senate,,Republican,Anissa CATLETT,3,0,3,0,
Madison,C109,U.S. Senate,,Republican,Daniel CAMERON,83,13,69,1,
Madison,C109,U.S. Senate,,Republican,Jimmy I. LEON,2,0,2,0,
Madison,C109,U.S. Senate,,Republican,Jonathan M. HOLLIDAY,1,1,0,0,
Madison,C109,U.S. Senate,,Republican,James D. DUNCAN,2,0,2,0,
Madison,C109,U.S. Senate,,Republican,Other Donald WENZEL,0,0,0,0,
Madison,C109,U.S. Senate,,Republican,George WASHINGTON,2,0,2,0,
Madison,C109,U.S. Senate,,Republican,Michael James FARIS,3,1,2,0,
Madison,C109,U.S. Senate,,Republican,Andy BARR,182,46,136,0,
Madison,C109,U.S. Senate,,Republican,"Valerie ""Dr Val"" FREDRICK",7,3,4,0,
Madison,C109,U.S. Senate,,Republican,Nate MORRIS,2,0,2,0,
Madison,C109,U.S. House,6,Republican,Gregory George PLUCINSKI,23,4,19,0,
Madison,C109,U.S. House,6,Republican,Adam Perez ARQUETTE,9,4,5,0,
Madison,C109,U.S. House,6,Republican,Ralph ALVARADO,140,34,105,1,
Madison,C109,U.S. House,6,Republican,Steve SHANNON,14,1,13,0,
Madison,C109,U.S. House,6,Republican,Ryan DOTSON,74,11,63,0,
Madison,C109,County Judge Executive,,Republican,Reagan TAYLOR,128,29,99,0,
Madison,C109,County Judge Executive,,Republican,Charles (Chuck) GIVENS,45,9,36,0,
Madison,C109,County Judge Executive,,Republican,Donna AGEE,107,25,81,1,
Madison,C109,Jailer,,Republican,Larry R. BROCK,108,19,89,0,
Madison,C109,Jailer,,Republican,Doug THOMAS,104,23,80,1,
Madison,C109,Jailer,,Republican,Jonathan Everett KING,34,11,23,0,
Madison,C109,Magistrate,3,Republican,Billy Ray HUGHES,164,43,120,1,
Madison,C109,Magistrate,3,Republican,Jason Scott RAWLINS,77,10,67,0,
Madison,C109,Constable 3Rd Magisterial District,,Republican,Jonathan FRITZ,99,21,78,0,
Madison,C109,Constable 3Rd Magisterial District,,Republican,James EBERT,128,29,99,0,
Madison,C109,U.S. Senate,,Democratic,Pamela STEVENSON,15,7,8,0,
Madison,C109,U.S. Senate,,Democratic,Vincent Anthony THOMPSON,6,1,5,0,
Madison,C109,U.S. Senate,,Democratic,Joshua BLANTON SR.,0,0,0,0,
Madison,C109,U.S. Senate,,Democratic,Charles BOOKER,151,35,113,3,
Madison,C109,U.S. Senate,,Democratic,Amy McGRATH,70,16,53,1,
Madison,C109,U.S. Senate,,Democratic,Logan FORSYTHE,10,1,8,1,
Madison,C109,U.S. Senate,,Democratic,Dale Lewis ROMANS,6,1,5,0,
Madison,C109,U.S. House,6,Democratic,Harvey CARROLL JR.,3,0,3,0,
Madison,C109,U.S. House,6,Democratic,David KLOIBER,8,1,6,1,
Madison,C109,U.S. House,6,Democratic,Erin PETREY,50,9,40,1,
Madison,C109,U.S. House,6,Democratic,Cherlynn STEVENSON,90,21,66,3,
Madison,C109,U.S. House,6,Democratic,Jimmy Clifton AUSBROOKS,1,0,1,0,
Madison,C109,U.S. House,6,Democratic,Corey EDWARDS,10,3,7,0,
Madison,C109,U.S. House,6,Democratic,Zach DEMBO,87,25,62,0,
Madison,C109,District Judge,,,Micah JOHNSON,101,24,77,0,
Madison,C109,District Judge,,,Darrian D. BOTTS,93,23,68,2,
Madison,C109,District Judge,,,Tyler S. FRAZIER,323,72,247,4,
Madison,C109,Mayor Richmond,,,Ed McDANIEL,190,38,150,2,
Madison,C109,Mayor Richmond,,,John H. RAKESTRAW,26,7,19,0,
Madison,C109,Mayor Richmond,,,Robert R. BLYTHE,342,85,253,4,
Madison,C109,City Commissioners Richmond,,,Bruce FREDERICK,150,34,114,2,
Madison,C109,City Commissioners Richmond,,,Mendi GOBLE,240,53,184,3,
Madison,C109,City Commissioners Richmond,,,"Myron ""Mike"" EDWARDS",166,32,132,2,
Madison,C109,City Commissioners Richmond,,,Jim NEWBY,242,55,185,2,
Madison,C109,City Commissioners Richmond,,,Mike BREWER,226,57,168,1,
Madison,C109,City Commissioners Richmond,,,Jeffrey DEBARR,113,29,83,1,
Madison,C109,City Commissioners Richmond,,,Stephen DELANEY,153,36,114,3,
Madison,C109,City Commissioners Richmond,,,Tammy W. COLE,261,59,199,3,
Madison,C109,City Commissioners Richmond,,,Krystin ARNOLD,232,46,185,1,
Madison,C110,U.S. Senate,,Republican,A. Nick SHELLEY,3,0,3,0,
Madison,C110,U.S. Senate,,Republican,Anissa CATLETT,3,1,2,0,
Madison,C110,U.S. Senate,,Republican,Daniel CAMERON,43,2,36,5,
Madison,C110,U.S. Senate,,Republican,Jimmy I. LEON,1,1,0,0,
Madison,C110,U.S. Senate,,Republican,Jonathan M. HOLLIDAY,4,0,4,0,
Madison,C110,U.S. Senate,,Republican,James D. DUNCAN,1,1,0,0,
Madison,C110,U.S. Senate,,Republican,Other Donald WENZEL,0,0,0,0,
Madison,C110,U.S. Senate,,Republican,George WASHINGTON,2,1,1,0,
Madison,C110,U.S. Senate,,Republican,Michael James FARIS,2,0,2,0,
Madison,C110,U.S. Senate,,Republican,Andy BARR,117,28,85,4,
Madison,C110,U.S. Senate,,Republican,"Valerie ""Dr Val"" FREDRICK",3,1,2,0,
Madison,C110,U.S. Senate,,Republican,Nate MORRIS,3,0,3,0,
Madison,C110,U.S. House,6,Republican,Gregory George PLUCINSKI,24,4,17,3,
Madison,C110,U.S. House,6,Republican,Adam Perez ARQUETTE,2,1,1,0,
Madison,C110,U.S. House,6,Republican,Ralph ALVARADO,83,13,67,3,
Madison,C110,U.S. House,6,Republican,Steve SHANNON,12,4,6,2,
Madison,C110,U.S. House,6,Republican,Ryan DOTSON,41,10,30,1,
Madison,C110,State Representative,91,Republican,Darrell BILLINGS,105,24,74,7,
Madison,C110,State Representative,91,Republican,Jeff HENSLEY,50,7,42,1,
Madison,C110,County Judge Executive,,Republican,Reagan TAYLOR,52,7,42,3,
Madison,C110,County Judge Executive,,Republican,Charles (Chuck) GIVENS,41,6,32,3,
Madison,C110,County Judge Executive,,Republican,Donna AGEE,79,21,55,3,
Madison,C110,Jailer,,Republican,Larry R. BROCK,54,13,39,2,
Madison,C110,Jailer,,Republican,Doug THOMAS,96,18,72,6,
Madison,C110,Jailer,,Republican,Jonathan Everett KING,16,4,11,1,
Madison,C110,Magistrate,3,Republican,Billy Ray HUGHES,97,24,68,5,
Madison,C110,Magistrate,3,Republican,Jason Scott RAWLINS,52,8,40,4,
Madison,C110,Constable 3Rd Magisterial District,,Republican,Jonathan FRITZ,79,14,63,2,
Madison,C110,Constable 3Rd Magisterial District,,Republican,James EBERT,73,18,48,7,
Madison,C110,U.S. Senate,,Democratic,Pamela STEVENSON,33,11,21,1,
Madison,C110,U.S. Senate,,Democratic,Vincent Anthony THOMPSON,3,0,3,0,
Madison,C110,U.S. Senate,,Democratic,Joshua BLANTON SR.,2,0,2,0,
Madison,C110,U.S. Senate,,Democratic,Charles BOOKER,178,36,135,7,
Madison,C110,U.S. Senate,,Democratic,Amy McGRATH,76,23,51,2,
Madison,C110,U.S. Senate,,Democratic,Logan FORSYTHE,3,1,1,1,
Madison,C110,U.S. Senate,,Democratic,Dale Lewis ROMANS,2,0,2,0,
Madison,C110,U.S. House,6,Democratic,Harvey CARROLL JR.,13,1,12,0,
Madison,C110,U.S. House,6,Democratic,David KLOIBER,5,0,5,0,
Madison,C110,U.S. House,6,Democratic,Erin PETREY,61,16,44,1,
Madison,C110,U.S. House,6,Democratic,Cherlynn STEVENSON,88,22,62,4,
Madison,C110,U.S. House,6,Democratic,Jimmy Clifton AUSBROOKS,8,2,6,0,
Madison,C110,U.S. House,6,Democratic,Corey EDWARDS,15,1,11,3,
Madison,C110,U.S. House,6,Democratic,Zach DEMBO,81,22,58,1,
Madison,C110,District Judge,,,Micah JOHNSON,85,13,71,1,
Madison,C110,District Judge,,,Darrian D. BOTTS,99,29,65,5,
Madison,C110,District Judge,,,Tyler S. FRAZIER,256,55,188,13,
Madison,C110,Mayor Richmond,,,Ed McDANIEL,149,30,116,3,
Madison,C110,Mayor Richmond,,,John H. RAKESTRAW,23,5,18,0,
Madison,C110,Mayor Richmond,,,Robert R. BLYTHE,329,76,236,17,
Madison,C110,City Commissioners Richmond,,,Bruce FREDERICK,106,20,82,4,
Madison,C110,City Commissioners Richmond,,,Mendi GOBLE,198,41,147,10,
Madison,C110,City Commissioners Richmond,,,"Myron ""Mike"" EDWARDS",146,37,104,5,
Madison,C110,City Commissioners Richmond,,,Jim NEWBY,229,50,172,7,
Madison,C110,City Commissioners Richmond,,,Mike BREWER,237,49,181,7,
Madison,C110,City Commissioners Richmond,,,Jeffrey DEBARR,71,16,55,0,
Madison,C110,City Commissioners Richmond,,,Stephen DELANEY,141,38,98,5,
Madison,C110,City Commissioners Richmond,,,Tammy W. COLE,229,53,165,11,
Madison,C110,City Commissioners Richmond,,,Krystin ARNOLD,192,38,146,8,
Madison,C112,U.S. Senate,,Republican,A. Nick SHELLEY,2,0,2,0,
Madison,C112,U.S. Senate,,Republican,Anissa CATLETT,2,1,1,0,
Madison,C112,U.S. Senate,,Republican,Daniel CAMERON,56,7,46,3,
Madison,C112,U.S. Senate,,Republican,Jimmy I. LEON,0,0,0,0,
Madison,C112,U.S. Senate,,Republican,Jonathan M. HOLLIDAY,1,0,1,0,
Madison,C112,U.S. Senate,,Republican,James D. DUNCAN,2,1,1,0,
Madison,C112,U.S. Senate,,Republican,Other Donald WENZEL,2,0,2,0,
Madison,C112,U.S. Senate,,Republican,George WASHINGTON,2,0,2,0,
Madison,C112,U.S. Senate,,Republican,Michael James FARIS,1,0,1,0,
Madison,C112,U.S. Senate,,Republican,Andy BARR,114,32,78,4,
Madison,C112,U.S. Senate,,Republican,"Valerie ""Dr Val"" FREDRICK",3,0,3,0,
Madison,C112,U.S. Senate,,Republican,Nate MORRIS,4,0,4,0,
Madison,C112,U.S. House,6,Republican,Gregory George PLUCINSKI,14,2,11,1,
Madison,C112,U.S. House,6,Republican,Adam Perez ARQUETTE,8,3,3,2,
Madison,C112,U.S. House,6,Republican,Ralph ALVARADO,83,22,59,2,
Madison,C112,U.S. House,6,Republican,Steve SHANNON,15,1,14,0,
Madison,C112,U.S. House,6,Republican,Ryan DOTSON,56,12,43,1,
Madison,C112,State Representative,91,Republican,Darrell BILLINGS,110,27,81,2,
Madison,C112,State Representative,91,Republican,Jeff HENSLEY,59,10,46,3,
Madison,C112,County Judge Executive,,Republican,Reagan TAYLOR,69,16,48,5,
Madison,C112,County Judge Executive,,Republican,Charles (Chuck) GIVENS,35,6,29,0,
Madison,C112,County Judge Executive,,Republican,Donna AGEE,79,17,60,2,
Madison,C112,Jailer,,Republican,Larry R. BROCK,57,14,43,0,
Madison,C112,Jailer,,Republican,Doug THOMAS,94,19,73,2,
Madison,C112,Jailer,,Republican,Jonathan Everett KING,23,3,18,2,
Madison,C112,Magistrate,3,Republican,Billy Ray HUGHES,112,30,78,4,
Madison,C112,Magistrate,3,Republican,Jason Scott RAWLINS,55,8,45,2,
Madison,C112,Constable 3Rd Magisterial District,,Republican,Jonathan FRITZ,71,12,57,2,
Madison,C112,Constable 3Rd Magisterial District,,Republican,James EBERT,77,19,56,2,
Madison,C112,U.S. Senate,,Democratic,Pamela STEVENSON,19,6,13,0,
Madison,C112,U.S. Senate,,Democratic,Vincent Anthony THOMPSON,1,0,1,0,
Madison,C112,U.S. Senate,,Democratic,Joshua BLANTON SR.,1,0,1,0,
Madison,C112,U.S. Senate,,Democratic,Charles BOOKER,117,26,83,8,
Madison,C112,U.S. Senate,,Democratic,Amy McGRATH,53,13,32,8,
Madison,C112,U.S. Senate,,Democratic,Logan FORSYTHE,3,0,3,0,
Madison,C112,U.S. Senate,,Democratic,Dale Lewis ROMANS,9,3,6,0,
Madison,C112,U.S. House,6,Democratic,Harvey CARROLL JR.,7,3,4,0,
Madison,C112,U.S. House,6,Democratic,David KLOIBER,9,5,3,1,
Madison,C112,U.S. House,6,Democratic,Erin PETREY,35,8,24,3,
Madison,C112,U.S. House,6,Democratic,Cherlynn STEVENSON,68,13,53,2,
Madison,C112,U.S. House,6,Democratic,Jimmy Clifton AUSBROOKS,2,0,1,1,
Madison,C112,U.S. House,6,Democratic,Corey EDWARDS,9,1,7,1,
Madison,C112,U.S. House,6,Democratic,Zach DEMBO,73,20,45,8,
Madison,C112,District Judge,,,Micah JOHNSON,64,11,47,6,
Madison,C112,District Judge,,,Darrian D. BOTTS,77,18,54,5,
Madison,C112,District Judge,,,Tyler S. FRAZIER,218,53,156,9,
Madison,C112,Mayor Richmond,,,Ed McDANIEL,86,18,63,5,
Madison,C112,Mayor Richmond,,,John H. RAKESTRAW,18,1,16,1,
Madison,C112,Mayor Richmond,,,Robert R. BLYTHE,190,48,131,11,
Madison,C112,City Commissioners Richmond,,,Bruce FREDERICK,63,17,43,3,
Madison,C112,City Commissioners Richmond,,,Mendi GOBLE,113,23,80,10,
Madison,C112,City Commissioners Richmond,,,"Myron ""Mike"" EDWARDS",108,28,78,2,
Madison,C112,City Commissioners Richmond,,,Jim NEWBY,118,27,82,9,
Madison,C112,City Commissioners Richmond,,,Mike BREWER,141,38,96,7,
Madison,C112,City Commissioners Richmond,,,Jeffrey DEBARR,54,15,38,1,
Madison,C112,City Commissioners Richmond,,,Stephen DELANEY,91,18,69,4,
Madison,C112,City Commissioners Richmond,,,Tammy W. COLE,133,34,86,13,
Madison,C112,City Commissioners Richmond,,,Krystin ARNOLD,112,27,77,8,
Madison,C113,U.S. Senate,,Republican,A. Nick SHELLEY,0,0,0,0,
Madison,C113,U.S. Senate,,Republican,Anissa CATLETT,1,0,1,0,
Madison,C113,U.S. Senate,,Republican,Daniel CAMERON,13,2,11,0,
Madison,C113,U.S. Senate,,Republican,Jimmy I. LEON,1,0,1,0,
Madison,C113,U.S. Senate,,Republican,Jonathan M. HOLLIDAY,2,1,1,0,
Madison,C113,U.S. Senate,,Republican,James D. DUNCAN,1,0,1,0,
Madison,C113,U.S. Senate,,Republican,Other Donald WENZEL,1,0,1,0,
Madison,C113,U.S. Senate,,Republican,George WASHINGTON,0,0,0,0,
Madison,C113,U.S. Senate,,Republican,Michael James FARIS,2,0,2,0,
Madison,C113,U.S. Senate,,Republican,Andy BARR,65,14,48,3,
Madison,C113,U.S. Senate,,Republican,"Valerie ""Dr Val"" FREDRICK",3,1,1,1,
Madison,C113,U.S. Senate,,Republican,Nate MORRIS,3,2,0,1,
Madison,C113,U.S. House,6,Republican,Gregory George PLUCINSKI,6,1,4,1,
Madison,C113,U.S. House,6,Republican,Adam Perez ARQUETTE,5,0,4,1,
Madison,C113,U.S. House,6,Republican,Ralph ALVARADO,52,11,41,0,
Madison,C113,U.S. House,6,Republican,Steve SHANNON,6,1,3,2,
Madison,C113,U.S. House,6,Republican,Ryan DOTSON,15,3,11,1,
Madison,C113,State Representative,91,Republican,Darrell BILLINGS,57,15,37,5,
Madison,C113,State Representative,91,Republican,Jeff HENSLEY,20,3,17,0,
Madison,C113,County Judge Executive,,Republican,Reagan TAYLOR,48,15,32,1,
Madison,C113,County Judge Executive,,Republican,Charles (Chuck) GIVENS,8,0,7,1,
Madison,C113,County Judge Executive,,Republican,Donna AGEE,38,6,29,3,
Madison,C113,Jailer,,Republican,Larry R. BROCK,31,7,22,2,
Madison,C113,Jailer,,Republican,Doug THOMAS,42,8,32,2,
Madison,C113,Jailer,,Republican,Jonathan Everett KING,6,3,2,1,
Madison,C113,Magistrate,3,Republican,Billy Ray HUGHES,58,14,40,4,
Madison,C113,Magistrate,3,Republican,Jason Scott RAWLINS,22,3,18,1,
Madison,C113,Constable 3Rd Magisterial District,,Republican,Jonathan FRITZ,34,10,23,1,
Madison,C113,Constable 3Rd Magisterial District,,Republican,James EBERT,38,6,28,4,
Madison,C113,U.S. Senate,,Democratic,Pamela STEVENSON,10,1,9,0,
Madison,C113,U.S. Senate,,Democratic,Vincent Anthony THOMPSON,3,2,1,0,
Madison,C113,U.S. Senate,,Democratic,Joshua BLANTON SR.,2,1,1,0,
Madison,C113,U.S. Senate,,Democratic,Charles BOOKER,79,12,63,4,
Madison,C113,U.S. Senate,,Democratic,Amy McGRATH,43,10,30,3,
Madison,C113,U.S. Senate,,Democratic,Logan FORSYTHE,5,2,3,0,
Madison,C113,U.S. Senate,,Democratic,Dale Lewis ROMANS,10,2,8,0,
Madison,C113,U.S. House,6,Democratic,Harvey CARROLL JR.,5,1,4,0,
Madison,C113,U.S. House,6,Democratic,David KLOIBER,8,1,7,0,
Madison,C113,U.S. House,6,Democratic,Erin PETREY,28,8,20,0,
Madison,C113,U.S. House,6,Democratic,Cherlynn STEVENSON,53,10,40,3,
Madison,C113,U.S. House,6,Democratic,Jimmy Clifton AUSBROOKS,3,0,3,0,
Madison,C113,U.S. House,6,Democratic,Corey EDWARDS,8,1,7,0,
Madison,C113,U.S. House,6,Democratic,Zach DEMBO,43,8,31,4,
Madison,C113,District Judge,,,Micah JOHNSON,30,5,23,2,
Madison,C113,District Judge,,,Darrian D. BOTTS,35,6,24,5,
Madison,C113,District Judge,,,Tyler S. FRAZIER,157,37,115,5,
Madison,C113,Mayor Richmond,,,Ed McDANIEL,68,16,50,2,
Madison,C113,Mayor Richmond,,,John H. RAKESTRAW,15,5,10,0,
Madison,C113,Mayor Richmond,,,Robert R. BLYTHE,150,27,114,9,
Madison,C113,City Commissioners Richmond,,,Bruce FREDERICK,58,13,44,1,
Madison,C113,City Commissioners Richmond,,,Mendi GOBLE,118,30,85,3,
Madison,C113,City Commissioners Richmond,,,"Myron ""Mike"" EDWARDS",79,14,57,8,
Madison,C113,City Commissioners Richmond,,,Jim NEWBY,109,21,81,7,
Madison,C113,City Commissioners Richmond,,,Mike BREWER,100,18,78,4,
Madison,C113,City Commissioners Richmond,,,Jeffrey DEBARR,45,8,34,3,
Madison,C113,City Commissioners Richmond,,,Stephen DELANEY,65,17,44,4,
Madison,C113,City Commissioners Richmond,,,Tammy W. COLE,107,31,74,2,
Madison,C113,City Commissioners Richmond,,,Krystin ARNOLD,80,18,60,2,
Madison,C114,U.S. Senate,,Republican,A. Nick SHELLEY,0,0,0,0,
Madison,C114,U.S. Senate,,Republican,Anissa CATLETT,2,1,1,0,
Madison,C114,U.S. Senate,,Republican,Daniel CAMERON,7,1,6,0,
Madison,C114,U.S. Senate,,Republican,Jimmy I. LEON,0,0,0,0,
Madison,C114,U.S. Senate,,Republican,Jonathan M. HOLLIDAY,0,0,0,0,
Madison,C114,U.S. Senate,,Republican,James D. DUNCAN,0,0,0,0,
Madison,C114,U.S. Senate,,Republican,Other Donald WENZEL,0,0,0,0,
Madison,C114,U.S. Senate,,Republican,George WASHINGTON,1,0,1,0,
Madison,C114,U.S. Senate,,Republican,Michael James FARIS,2,1,1,0,
Madison,C114,U.S. Senate,,Republican,Andy BARR,22,5,17,0,
Madison,C114,U.S. Senate,,Republican,"Valerie ""Dr Val"" FREDRICK",0,0,0,0,
Madison,C114,U.S. Senate,,Republican,Nate MORRIS,1,0,1,0,
Madison,C114,U.S. House,6,Republican,Gregory George PLUCINSKI,2,1,1,0,
Madison,C114,U.S. House,6,Republican,Adam Perez ARQUETTE,0,0,0,0,
Madison,C114,U.S. House,6,Republican,Ralph ALVARADO,22,5,17,0,
Madison,C114,U.S. House,6,Republican,Steve SHANNON,1,1,0,0,
Madison,C114,U.S. House,6,Republican,Ryan DOTSON,6,0,6,0,
Madison,C114,State Representative,91,Republican,Darrell BILLINGS,14,2,12,0,
Madison,C114,State Representative,91,Republican,Jeff HENSLEY,11,1,10,0,
Madison,C114,County Judge Executive,,Republican,Reagan TAYLOR,12,4,8,0,
Madison,C114,County Judge Executive,,Republican,Charles (Chuck) GIVENS,5,2,3,0,
Madison,C114,County Judge Executive,,Republican,Donna AGEE,18,3,15,0,
Madison,C114,Jailer,,Republican,Larry R. BROCK,13,3,10,0,
Madison,C114,Jailer,,Republican,Doug THOMAS,16,4,12,0,
Madison,C114,Jailer,,Republican,Jonathan Everett KING,7,2,5,0,
Madison,C114,Magistrate,3,Republican,Billy Ray HUGHES,15,2,13,0,
Madison,C114,Magistrate,3,Republican,Jason Scott RAWLINS,13,1,12,0,
Madison,C114,Constable 3Rd Magisterial District,,Republican,Jonathan FRITZ,16,4,12,0,
Madison,C114,Constable 3Rd Magisterial District,,Republican,James EBERT,14,2,12,0,
Madison,C114,U.S. Senate,,Democratic,Pamela STEVENSON,11,4,7,0,
Madison,C114,U.S. Senate,,Democratic,Vincent Anthony THOMPSON,0,0,0,0,
Madison,C114,U.S. Senate,,Democratic,Joshua BLANTON SR.,1,0,1,0,
Madison,C114,U.S. Senate,,Democratic,Charles BOOKER,39,9,27,3,
Madison,C114,U.S. Senate,,Democratic,Amy McGRATH,22,3,18,1,
Madison,C114,U.S. Senate,,Democratic,Logan FORSYTHE,1,0,1,0,
Madison,C114,U.S. Senate,,Democratic,Dale Lewis ROMANS,4,1,3,0,
Madison,C114,U.S. House,6,Democratic,Harvey CARROLL JR.,5,2,3,0,
Madison,C114,U.S. House,6,Democratic,David KLOIBER,6,0,5,1,
Madison,C114,U.S. House,6,Democratic,Erin PETREY,19,4,14,1,
Madison,C114,U.S. House,6,Democratic,Cherlynn STEVENSON,17,4,13,0,
Madison,C114,U.S. House,6,Democratic,Jimmy Clifton AUSBROOKS,1,0,0,1,
Madison,C114,U.S. House,6,Democratic,Corey EDWARDS,4,1,3,0,
Madison,C114,U.S. House,6,Democratic,Zach DEMBO,20,6,13,1,
Madison,C114,District Judge,,,Micah JOHNSON,18,1,17,0,
Madison,C114,District Judge,,,Darrian D. BOTTS,20,7,12,1,
Madison,C114,District Judge,,,Tyler S. FRAZIER,63,12,48,3,
Madison,C114,Mayor Richmond,,,Ed McDANIEL,23,3,18,2,
Madison,C114,Mayor Richmond,,,John H. RAKESTRAW,4,0,3,1,
Madison,C114,Mayor Richmond,,,Robert R. BLYTHE,55,14,41,0,
Madison,C114,City Commissioners Richmond,,,Bruce FREDERICK,23,7,14,2,
Madison,C114,City Commissioners Richmond,,,Mendi GOBLE,29,6,23,0,
Madison,C114,City Commissioners Richmond,,,"Myron ""Mike"" EDWARDS",33,5,26,2,
Madison,C114,City Commissioners Richmond,,,Jim NEWBY,33,9,23,1,
Madison,C114,City Commissioners Richmond,,,Mike BREWER,34,12,22,0,
Madison,C114,City Commissioners Richmond,,,Jeffrey DEBARR,15,1,12,2,
Madison,C114,City Commissioners Richmond,,,Stephen DELANEY,23,2,19,2,
Madison,C114,City Commissioners Richmond,,,Tammy W. COLE,33,8,25,0,
Madison,C114,City Commissioners Richmond,,,Krystin ARNOLD,27,6,21,0,
Madison,D101,U.S. Senate,,Republican,A. Nick SHELLEY,0,0,0,0,
Madison,D101,U.S. Senate,,Republican,Anissa CATLETT,2,1,1,0,
Madison,D101,U.S. Senate,,Republican,Daniel CAMERON,53,15,38,0,
Madison,D101,U.S. Senate,,Republican,Jimmy I. LEON,0,0,0,0,
Madison,D101,U.S. Senate,,Republican,Jonathan M. HOLLIDAY,2,0,2,0,
Madison,D101,U.S. Senate,,Republican,James D. DUNCAN,2,2,0,0,
Madison,D101,U.S. Senate,,Republican,Other Donald WENZEL,0,0,0,0,
Madison,D101,U.S. Senate,,Republican,George WASHINGTON,4,3,1,0,
Madison,D101,U.S. Senate,,Republican,Michael James FARIS,1,0,1,0,
Madison,D101,U.S. Senate,,Republican,Andy BARR,164,50,109,5,
Madison,D101,U.S. Senate,,Republican,"Valerie ""Dr Val"" FREDRICK",0,0,0,0,
Madison,D101,U.S. Senate,,Republican,Nate MORRIS,11,4,7,0,
Madison,D101,U.S. House,6,Republican,Gregory George PLUCINSKI,21,6,15,0,
Madison,D101,U.S. House,6,Republican,Adam Perez ARQUETTE,6,2,4,0,
Madison,D101,U.S. House,6,Republican,Ralph ALVARADO,97,36,57,4,
Madison,D101,U.S. House,6,Republican,Steve SHANNON,21,4,17,0,
Madison,D101,U.S. House,6,Republican,Ryan DOTSON,71,19,51,1,
Madison,D101,State Representative,81,Republican,Deanna Frazier GORDON,73,17,53,3,
Madison,D101,State Representative,81,Republican,Andrew SIMPSON,166,59,105,2,
Madison,D101,County Judge Executive,,Republican,Reagan TAYLOR,81,27,52,2,
Madison,D101,County Judge Executive,,Republican,Charles (Chuck) GIVENS,43,15,27,1,
Madison,D101,County Judge Executive,,Republican,Donna AGEE,124,40,83,1,
Madison,D101,Jailer,,Republican,Larry R. BROCK,55,21,32,2,
Madison,D101,Jailer,,Republican,Doug THOMAS,164,53,109,2,
Madison,D101,Jailer,,Republican,Jonathan Everett KING,25,6,19,0,
Madison,D101,Magistrate,4,Republican,Gary THOMAS,57,14,42,1,
Madison,D101,Magistrate,4,Republican,Debbie VESCIO,9,2,6,1,
Madison,D101,Magistrate,4,Republican,Chris SIPPLE,25,6,19,0,
Madison,D101,Magistrate,4,Republican,Alfred E. WINKLER,162,60,99,3,
Madison,D101,Constable 4Th Magisterial District,,Republican,Greg MAYO,52,17,34,1,
Madison,D101,Constable 4Th Magisterial District,,Republican,Jonathan BROCK,169,50,115,4,
Madison,D101,U.S. Senate,,Democratic,Pamela STEVENSON,6,4,2,0,
Madison,D101,U.S. Senate,,Democratic,Vincent Anthony THOMPSON,3,0,3,0,
Madison,D101,U.S. Senate,,Democratic,Joshua BLANTON SR.,1,0,1,0,
Madison,D101,U.S. Senate,,Democratic,Charles BOOKER,20,5,15,0,
Madison,D101,U.S. Senate,,Democratic,Amy McGRATH,16,6,9,1,
Madison,D101,U.S. Senate,,Democratic,Logan FORSYTHE,2,0,0,2,
Madison,D101,U.S. Senate,,Democratic,Dale Lewis ROMANS,6,3,3,0,
Madison,D101,U.S. House,6,Democratic,Harvey CARROLL JR.,4,1,3,0,
Madison,D101,U.S. House,6,Democratic,David KLOIBER,6,3,1,2,
Madison,D101,U.S. House,6,Democratic,Erin PETREY,10,2,8,0,
Madison,D101,U.S. House,6,Democratic,Cherlynn STEVENSON,6,1,5,0,
Madison,D101,U.S. House,6,Democratic,Jimmy Clifton AUSBROOKS,1,0,1,0,
Madison,D101,U.S. House,6,Democratic,Corey EDWARDS,2,1,1,0,
Madison,D101,U.S. House,6,Democratic,Zach DEMBO,21,8,12,1,
Madison,D101,District Judge,,,Micah JOHNSON,38,11,27,0,
Madison,D101,District Judge,,,Darrian D. BOTTS,20,4,16,0,
Madison,D101,District Judge,,,Tyler S. FRAZIER,223,74,141,8,
Madison,D103,U.S. Senate,,Republican,A. Nick SHELLEY,2,1,1,0,
Madison,D103,U.S. Senate,,Republican,Anissa CATLETT,4,1,3,0,
Madison,D103,U.S. Senate,,Republican,Daniel CAMERON,73,13,60,0,
Madison,D103,U.S. Senate,,Republican,Jimmy I. LEON,0,0,0,0,
Madison,D103,U.S. Senate,,Republican,Jonathan M. HOLLIDAY,3,1,2,0,
Madison,D103,U.S. Senate,,Republican,James D. DUNCAN,2,1,1,0,
Madison,D103,U.S. Senate,,Republican,Other Donald WENZEL,0,0,0,0,
Madison,D103,U.S. Senate,,Republican,George WASHINGTON,4,1,3,0,
Madison,D103,U.S. Senate,,Republican,Michael James FARIS,5,2,3,0,
Madison,D103,U.S. Senate,,Republican,Andy BARR,172,51,120,1,
Madison,D103,U.S. Senate,,Republican,"Valerie ""Dr Val"" FREDRICK",3,2,1,0,
Madison,D103,U.S. Senate,,Republican,Nate MORRIS,9,2,7,0,
Madison,D103,U.S. House,6,Republican,Gregory George PLUCINSKI,18,5,12,1,
Madison,D103,U.S. House,6,Republican,Adam Perez ARQUETTE,7,1,6,0,
Madison,D103,U.S. House,6,Republican,Ralph ALVARADO,126,35,91,0,
Madison,D103,U.S. House,6,Republican,Steve SHANNON,17,5,12,0,
Madison,D103,U.S. House,6,Republican,Ryan DOTSON,81,26,55,0,
Madison,D103,State Representative,81,Republican,Deanna Frazier GORDON,145,39,105,1,
Madison,D103,State Representative,81,Republican,Andrew SIMPSON,100,31,69,0,
Madison,D103,County Judge Executive,,Republican,Reagan TAYLOR,117,32,85,0,
Madison,D103,County Judge Executive,,Republican,Charles (Chuck) GIVENS,27,9,18,0,
Madison,D103,County Judge Executive,,Republican,Donna AGEE,128,36,91,1,
Madison,D103,Jailer,,Republican,Larry R. BROCK,80,24,56,0,
Madison,D103,Jailer,,Republican,Doug THOMAS,132,38,94,0,
Madison,D103,Jailer,,Republican,Jonathan Everett KING,42,11,30,1,
Madison,D103,Magistrate,4,Republican,Gary THOMAS,44,14,30,0,
Madison,D103,Magistrate,4,Republican,Debbie VESCIO,25,7,18,0,
Madison,D103,Magistrate,4,Republican,Chris SIPPLE,125,31,94,0,
Madison,D103,Magistrate,4,Republican,Alfred E. WINKLER,70,22,47,1,
Madison,D103,Constable 4Th Magisterial District,,Republican,Greg MAYO,99,29,70,0,
Madison,D103,Constable 4Th Magisterial District,,Republican,Jonathan BROCK,141,38,102,1,
Madison,D103,U.S. Senate,,Democratic,Pamela STEVENSON,9,3,6,0,
Madison,D103,U.S. Senate,,Democratic,Vincent Anthony THOMPSON,6,2,4,0,
Madison,D103,U.S. Senate,,Democratic,Joshua BLANTON SR.,2,0,2,0,
Madison,D103,U.S. Senate,,Democratic,Charles BOOKER,76,21,55,0,
Madison,D103,U.S. Senate,,Democratic,Amy McGRATH,49,14,32,3,
Madison,D103,U.S. Senate,,Democratic,Logan FORSYTHE,2,1,1,0,
Madison,D103,U.S. Senate,,Democratic,Dale Lewis ROMANS,1,1,0,0,
Madison,D103,U.S. House,6,Democratic,Harvey CARROLL JR.,7,1,4,2,
Madison,D103,U.S. House,6,Democratic,David KLOIBER,11,3,8,0,
Madison,D103,U.S. House,6,Democratic,Erin PETREY,22,7,15,0,
Madison,D103,U.S. House,6,Democratic,Cherlynn STEVENSON,40,15,25,0,
Madison,D103,U.S. House,6,Democratic,Jimmy Clifton AUSBROOKS,2,0,2,0,
Madison,D103,U.S. House,6,Democratic,Corey EDWARDS,5,0,5,0,
Madison,D103,U.S. House,6,Democratic,Zach DEMBO,54,17,36,1,
Madison,D103,District Judge,,,Micah JOHNSON,90,20,66,4,
Madison,D103,District Judge,,,Darrian D. BOTTS,49,14,35,0,
Madison,D103,District Judge,,,Tyler S. FRAZIER,253,73,178,2,
Madison,D104,U.S. Senate,,Republican,A. Nick SHELLEY,1,0,1,0,
Madison,D104,U.S. Senate,,Republican,Anissa CATLETT,0,0,0,0,
Madison,D104,U.S. Senate,,Republican,Daniel CAMERON,6,1,5,0,
Madison,D104,U.S. Senate,,Republican,Jimmy I. LEON,0,0,0,0,
Madison,D104,U.S. Senate,,Republican,Jonathan M. HOLLIDAY,0,0,0,0,
Madison,D104,U.S. Senate,,Republican,James D. DUNCAN,0,0,0,0,
Madison,D104,U.S. Senate,,Republican,Other Donald WENZEL,0,0,0,0,
Madison,D104,U.S. Senate,,Republican,George WASHINGTON,0,0,0,0,
Madison,D104,U.S. Senate,,Republican,Michael James FARIS,1,0,1,0,
Madison,D104,U.S. Senate,,Republican,Andy BARR,21,4,13,4,
Madison,D104,U.S. Senate,,Republican,"Valerie ""Dr Val"" FREDRICK",0,0,0,0,
Madison,D104,U.S. Senate,,Republican,Nate MORRIS,0,0,0,0,
Madison,D104,U.S. House,6,Republican,Gregory George PLUCINSKI,1,1,0,0,
Madison,D104,U.S. House,6,Republican,Adam Perez ARQUETTE,0,0,0,0,
Madison,D104,U.S. House,6,Republican,Ralph ALVARADO,13,2,8,3,
Madison,D104,U.S. House,6,Republican,Steve SHANNON,1,0,1,0,
Madison,D104,U.S. House,6,Republican,Ryan DOTSON,12,1,11,0,
Madison,D104,County Judge Executive,,Republican,Reagan TAYLOR,10,1,7,2,
Madison,D104,County Judge Executive,,Republican,Charles (Chuck) GIVENS,3,0,3,0,
Madison,D104,County Judge Executive,,Republican,Donna AGEE,15,3,10,2,
Madison,D104,Jailer,,Republican,Larry R. BROCK,10,1,8,1,
Madison,D104,Jailer,,Republican,Doug THOMAS,15,3,9,3,
Madison,D104,Jailer,,Republican,Jonathan Everett KING,3,0,3,0,
Madison,D104,Magistrate,4,Republican,Gary THOMAS,7,1,5,1,
Madison,D104,Magistrate,4,Republican,Debbie VESCIO,3,0,2,1,
Madison,D104,Magistrate,4,Republican,Chris SIPPLE,8,2,4,2,
Madison,D104,Magistrate,4,Republican,Alfred E. WINKLER,10,1,9,0,
Madison,D104,Constable 4Th Magisterial District,,Republican,Greg MAYO,14,2,12,0,
Madison,D104,Constable 4Th Magisterial District,,Republican,Jonathan BROCK,11,1,7,3,
Madison,D104,U.S. Senate,,Democratic,Pamela STEVENSON,2,1,1,0,
Madison,D104,U.S. Senate,,Democratic,Vincent Anthony THOMPSON,1,0,1,0,
Madison,D104,U.S. Senate,,Democratic,Joshua BLANTON SR.,0,0,0,0,
Madison,D104,U.S. Senate,,Democratic,Charles BOOKER,11,0,9,2,
Madison,D104,U.S. Senate,,Democratic,Amy McGRATH,8,5,3,0,
Madison,D104,U.S. Senate,,Democratic,Logan FORSYTHE,1,1,0,0,
Madison,D104,U.S. Senate,,Democratic,Dale Lewis ROMANS,3,0,3,0,
Madison,D104,U.S. House,6,Democratic,Harvey CARROLL JR.,0,0,0,0,
Madison,D104,U.S. House,6,Democratic,David KLOIBER,1,0,1,0,
Madison,D104,U.S. House,6,Democratic,Erin PETREY,4,2,2,0,
Madison,D104,U.S. House,6,Democratic,Cherlynn STEVENSON,6,0,6,0,
Madison,D104,U.S. House,6,Democratic,Jimmy Clifton AUSBROOKS,2,0,2,0,
Madison,D104,U.S. House,6,Democratic,Corey EDWARDS,1,1,0,0,
Madison,D104,U.S. House,6,Democratic,Zach DEMBO,5,3,2,0,
Madison,D104,District Judge,,,Micah JOHNSON,12,0,11,1,
Madison,D104,District Judge,,,Darrian D. BOTTS,8,0,8,0,
Madison,D104,District Judge,,,Tyler S. FRAZIER,31,10,16,5,
Madison,D104,Mayor Richmond,,,Ed McDANIEL,0,0,0,0,
Madison,D104,Mayor Richmond,,,John H. RAKESTRAW,0,0,0,0,
Madison,D104,Mayor Richmond,,,Robert R. BLYTHE,2,0,2,0,
Madison,D104,City Commissioners Richmond,,,Bruce FREDERICK,2,0,2,0,
Madison,D104,City Commissioners Richmond,,,Mendi GOBLE,2,0,2,0,
Madison,D104,City Commissioners Richmond,,,"Myron ""Mike"" EDWARDS",1,0,1,0,
Madison,D104,City Commissioners Richmond,,,Jim NEWBY,1,0,1,0,
Madison,D104,City Commissioners Richmond,,,Mike BREWER,2,0,2,0,
Madison,D104,City Commissioners Richmond,,,Jeffrey DEBARR,0,0,0,0,
Madison,D104,City Commissioners Richmond,,,Stephen DELANEY,0,0,0,0,
Madison,D104,City Commissioners Richmond,,,Tammy W. COLE,0,0,0,0,
Madison,D104,City Commissioners Richmond,,,Krystin ARNOLD,0,0,0,0,
Madison,D105,U.S. Senate,,Republican,A. Nick SHELLEY,1,0,1,0,
Madison,D105,U.S. Senate,,Republican,Anissa CATLETT,5,3,2,0,
Madison,D105,U.S. Senate,,Republican,Daniel CAMERON,56,15,41,0,
Madison,D105,U.S. Senate,,Republican,Jimmy I. LEON,0,0,0,0,
Madison,D105,U.S. Senate,,Republican,Jonathan M. HOLLIDAY,2,2,0,0,
Madison,D105,U.S. Senate,,Republican,James D. DUNCAN,4,2,2,0,
Madison,D105,U.S. Senate,,Republican,Other Donald WENZEL,1,0,1,0,
Madison,D105,U.S. Senate,,Republican,George WASHINGTON,2,1,1,0,
Madison,D105,U.S. Senate,,Republican,Michael James FARIS,5,0,5,0,
Madison,D105,U.S. Senate,,Republican,Andy BARR,194,57,133,4,
Madison,D105,U.S. Senate,,Republican,"Valerie ""Dr Val"" FREDRICK",3,0,3,0,
Madison,D105,U.S. Senate,,Republican,Nate MORRIS,7,3,4,0,
Madison,D105,U.S. House,6,Republican,Gregory George PLUCINSKI,22,9,12,1,
Madison,D105,U.S. House,6,Republican,Adam Perez ARQUETTE,8,4,4,0,
Madison,D105,U.S. House,6,Republican,Ralph ALVARADO,130,43,85,2,
Madison,D105,U.S. House,6,Republican,Steve SHANNON,24,9,15,0,
Madison,D105,U.S. House,6,Republican,Ryan DOTSON,75,15,59,1,
Madison,D105,State Representative,81,Republican,Deanna Frazier GORDON,167,47,116,4,
Madison,D105,State Representative,81,Republican,Andrew SIMPSON,97,34,63,0,
Madison,D105,County Judge Executive,,Republican,Reagan TAYLOR,110,30,78,2,
Madison,D105,County Judge Executive,,Republican,Charles (Chuck) GIVENS,39,12,27,0,
Madison,D105,County Judge Executive,,Republican,Donna AGEE,126,41,83,2,
Madison,D105,Jailer,,Republican,Larry R. BROCK,99,28,70,1,
Madison,D105,Jailer,,Republican,Doug THOMAS,128,49,78,1,
Madison,D105,Jailer,,Republican,Jonathan Everett KING,29,7,21,1,
Madison,D105,Magistrate,4,Republican,Gary THOMAS,46,12,34,0,
Madison,D105,Magistrate,4,Republican,Debbie VESCIO,50,22,26,2,
Madison,D105,Magistrate,4,Republican,Chris SIPPLE,100,21,79,0,
Madison,D105,Magistrate,4,Republican,Alfred E. WINKLER,50,23,26,1,
Madison,D105,Constable 4Th Magisterial District,,Republican,Greg MAYO,73,18,53,2,
Madison,D105,Constable 4Th Magisterial District,,Republican,Jonathan BROCK,166,56,109,1,
Madison,D105,U.S. Senate,,Democratic,Pamela STEVENSON,11,3,8,0,
Madison,D105,U.S. Senate,,Democratic,Vincent Anthony THOMPSON,2,1,1,0,
Madison,D105,U.S. Senate,,Democratic,Joshua BLANTON SR.,2,0,2,0,
Madison,D105,U.S. Senate,,Democratic,Charles BOOKER,104,31,72,1,
Madison,D105,U.S. Senate,,Democratic,Amy McGRATH,59,16,38,5,
Madison,D105,U.S. Senate,,Democratic,Logan FORSYTHE,4,1,3,0,
Madison,D105,U.S. Senate,,Democratic,Dale Lewis ROMANS,2,1,1,0,
Madison,D105,U.S. House,6,Democratic,Harvey CARROLL JR.,7,0,7,0,
Madison,D105,U.S. House,6,Democratic,David KLOIBER,4,0,3,1,
Madison,D105,U.S. House,6,Democratic,Erin PETREY,29,8,20,1,
Madison,D105,U.S. House,6,Democratic,Cherlynn STEVENSON,41,11,29,1,
Madison,D105,U.S. House,6,Democratic,Jimmy Clifton AUSBROOKS,3,2,1,0,
Madison,D105,U.S. House,6,Democratic,Corey EDWARDS,8,1,7,0,
Madison,D105,U.S. House,6,Democratic,Zach DEMBO,87,32,52,3,
Madison,D105,District Judge,,,Micah JOHNSON,74,26,48,0,
Madison,D105,District Judge,,,Darrian D. BOTTS,88,26,60,2,
Madison,D105,District Judge,,,Tyler S. FRAZIER,264,78,180,6,
Madison,D105,Mayor Richmond,,,Ed McDANIEL,140,43,94,3,
Madison,D105,Mayor Richmond,,,John H. RAKESTRAW,23,1,22,0,
Madison,D105,Mayor Richmond,,,Robert R. BLYTHE,216,61,150,5,
Madison,D105,City Commissioners Richmond,,,Bruce FREDERICK,100,30,68,2,
Madison,D105,City Commissioners Richmond,,,Mendi GOBLE,154,39,112,3,
Madison,D105,City Commissioners Richmond,,,"Myron ""Mike"" EDWARDS",126,38,86,2,
Madison,D105,City Commissioners Richmond,,,Jim NEWBY,149,31,116,2,
Madison,D105,City Commissioners Richmond,,,Mike BREWER,175,44,128,3,
Madison,D105,City Commissioners Richmond,,,Jeffrey DEBARR,77,25,49,3,
Madison,D105,City Commissioners Richmond,,,Stephen DELANEY,102,28,70,4,
Madison,D105,City Commissioners Richmond,,,Tammy W. COLE,175,48,124,3,
Madison,D105,City Commissioners Richmond,,,Krystin ARNOLD,143,39,100,4,
Madison,D106,U.S. Senate,,Republican,A. Nick SHELLEY,3,1,2,0,
Madison,D106,U.S. Senate,,Republican,Anissa CATLETT,2,1,1,0,
Madison,D106,U.S. Senate,,Republican,Daniel CAMERON,75,23,51,1,
Madison,D106,U.S. Senate,,Republican,Jimmy I. LEON,2,2,0,0,
Madison,D106,U.S. Senate,,Republican,Jonathan M. HOLLIDAY,2,1,1,0,
Madison,D106,U.S. Senate,,Republican,James D. DUNCAN,6,2,4,0,
Madison,D106,U.S. Senate,,Republican,Other Donald WENZEL,0,0,0,0,
Madison,D106,U.S. Senate,,Republican,George WASHINGTON,1,0,1,0,
Madison,D106,U.S. Senate,,Republican,Michael James FARIS,5,0,5,0,
Madison,D106,U.S. Senate,,Republican,Andy BARR,229,64,158,7,
Madison,D106,U.S. Senate,,Republican,"Valerie ""Dr Val"" FREDRICK",4,2,2,0,
Madison,D106,U.S. Senate,,Republican,Nate MORRIS,7,1,6,0,
Madison,D106,U.S. House,6,Republican,Gregory George PLUCINSKI,26,8,16,2,
Madison,D106,U.S. House,6,Republican,Adam Perez ARQUETTE,7,1,6,0,
Madison,D106,U.S. House,6,Republican,Ralph ALVARADO,156,49,106,1,
Madison,D106,U.S. House,6,Republican,Steve SHANNON,32,6,26,0,
Madison,D106,U.S. House,6,Republican,Ryan DOTSON,93,26,62,5,
Madison,D106,State Representative,81,Republican,Deanna Frazier GORDON,176,55,117,4,
Madison,D106,State Representative,81,Republican,Andrew SIMPSON,135,40,91,4,
Madison,D106,County Judge Executive,,Republican,Reagan TAYLOR,94,27,67,0,
Madison,D106,County Judge Executive,,Republican,Charles (Chuck) GIVENS,51,11,34,6,
Madison,D106,County Judge Executive,,Republican,Donna AGEE,187,59,126,2,
Madison,D106,Jailer,,Republican,Larry R. BROCK,90,30,60,0,
Madison,D106,Jailer,,Republican,Doug THOMAS,182,55,120,7,
Madison,D106,Jailer,,Republican,Jonathan Everett KING,36,9,26,1,
Madison,D106,Magistrate,4,Republican,Gary THOMAS,47,8,39,0,
Madison,D106,Magistrate,4,Republican,Debbie VESCIO,42,19,23,0,
Madison,D106,Magistrate,4,Republican,Chris SIPPLE,168,45,116,7,
Madison,D106,Magistrate,4,Republican,Alfred E. WINKLER,66,24,41,1,
Madison,D106,Constable 4Th Magisterial District,,Republican,Greg MAYO,99,32,61,6,
Madison,D106,Constable 4Th Magisterial District,,Republican,Jonathan BROCK,192,58,133,1,
Madison,D106,U.S. Senate,,Democratic,Pamela STEVENSON,6,1,4,1,
Madison,D106,U.S. Senate,,Democratic,Vincent Anthony THOMPSON,4,2,2,0,
Madison,D106,U.S. Senate,,Democratic,Joshua BLANTON SR.,4,0,4,0,
Madison,D106,U.S. Senate,,Democratic,Charles BOOKER,56,15,40,1,
Madison,D106,U.S. Senate,,Democratic,Amy McGRATH,50,15,29,6,
Madison,D106,U.S. Senate,,Democratic,Logan FORSYTHE,6,2,4,0,
Madison,D106,U.S. Senate,,Democratic,Dale Lewis ROMANS,8,2,6,0,
Madison,D106,U.S. House,6,Democratic,Harvey CARROLL JR.,8,2,6,0,
Madison,D106,U.S. House,6,Democratic,David KLOIBER,6,0,4,2,
Madison,D106,U.S. House,6,Democratic,Erin PETREY,29,7,17,5,
Madison,D106,U.S. House,6,Democratic,Cherlynn STEVENSON,26,7,18,1,
Madison,D106,U.S. House,6,Democratic,Jimmy Clifton AUSBROOKS,3,0,3,0,
Madison,D106,U.S. House,6,Democratic,Corey EDWARDS,7,3,4,0,
Madison,D106,U.S. House,6,Democratic,Zach DEMBO,54,18,36,0,
Madison,D106,District Judge,,,Micah JOHNSON,97,29,63,5,
Madison,D106,District Judge,,,Darrian D. BOTTS,46,13,32,1,
Madison,D106,District Judge,,,Tyler S. FRAZIER,300,90,201,9,
Madison,D106,Mayor Richmond,,,Ed McDANIEL,0,0,0,0,
Madison,D106,Mayor Richmond,,,John H. RAKESTRAW,0,0,0,0,
Madison,D106,Mayor Richmond,,,Robert R. BLYTHE,0,0,0,0,
Madison,D106,City Commissioners Richmond,,,Bruce FREDERICK,0,0,0,0,
Madison,D106,City Commissioners Richmond,,,Mendi GOBLE,0,0,0,0,
Madison,D106,City Commissioners Richmond,,,"Myron ""Mike"" EDWARDS",0,0,0,0,
Madison,D106,City Commissioners Richmond,,,Jim NEWBY,0,0,0,0,
Madison,D106,City Commissioners Richmond,,,Mike BREWER,0,0,0,0,
Madison,D106,City Commissioners Richmond,,,Jeffrey DEBARR,0,0,0,0,
Madison,D106,City Commissioners Richmond,,,Stephen DELANEY,0,0,0,0,
Madison,D106,City Commissioners Richmond,,,Tammy W. COLE,0,0,0,0,
Madison,D106,City Commissioners Richmond,,,Krystin ARNOLD,0,0,0,0,
Madison,D107,U.S. Senate,,Republican,A. Nick SHELLEY,0,0,0,0,
Madison,D107,U.S. Senate,,Republican,Anissa CATLETT,0,0,0,0,
Madison,D107,U.S. Senate,,Republican,Daniel CAMERON,0,0,0,0,
Madison,D107,U.S. Senate,,Republican,Jimmy I. LEON,0,0,0,0,
Madison,D107,U.S. Senate,,Republican,Jonathan M. HOLLIDAY,0,0,0,0,
Madison,D107,U.S. Senate,,Republican,James D. DUNCAN,0,0,0,0,
Madison,D107,U.S. Senate,,Republican,Other Donald WENZEL,0,0,0,0,
Madison,D107,U.S. Senate,,Republican,George WASHINGTON,0,0,0,0,
Madison,D107,U.S. Senate,,Republican,Michael James FARIS,0,0,0,0,
Madison,D107,U.S. Senate,,Republican,Andy BARR,0,0,0,0,
Madison,D107,U.S. Senate,,Republican,"Valerie ""Dr Val"" FREDRICK",0,0,0,0,
Madison,D107,U.S. Senate,,Republican,Nate MORRIS,0,0,0,0,
Madison,D107,U.S. House,6,Republican,Gregory George PLUCINSKI,0,0,0,0,
Madison,D107,U.S. House,6,Republican,Adam Perez ARQUETTE,0,0,0,0,
Madison,D107,U.S. House,6,Republican,Ralph ALVARADO,0,0,0,0,
Madison,D107,U.S. House,6,Republican,Steve SHANNON,0,0,0,0,
Madison,D107,U.S. House,6,Republican,Ryan DOTSON,0,0,0,0,
Madison,D107,State Representative,81,Republican,Deanna Frazier GORDON,0,0,0,0,
Madison,D107,State Representative,81,Republican,Andrew SIMPSON,0,0,0,0,
Madison,D107,County Judge Executive,,Republican,Reagan TAYLOR,0,0,0,0,
Madison,D107,County Judge Executive,,Republican,Charles (Chuck) GIVENS,0,0,0,0,
Madison,D107,County Judge Executive,,Republican,Donna AGEE,0,0,0,0,
Madison,D107,Jailer,,Republican,Larry R. BROCK,0,0,0,0,
Madison,D107,Jailer,,Republican,Doug THOMAS,0,0,0,0,
Madison,D107,Jailer,,Republican,Jonathan Everett KING,0,0,0,0,
Madison,D107,Magistrate,4,Republican,Gary THOMAS,0,0,0,0,
Madison,D107,Magistrate,4,Republican,Debbie VESCIO,0,0,0,0,
Madison,D107,Magistrate,4,Republican,Chris SIPPLE,0,0,0,0,
Madison,D107,Magistrate,4,Republican,Alfred E. WINKLER,0,0,0,0,
Madison,D107,Constable 4Th Magisterial District,,Republican,Greg MAYO,0,0,0,0,
Madison,D107,Constable 4Th Magisterial District,,Republican,Jonathan BROCK,0,0,0,0,
Madison,D107,U.S. Senate,,Democratic,Pamela STEVENSON,0,0,0,0,
Madison,D107,U.S. Senate,,Democratic,Vincent Anthony THOMPSON,0,0,0,0,
Madison,D107,U.S. Senate,,Democratic,Joshua BLANTON SR.,0,0,0,0,
Madison,D107,U.S. Senate,,Democratic,Charles BOOKER,0,0,0,0,
Madison,D107,U.S. Senate,,Democratic,Amy McGRATH,0,0,0,0,
Madison,D107,U.S. Senate,,Democratic,Logan FORSYTHE,0,0,0,0,
Madison,D107,U.S. Senate,,Democratic,Dale Lewis ROMANS,0,0,0,0,
Madison,D107,U.S. House,6,Democratic,Harvey CARROLL JR.,0,0,0,0,
Madison,D107,U.S. House,6,Democratic,David KLOIBER,0,0,0,0,
Madison,D107,U.S. House,6,Democratic,Erin PETREY,0,0,0,0,
Madison,D107,U.S. House,6,Democratic,Cherlynn STEVENSON,0,0,0,0,
Madison,D107,U.S. House,6,Democratic,Jimmy Clifton AUSBROOKS,0,0,0,0,
Madison,D107,U.S. House,6,Democratic,Corey EDWARDS,0,0,0,0,
Madison,D107,U.S. House,6,Democratic,Zach DEMBO,0,0,0,0,
Madison,D107,District Judge,,,Micah JOHNSON,0,0,0,0,
Madison,D107,District Judge,,,Darrian D. BOTTS,0,0,0,0,
Madison,D107,District Judge,,,Tyler S. FRAZIER,0,0,0,0,
Madison,D108,U.S. Senate,,Republican,A. Nick SHELLEY,3,1,2,0,
Madison,D108,U.S. Senate,,Republican,Anissa CATLETT,3,1,2,0,
Madison,D108,U.S. Senate,,Republican,Daniel CAMERON,85,15,67,3,
Madison,D108,U.S. Senate,,Republican,Jimmy I. LEON,0,0,0,0,
Madison,D108,U.S. Senate,,Republican,Jonathan M. HOLLIDAY,3,1,2,0,
Madison,D108,U.S. Senate,,Republican,James D. DUNCAN,2,2,0,0,
Madison,D108,U.S. Senate,,Republican,Other Donald WENZEL,0,0,0,0,
Madison,D108,U.S. Senate,,Republican,George WASHINGTON,1,0,1,0,
Madison,D108,U.S. Senate,,Republican,Michael James FARIS,12,2,10,0,
Madison,D108,U.S. Senate,,Republican,Andy BARR,268,91,175,2,
Madison,D108,U.S. Senate,,Republican,"Valerie ""Dr Val"" FREDRICK",4,1,3,0,
Madison,D108,U.S. Senate,,Republican,Nate MORRIS,11,3,8,0,
Madison,D108,U.S. House,6,Republican,Gregory George PLUCINSKI,42,14,26,2,
Madison,D108,U.S. House,6,Republican,Adam Perez ARQUETTE,11,2,9,0,
Madison,D108,U.S. House,6,Republican,Ralph ALVARADO,183,58,124,1,
Madison,D108,U.S. House,6,Republican,Steve SHANNON,27,13,14,0,
Madison,D108,U.S. House,6,Republican,Ryan DOTSON,92,17,73,2,
Madison,D108,State Representative,81,Republican,Deanna Frazier GORDON,221,68,151,2,
Madison,D108,State Representative,81,Republican,Andrew SIMPSON,142,34,105,3,
Madison,D108,County Judge Executive,,Republican,Reagan TAYLOR,146,42,102,2,
Madison,D108,County Judge Executive,,Republican,Charles (Chuck) GIVENS,45,9,35,1,
Madison,D108,County Judge Executive,,Republican,Donna AGEE,186,63,121,2,
Madison,D108,Jailer,,Republican,Larry R. BROCK,101,27,73,1,
Madison,D108,Jailer,,Republican,Doug THOMAS,217,68,145,4,
Madison,D108,Jailer,,Republican,Jonathan Everett KING,41,9,32,0,
Madison,D108,Magistrate,4,Republican,Gary THOMAS,78,20,56,2,
Madison,D108,Magistrate,4,Republican,Debbie VESCIO,58,25,32,1,
Madison,D108,Magistrate,4,Republican,Chris SIPPLE,165,48,115,2,
Madison,D108,Magistrate,4,Republican,Alfred E. WINKLER,64,13,51,0,
Madison,D108,Constable 4Th Magisterial District,,Republican,Greg MAYO,98,26,71,1,
Madison,D108,Constable 4Th Magisterial District,,Republican,Jonathan BROCK,229,64,161,4,
Madison,D108,U.S. Senate,,Democratic,Pamela STEVENSON,9,3,6,0,
Madison,D108,U.S. Senate,,Democratic,Vincent Anthony THOMPSON,5,0,5,0,
Madison,D108,U.S. Senate,,Democratic,Joshua BLANTON SR.,0,0,0,0,
Madison,D108,U.S. Senate,,Democratic,Charles BOOKER,69,13,53,3,
Madison,D108,U.S. Senate,,Democratic,Amy McGRATH,77,30,40,7,
Madison,D108,U.S. Senate,,Democratic,Logan FORSYTHE,3,1,2,0,
Madison,D108,U.S. Senate,,Democratic,Dale Lewis ROMANS,9,1,8,0,
Madison,D108,U.S. House,6,Democratic,Harvey CARROLL JR.,4,0,4,0,
Madison,D108,U.S. House,6,Democratic,David KLOIBER,6,2,4,0,
Madison,D108,U.S. House,6,Democratic,Erin PETREY,32,5,25,2,
Madison,D108,U.S. House,6,Democratic,Cherlynn STEVENSON,33,10,23,0,
Madison,D108,U.S. House,6,Democratic,Jimmy Clifton AUSBROOKS,0,0,0,0,
Madison,D108,U.S. House,6,Democratic,Corey EDWARDS,7,1,6,0,
Madison,D108,U.S. House,6,Democratic,Zach DEMBO,85,31,46,8,
Madison,D108,District Judge,,,Micah JOHNSON,123,32,87,4,
Madison,D108,District Judge,,,Darrian D. BOTTS,48,14,34,0,
Madison,D108,District Judge,,,Tyler S. FRAZIER,342,98,233,11,
Madison,D108,Mayor Richmond,,,Ed McDANIEL,23,7,15,1,
Madison,D108,Mayor Richmond,,,John H. RAKESTRAW,2,0,2,0,
Madison,D108,Mayor Richmond,,,Robert R. BLYTHE,16,5,11,0,
Madison,D108,City Commissioners Richmond,,,Bruce FREDERICK,13,2,10,1,
Madison,D108,City Commissioners Richmond,,,Mendi GOBLE,15,3,12,0,
Madison,D108,City Commissioners Richmond,,,"Myron ""Mike"" EDWARDS",16,7,9,0,
Madison,D108,City Commissioners Richmond,,,Jim NEWBY,9,2,7,0,
Madison,D108,City Commissioners Richmond,,,Mike BREWER,13,4,9,0,
Madison,D108,City Commissioners Richmond,,,Jeffrey DEBARR,16,2,13,1,
Madison,D108,City Commissioners Richmond,,,Stephen DELANEY,10,2,8,0,
Madison,D108,City Commissioners Richmond,,,Tammy W. COLE,15,4,10,1,
Madison,D108,City Commissioners Richmond,,,Krystin ARNOLD,20,7,12,1,
Madison,D109,U.S. Senate,,Republican,A. Nick SHELLEY,0,0,0,0,
Madison,D109,U.S. Senate,,Republican,Anissa CATLETT,5,0,4,1,
Madison,D109,U.S. Senate,,Republican,Daniel CAMERON,61,13,46,2,
Madison,D109,U.S. Senate,,Republican,Jimmy I. LEON,0,0,0,0,
Madison,D109,U.S. Senate,,Republican,Jonathan M. HOLLIDAY,4,1,3,0,
Madison,D109,U.S. Senate,,Republican,James D. DUNCAN,2,0,2,0,
Madison,D109,U.S. Senate,,Republican,Other Donald WENZEL,0,0,0,0,
Madison,D109,U.S. Senate,,Republican,George WASHINGTON,7,1,6,0,
Madison,D109,U.S. Senate,,Republican,Michael James FARIS,5,2,3,0,
Madison,D109,U.S. Senate,,Republican,Andy BARR,199,65,127,7,
Madison,D109,U.S. Senate,,Republican,"Valerie ""Dr Val"" FREDRICK",4,1,3,0,
Madison,D109,U.S. Senate,,Republican,Nate MORRIS,8,0,8,0,
Madison,D109,U.S. House,6,Republican,Gregory George PLUCINSKI,23,6,16,1,
Madison,D109,U.S. House,6,Republican,Adam Perez ARQUETTE,13,1,12,0,
Madison,D109,U.S. House,6,Republican,Ralph ALVARADO,146,50,91,5,
Madison,D109,U.S. House,6,Republican,Steve SHANNON,23,5,17,1,
Madison,D109,U.S. House,6,Republican,Ryan DOTSON,68,16,51,1,
Madison,D109,State Representative,91,Republican,Darrell BILLINGS,146,49,94,3,
Madison,D109,State Representative,91,Republican,Jeff HENSLEY,99,26,68,5,
Madison,D109,County Judge Executive,,Republican,Reagan TAYLOR,152,48,99,5,
Madison,D109,County Judge Executive,,Republican,Charles (Chuck) GIVENS,38,5,31,2,
Madison,D109,County Judge Executive,,Republican,Donna AGEE,108,32,74,2,
Madison,D109,Jailer,,Republican,Larry R. BROCK,97,39,56,2,
Madison,D109,Jailer,,Republican,Doug THOMAS,138,36,97,5,
Madison,D109,Jailer,,Republican,Jonathan Everett KING,19,1,17,1,
Madison,D109,Magistrate,4,Republican,Gary THOMAS,46,11,34,1,
Madison,D109,Magistrate,4,Republican,Debbie VESCIO,62,22,39,1,
Madison,D109,Magistrate,4,Republican,Chris SIPPLE,77,18,57,2,
Madison,D109,Magistrate,4,Republican,Alfred E. WINKLER,72,27,41,4,
Madison,D109,Constable 4Th Magisterial District,,Republican,Greg MAYO,65,20,43,2,
Madison,D109,Constable 4Th Magisterial District,,Republican,Jonathan BROCK,155,48,103,4,
Madison,D109,U.S. Senate,,Democratic,Pamela STEVENSON,28,8,18,2,
Madison,D109,U.S. Senate,,Democratic,Vincent Anthony THOMPSON,3,1,2,0,
Madison,D109,U.S. Senate,,Democratic,Joshua BLANTON SR.,1,0,1,0,
Madison,D109,U.S. Senate,,Democratic,Charles BOOKER,130,36,86,8,
Madison,D109,U.S. Senate,,Democratic,Amy McGRATH,99,24,65,10,
Madison,D109,U.S. Senate,,Democratic,Logan FORSYTHE,6,2,4,0,
Madison,D109,U.S. Senate,,Democratic,Dale Lewis ROMANS,11,7,4,0,
Madison,D109,U.S. House,6,Democratic,Harvey CARROLL JR.,8,1,7,0,
Madison,D109,U.S. House,6,Democratic,David KLOIBER,10,2,8,0,
Madison,D109,U.S. House,6,Democratic,Erin PETREY,44,16,26,2,
Madison,D109,U.S. House,6,Democratic,Cherlynn STEVENSON,89,25,55,9,
Madison,D109,U.S. House,6,Democratic,Jimmy Clifton AUSBROOKS,4,0,4,0,
Madison,D109,U.S. House,6,Democratic,Corey EDWARDS,14,2,12,0,
Madison,D109,U.S. House,6,Democratic,Zach DEMBO,103,31,63,9,
Madison,D109,District Judge,,,Micah JOHNSON,85,25,57,3,
Madison,D109,District Judge,,,Darrian D. BOTTS,72,22,44,6,
Madison,D109,District Judge,,,Tyler S. FRAZIER,377,109,250,18,
Madison,D109,Mayor Richmond,,,Ed McDANIEL,182,52,125,5,
Madison,D109,Mayor Richmond,,,John H. RAKESTRAW,21,2,17,2,
Madison,D109,Mayor Richmond,,,Robert R. BLYTHE,370,107,242,21,
Madison,D109,City Commissioners Richmond,,,Bruce FREDERICK,125,28,95,2,
Madison,D109,City Commissioners Richmond,,,Mendi GOBLE,294,98,182,14,
Madison,D109,City Commissioners Richmond,,,"Myron ""Mike"" EDWARDS",164,53,104,7,
Madison,D109,City Commissioners Richmond,,,Jim NEWBY,254,72,173,9,
Madison,D109,City Commissioners Richmond,,,Mike BREWER,265,66,187,12,
Madison,D109,City Commissioners Richmond,,,Jeffrey DEBARR,100,28,70,2,
Madison,D109,City Commissioners Richmond,,,Stephen DELANEY,144,42,99,3,
Madison,D109,City Commissioners Richmond,,,Tammy W. COLE,278,81,185,12,
Madison,D109,City Commissioners Richmond,,,Krystin ARNOLD,214,58,151,5,
Madison,D110,U.S. Senate,,Republican,A. Nick SHELLEY,2,0,2,0,
Madison,D110,U.S. Senate,,Republican,Anissa CATLETT,0,0,0,0,
Madison,D110,U.S. Senate,,Republican,Daniel CAMERON,9,5,4,0,
Madison,D110,U.S. Senate,,Republican,Jimmy I. LEON,0,0,0,0,
Madison,D110,U.S. Senate,,Republican,Jonathan M. HOLLIDAY,1,1,0,0,
Madison,D110,U.S. Senate,,Republican,James D. DUNCAN,0,0,0,0,
Madison,D110,U.S. Senate,,Republican,Other Donald WENZEL,1,0,1,0,
Madison,D110,U.S. Senate,,Republican,George WASHINGTON,0,0,0,0,
Madison,D110,U.S. Senate,,Republican,Michael James FARIS,0,0,0,0,
Madison,D110,U.S. Senate,,Republican,Andy BARR,8,3,5,0,
Madison,D110,U.S. Senate,,Republican,"Valerie ""Dr Val"" FREDRICK",0,0,0,0,
Madison,D110,U.S. Senate,,Republican,Nate MORRIS,0,0,0,0,
Madison,D110,U.S. House,6,Republican,Gregory George PLUCINSKI,3,1,2,0,
Madison,D110,U.S. House,6,Republican,Adam Perez ARQUETTE,0,0,0,0,
Madison,D110,U.S. House,6,Republican,Ralph ALVARADO,9,4,5,0,
Madison,D110,U.S. House,6,Republican,Steve SHANNON,3,1,2,0,
Madison,D110,U.S. House,6,Republican,Ryan DOTSON,2,2,0,0,
Madison,D110,State Representative,81,Republican,Deanna Frazier GORDON,11,4,7,0,
Madison,D110,State Representative,81,Republican,Andrew SIMPSON,9,5,4,0,
Madison,D110,County Judge Executive,,Republican,Reagan TAYLOR,8,5,3,0,
Madison,D110,County Judge Executive,,Republican,Charles (Chuck) GIVENS,8,4,4,0,
Madison,D110,County Judge Executive,,Republican,Donna AGEE,5,0,5,0,
Madison,D110,Jailer,,Republican,Larry R. BROCK,7,4,3,0,
Madison,D110,Jailer,,Republican,Doug THOMAS,7,5,2,0,
Madison,D110,Jailer,,Republican,Jonathan Everett KING,5,0,5,0,
Madison,D110,Magistrate,4,Republican,Gary THOMAS,3,2,1,0,
Madison,D110,Magistrate,4,Republican,Debbie VESCIO,7,3,4,0,
Madison,D110,Magistrate,4,Republican,Chris SIPPLE,6,1,5,0,
Madison,D110,Magistrate,4,Republican,Alfred E. WINKLER,5,3,2,0,
Madison,D110,Constable 4Th Magisterial District,,Republican,Greg MAYO,4,1,3,0,
Madison,D110,Constable 4Th Magisterial District,,Republican,Jonathan BROCK,14,8,6,0,
Madison,D110,U.S. Senate,,Democratic,Pamela STEVENSON,5,1,3,1,
Madison,D110,U.S. Senate,,Democratic,Vincent Anthony THOMPSON,1,0,1,0,
Madison,D110,U.S. Senate,,Democratic,Joshua BLANTON SR.,0,0,0,0,
Madison,D110,U.S. Senate,,Democratic,Charles BOOKER,30,6,23,1,
Madison,D110,U.S. Senate,,Democratic,Amy McGRATH,18,2,13,3,
Madison,D110,U.S. Senate,,Democratic,Logan FORSYTHE,0,0,0,0,
Madison,D110,U.S. Senate,,Democratic,Dale Lewis ROMANS,1,1,0,0,
Madison,D110,U.S. House,6,Democratic,Harvey CARROLL JR.,2,0,2,0,
Madison,D110,U.S. House,6,Democratic,David KLOIBER,3,1,2,0,
Madison,D110,U.S. House,6,Democratic,Erin PETREY,14,2,12,0,
Madison,D110,U.S. House,6,Democratic,Cherlynn STEVENSON,12,3,8,1,
Madison,D110,U.S. House,6,Democratic,Jimmy Clifton AUSBROOKS,0,0,0,0,
Madison,D110,U.S. House,6,Democratic,Corey EDWARDS,4,1,2,1,
Madison,D110,U.S. House,6,Democratic,Zach DEMBO,17,2,12,3,
Madison,D110,District Judge,,,Micah JOHNSON,9,2,7,0,
Madison,D110,District Judge,,,Darrian D. BOTTS,24,3,18,3,
Madison,D110,District Judge,,,Tyler S. FRAZIER,43,11,30,2,
Madison,D110,Mayor Richmond,,,Ed McDANIEL,29,8,21,0,
Madison,D110,Mayor Richmond,,,John H. RAKESTRAW,4,2,2,0,
Madison,D110,Mayor Richmond,,,Robert R. BLYTHE,45,9,31,5,
Madison,D110,City Commissioners Richmond,,,Bruce FREDERICK,10,2,8,0,
Madison,D110,City Commissioners Richmond,,,Mendi GOBLE,33,7,24,2,
Madison,D110,City Commissioners Richmond,,,"Myron ""Mike"" EDWARDS",25,6,17,2,
Madison,D110,City Commissioners Richmond,,,Jim NEWBY,32,6,25,1,
Madison,D110,City Commissioners Richmond,,,Mike BREWER,38,12,26,0,
Madison,D110,City Commissioners Richmond,,,Jeffrey DEBARR,11,5,5,1,
Madison,D110,City Commissioners Richmond,,,Stephen DELANEY,20,5,13,2,
Madison,D110,City Commissioners Richmond,,,Tammy W. COLE,32,9,22,1,
Madison,D110,City Commissioners Richmond,,,Krystin ARNOLD,31,10,20,1,
Madison,D111,U.S. Senate,,Republican,A. Nick SHELLEY,0,0,0,0,
Madison,D111,U.S. Senate,,Republican,Anissa CATLETT,3,1,2,0,
Madison,D111,U.S. Senate,,Republican,Daniel CAMERON,69,26,43,0,
Madison,D111,U.S. Senate,,Republican,Jimmy I. LEON,2,1,1,0,
Madison,D111,U.S. Senate,,Republican,Jonathan M. HOLLIDAY,4,1,3,0,
Madison,D111,U.S. Senate,,Republican,James D. DUNCAN,0,0,0,0,
Madison,D111,U.S. Senate,,Republican,Other Donald WENZEL,1,1,0,0,
Madison,D111,U.S. Senate,,Republican,George WASHINGTON,1,0,1,0,
Madison,D111,U.S. Senate,,Republican,Michael James FARIS,5,1,4,0,
Madison,D111,U.S. Senate,,Republican,Andy BARR,216,64,145,7,
Madison,D111,U.S. Senate,,Republican,"Valerie ""Dr Val"" FREDRICK",2,0,2,0,
Madison,D111,U.S. Senate,,Republican,Nate MORRIS,4,0,4,0,
Madison,D111,U.S. House,6,Republican,Gregory George PLUCINSKI,26,9,17,0,
Madison,D111,U.S. House,6,Republican,Adam Perez ARQUETTE,3,0,3,0,
Madison,D111,U.S. House,6,Republican,Ralph ALVARADO,166,61,105,0,
Madison,D111,U.S. House,6,Republican,Steve SHANNON,10,2,8,0,
Madison,D111,U.S. House,6,Republican,Ryan DOTSON,84,17,60,7,
Madison,D111,State Representative,81,Republican,Deanna Frazier GORDON,224,72,145,7,
Madison,D111,State Representative,81,Republican,Andrew SIMPSON,60,14,46,0,
Madison,D111,County Judge Executive,,Republican,Reagan TAYLOR,138,52,85,1,
Madison,D111,County Judge Executive,,Republican,Charles (Chuck) GIVENS,38,9,27,2,
Madison,D111,County Judge Executive,,Republican,Donna AGEE,127,37,87,3,
Madison,D111,Jailer,,Republican,Larry R. BROCK,127,31,92,4,
Madison,D111,Jailer,,Republican,Doug THOMAS,120,41,76,3,
Madison,D111,Jailer,,Republican,Jonathan Everett KING,27,9,18,0,
Madison,D111,Magistrate,4,Republican,Gary THOMAS,55,15,37,3,
Madison,D111,Magistrate,4,Republican,Debbie VESCIO,107,29,75,3,
Madison,D111,Magistrate,4,Republican,Chris SIPPLE,49,19,30,0,
Madison,D111,Magistrate,4,Republican,Alfred E. WINKLER,80,25,54,1,
Madison,D111,Constable 4Th Magisterial District,,Republican,Greg MAYO,75,17,57,1,
Madison,D111,Constable 4Th Magisterial District,,Republican,Jonathan BROCK,174,51,119,4,
Madison,D111,U.S. Senate,,Democratic,Pamela STEVENSON,13,3,10,0,
Madison,D111,U.S. Senate,,Democratic,Vincent Anthony THOMPSON,5,1,4,0,
Madison,D111,U.S. Senate,,Democratic,Joshua BLANTON SR.,0,0,0,0,
Madison,D111,U.S. Senate,,Democratic,Charles BOOKER,77,17,52,8,
Madison,D111,U.S. Senate,,Democratic,Amy McGRATH,86,23,56,7,
Madison,D111,U.S. Senate,,Democratic,Logan FORSYTHE,8,4,4,0,
Madison,D111,U.S. Senate,,Democratic,Dale Lewis ROMANS,12,3,8,1,
Madison,D111,U.S. House,6,Democratic,Harvey CARROLL JR.,8,3,5,0,
Madison,D111,U.S. House,6,Democratic,David KLOIBER,7,1,6,0,
Madison,D111,U.S. House,6,Democratic,Erin PETREY,35,4,30,1,
Madison,D111,U.S. House,6,Democratic,Cherlynn STEVENSON,45,14,24,7,
Madison,D111,U.S. House,6,Democratic,Jimmy Clifton AUSBROOKS,4,0,4,0,
Madison,D111,U.S. House,6,Democratic,Corey EDWARDS,11,4,7,0,
Madison,D111,U.S. House,6,Democratic,Zach DEMBO,84,25,51,8,
Madison,D111,District Judge,,,Micah JOHNSON,64,11,50,3,
Madison,D111,District Judge,,,Darrian D. BOTTS,64,18,43,3,
Madison,D111,District Judge,,,Tyler S. FRAZIER,332,98,224,10,
Madison,D111,Mayor Richmond,,,Ed McDANIEL,36,5,27,4,
Madison,D111,Mayor Richmond,,,John H. RAKESTRAW,5,1,4,0,
Madison,D111,Mayor Richmond,,,Robert R. BLYTHE,49,13,34,2,
Madison,D111,City Commissioners Richmond,,,Bruce FREDERICK,26,5,19,2,
Madison,D111,City Commissioners Richmond,,,Mendi GOBLE,35,8,24,3,
Madison,D111,City Commissioners Richmond,,,"Myron ""Mike"" EDWARDS",14,2,11,1,
Madison,D111,City Commissioners Richmond,,,Jim NEWBY,46,9,36,1,
Madison,D111,City Commissioners Richmond,,,Mike BREWER,42,9,29,4,
Madison,D111,City Commissioners Richmond,,,Jeffrey DEBARR,11,3,8,0,
Madison,D111,City Commissioners Richmond,,,Stephen DELANEY,19,2,15,2,
Madison,D111,City Commissioners Richmond,,,Tammy W. COLE,49,11,35,3,
Madison,D111,City Commissioners Richmond,,,Krystin ARNOLD,39,6,32,1,
Madison,D112,U.S. Senate,,Republican,A. Nick SHELLEY,1,0,1,0,
Madison,D112,U.S. Senate,,Republican,Anissa CATLETT,7,3,4,0,
Madison,D112,U.S. Senate,,Republican,Daniel CAMERON,67,17,49,1,
Madison,D112,U.S. Senate,,Republican,Jimmy I. LEON,0,0,0,0,
Madison,D112,U.S. Senate,,Republican,Jonathan M. HOLLIDAY,4,0,4,0,
Madison,D112,U.S. Senate,,Republican,James D. DUNCAN,1,0,1,0,
Madison,D112,U.S. Senate,,Republican,Other Donald WENZEL,0,0,0,0,
Madison,D112,U.S. Senate,,Republican,George WASHINGTON,2,0,2,0,
Madison,D112,U.S. Senate,,Republican,Michael James FARIS,4,1,3,0,
Madison,D112,U.S. Senate,,Republican,Andy BARR,198,48,143,7,
Madison,D112,U.S. Senate,,Republican,"Valerie ""Dr Val"" FREDRICK",5,2,3,0,
Madison,D112,U.S. Senate,,Republican,Nate MORRIS,7,3,4,0,
Madison,D112,U.S. House,6,Republican,Gregory George PLUCINSKI,24,11,11,2,
Madison,D112,U.S. House,6,Republican,Adam Perez ARQUETTE,3,0,3,0,
Madison,D112,U.S. House,6,Republican,Ralph ALVARADO,145,30,112,3,
Madison,D112,U.S. House,6,Republican,Steve SHANNON,19,4,14,1,
Madison,D112,U.S. House,6,Republican,Ryan DOTSON,80,20,59,1,
Madison,D112,State Representative,81,Republican,Deanna Frazier GORDON,199,51,142,6,
Madison,D112,State Representative,81,Republican,Andrew SIMPSON,79,19,58,2,
Madison,D112,County Judge Executive,,Republican,Reagan TAYLOR,130,30,95,5,
Madison,D112,County Judge Executive,,Republican,Charles (Chuck) GIVENS,53,7,45,1,
Madison,D112,County Judge Executive,,Republican,Donna AGEE,107,33,72,2,
Madison,D112,Jailer,,Republican,Larry R. BROCK,111,27,80,4,
Madison,D112,Jailer,,Republican,Doug THOMAS,123,33,87,3,
Madison,D112,Jailer,,Republican,Jonathan Everett KING,28,4,24,0,
Madison,D112,Magistrate,4,Republican,Gary THOMAS,53,12,40,1,
Madison,D112,Magistrate,4,Republican,Debbie VESCIO,106,31,74,1,
Madison,D112,Magistrate,4,Republican,Chris SIPPLE,47,11,36,0,
Madison,D112,Magistrate,4,Republican,Alfred E. WINKLER,73,18,49,6,
Madison,D112,Constable 4Th Magisterial District,,Republican,Greg MAYO,65,16,46,3,
Madison,D112,Constable 4Th Magisterial District,,Republican,Jonathan BROCK,174,46,124,4,
Madison,D112,U.S. Senate,,Democratic,Pamela STEVENSON,16,4,10,2,
Madison,D112,U.S. Senate,,Democratic,Vincent Anthony THOMPSON,3,2,1,0,
Madison,D112,U.S. Senate,,Democratic,Joshua BLANTON SR.,0,0,0,0,
Madison,D112,U.S. Senate,,Democratic,Charles BOOKER,80,22,53,5,
Madison,D112,U.S. Senate,,Democratic,Amy McGRATH,57,19,31,7,
Madison,D112,U.S. Senate,,Democratic,Logan FORSYTHE,4,2,2,0,
Madison,D112,U.S. Senate,,Democratic,Dale Lewis ROMANS,9,4,5,0,
Madison,D112,U.S. House,6,Democratic,Harvey CARROLL JR.,4,0,3,1,
Madison,D112,U.S. House,6,Democratic,David KLOIBER,7,5,2,0,
Madison,D112,U.S. House,6,Democratic,Erin PETREY,24,6,16,2,
Madison,D112,U.S. House,6,Democratic,Cherlynn STEVENSON,49,9,36,4,
Madison,D112,U.S. House,6,Democratic,Jimmy Clifton AUSBROOKS,1,1,0,0,
Madison,D112,U.S. House,6,Democratic,Corey EDWARDS,4,1,3,0,
Madison,D112,U.S. House,6,Democratic,Zach DEMBO,75,31,37,7,
Madison,D112,District Judge,,,Micah JOHNSON,47,12,31,4,
Madison,D112,District Judge,,,Darrian D. BOTTS,68,14,50,4,
Madison,D112,District Judge,,,Tyler S. FRAZIER,330,93,222,15,
Madison,D112,Mayor Richmond,,,Ed McDANIEL,11,8,3,0,
Madison,D112,Mayor Richmond,,,John H. RAKESTRAW,0,0,0,0,
Madison,D112,Mayor Richmond,,,Robert R. BLYTHE,22,6,15,1,
Madison,D112,City Commissioners Richmond,,,Bruce FREDERICK,9,4,5,0,
Madison,D112,City Commissioners Richmond,,,Mendi GOBLE,14,5,8,1,
Madison,D112,City Commissioners Richmond,,,"Myron ""Mike"" EDWARDS",6,3,2,1,
Madison,D112,City Commissioners Richmond,,,Jim NEWBY,15,7,8,0,
Madison,D112,City Commissioners Richmond,,,Mike BREWER,9,5,3,1,
Madison,D112,City Commissioners Richmond,,,Jeffrey DEBARR,2,0,2,0,
Madison,D112,City Commissioners Richmond,,,Stephen DELANEY,7,2,4,1,
Madison,D112,City Commissioners Richmond,,,Tammy W. COLE,10,5,5,0,
Madison,D112,City Commissioners Richmond,,,Krystin ARNOLD,10,5,5,0,
Madison,D113,U.S. Senate,,Republican,A. Nick SHELLEY,1,0,1,0,
Madison,D113,U.S. Senate,,Republican,Anissa CATLETT,1,1,0,0,
Madison,D113,U.S. Senate,,Republican,Daniel CAMERON,49,13,33,3,
Madison,D113,U.S. Senate,,Republican,Jimmy I. LEON,1,1,0,0,
Madison,D113,U.S. Senate,,Republican,Jonathan M. HOLLIDAY,1,0,1,0,
Madison,D113,U.S. Senate,,Republican,James D. DUNCAN,0,0,0,0,
Madison,D113,U.S. Senate,,Republican,Other Donald WENZEL,0,0,0,0,
Madison,D113,U.S. Senate,,Republican,George WASHINGTON,1,1,0,0,
Madison,D113,U.S. Senate,,Republican,Michael James FARIS,1,0,1,0,
Madison,D113,U.S. Senate,,Republican,Andy BARR,108,24,84,0,
Madison,D113,U.S. Senate,,Republican,"Valerie ""Dr Val"" FREDRICK",1,1,0,0,
Madison,D113,U.S. Senate,,Republican,Nate MORRIS,5,0,5,0,
Madison,D113,U.S. House,6,Republican,Gregory George PLUCINSKI,12,4,8,0,
Madison,D113,U.S. House,6,Republican,Adam Perez ARQUETTE,3,1,2,0,
Madison,D113,U.S. House,6,Republican,Ralph ALVARADO,84,20,64,0,
Madison,D113,U.S. House,6,Republican,Steve SHANNON,8,1,7,0,
Madison,D113,U.S. House,6,Republican,Ryan DOTSON,46,9,35,2,
Madison,D113,State Representative,81,Republican,Deanna Frazier GORDON,117,25,92,0,
Madison,D113,State Representative,81,Republican,Andrew SIMPSON,39,14,22,3,
Madison,D113,County Judge Executive,,Republican,Reagan TAYLOR,75,20,55,0,
Madison,D113,County Judge Executive,,Republican,Charles (Chuck) GIVENS,23,4,18,1,
Madison,D113,County Judge Executive,,Republican,Donna AGEE,64,15,47,2,
Madison,D113,Jailer,,Republican,Larry R. BROCK,81,19,60,2,
Madison,D113,Jailer,,Republican,Doug THOMAS,65,20,45,0,
Madison,D113,Jailer,,Republican,Jonathan Everett KING,11,2,9,0,
Madison,D113,Magistrate,4,Republican,Gary THOMAS,33,11,22,0,
Madison,D113,Magistrate,4,Republican,Debbie VESCIO,55,17,36,2,
Madison,D113,Magistrate,4,Republican,Chris SIPPLE,30,6,24,0,
Madison,D113,Magistrate,4,Republican,Alfred E. WINKLER,40,6,33,1,
Madison,D113,Constable 4Th Magisterial District,,Republican,Greg MAYO,45,8,37,0,
Madison,D113,Constable 4Th Magisterial District,,Republican,Jonathan BROCK,96,28,68,0,
Madison,D113,U.S. Senate,,Democratic,Pamela STEVENSON,8,4,4,0,
Madison,D113,U.S. Senate,,Democratic,Vincent Anthony THOMPSON,0,0,0,0,
Madison,D113,U.S. Senate,,Democratic,Joshua BLANTON SR.,4,1,3,0,
Madison,D113,U.S. Senate,,Democratic,Charles BOOKER,61,23,37,1,
Madison,D113,U.S. Senate,,Democratic,Amy McGRATH,44,12,26,6,
Madison,D113,U.S. Senate,,Democratic,Logan FORSYTHE,6,2,3,1,
Madison,D113,U.S. Senate,,Democratic,Dale Lewis ROMANS,8,1,6,1,
Madison,D113,U.S. House,6,Democratic,Harvey CARROLL JR.,5,1,4,0,
Madison,D113,U.S. House,6,Democratic,David KLOIBER,6,1,4,1,
Madison,D113,U.S. House,6,Democratic,Erin PETREY,13,5,8,0,
Madison,D113,U.S. House,6,Democratic,Cherlynn STEVENSON,29,11,17,1,
Madison,D113,U.S. House,6,Democratic,Jimmy Clifton AUSBROOKS,2,0,2,0,
Madison,D113,U.S. House,6,Democratic,Corey EDWARDS,8,1,7,0,
Madison,D113,U.S. House,6,Democratic,Zach DEMBO,64,24,33,7,
Madison,D113,District Judge,,,Micah JOHNSON,31,12,18,1,
Madison,D113,District Judge,,,Darrian D. BOTTS,30,8,18,4,
Madison,D113,District Judge,,,Tyler S. FRAZIER,219,57,156,6,
Madison,D113,Mayor Richmond,,,Ed McDANIEL,1,1,0,0,
Madison,D113,Mayor Richmond,,,John H. RAKESTRAW,0,0,0,0,
Madison,D113,Mayor Richmond,,,Robert R. BLYTHE,0,0,0,0,
Madison,D113,City Commissioners Richmond,,,Bruce FREDERICK,1,1,0,0,
Madison,D113,City Commissioners Richmond,,,Mendi GOBLE,0,0,0,0,
Madison,D113,City Commissioners Richmond,,,"Myron ""Mike"" EDWARDS",0,0,0,0,
Madison,D113,City Commissioners Richmond,,,Jim NEWBY,1,1,0,0,
Madison,D113,City Commissioners Richmond,,,Mike BREWER,1,1,0,0,
Madison,D113,City Commissioners Richmond,,,Jeffrey DEBARR,0,0,0,0,
Madison,D113,City Commissioners Richmond,,,Stephen DELANEY,0,0,0,0,
Madison,D113,City Commissioners Richmond,,,Tammy W. COLE,0,0,0,0,
Madison,D113,City Commissioners Richmond,,,Krystin ARNOLD,1,1,0,0,
